# IGP24 class field sweep: deg6.
43862800,-13162880,-20940864,15075440,28220360,-13664216,-30447704,-886228,18005673,6660310,-5722134,-3745418,1068497,1223562,6379,-238204,-64984,17508,16581,4034,-317,-330,-35,6,1 # cft deg6 r=4
128473,293691,7877,-711414,-366244,363531,916138,-85785,-567456,-714273,957840,90684,-271008,-189354,212184,11805,-65019,14751,7108,-3252,-109,246,-25,-6,1 # cft deg6 r=4
-33633,-85011,154276,-159676,50762,647509,-1160684,1373802,-1219395,-68472,1265427,-1466806,1040404,-327617,-105235,120998,-39126,5091,2241,-2082,475,110,-46,-2,1 # cft deg6 r=8
1021,6227,-7331,-22670,34902,12724,-118028,-73752,3710,-138100,-188958,-42887,40691,-3616,12696,49426,32006,9774,3844,1346,-204,-247,-38,4,1 # cft deg6 r=8
-8634807,70022358,-268692978,642209427,-1050414542,1201365835,-908183851,315519907,205372398,-395903155,296691854,-117326055,7935004,17575479,-8786956,565293,1097554,-472983,53096,16664,-5904,370,107,-20,1 # cft deg6 r=4
-17253,-15552,-140130,105543,245997,-926559,2414205,-4688739,7030152,-9074322,10434060,-10339452,8831277,-6520671,4181229,-2216319,907896,-244182,24406,10299,-4263,403,75,-18,1 # cft deg6 r=4
67101,523230,100894,-2182104,41460,1539932,1366849,-286156,-1638887,-85170,609493,74430,-70072,-62700,-41622,13054,23564,4268,1402,2118,825,-14,-43,-2,1 # cft deg6 r=4
-1587671,-15500453,-51961245,-97811763,-122012620,-113906203,-88219088,-58031465,-25742738,-374495,5785565,-2360959,-8051719,-5068354,-159905,1266338,505487,-40040,-62604,-5602,3247,422,-81,-8,1 # cft deg6 r=4
-2403,83880,26553,-481230,-578198,422918,190502,-332414,164482,237858,-205613,-134002,112195,54366,-36330,-17930,8181,4430,-1257,-808,147,98,-13,-6,1 # cft deg6 r=4
2555541,-8524098,13970745,-17322774,17802385,-12881492,4493558,2133434,-4736212,4313766,-2699245,1209968,-315745,-52082,120469,-81066,34496,-9172,612,788,-427,92,3,-6,1 # cft deg6 r=4
15572097,-94989918,214309972,-248992204,142060666,-207520,-60131004,38681066,-1997860,-8835604,3885002,971280,-1076186,90054,207196,-58660,-27746,18320,-300,-2194,500,68,-34,0,1 # cft deg6 r=4
224775,-493290,-11097,-209790,1671030,437805,-578529,-1165698,393957,2538513,536949,-1189890,-259047,444249,230142,-3834,-38925,-14370,106,1764,432,-64,-36,0,1 # cft deg6 r=4
729,0,4374,0,13689,0,24219,0,22302,0,10044,0,1710,0,-1377,0,-807,0,30,0,-110,0,-17,0,1 # cft deg6 r=4
14415759,-10011672,780177,38781342,-3275687,-75006254,77462319,-30620424,10017792,-13897052,20249090,-19202706,13312443,-7421054,3528653,-1449456,523024,-162952,44615,-10760,2356,-472,82,-12,1 # cft deg6 r=0
251187,-889239,1707019,-2053590,-597574,3542111,6464657,1646313,-2871233,-4310373,-3007768,-1264096,424592,1275741,1226724,743706,326742,106613,24354,2665,-591,-323,-41,4,1 # cft deg6 r=0
5308416,0,14598144,0,5529600,0,-14045184,0,-5619456,0,8955648,0,2025888,0,-1993860,0,570361,0,-70890,0,4427,0,-114,0,1 # cft deg6 r=0
302456487,-515435286,388534126,-219941528,73899063,203571192,71100487,101020344,44818792,15189384,11784360,3552088,2578392,1255212,507959,213526,65355,24102,6678,2034,476,50,15,2,1 # cft deg6 r=0
17262099,44814924,119852145,228768336,367298055,456281028,465046374,386898222,271476342,162096342,84194173,38878672,16340941,6465892,2481379,923650,337760,113348,35348,9788,2309,482,79,10,1 # cft deg6 r=0
590448,-2741280,5147344,-4346096,563164,1703112,-462620,-918248,29307,1166282,-614412,-464327,608868,-94054,-159291,90097,-2223,-15013,7359,-608,-992,273,34,-14,1 # cft deg6 r=0
1296,6480,7776,12960,121068,363420,438264,241704,216837,212391,113319,-64908,206553,-38217,175974,-202107,68806,-26895,11744,1611,-2010,189,83,-18,1 # cft deg6 r=0
944784,-1259712,244944,454896,-224532,104976,1423980,172044,384993,1037934,822798,46818,289926,400761,71226,-134460,-57069,18153,13122,-1584,-1581,213,78,-18,1 # cft deg6 r=0
51529,0,1928070,0,13868345,0,37137126,0,45075818,0,28435446,0,10204169,0,2125962,0,215450,0,7818,0,329,0,-6,0,1 # cft deg6 r=0
6813,-33138,58293,-35703,-17514,11643,89511,-179844,150571,-36161,-39487,36529,-3520,-7624,4092,434,-186,427,-142,50,93,7,-6,0,1 # cft deg6 r=0
1321,0,17173,0,53749,0,34420,0,-74368,0,-97352,0,-1430,0,28649,0,2015,0,-1765,0,-62,0,20,0,1 # cft deg6 r=8
107001,0,23778,0,-1123447,0,-2169971,0,-605868,0,2099515,0,2598013,0,1291731,0,289220,0,17797,0,-1995,0,-62,0,1 # cft deg6 r=8
3888,19416,4016,-81988,-50659,153426,102716,-176264,-110137,145286,82655,-85436,-47982,34078,21670,-8692,-8010,592,2069,462,-221,-118,-6,6,1 # cft deg6 r=8
707328,-6230656,13453888,8574432,-34935328,-17833368,42571724,28809472,-30815577,-22845400,13748301,10255006,-3751744,-2914016,608634,550790,-50541,-69704,109,5714,391,-276,-34,6,1 # cft deg6 r=8
1,15,-208,-288,5170,-5843,-23568,63525,-49650,-8160,46770,-62161,60505,-20852,-30221,41503,-17970,-2090,5297,-1885,-12,159,-25,-4,1 # cft deg6 r=12
234387,-1151433,1005142,8406052,-38249083,85105537,-119594945,109702863,-59305592,6604276,18221510,-17120855,7539362,-1037945,-782727,518960,-109968,-19850,17752,-3120,-627,300,-14,-8,1 # cft deg6 r=4
14637409,-35169246,43412337,-70186036,126935880,-150415190,147095336,-111987570,63486771,-26450236,4543115,2647798,-2526072,1137686,-147336,-71428,70701,-21198,4360,500,-193,80,8,0,1 # cft deg6 r=0
759553,5332478,20699421,52710246,99779456,144672256,169800869,163109770,133975099,92272854,57026307,29256416,14508726,5549750,2387718,655044,270628,54568,21548,4282,1163,288,42,8,1 # cft deg6 r=0
1369,34706,276189,448704,5780,-89777,13612,-67627,367630,-511867,-65449,558859,-506347,320038,-158687,40987,8594,-11923,7065,-3314,733,79,-54,2,1 # cft deg6 r=4
15091,416945,2399411,2780411,-4059366,-15758957,-23756730,-21374877,-13417189,-9444643,-7006586,-405587,4857131,3649723,292859,-793920,-329081,20400,40354,5854,-1669,-500,2,12,1 # cft deg6 r=12
8161,95895,395125,997585,1738476,2160746,1986767,1362377,624732,81036,-147429,-141476,-54930,5269,16589,6536,-532,-1538,-467,181,125,-5,-15,0,1 # cft deg6 r=4
20356473,12924564,89651923,32778492,134064025,35010516,93430363,15112770,35469165,624048,7635380,-1499270,1039532,-436706,184754,-32816,40464,456,4321,-104,380,52,38,4,1 # cft deg6 r=0
574225,-1005860,4169601,925722,13173446,-2853292,18849239,1041494,23555461,624768,15647535,1796512,4393632,1174366,524730,270996,18400,20354,830,-1258,455,-240,42,-8,1 # cft deg6 r=0
16,136,-564,-6582,695,122093,224986,221161,50149,17026,-19660,57452,17795,30797,-5576,-1507,-4468,-1151,363,104,136,11,-24,-2,1 # cft deg6 r=4
-470243,3846860,-12675526,23165471,-26540951,21342765,-14650502,9154204,-3863243,523457,258688,-370494,402172,-251346,105062,-35266,10485,817,-2693,1216,-501,166,-36,0,1 # cft deg6 r=8
-4049,13135,-27132,70004,-8645,175285,7226,228348,-141198,-356108,-42662,25173,-47593,-3238,-16013,5341,16084,-4950,-313,318,-160,-87,12,8,1 # cft deg6 r=4
992512,-911616,3185408,-4556672,2651744,-2500688,4737756,3678844,5735695,7520916,7680589,7333264,5819145,3831828,2191678,1047548,440919,164308,53906,15630,3776,718,112,12,1 # cft deg6 r=0
9383877,50584878,137130219,224801118,255099420,209563332,135436813,57899814,12330762,-8925744,-10860843,-6926568,-2708122,-538434,165192,225448,135621,63684,25012,8502,2421,550,96,12,1 # cft deg6 r=0
82503,-423291,517211,358821,-1621048,1542690,-118777,-1261212,1097937,424281,-1315410,892055,-219285,-43828,47949,-16498,3135,63,-252,117,-83,27,7,-6,1 # cft deg6 r=4
-597,-5904,-860,90957,75420,-108676,-195443,99652,249166,-190687,-141636,165436,16299,-50087,711,6313,4775,-546,-1745,-54,527,-129,-22,8,1 # cft deg6 r=8
15049,54475,-61410,61271,461006,-173346,-626430,785083,1229591,-1057601,-1410256,206465,761739,119671,-172107,-55814,15677,9947,-554,-1382,128,80,-2,0,1 # cft deg6 r=4
17004423,-74379216,149270443,-153484682,132425844,-109265984,74739653,-50679968,36254721,-10468820,14806219,1344266,5512802,1532232,1548660,496402,288226,85096,32616,8350,2151,458,78,12,1 # cft deg6 r=0
12262023,61155000,155145537,235265598,238265922,149396370,51409045,-9724434,-13312236,-1436502,7699005,7322772,4035860,1733718,656304,279256,136839,63792,26164,8862,2457,550,96,12,1 # cft deg6 r=0
4500233,35973333,139733634,350349996,631043883,856710114,892888652,711475254,419376858,165831574,29127654,-9005394,-5889438,348093,1307196,429733,9387,-8622,11296,5787,495,-201,-27,6,1 # cft deg6 r=4
924688,8845376,38813912,101430562,180858121,235222756,223512440,144258844,43622560,-26119592,-42755798,-26110814,-5529337,2946210,2553624,560584,-63258,-5334,23702,8662,1513,286,72,12,1 # cft deg6 r=0
1369,0,112258,0,762385,0,2298292,0,3935662,0,4200930,0,2902978,0,1308377,0,377987,0,66777,0,6528,0,275,0,1 # cft deg6 r=0
-404,270,2809,-5360,88,25030,-26818,-8496,76536,-22964,-71458,57534,50988,-47258,-25862,23143,10576,-6458,-2763,1252,627,-43,-42,0,1 # cft deg6 r=8
2284,-21510,16047,31414,49200,23697,-246454,91447,127496,-128786,186595,-141476,-89765,154290,-15823,-56541,19368,9783,-5372,-783,696,23,-43,0,1 # cft deg6 r=12
198999,733140,-216963,-1100640,845572,-709236,-1712757,2200480,420352,-1846514,627305,728934,-321574,-73666,56640,-28330,-7821,4648,-804,-232,305,6,-22,2,1 # cft deg6 r=12
44309568,-443002688,1879177024,-4309307488,5739891992,-4453729248,1922110648,-415433312,84186743,-47132824,-16186329,36729488,-16814167,1947906,769332,-225666,-11957,3328,4912,-908,-600,238,-8,-8,1 # cft deg6 r=4
-25353,16605,98613,-2081955,18262834,-101612734,176112536,-126961984,-1243547,62597935,-25290488,-13265354,9857392,1238454,-1948500,6002,250457,-16954,-22149,2320,1284,-144,-48,4,1 # cft deg6 r=4
-12537027,40890378,-63987817,72392301,-68643034,58736127,-44149258,28708894,-16428769,8433548,-3713595,1186451,-135571,-131081,125271,-76970,36977,-11746,848,1309,-716,173,-11,-4,1 # cft deg6 r=4
17419243,24162302,54641874,48950806,31983717,3411904,-1698,2102082,4929390,1339764,-186378,-412954,188428,111516,23767,-26546,-1185,1466,1565,-182,-56,-42,13,6,1 # cft deg6 r=0
375481,1762009,9398555,6845867,14953324,7960370,4756532,1303004,-1207239,-1793157,-662472,-168164,40368,106836,47528,-19090,-14615,2390,4113,800,-266,-128,-4,6,1 # cft deg6 r=0
49167,-1115073,4686219,-5055297,-3484274,9373224,-1530030,-7449592,3749251,3527375,-2971702,-878160,1341614,17128,-361500,49480,58173,-12352,-5571,1138,356,-18,-22,-2,1 # cft deg6 r=12
1032368,-8436160,26353120,-27730848,-19108428,81887904,-98118352,58111640,-3419941,-32079854,42042655,-32393449,17423481,-6953533,1726085,4645,-185813,79937,-13985,-3639,1905,-33,-67,2,1 # cft deg6 r=4
16875,-420375,3069950,-6739285,1865477,10607127,-8832729,-10273733,14558841,3595848,-10901547,440377,4509681,-627293,-1169603,178816,200772,-23955,-22626,1526,1566,-38,-60,0,1 # cft deg6 r=8
97,2093,2330,20604,44254,122966,211893,168836,-7489,-303120,-324035,148412,334541,-10401,-164904,-17225,45905,6617,-7687,-1030,774,74,-43,-2,1 # cft deg6 r=8
-843389,-4172743,-7143333,-3063596,6190130,8929999,1881610,-3942558,-1592591,2463205,1722882,-1124829,-1655670,-386889,358836,225563,-9035,-42762,-8657,3194,1304,-31,-60,-2,1 # cft deg6 r=8
25895052,57364038,346555827,-307089792,77997492,62029638,-109882305,64600443,-1694925,-25242192,16495947,227187,-4359411,1510785,347307,-345924,28035,34029,-8575,-1448,913,22,-48,0,1 # cft deg6 r=4
-3,-81,257,930,-1566,-6315,1458,17791,11576,-12053,-16960,-10216,-10798,-2202,6286,5997,3331,-1015,-1796,16,331,4,-29,0,1 # cft deg6 r=8
-1807585300,7360807110,-11805520343,7046089136,4741535572,-13821741609,14829707828,-9333744609,2529140357,1370487777,-1995298662,1202397543,-425521951,60822389,19457414,-10265082,600954,549596,-88778,-16776,3938,309,-86,-4,1 # cft deg6 r=4
543897,-441369,-526365,334953,646690,-347850,-565043,284907,449990,-216690,-281339,123168,149164,-50871,-61539,14190,20032,-2040,-4685,-99,725,117,-35,-6,1 # cft deg6 r=0
144,-504,-564,2202,721,3558,5245,-1616,6714,3658,2637,2517,11133,-14679,15705,-9225,4602,-1269,312,161,-48,29,1,-6,1 # cft deg6 r=0
51529,156176,12424,-45467,393346,209686,10338,156251,351605,51138,66273,75856,86939,-3927,22173,-1857,9157,-3774,58,-621,209,145,-25,-6,1 # cft deg6 r=0
-4528,24768,-38920,46650,-105931,67603,11498,29835,-39849,-30807,13810,15819,4942,-6947,-9328,3298,6146,-780,-2092,-8,364,25,-30,-2,1 # cft deg6 r=8
1,-7285,38847,-57688,103391,-181226,177319,-53136,-52167,-15755,79779,-23642,-23513,16880,8240,-9810,-1368,2057,-240,-262,200,10,-26,0,1 # cft deg6 r=8
-3490356,-17827980,-39685289,-50571864,-52279864,-52997732,-34693447,-21863883,-8269247,-1145808,2478229,3329901,2249177,933355,125907,-92814,-65935,-18385,-21,1534,429,-4,-24,-4,1 # cft deg6 r=4
667648,-2002944,779264,3112384,-521296,-8477160,11962264,-10582960,9552561,-7652270,5125407,-2971018,1756279,-966758,433843,-179132,84894,-32908,10927,-2700,651,-104,34,-4,1 # cft deg6 r=0
2250928,-516568,7823536,2146246,16274837,-1709336,22965070,-4553434,20951906,-4772332,11633317,-2736878,3716765,-917114,651913,-146920,62516,-19852,8029,-3542,1139,-332,67,-10,1 # cft deg6 r=0
1,-29,224,-128,-3238,2403,-3782,21657,-35632,33524,-34894,26459,-8509,10444,-13861,5197,944,-2832,1915,-525,2,95,-19,-4,1 # cft deg6 r=4
-65493332,187733138,-109623663,-324266405,466391350,346171609,-619982771,-119276314,309005096,10068855,-42782524,-36148603,15632961,6549489,-1418047,-1436757,177901,190966,-30959,-11445,2282,327,-75,-4,1 # cft deg6 r=8
-432,2160,-5292,4428,2133,-6309,-25418,66619,-64178,4529,27660,-20293,-2533,5871,19863,5388,-3490,-6451,-3663,-1284,-165,46,34,8,1 # cft deg6 r=4
1906032,12894792,37357192,62612746,73645293,80465602,100740147,125127578,141181032,134363272,108376109,74573172,44259870,22854650,10341068,4102632,1436983,439260,118600,27342,5537,902,128,12,1 # cft deg6 r=0
675568,-698360,602512,-2225218,11774021,-9630850,12816838,-4668788,13224620,2330032,6580306,710102,972236,-383314,-99809,-153812,-27250,-11660,3022,1868,1028,302,67,10,1 # cft deg6 r=0
9,543,8521,-19752,64376,1197,120519,54161,14895,-112435,-214933,-297216,-265515,-191086,-104897,-34702,1588,7466,4524,1436,-38,-185,-32,4,1 # cft deg6 r=4
-20354121,29110596,22383937,-36269511,3082831,634227,-20385773,24818609,17471660,-20544274,-8929580,8649921,3297375,-2249812,-891219,367275,169271,-34545,-20956,1352,1506,16,-57,-2,1 # cft deg6 r=4
8871,49494,175402,634820,1792808,3234345,3355327,1170938,-1808885,-3000744,-1822687,-12174,785715,540355,82456,-103571,-76930,-19519,2211,2854,685,-50,-49,-2,1 # cft deg6 r=8
-4073,137241,-415248,-447871,1717746,587748,-2682978,85303,2668508,-1244060,-2086721,1562401,920387,-911096,-180616,238316,19823,-37181,-116,3390,211,-160,-14,2,1 # cft deg6 r=8
2719,13996,129032,380682,1547064,2811773,4857717,7217484,6802373,2918520,-1153535,-2513768,-1603899,-361083,218022,236127,88352,-1211,-15349,-6000,-485,338,125,18,1 # cft deg6 r=4
5303619,34170732,130910049,346595982,720082573,1172120362,1572465581,1714963972,1562251545,1170902888,732118696,376373762,157987331,52906456,13561969,2430224,287816,63652,45538,22828,7378,1616,239,22,1 # cft deg6 r=0
17722983,37991142,33165739,-3542304,44270127,-26582418,15289820,18299426,6250235,7544658,4472089,592258,296946,-7574,-133175,-73042,-5299,-1646,536,410,265,12,8,0,1 # cft deg6 r=0
-761769,-1053507,1888492,-4385746,1765190,-3168488,1644610,-3090423,59874,-370728,-365127,-627003,43770,-86061,-95376,-32337,6339,-5139,-2286,2292,1048,-46,-61,-2,1 # cft deg6 r=4
-62081,-415728,3873861,8603613,5876336,-6752107,-6773179,-1429883,397662,7539440,-2344984,-2662430,1290038,175434,-223120,54643,5786,-10731,3065,204,-298,82,-7,-4,1 # cft deg6 r=8
14106007,-23683596,23923434,3093380,-20491015,17335518,8825710,-10248690,-2080763,3225818,-558456,-1513968,-121046,-9338,-327697,-228206,-79605,-40526,-24046,-7326,-237,508,156,20,1 # cft deg6 r=4
2370757,15636372,58141977,135920394,232975405,284748366,271805415,196247844,129832985,70734840,37448640,19499514,8452774,3563940,1447497,521772,170465,51144,15381,3804,805,138,42,0,1 # cft deg6 r=0
183279,2692674,18583771,48528768,83822931,112217232,98868173,68221492,45806030,22847796,12035002,3088616,2517417,996512,372391,99610,40043,15452,4946,454,283,96,8,0,1 # cft deg6 r=0
601299,181908,-822614,-1001009,928598,1167281,446755,-767367,-34452,-59382,-78639,-133719,12909,62349,-40758,-26442,7131,1284,-1413,528,340,-56,-31,2,1 # cft deg6 r=4
-192,2976,-16220,37992,-35661,-23338,72134,-24090,-64167,28285,61515,-50810,-33164,37629,19556,-4490,-11281,1296,1068,-932,228,74,-25,0,1 # cft deg6 r=8
233494704,-817842096,1371753612,15889675248,-19763600043,-6643129068,15566804572,332327783,-6099565859,214818823,1566905227,3710050,-273944683,-21896308,30498603,5351371,-1882331,-590189,39953,32524,1517,-826,-81,8,1 # cft deg6 r=8
486936144,-825202584,754016232,-918576354,1039790041,-532741596,728041756,-281886134,299790670,-117436068,83703959,-32376260,16796417,-5714608,2218805,-666418,156101,-48334,3478,-1424,2,56,18,4,1 # cft deg6 r=0
7185897,24959268,25606689,534306,-5108207,19631628,33220968,18129074,3944744,1127718,-114777,-69852,468445,-40882,304859,36226,58348,15288,7116,2490,503,196,39,6,1 # cft deg6 r=0
580707,-1222473,1663540,-3168894,6975349,-11702481,13776384,-11310716,6136290,-1824044,103986,-99117,331089,-265884,90453,6159,-19392,7036,411,-1070,246,45,-26,0,1 # cft deg6 r=0
-1,-74,-120,6624,38956,86442,71362,71900,111729,-103230,-174179,-92274,-251661,-202960,-23606,5702,9431,6318,-2962,-666,631,26,-38,2,1 # cft deg6 r=12
18271707,-31083220,39236207,-51590832,39318933,-35754594,17790528,-10954542,3522691,299530,-343517,342980,-188891,112052,37299,51836,28155,13882,5830,1944,652,158,37,6,1 # cft deg6 r=4
561807,4996602,11198456,6870498,-9311463,-24532252,-28810266,-20961622,-8927429,-57716,3783131,3894474,2725450,1501614,731086,313754,129417,48946,17972,5878,1727,424,82,12,1 # cft deg6 r=4
-8535337,27342970,-44776183,129792290,-130476591,-11427310,-12085592,-37771958,22514790,-20921288,-1720999,4094042,-1616277,-698536,285334,81982,-63690,9790,10616,-4780,2064,-394,88,-8,1 # cft deg6 r=4
201097683,-63910806,242655724,-76439852,172700592,-64328300,84270925,-40796932,32323350,-17264112,10412607,-5280010,2740441,-1262792,570272,-234170,91590,-32006,10723,-3078,823,-192,37,-6,1 # cft deg6 r=0
1488803,4347044,10376734,15947440,21769707,23583982,23917987,20791894,17212394,12537104,8749944,5493694,3337792,1821408,936138,415530,170107,59628,19848,5824,1652,398,82,12,1 # cft deg6 r=0
762129,0,-777843,0,-1039455,0,57429,0,197689,0,248748,0,153448,0,61695,0,21513,0,5121,0,667,0,42,0,1 # cft deg6 r=4
-17001,4725,1507777,3510240,4811753,2932579,-2002963,-4374037,-2704172,1267804,2788694,483219,-1183737,-515597,239338,176857,-11503,-28947,-3574,2096,610,-30,-37,-2,1 # cft deg6 r=12
105263,-289992,-4340958,-407939,26291615,-221398,-66030990,19777913,74991276,-41340461,-36676764,29233125,7168086,-9155906,-563427,1631295,-3438,-175621,224,11790,397,-462,-37,8,1 # cft deg6 r=16
-2725456,6144288,23114608,-60545280,-28263460,128815824,-4750044,-113589596,22559369,56967868,-17377669,-17627592,7074086,3517310,-1844644,-410880,306046,21464,-31390,254,1937,-72,-67,2,1 # cft deg6 r=12
110592,374784,-490496,-2593792,1221376,2976896,-3788480,-4444160,-1395472,-1731104,-1550256,-448704,159068,250576,107660,-10500,-22403,314,4962,1278,-292,-180,-13,6,1 # cft deg6 r=8
1163403,-15607914,33980780,55320848,-48301126,-97046724,16150271,84566074,10651291,-43392026,-12235447,14435488,5571520,-3241022,-1500666,494640,257761,-50368,-28151,3300,1870,-122,-67,2,1 # cft deg6 r=8
-82963,-225624,9761752,958606,-96330429,-13072905,46282206,-37862783,2788455,45029007,-703060,-24782487,18273,7686342,-406215,-1396441,156261,150203,-24102,-9323,1842,305,-69,-4,1 # cft deg6 r=12
13500909,655754781,-28575770,-1359590873,-317934041,1038694862,585146874,-356365838,-409667508,16876046,152164515,31057724,-32636071,-12341726,3922275,2348739,-198408,-255899,-8019,15908,1581,-507,-72,6,1 # cft deg6 r=12
-3756,7064,393000,153820,-3369167,1939672,6002443,-4146482,-7177580,7694144,1153101,-4093992,1034164,864471,-500445,-54808,102543,-9717,-11933,2270,851,-188,-38,6,1 # cft deg6 r=8
-10908,-96684,-304564,-325472,418009,1610191,1685414,-40716,-1864746,-1859865,-430198,653856,658898,190973,-84785,-90768,-23877,6375,5893,1058,-323,-162,-10,6,1 # cft deg6 r=8
-199813,-5705996,8974052,48600203,-38093320,-132171246,93159697,172234112,-127154354,-118510337,92723424,46955344,-35784912,-11695730,7484814,2288647,-811402,-344944,16675,21382,2464,-297,-94,-2,1 # cft deg6 r=8
875339271,-162036066,-574540306,-182366240,141191625,145121794,19399521,-35705870,-21226271,3873162,5443884,598702,-1005452,-258502,107289,51960,-7423,-7722,168,750,149,-42,-5,2,1 # cft deg6 r=4
18308544,124203392,411714880,845150816,1157862824,1068236512,603710828,102441228,-149612565,-146082924,-55035847,1802926,10629026,3599866,-272368,-384662,2755,22466,-6818,-1392,330,144,1,-10,1 # cft deg6 r=4
-2000319,-17604686,-63031602,-117449278,-113599837,-28087566,57630179,60622764,8750947,-20304022,-11453359,1476700,3019100,741392,-246594,-251858,-19589,45828,-2297,-2478,281,94,1,-10,1 # cft deg6 r=4
5927547,48034556,153374275,260263762,287798725,263936206,176301313,107164872,53841214,19856976,13837885,364232,4511145,-759816,1320145,-255836,244608,-53770,26939,-6810,1743,-452,63,-10,1 # cft deg6 r=4
313107651,1483891758,4289419982,8640226790,13470550921,16893717528,17501527432,15169035326,11106491194,6927875248,3716753082,1732969002,710271414,258653250,84440065,24818854,6568581,1556328,328073,60786,9846,1356,159,14,1 # cft deg6 r=0
2763,-15879,53297,-61168,26065,-279363,712569,259347,-73734,-2064180,312706,1817626,3212942,2927868,2035525,1127275,498308,174147,46791,9936,1767,303,56,8,1 # cft deg6 r=0
710224,-877296,8097088,11776160,54487788,88563324,173224024,170097816,100118293,70279437,42526713,15470329,9637603,8596305,4482596,1572517,525864,162669,38507,8874,2192,363,42,8,1 # cft deg6 r=0
9305147,134799864,855352533,3136198040,7469606807,12494939376,15653376630,15361490962,12203504774,8035089542,4463851981,2121304184,872665057,314075344,99914307,28320902,7195208,1638592,334292,60604,9745,1346,159,14,1 # cft deg6 r=0
104128768,-572572160,1602826112,-3002996864,4212364624,-4687212096,4280803408,-3281358608,2148116265,-1219504244,609105476,-271125125,108732033,-39618234,13192309,-4028817,1132406,-295551,71863,-16012,3183,-521,64,-8,1 # cft deg6 r=0
2575152,5784480,30351744,-38456208,-6530580,313896360,1180757228,1730632912,1590635091,1185435420,733524618,360292184,146737890,50766368,13414722,2448314,304921,-5654,-13366,2786,2345,296,-3,4,1 # cft deg6 r=0
28347300,13915200,38315690,9203980,6651763,18347320,12091870,-10967132,-8014003,34966,1302179,650024,425700,-125310,-195170,-17534,40684,7554,-4553,-1324,379,102,-16,-6,1 # cft deg6 r=0
7107664,33511984,70300124,95536092,128964943,208853212,291315050,272112920,137583943,-2764492,-55613922,-35173628,-4576759,5758800,3267916,264454,-347730,-119684,4763,9660,1232,-272,-65,2,1 # cft deg6 r=0
1463733,8064777,-2275933,-35891522,-1348146,67809909,6157293,-67989888,-5279522,38256756,-1926372,-14690584,4017455,5530878,-965694,-1238070,95613,152327,-7441,-10928,677,450,-40,-8,1 # cft deg6 r=12
1103109503,3129219708,5342662062,6128500062,5342266957,3684107290,2127976223,1083658622,499923271,207269760,69566903,16989818,2458510,665192,612312,312242,53955,-29302,-20233,-6090,-517,176,77,10,1 # cft deg6 r=4
-1531303,-7484620,-6904977,22535204,69288477,77422881,27792606,-20634232,-18238500,8264844,15624527,5448686,-1380250,-989813,275116,231422,-25936,-42742,-4304,3374,711,-126,-40,2,1 # cft deg6 r=4
31699,3954,45428,-20698,-192378,327391,176801,-604347,35128,813330,-284114,-674852,247530,386489,-152377,-123842,54596,21526,-10903,-1868,1169,52,-56,0,1 # cft deg6 r=4
6261803519,-452330368,7681503532,839606608,4265182218,929273834,1607550992,344249558,442669802,76797302,81079834,10222670,10605047,-127512,893226,-152906,47115,-15154,12190,104,273,-174,26,0,1 # cft deg6 r=0
1788174657,178272780,1825343606,-144282312,487669911,-344877834,-275489,-121717160,41871549,15571098,34002507,13297896,7400121,1797168,836026,224834,108049,40466,14028,2868,568,206,17,2,1 # cft deg6 r=0
1093459,-1810960,989221,2581394,-20488928,11190942,45678994,-27816658,-46113656,22378122,27030597,-7704714,-9988739,900274,2261728,142720,-299011,-55812,20683,6768,-459,-374,-21,8,1 # cft deg6 r=12
416259,-1613763,4292514,-6696621,8004915,-6312105,3587292,-2067084,2545102,-2097887,-893103,2965409,-1417578,-520725,436642,125918,-93024,-27638,10999,4386,-459,-362,-24,8,1 # cft deg6 r=4
2417246208,2623315968,5373833216,2405724160,2481928192,-53333504,546509056,24771200,230156096,-54580608,48363040,-7521872,5515240,746680,-198748,229018,18857,-3146,6220,110,25,100,4,0,1 # cft deg6 r=0
18365184,53636352,153306880,208744128,224401680,180517592,93136488,46910238,27059801,14398792,12424679,6895390,1979012,1113592,416283,6954,32549,10190,-4219,-536,32,-18,-5,-2,1 # cft deg6 r=0
419072,0,-4400256,0,10372336,0,3168648,0,-17378487,0,9319486,0,1440145,0,-2699835,0,934258,0,-146373,0,10807,0,-315,0,1 # cft deg6 r=20
132597,0,-1589527,0,6638677,0,-12398940,0,9802074,0,-350709,0,-3776589,0,1542950,0,113224,0,-130798,0,17464,0,-680,0,1 # cft deg6 r=20
-18513328,4273296,-178645696,50122220,615979683,351422376,360638006,118289419,-47186605,-33779052,-537471,5284167,3124773,-40203,-940707,-103681,131479,3325,-14003,656,921,-95,-38,4,1 # cft deg6 r=4
2287,79292,317919,-1039544,-10663704,-32230756,-47113309,-29626666,2664972,9099586,-2914758,-4225660,391310,756326,301935,11938,-172554,17948,24473,-5380,-1083,418,-6,-10,1 # cft deg6 r=12
153961077,174246122,-63116531,-128320824,-29311740,33297290,12824189,-7023834,-5619724,-577300,908242,223130,39328,-1906,-14440,-9436,7974,3306,58,-266,60,28,1,-2,1 # cft deg6 r=4
103084417,177784032,86814787,56670400,48093698,-4584908,-20289218,3111580,10407573,1638700,-1342898,-197570,292340,105630,-768,-1616,7170,4778,87,-32,91,38,1,-2,1 # cft deg6 r=4
112880277,-111819258,-145164135,154541506,34302181,-37833130,-3547729,-10373066,9281687,-710754,969692,-1080420,101242,-92202,111530,-9672,7198,-6680,335,-242,174,-18,4,0,1 # cft deg6 r=0
92236709,49191276,86802462,18759184,32144069,-7395360,12321490,5875358,6733812,-646502,374514,33564,509362,62562,-1307,-10884,11151,2392,-231,-68,201,44,4,0,1 # cft deg6 r=0
3276881,-34753947,93745671,-13426564,-225781894,220671704,94406676,-234299184,62845935,84617510,-59678593,-3879253,16754373,-4643916,-1542432,1126898,-115153,-87190,31104,-696,-1719,356,5,-10,1 # cft deg6 r=12
-1019,-3139,14767,13481,-5620,-583237,-168711,599553,-310459,1063358,1420628,915669,-148844,-663951,-120522,142362,40528,-19676,-4034,1484,365,-76,-13,2,1 # cft deg6 r=4
409,3817,40794,189328,473024,1002258,2908378,7699893,15099108,21282804,22011821,17047127,10159402,4689605,1628408,397851,55495,181,98,1106,458,50,-17,-2,1 # cft deg6 r=0
-59463,-493125,-1365968,-1368140,986335,3568309,2176120,-2111476,-3160003,-86021,1892010,679112,-559390,-376012,72334,101486,5739,-15340,-3424,1302,473,-44,-32,0,1 # cft deg6 r=4
1,0,-93,0,-10872,0,16985,0,4863,0,-17423,0,6350,0,1674,0,-1370,0,364,0,-23,0,-10,0,1 # cft deg6 r=8
7173,7611,-157928,394600,-258783,-609459,1057512,75130,-1106079,457825,552780,-451608,-130936,209576,-2402,-57582,9939,9432,-2852,-880,395,34,-30,0,1 # cft deg6 r=12
1,0,-34,0,255,0,256,0,1051,0,-2494,0,1043,0,46,0,-122,0,-22,0,24,0,-8,0,1 # cft deg6 r=8
-149,-119,13397,-42297,-256246,-34989,899297,718165,-980435,-1030852,606768,635584,-294649,-164347,106654,-17679,-10651,16833,-4976,-2059,1098,13,-57,2,1 # cft deg6 r=8
-9,-57,-215,-193,-23,1318,-450,1411,-9469,4730,-6288,14472,-1250,-4641,-1335,-912,4552,-710,-1596,194,470,-63,-40,2,1 # cft deg6 r=4
121,0,726,0,1177,0,682,0,1846,0,1922,0,873,0,290,0,174,0,58,0,5,0,2,0,1 # cft deg6 r=0
692,4208,24184,78736,215884,476912,838272,1205224,1446064,1462880,1249864,900928,548632,283568,126560,51432,21612,10544,5532,2636,1040,324,76,12,1 # cft deg6 r=0
101,52,178,212,150,200,-618,-456,-737,-440,-436,64,732,1232,2932,1416,2683,612,1026,108,206,8,22,0,1 # cft deg6 r=0
240263069,52231416,-210667018,-118175096,68498041,32733416,-768034,5902308,891646,-3320964,-871582,357288,43793,-8788,33362,1768,-5654,-356,94,188,-87,8,18,-8,1 # cft deg6 r=0
208784,-1186048,2904576,-3664128,2289168,-173888,-1158592,1565120,-1092064,87552,541584,-448080,92808,111360,-117200,37216,17936,-19984,4896,1448,-1016,128,36,-12,1 # cft deg6 r=0
1073,0,6438,0,18637,0,34170,0,43410,0,39438,0,25565,0,11358,0,3122,0,394,0,-19,0,-10,0,1 # cft deg6 r=0
953,0,3812,0,14996,0,62229,0,64830,0,-72453,0,7317,0,5413,0,28,0,-804,0,213,0,-23,0,1 # cft deg6 r=0
277729,0,-1537600,0,2596622,0,-1077777,0,1457683,0,-646963,0,64964,0,64574,0,-17584,0,-2245,0,831,0,-27,0,1 # cft deg6 r=0
122,0,-244,0,1825,0,-736,0,456,0,-6072,0,7971,0,4485,0,259,0,137,0,132,0,0,0,1 # cft deg6 r=0
977,0,6839,0,27206,0,19055,0,5354,0,-4215,0,3417,0,-1623,0,497,0,-138,0,26,0,-4,0,1 # cft deg6 r=0
256,0,-256,0,7632,0,-17776,0,17273,0,-6562,0,-853,0,764,0,661,0,-464,0,55,0,6,0,1 # cft deg6 r=0
256,0,256,0,7632,0,17776,0,17273,0,6562,0,-853,0,-764,0,661,0,464,0,55,0,-6,0,1 # cft deg6 r=0
32,-96,216,-184,-331,830,-472,-1457,3641,1814,1403,5811,4895,1575,5417,211,2725,83,915,30,193,3,22,0,1 # cft deg6 r=0
313,-335,-582,4394,-925,-3798,4515,-12427,15805,-5505,-3731,934,4254,-2669,1092,26,403,24,149,7,57,1,9,0,1 # cft deg6 r=0
256,0,1195,0,3961,0,7826,0,12131,0,12486,0,8710,0,4309,0,1607,0,440,0,90,0,12,0,1 # cft deg6 r=0
121,187,2333,-9392,14238,2289,32474,-133146,157212,-126355,112575,-84288,66042,-47663,29783,-17542,9956,-5072,2580,-1176,510,-170,47,-8,1 # cft deg6 r=0
496796,542268,474664,558480,-92081,207239,29591,-115505,264913,-215640,184150,-104277,52988,-27955,14835,-7590,3293,-1474,743,-362,142,-36,13,-4,1 # cft deg6 r=0
3481,0,31329,0,101893,0,143075,0,102669,0,37778,0,2501,0,-2735,0,-992,0,-23,0,8,0,12,0,1 # cft deg6 r=0
7569,0,-9251,0,5423,0,2987,0,1504,0,-14120,0,17642,0,-10495,0,3673,0,-920,0,170,0,-16,0,1 # cft deg6 r=0
61504,0,138384,0,139500,0,39339,0,58668,0,41502,0,28023,0,9723,0,4779,0,723,0,240,0,3,0,1 # cft deg6 r=0
9441,0,20980,0,4520,0,-2508,0,10068,0,-735,0,-1670,0,116,0,554,0,44,0,-3,0,1,0,1 # cft deg6 r=0
18063,12150,41580,-241650,459819,-1138446,2170605,-2473404,1695214,-888340,733404,-628370,337481,-161420,117420,-58034,19573,-8274,3936,-1410,496,-162,43,-8,1 # cft deg6 r=0
3,6,67,30,-467,-1948,-196,8316,14796,16500,17458,13368,4078,140,3165,2054,-390,-336,540,12,-80,28,12,-6,1 # cft deg6 r=0
50079,-136092,267751,-461707,626452,-673650,551812,-285232,36753,82080,-89672,44744,-11799,8942,-7944,1246,2276,-2193,1081,-90,-193,86,-2,-6,1 # cft deg6 r=0
563303987,-208043182,-712758294,1145380,378944197,235908954,23702240,-89124922,-50138399,6632232,12147390,3449842,-793508,-1107424,-167615,143154,43417,-11306,-4913,650,484,-60,-18,0,1 # cft deg6 r=0
336069,0,1124379,0,2153328,0,2335582,0,1094334,0,35551,0,-86956,0,2366,0,13715,0,521,0,-119,0,-3,0,1 # cft deg6 r=0
4149,0,-6915,0,4955,0,-3614,0,8155,0,79,0,861,0,-1493,0,-129,0,-89,0,131,0,22,0,1 # cft deg6 r=0
549,-477,1347,-1302,2791,-3267,6152,-3628,6530,1415,2912,3999,2116,1293,1557,152,65,126,-153,30,-29,-8,10,-4,1 # cft deg6 r=0
45535529,-127740340,208333060,165964760,99669193,261933594,196454440,109256420,32423784,-4180928,-955452,1219164,669777,-200776,116596,33932,5125,9480,-254,-214,84,22,0,0,1 # cft deg6 r=0
6033439,-2316925,13608582,7039491,-3744257,-361252,3854542,-188248,87438,450744,-317338,100053,154740,-54450,5280,9821,4305,-1111,1486,127,142,23,14,0,1 # cft deg6 r=0
149,1178,2880,672,-2677,3446,-16161,-5862,75017,-81992,27035,11850,-12407,9540,-4015,862,725,-732,356,-68,-19,34,-9,-2,1 # cft deg6 r=0
18027,89361,237066,-100371,152957,153722,118206,51747,170409,14946,-86018,-98901,-42281,-6225,14260,13990,9689,4497,2014,775,225,71,18,2,1 # cft deg6 r=0
81,-2916,48087,122364,-42102,68130,184173,-321708,349939,-308034,102450,77052,-126867,76878,-19362,-3486,5756,-3456,1845,-828,252,-60,18,-6,1 # cft deg6 r=0
529,1426,2212,2207,1357,1079,3051,-1222,4247,-2793,4456,-1357,1844,582,641,527,304,293,119,80,49,8,11,0,1 # cft deg6 r=0
3,105,1157,-7200,20891,-54023,114410,-174188,210677,-223018,209102,-172968,124565,-75435,41218,-18094,8623,-2588,1429,-224,207,-12,21,0,1 # cft deg6 r=0
512,-5504,30080,-106072,264372,-485532,668889,-693830,542579,-337388,219761,-213638,236053,-213988,148285,-77398,29061,-6876,640,-16,166,-132,49,-10,1 # cft deg6 r=0
7617,-60159,245864,-646006,1240158,-1850946,2290319,-2379334,2178699,-1738739,1264129,-816606,488624,-261979,129435,-58722,23796,-9004,3044,-918,269,-60,19,-2,1 # cft deg6 r=0
1475,-20400,156805,-147870,99679,-342725,338444,-155398,205934,-72910,10267,3587,1621,-15985,5353,1274,-1310,303,423,-176,-1,17,-7,-2,1 # cft deg6 r=0
1199,192,6457,207,19526,-4348,39366,-14400,54070,-22470,50399,-20836,32076,-12658,14642,-5992,5501,-2679,1816,-762,294,-78,22,-6,1 # cft deg6 r=0
4919,-28555,107376,-293973,639680,-1092592,1394230,-1309716,975105,-667174,424293,-221702,112952,-75728,46970,-23076,12162,-6407,2536,-906,348,-100,22,-6,1 # cft deg6 r=0
25,0,-200,0,755,0,-1760,0,2841,0,-3270,0,2762,0,-1740,0,819,0,-280,0,68,0,-10,0,1 # cft deg6 r=0
25,0,-250,0,645,0,15,0,-494,0,163,0,452,0,132,0,-52,0,-13,0,17,0,8,0,1 # cft deg6 r=0
4625,0,18500,0,-22810,0,-97880,0,98023,0,163566,0,-78456,0,-88314,0,66451,0,-12070,0,1327,0,-50,0,1 # cft deg6 r=0
1677025,0,-1233950,0,975075,0,-560745,0,386781,0,-185641,0,51237,0,-12329,0,4520,0,-1372,0,240,0,-21,0,1 # cft deg6 r=0
226625,0,-152625,0,408120,0,-109910,0,175212,0,27124,0,16061,0,-4000,0,510,0,-159,0,303,0,29,0,1 # cft deg6 r=0
7,-25,179,362,-859,-1052,3970,-1399,-2847,1690,2654,-1583,-518,313,16,160,384,-186,-192,78,92,-5,-15,0,1 # cft deg6 r=0
34225,0,-45325,0,57700,0,-152075,0,241739,0,-29677,0,50064,0,-4702,0,3280,0,-324,0,96,0,-5,0,1 # cft deg6 r=0
7,72,180,-172,-330,-722,1317,3381,4578,-94,1397,-3433,1636,-770,349,515,-562,544,-135,2,64,-33,17,-4,1 # cft deg6 r=0
18607,-119025,418600,-930028,1417071,-1484405,1089394,-596008,299868,-110671,-138161,280089,-154447,364,33790,-11332,2894,-4199,2805,-558,-146,60,12,-8,1 # cft deg6 r=0
60025,0,-420175,0,1217405,0,-1871625,0,1600939,0,-710252,0,107253,0,38079,0,-12579,0,1738,0,407,0,-43,0,1 # cft deg6 r=0
60025,0,-60025,0,174930,0,-65170,0,107359,0,26117,0,13468,0,13153,0,6010,0,1084,0,105,0,10,0,1 # cft deg6 r=0
347,889,-503,-4093,-1576,4024,-2310,538,8661,80,3783,5576,1700,1060,1816,528,641,-71,236,-36,24,4,2,-2,1 # cft deg6 r=0
1369,0,16428,0,84360,0,244089,0,438572,0,502617,0,359801,0,152213,0,35709,0,3670,0,-54,0,-28,0,1 # cft deg6 r=0
7225,0,-23120,0,37706,0,-120581,0,295747,0,-309361,0,168236,0,-50905,0,8648,0,-886,0,105,0,-15,0,1 # cft deg6 r=0
93025,0,167750,0,326525,0,190060,0,31416,0,35494,0,8636,0,-1287,0,1710,0,-303,0,83,0,-7,0,1 # cft deg6 r=0
2767,12164,39586,57988,55418,29872,82739,30903,21814,38682,10715,-4167,10582,8546,-1683,-1593,474,532,221,-84,-82,-21,3,4,1 # cft deg6 r=0
153475,-988100,4989260,-12788595,27059269,-32460742,33140067,-24042541,18957270,-12481006,7370188,-3845606,2158078,-972743,403144,-183740,58791,-21896,7632,-1424,559,-135,9,-4,1 # cft deg6 r=0
175,-3100,26065,-117535,334457,-644360,861503,-811990,558014,-322399,216969,-159858,99829,-66930,54563,-38247,22320,-11818,5661,-2380,887,-283,71,-12,1 # cft deg6 r=0
25,0,325,0,2180,0,9040,0,24584,0,45282,0,53795,0,35768,0,13768,0,3168,0,431,0,32,0,1 # cft deg6 r=0
35231,-47998,49369,367904,184114,-681714,-834508,83520,788984,471106,-144867,-301182,-70703,88530,58011,-6674,-16929,-3518,2295,1120,-39,-116,-16,4,1 # cft deg6 r=0
25,0,0,0,5,0,-780,0,4929,0,-17053,0,26634,0,-14603,0,5705,0,-995,0,237,0,-9,0,1 # cft deg6 r=0
44469,0,14823,0,50706,0,31509,0,16164,0,7413,0,4664,0,-1550,0,109,0,175,0,-22,0,-4,0,1 # cft deg6 r=0
44469,0,-14823,0,39285,0,5778,0,5166,0,-2634,0,-541,0,-766,0,-2,0,38,0,13,0,5,0,1 # cft deg6 r=0
12005,0,49735,0,283416,0,641018,0,911988,0,747740,0,428925,0,130816,0,23058,0,1953,0,-29,0,-27,0,1 # cft deg6 r=0
300125,0,1697850,0,3608409,0,3212195,0,594860,0,-370391,0,132412,0,-51716,0,20069,0,-4109,0,474,0,-32,0,1 # cft deg6 r=0
3312050605,-10064367322,9038958582,329892214,-2759495752,-2833465248,3752774241,584722926,-2199741005,836933388,265567501,-301432390,58340485,14484054,-4378271,-215746,77511,73886,-12815,-5918,694,284,-22,-8,1 # cft deg6 r=0
1889,0,11334,0,56251,0,126598,0,231403,0,120846,0,78204,0,11002,0,5103,0,1756,0,282,0,24,0,1 # cft deg6 r=0
1921,0,19210,0,27959,0,-118253,0,159401,0,-134335,0,51973,0,-13010,0,9592,0,-775,0,370,0,-29,0,1 # cft deg6 r=0
885481,0,-325586,0,1309483,0,-1201572,0,439159,0,-89644,0,22561,0,-9436,0,3400,0,-786,0,125,0,-15,0,1 # cft deg6 r=0
908209,0,-1077843,0,300065,0,-87330,0,35536,0,11936,0,4789,0,1088,0,295,0,168,0,55,0,10,0,1 # cft deg6 r=0
908209,0,108642,0,117089,0,-223758,0,60256,0,7682,0,-9065,0,1136,0,1273,0,-702,0,166,0,-20,0,1 # cft deg6 r=0
21951,151308,408852,88731,979699,-1427046,2884993,-3219631,3131264,-2076198,1092078,-289127,-25495,104605,-57132,21430,-1371,-1516,1450,-524,213,-53,21,-4,1 # cft deg6 r=0
8425,34340,50704,76008,150724,186742,223444,271804,286422,260872,230364,186474,126529,72176,36938,16572,5104,-14,-976,-468,-42,56,32,8,1 # cft deg6 r=0
68725,-488625,1464080,-2372260,2233891,-1283364,593053,-359488,201341,-129707,190707,-229221,193027,-125264,69767,-35462,16616,-6062,1624,-214,16,-9,13,-4,1 # cft deg6 r=0
1600,-3200,9520,-24560,49156,-65514,61925,-40626,20809,-8332,1972,392,2108,-6242,8215,-6704,3622,-1146,50,144,-59,2,10,-4,1 # cft deg6 r=0
1058841,0,756315,0,43218,0,46305,0,150136,0,46907,0,-458,0,860,0,1627,0,605,0,133,0,17,0,1 # cft deg6 r=0
1058841,0,-1663893,0,1988028,0,-1610385,0,1034635,0,-519148,0,206728,0,-65017,0,15892,0,-2893,0,364,0,-28,0,1 # cft deg6 r=0
10161,0,27096,0,82690,0,110880,0,125481,0,73237,0,27324,0,3847,0,-716,0,171,0,113,0,-18,0,1 # cft deg6 r=0
55075,-171180,-57476,386595,374747,59043,210524,132214,-47317,-43060,-6326,-15390,-7594,6509,423,1264,269,-203,63,-144,56,-20,6,-2,1 # cft deg6 r=0
10161,0,-27096,0,89464,0,49162,0,-33998,0,-15023,0,8075,0,1574,0,-1207,0,60,0,67,0,-15,0,1 # cft deg6 r=0
28225,0,102739,0,115124,0,41614,0,9516,0,2758,0,-3513,0,-2512,0,3694,0,-1218,0,177,0,-10,0,1 # cft deg6 r=0
2575,-38410,173436,-251242,352509,-295460,211216,61404,-9778,49510,-15302,17618,22121,-24168,16640,-2052,-1283,722,306,-210,66,-6,8,-4,1 # cft deg6 r=0
4201,34544,162709,461608,848253,1075756,1035227,893532,796824,707488,566683,388452,214646,87482,26878,11070,7397,3606,1093,338,161,56,14,4,1 # cft deg6 r=0
1075,-435,421,-906,476,-608,2114,1560,2414,1592,1491,-1470,1460,-1693,1409,-711,552,-251,95,-30,24,-4,1,-2,1 # cft deg6 r=0
122593,42175,350556,-83349,414370,-270540,342874,-265774,216779,-140756,94617,-53700,30080,-14614,7658,-3914,1652,-385,-26,52,-10,-12,10,-4,1 # cft deg6 r=0
138175,-227825,-202654,347534,381375,-178770,-570227,-139204,433215,384565,-50297,-270947,-150483,31694,101123,62448,15764,-3670,-4030,-1414,-102,79,41,8,1 # cft deg6 r=0
25,105,-194,-2589,15738,-39910,57240,-42050,7157,4276,21971,-42542,27484,-548,-11272,7268,-268,-2091,1458,-664,260,-90,30,-8,1 # cft deg6 r=0
1520289,0,3084966,0,1827117,0,-37422,0,-58626,0,126216,0,46359,0,-270,0,-956,0,478,0,188,0,23,0,1 # cft deg6 r=0
1520289,0,-2807541,0,2415258,0,-779463,0,218556,0,32607,0,-11970,0,2916,0,1087,0,-299,0,89,0,-7,0,1 # cft deg6 r=0
43,67,3575,-4675,-7950,29007,-21359,4863,45612,-77554,90576,-69459,41720,-17641,6681,-2734,2191,-1345,593,-174,39,-4,6,-4,1 # cft deg6 r=0
5625,-87750,788175,-339135,-2075468,-510109,1381203,1521238,1380635,1071298,670389,473079,295148,156062,80599,37150,15981,5955,2535,744,224,73,13,4,1 # cft deg6 r=0
67789,77726,-45472,-109215,-7691,85651,112447,94458,67845,39957,10586,-3833,-9880,-6526,-857,373,1114,571,267,-84,-43,-16,5,2,1 # cft deg6 r=0
6493,-2334,-16471,24062,36349,-51447,-76169,63224,101111,-54914,-84987,32232,54481,-18647,-22399,7207,6761,-2165,-1250,317,196,-33,-20,2,1 # cft deg6 r=0
529,0,1357,0,1822,0,1872,0,2179,0,1766,0,1627,0,863,0,550,0,177,0,68,0,12,0,1 # cft deg6 r=0
529,0,-3381,0,11028,0,-20864,0,25752,0,-22299,0,14135,0,-6705,0,2394,0,-634,0,120,0,-15,0,1 # cft deg6 r=0
529,0,345,0,2334,0,5056,0,5322,0,3891,0,2093,0,819,0,315,0,149,0,57,0,12,0,1 # cft deg6 r=0
286225,-1144365,1268591,642770,-1424055,-1926065,3848640,1045668,-5826737,2850930,2552417,-2959636,358837,794188,-411145,3939,64699,-26607,3057,1481,-693,97,8,-6,1 # cft deg6 r=0
45625,2250,425,-430,16749,-3770,59691,56340,111001,33696,-60352,-66658,-14204,30100,21629,-2424,-7238,-1476,1362,662,-90,-104,-7,6,1 # cft deg6 r=0
2193361,0,442819,0,1173188,0,123536,0,210768,0,4235,0,18517,0,-2129,0,1329,0,-269,0,47,0,-10,0,1 # cft deg6 r=0
2229049,0,1319812,0,1387508,0,861257,0,468756,0,96167,0,16783,0,1024,0,2559,0,466,0,182,0,-1,0,1 # cft deg6 r=0
2229049,0,4199809,0,3470243,0,1762649,0,549234,0,28652,0,-40907,0,-19604,0,-3366,0,493,0,275,0,29,0,1 # cft deg6 r=0
89325,-126990,208761,-399834,367243,-476984,507097,-401116,389760,-272196,209497,-126022,83062,-44404,22470,-10624,3811,-1366,457,-192,135,-70,28,-8,1 # cft deg6 r=0
9,9,21,-147,532,-834,1198,-1681,1910,-1821,753,-662,284,1069,-294,-728,495,122,-311,28,105,-20,-15,2,1 # cft deg6 r=0
2017,755,-7681,-21917,-18651,28657,87489,114108,123514,113671,72404,35034,15595,3465,221,890,145,-18,162,-4,-15,20,-1,-2,1 # cft deg6 r=0
226377,390411,635283,-2126853,1385854,-2588798,3809079,-1091414,-1307919,410360,423213,34166,-124963,-40275,14169,15648,1886,-3244,-621,230,120,10,-15,-2,1 # cft deg6 r=0
50139,112050,81639,-167502,-9476,2070,46992,-146258,228928,-157960,73884,-35398,12587,-12218,13026,-6430,1670,468,-848,378,-65,-18,22,-8,1 # cft deg6 r=0
9,144,1248,-29952,148864,-332626,489747,-563384,549161,-459602,349275,-221616,131624,-79474,40432,-15500,6813,-3690,1188,36,-127,4,22,-8,1 # cft deg6 r=0
2576025,0,4242015,0,2870748,0,152676,0,-320144,0,-52341,0,24601,0,4755,0,-831,0,-165,0,7,0,6,0,1 # cft deg6 r=0
2576025,0,-2383425,0,-364932,0,277476,0,321646,0,163239,0,53671,0,11655,0,2454,0,600,0,124,0,15,0,1 # cft deg6 r=0
225,-270,1833,-2133,2869,-39,3752,4414,3815,-804,1658,-9810,-10102,-9524,-4254,2723,6350,5596,3337,1558,598,181,43,8,1 # cft deg6 r=0
1129,2103,13950,74922,215218,375390,430875,322647,129962,-13497,-42807,1875,26044,12159,3432,3606,2792,1689,669,258,118,12,6,0,1 # cft deg6 r=0
2679769,0,-528751,0,425453,0,-1680335,0,1242063,0,-439376,0,113662,0,-30037,0,7032,0,-1195,0,158,0,-17,0,1 # cft deg6 r=0
2679769,0,-5469217,0,3376964,0,-901586,0,496452,0,-180362,0,36415,0,-11224,0,2898,0,-478,0,89,0,-14,0,1 # cft deg6 r=0
136161,0,-317709,0,19188,0,205410,0,759820,0,-1947276,0,1699233,0,-648144,0,164066,0,-24891,0,2715,0,-87,0,1 # cft deg6 r=0
354727,-2226740,5991613,-9089529,8491985,-4619257,559197,1105267,-459275,51688,30321,36555,-36363,33633,-26610,8336,467,-1948,1565,-891,402,-131,34,-8,1 # cft deg6 r=0
2250961513,-3276855992,3034660558,-2408919352,1193684715,-155488944,-182621536,149391652,-95220663,56236196,-13936898,-8412392,7874399,-1617856,-779706,472624,-11479,-61304,18028,1184,-1585,236,30,-12,1 # cft deg6 r=0
2839225,0,3513225,0,2928423,0,1397774,0,479259,0,110349,0,23249,0,5745,0,2667,0,1063,0,156,0,3,0,1 # cft deg6 r=0
2839225,0,2800470,0,1138953,0,-217528,0,-307890,0,-69300,0,12692,0,8526,0,3441,0,1414,0,327,0,30,0,1 # cft deg6 r=0
2961841,0,-5810096,0,4078872,0,-963177,0,-194802,0,497,0,114518,0,-26777,0,-2616,0,1713,0,54,0,-25,0,1 # cft deg6 r=0
2961841,0,3371439,0,1520900,0,-18228,0,-109970,0,24491,0,-7757,0,-10177,0,1222,0,720,0,4,0,-5,0,1 # cft deg6 r=0
2961841,0,791660,0,-1791952,0,-225482,0,538560,0,-132740,0,-9545,0,9584,0,-564,0,-538,0,164,0,-20,0,1 # cft deg6 r=0
2961841,0,-1252888,0,355856,0,196534,0,355164,0,141664,0,46759,0,14348,0,3120,0,566,0,116,0,16,0,1 # cft deg6 r=0
2961841,0,-1352706,0,-745657,0,141279,0,-287,0,22883,0,37729,0,13295,0,1192,0,-144,0,76,0,19,0,1 # cft deg6 r=0
2961841,0,390667,0,2540298,0,-81612,0,1065639,0,-126862,0,168260,0,-27551,0,10938,0,-1362,0,165,0,5,0,1 # cft deg6 r=0
729,0,-4374,0,10935,0,-14823,0,12636,0,-8262,0,5346,0,-3213,0,1404,0,-405,0,81,0,-12,0,1 # cft deg6 r=0
729,0,-2916,0,5103,0,-4617,0,1944,0,810,0,-1296,0,837,0,-108,0,-117,0,63,0,-12,0,1 # cft deg6 r=0
3003289,0,7491759,0,7294776,0,3646112,0,1130634,0,280539,0,72503,0,17439,0,3174,0,496,0,96,0,15,0,1 # cft deg6 r=0
3045025,0,5329230,0,5518217,0,3603255,0,1650406,0,519701,0,112942,0,16928,0,2056,0,267,0,73,0,10,0,1 # cft deg6 r=0
1171593,6645438,12509628,1390290,-15486338,-8152178,9791570,6742256,-2225243,-2663432,571498,547066,-262609,-136150,112288,51892,-22558,-14668,1510,2294,195,-158,-28,4,1 # cft deg6 r=0
556533,1963575,4018674,4582845,3357214,1419204,168276,367662,1261943,1477566,981623,524886,204052,35556,7648,2772,1858,1299,776,210,2,0,0,0,1 # cft deg6 r=0
3258025,0,-2949370,0,1222707,0,-364230,0,79041,0,29974,0,-24916,0,3908,0,-30,0,-108,0,81,0,-14,0,1 # cft deg6 r=0
3301489,0,-2151328,0,984904,0,363984,0,-91028,0,18625,0,45922,0,2032,0,1294,0,456,0,53,0,9,0,1 # cft deg6 r=0
3301489,0,-472420,0,-541376,0,781968,0,-51584,0,-155015,0,56350,0,6052,0,-3974,0,372,0,65,0,-15,0,1 # cft deg6 r=0
183025,-547425,327195,-432420,2753874,4691430,3282279,3129864,2578947,997800,340698,232374,82073,28722,21834,12942,3735,1140,609,90,60,0,12,0,1 # cft deg6 r=0
1,37,535,1754,8323,19985,55818,110476,133121,46524,-94911,-140224,-45259,54726,53613,3135,-16223,-5913,1795,1293,-13,-121,-10,6,1 # cft deg6 r=0
25,120,182,239,329,-24,-707,-4629,1318,5478,-2400,636,1904,-2449,-126,252,-721,136,612,-82,-119,23,19,-8,1 # cft deg6 r=0
841,0,-2523,0,5046,0,-5887,0,4872,0,-2175,0,638,0,0,0,9,0,49,0,3,0,3,0,1 # cft deg6 r=0
841,0,-3364,0,4205,0,-4205,0,5829,0,580,0,232,0,-841,0,96,0,-19,0,23,0,-5,0,1 # cft deg6 r=0
3478225,0,3692700,0,-1371108,0,170272,0,850956,0,-602475,0,274526,0,-84516,0,19362,0,-3280,0,381,0,-27,0,1 # cft deg6 r=0
3478225,0,3401760,0,3015372,0,4877776,0,4748400,0,2556885,0,832418,0,173496,0,24390,0,2588,0,249,0,21,0,1 # cft deg6 r=0
1500625,0,-11704875,0,34267415,0,-44397920,0,23844821,0,-3745805,0,1093806,0,-396165,0,-2859,0,3560,0,2511,0,-75,0,1 # cft deg6 r=0
60025,0,-42875,0,-12985,0,75600,0,64341,0,10755,0,-1098,0,4495,0,4109,0,1440,0,263,0,25,0,1 # cft deg6 r=0
153869891,530748358,2072696878,4275995290,3378448033,1462921566,1361405344,305146888,117148808,188334294,8133306,32930526,10701049,-2048774,4672848,-1331424,838140,-182782,79582,-11406,4021,-342,100,-4,1 # cft deg6 r=0
203309,441668,841596,1443794,1136665,99730,-576180,-493844,-24718,240736,198492,26414,-46083,-30466,440,5772,1130,-1856,-1232,-262,129,106,40,8,1 # cft deg6 r=0
5,0,20,0,30,0,60,0,155,0,220,0,280,0,300,0,207,0,64,0,-6,0,-8,0,1 # cft deg6 r=0
41245,17900,236460,1459820,3818650,6329060,7724260,7527180,6267263,4680696,3183512,1949016,1070532,536984,250552,108360,43331,16540,6268,2332,818,260,68,12,1 # cft deg6 r=0
80,0,-80,0,560,0,-640,0,2240,0,-2560,0,3480,0,-2740,0,1272,0,-380,0,80,0,-12,0,1 # cft deg6 r=0
1,0,16,0,138,0,464,0,1231,0,3616,0,9548,0,3616,0,1231,0,464,0,138,0,16,0,1 # cft deg6 r=0
625,0,0,0,142250,0,0,0,40015,0,0,0,10220,0,0,0,1631,0,0,0,74,0,0,0,1 # cft deg6 r=0
102400,0,0,0,-76800,0,0,0,17920,0,0,0,6720,0,0,0,864,0,0,0,20,0,0,0,1 # cft deg6 r=0
5,0,-20,0,30,0,-60,0,155,0,-220,0,280,0,-300,0,207,0,-64,0,-6,0,8,0,1 # cft deg6 r=0
80,0,80,0,560,0,640,0,2240,0,2560,0,3480,0,2740,0,1272,0,380,0,80,0,12,0,1 # cft deg6 r=0
1841,3052,-3360,-4676,10058,-2224,16544,-5544,-3949,6696,1996,2952,-80,-1552,956,1424,-229,-356,244,204,38,16,20,8,1 # cft deg6 r=0
25,0,-200,0,850,0,-2300,0,4395,0,-6060,0,6040,0,-4260,0,2059,0,-652,0,134,0,-16,0,1 # cft deg6 r=0
25,0,50,0,225,0,-10,0,686,0,50,0,793,0,-130,0,234,0,-90,0,37,0,-10,0,1 # cft deg6 r=0
625,0,1750,0,5625,0,6410,0,4566,0,562,0,-727,0,-326,0,190,0,34,0,13,0,2,0,1 # cft deg6 r=0
4129,-5740,4756,-37576,70311,-30124,-37252,49548,-12186,-19640,26748,-13588,-93,4596,-2348,352,222,-44,-84,60,-1,-16,12,-4,1 # cft deg6 r=0
74309,175440,-107870,-85236,1074121,-969484,192430,189164,133718,175592,68810,17820,5009,-868,31018,7508,14750,5528,3422,1108,497,100,34,4,1 # cft deg6 r=0
6400,0,5632,0,25600,0,-10496,0,-9920,0,4096,0,2464,0,-320,0,-80,0,64,0,4,0,-8,0,1 # cft deg6 r=0
400,2240,4096,-1472,-18096,-25312,8512,65024,61968,-27040,-108976,-105072,-28504,49952,94752,91792,66612,37608,17456,6552,2016,488,92,12,1 # cft deg6 r=0
18365,-39564,121296,145020,146514,-38724,120216,98828,-8385,-46824,-22128,-9736,-18284,-20360,-11680,-2616,1699,2292,1856,1260,682,268,72,12,1 # cft deg6 r=0
1328,3648,-1360,-6464,4736,-5696,-26672,-9008,2528,-2272,13248,35472,48256,51312,44204,31408,19212,10272,4736,1892,656,188,44,8,1 # cft deg6 r=0
784,0,0,0,2352,0,0,0,448,0,0,0,-2632,0,0,0,1488,0,0,0,104,0,0,0,1 # cft deg6 r=0
14576,4672,-30256,-31168,5472,10400,-8304,4016,34160,38496,29328,28688,27120,14352,1948,-896,1180,1864,936,180,12,28,24,8,1 # cft deg6 r=0
1825,0,-5475,0,72835,0,-65760,0,271945,0,272335,0,181690,0,67815,0,17985,0,3060,0,359,0,25,0,1 # cft deg6 r=0
1825,0,-3650,0,83665,0,53610,0,-44570,0,-79570,0,-12195,0,13210,0,13310,0,3550,0,841,0,10,0,1 # cft deg6 r=0
2941225,0,11524800,0,6634250,0,-2896600,0,-1767345,0,439240,0,163420,0,-18040,0,-8889,0,984,0,106,0,-16,0,1 # cft deg6 r=0
14656471,15991878,-10941700,-20637392,2328309,14760976,4050486,-3777060,-1522152,747206,353292,-159972,-85507,40124,32310,-1156,-5092,706,1348,-32,-287,-68,14,8,1 # cft deg6 r=0
49,1176,11662,46452,150241,330596,586054,787808,820178,651704,395598,201552,110349,76144,55702,35984,21206,12012,6582,3196,1249,376,82,12,1 # cft deg6 r=0
9421,23092,149268,565250,1310175,2184752,2764426,2682894,1954462,1003538,329958,88630,75849,69566,28910,1692,-468,1894,776,-172,-27,48,0,-4,1 # cft deg6 r=0
625,0,-4375,0,14375,0,-28000,0,35725,0,-31625,0,20150,0,-9425,0,3245,0,-800,0,135,0,-15,0,1 # cft deg6 r=0
10000,0,20000,0,20000,0,11000,0,-4400,0,-9700,0,2025,0,2450,0,-185,0,-320,0,15,0,10,0,1 # cft deg6 r=0
95,730,1746,6082,31089,52866,61044,60812,56856,56362,48342,35726,30581,21134,14864,9468,4884,3190,1198,530,253,30,28,0,1 # cft deg6 r=0
819025,0,1741220,0,1559252,0,178008,0,-30986,0,256336,0,258538,0,-53732,0,-1283,0,-628,0,78,0,12,0,1 # cft deg6 r=0
57920,0,-173760,0,323232,0,-407440,0,347924,0,-207700,0,119545,0,-46984,0,9774,0,-646,0,-91,0,10,0,1 # cft deg6 r=0
13340200,-889000,3491340,3402800,28004918,34860710,53986493,52461124,47463608,32458370,20945475,11732190,6169922,2774662,1184718,431160,139544,36988,10898,2950,715,114,24,4,1 # cft deg6 r=0
57920,0,-115840,0,185568,0,-105344,0,45076,0,-52372,0,31801,0,10284,0,-1494,0,-322,0,169,0,-14,0,1 # cft deg6 r=0
833569,0,-807092,0,-111092,0,251548,0,23966,0,152140,0,102954,0,16944,0,2413,0,604,0,-18,0,-8,0,1 # cft deg6 r=0
30803,-94100,2632058,-13807498,39406795,-76330046,111774274,-130594360,126471455,-104487114,75502874,-48533330,28082015,-14680286,6927380,-2937726,1113205,-373848,110220,-28148,6113,-1098,156,-16,1 # cft deg6 r=0
5107,-30228,93306,-190026,281823,-305374,232102,-90624,-37257,84118,-35650,-64722,156643,-199630,188736,-144150,91897,-49512,22572,-8636,2721,-682,128,-16,1 # cft deg6 r=0
4625,0,-18500,0,42590,0,-59780,0,56743,0,-37770,0,19064,0,-7738,0,3635,0,-2050,0,903,0,-54,0,1 # cft deg6 r=0
4625,0,27750,0,66135,0,73770,0,28563,0,-15666,0,-15472,0,3178,0,8087,0,3604,0,726,0,28,0,1 # cft deg6 r=0
1,-6,22,-56,108,-136,75,-2,157,-612,1069,-1036,386,190,-12,-416,239,276,-360,38,181,-154,60,-12,1 # cft deg6 r=0
1163,8750,27065,40096,26987,12986,25291,23434,-7743,-648,40155,28080,-11452,-10198,4530,3676,-979,-1682,-136,374,95,-28,-16,0,1 # cft deg6 r=0
893025,0,2194290,0,3243483,0,3583872,0,2680497,0,1268586,0,400891,0,92358,0,16181,0,2192,0,239,0,18,0,1 # cft deg6 r=0
893025,0,-663390,0,732483,0,-208656,0,132057,0,-16626,0,14467,0,-1682,0,1101,0,84,0,31,0,6,0,1 # cft deg6 r=0
18311,-111912,312554,-503182,508809,-345410,173006,-64046,39733,-85472,139356,-158236,142785,-110272,76202,-47336,25699,-12038,4988,-1926,723,-250,68,-12,1 # cft deg6 r=0
592699,-2439908,5155713,-7429128,8442496,-8385586,7744005,-6707158,5347803,-3835246,2466506,-1445678,794074,-409630,195097,-85708,35266,-13402,4603,-1488,464,-130,34,-8,1 # cft deg6 r=0
1453,-13932,72480,-224752,525558,-854800,1200110,-1549802,1858645,-1957538,1860714,-1605030,1278807,-908940,568676,-303742,139646,-54618,18638,-5476,1407,-302,56,-8,1 # cft deg6 r=0
36392,23648,87128,-218052,146302,269048,-574053,308346,126327,-269238,171516,-69098,43477,-45074,32953,-13036,2981,-1794,1599,-620,62,-2,18,-8,1 # cft deg6 r=0
893025,0,255150,0,249723,0,-353700,0,59769,0,-11142,0,63283,0,-20802,0,-1195,0,860,0,23,0,-6,0,1 # cft deg6 r=0
117801,-756594,2568651,-5626078,9132163,-11396662,11431605,-9439600,6670843,-4192056,2477989,-1416816,790658,-414532,199198,-85258,32989,-11792,4192,-1496,533,-166,44,-8,1 # cft deg6 r=0
328837,-1545858,3130204,-3961590,4230384,-4275190,3741634,-2947980,2358637,-1820772,1283316,-863218,540885,-299074,150116,-68816,27304,-10044,3904,-1446,493,-182,60,-12,1 # cft deg6 r=0
729,0,-405,0,17667,0,-43705,0,98631,0,-166941,0,125680,0,-36794,0,6519,0,-982,0,139,0,-10,0,1 # cft deg6 r=0
1600225,0,5178910,0,7370787,0,5519356,0,4090361,0,2333098,0,776719,0,137038,0,9561,0,-396,0,-41,0,10,0,1 # cft deg6 r=0
35613,-310338,1334622,-3714496,7516750,-11679954,14426570,-14466690,11966989,-8292568,4922739,-2591146,1267459,-598310,273165,-116846,45972,-17164,6577,-2632,1002,-318,76,-12,1 # cft deg6 r=0
27,54,-216,-1004,1248,5460,-314,-24650,13075,27036,-18618,2040,19957,-10136,-1594,7664,-3716,-750,2602,-2034,1005,-338,80,-12,1 # cft deg6 r=0
1600225,0,-290950,0,853507,0,829104,0,-221679,0,-101494,0,154807,0,-51562,0,18761,0,-1408,0,303,0,2,0,1 # cft deg6 r=0
1787569,0,344946,0,1290159,0,233592,0,447053,0,-98826,0,80699,0,-16614,0,689,0,288,0,3,0,-6,0,1 # cft deg6 r=0
2536,-19384,62412,-19736,-50110,54682,-35315,-3346,25695,-15600,25338,-1742,7479,-694,1073,-128,507,-68,191,-14,-64,40,0,-4,1 # cft deg6 r=0
2168,-13336,45116,-75800,136766,-67686,-37295,10302,105663,-129560,54050,-11974,12095,-11006,6453,-2296,371,-644,655,-222,8,16,0,-4,1 # cft deg6 r=0
1787569,0,4569866,0,5365335,0,3763172,0,1960685,0,960158,0,453523,0,163898,0,39897,0,6348,0,643,0,38,0,1 # cft deg6 r=0
20675209,0,60423956,0,46434562,0,-10654572,0,-9331183,0,-3443068,0,2643842,0,-231472,0,-34718,0,3264,0,380,0,12,0,1 # cft deg6 r=0
347,-1296,1678,-3046,4408,-2564,4262,1846,-831,6994,-3470,5374,-1056,536,1168,-1058,1139,-762,614,-390,243,-110,38,-8,1 # cft deg6 r=0
1940449,0,-4585756,0,6299620,0,-5101648,0,2664358,0,-1315048,0,736954,0,-233980,0,44317,0,-5764,0,526,0,-28,0,1 # cft deg6 r=0
104311,-859222,3215395,-7070122,10544226,-11167614,8252835,-3611696,-76335,1532702,-1215606,339226,232432,-324614,186899,-53194,-2088,8696,-3045,-144,594,-282,76,-12,1 # cft deg6 r=0
1231,-10580,63124,-209388,528272,-1017206,1581778,-1997848,2125849,-1947620,1618606,-1261962,957595,-692802,467792,-281656,149364,-67970,26592,-8734,2415,-538,96,-12,1 # cft deg6 r=0
26399,-197852,821220,-2377548,5248556,-9280102,13552634,-16699896,17640257,-16168956,12988394,-9217194,5816423,-3279866,1659256,-754424,308552,-113146,37004,-10670,2667,-562,96,-12,1 # cft deg6 r=0
2411809,0,1857388,0,3279746,0,2283404,0,1161199,0,191704,0,5596,0,-18952,0,-1841,0,-452,0,194,0,-4,0,1 # cft deg6 r=0
2537649,0,-2236572,0,5050350,0,-6955956,0,5264541,0,-2451552,0,826066,0,-198492,0,33326,0,-3176,0,116,0,0,0,1 # cft deg6 r=0
2537649,0,3498228,0,-1003266,0,-1683612,0,1666269,0,-313392,0,-39950,0,-10836,0,14318,0,-3728,0,452,0,-24,0,1 # cft deg6 r=0
140375104,270323968,621873792,789810304,965388992,858500544,726012224,484778688,308099600,159363552,79022592,31784384,13070048,4041856,1574976,352496,151480,20664,12152,288,892,-72,48,-4,1 # cft deg6 r=0
302525,606400,1577200,1856020,2847384,1986420,1842344,529244,388230,-26656,132624,71964,82898,4740,3208,-4136,4013,1676,952,-172,-14,24,32,8,1 # cft deg6 r=0
822217,-7824424,37070944,-114302244,253043872,-421983160,544738284,-553285944,445962810,-285490336,143613704,-54773800,14049498,-998488,-1173772,730220,-245247,51576,-5340,-596,502,-208,64,-12,1 # cft deg6 r=0
19369,9536,90240,169640,99752,291568,280040,-327788,355482,-124412,267180,-210096,182878,-67216,21072,-6156,10361,-5716,2036,-140,58,-60,36,-8,1 # cft deg6 r=0
39177,106002,274026,704506,1060029,1470026,1674486,1366512,1409293,684548,729200,197608,245735,33596,58152,2462,10579,-638,1700,-274,243,-48,22,-4,1 # cft deg6 r=0
223,734,4180,8506,15175,21496,30292,38408,45995,47488,43362,34652,25205,16876,10710,6290,3357,1618,708,304,123,40,12,4,1 # cft deg6 r=0
16589329,0,34453052,0,28413304,0,12882854,0,5080172,0,2531510,0,993291,0,203700,0,20050,0,1970,0,237,0,2,0,1 # cft deg6 r=0
3481,18526,39260,92022,123566,-33154,22407,-181920,11575,-120632,73043,-11704,27318,12864,-4086,3508,747,-1488,1412,-1016,551,-222,66,-12,1 # cft deg6 r=0
2719201,0,7018144,0,7709070,0,2425548,0,2108605,0,445808,0,168250,0,37996,0,12830,0,52,0,300,0,-12,0,1 # cft deg6 r=0
174028864,0,-160836864,0,84837424,0,-31567072,0,9154380,0,-1902672,0,286293,0,-27270,0,289,0,-34,0,90,0,-16,0,1 # cft deg6 r=0
1369,-5254,-4340,67784,-97918,-146710,542354,-441776,-246737,679698,-407362,-70628,250957,-161230,28974,26750,-21770,6722,240,-1264,665,-222,52,-8,1 # cft deg6 r=0
244393,-1496648,4590549,-10270058,18934109,-28874198,36842252,-39742302,36877480,-29926148,21531207,-13853026,8032478,-4212532,2003931,-864042,337709,-118856,37561,-10512,2574,-538,92,-12,1 # cft deg6 r=0
7745489,-14386930,28984355,-46397200,55457419,-52407398,44995334,-36855320,27778900,-17598972,11078521,-5803452,2938028,-1301972,557823,-204910,73363,-24484,6281,-2102,424,-84,30,0,1 # cft deg6 r=0
44521,0,-396994,0,1678957,0,1491108,0,14121018,0,1037132,0,992688,0,-38358,0,29013,0,-1626,0,323,0,-10,0,1 # cft deg6 r=0
3418801,0,-1113098,0,-83205,0,-609740,0,-170743,0,254586,0,40911,0,-6946,0,5841,0,-516,0,143,0,-6,0,1 # cft deg6 r=0
3418801,0,-4611406,0,4709403,0,-3016536,0,1623905,0,-539270,0,94903,0,2662,0,769,0,-600,0,103,0,-14,0,1 # cft deg6 r=0
5103601,13536966,24985241,32308150,34671825,30947412,24594812,17474102,11582124,7184598,4244467,2362912,1236752,598778,269597,111396,43699,16044,5821,1984,654,186,46,8,1 # cft deg6 r=0
3478225,0,-477440,0,4294382,0,-3433568,0,1625597,0,-1247020,0,431914,0,-36476,0,1822,0,-760,0,148,0,4,0,1 # cft deg6 r=0
1,-10,9,86,425,2436,7272,11182,10160,9094,11947,10064,96,-5574,-515,4356,2667,-468,-1035,-392,10,74,34,8,1 # cft deg6 r=0
3568321,0,3966900,0,3743236,0,66336,0,9654,0,211592,0,10586,0,-17756,0,8717,0,-1268,0,94,0,4,0,1 # cft deg6 r=0
1913,0,0,0,119156,0,-36092,0,624622,0,480288,0,337698,0,127956,0,51381,0,5676,0,1518,0,40,0,1 # cft deg6 r=0
234167,-342500,2185237,947182,-1738823,592510,-442608,-857354,486220,-117320,78407,158106,-50964,51620,-4715,-9946,7503,-2896,183,104,176,-174,64,-12,1 # cft deg6 r=0
1913,0,15304,0,98408,0,-283718,0,806848,0,-1125130,0,818535,0,-341516,0,77990,0,-9514,0,1425,0,-66,0,1 # cft deg6 r=0
3659569,0,-1473010,0,143959,0,114200,0,464801,0,-227070,0,86375,0,16086,0,-5687,0,292,0,91,0,-18,0,1 # cft deg6 r=0
3659569,0,91824,0,1162664,0,437142,0,158012,0,83270,0,23819,0,6108,0,1954,0,334,0,61,0,10,0,1 # cft deg6 r=0
3659569,0,-2054562,0,3220063,0,-474852,0,694305,0,129314,0,102575,0,31726,0,4289,0,160,0,43,0,10,0,1 # cft deg6 r=0
2053,-42374,318088,-1097400,2835315,-5688644,8443460,-9354492,8185669,-5953082,3754932,-2149874,1153837,-585354,281448,-127368,53113,-19662,6306,-1890,621,-218,64,-12,1 # cft deg6 r=0
3690241,0,-1794214,0,1247259,0,-396392,0,127161,0,-31726,0,6599,0,-1326,0,497,0,-96,0,39,0,-6,0,1 # cft deg6 r=0
4547,-14734,9297,3876,12539,28154,-107440,35280,115922,-182694,164259,-94532,32720,6724,-9439,412,4707,-3560,1033,116,-144,6,22,-8,1 # cft deg6 r=0
2166784,0,15709184,0,-13677824,0,1929792,0,-7701136,0,7337092,0,-1739375,0,58098,0,40929,0,-8242,0,786,0,-40,0,1 # cft deg6 r=0
69169,0,-176610,0,301857,0,-295940,0,171719,0,-60582,0,14218,0,-2525,0,413,0,-39,0,2,0,0,0,1 # cft deg6 r=0
88397,133012,347660,72564,510404,-636,347452,229532,-178222,280376,-77940,52224,31378,-73256,57104,-11336,-4811,6304,-524,-432,114,28,0,-4,1 # cft deg6 r=0
1960000,2240000,14272000,-45376000,156992000,-282091200,385150080,-368562560,261259936,-122355296,37761056,-9501568,4473648,-3136240,1580800,-495952,100596,-15296,4520,-2008,572,-108,20,-4,1 # cft deg6 r=0
43076113,28507884,91691116,57632488,88244114,28536340,16269360,-11662524,-7399939,-4727236,-1104128,-6784,381738,354656,129736,-22420,-9114,-3656,596,180,252,68,28,4,1 # cft deg6 r=0
2792363,-18927132,49346738,-75497918,100158643,-104198462,95416800,-76656532,53951865,-34794268,19857668,-10363652,4897740,-2099308,823974,-292610,97328,-28078,8354,-1784,567,-58,32,0,1 # cft deg6 r=0
15910025,3881730,20573552,11770112,2291501,2631614,271596,-1227264,-578024,-61514,-852,70180,47952,16808,5790,4462,3123,1448,600,192,61,16,12,4,1 # cft deg6 r=0
617,-8526,46634,-139346,305326,-521972,730438,-786224,651577,-424434,198306,-51362,-7072,17908,-11644,3930,-109,-586,356,-100,-7,18,-8,0,1 # cft deg6 r=0
91777,0,-164824,0,134862,0,137464,0,396687,0,372486,0,246820,0,108830,0,30115,0,5194,0,551,0,34,0,1 # cft deg6 r=0
1195625,0,-2391250,0,2098391,0,-968312,0,251393,0,-53242,0,27823,0,-13706,0,3841,0,-644,0,83,0,-10,0,1 # cft deg6 r=0
693481,0,4698766,0,18074149,0,32495886,0,25720060,0,4135878,0,-2637481,0,-81552,0,240365,0,-38510,0,2650,0,-84,0,1 # cft deg6 r=0
1921,0,3842,0,10287,0,14390,0,18713,0,17946,0,12856,0,6288,0,2078,0,400,0,-15,0,-14,0,1 # cft deg6 r=0
905,0,5430,0,16131,0,30880,0,41613,0,40902,0,29483,0,15258,0,5449,0,1292,0,199,0,18,0,1 # cft deg6 r=0
4625,0,0,0,-5380,0,-11110,0,-7008,0,1968,0,14943,0,16916,0,10200,0,2834,0,476,0,36,0,1 # cft deg6 r=0
1187,-1184,24247,7278,71757,-80528,49221,-3464,14838,24736,-50107,36666,1678,-18874,13340,-4084,601,-574,913,-796,485,-216,66,-12,1 # cft deg6 r=0
1639,-7784,22635,-50114,81049,-83160,78241,-86480,86294,-83352,72353,-50750,36598,-29042,21972,-15828,9865,-5062,2533,-1340,657,-256,70,-12,1 # cft deg6 r=0
1,0,-11,0,65,0,-241,0,628,0,-1157,0,1522,0,-1320,0,673,0,-75,0,-29,0,2,0,1 # cft deg6 r=0
185761,0,-7987426,0,114023255,0,-29442940,0,-41387951,0,7976454,0,2196911,0,502922,0,8529,0,-2940,0,227,0,38,0,1 # cft deg6 r=0
60025,0,205800,0,415030,0,431060,0,252989,0,-17532,0,-41398,0,2232,0,5302,0,1068,0,124,0,8,0,1 # cft deg6 r=0
70225,0,-21200,0,650050,0,-932990,0,886689,0,-524468,0,234919,0,-73022,0,17684,0,-2818,0,361,0,-30,0,1 # cft deg6 r=0
70225,0,-280900,0,-155550,0,753250,0,922409,0,382372,0,57479,0,3858,0,3588,0,1402,0,201,0,14,0,1 # cft deg6 r=0
58140625,0,27602500,0,-3506640,0,-2091850,0,159816,0,-57268,0,33983,0,2056,0,496,0,-322,0,12,0,4,0,1 # cft deg6 r=0
58140625,0,-103471250,0,-31384935,0,22197320,0,66857076,0,34025572,0,11711046,0,1161394,0,23296,0,-12820,0,204,0,-12,0,1 # cft deg6 r=0
191785,0,703740,0,1426902,0,1865564,0,1673319,0,960174,0,336852,0,65422,0,5819,0,-146,0,-49,0,6,0,1 # cft deg6 r=0
990625,0,-317000,0,22863444,0,3569006,0,25826640,0,47761492,0,27362459,0,-39888,0,946880,0,18090,0,2916,0,84,0,1 # cft deg6 r=0
175813,447920,562660,-1540560,-3782574,-1801412,7270984,6589924,-2322675,-8070680,1651064,1538748,153762,-872180,523720,-270176,207554,-42412,30364,-3292,2264,-84,84,0,1 # cft deg6 r=0
13537633,60611756,200937416,387231288,551683170,550507516,435249416,140623932,38065833,-58816028,830244,6015884,2582594,-2019768,248820,-136704,91230,-6904,7096,-2084,440,-92,36,0,1 # cft deg6 r=0
5116421,5727016,-12180036,-6923612,35789242,38581620,-5667652,-21081104,-4360379,4816928,3024348,316936,-473290,-210172,-2560,32128,21430,796,-3808,-428,436,68,-28,-4,1 # cft deg6 r=0
36403,-76666,-282076,572520,898249,-2380874,733680,2811370,-2769549,763392,96356,-50138,1001334,-1519066,1178548,-630460,295743,-109724,35332,-9846,2374,-450,80,-8,1 # cft deg6 r=0
836424241,0,359465642,0,-54137227,0,-37004762,0,1143020,0,1733426,0,78007,0,-8152,0,5709,0,1122,0,70,0,8,0,1 # cft deg6 r=0
2401,0,309974,0,10280293,0,-5138742,0,12953580,0,1894878,0,1529319,0,259848,0,53869,0,5342,0,518,0,24,0,1 # cft deg6 r=0
283,406,2696,1018,5681,-6222,-1328,-11416,-1255,13502,1534,2140,-6846,-6194,8660,2768,-4863,-428,1386,28,-248,-4,44,-12,1 # cft deg6 r=0
32001649,0,48802818,0,4356553,0,-12628836,0,3430718,0,2373276,0,143568,0,17870,0,19685,0,1726,0,219,0,18,0,1 # cft deg6 r=0
182525,-658700,959370,-327230,-831846,1357140,-928802,218130,263250,-397246,322242,-179976,69509,-18362,1808,2062,-1630,692,-250,94,-2,-36,26,-8,1 # cft deg6 r=0
10975969,0,51833630,0,71344809,0,10925204,0,-3973410,0,-946124,0,131840,0,66514,0,22885,0,3634,0,299,0,14,0,1 # cft deg6 r=0
1865,0,11190,0,24249,0,17828,0,-7426,0,-12316,0,1940,0,2406,0,605,0,-94,0,-33,0,-2,0,1 # cft deg6 r=0
6519913,0,18947268,0,19589432,0,7599446,0,-20064,0,-707232,0,-67245,0,45872,0,9136,0,-434,0,-136,0,4,0,1 # cft deg6 r=0
47225,0,-385356,0,744958,0,3396552,0,1044641,0,-1966532,0,578150,0,-221828,0,100270,0,-15756,0,1304,0,-56,0,1 # cft deg6 r=0
1771561,-7408346,11200365,-5017870,-5137297,7100742,-2225822,-972990,1165067,-781408,281461,181816,-210342,43870,21425,-16118,6181,432,-1824,308,237,-42,-21,2,1 # cft deg6 r=0
23125,0,23125,0,-13675,0,-16485,0,4601,0,13334,0,1919,0,-5632,0,67,0,917,0,-214,0,8,0,1 # cft deg6 r=4
2047,-6791,9126,-2967,2299,66617,-76462,-121284,261025,-187165,119086,-128284,103700,-51874,26650,-17320,7958,-2465,1101,-530,101,2,8,-6,1 # cft deg6 r=0
372817,180637,-320176,1083471,50279,-2397237,1269596,2111770,-2013737,-576267,1444804,-277536,-521428,284462,86172,-100454,4220,18919,-4245,-2004,685,104,-44,-2,1 # cft deg6 r=0
961,-3968,4630,3266,-8129,-5892,16584,2838,-21242,6294,12708,-8662,-2127,4630,-1652,-1224,1136,114,-290,36,29,-20,-2,4,1 # cft deg6 r=0
23514919,45337166,35440414,22252086,20524167,13465452,4455136,4495498,6975004,4727052,1100364,-158098,110429,274578,121764,-10988,-27314,-6288,2514,1464,53,-112,-18,4,1 # cft deg6 r=0
1,-24,197,-908,2297,-1812,805,-3834,2665,1082,-300,-2780,-351,750,-40,-312,1,212,9,-48,4,22,-4,-4,1 # cft deg6 r=8
50653,0,-125948,0,78514,0,39368,0,-61801,0,23240,0,-6132,0,1712,0,1739,0,-1324,0,258,0,-24,0,1 # cft deg6 r=4
271926397783,-314664745758,441322626486,-274570656642,195175724625,-83829068222,55084179832,-29841177664,16055679196,-6326770086,1893350378,-390146422,114231489,-30112074,6104552,2232080,-1797960,278118,101414,-33842,-435,990,-44,-12,1 # cft deg6 r=0
42756210257,-109551543396,273239732554,-256615256288,125816640049,-64050226808,27777258858,-3486057516,275242114,1390237172,-516852934,-54179096,-210581663,86802424,39410358,-18774148,-1608078,1372812,15750,-58104,2193,1216,-74,-12,1 # cft deg6 r=0
1493,0,1493,0,-1799,0,-19541,0,-38411,0,-8602,0,34827,0,28852,0,10243,0,2197,0,294,0,24,0,1 # cft deg6 r=4
1553,0,7765,0,4851,0,11392,0,-2359,0,-7753,0,-7174,0,-4369,0,1265,0,2740,0,919,0,81,0,1 # cft deg6 r=0
347,1032,1929,1654,-935,-3328,-2369,-124,3783,-1254,856,-2470,1681,-578,-54,140,203,-288,313,-50,40,0,4,-4,1 # cft deg6 r=0
7834663,-47520482,144207860,-265514424,328655609,-299789572,214591012,-120587220,54272376,-21598046,5884772,2848880,-5201079,3441476,-1099024,-122292,327328,-157746,35824,-1616,-1295,352,-24,-4,1 # cft deg6 r=0
29,0,-58,0,-255,0,-1234,0,-1662,0,-262,0,401,0,190,0,142,0,42,0,5,0,2,0,1 # cft deg6 r=4
29,0,58,0,589,0,-886,0,958,0,-526,0,-611,0,1506,0,-1034,0,390,0,-43,0,-6,0,1 # cft deg6 r=4
1607,-6878,15215,-19096,49321,-26836,73922,-19604,58641,-4054,28671,368,11448,-1194,3309,-1320,715,-912,226,-100,11,2,17,-8,1 # cft deg6 r=0
1355113,-2443490,8415805,8872432,-5321607,-9796944,856034,4461616,228607,-1594162,-101727,467564,63818,-101194,-16853,14916,3283,-1952,-710,224,97,-18,-5,0,1 # cft deg6 r=0
1745,-8145,-64240,-58605,-133989,163339,47722,276480,-522823,-428969,400480,824528,-575558,-506436,348074,209438,-85576,-56273,5425,7502,689,-350,-70,2,1 # cft deg6 r=8
339155,-3016685,-3760255,12876430,4889444,-22363223,6010077,17142282,-15054851,-2630917,8813969,-2867642,-1161177,976855,-60865,-174566,47935,18281,-8013,-1300,764,62,-40,-2,1 # cft deg6 r=8
11800511,7143193,-49924795,-65310254,103950273,166556920,-144106068,-203198922,132577716,139798015,-77107149,-58088890,28075533,15055044,-6421776,-2464786,916124,253597,-78543,-15686,3737,494,-94,-6,1 # cft deg6 r=16
5787584,-16988160,-20499712,96525440,-72772608,-67529728,148776640,-94887424,22587720,-8884000,11254248,1191536,-9393552,4663896,784152,-1220640,169401,118110,-33301,-4978,2282,78,-74,0,1 # cft deg6 r=12
1135996,9617020,17545904,-14178804,-59984382,-13883786,70334996,47223042,-33104417,-48541479,1155217,26118450,5386152,-8043601,-2451403,1435536,512043,-144881,-56749,7874,3322,-208,-94,2,1 # cft deg6 r=12
293073556,205219792,-530350168,-718666040,333324222,887182352,-45392934,-497117576,-124929843,190848034,79077181,-50093408,-23569979,7467168,6056603,-1437696,-900318,280568,46969,-24032,271,806,-70,-8,1 # cft deg6 r=8
7195856,30477632,20860784,-30625952,-19853324,-3207768,24988188,1858564,-9513589,-3964362,1209263,1342930,857806,-51602,-167596,-68424,-14983,3670,3596,676,20,-48,-17,-2,1 # cft deg6 r=8
4957975,-30683950,42398725,-22269810,27204006,-10217080,9294380,-12588312,-1816674,5422670,-8086653,5686754,-857076,-508712,631256,-379320,110530,-18366,4649,-1138,-206,180,-26,-4,1 # cft deg6 r=8
798689,8271990,29218464,51690160,43528409,-2364320,-41303207,-35000350,-3890057,12699246,8681977,644862,-1849392,-738682,127510,114932,-4661,-13264,2141,3930,723,-186,-53,2,1 # cft deg6 r=4
-1111231,-449208,1711024,-788396,-3927214,-1761084,3785742,4095320,31927,-2478392,-1389410,362584,725153,260584,-71782,-80420,-16317,9200,6354,1048,-218,-160,-28,4,1 # cft deg6 r=8
-152437459,38886240,88628100,72089072,-18348588,-59605548,-29427478,26271548,26776746,-4536860,-11809186,-1106296,3098943,659424,-421190,-158452,37067,16216,-2124,-1004,175,80,-22,-4,1 # cft deg6 r=4
-967879,7968708,1550932,-46221462,60702387,-1310342,-108821571,35636328,79307847,-18889902,-34786131,3016242,10707573,307840,-2351936,-178960,350761,28612,-33806,-2466,2020,114,-69,-2,1 # cft deg6 r=8
55696,0,474832,0,1449596,0,2866980,0,-4905179,0,2774854,0,-796575,0,116842,0,-3816,0,-1566,0,277,0,-22,0,1 # cft deg6 r=0
361,-3040,16356,-58450,142024,-244076,315871,-312002,306199,-158884,22968,245268,-118373,-44524,45762,-39246,9935,12944,-5311,-1556,751,88,-45,-2,1 # cft deg6 r=0
-109169,1581240,-7273409,13295254,-5987278,-14601366,23533500,-6557140,-14797490,14950428,110033,-7881542,3304664,1837702,-1550868,-174732,360606,1780,-48585,94,3178,2,-94,0,1 # cft deg6 r=12
88469,1999180,12636723,15608762,-34965199,-79979142,-3786263,90397246,48931043,-32222244,-30184506,4291976,9019003,193688,-1686171,-149878,219416,23946,-20660,-2060,1360,98,-55,-2,1 # cft deg6 r=12
7049899189,-17860382676,23027549722,-20710766262,13991028092,-6941818566,2237223259,-68644038,-496748272,400318592,-197901752,67876378,-13739010,-671186,1901129,-868714,221868,-21000,-8852,4830,-1136,82,31,-10,1 # cft deg6 r=4
-2358179,11120824,-13472426,30048508,-55127033,5441692,-53706432,4199328,-14591441,5754092,369194,488668,754435,-659684,318422,-199364,92726,-33332,13106,-4380,1176,-316,76,-12,1 # cft deg6 r=4
-1760000,6960000,-2312000,1056000,-20354000,-9705200,-16150120,1323600,-1977439,3511268,-181934,228144,-177549,-162336,92780,-35932,32357,-14092,4340,-2296,991,-276,66,-12,1 # cft deg6 r=4
3687319,-7887950,5386993,-6246114,-2821221,11910136,-27438759,51935062,-65195669,53270172,-29606998,12355572,-4903222,1929584,-375110,-218124,206381,-71822,8149,2734,-1189,120,29,-10,1 # cft deg6 r=4
907018279,2324291296,-3330100484,-4044923776,4119869452,3211724400,-2715829434,-1524144560,1133345976,481220836,-326593444,-107392004,67502127,17541416,-9993644,-2090368,1034925,173052,-73038,-9396,3307,296,-86,-4,1 # cft deg6 r=4
452864,2651648,6398464,6355200,-2999104,-11522048,-3236704,15348224,17595488,542976,-14251224,-10879696,1750532,5857424,1750206,-1025384,-713417,-41540,78356,23988,671,-752,-98,4,1 # cft deg6 r=8
-2595184,22041696,-68349280,94522176,179424684,-382962760,-505755536,-15777788,278449831,115911982,-64061477,-50401970,6576257,12112982,-147416,-1912128,-557,197790,-4642,-13088,772,500,-48,-8,1 # cft deg6 r=8
-98720816,445268832,-547261120,-151448288,899091176,-674181312,-58278012,344376784,-149899635,-25967782,26012853,10048454,-10575235,697294,1492584,-282188,-160381,47198,15468,-8360,580,296,-48,-4,1 # cft deg6 r=4
34291171,-10837744,-91072548,27513280,100669295,-20918052,-46435246,8145664,6902068,329864,1068712,-1726992,-106597,802836,-98322,-160496,37424,18824,-6248,-1488,555,60,-30,0,1 # cft deg6 r=0
9551,-23424,210664,-380240,959310,-947584,860096,-700748,161242,-120712,215914,-46444,59847,-141920,51930,28972,-10677,-13736,9530,-1360,-571,208,-2,-8,1 # cft deg6 r=0
-36068359,-189118889,-144462133,355011296,61201779,-415879068,-87304180,321461124,85704642,-167716199,-58826811,59333980,27642911,-11908260,-7026044,1329452,1008342,-82949,-84001,2680,3959,-34,-98,0,1 # cft deg6 r=8
3422144,-5627904,-56785856,189956224,-125485760,-207568064,286875264,34564352,-198268256,44176512,67040192,-27919984,-12449976,7679688,1261176,-1236792,-52303,128012,-2671,-8780,525,380,-35,-8,1 # cft deg6 r=12
-1590124,-609284,-957920,22416892,-17917430,8496606,-1658222,-4050184,3935203,-1336503,438599,-92880,-64746,-24409,31623,2334,-4249,1947,-1353,-84,156,62,-20,-4,1 # cft deg6 r=8
102745264,-341094552,358096592,27110188,-333836885,195282682,101542495,-183426400,72355973,27368704,-38902720,12265664,3596526,-4091140,928890,319400,-224934,25400,16544,-5420,-169,330,-25,-8,1 # cft deg6 r=4
9259456,-40654080,93650304,-143110048,165256840,-153597024,120443868,-80265140,46231119,-23274534,10848772,-4663456,1779527,-461170,-8573,102306,-78964,34938,-11175,2074,-133,-80,29,-6,1 # cft deg6 r=4
2622236,15631336,27011308,8357296,-2097606,9633472,-7059754,-17888772,-1283881,3623564,-842308,-676500,523605,81486,-128083,-3436,17874,-3502,-2163,808,267,-86,-25,4,1 # cft deg6 r=4
3025,-94300,449310,-170900,10956,415932,52326,-129468,97450,112240,-37608,-30800,42269,11476,-12506,-928,4805,36,-810,72,181,-24,-14,4,1 # cft deg6 r=4
-1296829,-6393806,-14341261,-21480674,-25093043,-20570122,-8783430,651460,5011968,6369888,4701755,2386322,911997,161254,183976,50540,34192,-10298,-5612,-3256,-510,-36,12,8,1 # cft deg6 r=4
796151,-9431282,106060909,-67997830,-105334002,94541872,41090175,-53046034,-6589253,16594634,-2190721,-1489446,1291080,-817044,-234038,332396,20892,-59742,-2000,6092,321,-340,-30,8,1 # cft deg6 r=8
-1619,-29656,-94288,383698,-577961,679788,566227,78860,-1129852,-1108636,-598959,-230704,-436262,-486968,-282463,-89076,-12674,6776,5749,1640,119,-52,-33,-6,1 # cft deg6 r=4
-1340069,6209142,-16459073,30438528,-37712375,27149280,2255239,-38212702,59395639,-56154180,39260402,-22204320,9999965,-2964054,100805,389272,-178136,21602,9650,-4054,232,172,-35,-2,1 # cft deg6 r=4
1257404,6860624,38355146,13051212,19976625,22792302,9975140,3846316,4061948,1639464,609067,598766,314139,98612,66360,25832,4821,2466,936,-92,22,16,-9,-2,1 # cft deg6 r=0
-183571,-650242,114755,2479664,1425534,-2345976,-1056414,372846,-472894,924710,-487407,90448,156748,-207212,197020,-95426,40796,-12374,3493,-1128,428,-180,50,-10,1 # cft deg6 r=8
49279,230390,-1140299,1864612,-669937,-2489718,4700569,-5119904,5862584,-8041122,8253361,-4664236,387271,1229814,-735537,49472,141608,-44326,-17233,7092,2431,-154,-89,0,1 # cft deg6 r=8
20792141,57179119,81590899,98604922,119932433,123780592,97553636,57013128,19186015,-3240398,-3369638,7531060,11815166,6839392,1117712,-775568,-452861,-43585,32531,9810,-335,-480,-36,8,1 # cft deg6 r=0
392365919,-233422964,676981565,-507339504,575215862,-338641578,269447070,-117625448,69147358,-25666712,14945239,-5293128,2817500,-890958,458986,-161104,82106,-28400,11329,-3288,1074,-258,60,-8,1 # cft deg6 r=0
57932881,-151253624,329544037,-485558226,629490472,-667108184,636233268,-526077004,395806212,-264737612,162163927,-89277694,45117738,-20546428,8578528,-3215096,1099652,-333708,91577,-21742,4592,-792,118,-12,1 # cft deg6 r=0
43826044,-66842840,25316680,-5061456,14466750,-3860144,973924,-2930688,737587,-259096,84081,114154,-5816,31592,-7454,-4178,1442,-1236,57,22,24,28,4,2,1 # cft deg6 r=0
43889899,89529056,52275014,-30821428,-62139016,-18165104,26231864,24249708,-2508719,-13433184,-1938158,4935476,1092867,-1263512,-303780,232740,56181,-30436,-7304,2704,652,-148,-36,4,1 # cft deg6 r=4
-24611,-49028,4182086,23708450,60434622,97979584,117937353,113755168,90423282,59857192,32987372,15000204,5442817,1399304,119772,-112820,-79484,-31396,-8439,-1316,38,106,36,8,1 # cft deg6 r=8
14864,-92096,-94712,409232,-314860,-71784,701102,-771612,-13211,528772,-412154,-31084,294924,-98856,-114214,58052,30697,-16248,-6516,2280,928,-116,-60,0,1 # cft deg6 r=12
1227776,-1754112,16651264,1158144,59784320,-488704,362053248,-35391424,324240272,117649664,75560368,39635840,2675892,110232,-902624,-593856,-26007,26476,13824,5148,258,-292,-48,4,1 # cft deg6 r=0
1361749,6524044,19987604,44236458,77086318,109837468,130934771,132490840,115050914,86450732,56691350,32700192,16685459,7534704,3004100,1051836,318084,80444,16209,2216,66,-42,-8,0,1 # cft deg6 r=0
220900,-609120,1530474,-2093136,2814103,-2421770,2437429,-1477098,1142026,-486616,322796,-54188,109871,10696,47104,12964,12931,5214,2827,898,432,100,34,4,1 # cft deg6 r=0
1945351,5176573,9171797,10596532,9757828,6262491,3353993,1038864,517938,829960,1239930,897140,525645,190592,51614,-1136,4041,-1483,1365,-138,115,-50,0,-2,1 # cft deg6 r=0
214692259,-162879218,-39599648,197813996,-235662876,144042272,-27260379,-49616122,73150768,-61990512,40448668,-21975400,10428083,-4451638,1724860,-600404,181580,-46518,10679,-2824,962,-312,76,-12,1 # cft deg6 r=4
-83875,9226525,40384569,64327562,58600626,40085377,31122067,25371998,20146330,17574790,15546360,11125178,5812601,1958842,158832,-234632,-110267,1281,14869,3278,-565,-256,4,10,1 # cft deg6 r=4
785884864,-1201600544,2856011296,-2131323600,2401740604,-843363968,781450754,-33884312,164784629,35105920,34963852,11645836,5109867,1927756,484634,75656,-4794,-7448,-4778,-1544,-195,4,2,4,1 # cft deg6 r=0
63552275,-202302650,226474625,-93231710,45984999,-95745072,118612653,-90211210,12817753,41225654,-17839896,-12441252,8827247,1331024,-2324068,243124,335829,-80250,-28471,8650,1542,-422,-54,8,1 # cft deg6 r=0
-8704991,-37063984,-73900574,-87130600,-50244207,38189800,136732406,160914296,79009738,-29558912,-69346054,-40214232,-3160743,8399320,4207042,75640,-562006,-145600,23822,14392,401,-568,-54,8,1 # cft deg6 r=8
123007361,-874304773,-4382539334,1376263373,7997541177,-701419057,-6428290686,48770712,2879710471,102004725,-769892366,-54707354,122283122,14163916,-10450664,-2035138,266066,147607,25615,-3014,-1779,-172,6,6,1 # cft deg6 r=12
-57739,-1174117,-7580990,-19753941,-27686715,-67049675,-136901962,-25959904,150625619,67596595,-65295560,-31032340,18058672,7365920,-3485246,-1061730,464456,95349,-41387,-5186,2329,156,-74,-2,1 # cft deg6 r=12
39079841,-227903526,363260393,1246,-424836977,91771094,463172561,-313486786,-131871897,172080652,6144072,-49562248,5442955,9240468,-1735628,-1188452,274983,107466,-27139,-6554,1688,244,-62,-4,1 # cft deg6 r=8
121801,0,-1428994,0,4189389,0,-2603574,0,-795586,0,927542,0,-166387,0,-19466,0,7146,0,-1102,0,225,0,-26,0,1 # cft deg6 r=12
5776,0,-1451424,0,8067392,0,-3847104,0,-6142964,0,-1437528,0,-151720,0,-1152,0,6129,0,606,0,-5,0,-18,0,1 # cft deg6 r=12
248656,391760,-660412,51952,1503367,-2295576,-6781359,-2206578,9160455,6300232,-2844994,-2057772,133707,-43256,108639,88666,-30947,-6032,2398,-1084,217,112,-31,-2,1 # cft deg6 r=12
517184,-2982496,3606324,4586912,1145891,1214128,-8340599,-5266018,202423,-1253352,130838,-212428,-14801,374096,-54017,39658,29413,-12480,3734,-76,-403,88,-7,-2,1 # cft deg6 r=8
2418025,0,-40071480,0,86454784,0,-58982324,0,19953376,0,-4484592,0,1027294,0,-155960,0,20912,0,-2692,0,208,0,-16,0,1 # cft deg6 r=8
16,0,-27424,0,-295168,0,265952,0,1056124,0,598168,0,409472,0,161496,0,-5983,0,-2450,0,-85,0,6,0,1 # cft deg6 r=8
-3920389,-24225554,-31572861,21749852,62487200,15477212,-24386571,4492370,18533723,-10814948,-23878258,-7734296,4880480,3929256,269626,-600364,-195767,25414,25023,2828,-1184,-340,1,10,1 # cft deg6 r=12
22801,0,2067878,0,-3822951,0,-7371774,0,7582610,0,-47306,0,-114923,0,-50122,0,5526,0,-422,0,277,0,-34,0,1 # cft deg6 r=12
-999769,-7701250,13051239,27323364,-21504512,-31951500,19181525,19319250,-13385709,-9434660,5833430,4187896,-942496,-1087112,-94822,100116,36933,5558,-1485,-1356,-352,4,33,10,1 # cft deg6 r=12
256,0,-14656,0,-104448,0,495692,0,1626001,0,35200,0,-134672,0,-37792,0,-6866,0,-704,0,-32,0,20,0,1 # cft deg6 r=8
65536,0,-4037632,0,-6860144,0,-4522508,0,-1282687,0,158408,0,206320,0,42648,0,-1602,0,-1928,0,-304,0,-12,0,1 # cft deg6 r=8
3330064,10607776,10374060,-3239540,-15435881,-11271080,2477953,8320938,3538779,-1245824,-1476130,-350624,22495,45232,78643,40190,-11787,-13848,-1218,1936,509,-112,-43,2,1 # cft deg6 r=12
-16109,-1257232,3971123,9820994,-43290002,39749120,25803671,-50106930,-2043485,25485264,-2359562,-7293164,858036,1304112,-88442,-177220,-3239,22208,135,-1750,-18,80,19,-10,1 # cft deg6 r=12
92416,0,-425024,0,-620928,0,1238204,0,2086065,0,919980,0,142782,0,-12852,0,-10033,0,-584,0,90,0,8,0,1 # cft deg6 r=8
11881,0,-28976,0,-1021260,0,-1812836,0,-706920,0,-4840,0,55494,0,50376,0,4872,0,812,0,-508,0,0,0,1 # cft deg6 r=8
256,0,-57344,0,1134208,0,-2573312,0,-5500816,0,2353056,0,85304,0,-211512,0,54729,0,-7866,0,743,0,-42,0,1 # cft deg6 r=12
65536,0,434176,0,-392960,0,-2936512,0,-386288,0,380352,0,30160,0,6960,0,-1588,0,-528,0,84,0,-12,0,1 # cft deg6 r=8
841,0,-10734128,0,35960756,0,-40750900,0,23505880,0,-7851848,0,1820870,0,-345272,0,54280,0,-6180,0,516,0,-32,0,1 # cft deg6 r=8
-123259,874084,-1333251,372444,198852,362746,-743199,426302,152508,-181040,-14079,-4944,26646,-24474,11767,-5390,1712,1856,-1685,720,-216,58,-13,-2,1 # cft deg6 r=8
-110336,-1864960,-6230692,-9404562,-13686049,-13656904,-11809725,-8004102,-3751767,-686312,1019152,1542236,1307682,665448,200370,-37244,-63226,-16056,3460,3446,527,-192,-53,2,1 # cft deg6 r=8
274576,0,-7662432,0,28119024,0,-7079360,0,-96184,0,1604000,0,905544,0,132344,0,-3807,0,-2818,0,-73,0,6,0,1 # cft deg6 r=8
96721,0,30334,0,-6157321,0,7010494,0,-2308337,0,391844,0,-174430,0,-8484,0,-7537,0,-514,0,-121,0,6,0,1 # cft deg6 r=4
19321,0,1525544,0,8784720,0,556860,0,2784060,0,-371496,0,210298,0,-44736,0,12276,0,-2332,0,340,0,-40,0,1 # cft deg6 r=4
121,0,-40290,0,-847633,0,-374594,0,465055,0,-142644,0,96706,0,13572,0,-19113,0,-2826,0,111,0,30,0,1 # cft deg6 r=4
6400,0,-28480,0,14464,0,26284,0,-38591,0,19860,0,-6174,0,4652,0,-1413,0,-848,0,-606,0,-48,0,1 # cft deg6 r=4
5387041,0,-31515888,0,-24928132,0,-12065132,0,-2868336,0,-498504,0,-127058,0,-63448,0,-9952,0,1012,0,364,0,32,0,1 # cft deg6 r=4
-66475,459900,-973135,656760,-614854,-1487418,980695,-443218,1806679,-1991040,929306,-248952,-23220,305700,-188930,62852,-26029,4404,613,208,122,-26,-5,-2,1 # cft deg6 r=4
24166711,-69935560,70715523,62152146,-134355526,13113480,75546879,-32808914,-17233285,14351744,770758,-2841836,359964,274016,-57786,-9508,-355,1480,-345,26,122,-104,43,-10,1 # cft deg6 r=4
8384,-140032,566604,-28038,-2020903,257438,2394393,661934,-918481,-1313276,-372878,766866,417741,-187086,-98641,56762,23301,-11020,-4542,1286,575,-82,-39,2,1 # cft deg6 r=12
33536,-259328,-1378112,1059840,4218768,-1388384,-2356880,435808,-1257504,454688,1483840,-80992,-511956,-138664,76036,65112,-2024,-11544,-1920,1056,445,-62,-37,2,1 # cft deg6 r=12
400,0,-2320,0,3904,0,-3824,0,15016,0,-30152,0,21104,0,-9840,0,3577,0,-877,0,168,0,-21,0,1 # cft deg6 r=12
361,0,1066,0,-195211,0,-176554,0,-56842,0,-101414,0,-18455,0,32994,0,518,0,-2306,0,549,0,-46,0,1 # cft deg6 r=8
15335056,0,-15999072,0,1345760,0,5469024,0,-3903908,0,1383864,0,-279608,0,19904,0,7201,0,-2786,0,443,0,-34,0,1 # cft deg6 r=8
49789,893612,672317,-6166700,151064,13615418,-11520667,113062,3528732,-1517504,58709,-336904,451670,-16242,-160437,100810,7536,-14888,727,192,148,50,-29,-2,1 # cft deg6 r=12
2299,118888,-81593,-5420534,-7735300,23178948,3577029,-4503770,-11019242,-745272,1791855,73402,-139102,21924,93823,22362,-11686,-10200,-1139,1494,332,-92,-29,2,1 # cft deg6 r=12
4182025,0,-7767070,0,-9320851,0,25838214,0,-20654314,0,8636562,0,-1973839,0,189554,0,11606,0,-4490,0,461,0,-30,0,1 # cft deg6 r=8
102400,0,-669440,0,916816,0,-754716,0,240129,0,18952,0,-13744,0,7912,0,-898,0,-8,0,-16,0,-12,0,1 # cft deg6 r=8
495616,0,20843520,0,-125913088,0,163950272,0,-51497456,0,-5446848,0,3042512,0,40688,0,-41956,0,-1632,0,92,0,20,0,1 # cft deg6 r=12
300814336,0,811125760,0,3612672,0,-389450048,0,-126200816,0,7470336,0,6733872,0,455312,0,-77812,0,-8816,0,76,0,36,0,1 # cft deg6 r=8
65536,0,-176128,0,89344,0,198208,0,-880112,0,666240,0,118624,0,-60320,0,-872,0,-1632,0,-56,0,-28,0,1 # cft deg6 r=8
-2642275,19121700,3218065,-37790980,4596144,20413686,-25042071,-9890446,14056180,1912408,-2726843,-993192,441226,828154,123479,-28578,-44384,-31752,-6537,-2808,-164,-58,19,2,1 # cft deg6 r=8
-254591,2866320,-4904566,2565052,14126085,-29123260,-21745538,5688140,-17567714,-9290440,6569146,170460,41929,765164,-150678,-107932,7566,-2872,-1314,1668,437,-140,-38,4,1 # cft deg6 r=8
-14771,5820,21369,-72488,253000,-547154,768941,-562762,-98500,720104,-743163,264580,157006,-243646,77719,43602,-29804,-1328,3031,-412,36,62,-25,-2,1 # cft deg6 r=8
23658496,0,-22183936,0,-57708544,0,10795008,0,-362240,0,-689664,0,326528,0,-36992,0,-2128,0,1536,0,-136,0,0,0,1 # cft deg6 r=4
130321,0,7177402,0,3990333,0,-19888018,0,6993230,0,2006970,0,-844047,0,-97286,0,19022,0,462,0,-195,0,-6,0,1 # cft deg6 r=4
-3069119,11348400,-766662,-13644900,35076125,9396500,-19665354,40167468,-1014290,-11136584,5349546,-64324,-1899263,549404,268098,-152988,-15346,19400,-1714,-1276,445,68,-14,4,1 # cft deg6 r=4
-1100311,3147302,-4262419,4299122,-3667840,3273058,-2904871,1180606,1066151,-2082988,1729878,-940676,273992,59420,-97858,52900,-13137,2278,1549,306,-104,34,-7,-2,1 # cft deg6 r=4
-4350401,-20488288,8913479,4017994,35067872,1392572,8297349,-1775226,5350018,2937088,558895,-1042326,133430,201692,13095,-53750,-11202,2336,2437,390,-168,-68,-5,2,1 # cft deg6 r=4
16777216,0,-86769664,0,114692096,0,-82216960,0,37638400,0,-11997184,0,2779136,0,-484864,0,64480,0,-6400,0,496,0,-24,0,1 # cft deg6 r=4
1957201,0,-3081962,0,-8331431,0,-2430446,0,95494,0,111254,0,-32683,0,-32378,0,-8346,0,-1118,0,-71,0,6,0,1 # cft deg6 r=4
495616,0,830464,0,-8421376,0,5921472,0,5281040,0,-2263552,0,-557584,0,237872,0,-6180,0,-4704,0,628,0,-36,0,1 # cft deg6 r=12
13456,-285824,971916,3845052,-3344977,-8233726,5395995,4710704,-2907817,-3287028,1191666,2957756,-1768949,-808626,924629,-55272,-182447,48540,14102,-6716,-211,394,-29,-8,1 # cft deg6 r=12
-33595,-412240,-2295831,-7584980,-16541680,-25108678,-26323467,-17549886,-5160048,3185668,4325381,1531424,-412058,-604562,-116265,128558,46136,-19044,-8257,1648,840,-78,-45,2,1 # cft deg6 r=8
30976,0,-489536,0,-11671680,0,3108924,0,1800065,0,-1888172,0,1499386,0,-550428,0,100223,0,-11824,0,974,0,-48,0,1 # cft deg6 r=8
2111,18858,-487901,555544,6373818,1787224,-8368617,-1146798,1614570,1757230,2748367,-2392548,-1017756,718480,153909,-54162,-23954,-5262,3197,972,-106,-60,-15,2,1 # cft deg6 r=12
6990736,0,-15605472,0,26237680,0,-23010432,0,10760968,0,-3045312,0,533256,0,-37592,0,-10495,0,3118,0,-201,0,-10,0,1 # cft deg6 r=8
9030025,0,-12343120,0,5061044,0,-2262908,0,1968884,0,-860840,0,-427286,0,220400,0,-12484,0,-4820,0,816,0,-48,0,1 # cft deg6 r=8
11541749,-83290840,254672377,-413568724,334481758,-4345390,-271909221,256203250,-65367737,-56911048,50172450,-6483952,-9420268,4487564,333534,-753668,120323,59760,-20315,-1996,1486,-14,-57,2,1 # cft deg6 r=8
168880,658920,-457696,-8440014,-11789305,4270632,4909755,-13933114,-5093485,10044160,2630050,-4557334,-629913,1298256,-66675,-210246,47377,13824,-5422,182,261,-56,-21,2,1 # cft deg6 r=8
-4677749,6835970,4348999,1169568,-5623554,-4567056,842979,2290818,1024014,-531290,-245009,132060,84060,-51032,-27447,7838,3930,-1158,-595,348,90,-28,-15,2,1 # cft deg6 r=4
48664576,0,-76155648,0,63669200,0,-41469228,0,21418321,0,-7708004,0,1751818,0,-210324,0,4159,0,1584,0,-50,0,-16,0,1 # cft deg6 r=4
87025,0,66590,0,-786729,0,598862,0,960271,0,-99916,0,-58526,0,-2468,0,-5969,0,-690,0,39,0,-10,0,1 # cft deg6 r=4
1047296,-3815712,3121652,-9738870,51546479,-116538816,152546835,-137648442,94148531,-48801976,16151542,-782878,-2021993,650952,201157,-167718,12825,18072,-4682,-946,501,16,-29,2,1 # cft deg6 r=4
-583504,-1287496,-3375056,-3309242,-4322489,-3444472,-4208449,-4264786,-1656053,-529296,575170,208878,231275,-36416,4605,-21486,-3599,-336,510,722,-71,-8,-25,2,1 # cft deg6 r=4
10000,0,256000,0,1666000,0,210880,0,-1737316,0,1315312,0,-477164,0,102584,0,-15643,0,1660,0,-78,0,-12,0,1 # cft deg6 r=4
-25521616,-22771352,81138968,64027326,-101829325,-113580290,101312808,91871744,-61772265,-43356372,20549860,14775626,-3479545,-3866558,133484,732032,62153,-91412,-13364,6838,1241,-266,-56,4,1 # cft deg6 r=4
15131,-49904,-583189,-1992338,-4320282,-7398112,-11006457,-14550030,-16901133,-16994384,-14646586,-10717492,-6545564,-3223408,-1181146,-240508,39297,51904,16895,582,-1210,-304,3,10,1 # cft deg6 r=4
121,0,3470,0,-346321,0,1287486,0,5356783,0,-349652,0,-3443150,0,626004,0,37383,0,-8474,0,-65,0,14,0,1 # cft deg6 r=12
30976,0,3599040,0,-19048832,0,12641484,0,21619617,0,-10016232,0,-337584,0,231640,0,40670,0,-88,0,-320,0,28,0,1 # cft deg6 r=8
256,0,-388608,0,6452224,0,-2816768,0,247392,0,558592,0,-247056,0,47888,0,7761,0,-930,0,287,0,-34,0,1 # cft deg6 r=8
1861645,-4022040,-654759,3634860,-913840,1735314,240949,-1609166,693300,251580,-234095,323760,-206582,-123170,103199,358,-23668,-100,731,232,260,-38,-29,2,1 # cft deg6 r=8
-3171136,12314336,-8094308,-25965956,62739075,-75685888,57766605,-23615530,8896463,-1104792,-8109738,4157432,118507,-684720,363287,17098,-39483,15552,922,-1848,321,88,-35,-2,1 # cft deg6 r=8
128881,0,-1850996,0,4104490,0,-4731684,0,3186687,0,-1071688,0,182252,0,-24584,0,11599,0,-644,0,170,0,-20,0,1 # cft deg6 r=4
3481,0,-8051416,0,-57600900,0,-61796300,0,-18294608,0,3319032,0,2686358,0,489056,0,48096,0,5556,0,332,0,16,0,1 # cft deg6 r=4
40960000,0,86528000,0,-146400000,0,-99247040,0,-30653936,0,-6078848,0,-627344,0,33584,0,23692,0,4080,0,412,0,28,0,1 # cft deg6 r=4
28344976,0,-89485792,0,94434208,0,-53300512,0,18080892,0,-4745224,0,806936,0,-166320,0,16481,0,-2754,0,187,0,-18,0,1 # cft deg6 r=4
591445661,2944406032,3073407857,2012398980,878659024,290973686,-1855555,-57611298,-21747484,495676,653257,-1036032,-80518,110138,26247,-42182,-4660,-1972,-77,-424,116,-66,11,-2,1 # cft deg6 r=4
-1641904,-4070392,16683816,-3879522,7988021,-5848294,109213,-1855810,2226165,-1047344,434132,-162332,149026,-158076,39342,11332,2026,-5096,268,126,217,-46,-3,-2,1 # cft deg6 r=4
122725,1407800,5001065,9871460,-4961334,48526110,20534647,-21105986,-1924993,5942608,-1128658,-1006424,401524,7188,-90782,35716,15483,-9128,-1767,1108,98,-50,-9,-2,1 # cft deg6 r=4
-55771984,277578072,-489374448,449407482,-269431643,59505042,74105537,-118807378,99483065,-65040416,36126324,-18168844,8784102,-4179036,1811590,-682564,232838,-76872,24324,-6670,1573,-326,65,-10,1 # cft deg6 r=4
65536,0,-133120,0,-1476848,0,-321964,0,2392113,0,1984200,0,45964,0,-432000,0,-113514,0,408,0,1052,0,76,0,1 # cft deg6 r=8
13456,0,-24574816,0,-46875936,0,38734496,0,38049564,0,774136,0,-4322840,0,-883360,0,-28143,0,1158,0,483,0,22,0,1 # cft deg6 r=8
1,0,7272,0,-95656,0,6356,0,-1354792,0,-1063968,0,-268954,0,-29032,0,1400,0,884,0,-40,0,-16,0,1 # cft deg6 r=4
92416,0,993728,0,-1715712,0,-9460804,0,-6589807,0,-3088256,0,-1354772,0,-289672,0,-44938,0,-928,0,524,0,44,0,1 # cft deg6 r=4
25,0,-156390,0,-856869,0,-1300454,0,-292785,0,684324,0,694938,0,301548,0,51143,0,1634,0,-85,0,26,0,1 # cft deg6 r=4
121,0,8642,0,86703,0,236762,0,288931,0,127708,0,-71974,0,-77604,0,-14677,0,1090,0,511,0,42,0,1 # cft deg6 r=4
65536,0,-4812800,0,-9790208,0,-4740544,0,-728048,0,-288960,0,-172592,0,-27888,0,1084,0,-64,0,-132,0,-4,0,1 # cft deg6 r=4
118831801,0,402971762,0,187526343,0,-112233902,0,-122929053,0,-38949900,0,-3672790,0,776836,0,265259,0,33466,0,2199,0,74,0,1 # cft deg6 r=4
5313025,0,52114260,0,-22558154,0,-22517188,0,7551871,0,-231960,0,-390428,0,53624,0,2527,0,-380,0,6,0,12,0,1 # cft deg6 r=4
43385584,61163336,76578816,-24424558,-101973897,-85801120,-16943929,43714306,29415957,-7977512,-8443260,4351372,2799478,-1552920,-915862,172316,107978,-27072,-9596,3778,1091,-168,-57,2,1 # cft deg6 r=4
75625,0,-965300,0,909586,0,-2837668,0,1108975,0,-276712,0,6396,0,-936,0,-1177,0,-1188,0,-78,0,12,0,1 # cft deg6 r=4
-326720,7010000,-13852924,-2024436,-1460061,-1331552,188421,6300102,3761539,-1822984,-3003206,-884112,401395,377952,70539,-16782,-19039,-4368,-854,776,209,8,-27,-2,1 # cft deg6 r=4
219824,329216,1552940,-1113344,4420311,-288024,288969,-2231890,1328179,1259480,-1089606,902860,-75413,-268968,76419,3810,-21487,2880,1734,-300,113,32,-23,-2,1 # cft deg6 r=4
3583999,-5738150,-20241673,-2378536,21460092,21138452,-2737059,-17135262,-6360965,5023580,3771042,-1133920,-1925408,-265352,457862,188892,-45947,-41782,-1161,4712,868,-172,-51,2,1 # cft deg6 r=4
121945,1009200,1453074,-1918636,-11319839,-10308884,-6979986,1206068,932422,-648248,-2360182,-1343852,-169287,353476,215202,45836,-23406,-13208,-2946,860,389,60,-30,-4,1 # cft deg6 r=4
4456321,0,-47276270,0,83211993,0,-72220970,0,37578914,0,-13324390,0,3385369,0,-625110,0,84994,0,-8730,0,633,0,-30,0,1 # cft deg6 r=4
5975171,8957144,-2058109,-1452118,-2516770,-1423768,2230519,-263858,226043,13120,-368258,117540,50284,-19360,20078,-14564,-5583,6440,-257,-814,134,-8,27,-10,1 # cft deg6 r=4
6400,0,262080,0,3129344,0,14089948,0,21022081,0,6073300,0,289674,0,-55052,0,-7789,0,3448,0,-22,0,-24,0,1 # cft deg6 r=0
86192656,0,8626080,0,-8348048,0,15940672,0,-2134456,0,415584,0,-22488,0,2520,0,6601,0,126,0,183,0,-2,0,1 # cft deg6 r=0
5856400,0,-9468640,0,5509216,0,1311424,0,-407892,0,302312,0,-33568,0,4936,0,2105,0,-474,0,131,0,-10,0,1 # cft deg6 r=0
1,0,5350,0,88151,0,158766,0,-116641,0,-97828,0,140706,0,15332,0,6543,0,1246,0,39,0,14,0,1 # cft deg6 r=0
67551961,0,-104410278,0,70261529,0,-26409218,0,6705946,0,-1222622,0,34617,0,76834,0,-22342,0,3294,0,-167,0,-6,0,1 # cft deg6 r=0
8231161,0,4497674,0,-4011451,0,7547502,0,-1181630,0,2288058,0,-1173319,0,134202,0,24390,0,-8074,0,913,0,-46,0,1 # cft deg6 r=0
2146064,17918304,69318220,143496532,165495119,88997944,57265077,16377562,-9847329,-10648808,100814,991688,608687,106248,-178249,-64026,25357,4928,-1678,168,181,-64,-11,2,1 # cft deg6 r=0
44952781,-84443484,207792289,-210711688,279316476,-221482058,204313001,-132756634,88785752,-43850744,21378325,-8062868,2865250,-988414,302715,-85174,52896,-3944,6135,-412,244,-42,15,-2,1 # cft deg6 r=0
1661521,0,15968588,0,46627734,0,43459108,0,26647487,0,10872120,0,3123012,0,674920,0,110927,0,13372,0,1094,0,52,0,1 # cft deg6 r=0
1128765376,-3242646544,4650276388,-4382721858,3048094895,-1556988826,653929616,-212321672,74626523,-28255892,13360384,-6107774,2544075,-980606,360004,-99712,26981,-6684,1192,-794,101,-2,8,4,1 # cft deg6 r=0
90250000,0,332200000,0,481920000,0,373056000,0,177809000,0,56186240,0,12155096,0,1820496,0,192345,0,15196,0,958,0,44,0,1 # cft deg6 r=0
160990049,-208291386,211306161,-173062910,91408212,-25939906,13362105,7402138,-92105,-774836,445466,442948,-134504,-82196,54530,11460,-2057,1550,741,26,36,-10,-11,2,1 # cft deg6 r=0
14784025,0,34313230,0,30097609,0,12624794,0,3377770,0,1390766,0,657797,0,177278,0,25150,0,2194,0,213,0,22,0,1 # cft deg6 r=0
2864818576,0,2660598464,0,1273788224,0,455580416,0,135106024,0,33718656,0,7102280,0,1245360,0,172977,0,17748,0,1238,0,52,0,1 # cft deg6 r=0
366025,0,3420670,0,1653329,0,6135410,0,7852970,0,3702622,0,1186141,0,221574,0,31774,0,2354,0,157,0,-2,0,1 # cft deg6 r=0
265396681,0,732841750,0,662751989,0,335130730,0,118399954,0,30143230,0,5864173,0,870790,0,102626,0,9170,0,645,0,30,0,1 # cft deg6 r=0
2076481,0,9930900,0,8068698,0,1912948,0,73183,0,139048,0,85132,0,12872,0,-353,0,-252,0,-38,0,4,0,1 # cft deg6 r=0
15768841,0,34171682,0,15788097,0,1268134,0,-562474,0,-568070,0,106793,0,38410,0,-12974,0,926,0,117,0,-22,0,1 # cft deg6 r=0
524176,0,2862688,0,3395280,0,-1509920,0,-46328,0,592048,0,-120832,0,-19184,0,20089,0,-1154,0,-137,0,22,0,1 # cft deg6 r=0
13808656,0,35991776,0,-44499264,0,22376032,0,-5619044,0,883928,0,64176,0,-8072,0,9521,0,-498,0,251,0,6,0,1 # cft deg6 r=0
4096,0,942080,0,5962752,0,10427392,0,7190464,0,1852416,0,-13328,0,-60528,0,-3007,0,374,0,-9,0,6,0,1 # cft deg6 r=0
3613801,0,8994848,0,5725020,0,2502692,0,3212992,0,2286544,0,852294,0,190536,0,25248,0,2116,0,220,0,24,0,1 # cft deg6 r=0
863041,0,9385850,0,2813193,0,3883566,0,3020142,0,655362,0,326561,0,6290,0,5530,0,918,0,45,0,2,0,1 # cft deg6 r=0
-7116544,1248256,30145792,10219776,-37459088,-40763008,6421192,53293488,24063433,-33650264,-24350282,11121176,11174149,-1765396,-2905702,44800,452620,26236,-42686,-3812,2389,208,-74,-4,1 # cft deg6 r=20
829391,929110,-26747639,4637046,88803105,-20511996,-105837620,44530992,59304811,-58023950,-30809717,31400074,12980288,-9003314,-3649555,1510946,679333,-126912,-72032,3904,3911,22,-101,-2,1 # cft deg6 r=16
-2239,97380,-602664,213988,806062,-1391220,981888,372268,-1769041,1574712,290224,-1234216,529988,236520,-280160,19592,52591,-13532,-6728,644,46,-52,32,12,1 # cft deg6 r=12
2727625,-6063800,-61428416,-87843384,48992542,220793192,199852736,34733592,-100950241,-138251568,-96157840,-30034448,10921220,17639056,9226128,2084048,-314569,-401048,-137072,-20664,1086,1160,240,24,1 # cft deg6 r=12
4096,0,-102400,0,-683008,0,2941952,0,-1721856,0,-238848,0,160832,0,9408,0,864,0,1168,0,-28,0,-20,0,1 # cft deg6 r=12
191100304,59155328,-85640336,-56485760,-91454484,38950016,31523500,1950416,-864291,-4118112,849490,1980424,-625987,-941132,-266,224000,50688,-23148,-10502,652,881,56,-38,-4,1 # cft deg6 r=12
847216,1650400,-49003776,-220315728,-11287108,1818031632,5124390536,7019687024,5321917078,1815846524,-383167236,-626479136,-191749827,30944938,33379669,4698422,-1960964,-661146,20835,32858,2370,-722,-91,6,1 # cft deg6 r=16
-463600,-7148480,-28379776,-29413696,90442672,427521760,981431600,1613335520,2128595068,2391859824,2331307160,1930617664,1304414616,689370832,272989132,75942616,12479629,98512,-536684,-142096,-16650,-240,192,24,1 # cft deg6 r=12
841,0,-47738,0,332257,0,-537874,0,-769174,0,2180630,0,-1422959,0,157346,0,89082,0,-6022,0,-527,0,18,0,1 # cft deg6 r=12
-43076,672912,3866280,8599908,7994571,-1751362,-9146241,-5944562,3436827,5494036,230794,-2572216,-816757,855754,357489,-216558,-75815,38988,8458,-4584,-411,318,-5,-10,1 # cft deg6 r=12
256,-4171264,19617280,-28315904,1726784,49588224,-81479872,41570304,29450368,-55506816,23272496,11197920,-9745404,116280,1299640,-586460,71581,75108,-26102,-1096,2107,-180,-86,4,1 # cft deg6 r=12
10975,93350,-109585,210050,3957424,3645806,-2754135,-1789938,-1108733,1249092,-458934,388972,-212720,53204,62950,-42540,13149,-2442,-713,178,-256,30,1,-2,1 # cft deg6 r=8
65536,0,-1284096,0,4880704,0,-3164952,0,242097,0,348460,0,-101486,0,14888,0,4891,0,-2688,0,162,0,-12,0,1 # cft deg6 r=8
-4496516,17997336,-11725998,-33059656,41648011,13033338,-36222981,6528294,13604847,-6800756,-2327992,2487860,-98481,-506594,143545,43162,-26999,-460,3236,-924,209,-110,47,-10,1 # cft deg6 r=8
-33541975,-37537600,31691180,82554440,101376344,20412740,-52638064,11355872,47925632,15884032,-4454152,-4469372,-406842,495488,272108,15928,-42152,-15812,-752,1024,328,32,-24,-4,1 # cft deg6 r=8
16,0,-192,0,-648,0,-4784,0,-132399,0,-314000,0,-14532,0,-34480,0,9446,0,144,0,132,0,32,0,1 # cft deg6 r=4
123904,-157696,27648,335360,-152448,93952,392128,-32960,54352,335648,-57008,8944,138528,-51176,6064,16960,-4431,-3224,1818,-392,-189,112,2,-8,1 # cft deg6 r=4
-463601,-119534,330237,221194,-517558,-222726,259965,-600462,981619,-840980,435742,-266084,132892,-82500,21726,-724,3261,2466,821,506,-134,-22,-11,2,1 # cft deg6 r=4
59969536,0,357834752,0,784445440,0,809089024,0,439099392,0,135906304,0,24620160,0,2464640,0,85632,0,-7776,0,-864,0,-16,0,1 # cft deg6 r=4
-33450224,34353088,120013568,-142747328,-261444688,718149088,-786720112,479667488,-57550020,-211975568,257363752,-176214496,80682392,-21704608,-663404,4054568,-2266931,732720,-141300,8240,4150,-1504,256,-24,1 # cft deg6 r=4
10173680,-16415520,5528896,2884736,-2673492,3398768,-1012376,1225964,105605,-34820,1503298,100240,-103475,-79576,191674,12720,12048,5944,6326,-1844,-287,-108,-10,8,1 # cft deg6 r=4
4096,0,-126976,0,-869376,0,-1850880,0,-1604736,0,-726592,0,-174352,0,-4664,0,15169,0,4090,0,431,0,30,0,1 # cft deg6 r=4
891136,0,-20707840,0,73530240,0,-70511360,0,-25283536,0,4034912,0,1217048,0,-213760,0,13889,0,-1366,0,7,0,-2,0,1 # cft deg6 r=4
121,0,4398,0,27947,0,42754,0,-15781,0,-26956,0,27378,0,-3140,0,-22269,0,-3650,0,139,0,34,0,1 # cft deg6 r=4
24320,-122880,139264,110080,-38144,-406528,139776,120832,150672,-105984,72800,49376,58312,-48912,3208,-10944,7417,-4192,2642,-1000,407,-152,38,-8,1 # cft deg6 r=4
-12942079,17526468,64771340,88682948,57941428,6095420,4426796,7146516,8762960,-922076,-999068,1356676,525214,-134084,23484,52684,7256,100,1340,364,60,92,52,12,1 # cft deg6 r=4
12321724,15911728,-7412376,9131516,62044051,40921842,-33415949,-46153070,-5333601,14374564,5942178,-1449832,-1114249,155478,159337,-36210,-36471,-2484,2914,416,-151,10,35,10,1 # cft deg6 r=4
115361,-871880,-3847224,17396648,47355256,-57867692,-172199996,27997872,206784064,15829808,-116674284,-15144636,34527286,4284312,-5420344,-630040,440784,72364,-21596,-6560,1248,288,-60,-4,1 # cft deg6 r=20
1468816,2390592,-22053632,8036672,57831536,-49681760,-24811248,35293088,-22622228,22330416,8468264,-29653664,10126128,8312704,-6167380,165608,1000901,-299600,-19708,24880,-3434,-512,208,-24,1 # cft deg6 r=16
-1641904,1467392,6749808,-8783088,-1471484,4210488,-77856,-2706876,2066865,4484728,-3473308,-3291960,1338224,1864968,-155884,-765536,65214,155432,-26356,-11576,2460,352,-84,-4,1 # cft deg6 r=16
92416,0,-2532352,0,21360640,0,-58892416,0,70935136,0,-42178592,0,13305712,0,-2310424,0,229929,0,-15178,0,891,0,-42,0,1 # cft deg6 r=16
27032576,-44169216,-53910528,84983296,44626304,-15202304,-65047232,-42466752,63148784,39631104,-33415040,-18264144,10697140,5208480,-2226248,-954372,313725,111212,-30466,-7800,1959,284,-70,-4,1 # cft deg6 r=16
1799141,-6450126,-2832481,23559098,7250,-31607422,-7312279,28563022,9667191,-14619604,-5541190,3945532,2209356,-1478036,-343210,532756,-8061,-74558,5335,1706,-510,178,17,-2,1 # cft deg6 r=12
784961,4426620,6201678,-19033240,-84774025,-121285912,-43027810,78997772,99348111,28134096,-23773664,-23768840,-6815030,2690360,3029456,658960,-307585,-166764,-2382,12672,1727,-384,-78,4,1 # cft deg6 r=12
625,0,-13550,0,77991,0,-170902,0,177291,0,-98740,0,97354,0,-105156,0,38907,0,3170,0,-2921,0,26,0,1 # cft deg6 r=12
-19026751,-185793472,-553940072,-509842568,313906152,884481700,456340016,-178499920,-285699088,-104127800,4287156,17616132,9427518,3459360,705976,1160,-45264,-28260,-8304,1776,1344,56,-60,-4,1 # cft deg6 r=12
65536,0,2504704,0,-2257088,0,-4624392,0,6087793,0,-1924564,0,-1246,0,66360,0,-18549,0,1920,0,114,0,-28,0,1 # cft deg6 r=8
-13082695,-48013560,32666124,445312968,1030429304,1303653328,1081677700,590629984,120403052,-148356648,-193188140,-122762808,-48252542,-8779928,3132124,3196968,1181204,173984,-22444,-10928,516,968,228,24,1 # cft deg6 r=8
6400,0,-130560,0,484336,0,1509120,0,1623889,0,971844,0,325034,0,47800,0,-461,0,-856,0,-166,0,-20,0,1 # cft deg6 r=8
841,0,47738,0,332257,0,537874,0,-769174,0,-2180630,0,-1422959,0,-157346,0,89082,0,6022,0,-527,0,-18,0,1 # cft deg6 r=8
12117361,0,-100131674,0,253246843,0,-307042974,0,185526875,0,-67506028,0,15505986,0,-2082964,0,123979,0,3430,0,-853,0,18,0,1 # cft deg6 r=8
30976,0,-23380992,0,-60478464,0,-62469504,0,-33525408,0,-10092384,0,-1490128,0,58872,0,45993,0,1482,0,-413,0,-6,0,1 # cft deg6 r=8
-75047536,198367488,274014688,-97398656,-440872512,-107091840,267372672,160435968,-75240308,-85310672,5860704,25156192,3182744,-5954904,239852,124704,140925,-13492,-15980,4364,-90,-292,88,-12,1 # cft deg6 r=8
-5827879,-41869508,-134635434,-204809504,-175542059,-85220096,18227930,60668804,47246614,25827172,7716366,-29640,-1872243,-2211040,-1287874,-379860,-93262,-32148,3458,7368,1193,-296,-66,4,1 # cft deg6 r=8
8386816,0,-85809664,0,76770176,0,27426816,0,3309360,0,-5243104,0,-1212072,0,75440,0,43201,0,1818,0,-157,0,-6,0,1 # cft deg6 r=8
-286751,-1899940,-2537318,1816448,4313501,-1228944,-5121712,-654332,2778224,625912,-1014166,-169328,369812,55940,-114714,-32080,27528,10396,-5028,-1632,597,124,-38,-4,1 # cft deg6 r=8
136529,-261044,-175212,124656,304542,176332,-304434,-413064,69063,404256,38048,-254404,-24743,134308,-5464,-56372,10989,14428,-4056,-1964,619,136,-42,-4,1 # cft deg6 r=8
-12559,75348,-27516,265840,-64602,-277140,-573778,47432,100947,140080,5348,65476,-20723,-30156,-10992,-604,6649,940,16,-260,-145,16,-6,4,1 # cft deg6 r=8
2560000,0,-13619200,0,31266816,0,-30536704,0,-1620800,0,4777856,0,-10304,0,-271640,0,8721,0,5778,0,-341,0,-22,0,1 # cft deg6 r=12
445849,10080908,44712310,54544320,-41948051,-117913520,-50555854,4715204,505862,32545428,49358606,16033784,-6635707,-4606992,-510394,119244,18770,-3268,5938,5000,529,-312,-58,4,1 # cft deg6 r=12
-1276,10544,-11210,-126560,478557,-707114,705959,-685962,239919,80036,-149548,370892,-16551,-203838,48241,54522,-23235,-6772,4936,260,-753,166,15,-10,1 # cft deg6 r=12
16,0,192,0,-648,0,4784,0,-132399,0,314000,0,-14532,0,34480,0,9446,0,-144,0,132,0,-32,0,1 # cft deg6 r=8
495616,0,-5951488,0,14711808,0,-17890304,0,12283648,0,-5793792,0,1891456,0,-422400,0,66416,0,-7600,0,636,0,-36,0,1 # cft deg6 r=8
77641,-132300,-233380,722000,-114270,1383564,-191062,210936,-239077,-513360,204008,-189156,429125,-214860,-35404,40772,713,-12372,9348,-1532,-1013,336,10,-12,1 # cft deg6 r=8
109599961,0,549480266,0,-256929103,0,-195635174,0,59706282,0,24072906,0,-3127823,0,-1165482,0,7866,0,12902,0,1,0,-42,0,1 # cft deg6 r=8
19360000,0,54464000,0,-19672400,0,-53125760,0,10553521,0,14180592,0,-2648724,0,-523152,0,-8874,0,5968,0,476,0,-48,0,1 # cft deg6 r=8
5683456,0,-27045888,0,6297600,0,16313984,0,1260640,0,-3498336,0,-1336912,0,70264,0,56345,0,1574,0,-505,0,2,0,1 # cft deg6 r=8
4096,0,8192,0,-83968,0,-104448,0,102144,0,41984,0,-40704,0,10496,0,6384,0,-1632,0,-328,0,8,0,1 # cft deg6 r=8
-558400,1385600,44154880,185695520,219866744,-236738448,-661909628,-231310660,264833961,123331960,-25565724,-16042280,480320,2153208,-604052,-600864,45046,34984,5084,5224,440,-328,-48,4,1 # cft deg6 r=8
15409,-115412,388574,-882088,1614257,-2562344,3894672,-5519476,6699364,-6657024,5164982,-3140320,1513668,-440100,-4330,65184,-54452,22884,-4732,1032,393,-164,50,-12,1 # cft deg6 r=8
625,0,-15850,0,-32891,0,168946,0,638810,0,838798,0,534733,0,168030,0,20858,0,-62,0,-91,0,-26,0,1 # cft deg6 r=8
2927521,0,-13151218,0,16546845,0,-12698934,0,7210554,0,-3008250,0,960373,0,-236058,0,42170,0,-5270,0,413,0,-18,0,1 # cft deg6 r=8
49996,-1420024,-4644386,-5322016,-5902649,-10622266,-12496865,-8438134,-3534133,-182852,1262228,1007028,326943,-45358,-146527,-108922,-44735,-11612,-2616,-804,-151,54,39,10,1 # cft deg6 r=8
59536,-882304,-917616,9980224,16176860,-1471808,-29639108,-46570128,8734661,20299560,6937898,400040,-857259,-293140,189530,122464,16528,-8484,-3554,-468,393,112,-30,-4,1 # cft deg6 r=8
30416,276832,771152,1117024,-1883296,-2768032,-2258656,1479616,1258876,9096,-864740,-302664,195732,38288,3456,13048,-1383,-5770,-1197,974,334,-74,-31,2,1 # cft deg6 r=4
32501401,0,-81215794,0,59652475,0,165603722,0,107737563,0,32986548,0,4951698,0,121228,0,-66205,0,-8994,0,-357,0,10,0,1 # cft deg6 r=4
77721856,0,134212608,0,-332302464,0,170863232,0,-21515152,0,-1637952,0,472600,0,-77712,0,17113,0,-1598,0,171,0,-22,0,1 # cft deg6 r=4
16128256,0,4967936,0,-64900096,0,-61952384,0,-6941984,0,14096736,0,8229408,0,2196248,0,342697,0,33292,0,1998,0,68,0,1 # cft deg6 r=4
93392896,0,-122093568,0,-19716096,0,80396288,0,38596352,0,163840,0,-5295360,0,-1789952,0,-200208,0,1792,0,1320,0,64,0,1 # cft deg6 r=4
43970161,0,-55405500,0,-13862718,0,27880596,0,-3953521,0,-2695800,0,345180,0,114248,0,1631,0,820,0,386,0,36,0,1 # cft deg6 r=4
30976,0,-310784,0,-689792,0,-243200,0,-69776,0,-138720,0,17064,0,-3360,0,-5711,0,1650,0,-137,0,14,0,1 # cft deg6 r=4
1048576,0,-15728640,0,-11796480,0,-229376,0,761856,0,-8192,0,116992,0,76672,0,15440,0,2000,0,220,0,12,0,1 # cft deg6 r=4
-15592975,55318300,-89995330,-71710840,94420731,-181254656,326607338,-307083916,253452351,-162083744,88235360,-43475992,18623858,-7123688,2347864,-699152,175391,-30684,2114,1072,-429,200,-34,-4,1 # cft deg6 r=4
16,0,112,0,-2676,0,-28556,0,-446359,0,-1174524,0,-192954,0,-868,0,7155,0,3160,0,302,0,32,0,1 # cft deg6 r=4
4096,0,446464,0,5181440,0,13026304,0,4904128,0,7842560,0,1845216,0,-353544,0,-111375,0,-1588,0,1094,0,84,0,1 # cft deg6 r=4
264574756,-703542224,264607622,797360768,-634225659,-338191706,247141587,378633126,-273536837,-102184500,111817436,11489852,-28399971,3209938,3249369,-873254,-88483,67684,-16032,1900,723,-338,63,-10,1 # cft deg6 r=4
-14864,835136,5691216,20217936,40320372,45289080,19148096,-27511140,-48595499,-23154372,20788370,37314896,23633009,7377532,1089994,241304,153368,38756,566,-272,397,108,-2,-4,1 # cft deg6 r=4
16,0,1104,0,15916,0,92508,0,384209,0,926576,0,642756,0,123368,0,22022,0,3296,0,296,0,28,0,1 # cft deg6 r=0
6174973561,0,13221499250,0,7127733185,0,609106154,0,-330782294,0,-12450686,0,22073857,0,2483622,0,-196838,0,-23282,0,1073,0,86,0,1 # cft deg6 r=0
10000,0,1491600,0,14140044,0,47094060,0,72914601,0,60434300,0,28660182,0,7961236,0,1286147,0,116312,0,5406,0,112,0,1 # cft deg6 r=0
16,0,4480,0,79640,0,232432,0,66945,0,334100,0,136674,0,101160,0,86195,0,12808,0,210,0,140,0,1 # cft deg6 r=0
1790720,1850880,264704,1759744,4105664,2466432,912640,616384,1054240,54720,181552,19408,103244,-41216,28364,-7600,6709,-4224,2734,-1240,519,-168,46,-8,1 # cft deg6 r=0
4757296,-11536640,611056,15711984,-4795452,-19380888,15599880,8281076,-5506251,-5512944,2468622,-166224,498817,-691972,435170,-233452,180944,-73584,49742,-12096,4621,-612,130,-8,1 # cft deg6 r=0
6400,0,263680,0,-1300096,0,10563072,0,-18388048,0,6553760,0,3075640,0,524048,0,68449,0,6298,0,635,0,42,0,1 # cft deg6 r=0
329776,-878400,1355120,-2368464,4586820,-4761736,3464328,-2261068,2316837,-1549996,523230,-150064,209897,-125256,3874,24208,-6072,-3408,2610,-412,-267,108,6,-8,1 # cft deg6 r=0
17701121,-38765384,195404252,-706822760,1880880216,-3789717088,6066152748,-8319976544,10412895236,-11730688200,11186046524,-8601440040,5217275466,-2480925160,925848188,-272741672,64224884,-12368976,2011436,-283600,34780,-3672,332,-24,1 # cft deg6 r=0
105066529,67072628,138877060,77651708,100466934,-32634628,-65428,-17053804,12141071,-3069544,2831256,-1905496,869524,-428408,263496,-131144,57007,-25164,10724,-3812,1174,-324,76,-12,1 # cft deg6 r=0
23001616,0,159040384,0,121969176,0,-61769616,0,-29832223,0,11602100,0,2221090,0,467224,0,39187,0,7064,0,2130,0,92,0,1 # cft deg6 r=0
2560000,0,13107200,0,23330816,0,22224896,0,13219840,0,5301760,0,1497216,0,305152,0,45568,0,5120,0,432,0,24,0,1 # cft deg6 r=0
26584336,0,22582160,0,2954828,0,9515692,0,4835049,0,-3893100,0,-1135690,0,885076,0,-96989,0,-11240,0,2174,0,72,0,1 # cft deg6 r=0
556225,1758600,4343660,1843220,-9395854,-14260308,18644854,2321764,25488983,-9857308,5043352,-11585124,1837569,-2687020,2077228,-114576,653125,-69204,82948,-24088,5455,-1080,134,-12,1 # cft deg6 r=0
2560000,0,14233600,0,13405184,0,1068032,0,-2289920,0,158720,0,150144,0,-39936,0,11248,0,-1520,0,268,0,-12,0,1 # cft deg6 r=0
4950625,0,22415000,0,43325400,0,46245300,0,29205384,0,10657720,0,1907158,0,44360,0,-24872,0,180,0,424,0,40,0,1 # cft deg6 r=0
1048576,0,2908160,0,38381632,0,107845016,0,96342737,0,38418540,0,8996258,0,1948872,0,418859,0,57936,0,4018,0,116,0,1 # cft deg6 r=0
2417590561,0,-1407602358,0,346417561,0,-200339958,0,84612834,0,-8337110,0,-999639,0,27494,0,58194,0,-7450,0,-87,0,38,0,1 # cft deg6 r=0
484000000,0,1474752000,0,453117184,0,-252945152,0,-94610464,0,16846080,0,8528768,0,544912,0,-863,0,19202,0,2795,0,98,0,1 # cft deg6 r=0
1692601,0,1713658,0,29793,0,1095594,0,2210858,0,1318842,0,351361,0,74950,0,17786,0,1270,0,241,0,6,0,1 # cft deg6 r=0
421201,0,42638,0,-1017595,0,489682,0,640618,0,-434250,0,-38771,0,97438,0,13210,0,4154,0,341,0,22,0,1 # cft deg6 r=0
8202496,0,-188416,0,1691776,0,134016,0,-408592,0,138944,0,-47352,0,3808,0,849,0,2026,0,87,0,6,0,1 # cft deg6 r=0
19360000,0,164352000,0,465292400,0,635259680,0,483175121,0,223815276,0,66767954,0,13179056,0,1704811,0,136144,0,5954,0,124,0,1 # cft deg6 r=0
2076481,0,28697930,0,140508557,0,306888654,0,317528394,0,173393586,0,56509749,0,11733218,0,1560842,0,126782,0,5709,0,122,0,1 # cft deg6 r=0
2927521,0,13151218,0,16546845,0,12698934,0,7210554,0,3008250,0,960373,0,236058,0,42170,0,5270,0,413,0,18,0,1 # cft deg6 r=0
1146422096,-2589791232,5722261872,-7035220976,7997898404,-6409212616,4797096144,-2885166812,1675655233,-858294160,420341480,-177127600,73305362,-26652224,9105592,-2215844,563283,-97128,-3224,8856,-510,240,16,-4,1 # cft deg6 r=0
10699441,0,73908478,0,162617861,0,170685402,0,130141610,0,52534486,0,8009661,0,1352214,0,148874,0,14426,0,1509,0,62,0,1 # cft deg6 r=0
65536,0,0,0,6205440,0,0,0,8198400,0,0,0,3550848,0,0,0,508720,0,0,0,3080,0,0,0,1 # cft deg6 r=0
10445824,50470912,149626880,170897408,81324288,-221061120,-291858304,-111528960,226440272,198504320,51524272,-31847424,-25679204,-6834176,3160356,2518272,522325,-113416,-44158,-2796,1287,-148,54,-4,1 # cft deg6 r=0
65536,0,0,0,2928640,0,0,0,1706240,0,0,0,243328,0,0,0,12080,0,0,0,200,0,0,0,1 # cft deg6 r=0
65536,0,0,0,7598080,0,0,0,3672320,0,0,0,528512,0,0,0,24240,0,0,0,360,0,0,0,1 # cft deg6 r=0
212521,0,3382782,0,15761585,0,31429558,0,32262682,0,22463726,0,12983969,0,4806394,0,898778,0,86114,0,4305,0,106,0,1 # cft deg6 r=0
138274081,0,212572242,0,129332927,0,70778818,0,43168187,0,15009644,0,3726058,0,1469484,0,207707,0,26498,0,2207,0,82,0,1 # cft deg6 r=0
8088256,-11919232,10499936,-3534336,-781392,91744,1470864,-189344,491328,519360,149832,-68384,-107356,-88968,-35004,5736,10232,5168,1618,-88,-349,-90,19,10,1 # cft deg6 r=0
626281,2599260,5368344,7090720,6655854,5253436,4071218,2850520,1595879,753584,391568,151284,28433,-4076,12116,4308,2077,596,832,-164,115,-16,2,4,1 # cft deg6 r=0
6716329,18369748,41387390,53833360,65444629,57072424,52444472,31727804,16202564,-520200,-249118,1896384,4403320,1436860,-69170,-347088,-105668,29172,23040,5856,169,-324,-54,4,1 # cft deg6 r=0
1571009,106296,1177692,468140,9566318,-14834092,22384506,-20041492,41411823,-38474436,34673652,-11353540,4869769,1220692,-378024,543824,-35203,-37772,32504,-14080,2491,-496,86,-4,1 # cft deg6 r=0
50265811,-543512724,138995147,2311214562,-1674812622,-2896840426,2906466479,1251895594,-1962573587,-15807798,616545391,-122379544,-97423902,35957090,7204838,-4898824,-36192,372952,-35000,-16350,2663,390,-84,-4,1 # cft deg6 r=12
-69956,-2135296,-26589342,-75077360,-25258855,198838248,599797985,-2424481732,3693826004,-3292994720,1856882954,-612029190,47538305,59329272,-30555496,5815012,463975,-500368,100813,-1176,-3138,576,-26,-6,1 # cft deg6 r=4
92079725,-51181900,5161425,-17434400,232262680,207326010,286985405,162592010,147915544,57683576,46777953,12560116,10469770,2046046,1785023,304966,232560,39624,21571,3452,1296,154,47,2,1 # cft deg6 r=0
21811411,95638894,272027287,534010962,836196645,1057211130,1137398411,1042674538,838366019,589028236,369024496,204557308,102057995,45258788,18147932,6451032,2074885,584622,148615,32182,6252,968,134,12,1 # cft deg6 r=0
-7600,-327200,-1832100,-3601500,-267485,9340730,11810935,-1740330,-12706374,-4255568,6818331,3595038,-2579428,-1422320,803312,313264,-197537,-29506,31546,-1816,-2327,516,6,-12,1 # cft deg6 r=12
-108465509,1363969540,-6612416205,16941771494,-23299154104,14681207160,1548695736,-8683468738,4782878620,259164700,-1346703775,465019982,79751984,-92152404,14638618,6012022,-2523348,48488,139189,-23098,-2192,924,-44,-10,1 # cft deg6 r=8
176431,-2100138,8624425,-14661548,7809353,-22980026,23274668,-26877234,25151777,-20760528,15693319,-9732770,5242427,-2122780,563478,16564,-97761,56722,-18315,3660,-112,-160,61,-10,1 # cft deg6 r=4
-18601,389658,-3050779,13000966,-34717658,61959196,-75943964,63884264,-34833818,7705838,7771291,-11993190,9849800,-6234460,3257348,-1473016,582114,-202254,61885,-16362,3746,-704,110,-12,1 # cft deg6 r=4
593129,2793843,-5621413,-53565320,-81922098,65408933,221292427,5315858,-232580132,-29403648,131443928,8457144,-44891384,2161253,9029445,-1432298,-972832,252505,48799,-20054,-468,738,-42,-10,1 # cft deg6 r=8
-28259275,84467225,-11246200,-172246125,47185205,503422695,-1018239190,1078744260,-699401131,227554505,28419026,-62189876,24861858,-3100292,-636894,223676,-43818,21953,-1559,-3512,1095,0,-38,0,1 # cft deg6 r=4
10109839,-6559634,-1644733,-3906500,-14368453,-9945930,6247827,6918686,3009653,1858456,544344,178090,-162737,45712,8416,-1420,15969,1762,2659,504,326,56,22,6,1 # cft deg6 r=4
68464,-1720608,15062816,-36009168,3818428,64136960,-6612932,-145037940,181551585,-98561666,30384207,-9036558,3382996,-465212,-382597,254260,-56330,-8194,6749,-766,-216,128,-3,-4,1 # cft deg6 r=0
-9103475,-80539800,-287357950,-497044500,-325723435,237883220,553456840,275884720,-122321099,-186393072,-52761104,14081724,16332431,9318420,-234916,-975608,-340904,-47848,27364,11316,-130,-540,-44,8,1 # cft deg6 r=8
-5584,64964,664705,2214572,3375766,1518186,-2946503,-5339672,-2628675,1662190,2501240,503588,-691657,-351868,73800,75180,990,-7168,-1253,24,196,58,-20,-4,1 # cft deg6 r=8
-76171,370044,-2300083,20120040,-90748659,216769052,-290363131,207829042,-54401411,-15589232,2275448,10369318,-3700361,-1465752,687724,276872,-95525,-47136,7185,4664,-206,-288,-22,6,1 # cft deg6 r=4
31504,-61600,134864,-527616,901972,-927408,1454756,-1984524,1082617,-1150404,1219565,-494844,313614,-307924,117352,-28294,19786,-9440,-23,980,-182,40,-2,-6,1 # cft deg6 r=4
140118151,-505965497,1276572124,-2373217047,2943234503,-2682775981,1520019254,-21721060,-603103069,340408665,-20220404,-54110382,26398380,-3789916,-2081028,1393582,-252696,-71975,43217,-4910,-1553,472,-10,-10,1 # cft deg6 r=4
-84505,597500,-2021615,10880170,-23500894,8462158,18808093,-7316814,-12072189,1710438,5800243,466512,-1737060,-506310,302852,167452,-19834,-28068,-3010,2490,607,-74,-44,0,1 # cft deg6 r=4
1320656,7784336,22713440,34671104,50836752,46239944,46867572,29674088,23597995,10939285,7302085,2444034,1480889,347522,232944,42090,32222,2125,1657,-862,-83,-68,14,2,1 # cft deg6 r=0
359,4989,-36225,-245012,2526238,-8356159,15755185,-19847728,17506064,-10612974,3723260,195640,-1156327,752336,-236542,10820,28197,-14027,3287,142,-291,80,-10,-2,1 # cft deg6 r=8
516449,226388,4822445,1298030,8664955,12003276,29451829,49333210,69402463,68246596,50426956,27177684,11067967,3337772,831500,202824,59015,11240,-1223,-1766,-520,-32,22,8,1 # cft deg6 r=0
-63184,680528,-1183116,158884,-1662689,-1358576,5435193,-6654334,7322532,-6155520,3605578,-1471252,461481,-74680,-5292,-26756,27393,-11508,3641,-126,-616,204,-2,-8,1 # cft deg6 r=8
6208361,5040620,20592701,-123317738,182079206,-134515314,94229280,-84104494,32178966,27816252,-29589205,1706490,7985426,-2588290,-694642,311286,131630,-73988,5267,2306,-690,182,-16,-6,1 # cft deg6 r=4
34122311,14864564,19206982,25412284,-35360312,-1321716,-22355995,-28874322,58253226,9401788,-35451892,5823580,7828043,-3129350,-147200,342470,-131064,28864,3195,-4018,1182,-244,52,-10,1 # cft deg6 r=4
29149361,57766928,72051938,89820908,142382824,194583088,190639745,129848490,57553880,10613448,-7018266,-7890032,-4059275,-1171534,-15360,173302,93742,26340,2289,-1474,-772,-200,-16,6,1 # cft deg6 r=8
225625,0,1897625,0,10488625,0,23683315,0,20007069,0,2438270,0,-3161293,0,-465140,0,45103,0,15045,0,1406,0,60,0,1 # cft deg6 r=4
-46306049,-184240088,-147967357,352009602,839992416,726113098,322640731,134119854,106165837,58816926,10411621,-1475284,1149478,1154294,99636,-61780,20270,13936,-626,-606,235,58,-12,0,1 # cft deg6 r=8
-87755,432935,16645,-4676220,13107956,-6709607,-27296805,44836926,-3242497,-44774017,35073057,3693980,-16811997,5138069,3101363,-1795702,-233947,262165,517,-19524,970,712,-56,-10,1 # cft deg6 r=12
1653464156,4051054892,12240403222,-500380858,-351669689,-1749481641,-884632485,-76046504,131956595,112081698,30229716,-5112,-4719291,-1956344,70062,303260,82363,-7565,-7257,-224,453,36,-10,2,1 # cft deg6 r=0
449063299,842066823,458298863,-59039046,-328578588,-233640983,16690103,28422018,-6038799,21487131,5482599,-3910540,-303719,-245,-189007,19932,29775,5567,-1555,-1426,168,118,-26,-4,1 # cft deg6 r=4
7600,99600,538580,1523940,2371089,2082578,1446695,989596,-27444,245274,-79772,-99198,130679,-152972,103496,-66168,32933,-16542,6809,-2536,824,-206,46,-6,1 # cft deg6 r=4
-555511,2997038,18069164,35089292,48884312,57312776,53676317,39303022,23094594,9958332,3150070,170976,-323239,-329046,-120964,-52868,-1466,-1514,2577,120,256,-68,4,-4,1 # cft deg6 r=4
297025,0,-2360395,0,945819,0,-2276579,0,1275412,0,-735743,0,657608,0,-297225,0,72846,0,-10593,0,929,0,-46,0,1 # cft deg6 r=4
7536601,-33536130,48562442,-28206834,3774808,14406960,-9562645,6844882,669502,-2269714,1443862,-342774,-190547,-123956,-2758,-18416,47128,12590,-8475,-3330,758,314,-42,-8,1 # cft deg6 r=8
-1793905,-2229725,961606,3442751,-16018519,-18995589,23718002,49376598,-8781539,-33576913,20385354,21218784,-10123270,-7605474,1847664,1461782,-114676,-171015,-4141,11426,1049,-406,-56,6,1 # cft deg6 r=4
158801,-775645,369690,-3229615,-63315,-6551559,101902,-5407184,2532813,-1656821,2687820,-598254,1204466,-364660,324294,-124274,59464,-22555,7745,-2742,817,-246,56,-10,1 # cft deg6 r=4
439,558,-30519,-106286,105695,1174430,2633790,3063368,2611468,2603916,2372547,664370,-1107029,-1089090,-96360,294876,100956,-34814,-19494,1752,1694,-24,-68,0,1 # cft deg6 r=12
166319191,-218017400,-962618012,174120220,2243808015,1213218368,-1589120340,-1730140364,88359455,795579712,276444818,-126890020,-104556381,-6500808,14524064,4207288,-651412,-469548,-24782,22536,3214,-488,-100,4,1 # cft deg6 r=16
32761,0,175476,0,420062,0,591986,0,540327,0,341470,0,153105,0,47422,0,9099,0,518,0,-134,0,-12,0,1 # cft deg6 r=4
-21776,375456,-2127648,6200400,-10142332,7866936,7756780,-6908232,14139857,9003760,17140360,13969836,-7883446,-5932428,730844,1067184,209727,-14340,13136,14680,2202,-492,-100,4,1 # cft deg6 r=4
-235519,487148,-307094,-304144,-520927,1722888,-1746144,138828,-1139416,102264,45962,-134008,175400,-40420,27418,1080,-3624,1244,-688,-128,-3,28,-6,4,1 # cft deg6 r=4
38656,-474624,-1637888,15159040,-12489664,-38905088,31449920,36027264,-16148928,-14072512,-2798128,1587776,2865132,76168,-678408,-136548,125525,27212,-11870,-3224,883,196,-46,-4,1 # cft deg6 r=12
1958685899,-2395915532,-201748464,1201104002,-215876416,-149874892,70776929,-73675320,33664630,7559724,-7053268,2227172,-784863,390076,137408,-68480,-11728,-14592,1733,1068,290,74,-36,-4,1 # cft deg6 r=4
173801,-752352,1083752,-948172,1665902,-2991180,3407438,-3156004,3022103,-2952620,2567496,-1674428,765693,-283996,70144,14320,-15427,3412,-1208,280,247,-64,-22,4,1 # cft deg6 r=4
-2640991,5012484,1723854,-2005840,8197253,5331288,4276848,3420796,3128924,1556920,496066,390112,200216,-10372,-9802,4368,2308,660,-24,96,97,-36,-14,4,1 # cft deg6 r=4
841,-228216,310112,-1664128,-2495114,7509016,11232518,-8519848,-17121541,4017396,12406126,-607416,-4913023,-109204,1127458,37644,-148389,3012,10550,-1968,-298,220,-12,-8,1 # cft deg6 r=8
6400,0,-172160,0,890336,0,3352248,0,3620465,0,1756224,0,454508,0,60496,0,-682,0,-1728,0,-276,0,-8,0,1 # cft deg6 r=8
-54559,167172,337436,-53696,306806,-336516,1497298,-2824680,2984551,-2848872,2223188,-1897156,1400677,-804212,412532,-134396,22373,1684,-6216,2548,-521,72,34,-12,1 # cft deg6 r=8
1724,304728,-1085800,-1048668,5269813,2964788,-9453964,-8372364,2757935,6275332,2050486,-1323168,-1158965,-33812,297600,92764,-41317,-32088,-2764,3236,905,-104,-54,0,1 # cft deg6 r=8
-1416511,-3873788,2839336,15946180,5079188,-23320492,-18902716,11630252,19176988,2523644,-7392740,-3941156,668950,1210108,270976,-121796,-73076,-4852,5924,1620,-132,-124,-12,4,1 # cft deg6 r=4
-5627225,1223850,5969845,-6288450,4955811,-4863810,2864212,-770668,-1361160,2673384,-2709795,2147914,-1481755,881306,-432150,155604,-31828,-3086,4964,-1652,260,36,-12,4,1 # cft deg6 r=4
-349151,293756,139468,-623688,183110,-357116,335486,334248,-668825,230632,373364,-197044,-36923,78236,22796,-10740,-16003,-6484,1952,1700,111,-144,-26,4,1 # cft deg6 r=4
9253120,1990400,-46175296,-55106432,28224800,89720688,41983816,-28418584,-31584911,-228588,10092582,2290688,-2120043,-905176,213166,158860,-932,-10012,2202,1672,61,-80,-6,4,1 # cft deg6 r=4
1098176,-10453632,-10609344,6979296,-7592952,24589424,5961076,-35810100,10048979,15075494,-10067415,-778510,2940395,-906822,-179100,184736,-49231,-26,6296,-2468,76,172,-28,-4,1 # cft deg6 r=4
-23729,-93860,108620,630292,92804,-754168,-736698,-430792,-328760,-657200,-713164,-54916,285443,26580,-98800,-7204,20421,-2852,-4754,596,823,52,-42,-4,1 # cft deg6 r=4
1048576,0,15204352,0,3735552,0,-5275648,0,917504,0,1972224,0,728320,0,137600,0,19536,0,2640,0,220,0,12,0,1 # cft deg6 r=0
502000,-1466400,1882976,-200768,-1956004,3353616,-1568768,-2016076,4751141,-2930572,464242,254288,-50523,-81608,52306,-15568,3728,-184,-290,116,73,-68,30,-8,1 # cft deg6 r=0
528016,2499200,6943416,12582304,17301152,18194336,15473254,9798196,4478115,814710,-205429,-204764,169794,18614,-68542,-7616,27474,2834,-1423,728,632,-54,4,-8,1 # cft deg6 r=0
-203776,299008,8844544,-13392000,-29126864,43532816,24087940,-28425924,-16169831,3591628,6822190,2142464,-844847,-866572,-122026,152920,49348,-16028,-10442,112,841,76,-38,-4,1 # cft deg6 r=12
1024,-23552,-6400,347136,-23648,-435744,2154240,-874872,-5079897,2579512,5373636,-2934752,-3127477,1896924,980958,-699536,-143474,138936,4584,-13648,815,564,-58,-8,1 # cft deg6 r=16
214016,1323008,1327616,-6630912,10848384,-15353600,16196480,-12615104,7917712,-3071744,461704,378096,-633296,309376,69274,-129328,17947,24928,-5488,-2632,639,156,-38,-4,1 # cft deg6 r=4
35587264,121385856,-51470336,-156395840,-245057872,-261891904,39364832,181022208,52040324,-31621752,76008,559988,-1360311,1773204,841468,18728,12736,7172,2410,1604,172,-96,-28,0,1 # cft deg6 r=4
256,0,1536,0,-9472,0,-40064,0,-180896,0,-742688,0,-595952,0,-190520,0,-34543,0,-3524,0,-58,0,20,0,1 # cft deg6 r=4
10644671,-73372444,-495134392,475116708,5165978169,7638352372,1378085198,-5367127956,-3821656663,590194628,1425268498,269799776,-206937679,-81022220,12700058,10062680,127965,-679008,-66534,25460,3928,-496,-100,4,1 # cft deg6 r=12
3664411,49821382,196700857,-177575608,-240974475,348832888,-107272501,-76236772,95067667,-53315538,20329654,-7464008,3057135,-936084,169344,35452,-24195,2534,1013,-396,36,82,8,4,1 # cft deg6 r=4
4541161,0,12711044,0,11185320,0,3589664,0,-584752,0,-926940,0,-407034,0,-111644,0,-18720,0,-1888,0,-136,0,4,0,1 # cft deg6 r=4
-83984,-92000,-289744,1152512,-1325352,1697376,-2687832,1642616,704791,-1057178,-167837,558730,-3607,-248830,42986,74732,-17127,-16594,2700,2764,26,-236,-36,4,1 # cft deg6 r=4
-8394496,-35160576,-34615552,47169536,79223296,-40661376,-70990720,33297344,33721168,-21422304,-8439232,9088816,489120,-2328176,380260,332876,-133135,-16376,19870,-2244,-1269,336,14,-12,1 # cft deg6 r=8
-1128095,-3741460,5687654,6417168,-21417209,7944820,22005088,-27778720,5500965,12672824,-9953060,782900,2067885,-455292,-428600,181944,38415,-28892,-4042,2876,182,-224,-16,8,1 # cft deg6 r=8
487024,-7705440,46741872,-145092416,255833048,-254494592,110860952,32759720,-58600105,13248878,13000123,-7417486,-970673,1719542,-185764,-226504,79739,19438,-13294,-1060,1416,124,-60,-4,1 # cft deg6 r=8
986356496,7288577664,23213396464,41605638912,42898447548,17715093400,-15781372348,-31110658572,-23473683933,-8595124330,80639431,1628359494,685858601,35509926,-70604606,-26470640,-1871033,1288090,399694,28888,-6946,-1536,-52,12,1 # cft deg6 r=8
-52295,26277040,-17625286,-1801992,-5097075,-8941820,2237400,-4631168,-2715416,-1262672,-1654182,-321784,113952,-128164,-76194,26844,31864,11736,608,-1640,-671,-24,46,12,1 # cft deg6 r=4
-50153296,-323936704,-1019322992,-1909261216,-2253314988,-1613111336,-475130284,301599252,400987821,152238006,-36601149,-58854074,-16279225,6265554,4933060,400076,-542559,-154710,20816,14596,896,-504,-76,4,1 # cft deg6 r=4
-563879,-17304850,-31817497,13425506,47151189,-21535414,-59900198,3840428,34940060,-6855680,-26374329,-4203686,11683821,4639746,-2372092,-1253032,274790,164334,-21744,-11960,1290,472,-52,-8,1 # cft deg6 r=4
52016,3969760,23891184,61082704,80981920,55095640,18017092,17151044,38706697,42848176,26328346,10930392,6037059,5795904,4597804,2386224,752873,99020,-25392,-15392,-3057,-88,82,16,1 # cft deg6 r=4
-13999,-36974,-56759,-99102,-83257,-47062,-72766,-49860,-44284,17504,60509,-36742,5735,39750,-31192,652,-190,2266,572,-488,-14,4,-4,4,1 # cft deg6 r=4
14737921,0,-3678640,0,-9334950,0,698560,0,100495,0,-68640,0,22828,0,-2880,0,3215,0,80,0,90,0,0,0,1 # cft deg6 r=4
36373009,-86664104,187356882,-261582836,108084131,263181676,-299562716,-56554240,141048573,-9736560,-23151544,6521984,3459413,-1436164,-324460,191584,14415,-23512,-798,1804,-14,-120,4,8,1 # cft deg6 r=0
27326519,-213133228,585995398,-606785328,164285305,221952292,-204657224,-28803372,144012149,-92345636,15616366,9369932,-3681981,-1795936,1804584,-566928,-12435,71172,-16644,-2880,1426,40,-56,0,1 # cft deg6 r=0
1323619,-2902108,10697670,-13703262,25077472,-18510392,22922385,-8477192,11129022,-243848,2669074,2242484,1177947,422576,256280,61272,6738,-1744,127,-292,-48,26,4,0,1 # cft deg6 r=0
-8770256,-1897968,3419304,53813278,9045173,-143067046,40497705,117858414,-59857212,-37946362,26407055,6170752,-5657970,-673558,611972,128348,-31643,-23478,156,2054,187,-66,-24,0,1 # cft deg6 r=8
2574704,14764496,22091984,-13041500,-51843943,-6437126,53025303,9760162,-41078402,-4633748,24285631,888174,-9787322,344836,2534432,-273660,-400673,73182,34722,-9248,-1235,524,-2,-12,1 # cft deg6 r=8
7279,63922,167233,33406,-402727,-513116,-137405,97126,78644,287966,341633,-47698,-262995,-120068,68685,50170,3916,-4558,-5049,-1190,1369,0,-71,2,1 # cft deg6 r=12
6704,83936,-102640,-1479776,1949232,4009760,-4037680,-11853888,687620,17316424,2006156,-8757448,275732,806072,-1302788,201512,390431,-58530,-47007,5822,2776,-252,-82,4,1 # cft deg6 r=12
143281,-1165156,-9208947,-8254332,2896760,-1492058,-4029743,-4876374,-5095460,-1411256,-278147,556352,454462,274410,162199,57078,23592,5184,919,304,-56,6,3,2,1 # cft deg6 r=8
-107056,380128,739664,-1885696,-1450384,5716480,3923472,-6869152,-4409236,4805352,3557756,-1577728,-1776900,-145232,326212,165328,-4511,-37210,-7555,3356,926,-154,-44,4,1 # cft deg6 r=8
-80929,560246,-998652,92184,1750930,-2024598,674405,-34586,581131,-1011292,671588,-72800,-114580,-47556,117198,-26068,-34139,19622,784,-3016,498,154,-43,-2,1 # cft deg6 r=8
179839,1250878,884137,-12149172,-26519615,14198700,85736517,60540772,-50575188,-93062808,-36256243,17425528,20254674,4504940,-2332383,-1544380,-166260,122740,45145,1128,-2343,-442,14,12,1 # cft deg6 r=12
59,-944,-4779,95814,-260480,-3082,584458,-101694,-766490,31108,719335,98022,-476786,-138046,207706,91926,-47006,-30340,2725,4074,204,-258,-32,6,1 # cft deg6 r=12
3932975,-40237075,-101277805,96918360,259370729,-95966582,-254770862,76523998,151488352,-39098825,-60953351,13227576,17432273,-2950134,-3594886,392550,515776,-24755,-48133,24,2689,68,-80,-2,1 # cft deg6 r=8
151321,0,-807872,0,-3269532,0,-401708,0,2393128,0,475168,0,-458538,0,-189480,0,-3064,0,6004,0,36,0,-40,0,1 # cft deg6 r=8
400,6400,-25680,-253600,748576,403392,-446768,6528,-554648,177520,-6640,-85968,141860,60984,11456,-40584,-50647,-2732,12645,3198,-797,-346,-5,10,1 # cft deg6 r=12
-16931,966652,-7506067,919350,4969263,22420654,8731579,-11139534,-15571733,-4618824,9701022,6727276,-1904942,-2836084,-518262,381188,218479,28828,-11451,-6114,-1209,-10,43,10,1 # cft deg6 r=8
7690295,-63704570,199174375,-271672890,53383951,304953038,-336496431,11504874,201192052,-109146478,-32484455,46974330,-6047752,-8591106,3028019,721458,-520646,6894,45359,-6770,-1745,504,4,-12,1 # cft deg6 r=8
129089,247860,-771375,-2702412,-2778700,-1004490,-883855,-2063382,-618412,1525304,367489,-1338936,-861230,131642,321791,110350,2584,-6024,-637,-1512,-412,78,3,2,1 # cft deg6 r=8
1852321,0,-4277916,0,-21164774,0,-16289820,0,2003743,0,2329032,0,-257396,0,556072,0,5631,0,-21356,0,2074,0,-76,0,1 # cft deg6 r=8
172967201,42069152,-675409687,184224906,284087634,239843672,-152027306,-278701340,83037279,129814096,-31220378,-36451332,7868476,6858368,-1292592,-950480,150591,102160,-15543,-7574,1330,296,-62,-4,1 # cft deg6 r=8
-2224955,207200,-3430275,6102250,8028996,6916100,2354492,-4284904,-7578736,-8976384,-7842545,-5179090,-2828002,-1229876,-395504,-69840,16796,14456,3613,618,-36,-116,-22,4,1 # cft deg6 r=4
1901359,4909210,12254120,18735080,26517292,29696034,30715701,27495090,22520506,16356562,10717986,6089524,2885070,972310,102151,-114586,-75822,-14106,5842,3756,432,-186,-47,2,1 # cft deg6 r=4
256,0,79360,0,278368,0,-424308,0,-510431,0,725592,0,-92204,0,-75856,0,-8058,0,1544,0,436,0,36,0,1 # cft deg6 r=4
83840801,-294011402,139587699,463391574,-308214858,-326303004,282333086,126154284,-138540161,-37981576,46754326,9572596,-11750707,-2235906,2178929,459782,-281709,-71698,23215,7514,-967,-460,0,12,1 # cft deg6 r=4
-31445149,-116473734,-126897679,21629582,125822824,47854704,-41905334,-26539652,6683891,10569084,2172006,-2524956,-1282304,682320,372852,-130072,-48055,22410,3817,-2290,-8,160,-14,-4,1 # cft deg6 r=4
6400,0,-177600,0,-2478960,0,-680860,0,-2556159,0,407240,0,-1543744,0,-125128,0,54206,0,5496,0,192,0,-28,0,1 # cft deg6 r=4
1258819,5043710,-655033,-23247100,-30264800,2018420,29568841,21305538,6363035,-531012,-897030,-505120,-47920,207744,206006,104820,42657,19014,8079,2620,656,172,49,10,1 # cft deg6 r=4
84229,585236,788641,-953586,-2366483,-97082,2763565,1310690,-1932742,-1382248,736377,862158,-79999,-322310,-46917,68158,25730,-9208,-5305,170,677,54,-45,-2,1 # cft deg6 r=12
-1291,-28084,-132832,198006,925148,-896216,-1956211,1765166,1842672,-728244,-419394,-246074,-350770,137912,51651,12978,804,-4820,-1246,594,304,-56,-31,2,1 # cft deg6 r=12
23202755,80956655,33205995,-111740470,-100947261,45214014,78408730,7448910,-23705476,-16205691,1025129,7882206,647523,-1338586,-339862,-35618,149708,22631,-27413,-958,2171,-40,-76,2,1 # cft deg6 r=12
-321155,2759975,-10469285,16608700,1732999,-36599400,30137996,20159178,-36597494,4536781,15897945,-8349012,-2244021,3274976,-352204,-648590,189138,67555,-31257,-2700,2311,-10,-78,2,1 # cft deg6 r=8
1,0,25436,0,-52010,0,85892,0,-123201,0,133880,0,-109148,0,55304,0,-10465,0,-2580,0,1062,0,-76,0,1 # cft deg6 r=8
-151,-18476,363785,-447980,-1127862,3007074,-1138173,-3195314,3541119,-148000,-1542630,720864,13340,-41204,18310,-36956,20567,-2980,-2083,1404,-294,34,-9,-2,1 # cft deg6 r=12
33520,-205600,-529760,1461440,3738416,-695008,-5815536,-1382816,3845476,1368904,-1576552,-696960,309964,120520,-55724,-3904,15195,1598,-1662,-200,70,-36,-17,2,1 # cft deg6 r=12
-27920,182880,-411440,516640,-237184,-66720,-26208,18784,76644,-55096,51644,26760,-46192,-33240,29744,10728,-9177,-1322,1301,-38,-53,56,-19,-2,1 # cft deg6 r=8
7381,-57944,110397,106266,-461702,79756,795906,-342340,-632705,818176,701550,-649924,-350924,360520,-31408,-93392,72811,-3976,-14547,2330,1298,-180,-58,4,1 # cft deg6 r=8
1,0,-2262,0,260481,0,3594630,0,4998414,0,-9330974,0,1947257,0,-21942,0,-13126,0,2150,0,-411,0,10,0,1 # cft deg6 r=12
1113025,0,-10025650,0,22384755,0,-13069370,0,-4472269,0,4353836,0,529186,0,-264980,0,-51149,0,-922,0,467,0,46,0,1 # cft deg6 r=8
215296,0,570880,0,-8745120,0,13825020,0,-10428607,0,3616988,0,-450022,0,-32940,0,10591,0,112,0,-82,0,-8,0,1 # cft deg6 r=8
418816,-3411456,5517312,5414656,-16169024,2214656,12922816,-11748608,-890080,11303936,-1516032,-3014880,851864,-181344,-370856,96912,30944,-16256,3416,1132,-505,104,9,-2,1 # cft deg6 r=8
30976,0,-210432,0,-122208,0,-648756,0,976737,0,637740,0,-331166,0,181716,0,-55605,0,2472,0,578,0,-48,0,1 # cft deg6 r=8
3481,0,165087,0,-481862,0,536732,0,-267185,0,6186,0,72844,0,-47780,0,16407,0,-3441,0,442,0,-32,0,1 # cft deg6 r=8
849904,2669920,5528144,9194208,13229088,20495296,35691648,49873280,46131704,24072560,1763384,-6434160,-3528856,199360,826616,265904,5639,-10594,-1035,574,136,-68,-18,4,1 # cft deg6 r=4
-7064791,23368280,-13701190,-20699466,7614924,23925138,-4180093,-13774094,364204,4876036,946024,-1390474,-306522,72214,127421,31870,-32544,-2332,392,1210,0,82,11,-2,1 # cft deg6 r=4
43681,0,3613266,0,-4084841,0,-133926,0,1351587,0,-583644,0,-342790,0,-18396,0,10947,0,2986,0,439,0,34,0,1 # cft deg6 r=4
160000,0,-104000,0,-310720,0,61900,0,-1260719,0,-660276,0,72154,0,37300,0,16863,0,2976,0,510,0,40,0,1 # cft deg6 r=4
22801,0,-42442,0,-1260563,0,-4545038,0,-6587290,0,-4398034,0,-1498851,0,-248578,0,-6206,0,4650,0,753,0,46,0,1 # cft deg6 r=4
215296,0,-428224,0,92560,0,48180,0,-16383,0,-118124,0,60782,0,-6012,0,-4461,0,32,0,-18,0,16,0,1 # cft deg6 r=4
3083536,0,-10898208,0,14549856,0,-8965696,0,2856172,0,-141496,0,-351968,0,89568,0,-25807,0,-6722,0,387,0,6,0,1 # cft deg6 r=4
393455,-4401050,-19315045,-7128210,42918499,28735718,-41709851,-24708318,27080804,6944890,-12793851,1917714,3556052,-2050402,-231737,591370,-144250,-53322,31651,-2066,-1857,416,12,-12,1 # cft deg6 r=12
-72304,744448,-815328,-4917312,11034224,-2463904,-11282912,13953376,-14544588,17320336,-12791616,2716368,3141304,-2721552,581912,294544,-196851,18932,17166,-5288,-366,350,-23,-8,1 # cft deg6 r=12
65536,0,-425984,0,-2723840,0,-2162688,0,-1884416,0,3470080,0,1015472,0,-637496,0,-130735,0,-6210,0,7,0,14,0,1 # cft deg6 r=8
-79801,176294,804580,-473192,-7955486,-13305174,-3677859,6357398,4912659,995924,-599756,-790736,-336876,30540,90062,39676,437,-9466,-3104,680,506,10,-35,-2,1 # cft deg6 r=8
-46661,375574,-624415,-1240766,1044564,9066968,-1589426,-34288372,24677163,21068372,-21684266,-4743428,8478840,75048,-1909816,179680,273753,-40378,-26143,4146,1652,-208,-62,4,1 # cft deg6 r=12
256,0,142848,0,-979808,0,2048252,0,-2250031,0,1121808,0,-164224,0,-94000,0,20078,0,2480,0,-272,0,-12,0,1 # cft deg6 r=8
4597505,3328360,-30165915,19090170,62054916,-103725144,25159436,44819640,-22488132,-10452352,9960263,-1330786,-1683454,1194664,-59344,-223680,18520,42408,-5779,-4582,860,224,-50,-4,1 # cft deg6 r=8
-23612416,130699264,-227715072,25106432,348328960,-419740672,118617088,187544064,-211234240,55973504,33537536,-25793984,6142848,-245152,-593120,306608,-52771,10768,-1070,-1196,83,-28,6,4,1 # cft deg6 r=8
30976,0,-19392,0,-404336,0,985300,0,-1032207,0,548016,0,-109396,0,-35496,0,28054,0,-7632,0,1084,0,-76,0,1 # cft deg6 r=8
38225,-73200,-465495,1966890,-90826,-6236056,2266154,15594540,5332271,-10906608,-5893306,4546188,3203308,-1115840,-1024636,157176,211967,-4768,-26415,-1590,1758,152,-62,-4,1 # cft deg6 r=4
-42829,91298,181257,-1231426,1933457,-798588,-747937,-248810,1121144,3558,-666183,-67306,400145,6476,-147407,-2310,40044,-342,-7113,170,797,-32,-47,2,1 # cft deg6 r=4
8410000,0,68312000,0,63627120,0,45847840,0,18430876,0,10623264,0,3762636,0,727000,0,174765,0,-540,0,-974,0,-4,0,1 # cft deg6 r=4
-964304,3851024,2184320,-31657026,61156667,-53460706,14363292,12268604,-10513963,-447336,3291424,747956,-1421058,476548,586616,-92048,-75734,24296,8256,-34,663,206,12,4,1 # cft deg6 r=4
160000,0,-344000,0,-4346800,0,-4601660,0,-917439,0,389036,0,48642,0,-26820,0,10651,0,6360,0,962,0,56,0,1 # cft deg6 r=4
625,0,53750,0,-138445,0,277710,0,-856709,0,-146404,0,-131182,0,160956,0,-44437,0,-3026,0,483,0,54,0,1 # cft deg6 r=4
1234321,0,-10518588,0,27340246,0,-80645428,0,-158337,0,6106184,0,-108604,0,-515752,0,-71473,0,-2764,0,262,0,28,0,1 # cft deg6 r=4
3044624,11675072,19223800,17382998,5336625,-15386914,-37985355,-50031418,-47970501,-37696804,-23958150,-10694850,-2293047,572898,657243,263386,55437,-2396,-6402,-2094,-257,46,37,10,1 # cft deg6 r=4
12641,32540,-584299,567898,5169751,-22460406,41343023,-34412810,-8098433,51440944,-51382238,16921436,7588618,-8492284,2324078,323412,-364305,87860,-4551,-1654,511,-174,51,-10,1 # cft deg6 r=12
-3307051,-10781876,48133669,-24342158,-72521195,147370650,-134494263,58700450,8545906,-29669808,18524513,-3588334,-2558595,2228822,-619109,-96234,130958,-39280,315,3486,-1103,90,31,-10,1 # cft deg6 r=8
-124487099,455864094,-308738529,-538097598,560851958,351292440,-390102014,-218957032,185931509,92710756,-57017624,-25529584,11923097,4653278,-2154127,-334474,272801,-33190,-12285,6474,-1063,-68,60,-12,1 # cft deg6 r=8
439,50476,-852175,114324,8256232,-18665590,5434340,20671972,-26813645,2184144,12200126,-6994888,2882832,3823052,1021532,97432,-72619,-24460,-1127,-588,-184,-102,8,4,1 # cft deg6 r=8
241081,0,-8861182,0,18375057,0,-7728266,0,-4143258,0,2045930,0,158889,0,-163654,0,-7950,0,4862,0,693,0,42,0,1 # cft deg6 r=8
-10547755,1727600,-3672615,19767910,-20855284,3389572,-729984,9078336,-830532,-10654560,6466327,1821914,-2869482,516652,471832,-220864,-31136,37448,-1175,-3738,376,252,-46,-4,1 # cft deg6 r=4
61475,-296850,574505,778090,-4386961,10295016,-7482823,7892558,2849143,929340,3478634,-1287780,973762,-635088,142242,-106444,34989,-10586,6157,-1158,263,-104,5,-2,1 # cft deg6 r=4
525625,0,9844000,0,22081700,0,-2946940,0,-14708764,0,-5012216,0,99706,0,179424,0,-2196,0,-2484,0,128,0,0,0,1 # cft deg6 r=4
3623071,-35200060,144779695,-330375414,461416528,-396581424,178646950,10471076,-66449147,36496116,-5109204,-2943504,2011015,-1007840,263917,134090,-98759,1840,11327,-1358,-869,192,28,-12,1 # cft deg6 r=4
9025,0,301250,0,2515605,0,1912270,0,-345334,0,-599406,0,-70247,0,42282,0,-10530,0,-6306,0,785,0,66,0,1 # cft deg6 r=4
-8273821,6741378,8779046,-6681360,49768,-7955024,14874739,-11418922,7000662,-4848554,2671484,-1382964,799238,-422056,138873,-40054,17758,-7726,1880,-564,244,-52,3,-2,1 # cft deg6 r=4
48400,0,-42400,0,-927440,0,-2072160,0,-2137464,0,-963280,0,248376,0,182272,0,39641,0,9406,0,1087,0,62,0,1 # cft deg6 r=4
60850064,138412480,-84735328,-12760390,28396785,-27378110,8303201,2806782,-6527555,1747672,204040,-496060,318090,-33884,-89234,31180,9122,-4984,-1176,1090,-139,-102,49,-10,1 # cft deg6 r=4
12073471,-20727984,-190011909,190000768,241373499,-350777162,60225435,228736566,-177194372,-21440916,67598775,-20391852,-3486413,3081714,-517219,-40142,16872,10132,-8375,2260,-17,-146,49,-10,1 # cft deg6 r=8
2944001,2532792,-45203751,-73356342,34194276,266393168,217975304,-105931728,-223209180,14952672,109038107,-16244050,-22243466,5473136,1691044,-583608,4560,4248,-3759,2218,-132,-24,-2,-4,1 # cft deg6 r=8
52943120,-43973440,-14628160,-16480160,-18892464,10961152,-8939376,-4148896,-577764,256624,-810512,-70120,214244,130880,46196,22536,9645,2028,788,190,110,24,13,2,1 # cft deg6 r=4
102400,0,1868800,0,6826240,0,-16089280,0,1112336,0,1669632,0,-2690608,0,-237264,0,189916,0,28272,0,1836,0,60,0,1 # cft deg6 r=4
118878545,137469580,-164491580,28250150,46157374,-57467080,12297113,14973606,-7048253,-2073632,3214168,-713532,-811920,605400,-73130,-89628,48843,-4780,-4812,2326,-334,-80,49,-10,1 # cft deg6 r=4
102400,0,211200,0,31120,0,-24540,0,-76719,0,35580,0,3914,0,-45420,0,15087,0,-200,0,-434,0,40,0,1 # cft deg6 r=4
31181056,0,98139648,0,-62115744,0,-14683108,0,22281441,0,-9905376,0,2010036,0,-171144,0,-2682,0,1920,0,-236,0,12,0,1 # cft deg6 r=4
1,0,326,0,21741,0,225306,0,92378,0,-58258,0,-52843,0,-24458,0,-6262,0,-414,0,381,0,46,0,1 # cft deg6 r=4
-7254629,287591030,-258970305,-13285384,344691008,-187280674,-55426060,28587036,44882323,-19669064,-9522654,5516316,1110515,-681350,-366403,232200,-669,-23840,2777,2032,-589,-58,58,-12,1 # cft deg6 r=4
8736919,13982838,-35953919,-100135250,-53452036,68008500,97086238,12257652,-54695885,-31666732,14097670,16531956,-947840,-4668136,-429364,815656,137045,-90442,-19015,6174,1444,-236,-58,4,1 # cft deg6 r=4
6400,0,4337600,0,18864320,0,4282220,0,-4945519,0,3320152,0,1501004,0,-227808,0,-4042,0,-8696,0,1196,0,-44,0,1 # cft deg6 r=4
402176,-4021632,17221440,-40871200,56713840,-38879648,-11234560,58239968,-70680384,51740736,-26144912,10216328,-3842876,1415464,-330624,25400,-952,432,-1068,958,155,-138,-28,4,1 # cft deg6 r=4
14039,812050,-1611999,-3402634,-3328606,4890036,3195336,-1796280,1950586,1114934,-3326325,-1383062,1216848,494844,-272052,-86840,50194,10434,-7119,-1122,638,96,-34,-4,1 # cft deg6 r=4
10000,0,12868000,0,19882880,0,42786240,0,56845676,0,20987592,0,105224,0,-523688,0,-69447,0,-3306,0,411,0,46,0,1 # cft deg6 r=4
-829531,-11238676,-28040391,-2140974,26959721,12252586,-5755439,-2795802,2606670,1396928,-1756739,-2697478,-1031199,638262,712527,139930,-89626,-43664,2251,5102,769,-166,-45,2,1 # cft deg6 r=4
234256,0,1827744,0,-4263584,0,-20023360,0,-1123012,0,2387592,0,988184,0,55672,0,81801,0,18374,0,539,0,14,0,1 # cft deg6 r=4
572816,-1731072,4570544,-7662426,12266305,-12668474,5637905,5833158,-8745585,-1424740,4501426,168358,-1063391,-156510,218927,24370,-27555,-5964,2874,850,-97,-10,29,10,1 # cft deg6 r=4
130321,0,2105352,0,593324,0,4225836,0,3429264,0,1158664,0,481246,0,152976,0,28800,0,5692,0,796,0,48,0,1 # cft deg6 r=0
92416,0,1451520,0,6809824,0,11966652,0,10342977,0,6802224,0,2541904,0,824688,0,100350,0,-2928,0,-672,0,20,0,1 # cft deg6 r=0
22572001,0,66594240,0,44204192,0,6208660,0,-1409892,0,707504,0,702050,0,183224,0,22724,0,1644,0,132,0,16,0,1 # cft deg6 r=0
55696,0,891136,0,3259632,0,2277504,0,404796,0,3785200,0,724572,0,-262504,0,46093,0,-5340,0,450,0,-20,0,1 # cft deg6 r=0
1175056,0,2321408,0,6926960,0,10997088,0,14048140,0,10359776,0,3927460,0,898400,0,158677,0,19708,0,1442,0,60,0,1 # cft deg6 r=0
212536225,26993950,-198738535,-80046080,43084226,39345702,16456828,-929412,-6109465,-1131108,438142,219184,325492,119132,-55524,-14360,15831,2790,-2127,-464,298,30,-16,-4,1 # cft deg6 r=0
151321,0,568220,0,-920914,0,1044804,0,-611665,0,406904,0,-179500,0,50568,0,-16233,0,1452,0,670,0,-12,0,1 # cft deg6 r=0
1060336,-4141912,10024772,-27366706,60015831,-82972122,91495592,-52622664,23568483,3490004,-3468712,2194090,802327,-455670,134668,45992,-14011,52,2528,150,-15,-130,-8,4,1 # cft deg6 r=0
2563201,0,34491380,0,20365178,0,12199892,0,10020319,0,2788392,0,698956,0,158664,0,26207,0,4004,0,506,0,36,0,1 # cft deg6 r=0
1191975625,0,2889387250,0,2988172005,0,1789330430,0,696242866,0,187114594,0,36051033,0,5092202,0,530390,0,39934,0,2065,0,66,0,1 # cft deg6 r=0
774400,0,5278400,0,10905920,0,13545020,0,11985121,0,6747476,0,2627478,0,744900,0,150311,0,20320,0,1682,0,72,0,1 # cft deg6 r=0
22278400,0,395441600,0,309311040,0,101517260,0,1452161,0,-2279196,0,410518,0,224892,0,93595,0,3104,0,-170,0,-24,0,1 # cft deg6 r=0
3025,0,231200,0,3299140,0,8553380,0,11484196,0,10846976,0,6470578,0,2193360,0,411596,0,42300,0,2352,0,72,0,1 # cft deg6 r=0
863041,0,-1519440,0,2336488,0,1411844,0,-2365132,0,1066416,0,-21870,0,106264,0,1948,0,1596,0,188,0,0,0,1 # cft deg6 r=0
147646801,0,138598006,0,-4771567,0,3677146,0,3303542,0,260182,0,240237,0,-23442,0,9702,0,514,0,193,0,14,0,1 # cft deg6 r=0
23658496,0,35864576,0,-27553792,0,1508352,0,5951744,0,2526208,0,565632,0,118720,0,18096,0,2080,0,216,0,12,0,1 # cft deg6 r=0
1063696,-489728,-3260080,-5603680,2817120,13795008,23108032,27383936,28947720,24280768,15767944,7960112,3238944,784320,-254376,-300336,-54247,34976,21177,5194,930,132,14,4,1 # cft deg6 r=0
1449691,3037074,5391509,1031494,3853265,9700636,14212975,3218134,16296,-2121690,-1728099,181326,280209,41268,122617,-18582,-11260,-662,-485,482,229,-40,-15,2,1 # cft deg6 r=0
4330561,0,52943194,0,108574611,0,101267242,0,56164735,0,21251548,0,5958730,0,1290612,0,212015,0,24298,0,1731,0,66,0,1 # cft deg6 r=0
51345979,-508517622,1940547987,-3475430232,3478818484,-2087238462,707124852,-46508544,-89584103,53921420,-15217020,1029620,1136595,-424334,-169459,190748,-41759,-14816,8329,-380,-441,14,46,-12,1 # cft deg6 r=0
21025,0,1740700,0,24838070,0,79507140,0,87311551,0,39014456,0,6839972,0,390472,0,-6657,0,3436,0,838,0,52,0,1 # cft deg6 r=0
198025,0,3387700,0,10191090,0,11192980,0,8000751,0,4916680,0,2440572,0,856552,0,194119,0,26052,0,1874,0,68,0,1 # cft deg6 r=0
2310400,0,20364800,0,23105760,0,15821260,0,8659921,0,3127576,0,950116,0,215280,0,41366,0,6088,0,612,0,36,0,1 # cft deg6 r=0
626559529,-2611546232,2709478486,3705242424,-12257586205,13737508240,-7806559146,1309275360,1694722935,-1831351848,1004266160,-326053496,24150178,44412472,-33638584,14968440,-4817505,1143456,-181542,9344,4427,-1544,258,-24,1 # cft deg6 r=12
-1,-70,-1193,-9702,-46754,-148472,-332216,-550876,-699591,-675000,-449374,-127808,116255,189490,130295,41906,-5867,-12310,-4703,198,631,76,-36,-4,1 # cft deg6 r=12
-172987211,1160088406,-1230075034,-924361832,1538316402,186044766,-836157067,105990698,278483696,-77650682,-55875224,28623572,7724784,-6114326,-448729,966030,-19128,-109014,6980,10036,74,-454,-23,10,1 # cft deg6 r=8
4,56,250,350,-241,-826,-867,-1204,340,1518,1031,876,206,-702,-747,72,280,178,-77,-36,-48,38,3,-6,1 # cft deg6 r=8
-71727169,-86522524,45346631,374925130,465580900,169546120,-158307642,-328287876,-315387165,-209301352,-110419190,-46426772,-14485400,-3241856,-297736,161168,79037,20004,2295,-966,-300,-40,-6,4,1 # cft deg6 r=8
647683471,192605696,-5677206695,4697894122,6483446720,-6250847540,-3859668456,3705518116,1545330209,-1294850384,-451225764,292246680,96848563,-43749016,-14927115,4286970,1590997,-260616,-111293,8730,4733,-120,-108,0,1 # cft deg6 r=12
233725,-5708650,-25185435,-5019970,115352619,199014112,99321523,-23809010,-30357010,-9369142,-5428943,414238,2007875,226896,-102107,-47534,-39522,374,5103,34,-197,-4,-7,2,1 # cft deg6 r=8
33584,-648864,1788208,9793024,9324560,-14934240,-53488112,-63286112,-16524824,40301456,45091424,10396368,-10751348,-6542072,993096,1739360,282647,-155426,-51511,4548,3138,20,-87,-2,1 # cft deg6 r=8
-161908769,-343104406,648265319,1272712630,-980190218,-885968204,844982036,99769032,-312557011,82114656,31354682,-22566420,5005563,-113154,-529853,357074,-97935,-694,5725,-426,-193,-56,52,-12,1 # cft deg6 r=8
-32407351,-184971640,-532397898,-433605496,819273613,1786720072,665019238,-1122979016,-1221545266,-118932344,451306078,250180104,-15818443,-60386888,-18489590,2589400,2885714,551896,-71598,-47864,-6823,280,202,24,1 # cft deg6 r=12
-191781169,280232076,285452503,-156530114,-37569357,-303667042,463811725,-240133170,119076780,-129046792,74255151,7479126,-27614913,9626738,1785519,-1883974,219700,140200,-38955,-4174,2403,-2,-73,2,1 # cft deg6 r=8
236,-5192,-13570,-32654,-210235,-241466,-41591,71866,-340509,9228,455064,125866,-191655,-83406,-12705,-1458,26209,16180,-4084,-3562,283,302,-19,-10,1 # cft deg6 r=8
12027359,-50697944,29819605,128652938,-182612182,-50485840,196435432,-20131992,-111284419,20628740,44113666,-6668484,-13163173,801180,2848041,123622,-411871,-58524,35371,8486,-1377,-544,-4,12,1 # cft deg6 r=8
44579,273830,5495794,2494932,-38022510,-33472584,73325883,78615786,-48624706,-68471886,2967544,24387616,6486124,-1994104,-1195379,-290330,-104766,-32146,-3080,1144,410,68,31,10,1 # cft deg6 r=8
5179,40286,105019,93652,-109536,-265468,193,310526,101131,-228760,-115614,108916,81413,-33886,-35595,3828,11115,918,-2492,-354,359,44,-29,-2,1 # cft deg6 r=8
-110321299,-195766894,198408677,723004518,446073710,-424982928,-801877504,-417407512,67166952,192582550,80611251,-14357758,-24601428,-5552904,2682584,1465920,-44404,-156758,-15915,9006,1546,-284,-62,4,1 # cft deg6 r=8
-8653601,-50230682,-133310669,-212682154,-220285856,-165368756,-144229800,-180204740,-167792034,-62297486,34887473,45615250,11508346,-6613708,-4262576,31588,564642,79222,-40297,-8634,1776,408,-54,-8,1 # cft deg6 r=4
77088400,0,-87637200,0,-157152040,0,-47145060,0,-6801599,0,304252,0,147682,0,-41716,0,2675,0,1392,0,-110,0,-8,0,1 # cft deg6 r=4
244016,-191968,-1861552,4747888,-1891648,-8510744,20795476,-27517012,28991261,-23780504,16719672,-10821572,6302030,-3208348,1487424,-643996,248639,-85188,26556,-7064,1666,-356,56,-8,1 # cft deg6 r=4
-185251,-343772,-206692,54564,243638,-143768,-26906,-32900,277291,-65772,-9786,-80932,60225,-19668,9234,-4464,1859,-1612,582,-540,290,-128,40,-8,1 # cft deg6 r=4
141761,229356,-1860808,-7719956,-8038816,17830496,76323760,137728244,158648296,126909900,70534176,24682776,2709982,-2313052,-1388856,-255260,74096,56576,13088,-260,-952,-220,0,8,1 # cft deg6 r=4
2395,-1206370,-6155365,-1958730,4736249,4066344,5443731,-5214390,4746204,2016258,3612707,-555538,-794811,1034008,337925,-103930,-67440,-19586,2133,2546,381,-44,-35,-2,1 # cft deg6 r=12
-3251,41168,176056,769848,-4505376,4192140,-222008,-2664872,1774252,123664,55348,-405404,2746,184656,-62864,15464,-13096,-4268,2256,776,172,-48,-12,-4,1 # cft deg6 r=8
555025,0,7459850,0,-32666565,0,-2608650,0,20053451,0,3322796,0,-1106190,0,-233724,0,-5765,0,2730,0,507,0,38,0,1 # cft deg6 r=8
4864,2997248,4680448,-2867712,-8539328,-6903424,2204736,7120768,5056320,900448,-1055968,-656656,-94324,7120,-82616,-82564,-31347,-4224,974,196,223,152,22,4,1 # cft deg6 r=8
9025,0,-261850,0,-2762065,0,-474090,0,10571,0,-12940,0,28378,0,8180,0,13163,0,1510,0,-257,0,-10,0,1 # cft deg6 r=8
-32756656,162544992,-82936656,-913755424,2294129136,-2135650624,445943136,555771680,-247570184,-118964224,57850192,31271552,-12269284,-6102048,1845536,900232,-188367,-95582,10357,7314,-100,-356,-22,8,1 # cft deg6 r=12
-465931,11142512,13278822,-212063804,502345939,-509679868,183354802,90410572,-114081181,35265856,6792536,-9330856,3216442,35304,-410688,128744,-14929,-10128,2018,804,187,52,46,12,1 # cft deg6 r=8
42491,-1947444,8809451,41766514,39812219,-2193964,-2388120,31161276,29202227,3257356,-5190965,-448654,1192854,76072,-189929,20954,42697,3488,-1826,724,423,-4,-19,2,1 # cft deg6 r=8
-176,-1856,8096,-140496,351468,487512,-1550268,116612,2145943,-1560196,-711263,1308636,-491143,-173022,231879,-92652,24704,-8062,2885,-592,-111,94,-18,0,1 # cft deg6 r=8
-424473344,-9083195392,-12979124992,67160978944,-50835886656,-22894108416,44420253248,-15773866816,-1264338992,-24176512,1534824480,-476849664,-75913488,21705632,19859312,-5750000,-786292,288336,70304,-24384,-804,776,-24,-12,1 # cft deg6 r=8
10201,0,-9767792,0,188560992,0,-410156916,0,-37847808,0,81232960,0,22941854,0,2102096,0,18000,0,-5988,0,48,0,32,0,1 # cft deg6 r=8
-3475,22300,-20020,-71820,128114,32720,-220298,90108,197727,-101036,-35962,157276,-10311,-76660,26482,11872,-12901,2292,2650,-1132,-206,160,-4,-8,1 # cft deg6 r=8
-3439,-28350,154951,-15734,-395782,41152,332358,-44124,-786569,494204,438714,-714884,50932,343384,-123160,-90384,57975,16786,-11513,-2198,1170,152,-54,-4,1 # cft deg6 r=8
31348801,0,487412512,0,699896728,0,260131380,0,-50357112,0,-39526320,0,-5243274,0,465072,0,181624,0,18068,0,872,0,32,0,1 # cft deg6 r=4
-5914231,-7484688,5170530,28670364,46018495,40198620,19525692,6681952,6071307,7200988,5760046,2317820,662419,-185108,-84706,-69316,-7698,-1820,686,636,56,68,12,4,1 # cft deg6 r=4
1481101,15546548,74497484,167606688,217281604,196132300,149404072,113497692,86914872,57804472,31662656,16657228,9433594,5062732,2317724,960368,365380,114084,32832,8644,1664,344,56,4,1 # cft deg6 r=4
30976,0,39936,0,16064,0,-18560,0,-45296,0,-38848,0,-21312,0,-6096,0,-36,0,520,0,156,0,20,0,1 # cft deg6 r=4
-207031,186912,425508,-235964,-752022,546288,577554,-983740,509751,70232,-176176,89492,-7235,11248,9344,1144,3989,2052,572,260,115,68,30,8,1 # cft deg6 r=4
-119111,-2140420,8419134,-15445272,21324967,-17990296,13930776,-13982840,16646735,-13973136,10578382,-7077888,4412271,-2245684,1110286,-429948,179202,-49652,15722,-4256,748,-220,32,-4,1 # cft deg6 r=4
-130619,-930666,1724753,-1551542,1007364,-225058,-2350979,3457266,-2644217,1219620,-1009450,310620,74152,-123852,36638,5932,2323,3366,169,122,20,-50,-11,2,1 # cft deg6 r=4
1609984,-5343744,2326272,4845056,-2001024,5337088,-446592,6473344,4703152,5754080,5184880,3441376,2225240,966848,411296,125872,9089,-1010,333,508,194,-58,-20,4,1 # cft deg6 r=4
-57079,23793094,-70789611,14892648,108647014,-66547230,-38382146,30963064,2947981,-3939356,-1945306,1907412,-49467,-606578,264909,4932,-5241,-19568,7993,1132,-1253,198,30,-12,1 # cft deg6 r=12
-14551,300900,-832098,1587720,-2534079,2671808,-1884180,40860,1024504,-1085256,271566,202368,-213340,17260,59930,-34336,5176,3628,-2848,1352,-55,-52,38,-12,1 # cft deg6 r=8
916,-6692,14606,3936,-57759,59492,43485,-99326,12248,38696,-6493,18682,-20343,-15284,17122,-3600,-1519,2740,-1083,114,72,-72,23,-6,1 # cft deg6 r=8
-79279,-1435624,5422076,16917592,-95570882,192601368,-261710116,271106984,-205906097,101795696,-14291304,-30175600,36988292,-25547024,12567608,-4600208,1193471,-176904,1900,792,2462,-1160,236,-24,1 # cft deg6 r=8
75625,0,-2272500,0,3387850,0,-43557300,0,45828799,0,16405464,0,-2881812,0,-686792,0,-4681,0,7580,0,-150,0,-4,0,1 # cft deg6 r=8
58109,849144,2258470,3105484,3919413,2710540,-2850766,-5574180,-3923798,-2925120,-726482,2007308,1887561,316548,-376866,-233004,2410,44928,6138,-5068,-603,364,6,-12,1 # cft deg6 r=8
-17376019,90905616,-175945633,91715094,220202740,-476411456,363171860,18191020,-276923267,232510532,-53957482,-47271476,43097153,-11068788,-2965221,2671934,-479347,-129676,67333,-5082,-2523,564,4,-12,1 # cft deg6 r=8
6400,0,51200,0,-427680,0,-1693120,0,95601,0,-589136,0,-51316,0,-36624,0,-4586,0,-496,0,-116,0,16,0,1 # cft deg6 r=4
70025,-655900,-2649440,-5782020,-6272816,-5466684,-2138192,1328764,6100236,4635940,1696152,-1116676,-410998,-421060,83072,31620,14724,8684,-4144,628,-388,44,40,-12,1 # cft deg6 r=4
1771561,0,1434818,0,-3819123,0,654534,0,65218,0,-29366,0,59397,0,-20054,0,2338,0,6,0,-243,0,2,0,1 # cft deg6 r=4
1292041,30181264,67266848,62163036,66154654,62664796,52225174,32959504,18573851,8720560,1918522,573720,141589,80792,60158,58036,2659,11408,2766,-1008,878,-256,60,-12,1 # cft deg6 r=4
1,0,-126208424,0,141660410,0,211369912,0,99512079,0,30900400,0,7844332,0,1363504,0,142095,0,11000,0,762,0,24,0,1 # cft deg6 r=4
10665061,32453036,1931716,-77563688,-40190588,62654748,36152964,-21585612,-6139648,7260688,534576,-388916,607626,219732,-23388,-45576,-17388,-5484,-3044,-500,104,32,8,4,1 # cft deg6 r=4
-361511,10876162,-18518502,9103756,59800528,-23441066,43822525,-12644854,8570644,-1822574,-1057312,47272,51030,198082,-5325,-29410,-9144,1822,2176,80,-116,-30,-11,2,1 # cft deg6 r=4
211024,-4000656,-19035128,-36889732,-35598735,-18338394,-6590829,1596338,5800543,5626876,2574946,453000,-218175,-227422,-133847,-59618,-24399,-10508,-3934,-976,-97,46,35,10,1 # cft deg6 r=4
-13739,1023852,-12164133,54503966,-134782832,206888916,-212686716,162696296,-111793803,70769660,-31570990,8325988,-2865983,1745808,-378649,-41094,-37071,32220,-3331,146,-819,204,24,-12,1 # cft deg6 r=4
55045,86270,-2276580,-7918200,23813644,22868872,-93335237,46524078,61520784,-68725286,1984838,26608692,-11020326,-2408328,2689901,-402078,-155064,45702,3514,-956,-848,260,3,-10,1 # cft deg6 r=12
19360000,0,36096000,0,-68556800,0,28602240,0,4870496,0,-6440864,0,1590576,0,-138904,0,1529,0,1954,0,-297,0,-10,0,1 # cft deg6 r=8
-1289296,-4094144,-471760,8192000,6672928,1315616,6320512,9727904,-517036,-12473200,-12620140,-4720144,1151460,2002664,761800,-47664,-143193,-40860,5077,4996,536,-214,-49,2,1 # cft deg6 r=8
736861,-7978158,9230269,43042942,36320140,-88381376,-72440340,43303824,39629417,-20539152,-6877894,8557324,-901707,-2849986,1135549,434634,-311511,-8778,39195,-5626,-1875,540,0,-12,1 # cft deg6 r=8
286256,-3316960,2107728,-6853168,10711320,-10244984,-1280484,10440052,21561999,3519360,-16163058,-12184392,2127066,5186516,1404988,-598760,-409856,-48296,26824,10208,715,-296,-58,0,1 # cft deg6 r=8
