# IGP24 block wave: imprimitivity quotient steering of thin pairs.
3940183116,0,4505237496,0,-707923152,0,-993373128,0,108607300,0,51622656,0,-5569628,0,-892368,0,104309,0,4290,0,-586,0,-6,0,1 # block t=1140 q=12T108 r=12 k=2
12230590464,0,0,0,-15322643661062144,0,0,0,132965630590976,0,0,0,-230936719360,0,0,0,140132864,0,0,0,-29984,0,0,0,1 # block t=1140 q=12T108 r=12 k=2
291229668,0,675992952,0,99910908,0,-176044752,0,-32883732,0,14049288,0,2577744,0,-399492,0,-56700,0,6372,0,360,0,-48,0,1 # block t=1140 q=12T109 r=12 k=2
422556146780285774050,0,572986631797583048100,0,135169501470979854206,0,11981674785039007680,0,337195452219455630,0,-9156003587403032,0,-532150422068378,0,2364654587384,0,220485032570,0,-1880083040,0,5424204,0,-5696,0,1 # block t=1140 q=12T109 r=12 k=2
6514852,0,-21400044,0,31996749,0,-28856311,0,17511024,0,-7542250,0,2366696,0,-545625,0,91796,0,-11000,0,892,0,-44,0,1 # block t=1153 q=12T138 r=8 k=2
209806255588,0,-374087326347,0,265699367430,0,-106474598698,0,27593387640,0,-4944713895,0,633756651,0,-58863861,0,3947202,0,-186865,0,5940,0,-114,0,1 # block t=1153 q=12T138 r=8 k=2
421329009108704236,0,-406770609181773944,0,106989112464865091,0,-11213595301489640,0,423073274707014,0,-1582386245257,0,356404173756,0,-19413326193,0,-625520498,0,-11131083,0,-5854,0,365,0,1 # block t=1153 q=12T138 r=8 k=2
16648624,0,-29495564,0,24775874,0,-17105601,0,10468490,0,-4235349,0,1037859,0,-222243,0,41607,0,-9859,0,1972,0,-135,0,1 # block t=1153 q=12T138 r=8 k=2
3419678221,0,-9260785928,0,11002173589,0,-7549460842,0,3313854649,0,-973907770,0,195128301,0,-26686124,0,2462056,0,-148974,0,5563,0,-115,0,1 # block t=1153 q=12T138 r=8 k=2
1370640701966512,0,52851098005231936,0,630034582726828720,0,-950611184011206804,0,291786261244915589,0,-24162014569281739,0,-897737536045379,0,72738315100339,0,8180626647379,0,-20205757694,0,-67589823,0,-118940,0,1 # block t=1153 q=12T138 r=8 k=2
65273321,0,87162080,0,-14037438,0,-35641312,0,-6364449,0,2672960,0,843964,0,-22080,0,-28841,0,-2080,0,226,0,32,0,1 # block t=1153 q=12T112 r=8 k=2
464364453774703,0,-627813651254006,0,300360538265492,0,-64924489331778,0,6152969741883,0,-175229085372,0,798811264,0,156536668,0,-91788587,0,-2964142,0,15724,0,326,0,1 # block t=1153 q=12T138 r=8 k=2
5678446805668408,0,-8619999270568640,0,5501587963463528,0,-2018027285203571,0,471319196827132,0,-72624940862582,0,7372710627847,0,-473296262881,0,17092719353,0,-233995521,0,-1630876,0,-10334,0,1 # block t=1153 q=12T138 r=8 k=2
10812046417300252,0,-23644518632429492,0,20348349443901699,0,-8904770083746298,0,2104843850043590,0,-260700459776715,0,15418756098309,0,-465649144325,0,8076189235,0,-104209614,0,711644,0,-1402,0,1 # block t=1153 q=12T138 r=8 k=2
8242798968064,0,-26659912171552,0,31181653883516,0,-17157960222977,0,7217426864333,0,-3926114580301,0,1209903227794,0,-132072816993,0,24187848471,0,86682923,0,4767984,0,-49471,0,1 # block t=1153 q=12T138 r=8 k=2
1422152091050410310967,0,5180640333549176594742,0,6808940494324997156921,0,3712873647817567282146,0,603239003413811568735,0,-59691261434931759646,0,-537964320330781126,0,6156228740079330,0,7564904948124,0,-50806368540,0,-32005013,0,4776,0,1 # block t=1153 q=12T112 r=8 k=2
3739000917196,0,-3941083881096,0,1206337694295,0,-136216381555,0,-1984847703,0,1760144708,0,-93661363,0,-12674430,0,2211338,0,-152261,0,5722,0,-116,0,1 # block t=1153 q=12T138 r=8 k=2
10362257790184,0,-38734099079268,0,52396686690938,0,-27489590574619,0,257372858787,0,3498523392345,0,178108131244,0,-573410846067,0,104755876065,0,-597351979,0,-6846976,0,-39631,0,1 # block t=1153 q=12T138 r=8 k=2
14032663081170361,0,-3240120561731779978,0,-18262788733742727045,0,-23465553169575197014,0,11463439658961331710,0,27066367033057166690,0,5070678305681863011,0,54492473373630230,0,84073934888112,0,697123694,0,-25302651,0,242,0,1 # block t=1153 q=12T112 r=8 k=2
28672,0,47104,0,-49152,0,-108544,0,-11264,0,56960,0,26432,0,-2912,0,-4032,0,-752,0,8,0,14,0,1 # block t=1154 q=12T113 r=8 k=2
85696121284,0,-163675436032,0,141501630848,0,-73988962688,0,25394677888,0,-5908850048,0,941861376,0,-102244448,0,7396780,0,-343776,0,9736,0,-152,0,1 # block t=1154 q=12T113 r=8 k=2
6562926917,0,-16829368134,0,19345619245,0,-13197513164,0,5925327724,0,-1825954686,0,389867115,0,-56865772,0,5452825,0,-320162,0,10328,0,-166,0,1 # block t=1154 q=12T113 r=8 k=2
47196893297147875,0,10463830482312403450,0,272878421940031680025,0,1752511581783643578522,0,1930930755246118893778,0,208237208502102577217,0,-3534977419816219881,0,-172230304294271024,0,300868408559226,0,6915781155897,0,3176668488,0,-2422999,0,1 # block t=1154 q=12T113 r=8 k=2
2411577437979154176257,0,-1697153209125889480756,0,206211848470696290562,0,-12159015830824945636,0,435949673936933359,0,-10441285226573160,0,174716166017052,0,-2080623984744,0,17617554671,0,-103894628,0,406274,0,-948,0,1 # block t=1154 q=12T113 r=8 k=2
34721476813169,0,-45509921255035,0,22248175000010,0,-5982455793384,0,1025314622597,0,-120242091483,0,9997678450,0,-597614021,0,25593518,0,-767984,0,15357,0,-184,0,1 # block t=1154 q=12T113 r=8 k=2
3101008,0,-6250352,0,3864664,0,-816612,0,372129,0,-262932,0,44336,0,-3796,0,1374,0,-60,0,-8,0,-8,0,1 # block t=1154 q=12T113 r=8 k=2
4096,0,32768,0,80896,0,61440,0,-20480,0,-33536,0,0,0,5792,0,384,0,-408,0,-36,0,10,0,1 # block t=1154 q=12T113 r=8 k=2
918515490852529408,0,-1108570115374017536,0,245828857445615104,0,-26583247196803328,0,1751511711546688,0,-77335377493504,0,2401389029216,0,-53728692288,0,872722848,0,-10186896,0,82224,0,-416,0,1 # block t=1154 q=12T113 r=8 k=2
21972929276712629583349,0,-15898451947109626063992,0,1568419682086781660474,0,-74235627195179356128,0,2137845724518915495,0,-41265096849742176,0,558905609488876,0,-5413220273136,0,37466982851,0,-181543912,0,586362,0,-1136,0,1 # block t=1154 q=12T113 r=8 k=2
49611165274000638531392,0,121533271456551114778240,0,2026597301117065448000,0,-117554432061745561792,0,-4358992430059082704,0,-54174762577096000,0,-188247904021120,0,1732481287888,0,16322959084,0,17949816,0,-195888,0,-324,0,1 # block t=1154 q=12T112 r=8 k=2
33157,0,-332535,0,14367,0,4739981,0,-6395373,0,-3688614,0,3006510,0,2439927,0,634698,0,75083,0,4134,0,105,0,1 # block t=1154 q=12T113 r=8 k=2
5429027440687784177,0,-4748568634977137468,0,918748442586089650,0,-87421086274503628,0,5029761343895631,0,-191414292637304,0,5048628234364,0,-94874537080,0,1294949023,0,-12981324,0,93938,0,-444,0,1 # block t=1154 q=12T113 r=8 k=2
1427407587547,0,-4058307447333,0,4909233386924,0,-3323833703784,0,1399454430102,0,-386672241903,0,72527910693,0,-9415311237,0,775027961,0,-26821413,0,-4803,0,-536,0,1 # block t=1154 q=12T113 r=8 k=2
309253141504,0,-568330039296,0,455917808640,0,-213988744960,0,65724232288,0,-13861768160,0,2032234488,0,-203511800,0,13211869,0,-504274,0,10563,0,-210,0,1 # block t=1154 q=12T113 r=8 k=2
49127487657005584,0,-97016810696252160,0,63079418930084076,0,-16085577098013584,0,2067654610362285,0,-152275833858114,0,6825952738833,0,-190491504642,0,3304577880,0,-34981718,0,217533,0,-726,0,1 # block t=1302 q=12T37 r=24 k=1
25137385209,0,-58723835562,0,57621013919,0,-31613414590,0,10877141880,0,-2491293142,0,392252429,0,-43044814,0,3285070,0,-170830,0,5769,0,-114,0,1 # block t=1302 q=12T117 r=24 k=1
7522931481296107897951,0,-8251631914359625034411,0,921371639535272362609,0,-48141674863415989202,0,1508981739196123866,0,-31346135792888136,0,452384871922161,0,-4626477777436,0,33529353556,0,-168792247,0,562304,0,-1116,0,1 # block t=1302 q=12T117 r=24 k=1
774188422618515956496,0,-1260155406905459835840,0,747432198346960342944,0,-206933561802902024352,0,29453416946320127760,0,-2164282024830038496,0,74102957208460440,0,-861319521551664,0,4304500120152,0,-9986050440,0,11233296,0,-5760,0,1 # block t=1306 q=12T169 r=24 k=1
2568265318709632,0,-2574169846329696,0,921872097491772,0,-178195024442804,0,21672142180290,0,-1784648505834,0,103233988545,0,-4257078732,0,124797141,0,-2544818,0,34347,0,-276,0,1 # block t=1306 q=12T169 r=24 k=1
46558625835087488921329,0,-101210466227277740908806,0,63813637404382575371301,0,-9644766363558326216882,0,495228168460186041354,0,-12415337440626758334,0,173433883067546109,0,-1414173061570686,0,6701394431274,0,-17467758770,0,21916869,0,-9798,0,1 # block t=1306 q=12T118 r=24 k=1
32416191315506336851,0,77697516907116536985,0,77557071048181033812,0,41522202938935290988,0,12688299529014991278,0,2121885803685107040,0,152941703088383000,0,-214530921631344,0,28774230075,0,2446240355,0,2049603,0,483,0,1 # block t=1307 q=12T118 r=0 k=2
8756681491,0,18175715571,0,9864827814,0,310717246,0,5285529,0,174919212,0,36107052,0,1382760,0,366669,0,3451,0,1128,0,3,0,1 # block t=1307 q=12T118 r=0 k=2
848576512,0,2873278464,0,3475218432,0,1767243776,0,312067584,0,-18828288,0,-7521024,0,-98496,0,65520,0,2336,0,-312,0,-12,0,1 # block t=1307 q=12T118 r=0 k=2
631022075121358994113,0,-262919985261834684084,0,67827445123304713602,0,-2405113378564020836,0,123517248577430895,0,-957406533836904,0,-9258138558948,0,88185926808,0,1304414127,0,-22882532,0,152706,0,-564,0,1 # block t=1307 q=12T118 r=0 k=2
487693360215777097216,0,652559962245411480576,0,292454023518392289024,0,47796702322293038336,0,3234129999552495648,0,61321955094118656,0,604206556026720,0,4568632354944,0,-23679807912,0,-478334416,0,1515864,0,1464,0,1 # block t=1307 q=12T118 r=0 k=2
4612975112430505984,0,5899578197352026112,0,2859243049646775552,0,694878376851765248,0,96264130635531840,0,8051512657791936,0,411591980515536,0,12486539016768,0,206081468364,0,1523760860,0,3639738,0,3294,0,1 # block t=1307 q=12T169 r=0 k=2
2036605910098,0,4133824781616,0,3135321850812,0,1237221035384,0,294228767466,0,45572705280,0,4793928504,0,349079220,0,17607150,0,603578,0,13410,0,174,0,1 # block t=1307 q=12T169 r=0 k=2
367563909604,0,512531723456,0,585317390592,0,563938702480,0,212998265630,0,60520487448,0,47968550300,0,30340151168,0,7500396936,0,608842240,0,-1949368,0,12936,0,1 # block t=1307 q=12T169 r=0 k=2
135783878946626069,0,0,0,0,0,19682291253532176,0,0,0,0,0,333809400085,0,0,0,0,0,1536040,0,0,0,0,0,1 # block t=1307 q=12T169 r=0 k=2
54500430640213,0,52659388720419,0,16804882288326,0,2573860072865,0,229290258960,0,16238743101,0,1201167663,0,79313220,0,3815298,0,127706,0,2757,0,60,0,1 # block t=1307 q=12T169 r=0 k=2
384618496,0,-484755456,0,156100608,0,31926272,0,-26009088,0,3326592,0,922944,0,-473568,0,69600,0,-1576,0,708,0,30,0,1 # block t=1307 q=12T169 r=0 k=2
12818387044,0,-10936362048,0,4002678048,0,-864818096,0,132781878,0,-19380024,0,3216516,0,-406368,0,29304,0,-1976,0,264,0,-24,0,1 # block t=1307 q=12T169 r=0 k=2
153,0,801,0,1836,0,2364,0,1887,0,1122,0,790,0,684,0,468,0,217,0,66,0,12,0,1 # block t=1307 q=12T118 r=0 k=2
29315230891134976,0,65333389888868352,0,60251164347786240,0,29385244583558144,0,7998883549516032,0,1166931464468352,0,75570275512448,0,384761681760,0,4996304928,0,10870528,0,-18036,0,-228,0,1 # block t=1307 q=12T118 r=0 k=2
43437673,0,-73545576,0,60686364,0,-33389789,0,13542831,0,-4226301,0,1043772,0,-205083,0,32220,0,-3947,0,372,0,-24,0,1 # block t=1307 q=12T118 r=0 k=2
22645793816405461,0,-46348340157355242,0,30263078761027833,0,-7333260989623654,0,901161486413694,0,-65146668335442,0,2977586223081,0,-88767309546,0,1730922246,0,-21551278,0,161409,0,-642,0,1 # block t=1307 q=12T118 r=24 k=1
65096112339285241,0,-94030060441266306,0,46473455924211945,0,-9728443283687554,0,1097442023163882,0,-75035345736162,0,3296283029865,0,-95400290478,0,1819723002,0,-22313326,0,165561,0,-654,0,1 # block t=1307 q=12T118 r=24 k=1
426575042203562914048,0,-1459012492439866116096,0,1945999606448464265472,0,-1256922564660440521472,0,392551019325138293856,0,-50857040470458583872,0,2225095383614174832,0,-35558086238489232,0,192620367694593,0,-264455310884,0,127372854,0,-20244,0,1 # block t=1307 q=12T118 r=24 k=1
75453684632042751936,0,-130713713209121575104,0,86897007198582501888,0,-28034865244797090768,0,4628568040572867120,0,-383761772063166528,0,14907258266622873,0,-274718683142118,0,2395264081167,0,-9170637396,0,13591815,0,-7254,0,1 # block t=1307 q=12T169 r=24 k=1
674729131246096,0,-811641918796992,0,346849401060708,0,-78314472745996,0,10899323882073,0,-1009545824934,0,64784848047,0,-2931701796,0,93520593,0,-2061844,0,29943,0,-258,0,1 # block t=1308 q=12T11 r=24 k=1
90872464028716,0,-226325677147692,0,232295676669210,0,-126093141445298,0,38613697233453,0,-6612618724002,0,606604332840,0,-30558341250,0,866252862,0,-13945514,0,124374,0,-564,0,1 # block t=1308 q=12T11 r=24 k=1
70526158926206165939216,0,-63143984012033802054976,0,14272463442093133622492,0,-1459065821431803234152,0,82740641755895075273,0,-2827580236137455752,0,59578010512202608,0,-755889529370692,0,5322798273358,0,-17303975312,0,18780892,0,-7676,0,1 # block t=1308 q=12T11 r=24 k=1
12999086766968581,0,-17278528302809958,0,8408056603790559,0,-1960368285153208,0,256984411823937,0,-20638885319172,0,1062690390429,0,-35798182344,0,789907419,0,-11219566,0,98202,0,-480,0,1 # block t=1308 q=12T119 r=24 k=1
14053105298869113781,0,-43088021722416745131,0,54845662710822860734,0,-37254301506812186465,0,14371154442960077570,0,-3060518839119537061,0,312427970004600166,0,-9776698938760669,0,113605839869895,0,-439172586310,0,266156654,0,-32244,0,1 # block t=1308 q=12T11 r=24 k=1
17670451991041,0,29115440043057,0,16600045657542,0,5066753391774,0,965741150787,0,123424253532,0,10949043836,0,683031996,0,29840838,0,892503,0,17376,0,198,0,1 # block t=1309 q=12T119 r=0 k=1
7630533245401,0,26778389469762,0,36200470876566,0,23276127910470,0,7121734965870,0,1006162429092,0,109907285674,0,-1321621458,0,-10331130,0,1059970,0,5466,0,12,0,1 # block t=1309 q=12T119 r=0 k=1
61959601,0,-6924516,0,-6597870,0,-1662791,0,520758,0,186444,0,13155,0,-9900,0,-2178,0,-77,0,66,0,12,0,1 # block t=1309 q=12T119 r=0 k=1
81757239955,0,-54293417535,0,21886795395,0,5168011000,0,5226580611,0,1423200213,0,118679226,0,1774809,0,868509,0,982,0,1644,0,-9,0,1 # block t=1309 q=12T119 r=0 k=1
99745,0,572185,0,1454010,0,2159510,0,2083275,0,1372455,0,632010,0,204670,0,46205,0,7085,0,700,0,40,0,1 # block t=1309 q=12T11 r=0 k=1
12051411644416,0,-39330792654848,0,55405333308416,0,-44046689774080,0,21683627070720,0,-6815858576128,0,1352014736704,0,-156956688608,0,8032174320,0,71096320,0,658856,0,152,0,1 # block t=1309 q=12T11 r=0 k=1
8035933008800491,0,11915036967742992,0,6030428610059934,0,1462935099678710,0,200778733930494,0,16952307195504,0,918194974868,0,32428200324,0,744882786,0,10904758,0,97314,0,480,0,1 # block t=1309 q=12T119 r=0 k=1
11341376531071,0,31408428497916,0,36700645111242,0,23408365387890,0,8791886490084,0,1952531437332,0,244595449346,0,15975455376,0,572243856,0,10125639,0,82116,0,462,0,1 # block t=1309 q=12T119 r=0 k=1
747804406345,0,1319240286390,0,773037290670,0,227142540295,0,38919486291,0,4245469869,0,331871405,0,23254071,0,1677369,0,102836,0,4230,0,99,0,1 # block t=1309 q=12T119 r=0 k=1
619573170176,0,-990393163776,0,616019410944,0,-182718458880,0,23995856640,0,-422366976,0,-161667264,0,5002176,0,1044240,0,5680,0,-1356,0,-24,0,1 # block t=1309 q=12T119 r=0 k=1
41995684496,0,14373446496,0,47768413944,0,5324200760,0,11540129985,0,-5326481544,0,1150831816,0,-71976426,0,219330,0,90280,0,729,0,-66,0,1 # block t=1309 q=12T119 r=0 k=1
212624921,0,5014668,0,-6101430,0,3958417,0,-1396452,0,204468,0,33145,0,-25200,0,7902,0,-1759,0,264,0,-24,0,1 # block t=1309 q=12T119 r=0 k=1
5070878875,0,4849843250,0,762664750,0,-374765000,0,111724925,0,164230725,0,10649850,0,-10045550,0,1325860,0,-77200,0,3300,0,-85,0,1 # block t=1309 q=12T119 r=0 k=1
116778589346875,0,-367004377153125,0,491977044037500,0,-366358311781250,0,165616172032500,0,-46775534608125,0,8216091813750,0,-857770624125,0,42889180500,0,254787100,0,1485000,0,240,0,1 # block t=1309 q=12T11 r=0 k=1
35912173143361,0,53854188227796,0,26752566980265,0,7089048799746,0,1183829208228,0,134720433066,0,10865457530,0,631260390,0,26376927,0,776442,0,15336,0,183,0,1 # block t=1309 q=12T119 r=0 k=1
979158055960678921101,0,-3908038580628314142681,0,6201905797535466743814,0,-4928605363389030317370,0,2014892463741508949695,0,-384595234035633468191,0,25667595671476311236,0,-382225715116857494,0,2016904982115265,0,-3438178613545,0,1041791984,0,-63784,0,1 # block t=1311 q=12T11 r=24 k=1
4858457149516360241,0,-11065211194407090052,0,7906322598811840710,0,-1902006633204566244,0,217360068882083935,0,-13634039395560184,0,500868303873028,0,-11030451256504,0,143806383695,0,-1043651524,0,3583190,0,-3492,0,1 # block t=1311 q=12T11 r=24 k=1
1309221908082374976031,0,-2722898491739812760186,0,2329342155369620123134,0,-1055825781636651720980,0,271060004589139272855,0,-38808399549964922216,0,2815607662798796476,0,-81479750338799499,0,442475267787875,0,-705209754400,0,348802994,0,-37114,0,1 # block t=1311 q=12T11 r=24 k=1
9009510485964399,0,-15908736197924460,0,10839151925641458,0,-3602100558747852,0,607886703167013,0,-51274569309552,0,2458103930712,0,-72628093584,0,1373510763,0,-16691148,0,126162,0,-540,0,1 # block t=1311 q=12T11 r=24 k=1
322367107962181525,0,-773600270487017850,0,744387637127511110,0,-373639450494444420,0,105757409371799586,0,-16926295579810176,0,1452050456813514,0,-60154210204742,0,1080846393014,0,-6238860564,0,9686566,0,-5488,0,1 # block t=1311 q=12T11 r=24 k=1
5049,0,-30480,0,83496,0,-133004,0,142488,0,-109368,0,61818,0,-25920,0,7992,0,-1764,0,264,0,-24,0,1 # block t=1315 q=12T120 r=0 k=2
168318872521028108233,0,330962188825322571730,0,255536095332858341086,0,97577987773976060024,0,18955500432691039624,0,1675089085189887106,0,37940337649749098,0,223152184164718,0,869306012104,0,1814086688,0,328774,0,-2282,0,1 # block t=1315 q=12T120 r=0 k=2
1101700476878600280649,0,373458891085546280364,0,-110101744156614328062,0,11306766206807439044,0,-631530280701128457,0,21583417059807624,0,-466080431979804,0,6224125464072,0,-46760487921,0,143975180,0,117018,0,-396,0,1 # block t=1315 q=12T120 r=0 k=2
1263861,0,-1777716,0,1322882,0,-1163048,0,799287,0,-321016,0,58012,0,-2304,0,5907,0,588,0,162,0,8,0,1 # block t=1315 q=12T120 r=0 k=2
109355099941381654153,0,-95814192915173424,0,-47877707080842360,0,-7955125266379108,0,12247723375704,0,2450547911160,0,204630359946,0,119449152,0,14935896,0,831092,0,264,0,24,0,1 # block t=1315 q=12T120 r=0 k=2
460115524,0,1291484832,0,1342590357,0,552556616,0,26771130,0,-28222542,0,1399524,0,2014542,0,373419,0,32216,0,1713,0,60,0,1 # block t=1315 q=12T120 r=0 k=2
17927674000384000000,0,-19508546082150400000,0,7009932888307200000,0,-765771075697408000,0,32239811782262784,0,75608738369920,0,-3466898346560,0,-18274413088,0,990331952,0,-9460856,0,60388,0,-286,0,1 # block t=1315 q=12T120 r=0 k=2
228058479368830294,0,558196009667955020,0,399899930982185416,0,67056241194533662,0,37769243529940531,0,42665944114735454,0,2624573476529666,0,20766840964028,0,118650350569,0,357219490,0,-111956,0,-1222,0,1 # block t=1315 q=12T120 r=0 k=2
807955710776580984,0,279935415180091296,0,-154660366500216048,0,26498596409279592,0,-2428460116101684,0,135759401601984,0,-4812571759080,0,106481853144,0,-1339878870,0,6607056,0,25824,0,-246,0,1 # block t=1315 q=12T120 r=0 k=2
88441,0,-385108,0,755082,0,-267556,0,256287,0,13656,0,37804,0,9752,0,3015,0,508,0,106,0,12,0,1 # block t=1315 q=12T120 r=0 k=2
2198038113,0,-64332012,0,66028098,0,-24842332,0,2845359,0,-1155672,0,207516,0,-8856,0,2511,0,-444,0,66,0,-12,0,1 # block t=1315 q=12T120 r=0 k=2
5632792,0,-7447308,0,3553473,0,-963446,0,640611,0,-389466,0,68037,0,19422,0,-7902,0,406,0,156,0,-24,0,1 # block t=1315 q=12T120 r=0 k=2
3845478249891823552400,0,-7548590173633283316440,0,3364646052776520856340,0,481033495128251651272,0,65654077111893646914,0,1478684897976001665,0,14731321490627353,0,82214226680437,0,290402352441,0,696770299,0,1175943,0,1375,0,1 # block t=1315 q=12T120 r=0 k=2
5783380111922617,0,21107896632499278,0,29259895501272880,0,19314982841398060,0,6396493932155352,0,1055601105630096,0,47349267795514,0,704051465214,0,8853861076,0,56832296,0,-6702,0,-668,0,1 # block t=1315 q=12T120 r=0 k=2
24875939032115359777024,0,21479295516375709384704,0,2091669276161586880512,0,96546425521072756480,0,2698830683267825664,0,50430809587046400,0,660186039733344,0,6176134987776,0,41309277696,0,193793104,0,608256,0,1152,0,1 # block t=1315 q=12T120 r=0 k=2
99326225,0,-394153925,0,665611170,0,-629505980,0,370304264,0,-142649531,0,36938018,0,-6490233,0,769808,0,-60288,0,2970,0,-83,0,1 # block t=1315 q=12T36 r=24 k=1
14385432607225,0,-19956158320500,0,10867278969450,0,-3277901651940,0,627157700895,0,-81367759080,0,7404526444,0,-478900584,0,21933639,0,-695716,0,14538,0,-180,0,1 # block t=1315 q=12T120 r=24 k=1
12124923301,0,-38904020844,0,52766509476,0,-39571193084,0,18053225307,0,-5213536560,0,966991992,0,-115328412,0,8752815,0,-411980,0,11424,0,-168,0,1 # block t=1315 q=12T36 r=24 k=1
167863815551,0,-374675865475,0,329176138506,0,-155469900124,0,44954970410,0,-8546114089,0,1111950740,0,-100932903,0,6399632,0,-278292,0,7920,0,-133,0,1 # block t=1315 q=12T36 r=24 k=1
31350579502897,0,-126780566332278,0,206051905440201,0,-173123801254246,0,81235897629354,0,-21745921148982,0,3262429337217,0,-260882511138,0,10562689530,0,-204393010,0,1574265,0,-2370,0,1 # block t=1315 q=12T36 r=24 k=1
652985036620977251584,0,-697111705083433440768,0,244475627499936005376,0,-39392279876426561024,0,3298611676782666816,0,-149921530230772800,0,3768819594372432,0,-53971281563616,0,440370002304,0,-1954452680,0,4236888,0,-3912,0,1 # block t=1315 q=12T120 r=24 k=1
2572600224074582399149,0,-4764649705287088414166,0,3572780868005471613879,0,-1389423394376990113030,0,297254327417625629685,0,-34138678519317632294,0,1919229032343459731,0,-46950591079251954,0,368793682898965,0,-477223104080,0,188234941,0,-25174,0,1 # block t=1351 q=12T257 r=24 k=2
1240705312628541841,0,-5145836740965104582,0,8549514949573846239,0,-7235860853302172660,0,3276292072712506045,0,-761278160795058186,0,79841256880935807,0,-3421541237156334,0,44333217802805,0,-91740586160,0,60282939,0,-14058,0,1 # block t=1351 q=12T257 r=24 k=2
16226121236328143791769,0,-61526878885101953342132,0,88180969199089108809098,0,-57357023044312404181428,0,15164775958670592087775,0,-700644690245872041384,0,12793203697468995884,0,-111413978320548040,0,472336072092135,0,-847802798372,0,334952938,0,-41988,0,1 # block t=1351 q=12T123 r=24 k=2
41743692624158825,0,-128328932821013200,0,153506150688950700,0,-90146423565106500,0,27215240550136950,0,-4147808620212900,0,300798018507850,0,-10288279950300,0,156463128765,0,-982143600,0,2608766,0,-2796,0,1 # block t=1351 q=12T257 r=24 k=2
199642960385716093,0,251852198227839496,0,-44174919530458322,0,2288163520628680,0,47350990553255,0,-12052338737712,0,720385143476,0,-24579877552,0,542224635,0,-7914520,0,74286,0,-408,0,1 # block t=1353 q=12T124 r=4 k=0
7990660721424604261,0,47047363667479732311,0,36063827834239570299,0,13780917127444592245,0,2249860680883552365,0,171969344107040304,0,6313688645525079,0,118464169510386,0,1693611727065,0,5099332480,0,66763764,0,-43761,0,1 # block t=1353 q=12T124 r=4 k=0
469435,0,-1253510,0,-1706434,0,12124255,0,-20923975,0,17790850,0,-8320340,0,2155594,0,-311235,0,28815,0,-500,0,5,0,1 # block t=1353 q=12T124 r=4 k=0
370920326862976082243273,0,525743910204919335643812,0,-103339263294897845709238,0,5882013738123018495540,0,54763935677590063775,0,-19893483557064929400,0,892744870809290060,0,-17339557640419320,0,131804944037495,0,-50142925740,0,27259274,0,-4284,0,1 # block t=1353 q=12T124 r=4 k=0
47298249,0,224445249,0,234070236,0,37811043,0,-56516454,0,-33607629,0,-7179921,0,-360369,0,114534,0,23220,0,1845,0,69,0,1 # block t=1353 q=12T256 r=4 k=0
3603666228273757,0,14338068337973508,0,6391336524445600,0,-2334857779618566,0,1871037250605925,0,-402721351475758,0,35762239036096,0,-1478291688652,0,26796253594,0,-173466018,0,937522,0,-1116,0,1 # block t=1353 q=12T256 r=4 k=0
1146617856,0,4570541195264,0,-4726699614011392,0,12958408762589184,0,1455436999786496,0,858320528809984,0,6121020023808,0,3351285569536,0,132174926064,0,1796796312,0,18811104,0,7180,0,1 # block t=1353 q=12T256 r=4 k=0
15346709889667304866340,0,-7001648257808160407640,0,-10199070671285016603660,0,10402582212426115582300,0,-3827205773824268355800,0,647015797683795550480,0,-41312858790621385720,0,-246486905472041540,0,17767455679440,0,14010397384330,0,-1591586834,0,54764,0,1 # block t=1353 q=12T124 r=4 k=0
20732677842710186875,0,17648878456906313125,0,-3830844604007185625,0,343366097084760625,0,-17782063783349625,0,593709227802350,0,-13303626917225,0,199711807400,0,-1905136275,0,9515470,0,1176,0,-271,0,1 # block t=1353 q=12T124 r=4 k=0
1345730440000,0,-38730335360000,0,-364616595560000,0,166303533152000,0,121825926862000,0,-21587265851200,0,1484467219200,0,-54113140000,0,1165813420,0,-15375920,0,122084,0,-536,0,1 # block t=1353 q=12T124 r=4 k=0
1940830972104704,0,715909437145088,0,-2160929810180096,0,1081980545699840,0,-218893183453440,0,13929731796992,0,1246353831424,0,-196128828928,0,6192276080,0,-5276480,0,132616,0,-48,0,1 # block t=1353 q=12T124 r=4 k=0
2707993056850185717,0,22484715785433810828,0,-2774972722656622410,0,104385814173454716,0,1993586331518973,0,-332949888023508,0,13058711449290,0,-236142603672,0,2102901442,0,-20739616,0,223452,0,1036,0,1 # block t=1353 q=12T256 r=4 k=0
53186485136189112,0,-10661933716036872,0,-114064492614544168,0,-27616414271767432,0,-1606728564117880,0,-574002175643584,0,-18884660442280,0,966476025544,0,23558874515,0,-1050433549,0,30513627,0,-9957,0,1 # block t=1353 q=12T256 r=4 k=0
132675906097,0,19736800666940,0,-16000577183086,0,5688491318700,0,-1164435566385,0,151004494328,0,-12817332420,0,705632696,0,-23649825,0,389580,0,338,0,-100,0,1 # block t=1353 q=12T124 r=4 k=0
4134791496875,0,8958372718750,0,6661163825000,0,2552385406250,0,582456241875,0,84052287500,0,7763777000,0,440712500,0,12908225,0,13750,0,-10128,0,-190,0,1 # block t=1353 q=12T124 r=4 k=0
26157833029,0,41593335529,0,27133614073,0,9959601639,0,2361802084,0,396879991,0,51125526,0,5329194,0,450664,0,29762,0,1477,0,52,0,1 # block t=1365 q=12T22 r=0 k=2
9716293,0,21125213,0,24586192,0,21389400,0,48487564,0,61845092,0,47764197,0,25091334,0,2821126,0,148626,0,4795,0,100,0,1 # block t=1365 q=12T22 r=0 k=2
21913429,0,75611430,0,120935454,0,114730843,0,69487227,0,27387252,0,6980487,0,1192536,0,150705,0,14731,0,981,0,51,0,1 # block t=1365 q=12T22 r=0 k=2
4180542111432021547691,0,4094127727978339716906,0,547153700812803234080,0,34535175051215949910,0,1298797281609571195,0,31857997406651080,0,528930185639962,0,5981531898318,0,45186542746,0,217216516,0,611476,0,940,0,1 # block t=1365 q=12T22 r=0 k=2
382929759577,0,2713465198952,0,7611725629312,0,7261698827711,0,2960768087914,0,620708583056,0,71279161726,0,4315896257,0,107032540,0,-376402,0,-6890,0,77,0,1 # block t=1365 q=12T22 r=0 k=2
55690192,0,382873440,0,1083730080,0,1597822960,0,1271226672,0,500102784,0,72532104,0,11592,0,-1664568,0,165640,0,-6540,0,84,0,1 # block t=1365 q=12T22 r=0 k=2
276095964793734019063,0,834462623176372588059,0,1024010875114635456705,0,646804195879880636077,0,218389081659827216391,0,36532161901492183158,0,2416763843829968459,0,69506147305881072,0,901881759820653,0,4457952179899,0,1553796444,0,125868,0,1 # block t=1365 q=12T22 r=0 k=2
274973,0,1559823,0,3892313,0,5629877,0,5238158,0,3291113,0,1426940,0,428760,0,88299,0,12101,0,1041,0,50,0,1 # block t=1365 q=12T22 r=0 k=2
26066101,0,64826127,0,77669124,0,60674117,0,33546717,0,13435506,0,3929190,0,839835,0,130158,0,14303,0,1062,0,48,0,1 # block t=1365 q=12T22 r=0 k=2
114914203,0,315134973,0,446289211,0,394992933,0,230050544,0,89530761,0,22489182,0,3453312,0,309528,0,17580,0,935,0,36,0,1 # block t=1365 q=12T22 r=0 k=2
227735116933887877757,0,235422183436933009073,0,33920713225476878582,0,2348479883809801256,0,98992427170700521,0,2798217935828272,0,55531653556867,0,788539761680,0,8007353211,0,56971082,0,270454,0,771,0,1 # block t=1365 q=12T22 r=0 k=2
99178741652149065869881,0,89533993769055317912636,0,8747203368770308352588,0,394688166191190760588,0,10483432778078152174,0,180185375834301882,0,2087310501808040,0,16468970584960,0,87366781913,0,301524002,0,654900,0,946,0,1 # block t=1365 q=12T22 r=0 k=2
555884258077,0,1069644251244,0,1173287984070,0,635651245066,0,215213691429,0,66613836600,0,-26014011429,0,-10767234168,0,2075466303,0,-7966436,0,885,0,-186,0,1 # block t=1365 q=12T22 r=0 k=2
7451787493,0,218591558,0,-6550259050,0,13972359958,0,28757324463,0,18702279892,0,5350858260,0,567353968,0,-4225293,0,173650,0,-5518,0,14,0,1 # block t=1365 q=12T22 r=0 k=2
131032241,0,257421655,0,200182873,0,82283448,0,22617376,0,6659211,0,2389641,0,686241,0,130418,0,15862,0,1200,0,52,0,1 # block t=1365 q=12T22 r=0 k=2
43003,0,-122505,0,-776301,0,1259905,0,2102553,0,797400,0,-31665,0,-81720,0,-16461,0,-275,0,264,0,30,0,1 # block t=1365 q=12T22 r=8 k=2
3541947105416825035603,0,11961364386600790614642,0,2821063250896798300194,0,243420829274802947431,0,6401483809659792153,0,-279223939083457494,0,-19774088447103669,0,-216910100317608,0,8328992302647,0,172702745023,0,-3590331,0,-37959,0,1 # block t=1365 q=12T22 r=8 k=2
342682166944243,0,-580330894027584,0,-3119475419818044,0,-2964976133048419,0,-975064076187228,0,-78924218171589,0,9263535283563,0,488579433354,0,990329661,0,-149495656,0,-1122432,0,2229,0,1 # block t=1365 q=12T22 r=8 k=2
2016484646922124860672,0,4126406869273129780032,0,-2036605606515229767696,0,159053469228559812312,0,-2154087158030645976,0,-83917750896804168,0,629316100718532,0,25246911902400,0,221486020272,0,917173602,0,2003778,0,2232,0,1 # block t=1365 q=12T44 r=8 k=2
5009006196147,0,23634497177397,0,9154020255468,0,-11159571707274,0,-7549775882373,0,3994898226,0,1040761036723,0,274001297052,0,18434714427,0,-751930234,0,-8829912,0,2781,0,1 # block t=1365 q=12T22 r=8 k=2
161051068014392934264907,0,203344755224563832868285,0,24916182558193698450564,0,1177623621341820213332,0,25546533917658607773,0,190523077829298180,0,-2082945112087791,0,-47770059966624,0,-244394054271,0,458486528,0,4307718,0,-8121,0,1 # block t=1365 q=12T44 r=8 k=2
816588246051,0,3581920697013,0,5467286722302,0,2971476376740,0,-192805181307,0,-451631911140,0,14654345373,0,7633830798,0,406765035,0,5152320,0,-46310,0,-653,0,1 # block t=1365 q=12T44 r=8 k=2
1738576392166287,0,2997915468128055,0,1410659069928633,0,188755953585435,0,-30246984768807,0,-10253522638116,0,-581078832345,0,69146556876,0,8611169373,0,222981525,0,-612738,0,-1908,0,1 # block t=1365 q=12T22 r=8 k=2
34012224,0,99202320,0,80070444,0,5668704,0,-14302980,0,-3525444,0,579555,0,236196,0,5994,0,-3510,0,-234,0,12,0,1 # block t=1365 q=12T44 r=8 k=2
2718792216699763229,0,24112508118871779628,0,65702763754270283102,0,66992347173627647524,0,19759468560190331303,0,-2892291246579990024,0,34064636351459252,0,2575746774335624,0,25124700713883,0,59871066780,0,-4410482,0,-35948,0,1 # block t=1365 q=12T44 r=8 k=2
1477617636941,0,3799231066308,0,-2472297047589,0,-9694125441738,0,-372434350470,0,6134129062968,0,1374777530011,0,46457501022,0,-5062488426,0,-261652420,0,-482481,0,1986,0,1 # block t=1365 q=12T22 r=8 k=2
1810404709240576,0,7636671522936704,0,7079877157619248,0,2315853541380448,0,307124132786840,0,8235383376080,0,-1648237439157,0,-114025647492,0,1405061770,0,205750338,0,697422,0,-3804,0,1 # block t=1365 q=12T44 r=8 k=2
997347156227,0,1291011191553,0,-246967265844,0,-276497609422,0,-28542230283,0,11280570720,0,3261526523,0,336897366,0,14023293,0,13926,0,-11748,0,-93,0,1 # block t=1365 q=12T22 r=8 k=2
977646134010189050717,0,1502443697893324515513,0,-8894323848213561856177,0,9632349290554106110280,0,-3298883943553507606042,0,-160063371310258786066,0,188553099593289322307,0,3076419085988163138,0,16302002383340883,0,33237225353492,0,21818243949,0,816992,0,1 # block t=1365 q=12T22 r=8 k=2
4379391087988584310109,0,8207648196181623410808,0,1317198287924097456462,0,79497781595924218152,0,2130691083015794151,0,16253170339368240,0,-413984628784940,0,-9838296778032,0,-55794648933,0,223730648,0,1886718,0,-5496,0,1 # block t=1365 q=12T44 r=8 k=2
188636057212513406257,0,-577474197481859174652,0,334630211869300817658,0,663111496259572852580,0,-1051998514628180208705,0,531683214700681351368,0,-88572894423552111540,0,-17560578297790872,0,2195069465812815,0,940470260,0,-94046982,0,-12,0,1 # block t=1365 q=12T22 r=16 k=2
40969168333325016083361,0,195264588864227095220598,0,339208614140949465839037,0,247484808639079352429562,0,53592953882346634182714,0,-8668790533133303511402,0,307909018280608402017,0,-3415697915555732922,0,12355911878716818,0,-7519410541686,0,1556894541,0,-109890,0,1 # block t=1365 q=12T44 r=16 k=2
442036224,0,1168791552,0,444211200,0,-642041856,0,-193862400,0,152729088,0,6202688,0,-13870848,0,2747280,0,-233504,0,9528,0,-174,0,1 # block t=1365 q=12T44 r=16 k=2
496759527063,0,441335306583,0,-7472878523991,0,-8385754088985,0,8341164277869,0,-1393430878614,0,-131763355217,0,27697736772,0,-1234185609,0,11927335,0,205224,0,-1398,0,1 # block t=1365 q=12T22 r=16 k=2
10567,0,540735,0,3996381,0,-16791469,0,-111246561,0,285148440,0,64144031,0,-61465056,0,11948385,0,-975937,0,34356,0,-402,0,1 # block t=1365 q=12T22 r=16 k=2
1123049646719133129468,0,4657438720985635530216,0,6930335140242184420848,0,4114833466169192108544,0,474379410414886885440,0,-227772212126863223736,0,16321269997166472324,0,-337345655935988628,0,2181842593842060,0,-2074149743948,0,663130884,0,-72132,0,1 # block t=1365 q=12T44 r=16 k=2
3774704675884713,0,-96765166589230314,0,497825937816878907,0,404886222212245812,0,-2758129363679246982,0,-305008903108099278,0,83618626396531797,0,-3019604198565258,0,26132647213926,0,44252424792,0,-6082749,0,-15894,0,1 # block t=1365 q=12T44 r=16 k=2
7400541216159,0,5275940010476751,0,973653902744984919,0,12424884039281786499,0,39029133152269331877,0,-13922269983045097212,0,1345604300062908287,0,-34376563339567428,0,303908021655597,0,-824276416793,0,602314326,0,-130062,0,1 # block t=1365 q=12T44 r=16 k=2
3038657256699367548217,0,2208136580651157121604,0,-200319417790554111688836,0,-476174984165749120831623,0,-282400830230966614694094,0,-24391710863571912423749,0,11035412278051076773190,0,-91750199252350522936,0,249621050843020959,0,-260578410483693,0,87086748660,0,-1633829,0,1 # block t=1365 q=12T22 r=16 k=2
20346750126,0,39186865017,0,2075808546,0,-8101640898,0,592202421,0,376024032,0,-59871312,0,-1614006,0,1049760,0,-102141,0,4698,0,-108,0,1 # block t=1365 q=12T44 r=16 k=2
533472664242357,0,524235785781483,0,-85206238471242,0,-16335073470888,0,4489008942969,0,-331062848208,0,1702169781,0,981111852,0,-48441893,0,570014,0,13844,0,-329,0,1 # block t=1365 q=12T44 r=16 k=2
2118840837339754496,0,-1086668935380525824,0,-154082119990164188880,0,244490998969151435232,0,403187050274309670120,0,-430567592306954720200,0,97983761246051797779,0,-1037390164811678740,0,2383265059894766,0,1323035230478,0,-657348622,0,32048,0,1 # block t=1365 q=12T44 r=16 k=2
48195833581,0,31940220377,0,-42488136609,0,8461490315,0,2436079194,0,-1112170997,0,105200944,0,12712166,0,-3362527,0,250839,0,-6551,0,0,0,1 # block t=1365 q=12T22 r=16 k=2
75560924730550613610534,0,315347288843761281085104,0,-262445345643848349842964,0,80204121439147696854024,0,-11836664836765243616907,0,846182593619803761264,0,-23046734925803982524,0,-32737822398768384,0,681981377443824,0,3143825280,0,-52395504,0,-72,0,1 # block t=1365 q=12T22 r=16 k=2
232530210806291853319,0,-211776591378285208473,0,38808119448947514738,0,-3319274785323654797,0,165216559519830879,0,-5262944651727750,0,112232315710608,0,-1630126270422,0,16074603801,0,-105088721,0,432318,0,-1005,0,1 # block t=1365 q=12T44 r=24 k=1
389532929347,0,-1885493020953,0,3771101663049,0,-4002884757139,0,2408952236571,0,-816750586422,0,149741488491,0,-14984709408,0,806510961,0,-21449137,0,226992,0,-912,0,1 # block t=1365 q=12T22 r=24 k=1
1163984656,0,-2936704448,0,3199513020,0,-2021871552,0,833253160,0,-237409712,0,48161523,0,-7031436,0,735014,0,-53750,0,2614,0,-76,0,1 # block t=1365 q=12T44 r=24 k=1
3461494451176,0,-6684381999192,0,5120791038696,0,-2059175207452,0,492675328296,0,-75327279732,0,7671540138,0,-531415494,0,25121160,0,-797359,0,16248,0,-192,0,1 # block t=1365 q=12T44 r=24 k=1
458073088576,0,-1021329701952,0,898460872608,0,-424363872944,0,121678931088,0,-22554548208,0,2795721204,0,-235236672,0,13419846,0,-508937,0,12234,0,-168,0,1 # block t=1365 q=12T44 r=24 k=1
76808673456786299,0,-201798326917903371,0,220580216585621642,0,-129062097849306682,0,43183512906550586,0,-8131458685083916,0,781938805674161,0,-30854985679764,0,554871664074,0,-4569996256,0,15110943,0,-11368,0,1 # block t=1365 q=12T22 r=24 k=1
1784226997475535907,0,-5441996675665966467,0,6170778877508569380,0,-3217187802919343692,0,780839372466206397,0,-80380392853363884,0,3843024368784657,0,-87928657947360,0,976852945665,0,-5040644512,0,11081694,0,-8985,0,1 # block t=1365 q=12T44 r=24 k=1
97598729537694880602307,0,-163028556767199279142115,0,105569945024062784941334,0,-33832292466568264792852,0,5672290173575766772330,0,-475904553504701024899,0,16967379269466894929,0,-206759457758788503,0,1046133150218378,0,-2297762951292,0,1843199218,0,-167489,0,1 # block t=1365 q=12T22 r=24 k=1
20127421796936275091,0,-89877890929573804155,0,162461870952264960963,0,-150317781766001406881,0,73478277905082758865,0,-17252045478372409302,0,1428841594224980351,0,-48988231533952092,0,742286638439145,0,-4229524174863,0,1515058110,0,-125064,0,1 # block t=1365 q=12T22 r=24 k=1
326912102465368773931551,0,-685408884073302180279834,0,560696919562383764499531,0,-223459126710371556008922,0,43962983572501170100557,0,-3838277325273674182020,0,131004315056533903488,0,-964591544293696800,0,2384354416328379,0,-1873315884762,0,509310333,0,-44958,0,1 # block t=1365 q=12T44 r=24 k=1
328980027776,0,566500799792,0,405099967824,0,164537443892,0,43001302118,0,7692534181,0,971688352,0,87664608,0,5620896,0,250228,0,7350,0,128,0,1 # block t=1367 q=12T45 r=0 k=2
9128773123,0,20738461629,0,21669234618,0,13894273296,0,6052000851,0,1851010503,0,394093375,0,56198194,0,5244082,0,302673,0,9600,0,116,0,1 # block t=1367 q=12T45 r=0 k=2
38197673340841153,0,115347448233313572,0,132451853751792399,0,72622976598926617,0,19913852590879671,0,2790992793557709,0,205829601559890,0,7944569585226,0,154261680696,0,1354866619,0,4031346,0,3972,0,1 # block t=1367 q=12T45 r=0 k=2
1108610773516562859,0,1181600977394903805,0,265649792954111343,0,29645902265970293,0,2031373959485706,0,93589192356633,0,3028709414928,0,70096451616,0,1158928641,0,13405956,0,103293,0,477,0,1 # block t=1367 q=12T45 r=0 k=2
32178553806531170816,0,23321316721168024576,0,4084639865035403392,0,359039949105245376,0,19352610715131872,0,697769135985632,0,17544514100624,0,312713306124,0,3940866306,0,34336291,0,196573,0,664,0,1 # block t=1367 q=12T45 r=0 k=2
16427608417529,0,27146006650116,0,17873581349663,0,6233207276516,0,1316763022662,0,180909027456,0,16763009722,0,1061600820,0,45689464,0,1302186,0,23279,0,234,0,1 # block t=1367 q=12T45 r=0 k=2
21918109696,0,16519028736,0,10849040384,0,15183068160,0,9622231552,0,2740908032,0,436009088,0,44316608,0,2994560,0,115688,0,2112,0,-44,0,1 # block t=1367 q=12T45 r=0 k=2
30549867853476928652623,0,134278478382357219014799,0,241332510776995416090123,0,226446365514687246865819,0,116780228263659766939461,0,31468611886710560985519,0,3584373787637516125617,0,53103655309930654086,0,164848175512914762,0,150072529925590,0,20918979726,0,799497,0,1 # block t=1367 q=12T45 r=0 k=2
20701683856986723793,0,16911227566331908644,0,3176340450529881306,0,294973610630151748,0,16629757583797359,0,622175136890184,0,16125063866988,0,294553786536,0,3785062239,0,33478420,0,193818,0,660,0,1 # block t=1367 q=12T45 r=0 k=2
11853112669,0,23327199072,0,10051852046,0,-2318750064,0,-714007577,0,224361280,0,39147476,0,-1718624,0,962459,0,-24608,0,4158,0,80,0,1 # block t=1367 q=12T45 r=0 k=2
46427404034542950861667,0,101652762300982908960729,0,91989945951057522121802,0,44248921073097729729878,0,12024677505345036529101,0,1783491124671157470504,0,121957206586919743571,0,1923986996653313931,0,4993299207841150,0,5001241504011,0,2161227570,0,335206,0,1 # block t=1367 q=12T14 r=0 k=2
812699648,0,2193530880,0,2565881856,0,1733860864,0,758136576,0,226974336,0,47875584,0,7189152,0,764544,0,56264,0,2724,0,78,0,1 # block t=1367 q=12T45 r=0 k=2
3307420690537063,0,10827945566372457,0,13565903445818736,0,8088442287202363,0,2331456877743777,0,306373009915359,0,20168458639998,0,699622682994,0,12861250272,0,123144784,0,580977,0,1266,0,1 # block t=1367 q=12T45 r=0 k=2
846299,0,-2927401,0,4804990,0,-4928252,0,3505042,0,-1815852,0,700557,0,-201941,0,42856,0,-6453,0,645,0,-38,0,1 # block t=1367 q=12T45 r=0 k=2
484712987193,0,825229733562,0,575902712187,0,226908989793,0,57325976424,0,9891203949,0,1203409872,0,104504094,0,6450030,0,276615,0,7839,0,132,0,1 # block t=1367 q=12T14 r=0 k=2
1334743471,0,-4899045444,0,7630995990,0,-6609413534,0,3511709244,0,-1194731496,0,264719643,0,-38248056,0,3557826,0,-206942,0,7140,0,-132,0,1 # block t=1371 q=12T77 r=24 k=2
8593934507850625,0,-19808868878938500,0,19285300032689850,0,-10330662301757460,0,3322063737080641,0,-656084277592068,0,78108858423310,0,-5265936188112,0,175247853250,0,-2075831640,0,7903748,0,-7236,0,1 # block t=1371 q=12T77 r=24 k=2
93336859841,0,-378122089046,0,630181801825,0,-561305702230,0,291835394842,0,-91435373574,0,17367725465,0,-1985461042,0,132686442,0,-4861010,0,86545,0,-578,0,1 # block t=1371 q=12T77 r=24 k=2
135177662169,0,-749681753436,0,1750796014914,0,-2223330475764,0,1650177868063,0,-712815570616,0,167171160092,0,-18400292872,0,927107367,0,-21946668,0,231810,0,-964,0,1 # block t=1371 q=12T77 r=24 k=2
5467422425998757911,0,-10314875827740063452,0,8122866502012628400,0,-3486437049040378968,0,891311077537591139,0,-138903704153639720,0,12897946483795840,0,-655490845447952,0,14332631581957,0,-28642825404,0,22228048,0,-7704,0,1 # block t=1371 q=12T77 r=24 k=2
331318817358185760049,0,-1165050378898238714106,0,1721792749425503265320,0,-1378454335924161189737,0,639862917707074301031,0,-169584194639844525911,0,23091593713002921031,0,-1184334989241594779,0,7312821393025601,0,-11189951881357,0,3359863936,0,-280500,0,1 # block t=1371 q=12T77 r=24 k=2
105420869564145488272,0,-84628227545024592312,0,13327967993335903881,0,-1029586388071939812,0,48496737355978818,0,-1527341761421262,0,33617393791605,0,-526670727408,0,5867631093,0,-45536022,0,234378,0,-720,0,1 # block t=1371 q=12T34 r=24 k=2
168885763245101906763334,0,-364215129431421123801792,0,295741088098354656003594,0,-124444011830876074027026,0,30435136832076851305308,0,-4499600183117991911448,0,397054676300050679597,0,-19295921533148069940,0,400901531075925105,0,-236401600246632,0,17440476285,0,-304938,0,1 # block t=1371 q=12T34 r=24 k=2
739064334414983824,0,-2371704064556311888,0,3174211035214073884,0,-2291698845903680652,0,963325698168078449,0,-237157180042091920,0,32668080514826308,0,-2259958609212264,0,60420382968806,0,-85522915776,0,46225848,0,-11116,0,1 # block t=1371 q=12T77 r=24 k=2
191373521484790412888369,0,-563553799435939105758048,0,690983940822765876952594,0,-455321345017940286153488,0,173021983379317910954543,0,-37566608678524094474550,0,4269551560740080778548,0,-199385632293540302054,0,1639808539703179255,0,-1664176154786874,0,184431069555,0,-1875330,0,1 # block t=1371 q=12T77 r=24 k=2
350865468739,0,-1365449132643,0,2293290728468,0,-2168319607011,0,1260907653659,0,-461700592510,0,104379831681,0,-13625534164,0,895111851,0,-24110255,0,274106,0,-1171,0,1 # block t=1371 q=12T77 r=24 k=2
58216328319139499489,0,-135740928263744185668,0,133243214059157469324,0,-71794622806182451660,0,23160704090794836616,0,-4554724334855262052,0,527303500490214870,0,-32124883809172804,0,751812884549976,0,-620854277612,0,183923444,0,-22788,0,1 # block t=1371 q=12T77 r=24 k=2
4467689,0,-17190678,0,29321023,0,-29421994,0,19401935,0,-8879010,0,2897012,0,-680062,0,114133,0,-13368,0,1038,0,-48,0,1 # block t=1371 q=12T77 r=24 k=2
166080312948673,0,-592114406842668,0,885066271215930,0,-719853655071196,0,345352587176535,0,-98820675647832,0,16184132670164,0,-1360327677000,0,46721368599,0,-572084828,0,2516562,0,-2940,0,1 # block t=1371 q=12T77 r=24 k=2
14500268624881959521,0,-55024183429799802246,0,81262244357875638789,0,-58951746621180568066,0,22063876753895988666,0,-4214076491994992670,0,375666709163231037,0,-12209900523662862,0,160914881044346,0,-919117298546,0,1918551237,0,-89206,0,1 # block t=1371 q=12T77 r=24 k=2
1360439715277206601,0,3243307069380670322,0,-1505368677768980768,0,-9311593128395022807,0,-8009275349787379621,0,-2155102267421014769,0,-66952075022206820,0,2277385003849802,0,44760773145007,0,-681451787734,0,534676713,0,-46552,0,1 # block t=1382 q=12T37 r=12 k=2
1214779392,0,3705827328,0,2405090304,0,-55213056,0,-273461760,0,4485888,0,11853120,0,-1053504,0,-87648,0,12240,0,-12,0,-36,0,1 # block t=1382 q=12T37 r=12 k=2
34745879872,0,53907446208,0,-44208708576,0,-21711772544,0,2456248896,0,553926960,0,-38560044,0,-4981896,0,258696,0,18436,0,-816,0,-24,0,1 # block t=1382 q=12T37 r=12 k=2
313333,0,-329400,0,-1608300,0,-74826,0,859092,0,75168,0,-160802,0,-9504,0,11340,0,90,0,-204,0,0,0,1 # block t=1382 q=12T37 r=12 k=2
30762272192697037,0,555767089519044942,0,-2481555091645040010,0,258607395583841394,0,62118833311944951,0,-4900830692262012,0,-331141857478796,0,17517590751420,0,473068852251,0,278947854,0,-2007690,0,-270,0,1 # block t=1382 q=12T37 r=12 k=2
1252337005428145056,0,6507722091739888152,0,2962852487735583861,0,-1212666667963004250,0,122319955599515865,0,-3945777454805868,0,2859826750074,0,545353127712,0,-732074850,0,-27729660,0,-3399,0,522,0,1 # block t=1382 q=12T117 r=12 k=2
7865565485726564416,0,32740789660517697792,0,40355590885488380208,0,12769653190062944336,0,463651962526347516,0,-31327785397857420,0,388886281862478,0,393646123638,0,-27582597621,0,74867936,0,380199,0,-1326,0,1 # block t=1382 q=12T37 r=12 k=2
116544605560041121,0,134061569565908292,0,-21723963783381822,0,-23017350246167084,0,3399575244892335,0,466268239095048,0,-47009062630884,0,1254471264072,0,-8487164529,0,-55522124,0,181314,0,996,0,1 # block t=1382 q=12T117 r=12 k=2
2015051776,0,6464593920,0,6648772608,0,1990681600,0,-297166080,0,-116828160,0,14638272,0,1300800,0,-239520,0,2800,0,1044,0,-60,0,1 # block t=1382 q=12T37 r=12 k=2
3207171128875223625,0,11134172834925482775,0,2491186552304039530,0,-494232060764546975,0,16015701110152684,0,627032287950196,0,-33932118802517,0,208353671332,0,3426829564,0,-20022485,0,-126655,0,289,0,1 # block t=1382 q=12T117 r=12 k=2
2673315335791140841,0,495661418384527644,0,-6166121667605866962,0,-3359157297413818336,0,659041457292920124,0,27672095102875392,0,-2274883881758134,0,21468009600948,0,392913869004,0,-4078909960,0,-2093634,0,7296,0,1 # block t=1382 q=12T37 r=12 k=2
10704662649213831760400,0,26684726657783529897760,0,2849144030493862925256,0,-284564273169345990996,0,5148633205396814536,0,63488644344311660,0,-2167782226103403,0,9432065024372,0,45395657604,0,-204984605,0,-430332,0,746,0,1 # block t=1382 q=12T117 r=12 k=2
406765476411456880656,0,412702974988639647552,0,-328730543389505541960,0,67608644327129374848,0,-5790048231882894039,0,195616096053580908,0,555600660027274,0,-154598329677048,0,918716803899,0,40178792392,0,61931634,0,25572,0,1 # block t=1382 q=12T37 r=12 k=2
7037482621339,0,-48598324688077361,0,-2279675377350853720,0,1021266790953086430,0,730965331237572227,0,-273372157149505102,0,-3982957165436540,0,583661950903339,0,8661038676190,0,-14835686612,0,-46860457,0,12541,0,1 # block t=1382 q=12T37 r=12 k=2
74474547417,0,756225662652,0,55472165874,0,-46018460340,0,-1695001545,0,878071752,0,10582164,0,-7190856,0,40095,0,26460,0,-486,0,-36,0,1 # block t=1382 q=12T37 r=12 k=2
102168795409,0,-260239397628,0,275343072468,0,-159469246932,0,56107447992,0,-12604392696,0,1852966018,0,-179934756,0,11490816,0,-472620,0,11952,0,-168,0,1 # block t=1382 q=12T117 r=24 k=2
37147382829384807619,0,-93484817806375830991,0,87785909177476590161,0,-39018389407115826219,0,8498500219710158056,0,-848646436214675246,0,35934012580878407,0,-594387522270761,0,3896346275474,0,-10164428828,0,11746741,0,-5825,0,1 # block t=1385 q=12T38 r=24 k=1
274185028547284726093441,0,-478403439072339764631807,0,307373123851211563656585,0,-87544559406991105970996,0,10567324501845640231122,0,-500634397834689098880,0,6773794077427849086,0,-36007504123939254,0,91584682953840,0,-119710367543,0,78298929,0,-21495,0,1 # block t=1385 q=12T38 r=24 k=1
57139630779324075630391,0,-43157962788074446728975,0,4028134041116689757565,0,-178458116028148301657,0,4777055560249459146,0,-85181821404746616,0,1059478868334129,0,-9367353200466,0,58831183800,0,-257088596,0,744213,0,-1284,0,1 # block t=1385 q=12T38 r=24 k=1
10338589,0,-37659170,0,61021842,0,-58177683,0,36364223,0,-15708771,0,4812461,0,-1054340,0,164089,0,-17708,0,1259,0,-53,0,1 # block t=1385 q=12T38 r=24 k=1
337605410203186168671529,0,-717022418151871496662960,0,593209239837464020870576,0,-237100627971162103654672,0,45613692560053687080818,0,-3627752444338988459264,0,106029535567860774447,0,-858822507187889298,0,2060475553635882,0,-1366279414031,0,347323891,0,-33160,0,1 # block t=1385 q=12T38 r=24 k=1
449695907794999,0,-785892743280290,0,513874265722325,0,-171132765294289,0,32720547309793,0,-3815085988275,0,279855077842,0,-13047396824,0,383752519,0,-6954608,0,74271,0,-425,0,1 # block t=1385 q=12T38 r=24 k=1
31568649282116240401,0,-101387728343142740968,0,118368427089537690070,0,-59717072081754804179,0,12124073203743759151,0,-983054348698394900,0,27034617997370054,0,-324704926282171,0,1976206662065,0,-6405826693,0,10670824,0,-7644,0,1 # block t=1385 q=12T38 r=24 k=1
418977504445929,0,-954742228515504,0,740465921963970,0,-242072804931312,0,41967851076063,0,-4363690480992,0,289766073276,0,-12627146592,0,361428567,0,-6627312,0,73314,0,-432,0,1 # block t=1385 q=12T118 r=24 k=1
60369189280101583771,0,-185313158140433099715,0,213010070470069508160,0,-112852446693285463456,0,27402003712426457970,0,-2701385748052457184,0,95165924748324621,0,-1327772585001420,0,7647287020812,0,-16131157891,0,15131844,0,-6414,0,1 # block t=1385 q=12T38 r=24 k=1
384441664409856,0,-1153324993229568,0,1372503625072992,0,-819904731273648,0,257327654529825,0,-41477746239792,0,3454593571836,0,-152568934128,0,3589075494,0,-44281296,0,282204,0,-864,0,1 # block t=1385 q=12T118 r=24 k=1
162661843613139841806959,0,-448576539731942024900734,0,493953106398264680607073,0,-272803184700365109458849,0,76518321976503086600027,0,-9215039819022800654353,0,184533239990151645166,0,-923271977231563702,0,1807556396630071,0,-1620556990626,0,660494033,0,-101137,0,1 # block t=1385 q=12T38 r=24 k=1
1584032841,0,23317266852,0,-80726836590,0,-1008302522604,0,4154123440015,0,-3952398351640,0,4612854529628,0,857772934440,0,36656294375,0,-4314444,0,3311570,0,-4348,0,1 # block t=1392 q=12T40 r=4 k=2
1609,0,-186,0,-8845,0,13452,0,-3052,0,-11410,0,15644,0,-10570,0,4452,0,-1224,0,215,0,-22,0,1 # block t=1392 q=12T40 r=4 k=2
8503056,0,28343520,0,3779136,0,-2519424,0,-1076004,0,-52488,0,23328,0,-5832,0,567,0,378,0,117,0,6,0,1 # block t=1392 q=12T171 r=4 k=2
4159091358006636691456,0,2100371090637592477696,0,-6173478040830586910720,0,1694856052062833532928,0,150838226826275234048,0,5999276140876852224,0,104774688159827456,0,848804540066560,0,2658036941728,0,6566166784,0,11863352,0,-912,0,1 # block t=1392 q=12T171 r=4 k=2
29410662761693170624,0,879523431667417016512,0,466356897709492362096,0,82209764133159728368,0,5002753165927593660,0,106641821507578640,0,11766562215760472,0,-73450307793440,0,466629000952,0,-391155208,0,1535024,0,-2492,0,1 # block t=1392 q=12T171 r=4 k=2
114836637998600561,0,3787248498089457932,0,-1401760033830220874,0,-244737780522577422,0,61649561014627087,0,9994197611404790,0,420711418155745,0,8013255177254,0,79419669403,0,425556694,0,1223040,0,1764,0,1 # block t=1392 q=12T40 r=4 k=2
14594851,0,42455030,0,43559512,0,16745242,0,-1789117,0,-3545668,0,-1030200,0,-38508,0,39833,0,9582,0,992,0,50,0,1 # block t=1392 q=12T40 r=4 k=2
97222276,0,245843160,0,193319616,0,29879060,0,-32533047,0,-18140040,0,-3387468,0,-12240,0,98694,0,17600,0,1452,0,60,0,1 # block t=1392 q=12T40 r=4 k=2
24772731305042280096799,0,8505588047561351439146,0,-28355589168130781442223,0,12639279742540137467546,0,-2301069301686609866089,0,134714103177094716972,0,5054324289209297086,0,-2926465403916372,0,310234029361121,0,2090302412458,0,3304345049,0,91450,0,1 # block t=1392 q=12T171 r=4 k=2
4096,0,1138688,0,1114112,0,147456,0,-252416,0,-148992,0,-27520,0,6272,0,5216,0,1536,0,256,0,24,0,1 # block t=1392 q=12T171 r=4 k=2
14433721050548160064,0,17755308580530931488,0,3547713299753645832,0,321376714699910012,0,16073577749942985,0,459920996722638,0,6678047464544,0,8979853962,0,-1234215906,0,-17501750,0,-79680,0,66,0,1 # block t=1392 q=12T171 r=4 k=2
972012229631422530064,0,5806496523019491982752,0,14455425987259189878600,0,19200203156853418083304,0,14356047019705510483233,0,5735990046777707009700,0,962414394059253984036,0,3209031402054748110,0,-883018957181688,0,-10405716274592,0,10536074295,0,-312174,0,1 # block t=1392 q=12T40 r=4 k=2
510714801,0,-1372889250,0,-1234655541,0,1689706818,0,-367028901,0,42034140,0,1972674,0,-1128492,0,131787,0,-13338,0,1179,0,-54,0,1 # block t=1392 q=12T171 r=4 k=2
4379334812061991953344,0,101667914180073946007296,0,87906026938518349093920,0,26412610329185045414656,0,2982853402529937029404,0,83651293464910272208,0,550155685758337016,0,-2875412501212576,0,8671361932312,0,-16448563704,0,16184244,0,-6880,0,1 # block t=1392 q=12T171 r=4 k=2
155002914255180005136,0,824673058037391555648,0,11551127124124191816,0,-26968426667510699160,0,-702259661310687135,0,206175095624672118,0,6496281394490169,0,78410083187808,0,483154438410,0,1640901510,0,3041496,0,2808,0,1 # block t=1392 q=12T171 r=4 k=2
155242090922486325256,0,-501005094079816562112,0,635293613073657295056,0,-401928410265319472576,0,133126342945585633260,0,-22068028031918223168,0,1510632875233010000,0,-15665592397172544,0,59820994788726,0,-93801386416,0,61292052,0,-13872,0,1 # block t=1396 q=12T41 r=24 k=2
51739256,0,-183866016,0,288526176,0,-263513696,0,155476764,0,-62213472,0,17251872,0,-3329472,0,442578,0,-39432,0,2232,0,-72,0,1 # block t=1396 q=12T41 r=24 k=2
89648484010314239,0,-268278046293464052,0,329597952653838330,0,-214097444279560604,0,78413550484947411,0,-15787996040382264,0,1527866708946388,0,-47188029549672,0,586285922589,0,-2998522708,0,6315810,0,-4476,0,1 # block t=1396 q=12T41 r=24 k=2
43801839134320,0,-69380544396960,0,39573095045760,0,-11771198335720,0,2119155632496,0,-249711864264,0,20104636932,0,-1128404592,0,44217720,0,-1187698,0,20862,0,-216,0,1 # block t=1396 q=12T72 r=24 k=2
144605764,0,394475880,0,479269968,0,345350764,0,165173817,0,55430160,0,13416956,0,2364600,0,301578,0,27176,0,1644,0,60,0,1 # block t=1410 q=12T174 r=0 k=2
2362611437568,0,4322612551680,0,2676238534656,0,500528105472,0,-71458681088,0,-14780836864,0,4969508608,0,581521664,0,32236912,0,-698464,0,13000,0,-88,0,1 # block t=1410 q=12T174 r=0 k=2
1838156032,0,6666215424,0,9771861504,0,7409057792,0,3209072832,0,872597952,0,158149536,0,19756080,0,1724985,0,104000,0,4116,0,96,0,1 # block t=1410 q=12T174 r=0 k=2
361513601132416,0,743867736854784,0,772275380407872,0,438330497192896,0,107401306092984,0,2439038639904,0,-1480920423856,0,107012116464,0,-3659650548,0,67518320,0,-400044,0,2640,0,1 # block t=1410 q=12T47 r=0 k=2
7748027235772048,0,16860054417972480,0,13502100247873296,0,4675753257367392,0,612571640821665,0,29636826990408,0,7347175887548,0,363040678584,0,4595896086,0,38673144,0,-175764,0,-216,0,1 # block t=1410 q=12T174 r=0 k=2
255789562260700061568841,0,712625810374659964716584,0,752897896177373841014994,0,364637991563428860632856,0,74521613031231371061747,0,3758036811793872652912,0,94327810999868810372,0,1193728380119221520,0,5925895156793163,0,74785909320,0,169602546,0,-3656,0,1 # block t=1410 q=12T174 r=0 k=2
4537723542238,0,15496513583628,0,25240149243162,0,24226519547996,0,14280109563789,0,4605087609120,0,528016880816,0,1442512080,0,-616384836,0,7977748,0,35214,0,276,0,1 # block t=1410 q=12T174 r=0 k=2
259394769052937626825,0,936713643557878773880,0,1301373872781644498034,0,853120633943792763624,0,255577571862913025587,0,27931576748735208544,0,1522839656242780708,0,37996380702676672,0,348447485961835,0,12747906216,0,40806354,0,-2024,0,1 # block t=1410 q=12T174 r=0 k=2
478034826650163675136,0,438558461733677826048,0,57870988056087232512,0,3694788123663671296,0,144492633610157568,0,3812567349124608,0,71068755819584,0,953922563232,0,9214666878,0,62755100,0,286878,0,792,0,1 # block t=1410 q=12T174 r=0 k=2
6276370862712558882304,0,12887129244347734158336,0,10125806631647646836736,0,3706808724331471803136,0,596204414132363369568,0,28595277495839370240,0,390356191940507232,0,767205106355520,0,96486751349784,0,-50016135056,0,24875688,0,-8496,0,1 # block t=1410 q=12T174 r=0 k=2
4398291663799718261824,0,8828568059996012696576,0,6573646074722320887648,0,2116109292979696220640,0,226308125925433598808,0,-8189539167978777824,0,164424913439710592,0,3282674276437856,0,142000609609764,0,59167083840,0,25852488,0,8788,0,1 # block t=1410 q=12T174 r=0 k=2
406018677371731716721329,0,305957209027718925826164,0,25066497931718169515130,0,950960197588045860828,0,21481698036403456173,0,320202418068317808,0,3308881475577456,0,24215625244512,0,125642302173,0,453348900,0,1084266,0,1548,0,1 # block t=1410 q=12T174 r=0 k=2
347315596270882856764657,0,654054999074719755369444,0,369531278471551263968178,0,52163715992341533532788,0,-2569221526290585465009,0,228333796375486278984,0,-2575122366465936388,0,27063871009132680,0,-119556489149793,0,457620008916,0,140739954,0,118788,0,1 # block t=1410 q=12T47 r=0 k=2
18564908528257981956,0,84789078654375369648,0,132381746102702417004,0,81458848148077619928,0,19302272633414781801,0,1702465094180912040,0,67602686376262644,0,512091736145064,0,-3241348336998,0,12824395944,0,-3108840,0,-768,0,1 # block t=1410 q=12T174 r=0 k=2
947105021561485312,0,1620505317836378112,0,954356162794632192,0,240172726494460928,0,25994682492319872,0,1133674803565056,0,-1914739405824,0,-692035455744,0,-2643759072,0,169772864,0,1488576,0,3552,0,1 # block t=1410 q=12T47 r=0 k=2
5227479,0,17293113,0,17214858,0,873675,0,-7620615,0,-3606597,0,102006,0,490266,0,153090,0,22320,0,1713,0,66,0,1 # block t=1410 q=12T47 r=4 k=2
218128692035584,0,110787351527424,0,-122755340943360,0,37928150345728,0,-5963693442816,0,536447511552,0,-27553453312,0,714577920,0,-4856160,0,-95104,0,-144,0,24,0,1 # block t=1410 q=12T174 r=4 k=2
43610979536896,0,569897563611136,0,-5216675135869952,0,-38591757454556160,0,210996156268324416,0,11040551041711616,0,-285700943249472,0,-16544123139008,0,389037057984,0,-967102368,0,1919656,0,-1720,0,1 # block t=1410 q=12T174 r=4 k=2
22691038914150400,0,37417701762662400,0,9254619930427392,0,-1796009204514816,0,-595454444740608,0,10279711236096,0,7989552555008,0,403927844352,0,8116822032,0,79198656,0,400200,0,1008,0,1 # block t=1410 q=12T174 r=4 k=2
108708494339968,0,-84403517315328,0,-282854000660928,0,509780695112768,0,-352500320439240,0,86948770265952,0,-6729411413616,0,267828713616,0,-6022081524,0,78344240,0,-500748,0,2640,0,1 # block t=1410 q=12T47 r=4 k=2
12237835897,0,51676892820,0,37880571978,0,10156161620,0,411705759,0,-359455896,0,-86754388,0,-9141240,0,-495033,0,-10364,0,426,0,36,0,1 # block t=1410 q=12T174 r=4 k=2
406665792947200,0,-3924005270154240,0,-53142555493047552,0,232024214803182336,0,1774499486397580512,0,195152050356122496,0,10760906947996256,0,244295260771392,0,3173652493896,0,2881612464,0,4828464,0,2112,0,1 # block t=1410 q=12T174 r=4 k=2
293843312167445713,0,323613334932184668,0,-99210449261801142,0,-37061336514285044,0,10269224864160639,0,-816755183059560,0,25381550830316,0,-214616598888,0,-12574330257,0,-151435828,0,1851786,0,-4836,0,1 # block t=1410 q=12T47 r=4 k=2
402586066967040000,0,1236769427722752000,0,1039029305701705920,0,241509525223429440,0,-188656790056560,0,-21701947405787760,0,5014739307086589,0,-424033229722032,0,14623528891975,0,-81501275740,0,-46108845,0,-4972,0,1 # block t=1410 q=12T47 r=4 k=2
143557587070056074872,0,811221329834548079040,0,355962746814556012608,0,59881439599717039024,0,6502741113290420412,0,731303126083794384,0,42159802838045892,0,-531662660505936,0,-3400186555467,0,-13900067096,0,-3478032,0,696,0,1 # block t=1410 q=12T174 r=4 k=2
6262546281211447754752,0,2790991800730233356288,0,-28978093979642179948544,0,-7623404315389034127360,0,33500163243143090926080,0,2979807852661992091648,0,98392432039156431360,0,1268481396101046272,0,5630887271294208,0,92967644064,0,164496232,0,-4160,0,1 # block t=1410 q=12T174 r=4 k=2
673623907866625024,0,-942444732388595712,0,-1641556438004516352,0,2046569443596493312,0,-517051291494094272,0,49195387020273408,0,-1877684261653056,0,36807191690688,0,-386679510576,0,2100193888,0,-5667360,0,8832,0,1 # block t=1410 q=12T47 r=4 k=2
174525311232,0,601503418368,0,655643794176,0,252484964352,0,-2385452448,0,-18375335424,0,-2184924816,0,47615616,0,9057321,0,-223368,0,-3300,0,48,0,1 # block t=1410 q=12T174 r=4 k=2
407191231951217617,0,2746807459330243072,0,2236881163977326568,0,-5030494626433687464,0,1981444261764115005,0,-220732378623086848,0,11834112195221888,0,-280710884432528,0,3576136576509,0,-3475214592,0,4954176,0,-2104,0,1 # block t=1410 q=12T174 r=4 k=2
3395814037156528128,0,-33637051541389049856,0,-79757577221931270144,0,116523880791559372800,0,-1661836874660172288,0,2788452661270533120,0,104874587485840128,0,1356194623718400,0,7319491669152,0,15334069824,0,-4171248,0,41616,0,1 # block t=1410 q=12T47 r=4 k=2
20248864201,0,61683112080,0,28326683826,0,-677364160,0,-2237731425,0,-317579040,0,16109340,0,6246720,0,339255,0,-10480,0,-1134,0,0,0,1 # block t=1410 q=12T47 r=8 k=2
3211840503133870897,0,-2938104817468681500,0,621346299813215490,0,-65563279484546348,0,4235403866971407,0,-182995948676280,0,5517946128860,0,-118130564280,0,1792307487,0,-18862636,0,131010,0,-540,0,1 # block t=1410 q=12T174 r=8 k=2
298918865807285640364288,0,-427894790836658649048576,0,217674745293211617319296,0,-46732704093110649077888,0,3975758508335111273232,0,-125734189047376481088,0,469719173998608128,0,-2643576931289568,0,31909680260352,0,-152104819024,0,142092312,0,-63072,0,1 # block t=1410 q=12T47 r=8 k=2
143615124451,0,-287855874650,0,213719586152,0,-87595632390,0,23038438339,0,-4181234020,0,543199336,0,-51266860,0,3505369,0,-169890,0,5552,0,-110,0,1 # block t=1410 q=12T47 r=8 k=2
123121582104678400,0,-202500674285936640,0,130509140199450624,0,-45664903514286080,0,10800794893473024,0,-1664434112704512,0,92326949072384,0,-2670478344192,0,36731487696,0,-159866272,0,-2133432,0,-7176,0,1 # block t=1410 q=12T47 r=8 k=2
62335440651613583377,0,-52094199199493387244,0,7658148045556160562,0,-554523327369469084,0,24859100711212431,0,-761028379824216,0,16713912351356,0,-269410375704,0,3195662655,0,-27380924,0,161394,0,-588,0,1 # block t=1410 q=12T174 r=8 k=2
2551758354694265307777,0,-3625321977644493392352,0,1576799489213216551008,0,-149688645171868546848,0,-27099716849846449443,0,-363509622319575264,0,771079280185931040,0,26073074222347056,0,320899840458733,0,15243298464,0,38800280,0,-2352,0,1 # block t=1410 q=12T174 r=8 k=2
181146713798656,0,-268055695276032,0,148135844704512,0,-49298871602560,0,9354213588600,0,-894418796736,0,36161155680,0,-238693104,0,-23418684,0,853808,0,-5532,0,-480,0,1 # block t=1410 q=12T47 r=8 k=2
37504595106739650816,0,24673820080884946944,0,-23146492335295350656,0,-4018711503723476224,0,-159066172429748080,0,-1283855367169600,0,52938910859904,0,1393928957536,0,11656196952,0,4391664,0,-430184,0,-1560,0,1 # block t=1410 q=12T47 r=8 k=2
7417223775919201,0,-29089346120834700,0,42443234784657058,0,-26951134706852764,0,5834582549852847,0,352188050103528,0,-4146319525028,0,-2691416221080,0,89752705231,0,-333969500,0,943650,0,-1228,0,1 # block t=1410 q=12T174 r=8 k=2
93114145188,0,1483909336440,0,1478623738900,0,-3036181544648,0,-4811018543878,0,-2092606861264,0,-235525853120,0,17176323488,0,-13996308,0,-7704156,0,-1382,0,668,0,1 # block t=1410 q=12T47 r=8 k=2
145363393623835486,0,-320729798833832652,0,312048818909084538,0,-162091369462828532,0,45369121811646789,0,-7628297463228936,0,673155673121420,0,-20352150889056,0,239160702948,0,-1237851100,0,2672202,0,-2652,0,1 # block t=1410 q=12T174 r=8 k=2
8225673962543878144,0,-18805514614644408320,0,15736524582850627584,0,-5508564105638019072,0,549671240643736320,0,41870624806940672,0,5675686024456448,0,147978136354816,0,3395224890288,0,3252064512,0,4809096,0,2048,0,1 # block t=1410 q=12T174 r=8 k=2
2953409264173937806,0,-7251099598337998836,0,6592360191227778642,0,-2746852544915075932,0,521273854388662365,0,-45540373184894832,0,4451259456176336,0,-63276467656368,0,-607124022852,0,-4002319964,0,-1501770,0,588,0,1 # block t=1410 q=12T174 r=8 k=2
1628120331712570689792,0,-2018672610579479379456,0,703946441237061485952,0,-27532577976542494848,0,-10793359251153841392,0,-691300254806030016,0,8618166346498368,0,-492226287941280,0,135788181048,0,-15535810704,0,-44388456,0,-29184,0,1 # block t=1410 q=12T47 r=8 k=2
110292290350893496,0,-46626781523446751280,0,-803977833950278512948,0,95256057318253182604,0,12698924879721848721,0,-800157359338479312,0,-53222552549858236,0,-98705581625784,0,2132364590142,0,-6734944,0,-3404376,0,-372,0,1 # block t=1410 q=12T174 r=12 k=2
1291834426641371251,0,6022775079462948549,0,-731687412729087966,0,1349623138059995,0,3053577263726205,0,-132210715295961,0,483024933366,0,70571347506,0,-938533410,0,-9906940,0,135849,0,786,0,1 # block t=1410 q=12T47 r=12 k=2
728821199330039875,0,4048424458374499275,0,180970212820011780,0,-94237063934821935,0,6275473850099715,0,-118439865531375,0,-2051917187764,0,92325567630,0,-356763714,0,-15486888,0,95049,0,726,0,1 # block t=1410 q=12T47 r=12 k=2
2062,0,-8448,0,-3168,0,23256,0,-6360,0,-13992,0,4172,0,3432,0,-549,0,-396,0,-6,0,12,0,1 # block t=1410 q=12T174 r=12 k=2
167273837759241,0,407278319834928,0,-116487802223600,0,-225263009866976,0,-9250259168155,0,11389654479152,0,-641842544968,0,-23248381056,0,317644269,0,7768256,0,-47856,0,-528,0,1 # block t=1410 q=12T47 r=12 k=2
2326681160593,0,-3708497514876,0,2340102817074,0,-821989937836,0,183729148047,0,-27898822776,0,2973633404,0,-225212856,0,12064959,0,-446732,0,10866,0,-156,0,1 # block t=1410 q=12T174 r=24 k=2
156519993744,0,-314830483296,0,262791470624,0,-123390941872,0,36741464132,0,-7354861968,0,1017936840,0,-98242096,0,6559876,0,-295248,0,8492,0,-140,0,1 # block t=1410 q=12T47 r=24 k=2
29317491620118592713,0,-66600771559861275078,0,57171251262194675033,0,-23259821226607654410,0,4691924459268957450,0,-479611460781417478,0,24459880806737145,0,-592411861040714,0,7014731832190,0,-39876614910,0,90080109,0,-18762,0,1 # block t=1418 q=12T77 r=24 k=2
5612822908838367004529,0,-21430494421867731137138,0,33164379965742839446791,0,-26799610127509301934962,0,12176953346002016540982,0,-3125725958035398226866,0,427563314551201270059,0,-25924916318668494286,0,324471615432763550,0,-472037970053278,0,80828895583,0,-1259534,0,1 # block t=1418 q=12T77 r=24 k=2
11448940900,0,-26470914000,0,25572840552,0,-13894062856,0,4808248140,0,-1130592984,0,186890696,0,-22027344,0,1846176,0,-107708,0,4164,0,-96,0,1 # block t=1418 q=12T77 r=24 k=2
535413354854530644281,0,-1282423450115959344256,0,1286696504059378271522,0,-708545622356405914876,0,234733013364932982295,0,-47963628403202501424,0,5906176603694606292,0,-401419722694866860,0,11745241132829550,0,-28307186288516,0,15713573678,0,-778568,0,1 # block t=1418 q=12T77 r=24 k=2
110341456098846601,0,-501579723558342848,0,954682052139352060,0,-983860460471553208,0,592041535797339416,0,-208588873911096460,0,40620071371425842,0,-3754606343195736,0,108109898224840,0,-161305539008,0,81580976,0,-15660,0,1 # block t=1418 q=12T77 r=24 k=2
72338608125067649,0,-231570887498800642,0,316057936903829223,0,-238919105512684600,0,108597572124270882,0,-30074468063406768,0,4881265073199654,0,-416426779914394,0,14493749036630,0,-122753885052,0,195789196,0,-46108,0,1 # block t=1418 q=12T77 r=24 k=2
58464291398932742975,0,-164840010039889467800,0,194742231388835362670,0,-124677025691791925600,0,46623854483178127479,0,-10187107090671338500,0,1218199309091949596,0,-66899292606443264,0,1053773913002860,0,-3261352483068,0,1759550464,0,-138252,0,1 # block t=1418 q=12T77 r=24 k=2
417439732626031279,0,-1159328735812499846,0,1301672695015287481,0,-780291193280964834,0,274526495951593489,0,-58174010934690578,0,7272896486731812,0,-497669751164006,0,15520311827569,0,-121236406424,0,194224034,0,-46168,0,1 # block t=1418 q=12T77 r=24 k=2
10167172243779692349689,0,-46907406402012821116296,0,88112225426663486811400,0,-86130319748325248093400,0,46379681724258714120620,0,-13377873797667704640890,0,1851848473583451319426,0,-96089660531954336720,0,762485687675083388,0,-745537987533476,0,105566427731,0,-1523122,0,1 # block t=1418 q=12T77 r=24 k=2
963464732272753,0,-2614793546997988,0,2741063630790462,0,-1425106815285440,0,395454426223127,0,-60092613292352,0,5049885198220,0,-240395832912,0,6519610595,0,-96571124,0,680438,0,-1512,0,1 # block t=1418 q=12T77 r=24 k=2
86239511,0,-260264202,0,343629265,0,-265679816,0,134958128,0,-47678376,0,12051542,0,-2201234,0,288850,0,-26592,0,1632,0,-60,0,1 # block t=1418 q=12T77 r=24 k=2
5097307777672786876,0,-21256749053092721848,0,37663875063517988498,0,-37068317676559580032,0,22179540623830826057,0,-8265776899913414892,0,1873983115195419644,0,-236267146974314980,0,12689950735976939,0,-4836512789356,0,686976276,0,-42992,0,1 # block t=1418 q=12T77 r=24 k=2
22546673433,0,-3803952453894,0,93334489551018,0,308492504680608,0,373604141013381,0,226949108491224,0,74809126011510,0,12966281509284,0,975019728537,0,10782241998,0,18283608,0,9276,0,1 # block t=1422 q=12T34 r=4 k=2
83785838703983409737,0,304066333944875678242,0,403468005391532094483,0,252769691087496885522,0,81819578988452291130,0,13977508042427101002,0,1176784759048759167,0,36359475563591882,0,-177834847531070,0,-5910266819238,0,-22721796573,0,-76974,0,1 # block t=1422 q=12T77 r=4 k=2
67106431,0,528415692,0,1079092186,0,1022262408,0,529239822,0,155879640,0,24529884,0,1371408,0,-120302,0,-17340,0,-182,0,36,0,1 # block t=1422 q=12T77 r=4 k=2
4513344676,0,10170620928,0,3581158648,0,-4113834008,0,-3196959792,0,-372214600,0,307979880,0,128547120,0,20592648,0,1528460,0,48122,0,404,0,1 # block t=1422 q=12T77 r=4 k=2
3129344,0,2826240,0,-14588928,0,-19582976,0,1724928,0,12079872,0,7267136,0,2121984,0,357264,0,36240,0,2184,0,72,0,1 # block t=1422 q=12T34 r=4 k=2
7376128548161,0,37786181469936,0,80882592246492,0,93749603374952,0,63711283429928,0,25647186871004,0,5856250968450,0,669328743688,0,25936192160,0,-418966896,0,980928,0,2332,0,1 # block t=1422 q=12T77 r=4 k=2
4138540871,0,708952872656606,0,5036375938057792777,0,3166374174635152313364,0,18671348535544936030062,0,29070154685952701184992,0,10730173304363896358794,0,1089627672024868234050,0,-268491621884353219,0,-16770435246417378,0,-857735414767,0,-2893914,0,1 # block t=1422 q=12T77 r=4 k=2
125538001,0,5819943070,0,64281784151,0,277885763902,0,527572137747,0,469614482934,0,180475914848,0,17775664362,0,-1511138337,0,-100039580,0,-654162,0,-448,0,1 # block t=1422 q=12T77 r=4 k=2
14545920266019496175337,0,50713827618559246014162,0,-6281246361539107460923,0,-904555200099868314522,0,-43167948838473425298,0,-1110927712213607794,0,-17417483998713753,0,-171831953330038,0,-1042878618122,0,-3536229786,0,-4891831,0,1414,0,1 # block t=1422 q=12T77 r=4 k=2
12271161158062748128,0,37496915787527953152,0,44178619096222284960,0,26371548141265734704,0,8681713461549138120,0,1588020283249989336,0,153227038855642070,0,6863932709096628,0,94044163591260,0,-736496048618,0,-66419442,0,33858,0,1 # block t=1422 q=12T34 r=4 k=2
22296525594619968,0,123186520051972416,0,-22722289980484176,0,-99351035376973056,0,26500510466550540,0,5812419801544452,0,359170606686149,0,9322386236826,0,109712672163,0,584550464,0,1542267,0,1986,0,1 # block t=1422 q=12T34 r=4 k=2
4293273672300784,0,121806429822639200,0,187683142020184544,0,123554430507370944,0,43999032664839796,0,9019958523307984,0,1042160399706192,0,60104696762796,0,1127456703149,0,-8917830052,0,12421254,0,7744,0,1 # block t=1422 q=12T77 r=4 k=2
33008473535806089,0,819326235976266618,0,4546814738142447063,0,11369307288951110934,0,15211241434780100397,0,11328090724243723638,0,4464729292171125686,0,751531783988155312,0,13112677767424054,0,-35912127721556,0,-13862461189,0,-404286,0,1 # block t=1422 q=12T77 r=4 k=2
106776934214483197188721,0,171946260930952167931320,0,43656580879771272775068,0,4666259287357957693160,0,253843202340127678659,0,7023153424155029496,0,72504606358517948,0,-655704273755232,0,-17475274880025,0,-55589289632,0,-43812864,0,3480,0,1 # block t=1422 q=12T77 r=4 k=2
1101973095035280973453,0,4815490247812696884588,0,8327470287728116018122,0,7138100228257953107228,0,3076639762610272347267,0,583848178514575524504,0,31962747999075312944,0,610345085360332776,0,3029632008064575,0,-9315131158340,0,-7108458,0,89916,0,1 # block t=1422 q=12T34 r=4 k=2
3469665429837559,0,-6662058699086334,0,-2850555958794567,0,15999992679372696,0,-15620360825302290,0,6884241954425564,0,-1369810321210730,0,63675431674194,0,9093230797153,0,148612792194,0,194275965,0,36746,0,1 # block t=1422 q=12T77 r=12 k=2
3175810664335579561,0,29129705691414981240,0,2134037588705399934,0,-366996764433792844,0,-45273062614393149,0,-1257456697279536,0,21985321320212,0,1111922250624,0,-5961009633,0,-296626016,0,2637462,0,-3180,0,1 # block t=1422 q=12T77 r=12 k=2
2552694263251,0,-24578271327005,0,-197061842769272,0,-435255405494493,0,-380505582291135,0,-99099370123121,0,29454350282824,0,10905046507648,0,-1545917291742,0,15699067134,0,1022758,0,-28709,0,1 # block t=1422 q=12T77 r=12 k=2
736356204544,0,0,0,-399356247900160,0,0,0,23991822130835712,0,0,0,-145327517208342656,0,0,0,8144792417128624,0,0,0,-188344744,0,0,0,1 # block t=1422 q=12T77 r=12 k=2
231615255555383228641,0,4409484552585960524572,0,9292755770521491758578,0,7312580421499754080924,0,1903351251801751018433,0,-476169188400887108668,0,-348125253494298955626,0,-49927653441168857752,0,448153864037469178,0,-955431408052552,0,92735713660,0,-909980,0,1 # block t=1422 q=12T77 r=12 k=2
50200051833173907442372,0,-30141191475609978028944,0,-256631149083101064074256,0,297504807902653616072912,0,-55579041065026544797368,0,-11127772855700683230312,0,-388470155774116257124,0,-3998276354365203264,0,-5861996843566566,0,9150725074012,0,-2262807930,0,-23508,0,1 # block t=1422 q=12T77 r=12 k=2
726727,0,337446,0,-2848629,0,-1003226,0,2058426,0,-175806,0,-233589,0,23922,0,10278,0,-758,0,-189,0,6,0,1 # block t=1422 q=12T77 r=12 k=2
3068802699791417102,0,10927065103526975580,0,14293753383373091367,0,8655342053017591756,0,2553093398041683558,0,316777439947981662,0,500909241371913,0,-2010541746025080,0,25515161527947,0,-43292296454,0,29133360,0,-8808,0,1 # block t=1422 q=12T34 r=12 k=2
706628594403049,0,2214733993976612,0,2581286940816538,0,1247855085502826,0,49972160441998,0,-178956939190460,0,-59136415875775,0,-3995637028780,0,486259961312,0,-6146770162,0,17409888,0,-10656,0,1 # block t=1422 q=12T77 r=12 k=2
1266815944697,0,1917738649640,0,-3376879181790,0,904912687528,0,349491104575,0,-202178489904,0,32751783356,0,-1478401520,0,-85910937,0,5074696,0,185474,0,840,0,1 # block t=1422 q=12T77 r=12 k=2
20436854392,0,-422156592,0,-19957883592,0,4670225136,0,2993781804,0,-660336876,0,-173904442,0,26053668,0,3983622,0,-178326,0,-4854,0,72,0,1 # block t=1422 q=12T34 r=12 k=2
2229025112064,0,0,0,-3233982716787603456,0,0,0,35688539057209787835009,0,0,0,-28495587146269308569730,0,0,0,85681927627721188227,0,0,0,-19694461194,0,0,0,1 # block t=1422 q=12T77 r=12 k=2
151561,0,-1504058,0,2428009,0,8862024,0,-32880872,0,37031776,0,-11917074,0,-4813406,0,2175880,0,444784,0,21080,0,296,0,1 # block t=1422 q=12T77 r=12 k=2
1756301460723991731808,0,20492537437670015789856,0,-69876569554338015184512,0,-214820237667041227192392,0,176177924615185801039788,0,6414061700124588842136,0,-11811591107393644504951,0,909173423211304218984,0,39542591378188413519,0,-13972610731338234,0,-89759919855,0,1283130,0,1 # block t=1422 q=12T34 r=12 k=2
39123113940496,0,4131875445762624,0,4644266876823072,0,-3754979516872768,0,-2411754999996096,0,1529356167898848,0,145893315069960,0,-171764976098808,0,21470336613567,0,95132840,0,-9513240,0,-12,0,1 # block t=1422 q=12T77 r=12 k=2
1259728151121863505061,0,-6125188334606878000415,0,12335918250872931973915,0,-13183744160788557455578,0,7909966220860653905436,0,-2553083811295237807098,0,365061964945690984458,0,-8685852967768288859,0,29657281906198866,0,-31009113140832,0,6848473982,0,-341138,0,1 # block t=1422 q=12T77 r=24 k=2
1148578081,0,-3927020776,0,5947841468,0,-5251481246,0,2991381112,0,-1148285564,0,300941487,0,-53302244,0,6159544,0,-432498,0,16132,0,-248,0,1 # block t=1422 q=12T77 r=24 k=2
20073592725492266161,0,-103687039285122183484,0,223682724412116089868,0,-260126390783710361040,0,175277171703347428076,0,-68160566993805231938,0,14212795058217520586,0,-1296494536525454420,0,24273988887417220,0,-66309737348140,0,21005302533,0,-628662,0,1 # block t=1422 q=12T77 r=24 k=2
18124681835239169007358,0,-31765715029692069017424,0,21636581462800995435624,0,-7213692279662754409988,0,1220876153991162986628,0,-100109370983455605432,0,3708161170714757718,0,-58249403268954960,0,315992945193564,0,-536744584016,0,298384584,0,-33024,0,1 # block t=1422 q=12T77 r=24 k=2
360722003345271,0,-579624343087662,0,350863390554597,0,-103211373187782,0,16743932745363,0,-1665102958056,0,108322532566,0,-4769726988,0,143610609,0,-2918746,0,38337,0,-294,0,1 # block t=1422 q=12T34 r=24 k=2
5420171869705188305638,0,-22916268066306711122496,0,38093989730014458434616,0,-31095580757324518559390,0,12603093338177083791162,0,-2238131388514795743402,0,135950896138494714891,0,-3253482318567588480,0,28306098190093239,0,-44329572100250,0,5517247797,0,-191262,0,1 # block t=1422 q=12T34 r=24 k=2
7224634636384561,0,-21536325866685828,0,27013452699690706,0,-18465009022245084,0,7441047791876397,0,-1786055832996264,0,246190396850146,0,-17904191935740,0,584410894894,0,-5419075024,0,16382876,0,-11840,0,1 # block t=1422 q=12T77 r=24 k=2
127878685487377136,0,-574029036406485088,0,1055988170020380704,0,-1022719753359442400,0,557929159521787260,0,-170732381596447136,0,27751639856825520,0,-2126488835571020,0,60525526424333,0,-85805322524,0,46363006,0,-11136,0,1 # block t=1422 q=12T77 r=24 k=2
3869268796227426448,0,-13049845856450085600,0,16320896256868103184,0,-9229421305877656000,0,2365989483772819728,0,-294152696030164032,0,17743704368581896,0,-484585884692136,0,6240662333316,0,-37745497816,0,89381160,0,-18708,0,1 # block t=1422 q=12T77 r=24 k=2
412708,0,-2244720,0,5344200,0,-7345208,0,6476844,0,-3853416,0,1584008,0,-452784,0,89232,0,-11812,0,996,0,-48,0,1 # block t=1422 q=12T77 r=24 k=2
24158509200,0,-129111161760,0,290848860432,0,-358518040920,0,262867166244,0,-116967755052,0,31060192005,0,-4690277082,0,364263795,0,-11901264,0,145107,0,-690,0,1 # block t=1422 q=12T34 r=24 k=2
52976812982672,0,-80911962659328,0,42675251296488,0,-11984752667296,0,2095353203748,0,-245327163264,0,19924188048,0,-1136650428,0,45311250,0,-1231924,0,21687,0,-222,0,1 # block t=1422 q=12T34 r=24 k=2
162171189184800297584,0,-815819520211436612384,0,1696784671238053384000,0,-1876145088151354874112,0,1178729816743174174812,0,-415594866816810464624,0,75517358711482530600,0,-5784861877733904980,0,141357486940976893,0,-56285232888572,0,6386093014,0,-151848,0,1 # block t=1422 q=12T77 r=24 k=2
134984939048703541302131,0,-240274474414650789910830,0,170299239648286967289684,0,-62560961134352516984135,0,12871308556009374909885,0,-1476047812508013564933,0,86507625304900011229,0,-2030244524651146791,0,10446750330742263,0,-11488806784339,0,2988886992,0,-219228,0,1 # block t=1424 q=12T78 r=24 k=2
110447513424,0,-476180289792,0,853013056464,0,-826556520960,0,474193300032,0,-166343925744,0,35666989032,0,-4558100208,0,331275924,0,-12636192,0,210468,0,-852,0,1 # block t=1424 q=12T36 r=24 k=2
4874494836581614144,0,-9868863301433750848,0,7868020535221633456,0,-3102688605377296736,0,624034239478082908,0,-61281790056925900,0,3118087254196797,0,-84539880613034,0,1207458115705,0,-8558765448,0,26699075,0,-27274,0,1 # block t=1424 q=12T78 r=24 k=2
74976058441,0,-147218882883,0,120533890503,0,-55964775956,0,16663002624,0,-3382926516,0,483191385,0,-49139586,0,3543057,0,-177080,0,5835,0,-114,0,1 # block t=1424 q=12T78 r=24 k=2
5669269760128,0,-18250370320000,0,23458881595424,0,-15475379091776,0,5689088507320,0,-1222285589000,0,161357173502,0,-13487629336,0,716234476,0,-23427712,0,431192,0,-3452,0,1 # block t=1424 q=12T78 r=24 k=2
49450627816332796,0,-118956195397832800,0,113856741487903712,0,-54993478369351220,0,14117197403270606,0,-1918099683819496,0,144161063787261,0,-6128543513082,0,145278514105,0,-1803391692,0,10222497,0,-19166,0,1 # block t=1424 q=12T78 r=24 k=2
43971142909720052594591,0,-94785613941278076303873,0,82992906048031773619491,0,-38135625528175303023728,0,9856649316691953370008,0,-1411448340983019151386,0,100709054643100049717,0,-2645391678034908336,0,12388005621055347,0,-12505811935558,0,3160512885,0,-223998,0,1 # block t=1424 q=12T78 r=24 k=2
531441,0,354294,0,-1417176,0,-334611,0,721710,0,50301,0,-120285,0,-3402,0,7695,0,216,0,-162,0,-3,0,1 # block t=1426 q=12T35 r=12 k=1
236340216600407389,0,3815238843590378882,0,22043449167280524332,0,55402957086933229236,0,60664883803332092096,0,22058707883379061042,0,-4737052252593745153,0,-3080498504675707202,0,174735754740377767,0,-1383469350086900,0,106471491629,0,-924968,0,1 # block t=1426 q=12T35 r=12 k=1
1069306896508129,0,-3563333950733781,0,5165360806821508,0,-4226166370596515,0,2112212934818015,0,-648211446028576,0,114841573861239,0,-9713281505452,0,181924598305,0,-1100961255,0,37488598,0,-31067,0,1 # block t=1426 q=12T35 r=12 k=1
6023630447468821,0,79466901674164653,0,371090353612414161,0,809603343846886864,0,900229248753149106,0,488399387324485626,0,93775729081695711,0,-6283507700501748,0,66983768401707,0,-179340008504,0,142393539,0,-35286,0,1 # block t=1426 q=12T78 r=12 k=1
58411640729152,0,222273360282432,0,-59631167316624,0,-10355232540128,0,4489209666828,0,-380743715556,0,-8838583995,0,2355420258,0,-54921717,0,-2807600,0,72579,0,1362,0,1 # block t=1426 q=12T78 r=12 k=1
4096,0,6075965440,0,-391814749479936,0,-130023391096840192,0,924469811893839104,0,-1738319115679112192,0,162176578182328128,0,1221635780666288384,0,52552259067566672,0,23567509864528,0,-5048897244,0,-239048,0,1 # block t=1426 q=12T35 r=12 k=1
51882382911359909,0,-3356272989614833748,0,3798498641998531450,0,51187286954922672160,0,40356737499878021909,0,-63007363918455412270,0,-49345613114677388439,0,225746535406927728,0,1012005216636623593,0,7818686181388904,0,-440590913559,0,1831626,0,1 # block t=1426 q=12T35 r=12 k=1
803902991552641,0,-2053151085044586,0,2065943153997381,0,-985983704600620,0,82657667753010,0,121759133928264,0,-22085710208724,0,-6180844435866,0,139823698725,0,-2582180050,0,42748671,0,-26166,0,1 # block t=1426 q=12T35 r=12 k=1
1548509,0,-6079967,0,10708082,0,-11217646,0,7803595,0,-3806244,0,1337815,0,-342271,0,63444,0,-8337,0,740,0,-40,0,1 # block t=1426 q=12T35 r=12 k=1
11812513060971441281969,0,54282569786036755103892,0,96172240290693867588186,0,86050878842353948711963,0,41371440732807876978468,0,10055517766633641863649,0,884941041280182415067,0,-28447269512188341342,0,104291211693014007,0,-73502525856646,0,14543039676,0,-599421,0,1 # block t=1426 q=12T78 r=12 k=1
680084482212416,0,1641942566907968,0,-858813562280400,0,54245179115072,0,35672543623148,0,-7723235459308,0,485726447101,0,9647293686,0,-1885380893,0,19715412,0,1581927,0,9378,0,1 # block t=1426 q=12T78 r=12 k=1
63319446309019,0,-1618849218134228,0,12611070579805428,0,-32617954741092471,0,-6031391859854460,0,155798908203567701,0,-233295499957201545,0,103055058322169350,0,5041563093730895,0,6175644002990,0,1798870772,0,121357,0,1 # block t=1426 q=12T35 r=12 k=1
5697110048136002000,0,25882273929259096000,0,16206831019325263600,0,-3324357397148087150,0,-5426377769889271745,0,-1395211860635278250,0,10700031527332281,0,45245430951932628,0,4074434555724684,0,-63547297019570,0,14197600588,0,-359978,0,1 # block t=1426 q=12T35 r=12 k=1
1455674544619,0,-3425720888290,0,4396001554257,0,-3975369535141,0,2338501828320,0,-822337275095,0,170517396384,0,-21741947876,0,1654703184,0,-58830115,0,165729,0,662,0,1 # block t=1426 q=12T35 r=12 k=1
5525928930185964647281,0,33777388818829471695231,0,51338511211136242745460,0,-34106006379318955331891,0,-121607902197916015280247,0,-49169711425410467629938,0,18495305489705968911597,0,1316079714873691986642,0,-2051476207154379747,0,239838387565279,0,49835427960,0,-1335669,0,1 # block t=1426 q=12T78 r=12 k=1
9677415143329427702239,0,-27226271969011827478118,0,32008072968996366545303,0,-20293348528488017420353,0,7462105479321959879580,0,-1591128895980188208605,0,186125226830577440748,0,-10645106532750121933,0,247403326447185216,0,-1393780994837037,0,106671483969,0,-925539,0,1 # block t=1426 q=12T35 r=24 k=1
945814444549861,0,-4516712224819434,0,9019978442870343,0,-9772012119713980,0,6228419161501683,0,-2363205801234870,0,510985341859911,0,-55377521871498,0,2122071578082,0,-11814034138,0,19855539,0,-10059,0,1 # block t=1426 q=12T35 r=24 k=1
12050724178948096,0,-13347502438367232,0,4477485724234752,0,-780029380478976,0,84146975135232,0,-6087417194496,0,306882895744,0,-10937186496,0,274389552,0,-4729952,0,53124,0,-348,0,1 # block t=1426 q=12T78 r=24 k=1
47838169267154944,0,-164061891415425024,0,243534410715080704,0,-204001665330314240,0,105259193690905344,0,-34196703979518464,0,6838697636336320,0,-782290881742144,0,43917273555184,0,-933650346640,0,500799448,0,-47764,0,1 # block t=1426 q=12T35 r=24 k=1
33286570515138079681,0,-107278077351553843005,0,144411352983245896641,0,-104964208102053036182,0,44289490142773811424,0,-10778331666192307212,0,1391567308568865158,0,-75252562312116063,0,724190833616772,0,-1494691994362,0,773150064,0,-111516,0,1 # block t=1426 q=12T78 r=24 k=1
69862745532468200608321,0,-230497356903694791943016,0,324356986656293108751368,0,-252446375650206845804565,0,117547276495168200786348,0,-32917588036429417641447,0,5227719885322855668121,0,-396392664200260999543,0,7995540269497952383,0,-2441415396784228,0,143287004634,0,-1438666,0,1 # block t=1426 q=12T35 r=24 k=1
3231502336,0,-7433975808,0,7467629568,0,-4371204096,0,1670651904,0,-441079296,0,82745920,0,-11140416,0,1070352,0,-71680,0,3180,0,-84,0,1 # block t=1426 q=12T78 r=24 k=1
951100038670894287779,0,-2816326279571301464223,0,3523925055701801852815,0,-2413621410460168090367,0,978811744657850174065,0,-237096451909533171032,0,32885131585795649355,0,-2357562593070211741,0,71262971554481970,0,-393855376644774,0,50374842070,0,-700959,0,1 # block t=1426 q=12T35 r=24 k=1
2642605003889428677966,0,-6459438778954741947132,0,6017689050146317515366,0,-2667420375881166839052,0,579959692653426321906,0,-60393971014520263128,0,2939608505427476121,0,-61276369798856070,0,536503952693691,0,-1805512165812,0,2077947009,0,-581958,0,1 # block t=1426 q=12T78 r=24 k=1
6008459532321009664,0,-18239175494553786368,0,23681963367050030080,0,-17116906203265475584,0,7496974542488908544,0,-2024081903958692736,0,325734820281639360,0,-28121897478083936,0,975928774389552,0,-1852231821896,0,797974560,0,-82070,0,1 # block t=1426 q=12T35 r=24 k=1
48370700331262314233,0,-195512491754480108364,0,302668003737778983554,0,-218819507754658523432,0,70132815113793367771,0,-7146220805771388136,0,313076738270282896,0,-6436097134918936,0,62916321105963,0,-274019667708,0,466952046,0,-222992,0,1 # block t=1426 q=12T78 r=24 k=1
71904152189338624,0,-235163831389002752,0,319961345237160704,0,-233700963158641664,0,98523470095065536,0,-23946020283910336,0,3163053593649168,0,-201227874004672,0,5679761669440,0,-61640879784,0,224327012,0,-193916,0,1 # block t=1426 q=12T78 r=24 k=1
759097660019591,0,-1084336648945899,0,563436793300973,0,-138283936815475,0,19510163749873,0,-1758302454716,0,107081616383,0,-4527302385,0,133584168,0,-2706638,0,35976,0,-283,0,1 # block t=1426 q=12T35 r=24 k=1
22188485533881365060129,0,-67943848992571636346871,0,86903763786233924276235,0,-59874111281230602923920,0,23808590570748978279336,0,-5395844140689951995274,0,631964952220868918438,0,-28595091827173329795,0,82232962066475142,0,-50605118633018,0,9338824914,0,-406608,0,1 # block t=1426 q=12T78 r=24 k=1
2630154952914925946201,0,-12410474540820939047918,0,24438272568353399311760,0,-26037081208171476522383,0,16255084167970791558464,0,-5994280095912579452033,0,1234894948083121755606,0,-119371763117550620832,0,2802082090540440751,0,-1056163998326683,0,78305697806,0,-1036471,0,1 # block t=1426 q=12T35 r=24 k=1
135352576,0,38061824,0,-227450400,0,25100828,0,103677465,0,-51361332,0,6627188,0,594054,0,-134526,0,-5492,0,837,0,58,0,1 # block t=1430 q=12T79 r=12 k=2
121832431555875417441,0,85044437985617229087,0,-42182861044683255903,0,6977040883871600928,0,-564918700865886122,0,22811349826396439,0,-327365444090709,0,-4464297370987,0,105699781491,0,1081471244,0,3348662,0,3789,0,1 # block t=1430 q=12T79 r=12 k=2
201204853468043881,0,869001796176104724,0,496729827227416431,0,-399112338629884338,0,2445700058562430,0,38374426694850634,0,-9333770628199918,0,888232775447568,0,-30818013933566,0,-6829625638,0,15673517,0,7810,0,1 # block t=1430 q=12T79 r=12 k=2
29880752055424232940496,0,33478233064084601342024,0,-7568307960399507071020,0,626217185372078285598,0,-24032775817338237375,0,342047250009492048,0,3993043672326833,0,-169954280109666,0,1098726427764,0,5319644438,0,7611472,0,4568,0,1 # block t=1430 q=12T79 r=12 k=2
3457113188134041,0,6659538986847618,0,-958178354354970,0,-1564833650765754,0,-387811922102153,0,-38373872060821,0,-1196180525183,0,37026458871,0,1567745422,0,-41162447,0,326133,0,-1017,0,1 # block t=1430 q=12T79 r=12 k=2
1,0,2,0,-55,0,54,0,252,0,-144,0,-268,0,114,0,102,0,-28,0,-17,0,2,0,1 # block t=1430 q=12T79 r=12 k=2
335050823835323825401,0,851062358303182433658,0,584921366557891309553,0,175430191160401602688,0,24316995802189734612,0,1070402324920900006,0,-68490834162240448,0,-5318574695384306,0,72247118818692,0,-98697036044,0,51475205,0,-11802,0,1 # block t=1430 q=12T79 r=12 k=2
2967753870481,0,-4036315824616,0,-41466066673323,0,-4113323341074,0,66639005662612,0,7215903171638,0,-5834972701442,0,416648399978,0,-4728624878,0,-61827972,0,-93435,0,446,0,1 # block t=1430 q=12T79 r=12 k=2
9207357399747289801,0,40592761643903190600,0,-2444188906023810174,0,-328919224041283544,0,13065692288562591,0,925532314134672,0,-12634726820548,0,-871112050032,0,-5141474121,0,53489960,0,31266,0,-696,0,1 # block t=1430 q=12T119 r=12 k=2
5382444591,0,24257433825,0,37685956167,0,21397529331,0,-2278846431,0,-6448195386,0,-1270428801,0,432314892,0,90846657,0,-13406247,0,204474,0,-852,0,1 # block t=1430 q=12T79 r=12 k=2
6343200121185174601,0,12228735070120553736,0,4154343085219268034,0,-503984441626905592,0,-17152537824039009,0,2975157094896528,0,-98715491710276,0,1085483864784,0,649866039,0,-52109720,0,-51102,0,552,0,1 # block t=1430 q=12T119 r=12 k=2
775,0,6075,0,-16725,0,-12775,0,62745,0,-45930,0,-11245,0,24660,0,-7239,0,-689,0,306,0,36,0,1 # block t=1430 q=12T79 r=12 k=2
1063415458142391863071,0,2221012459295671614322,0,1190039896326589956319,0,272120230862544039816,0,26877525793263815808,0,373303117164747296,0,-110290065010245960,0,-4593001310189096,0,76139978410716,0,-103016215188,0,52898221,0,-11950,0,1 # block t=1430 q=12T79 r=12 k=2
1700611200000,0,0,0,-2409738907860000,0,0,0,17846426065682961,0,0,0,-682278457156938,0,0,0,6326125751439,0,0,0,-5033502,0,0,0,1 # block t=1430 q=12T79 r=12 k=2
11019627964548785851,0,-583991156859016338783,0,-2440842411073052207191,0,-2959260530990107943516,0,-742908189765620552580,0,663749001110919733897,0,255875053698922324153,0,-32728043964559445564,0,49633609783743254,0,-2811620657149,0,-2122752347,0,-114735,0,1 # block t=1430 q=12T79 r=12 k=2
2781263097990541,0,7278772222684428,0,-12448743892903149,0,-9628412871753868,0,13108330162614132,0,-316910457496530,0,-828587054222625,0,54636020453286,0,-327939197742,0,-19301087434,0,13441125,0,9276,0,1 # block t=1431 q=12T79 r=12 k=2
1745735929400781,0,20306610201363363,0,28289131505813043,0,15445799930315298,0,3468713598398032,0,45894298628641,0,-96842961634023,0,-9539761178711,0,228691555227,0,-1494230324,0,3840140,0,-3867,0,1 # block t=1431 q=12T79 r=12 k=2
10407589963945,0,7875526032460,0,-8198310209720,0,-943661062400,0,2279208984956,0,-766669387272,0,112643385470,0,-7067658172,0,54636964,0,7319832,0,104680,0,552,0,1 # block t=1431 q=12T79 r=12 k=2
1,0,3567930,0,-330081456879,0,410591644787728,0,10589344424681246,0,1825248089252206,0,-1341894763635750,0,88092524648914,0,-996348544152,0,-2890451746,0,-1266051,0,1528,0,1 # block t=1431 q=12T79 r=12 k=2
90042136262361,0,-2416780517895954,0,5769636419670336,0,233581985379835578,0,-720864955988908070,0,-7318649523190376684,0,1108775869199043072,0,59661666820981157,0,168049686131669,0,-6921154387,0,-74212743,0,15415,0,1 # block t=1431 q=12T79 r=12 k=2
564431912507967765481,0,1214021443823069961398,0,-29826073171128677361964,0,27839028118058758640710,0,91068367383578621861235,0,3407980777734670113148,0,-492016354665879360161,0,6012636245068640288,0,-12223987593071385,0,-3363001131160,0,-154734679,0,15088,0,1 # block t=1431 q=12T79 r=12 k=2
968317930753276721911,0,427437774596092774959,0,-1474025311754002154796,0,-749635585227539543604,0,294146593098933345663,0,149922129591051751218,0,-3913709634760486621,0,-1034398844416405266,0,-20319886120181343,0,67870952659152,0,9240328308,0,-230781,0,1 # block t=1431 q=12T79 r=12 k=2
1244221799395,0,-6626900434110,0,-1903825902450,0,12455170495325,0,1058434465161,0,-6428459672034,0,-620282629375,0,718416377274,0,99974535909,0,3238408729,0,1341525,0,-4029,0,1 # block t=1431 q=12T79 r=12 k=2
13107200000,0,0,0,-41788559360000,0,0,0,696339745894656,0,0,0,-59898245895808,0,0,0,1249605086704,0,0,0,-2237112,0,0,0,1 # block t=1431 q=12T79 r=12 k=2
28326550226322358170661,0,199524463562530251998254,0,-105709814224734107738002,0,5030751487521049221204,0,4729111277615619308463,0,-729919072441585108962,0,2213692857380862629,0,3944352586827534744,0,-98269099783855269,0,-4042661389142,0,802866973,0,57262,0,1 # block t=1431 q=12T79 r=12 k=2
5543924251,0,-1650209076786756,0,21388320420991950,0,48898511410670489,0,25776324432511923,0,-802408129784826,0,-1304332819770685,0,44430798989940,0,481334264247,0,-18359889407,0,6749241,0,7677,0,1 # block t=1431 q=12T79 r=12 k=2
196336094481,0,269965242561312,0,122608663279149960,0,20731417542047009286,0,910184636286944116870,0,7519084963726817701154,0,278365109614082534127,0,-1145758587166872390932,0,1547226865104185864,0,-340828858793321,0,22558579863,0,-471904,0,1 # block t=1431 q=12T79 r=12 k=2
608357440797121,0,-9071629644185468,0,-5908480710608415,0,309477327961052946,0,480608683000988020,0,-194520427672319966,0,-27407785081590818,0,2387323509647158,0,-24707933667626,0,-23792788356,0,169893,0,4726,0,1 # block t=1431 q=12T79 r=12 k=2
7823089936,0,51558988032,0,-24870210024,0,-523908560,0,1152633345,0,-36827868,0,-20168606,0,803352,0,166515,0,-5480,0,-654,0,12,0,1 # block t=1431 q=12T119 r=12 k=2
167884949487616,0,246984081080320,0,63530302496768,0,-3354930279424,0,-2873413081856,0,-273526138624,0,7039755008,0,1698649152,0,10168400,0,-2402016,0,48064,0,-368,0,1 # block t=1431 q=12T79 r=12 k=2
1253791019941,0,1384960768418,0,-66019370352,0,-201493689548,0,-32291366094,0,1835683856,0,646101074,0,14655862,0,-2824112,0,-30524,0,6198,0,-144,0,1 # block t=1434 q=12T79 r=12 k=2
481390398532971,0,6635341347940350,0,4430953706735106,0,-4474560419148429,0,322768793812671,0,260351287562592,0,-44892836502843,0,1750961875158,0,17183085669,0,-1323416775,0,1756431,0,3489,0,1 # block t=1434 q=12T79 r=12 k=2
7342708632994352161,0,24975048929685031278,0,-36097711639415863392,0,-6172938377821580780,0,-229237887172390641,0,12848620140371916,0,1181426892340359,0,28504346570802,0,111061574181,0,-2572545278,0,5445819,0,-4026,0,1 # block t=1434 q=12T119 r=12 k=2
297317357441011,0,10411558090935201,0,12878226797992581,0,-5360122019391821,0,-1750224364353873,0,576191271156894,0,23506296667371,0,-7066156695768,0,-273445805871,0,5764354777,0,8897508,0,-7080,0,1 # block t=1434 q=12T79 r=12 k=2
18858944656,0,286064076410544,0,-378771653577220608,0,20234712836491469484,0,94420535114955029831,0,7360541120939160138,0,-4593414497739717584,0,188158235531516964,0,-1205518179837902,0,-596697008922,0,-52300163,0,8082,0,1 # block t=1434 q=12T79 r=12 k=2
12200989505111559601,0,3191368866892628913687,0,-5294660414415375883494,0,-20075902147243140332,0,2793128802376546513407,0,-335523981411344391390,0,-334965333585132217945,0,-22045809564409521486,0,-173669039062636167,0,5607807501433064,0,226575798930,0,-1257351,0,1 # block t=1434 q=12T79 r=12 k=2
40336,0,3520134039296,0,-2940250417708143416,0,10981526053745286612570,0,191404731722925668207265,0,-2456058728038015305374,0,-1570839915032200690734,0,34832221037932211144,0,-138412547754693240,0,47985251016270,0,4474367029,0,119134,0,1 # block t=1434 q=12T79 r=12 k=2
1,0,-45172,0,-174320990,0,-26062704964,0,280025791087,0,-13858952616,0,-67014436388,0,-10187498984,0,-243825553,0,6694428,0,-21342,0,-212,0,1 # block t=1434 q=12T79 r=12 k=2
992965583324974,0,1648779187879208,0,193111840165812,0,-281527318360416,0,-15889966836522,0,860122172160,0,49497666472,0,-840185816,0,-42340748,0,607624,0,11340,0,-232,0,1 # block t=1434 q=12T119 r=12 k=2
12433757311,0,607961712450,0,2037187006022,0,-6619481155728,0,-24649161043846,0,18275940511813,0,70722709752972,0,-3483215195576,0,14222454645,0,150643277,0,-318214,0,-1496,0,1 # block t=1434 q=12T79 r=12 k=2
11616236512757113851,0,30012278435091645552,0,20106926663069387964,0,5801392748827295154,0,739809812385078820,0,18423274761242412,0,-4120950418161892,0,-247195699323304,0,3058311807414,0,-10466196934,0,14115933,0,-7450,0,1 # block t=1434 q=12T79 r=12 k=2
173777944576,0,-2635998634508288,0,-3495648713699022080,0,-188661297078503871456,0,917903946660420787887,0,450228637509751194226,0,-99802996982041295708,0,2169064423948292404,0,-6963680396169018,0,-2192241890478,0,-118184567,0,12922,0,1 # block t=1434 q=12T79 r=12 k=2
149722576,0,443380512,0,157428792,0,-173598088,0,-77658651,0,6292296,0,5188128,0,59382,0,-102330,0,1412,0,825,0,-54,0,1 # block t=1434 q=12T79 r=12 k=2
531441,0,632048095710,0,-19490979947248071,0,8081675344356850224,0,69476688770333655006,0,3991817571194574522,0,-978241282690461750,0,21406483489686102,0,-80704232076312,0,-78042197142,0,-11394459,0,4584,0,1 # block t=1434 q=12T79 r=12 k=2
272275753647207330184336,0,521375494999952113808776,0,-115481032632687893714004,0,9916885853953082369958,0,-424434636595156577125,0,8804710290631040086,0,-47253025632408653,0,-1096261268981778,0,11990389695829,0,32530355468,0,27722437,0,9320,0,1 # block t=1434 q=12T79 r=12 k=2
4296288756000730355056,0,3815098166293536575904,0,-60773969198156279420800,0,35029250332431624143258,0,66284970306053331757805,0,-24267566183416508918572,0,-2127643156941370903587,0,-25143644110092512186,0,-47666932359449836,0,9636624216658,0,-355600768,0,-19392,0,1 # block t=1435 q=12T79 r=12 k=2
44446124950483010095,0,98957688963675697490610,0,187606111771596413462880,0,-430365680370773462885450,0,137974960364831338942851,0,29092807976987000155620,0,-6053251097482978187608,0,-255223138073562477060,0,-1677852432448906731,0,8762160625949090,0,282741070848,0,-1392810,0,1 # block t=1435 q=12T79 r=12 k=2
809410467813210349641,0,2153165348030707055808,0,2144174812759501154694,0,1045657327220265201024,0,256908464620718514148,0,25185671935391190069,0,-888372847337545250,0,-245434612270533354,0,1010701487074271,0,-1006491001407,0,356785376,0,-44820,0,1 # block t=1435 q=12T79 r=12 k=2
59146982348341541125,0,42191408924793578500,0,-24088175799938538875,0,4424761445140479250,0,-382928793842976300,0,14702789258750350,0,-20239095540050,0,-14490717205950,0,256185969410,0,1636935440,0,3417665,0,3050,0,1 # block t=1435 q=12T79 r=12 k=2
77207580430336,0,429442727557120,0,634999496790016,0,394408143234048,0,100592513359616,0,981454941696,0,-3520384191040,0,-299159309536,0,22414077328,0,-223217416,0,875564,0,-1532,0,1 # block t=1435 q=12T79 r=12 k=2
8988473009113106298256,0,52519231868475843626304,0,-47508300613377787618800,0,-39049612936820139038696,0,37013284257299669288688,0,-2309988906284513868096,0,-1925194376934631579720,0,-52769575135020111240,0,284510197776350292,0,8548745367855608,0,251948350746,0,-1333848,0,1 # block t=1435 q=12T79 r=12 k=2
151983430527279631636,0,2090630738425027750576,0,-3127746957187614636122,0,-2973480518400139774008,0,93658221261368234985,0,390260496060689245764,0,92160178968642425268,0,8476167215792002716,0,280667221317372050,0,-48891710030452,0,3185976038,0,-92196,0,1 # block t=1435 q=12T79 r=12 k=2
123641756882071,0,223365096129078,0,113390858207772,0,14068200308722,0,-4835331116117,0,-1650080790884,0,-148064550544,0,1421508452,0,456141501,0,-14009714,0,153972,0,-694,0,1 # block t=1435 q=12T79 r=12 k=2
5242880000000,0,0,0,-728512628408320000,0,0,0,65118489422054953216,0,0,0,-2810044930204487552,0,0,0,28430351842524144,0,0,0,-337653288,0,0,0,1 # block t=1435 q=12T79 r=12 k=2
696612113371,0,38162940923238,0,390894032558000,0,-784216498952774,0,508591910580147,0,-117664711891556,0,-623919339208,0,2285989086676,0,29983412337,0,-49734242,0,-629992,0,978,0,1 # block t=1435 q=12T79 r=12 k=2
4096,0,1024000,0,-97426432,0,756089856,0,1832991744,0,-240793344,0,-202986112,0,34396992,0,76320,0,-118496,0,-1916,0,52,0,1 # block t=1435 q=12T79 r=12 k=2
3469582261,0,3818584785,0,-80304663489,0,97648989641,0,-27131321409,0,-13509623688,0,9308732567,0,-1659965472,0,22330539,0,11715025,0,321036,0,1134,0,1 # block t=1435 q=12T79 r=12 k=2
39605000000,0,0,0,-44050994250000,0,0,0,5477149812750625,0,0,0,-359690467644750,0,0,0,5666605874975,0,0,0,-4764010,0,0,0,1 # block t=1435 q=12T79 r=12 k=2
1943081476,0,35862607648,0,-45284768208,0,11740279408,0,1536461152,0,-676340672,0,23065588,0,6436016,0,-253048,0,-29544,0,472,0,64,0,1 # block t=1435 q=12T119 r=12 k=2
7567725567498908385136,0,18040580511852618907696,0,-4408862399397256354624,0,409400899744337821668,0,-17991091979976060375,0,314879641268007276,0,2458199889556832,0,-157281698663118,0,1247987640654,0,5630916088,0,7849597,0,4630,0,1 # block t=1435 q=12T79 r=12 k=2
8829451,0,12039225,0,-22236552,0,-50992489,0,-32490066,0,-10202259,0,-5441827,0,-2131593,0,13335,0,-36926,0,1539,0,-78,0,1 # block t=1436 q=12T79 r=4 k=2
1351363681,0,5561394504,0,8051655828,0,5686780982,0,2124812772,0,391660884,0,18781719,0,-3948192,0,-488772,0,-25834,0,264,0,24,0,1 # block t=1436 q=12T119 r=4 k=2
372601,0,492066,0,-178929,0,34592125,0,-9567756,0,-1341603,0,42392,0,-16767,0,19926,0,74,0,261,0,0,0,1 # block t=1436 q=12T119 r=4 k=2
1243325279507789581,0,-3004004331359257194,0,-67373739704987050915,0,-40275702422130526322,0,335080537176309533372,0,154466308414165337968,0,11137029792955342008,0,165490743534803798,0,580244484166382,0,472538728076,0,152853107,0,21114,0,1 # block t=1436 q=12T79 r=4 k=2
277238618989615071,0,-226301343713079309,0,-136303893635981292,0,286158435501336849,0,-146707399990652751,0,24838632946008468,0,-265789616027103,0,9981482115534,0,327840154720,0,2597026126,0,7051655,0,8072,0,1 # block t=1436 q=12T79 r=4 k=2
1538105248261,0,8034184895346,0,7829902158204,0,3280686594406,0,703958820252,0,76294038900,0,2853911555,0,-164192892,0,-17192592,0,-454198,0,1470,0,48,0,1 # block t=1436 q=12T119 r=4 k=2
1010161,0,-782976,0,-7006560,0,2147144,0,5636448,0,-5592816,0,2497290,0,-671040,0,117972,0,-13837,0,1056,0,-48,0,1 # block t=1436 q=12T119 r=4 k=2
1023780921500061,0,1842072621978636,0,613580900501586,0,-195578346737232,0,-76628103679265,0,14422675061911,0,4014233154947,0,-665958872453,0,987324604,0,-10335547,0,514637,0,665,0,1 # block t=1436 q=12T79 r=4 k=2
85894580273521,0,288585266356980,0,387332718854508,0,268276751203518,0,101356614493554,0,19601461483368,0,1394927726471,0,-35246841534,0,-385805268,0,-24183354,0,52986,0,24,0,1 # block t=1436 q=12T119 r=4 k=2
24229695601,0,64924902408,0,45747630822,0,-1090380056,0,-5504514105,0,1185685437,0,-55255633,0,-6811923,0,576990,0,6839,0,-1323,0,3,0,1 # block t=1436 q=12T119 r=4 k=2
161175025,0,-735183454500,0,7909625557275,0,29221122143700,0,34879204463970,0,18460945568700,0,4512692384195,0,487791159240,0,23202222666,0,426754512,0,1903539,0,2568,0,1 # block t=1436 q=12T79 r=4 k=2
8299075175161,0,14278067712533,0,7159542082088,0,1967564034727,0,167574101436,0,-75071218514,0,-22370957141,0,-2613710203,0,-115583877,0,-2472499,0,-14902,0,-149,0,1 # block t=1436 q=12T79 r=4 k=2
4382362400488651,0,15790489038742032,0,-6475328797326120,0,1106998306744588,0,-106028108746632,0,6228531985032,0,-226845507790,0,4729227120,0,-34505838,0,-749281,0,21384,0,-216,0,1 # block t=1436 q=12T119 r=4 k=2
123996025,0,383004600,0,438792600,0,238606700,0,59872080,0,2795820,0,-1778110,0,-374310,0,-24714,0,649,0,246,0,24,0,1 # block t=1436 q=12T119 r=4 k=2
77495549301,0,197800470531,0,-176501687862,0,64902684831,0,-15052715327,0,2600343647,0,-346251101,0,33717371,0,-2202239,0,84887,0,-1307,0,-22,0,1 # block t=1436 q=12T79 r=4 k=2
7139218068523796651856,0,-17841760885427843976336,0,-315890508506751758218800,0,-303495011010425680590708,0,396136767998088196508707,0,-11119904150269562948898,0,-2057095918374220976807,0,-25911661605425151498,0,-51563243250889528,0,9917594054844,0,-330216058,0,-21084,0,1 # block t=1436 q=12T79 r=12 k=2
6728000,0,0,0,-1448027600,0,0,0,56993442321,0,0,0,-417157445968,0,0,0,742071416014,0,0,0,-1724112,0,0,0,1 # block t=1436 q=12T79 r=12 k=2
64381,0,102096,0,-113634,0,-172800,0,80679,0,79392,0,-30988,0,-8832,0,3771,0,144,0,-114,0,0,0,1 # block t=1436 q=12T79 r=12 k=2
8367162471875118321,0,27852389647075984914,0,15113359208609701902,0,2704973086834535784,0,-41772281600160974,0,-71024467044469077,0,-8050679500226609,0,-252845526101946,0,3280248390378,0,-11170472967,0,15160927,0,-8043,0,1 # block t=1436 q=12T79 r=12 k=2
1816332986421,0,5409559199178,0,1975693269912,0,-123976953048,0,-143731004282,0,-15431686064,0,1048691106,0,189872862,0,-1682184,0,-489104,0,17522,0,-224,0,1 # block t=1436 q=12T79 r=12 k=2
112775751,0,247813236,0,-267160554,0,-466394355,0,326812599,0,146287602,0,-110005113,0,11349918,0,1890171,0,-269871,0,261,0,135,0,1 # block t=1436 q=12T79 r=12 k=2
250343406401089536,0,-21849178713424551936,0,509404361061707476992,0,689628104889900931584,0,-82551097733626183188224,0,-275295747183479417931392,0,51702265600414298914176,0,1260351307569945847744,0,865475884903425168,0,21519091586008,0,-8668993228,0,230622,0,1 # block t=1436 q=12T79 r=12 k=2
20288646500954211,0,5994874320748569,0,-66263823313642647,0,-57631083575143044,0,-19344086156443631,0,-3092272855591373,0,-222541750946328,0,-3705913889624,0,181803144615,0,-1364232656,0,3701600,0,-3822,0,1 # block t=1436 q=12T79 r=12 k=2
1,0,69,0,99,0,-439,0,-147,0,708,0,29,0,-426,0,27,0,97,0,-12,0,-6,0,1 # block t=1436 q=12T79 r=12 k=2
111473603539712761,0,117503191696703832,0,-74401435685433756,0,15433134938188844,0,-1481755971666825,0,60502447025217,0,88326728223,0,-67515395859,0,412181424,0,29924111,0,285453,0,975,0,1 # block t=1436 q=12T79 r=12 k=2
5174243220961,0,12881221381248,0,2249560205946,0,-5135958656179,0,356346069081,0,353572874934,0,-61362732589,0,1820604948,0,146214819,0,-6815405,0,2697,0,399,0,1 # block t=1436 q=12T79 r=12 k=2
9315500031,0,36209270988,0,-46256271666,0,-278730612654,0,-27298361555,0,560389147153,0,253331723298,0,-78874708661,0,1844226024,0,6997519,0,-154792,0,-495,0,1 # block t=1436 q=12T79 r=12 k=2
247076702113702576,0,863832831325341184,0,-448135645712917912,0,84059349857552326,0,-6845486911432561,0,122740200509022,0,16654528968307,0,-998779807504,0,11761904175,0,197004194,0,857935,0,1538,0,1 # block t=1436 q=12T79 r=12 k=2
19409777966331216271,0,-32722562895539526488,0,-814540001505099450052,0,-1779112373690939318697,0,405365263773701727426,0,2491439926645411915564,0,-201247749201201583506,0,3172460082479685288,0,34382505905844303,0,17842229000759,0,-2494764542,0,58744,0,1 # block t=1436 q=12T79 r=12 k=2
28721881270420861,0,73499156043942278,0,57301285080735105,0,8419166642948104,0,-5824096722030810,0,-933636011304394,0,299200797388782,0,-2702572068058,0,-1654782736396,0,3035415986,0,-33927,0,-2316,0,1 # block t=1436 q=12T79 r=12 k=2
10762245364426775,0,22940074102143300,0,14155952844862890,0,3459514623622410,0,196869269932521,0,-53444074977846,0,-7479447224211,0,38954365278,0,29496328839,0,-406354264,0,1689456,0,-2328,0,1 # block t=1437 q=12T209 r=12 k=2
5056056848930156158321,0,-10958597946492307098876,0,8304456657908177480130,0,-2127806654068450455660,0,17120428354832636751,0,947517181152176520,0,20286670384336988,0,-543246468372792,0,692813063967,0,-717048972,0,7702530,0,-10332,0,1 # block t=1437 q=12T209 r=12 k=2
3849365808688074921,0,-11765020337493315174,0,14738904502395276384,0,-9710073909025226175,0,3578142842074259434,0,-721377341595602253,0,72465989068787083,0,-3425040618134270,0,156403707299148,0,-255895496495,0,142679008,0,-28371,0,1 # block t=1437 q=12T80 r=12 k=2
34296598373404025,0,23836005800052900,0,-32715308386698975,0,10412692217488500,0,-1241254507374735,0,7238830054410,0,10941202034235,0,-842218810410,0,14115970926,0,328358732,0,1567314,0,2268,0,1 # block t=1437 q=12T209 r=12 k=2
596421801,0,-1512835461,0,1686663234,0,-1125774387,0,518476513,0,-175516491,0,43455349,0,-7528826,0,870216,0,-64886,0,3064,0,-84,0,1 # block t=1437 q=12T80 r=12 k=2
930141729510747961,0,-3791024658853997745,0,6113584730155454298,0,-4937241488987631558,0,2085149957366239119,0,-438377865029063403,0,37509760601614066,0,261926068072854,0,-4043729201463,0,-43690494201,0,75061656,0,-17184,0,1 # block t=1437 q=12T80 r=12 k=2
3713247682593362232896,0,5064468827469752402352,0,479307789582317374524,0,-219800890225247798050,0,-50832658387142853141,0,-3873125719479623856,0,-76824007645570537,0,3685411774302444,0,135697011482991,0,-314720519822,0,188393529,0,-26010,0,1 # block t=1437 q=12T209 r=12 k=2
26497509367275,0,-86952675626550,0,107199379432800,0,-62007710521050,0,18441120491955,0,-3677659451100,0,488402938360,0,14527027020,0,-703029279,0,-14114702,0,268584,0,-978,0,1 # block t=1437 q=12T80 r=12 k=2
1966589472163544721,0,-9577774800010357119,0,16617040800907926636,0,-12327356676249851931,0,4060049468507345007,0,-603256460841731406,0,31076476362417886,0,429357931190712,0,-1459821530556,0,-52533105443,0,78885873,0,-17520,0,1 # block t=1437 q=12T80 r=12 k=2
63854238927343936727881,0,53077018869674829487350,0,-33393998358869360367669,0,6646632549126779432364,0,-592202326223255554749,0,18329851790125706838,0,703842183717693967,0,-64231191849035178,0,1238082872040954,0,1725370260050,0,614981256,0,47256,0,1 # block t=1437 q=12T209 r=12 k=2
1602457878899595753,0,-8868846567048898815,0,20503062081987200091,0,-25276296413801021355,0,17503499051149959036,0,-6500098906745379696,0,1076514623632998411,0,-41350746263862366,0,1059806299705191,0,-807295212684,0,273883272,0,-37752,0,1 # block t=1437 q=12T80 r=12 k=2
62050304,0,-200099840,0,277671936,0,-223441408,0,117547520,0,-42877824,0,11157696,0,-2090368,0,280080,0,-26192,0,1624,0,-60,0,1 # block t=1437 q=12T80 r=12 k=2
14749113552370595605399,0,-27267612132882212216160,0,19775434734518367562488,0,-7115941325501983310280,0,1313346191777165903922,0,-114623289023970504351,0,3654102430275208807,0,7507462127296974,0,-19741734644967,0,-371202575376,0,260200440,0,-31578,0,1 # block t=1437 q=12T80 r=12 k=2
68624973695138617,0,-154890527923330521,0,145418924906442495,0,-73770883075328249,0,21901679597884212,0,-3833220681633510,0,376122550991394,0,-18294055723269,0,358124550543,0,-453978011,0,1589565,0,-3420,0,1 # block t=1437 q=12T80 r=12 k=2
457265269477,0,-717508826750,0,459228568621,0,-162001730004,0,36132313166,0,-5521478917,0,610007578,0,-50515207,0,3183740,0,-150288,0,5008,0,-104,0,1 # block t=1437 q=12T80 r=12 k=2
3109661769001,0,33118921508040,0,-13004371501566,0,641518860008,0,182332537311,0,-17145355056,0,-374347972,0,66838224,0,257559,0,-108440,0,-606,0,72,0,1 # block t=1439 q=12T209 r=12 k=2
25227883941827008599,0,-51493706976562908489,0,43178338161989400402,0,-19059211374996292074,0,4666309797368897091,0,-596525535119826639,0,29678681460482442,0,284565550239342,0,-3877562754531,0,-43498549617,0,75467712,0,-17238,0,1 # block t=1439 q=12T80 r=12 k=2
224830644001,0,1150176122154,0,1887324400119,0,1260634260560,0,190871029905,0,-162958155996,0,-67386787399,0,-1722442224,0,1602237195,0,-47852090,0,408954,0,-1164,0,1 # block t=1439 q=12T209 r=12 k=2
22759461,0,-147398643,0,358397406,0,-419086029,0,263170765,0,-94846401,0,20213311,0,-2587382,0,214362,0,-15248,0,1114,0,-54,0,1 # block t=1439 q=12T80 r=12 k=2
75637296063,0,-195617811186,0,209944697391,0,-120461673246,0,39391689146,0,-7112831867,0,586690054,0,-1513465,0,-2137988,0,70780,0,2642,0,-128,0,1 # block t=1439 q=12T80 r=12 k=2
5856203635863625691919,0,-5101693842584406287205,0,629519029637303291706,0,-35542871628190178136,0,1180207371301977729,0,-25630909200582399,0,383483133442066,0,-4044950219640,0,30146367291,0,-155842235,0,532908,0,-1086,0,1 # block t=1439 q=12T80 r=12 k=2
2570886363879302363701,0,-5926688716713297930943,0,5678054288887371765133,0,-2923032755958138067774,0,867803577703422572145,0,-147098807828374753362,0,13115584742470916037,0,-534124214555410380,0,13489727082472839,0,-7198664706289,0,1308255271,0,-85378,0,1 # block t=1439 q=12T80 r=12 k=2
420568119,0,-911444643,0,859128687,0,-483224022,0,185474475,0,-52001478,0,10974259,0,-1755222,0,211839,0,-19055,0,1230,0,-51,0,1 # block t=1439 q=12T80 r=12 k=2
71880443371,0,25498717138290,0,3379726891982265,0,199222333139081464,0,4506041933253234945,0,7077219783332953410,0,2736041226897566656,0,-121361732372159490,0,1100523684333795,0,-1843042674876,0,604104375,0,-50670,0,1 # block t=1439 q=12T209 r=12 k=2
15214253460625531062737,0,-12706293093187673095308,0,1292874483422244668514,0,-62670538803304076940,0,1843868424202540839,0,-36314414269684632,0,501439097486732,0,-4948455124152,0,34883521623,0,-172103292,0,565890,0,-1116,0,1 # block t=1439 q=12T209 r=12 k=2
3820890985062831,0,-21641529264983964,0,51822460166660190,0,-67449397193843646,0,50894150028366073,0,-21836423118956823,0,4792758528468340,0,-417050046722317,0,14152589723916,0,-12685730665,0,14009122,0,-9459,0,1 # block t=1439 q=12T80 r=12 k=2
3739859079046801,0,-7768546951605159,0,6601126812711483,0,-3136910430692766,0,1018910039767959,0,-247998620503638,0,37152742987990,0,-2107797189090,0,54451241106,0,-647057760,0,2686695,0,-3051,0,1 # block t=1439 q=12T80 r=12 k=2
3007131279,0,-10501424610,0,15756897939,0,-13229906511,0,6768381090,0,-2143191252,0,402533119,0,-38285476,0,673300,0,122254,0,-914,0,-100,0,1 # block t=1439 q=12T80 r=12 k=2
24671992255250480243,0,-65144127908956523259,0,70558968826577098952,0,-39603287205978166693,0,11740706853452657319,0,-1531129487661489825,0,-2189267555660286,0,9540433027730604,0,1057970191242822,0,-762678205643,0,255350445,0,-36239,0,1 # block t=1439 q=12T80 r=12 k=2
14000938184845830151,0,-34398434109964881927,0,27163835986654423776,0,-5465452452788638093,0,-1332350525316029976,0,93341701938839076,0,18098718209916207,0,-461488086154737,0,5465359286136,0,-24350357776,0,29500140,0,-10047,0,1 # block t=1439 q=12T80 r=12 k=2
112054740579,0,538042934214,0,1069590386664,0,1134978555738,0,683879507843,0,219661106972,0,23708028840,0,-3270254764,0,178856601,0,-944194,0,-116752,0,1714,0,1 # block t=1440 q=12T80 r=0 k=2
26799749,0,85159884,0,119922598,0,99712740,0,54836887,0,21108440,0,5852324,0,1180840,0,172483,0,17820,0,1238,0,52,0,1 # block t=1440 q=12T80 r=0 k=2
31906198321,0,22306608528,0,-3685782734,0,1938757975,0,1984575235,0,2217335038,0,271363784,0,490914248,0,-2286690,0,15065115,0,21646,0,2078,0,1 # block t=1440 q=12T80 r=0 k=2
113719,0,-492621,0,890195,0,-858903,0,463863,0,-126975,0,7579,0,3705,0,-393,0,-39,0,-25,0,3,0,1 # block t=1440 q=12T80 r=0 k=2
2327616353152,0,-4573187944640,0,3994982370208,0,-1892341731568,0,562461496440,0,-150444415236,0,29481866206,0,-1123619653,0,180130775,0,6449114,0,102246,0,-381,0,1 # block t=1440 q=12T80 r=0 k=2
41695398472127331359,0,42946398367203912544,0,12162180110457852214,0,1571649374080310040,0,135958354386332899,0,8308254225657952,0,347167040167484,0,10347896101712,0,164395919437,0,-479172864,0,1201310,0,-1192,0,1 # block t=1440 q=12T80 r=0 k=2
8856465659677485529,0,6950962946024770703,0,1376830768472887673,0,137623100010786028,0,8438208690063060,0,345321688608131,0,9812063164226,0,196346190178,0,2753581095,0,26415053,0,164721,0,603,0,1 # block t=1440 q=12T209 r=0 k=2
14653092591130729861,0,54419482100580440204,0,81158455114655900523,0,61040511513590209534,0,23933648435264256548,0,4832282203831684348,0,731008706078011889,0,170590834471019114,0,380910496561816,0,303051842968,0,96108303,0,14302,0,1 # block t=1440 q=12T209 r=0 k=2
23497498257690083326,0,29724380510304550392,0,13722329445622672740,0,2699564794512220480,0,94998584926830594,0,-1835153568467664,0,-49314706751548,0,3105294174096,0,-44628635787,0,658163060,0,-1627230,0,2124,0,1 # block t=1440 q=12T209 r=0 k=2
43220,0,-158460,0,243525,0,-189460,0,62021,0,4741,0,-4276,0,-3128,0,2954,0,-1071,0,211,0,-22,0,1 # block t=1440 q=12T209 r=0 k=2
872231,0,-1681026,0,1878500,0,-1550862,0,996075,0,-483892,0,177888,0,-50556,0,11309,0,-1962,0,252,0,-22,0,1 # block t=1440 q=12T209 r=0 k=2
810359799033311,0,1990474950970017,0,1877683132012285,0,901778872637603,0,240061158706623,0,35921881014422,0,3067077432325,0,189101058000,0,11669373227,0,222290619,0,-727016,0,1154,0,1 # block t=1440 q=12T80 r=0 k=2
1401409,0,2071204,0,1492202,0,161756,0,151439,0,304616,0,-34100,0,22072,0,-4913,0,308,0,426,0,44,0,1 # block t=1440 q=12T80 r=0 k=2
601758427959296,0,518942075734016,0,-250874320014336,0,-316832764106240,0,29379371133440,0,122140436381696,0,55951365354816,0,12109603667584,0,1346688013520,0,62770058400,0,-84830776,0,94124,0,1 # block t=1440 q=12T80 r=0 k=2
3241219,0,-16057491,0,34318295,0,-41336253,0,30591153,0,-14069445,0,3772159,0,-446325,0,-21903,0,8811,0,-85,0,-27,0,1 # block t=1440 q=12T80 r=0 k=2
13048306596560094190592,0,-12903276918315841331200,0,2139472295200252944384,0,-78183151868934858752,0,-2075238885258433408,0,-79676738407194112,0,14768184511000896,0,-404006650165376,0,3643906486524,0,32715840,0,-1858084,0,-96,0,1 # block t=1440 q=12T80 r=8 k=2
26052705069916167472896,0,121292753279261885747712,0,212632658814115725611904,0,167684057771304084963552,0,52115529147200832899232,0,1806671459950965045288,0,-13157744431982197296,0,-73461811131223524,0,110848089718179,0,63527331894,0,-15841428,0,-5130,0,1 # block t=1440 q=12T209 r=8 k=2
14047432416970601,0,-15167829115903343,0,5313186831891848,0,-976372625528830,0,110967246669529,0,-8402363776276,0,438527125939,0,-15923916312,0,397996461,0,-6625742,0,68944,0,-399,0,1 # block t=1440 q=12T80 r=8 k=2
8236719342804819,0,38958618496953975,0,-129411090085294989,0,68349865770924825,0,-913111176067779,0,-7465519337951484,0,2082923164762649,0,-226872829847999,0,9338687981133,0,-24719160003,0,26613715,0,-11502,0,1 # block t=1440 q=12T80 r=8 k=2
33844256,0,-92586624,0,110517184,0,-78748800,0,37787936,0,-12911904,0,3237952,0,-607440,0,86006,0,-9120,0,700,0,-36,0,1 # block t=1440 q=12T80 r=8 k=2
121,0,1452,0,5817,0,6376,0,-10665,0,-18852,0,6722,0,4908,0,-585,0,-424,0,-3,0,12,0,1 # block t=1440 q=12T209 r=8 k=2
1855909525,0,-4420350225,0,4677506250,0,-2916499000,0,1195892235,0,-340116210,0,68801415,0,-9963270,0,1022211,0,-72088,0,3294,0,-87,0,1 # block t=1440 q=12T80 r=8 k=2
1728123599281668781943,0,-1836675379041789997872,0,272079396196725635298,0,-6477865504290731664,0,-784979068517339229,0,33996699904944096,0,362269321594980,0,-29894181361632,0,316220323413,0,-134113200,0,1123946,0,-144,0,1 # block t=1440 q=12T80 r=8 k=2
45064344265268480,0,-63188288814485760,0,-162784279371535200,0,383900743366045840,0,-222561179471796039,0,-6496702219364112,0,22769798561386828,0,3200683142211726,0,94647773697990,0,232613224736,0,157093233,0,23838,0,1 # block t=1440 q=12T209 r=8 k=2
33326779,0,-171307126,0,366539482,0,-425627639,0,294878905,0,-127259437,0,34975664,0,-6101039,0,628910,0,-33431,0,859,0,51,0,1 # block t=1440 q=12T209 r=8 k=2
12685621556347504,0,9224914805697696,0,-4181197959982080,0,711212816984640,0,-68080810752450,0,4114972159920,0,-162195573200,0,4047923688,0,-54134652,0,2384,0,12660,0,-192,0,1 # block t=1440 q=12T209 r=8 k=2
18242458728113,0,53441468639923,0,-253988605536642,0,-440377351392394,0,886940929142420,0,-366492294246963,0,81540601948755,0,14178971527334,0,478844460714,0,679443847,0,-846086,0,-2349,0,1 # block t=1440 q=12T80 r=8 k=2
4659049547797969,0,183820417324594344,0,-73995359945496600,0,12213439732451812,0,-1048138898247738,0,47021539244193,0,-749409123828,0,-24515478558,0,1455234273,0,-29495975,0,275688,0,-930,0,1 # block t=1440 q=12T80 r=8 k=2
1836690558869966167,0,-1483459977218370912,0,200911116449920470,0,18553902702911904,0,-4368137937242381,0,69655176148672,0,20943246421212,0,-1206431478080,0,19376869061,0,-21977440,0,277534,0,-96,0,1 # block t=1440 q=12T80 r=8 k=2
5949930682543932215296,0,35104564849491399972864,0,77895168303664419188736,0,78050151996749739288576,0,31518008659587727218432,0,2027036150144621834496,0,-8877790219497155584,0,-81887121414413952,0,100608975999984,0,67222245528,0,-14222832,0,-5520,0,1 # block t=1440 q=12T209 r=8 k=2
17696659117261,0,-62724963741681,0,86192126481282,0,-58499358017557,0,21464491035033,0,-4493288373102,0,347799748128,0,27272614788,0,-377427987,0,-26727937,0,344082,0,-1086,0,1 # block t=1440 q=12T80 r=12 k=2
18729558577407702411,0,-69391891369873546128,0,107908367313172057776,0,-90574021978325943183,0,43688048185767631782,0,-11783648181793933425,0,1554519429457986300,0,-70948734798063681,0,2650987935224733,0,-2102274384696,0,569092751,0,-55814,0,1 # block t=1440 q=12T80 r=12 k=2
4854330342534298799,0,-15055350584819060399,0,18781554406167137982,0,-12008835227833639273,0,4146241414932947621,0,-742147815952732254,0,59676666838634241,0,-2010673063771216,0,135341577066744,0,-187073311646,0,104316553,0,-23010,0,1 # block t=1440 q=12T80 r=12 k=2
317299040182125819,0,-341997058185288561,0,102179112517203588,0,-14211103567023405,0,1151707929928335,0,-60499008530226,0,2174230378774,0,-54791636772,0,971441835,0,-11904235,0,96198,0,-462,0,1 # block t=1440 q=12T80 r=12 k=2
952542930538496,0,1731780374028288,0,-7497740831102976,0,3859214289566720,0,-713315766134016,0,31581495749376,0,5704027000128,0,-697777583424,0,17639697456,0,345725232,0,1594344,0,2280,0,1 # block t=1440 q=12T209 r=12 k=2
5375428627022180622949,0,-10442927035497559413069,0,7863794391869268460206,0,-2874787949990707820852,0,528128399797245223677,0,-48374839624040228421,0,2353133792312991969,0,7090519073334813,0,-63083813972562,0,-181961771465,0,164054691,0,-25086,0,1 # block t=1440 q=12T80 r=12 k=2
18100302179691,0,-53357690121786,0,65766690501906,0,-43509172315026,0,16433951011608,0,-3468711773946,0,380612263049,0,-26556910173,0,3102363221,0,-151871964,0,890451,0,-1729,0,1 # block t=1440 q=12T80 r=12 k=2
11723278606808547041,0,-12235899220456215276,0,2291190272109174498,0,-210337295851010556,0,11879959729427631,0,-454226077742040,0,12288640646876,0,-238725016920,0,3302907471,0,-31528764,0,194658,0,-684,0,1 # block t=1440 q=12T209 r=12 k=2
11038810007268972353,0,-47443468351133310247,0,89937154731259421466,0,-85730741837281603081,0,42857254953268937277,0,-11218628975797492875,0,1430737933730697267,0,-76870958248493604,0,2503111236570414,0,-1984693385024,0,541288156,0,-54006,0,1 # block t=1440 q=12T80 r=12 k=2
102687346060580871,0,-99787638729252789,0,29053868252139009,0,-4255103331894195,0,377753068054530,0,-22217129015544,0,905865274876,0,-26123842506,0,533226015,0,-7556035,0,70854,0,-396,0,1 # block t=1440 q=12T80 r=12 k=2
1726344105984,0,-2565159266304,0,1537747421184,0,-519848759808,0,113361249792,0,-17055185280,0,1832547264,0,-142584192,0,8007600,0,-317520,0,8456,0,-136,0,1 # block t=1440 q=12T80 r=12 k=2
9523341567733681,0,38737664225586006,0,42719478453966927,0,11243213168984840,0,111515521679079,0,-259547393034138,0,-18242577582249,0,1539377685246,0,131288791686,0,-1261865126,0,3646416,0,-3408,0,1 # block t=1440 q=12T209 r=12 k=2
20005161586021321961,0,-104915278354915746188,0,230442187723011495111,0,-272268885907607323550,0,183719343486371676903,0,-68297343307608458679,0,11772247056657079851,0,-471068755850857740,0,13660399128490287,0,-7150362537382,0,1279888447,0,-83361,0,1 # block t=1440 q=12T80 r=12 k=2
460211893974061921,0,3012721147018015398,0,5166761727053692281,0,3924454239996390168,0,1441375956887778348,0,212620196560585926,0,-5883084681127784,0,-3035649299266458,0,91718071731612,0,-233183573656,0,156995277,0,-23898,0,1 # block t=1440 q=12T209 r=12 k=2
94303166756714841,0,-238799090964508452,0,238085573892461517,0,-117127615935216429,0,27774649778582631,0,-1946390335538694,0,-257740562780443,0,5116732937784,0,6394325111090,0,-12785430258,0,14902353,0,-8788,0,1 # block t=1440 q=12T80 r=12 k=2
3287619120410446728311,0,-12028061399458936704840,0,17508163518653890568376,0,-12771510348772797515924,0,4808165852554375516161,0,-860658830669630275818,0,60040792741338906127,0,-1244700717154899462,0,7083111674869659,0,-6547611924370,0,1409800386,0,-74676,0,1 # block t=1440 q=12T209 r=24 k=2
407785771252601428496,0,-1071287735269979149800,0,1150027553627371481400,0,-648131517929684928374,0,204244397332150871565,0,-35323089354790148130,0,3078372543488542911,0,-119262294499781670,0,1489445471858460,0,-1833429813804,0,623719740,0,-47520,0,1 # block t=1440 q=12T209 r=24 k=2
4516401630807568951,0,-14092404667626881022,0,16850357665838905668,0,-9441918189815511010,0,2376069907183103979,0,-201328225155294444,0,6705204533781504,0,-96925580921988,0,653467029021,0,-2162479798,0,3668604,0,-3066,0,1 # block t=1440 q=12T209 r=24 k=2
91528159,0,-490897380,0,1063704066,0,-1216154740,0,813304899,0,-335822940,0,88075347,0,-14857560,0,1613646,0,-110905,0,4611,0,-105,0,1 # block t=1441 q=12T80 r=12 k=2
4247898680017,0,-93075628524,0,-1031639163414,0,-189479944652,0,32007397275,0,4039409016,0,-289379892,0,-28798056,0,1006299,0,67972,0,-1374,0,-60,0,1 # block t=1441 q=12T209 r=12 k=2
10000799721,0,-43761450348,0,76919035266,0,-69842743860,0,36078991455,0,-11356946808,0,2241547324,0,-271300008,0,19763415,0,-841820,0,19746,0,-228,0,1 # block t=1441 q=12T80 r=12 k=2
583078689696476336,0,6465335811288083136,0,25817604102825724728,0,40812020323646189632,0,10460817425953482315,0,-19234170251963876316,0,4727117147871158683,0,-398279631339318504,0,9896145554944230,0,3539726233898,0,-2136850062,0,-20106,0,1 # block t=1441 q=12T209 r=12 k=2
74776007655173878121,0,-333983102862491249394,0,623198748402539902349,0,-625596166513636435900,0,359294002778156346399,0,-113624524136010717657,0,16383365165508395889,0,-459998079080027442,0,13433221377070449,0,-7103358087638,0,1281209991,0,-83741,0,1 # block t=1441 q=12T80 r=12 k=2
848694228385305547939,0,-1975128821234231217996,0,4089952478171767816158,0,-3014997274293932204770,0,687905460223558793172,0,-65224128748577300055,0,2823420618408543504,0,8954720647595910,0,-62197034452452,0,-356643371005,0,299988678,0,-34323,0,1 # block t=1441 q=12T80 r=12 k=2
10046588414667738579,0,-42573208210221943197,0,84587259745839233529,0,-80793124607524630068,0,38010525204760327082,0,-8696437035134283833,0,840523375293441139,0,-20587284274389587,0,697809852951770,0,-639324030559,0,234258833,0,-34250,0,1 # block t=1441 q=12T80 r=12 k=2
2386449,0,-9728316,0,17330274,0,-17905212,0,12049167,0,-5636280,0,1904604,0,-470808,0,83775,0,-10380,0,866,0,-44,0,1 # block t=1441 q=12T80 r=12 k=2
76375858855514953662259,0,-146028514050159470682297,0,109324630049384831532525,0,-40448156987773043083644,0,7717999849689722305737,0,-731737947723268836624,0,28139252017298978008,0,143322827497262106,0,-229902827638212,0,-1338105074790,0,610510992,0,-48270,0,1 # block t=1441 q=12T80 r=12 k=2
1575225,0,-2515500,0,1258290,0,396300,0,-59649,0,-467064,0,109852,0,47448,0,-12825,0,-668,0,402,0,-36,0,1 # block t=1441 q=12T80 r=12 k=2
185071058659,0,-560635449102,0,758800111674,0,-568786846464,0,238572258702,0,-48735067383,0,1786848586,0,692377191,0,-32190222,0,-2247030,0,76539,0,-522,0,1 # block t=1441 q=12T80 r=12 k=2
952542930538496,0,-1731780374028288,0,-7497740831102976,0,-3859214289566720,0,-713315766134016,0,-31581495749376,0,5704027000128,0,697777583424,0,17639697456,0,-345725232,0,1594344,0,-2280,0,1 # block t=1441 q=12T209 r=12 k=2
17094520606682337127,0,-39433724621263523951,0,37498248292516570165,0,-19120290119654063657,0,5668174964598210366,0,-987044381197111170,0,97339494258284946,0,-5113841385260541,0,141227211047007,0,-191753230517,0,105590953,0,-23060,0,1 # block t=1441 q=12T80 r=12 k=2
230309840431,0,-957199761309,0,1575124972014,0,-1261273418185,0,526715604675,0,-127583837244,0,18993091686,0,-1684886166,0,87759945,0,-2623675,0,42564,0,-336,0,1 # block t=1441 q=12T80 r=12 k=2
2092128076039,0,-4350586038066,0,3669711641574,0,-1652565836740,0,439657222329,0,-73452913011,0,8346468165,0,-693143568,0,33710085,0,-71377,0,2448,0,-168,0,1 # block t=1441 q=12T80 r=12 k=2
33470205198336,0,-100410615595008,0,118945191591936,0,-70076125817856,0,21321341116416,0,-3264455888064,0,271274593536,0,-13102019568,0,382191129,0,-6796710,0,71847,0,-414,0,1 # block t=1442 q=12T209 r=24 k=2
9575011710970547840441,0,-25090910703762044856714,0,26416195048514598567501,0,-14161051005099387947860,0,4030114313678510285304,0,-576489817319285221338,0,36189310101573837112,0,-942189682828083462,0,7710361922789496,0,-6263550684476,0,1410546081,0,-71430,0,1 # block t=1442 q=12T209 r=24 k=2
4335468528064849248256,0,-9520339989579480170496,0,7974754299895571546112,0,-3096416488326144458752,0,522505860146221744128,0,-25313853762052964352,0,432168155458039808,0,-3142320090934272,0,10565600375808,0,-17445405632,0,14770752,0,-6156,0,1 # block t=1443 q=12T209 r=24 k=2
6352953054961,0,-15193355420880,0,14829031585434,0,-7602253365152,0,2210397497391,0,-374676947616,0,38183027948,0,-2405747136,0,95102079,0,-2348560,0,35034,0,-288,0,1 # block t=1443 q=12T209 r=24 k=2
23412411782761,0,431653140502012,0,2680093775888050,0,7074023272049348,0,8921275078706255,0,5130838501667192,0,824657154281388,0,-181864808702584,0,5178330322791,0,-33497814772,0,31179394,0,-9932,0,1 # block t=1447 q=12T42 r=12 k=2
3953664893214339,0,1221585736393056,0,-12612797638330335,0,-3241299908526018,0,2414115477208920,0,133957753496604,0,-19821587635243,0,-450383780918,0,35523919924,0,55621468,0,-1745823,0,-98,0,1 # block t=1447 q=12T42 r=12 k=2
136343007879115439,0,-868560388322163024,0,-118693743344006098,0,6177635196568798260,0,-119771066915137312,0,-7692892655307210540,0,-307520854830918026,0,-1010742251582532,0,8219314229506,0,31466696608,0,21215762,0,-10444,0,1 # block t=1447 q=12T81 r=12 k=2
532693988806175201,0,-71844899411439820832,0,2045815571662927434362,0,13291331401167419819028,0,-619748668981983639192317,0,-999652054932623659236912,0,-404821977248127954596424,0,-6103322848410719923184,0,-8726987354956973525,0,5856839512347200,0,-7202103218,0,-381076,0,1 # block t=1447 q=12T42 r=12 k=2
2448957355574916550803,0,3100233138054059122800,0,-30421121155954229441556,0,-32428674890924282647560,0,19629177912161971159935,0,704565220243070765928,0,-22706000296795219732,0,-303375434202813448,0,4441950993191085,0,1398432937128,0,-2104258056,0,-13584,0,1 # block t=1447 q=12T42 r=12 k=2
14348907,0,0,0,-181085062131972,0,0,0,9803400364854,0,0,0,-150295175838,0,0,0,489368223,0,0,0,-93150,0,0,0,1 # block t=1447 q=12T42 r=12 k=2
214686405363,0,0,0,-1140008222532,0,0,0,1585321705575,0,0,0,-217167228764,0,0,0,5508907493,0,0,0,-782000,0,0,0,1 # block t=1447 q=12T42 r=12 k=2
6373762194211146467921,0,15487865010327006212864,0,7096617632252591736400,0,-6232267649370791614014,0,-3609833991139756947020,0,598213121770023092800,0,-7542221146404406526,0,-495519465190744984,0,745166370826966,0,1443564054022,0,-1976111961,0,14952,0,1 # block t=1447 q=12T81 r=12 k=2
9447230467984,0,4991736443703456,0,598341645684043808,0,20572107920794792096,0,128114395821238567840,0,280139860913529751952,0,197355614181000234556,0,-11263157474062252904,0,77597526967905280,0,-89575859728724,0,6413673176,0,-146880,0,1 # block t=1447 q=12T42 r=12 k=2
150988820730539999171403,0,402761502734972262693276,0,-83176691994578683579887,0,5929700057356475081340,0,-137198730722643723084,0,-3578768432799941796,0,258067129666546573,0,-4786394117597900,0,21288230625852,0,156844466052,0,187966565,0,26612,0,1 # block t=1447 q=12T42 r=12 k=2
9720000000000,0,0,0,-246328335028224,0,0,0,1795386837911040,0,0,0,-3415029539520384,0,0,0,16527104295408,0,0,0,-11160504,0,0,0,1 # block t=1447 q=12T42 r=12 k=2
531441,0,2302911,0,-1771470,0,-4586139,0,439587,0,874800,0,-86022,0,-52488,0,5589,0,1215,0,-135,0,-9,0,1 # block t=1447 q=12T81 r=12 k=2
14931366336,0,32810458752,0,10109661192,0,-2822148540,0,-1380375351,0,-524880,0,45966366,0,1705860,0,-625401,0,-12960,0,3402,0,-108,0,1 # block t=1447 q=12T81 r=12 k=2
39803174545198672682749,0,136262813316978157751528,0,169626193458589123079542,0,96224909829993102846880,0,26688222688352723643143,0,3267244019605204243760,0,62644947095233467716,0,-12261053842248150112,0,84382607957843867,0,-92708377740760,0,6552026022,0,-148352,0,1 # block t=1447 q=12T42 r=12 k=2
13348388671875,0,0,0,-5974299647286246,0,0,0,693687120700963023,0,0,0,-16467276751423912044,0,0,0,66012189556425021,0,0,0,-910575702,0,0,0,1 # block t=1447 q=12T42 r=12 k=2
531441,0,-708588,0,-6967782,0,-2578473,0,2840913,0,551124,0,-321489,0,-29646,0,13203,0,567,0,-207,0,-3,0,1 # block t=1449 q=12T28 r=12 k=1
693173030758790209,0,826650353882930930,0,-341571298409075759,0,-115818951062355806,0,-11668119299944558,0,-455937521623566,0,-1676518539423,0,273491369806,0,1891128338,0,-73372898,0,485457,0,-1202,0,1 # block t=1449 q=12T28 r=12 k=1
900041918883841,0,595458381230346,0,-1958349384231675,0,45561199641664,0,33585525400950,0,994297719132,0,-110823615984,0,-6271723422,0,-24645915,0,3441874,0,31872,0,-465,0,1 # block t=1449 q=12T81 r=12 k=1
1,0,251214,0,171781814,0,-5454158710,0,-71082150589,0,25476731699,0,3807856066,0,-1449366736,0,24000010,0,8288017,0,-95039,0,-23,0,1 # block t=1449 q=12T28 r=12 k=1
183239232342464799049984,0,70314299539598400868352,0,-125062656672540799932928,0,29775730546759992479360,0,-1410909202133915581216,0,-89985654439284759584,0,-139512650844105520,0,840989979671480,0,992079895089,0,-2476909550,0,-1973945,0,2238,0,1 # block t=1449 q=12T28 r=12 k=1
1924173712,0,-251846960928,0,314855409648,0,1725723507424,0,1339254816408,0,-2000159424,0,-172554636360,0,13379190048,0,1411106112,0,22648144,0,-65706,0,-960,0,1 # block t=1449 q=12T28 r=12 k=1
844596301,0,12103982767172,0,43168462371284439,0,-499934133066574582,0,1324402252173588626,0,709366290970305040,0,247422979661743,0,-487384711807346,0,1376253311718,0,3624587952,0,-3555077,0,-1934,0,1 # block t=1449 q=12T28 r=12 k=1
51030735254140276736,0,177152960669908652032,0,-1342297598750393208832,0,204220160836667695616,0,547237649547497555712,0,-47183639625559317504,0,-2566816740045986752,0,-4593839105758464,0,227306035922288,0,-255020647256,0,-208471428,0,-230,0,1 # block t=1449 q=12T28 r=12 k=1
4096,0,3647488,0,81290240,0,-291346432,0,-766648832,0,266490752,0,31684160,0,-13767136,0,197728,0,124624,0,-4040,0,-24,0,1 # block t=1449 q=12T28 r=12 k=1
18163226999752689348964,0,37927472099766607471020,0,4181401637149212166521,0,160105589587148582120,0,1684863977087612106,0,-31764591621744174,0,-568676039040939,0,3826437896232,0,46711581777,0,-469486210,0,1495506,0,-2028,0,1 # block t=1449 q=12T28 r=12 k=1
86628996194105844498761,0,104293789838024287666662,0,-19517635904156310195035,0,671031541884079484728,0,12118974388812699029,0,-986359228440355189,0,13570947427576825,0,86630890150448,0,-2970520524683,0,11806433380,0,53978257,0,17617,0,1 # block t=1449 q=12T81 r=12 k=1
263557305167843170695509,0,343908861190159081926739,0,-75199169921498914626305,0,5104056000102446861504,0,-94489019727219539738,0,-3549491518288600756,0,174140692289390143,0,-1845722642011800,0,-15325682924388,0,277037187789,0,185095498,0,25804,0,1 # block t=1449 q=12T28 r=12 k=1
31672425233933690718409,0,42182795565068873140542,0,7846637686690512006808,0,168277853893087273807,0,-63563270324535269217,0,-5200132063493540550,0,-82193372929722932,0,3741602238913101,0,82064399516226,0,-977020807297,0,434481242,0,-39691,0,1 # block t=1449 q=12T28 r=12 k=1
8589934592,0,-204359644217344,0,-92156972146622464,0,-8726368301319323648,0,-31719380971648855808,0,111780809176058546688,0,199843806579406133120,0,-3198474415462082688,0,15840778140693280,0,-23964497775968,0,-140932296,0,50904,0,1 # block t=1449 q=12T28 r=12 k=1
15710031,0,-78333156,0,-13497786216,0,-47380428792,0,244735924635,0,-103950065880,0,-157316669136,0,-26493205824,0,1584868293,0,-15340452,0,-122472,0,792,0,1 # block t=1449 q=12T28 r=12 k=1
1260895685265241,0,1786374337623296,0,290280328104792,0,-9511793514883,0,-3868227408725,0,-67180310357,0,15766835477,0,305837658,0,-31987889,0,-174728,0,29809,0,-411,0,1 # block t=1451 q=12T38 r=12 k=2
376691769470185939,0,4211012373965759558,0,6625173465223879944,0,548330604464978874,0,-65257136338016285,0,-9145255002084900,0,-279139252901144,0,2460823504724,0,126787367753,0,-1430183554,0,4553488,0,-4782,0,1 # block t=1451 q=12T81 r=12 k=2
4096,0,-5464064,0,-115402752,0,4786923520,0,-2297105408,0,-1315425536,0,6809600,0,21965472,0,421584,0,-97656,0,-2820,0,54,0,1 # block t=1451 q=12T81 r=12 k=2
13117605016128679936,0,13310434426751035392,0,-719316344359790592,0,-28992840474954752,0,1926365704300032,0,8598668947328,0,-1656744718656,0,11754390400,0,480153184,0,-5295016,0,-47744,0,558,0,1 # block t=1451 q=12T38 r=12 k=2
43975029138996368016,0,86489058462466810464,0,-14103375197662719144,0,650811254889870792,0,5623818160267665,0,-1210803732942012,0,22818815056530,0,418891939992,0,-15886235565,0,70437168,0,943506,0,1836,0,1 # block t=1451 q=12T81 r=12 k=2
6574456611,0,47703029895,0,5208003702,0,-5778023382,0,-406558926,0,232642125,0,2959011,0,-3803436,0,112266,0,21681,0,-1296,0,-3,0,1 # block t=1451 q=12T38 r=12 k=2
776234855682116292689,0,1240259413557554689582,0,-1822513513174652524720,0,-4427869493924097714849,0,-2160663092516244544087,0,115112265735635352412,0,133138349331137537549,0,-1304686984238860389,0,-3447483462208568,0,2522204025782,0,-444985249,0,6966,0,1 # block t=1451 q=12T38 r=12 k=2
202345105759066932260021,0,347018572441572636048492,0,-141318841000893675335896,0,-470254961580114536627703,0,-140106444705694609597740,0,44214020965592680994934,0,56426496454465715510,0,-1384222391284956695,0,-1184474695348337,0,6317525442701,0,-2083501189,0,-79968,0,1 # block t=1451 q=12T81 r=12 k=2
309469749699658909801,0,-613539814725915059144,0,-780821642594836740628,0,2314547170546994683735,0,-1322115615685163540293,0,86963764520547700887,0,5226155308115235995,0,23369301408990856,0,-109174062574429,0,-151985931573,0,-49846823,0,294,0,1 # block t=1451 q=12T38 r=12 k=2
6030984196,0,114999896224,0,455427910468,0,-1130525916240,0,-2141106306826,0,1664862622400,0,178447438424,0,-130565885220,0,-10981874771,0,-186533770,0,1493508,0,-2294,0,1 # block t=1451 q=12T81 r=12 k=2
13588984009,0,-7136112065219300,0,-7671038338571893495,0,5478441619386046576483,0,-7459653943492360943664,0,-1174711497993152928070,0,698452430985295735,0,82565861031181556,0,-49608788090994,0,-897230536079,0,-553871318,0,40455,0,1 # block t=1451 q=12T81 r=12 k=2
17199555046439,0,-8172605569441,0,-25556972541817,0,12063880236227,0,3005326705143,0,-2055771443262,0,95707414699,0,62985273869,0,-5061681573,0,-386677801,0,-2702607,0,2582,0,1 # block t=1451 q=12T81 r=12 k=2
120660778443551727769,0,3748662861347941766936,0,-644371319159217615832,0,15668284180096215443,0,3904077494343267171,0,-381910601046487822,0,14802715309878866,0,-255826390334465,0,1150747635687,0,10161387705,0,18517434,0,10968,0,1 # block t=1451 q=12T38 r=12 k=2
224211722622202575305959,0,-240518819295417910820872,0,-607676901580552647161144,0,990045348578620197426242,0,-317473522808857762358290,0,-49064593534320033925379,0,478312034515826920398,0,618667005619202114,0,-6935712883443628,0,-8927922619090,0,-1522491142,0,118820,0,1 # block t=1451 q=12T81 r=12 k=2
10876402906555635589,0,10761179278753668548,0,-5428747259912129818,0,-452116177001850900,0,11227410885610999,0,1741967130150632,0,32763871931780,0,-821059881960,0,-28606727197,0,-86745964,0,2346550,0,-3396,0,1 # block t=1451 q=12T81 r=12 k=2
432078448225,0,-2039093859200,0,3991902858680,0,-4174756359420,0,2501698458104,0,-857654969336,0,160729988422,0,-15657113360,0,774616056,0,-18506204,0,186872,0,-744,0,1 # block t=1451 q=12T81 r=24 k=2
10917979242989431556864,0,-13672671959202817501440,0,4414043440579660421472,0,-421211660720708821488,0,19853104797213527343,0,-545991427714410392,0,9345841257132944,0,-100935308573464,0,669540230507,0,-2528342364,0,4690472,0,-3680,0,1 # block t=1451 q=12T81 r=24 k=2
26500697500,0,-62662011500,0,64760048200,0,-38558687210,0,14666548091,0,-3732917080,0,647091032,0,-76266230,0,5996773,0,-302720,0,9192,0,-150,0,1 # block t=1451 q=12T81 r=24 k=2
2809047555285159056,0,-10549808661577242784,0,15866242798546144288,0,-12086404700824544720,0,4823504443851512764,0,-924725415262212680,0,64730317444896924,0,-1532881363346960,0,14057426247029,0,-49836027740,0,47180938,0,-12516,0,1 # block t=1451 q=12T81 r=24 k=2
14763041515140398656,0,-30274387270881429216,0,24134140745584049336,0,-9885616842629122912,0,2260647468308965521,0,-288494044285874488,0,19112339097246146,0,-559191816411368,0,6820031204551,0,-32298300072,0,36860606,0,-11136,0,1 # block t=1451 q=12T81 r=24 k=2
308448174165418009,0,-1194073633387209159,0,1813610757883954396,0,-1355978727649928290,0,510622546700983854,0,-88098623331940480,0,5609542125948873,0,-141396946040082,0,1392175075071,0,-4563815709,0,6541291,0,-4234,0,1 # block t=1451 q=12T38 r=24 k=2
252984170859065344,0,-633563333771042816,0,645005568134217728,0,-341340093406554624,0,99603636863447808,0,-15695943265634176,0,1223840745618176,0,-39000674315040,0,470073867552,0,-2145630984,0,4238496,0,-3524,0,1 # block t=1451 q=12T38 r=24 k=2
10974955224681390625,0,-37645039545159362500,0,51335518233549475000,0,-35156484747931756000,0,12476861728392599900,0,-2092388043391280400,0,123832486335054990,0,-2499385880292540,0,19799916109564,0,-61457269656,0,53205000,0,-13248,0,1 # block t=1451 q=12T81 r=24 k=2
54610391862619,0,-161023772743130,0,190622153113624,0,-116720894725278,0,39657267866035,0,-7471248999972,0,753425977160,0,-40756789468,0,1178244401,0,-18105378,0,148576,0,-614,0,1 # block t=1451 q=12T38 r=24 k=2
122350232534510224,0,-197859502414229216,0,130056494867469392,0,-45457192263725552,0,9200073050382376,0,-1094985422553352,0,74394964895820,0,-2710800487996,0,50430056737,0,-446332700,0,1593474,0,-2184,0,1 # block t=1451 q=12T81 r=24 k=2
185851178856381852407296,0,326950115217841526712448,0,25777284905397435114016,0,841891905780002691003,0,13729511729052242256,0,94906367750475242,0,-324364659428209,0,-10730069327086,0,-73699715176,0,-174021579,0,175892,0,1152,0,1 # block t=1455 q=12T82 r=4 k=2
33287780498830225,0,241782184852588575,0,-119920173565443720,0,25604234611668870,0,-3148844165984649,0,246763636161286,0,-12773616206343,0,434285999408,0,-9203105895,0,106275552,0,-478638,0,729,0,1 # block t=1455 q=12T80 r=4 k=2
25800884539,0,-326474943505,0,-7582831238258,0,5685944002135,0,-59163652060883,0,10052417886152,0,-20319293893957,0,-391649650472,0,-7224173067,0,-12922098,0,829305,0,6119,0,1 # block t=1455 q=12T80 r=4 k=2
192706148116842239511,0,-179263958180613472413,0,25669767928398068619,0,-1785601117353246300,0,76110933355675303,0,-2187412116155702,0,44358585020994,0,-646750853807,0,6774758862,0,-49945412,0,246740,0,-735,0,1 # block t=1455 q=12T80 r=4 k=2
7626736639111451,0,-9041860818219824,0,4680091867128614,0,-1677607969514250,0,214300847643665,0,-155170085791604,0,-28821978966034,0,-2107483979616,0,-230749663475,0,-125593710980,0,-32578521,0,-203436,0,1 # block t=1455 q=12T80 r=4 k=2
31773911499786213,0,563057075010555711,0,2219491031197805145,0,4077299251505230182,0,4212110998501365453,0,2500765473968141880,0,724729223243364360,0,47811793227057789,0,1013035232864916,0,-744499191516,0,253822126,0,-36283,0,1 # block t=1455 q=12T80 r=4 k=2
4090196493843739928001,0,10863102798083103884991,0,-1454786052870343817997,0,84109632128921409714,0,-2774004256996913646,0,56521626809365692,0,-699597005406365,0,4390138750410,0,794801496,0,-172595825,0,504675,0,1734,0,1 # block t=1455 q=12T80 r=4 k=2
1,0,29,0,-492,0,21968,0,-36465,0,-160264,0,251223,0,160264,0,-36465,0,-21968,0,-492,0,-29,0,1 # block t=1455 q=12T80 r=4 k=2
1,0,-8841,0,-3083697,0,199717862,0,-3587898428,0,9924499024,0,-11487544831,0,1095535848,0,-73136577,0,83311,0,89839,0,-2121,0,1 # block t=1455 q=12T80 r=4 k=2
114393251618699,0,-178277960118579,0,100602034518006,0,-23359550569967,0,1291705678537,0,226836755104,0,-18497067076,0,-1062494642,0,16608558,0,-806745,0,-314,0,-1181,0,1 # block t=1455 q=12T80 r=4 k=2
394605957357,0,2018016798984,0,4567868950941,0,6929187870573,0,7300798395473,0,4582928119981,0,1582597320472,0,277713387926,0,19524278689,0,35318551,0,-117133,0,-1112,0,1 # block t=1455 q=12T80 r=4 k=2
4162390150284441,0,8026041192224913,0,2406006357288912,0,-494695297004157,0,58445722329849,0,157589922705696,0,22178608771630,0,-982387834950,0,21867206841,0,-284676565,0,465990,0,1818,0,1 # block t=1455 q=12T80 r=4 k=2
45309111956716519424,0,86268545594797064192,0,32414094567951695872,0,-7566670333847928832,0,395070075203305472,0,-12066017698295808,0,353816822720512,0,-3445333916160,0,98997189024,0,353446976,0,957568,0,1128,0,1 # block t=1455 q=12T80 r=4 k=2
1,0,-6,0,2,0,45,0,-141,0,228,0,-229,0,144,0,-39,0,-19,0,21,0,-7,0,1 # block t=1455 q=12T80 r=4 k=2
320278751791,0,-1537963001126,0,2956774081924,0,-3097386833650,0,2133595475355,0,-1059609415676,0,355628437696,0,-80534680164,0,11565781685,0,-997774270,0,-9195716,0,-19914,0,1 # block t=1455 q=12T80 r=4 k=2
39183871664696885619,0,-116624411774824358814,0,144927286263588196005,0,-96378189939362218545,0,36303461365365898002,0,-7431863435248878744,0,687833090646964993,0,-14547546437791792,0,729197632406506,0,-648961449395,0,238990162,0,-35011,0,1 # block t=1457 q=12T80 r=12 k=2
4800718649,0,-9946783143,0,9075651152,0,-4879283647,0,1734991347,0,-432208293,0,77647383,0,-10165308,0,964530,0,-64790,0,2928,0,-80,0,1 # block t=1457 q=12T80 r=12 k=2
1983842308422263,0,-6227261003754747,0,8265366415455056,0,-5958106351567294,0,2504712922240302,0,-615046274113482,0,83890284566574,0,-5689696041189,0,154611500754,0,-435055718,0,1224738,0,-2729,0,1 # block t=1457 q=12T80 r=12 k=2
4452457788514969209,0,-18678005032360802715,0,27713902088261324259,0,-17022667007377654962,0,3966077563933280439,0,-405746279720492742,0,30251343336151549,0,-632260036628445,0,5455201843941,0,-20411351720,0,26974737,0,-9672,0,1 # block t=1457 q=12T80 r=12 k=2
42292361023488,0,-134490882115584,0,174582050383872,0,-117683124280320,0,42876082297856,0,-7828301223296,0,618214747840,0,-76411315360,0,17638219840,0,27532216,0,-54340,0,-1142,0,1 # block t=1457 q=12T80 r=12 k=2
8808456319499833306624,0,67561905085992961811072,0,15613523286190426338144,0,1249323191709918566488,0,34255138119853978804,0,-383514570241579186,0,-31262759235302255,0,-221533495518533,0,3630886076710,0,-10855668653,0,12480626,0,-5971,0,1 # block t=1457 q=12T82 r=12 k=2
16659081027,0,-46705692285,0,53341264611,0,-33168472839,0,12507785424,0,-2995949430,0,463428216,0,-46389429,0,3021705,0,-134649,0,4707,0,-108,0,1 # block t=1457 q=12T80 r=12 k=2
12334080935617911,0,-12538772366851134,0,1054999249787745,0,2176833786865956,0,-403711830265032,0,-154756632339144,0,41583070808875,0,-1661129873490,0,84821271027,0,-1290621823,0,4353981,0,-3882,0,1 # block t=1457 q=12T80 r=12 k=2
167138208351,0,-852884390844,0,1690354987938,0,-1506562312806,0,655666005159,0,-158051006208,0,22315380445,0,-1848770790,0,90134556,0,-2553545,0,40245,0,-321,0,1 # block t=1457 q=12T80 r=12 k=2
12186005371479,0,-29424705713775,0,29687545803555,0,-16332476579325,0,5332390512354,0,-1047910817142,0,119132674803,0,-6959476260,0,139032531,0,2911518,0,-17532,0,-264,0,1 # block t=1457 q=12T80 r=12 k=2
70780284587624251,0,-215291876931664132,0,274481580070198799,0,-187188369142755471,0,72539852497026904,0,-15752029768068920,0,1826808219294733,0,-127779244340414,0,8830458577420,0,-23745599850,0,26024270,0,-11452,0,1 # block t=1457 q=12T80 r=12 k=2
999837036642537472,0,4758354616014567936,0,2215890215417047776,0,364951656360553693,0,21887183970056880,0,8295326648280,0,-34714804979829,0,-238889170728,0,18855907992,0,-194940497,0,810360,0,-1488,0,1 # block t=1457 q=12T82 r=12 k=2
5977449,0,-13808826,0,98598303,0,-182724597,0,138011361,0,-55225965,0,12569406,0,-1468014,0,39168,0,5805,0,-2,0,-38,0,1 # block t=1457 q=12T80 r=12 k=2
14078263054405315761,0,-25711625565607367799,0,18071808973633793781,0,-6352658598104399916,0,1210066231106185227,0,-130536171185055846,0,8553419024450821,0,-270813489157368,0,-2149415572341,0,19902277,0,27883143,0,-10980,0,1 # block t=1457 q=12T80 r=12 k=2
32405333555080446453,0,-102714694369101818694,0,140745737860564884957,0,-106718915047359252576,0,46987830772600646518,0,-11283866678266984217,0,1142029712787156454,0,-4752685332237395,0,2312536133066308,0,-1859855386307,0,513071209,0,-52118,0,1 # block t=1457 q=12T80 r=12 k=2
82818776644173657533,0,-257217060984663002553,0,334196156031267644987,0,-233493153945310777067,0,93423801649451945754,0,-20859668441590134541,0,2276335440297586893,0,-81710347726232058,0,1087805717594095,0,-993718274044,0,333732810,0,-42743,0,1 # block t=1458 q=12T80 r=12 k=2
30675035490554249,0,83920267138249132,0,48489105302344338,0,10630171046999348,0,849695970055519,0,-5675591044808,0,-3109659213796,0,-21755770008,0,3553138103,0,-56565668,0,356530,0,-988,0,1 # block t=1458 q=12T82 r=12 k=2
77627782754001,0,-449185833811692,0,1092778796978082,0,-1440004594854348,0,1100395629011727,0,-481687898393880,0,110396556420828,0,-10683628171704,0,363680304255,0,-491670396,0,1440546,0,-3324,0,1 # block t=1458 q=12T80 r=12 k=2
812223179284972023,0,-2849838610691225925,0,4127900627121776874,0,-3172958580708455646,0,1374430495392120954,0,-322295852450305347,0,33531326303829361,0,-557033118790927,0,20963590211134,0,-50474211383,0,46289587,0,-15715,0,1 # block t=1458 q=12T80 r=12 k=2
216651907451177184789261,0,-395133940510212326413005,0,279371760193434479476005,0,-95227815417696407570154,0,15734773923113131436217,0,-1132840350035843526786,0,36279488748278276431,0,52670600198026536,0,-290279545706277,0,-1159078651555,0,623571561,0,-49326,0,1 # block t=1458 q=12T80 r=12 k=2
24984812794731817561,0,-65009912987765227604,0,70377986537072073295,0,-40699391831363877582,0,13356777685391664500,0,-2409475710383370367,0,205474704628266100,0,-5162789040367909,0,91886530423172,0,-152995500432,0,92220733,0,-21071,0,1 # block t=1458 q=12T80 r=12 k=2
1587715751679161080159,0,-5333838550249348606134,0,6649330038124356894396,0,-3733042242352107894682,0,921046424278785193467,0,-94653484620517017756,0,3449847014578756464,0,8259238190985228,0,-32768122296987,0,-370205734990,0,272855316,0,-32466,0,1 # block t=1458 q=12T80 r=12 k=2
61590921155403,0,-302969237208090,0,623334443879004,0,-690311442040785,0,439504092179892,0,-158420337341334,0,29674417879372,0,-2489856313957,0,87633085219,0,-622203605,0,1913137,0,-3100,0,1 # block t=1458 q=12T80 r=12 k=2
9175321913753858859,0,-16669503084027018393,0,11395131601032940065,0,-3673086047689459533,0,518052525170594292,0,-4991793053255175,0,-5143649211739278,0,107568830129445,0,31508813257273,0,-43422603055,0,33648297,0,-13111,0,1 # block t=1458 q=12T80 r=12 k=2
2356129010567503467,0,-14064936541565380884,0,35028189124122328425,0,-46677872988910823715,0,35308522517692470985,0,-14650018422140223600,0,2847114534821945131,0,-152513191385072986,0,5389264302881391,0,-3308244325474,0,740803123,0,-62265,0,1 # block t=1458 q=12T80 r=12 k=2
23349,0,-127635,0,318654,0,-479991,0,484845,0,-345087,0,176999,0,-65776,0,17550,0,-3276,0,406,0,-30,0,1 # block t=1458 q=12T80 r=12 k=2
56848553321672545572151,0,69341165695109998083072,0,4283516112273108983046,0,-1861848574591962360200,0,-247867268418335584701,0,-5286047611535923824,0,625492244952791628,0,36931978514216736,0,558497917531125,0,-792763082960,0,318197694,0,-32856,0,1 # block t=1458 q=12T82 r=12 k=2
1910276101030174641,0,-5558202052891814367,0,6902720875777313052,0,-4697752410784401366,0,1864333847147078542,0,-421747295664137091,0,48539371848206782,0,-2118235288515352,0,32114094828975,0,-63298437856,0,47910640,0,-16032,0,1 # block t=1458 q=12T80 r=12 k=2
171580530794401,0,-633001572944691,0,918232980388284,0,-696080290132755,0,337670844679155,0,-126309810175236,0,29788703427706,0,-1933749448194,0,53044716615,0,-640902465,0,2646924,0,-3024,0,1 # block t=1458 q=12T80 r=12 k=2
289530992,0,0,0,-21449398512,0,0,0,397342885812,0,0,0,-18449817536,0,0,0,203593776,0,0,0,-47460,0,0,0,1 # block t=1458 q=12T82 r=12 k=2
853284661510226357539,0,-1504810820229560590900,0,1018925875232297296474,0,-353312640390492806511,0,67983386432858748239,0,-7154940400492131260,0,371762105364989809,0,-8648645005426361,0,252905798717909,0,-319783126854,0,144510892,0,-27694,0,1 # block t=1459 q=12T80 r=12 k=2
243734688914432,0,0,0,-1145326688111616,0,0,0,1355971711032000,0,0,0,-24925817672608,0,0,0,106258100487,0,0,0,-1846374,0,0,0,1 # block t=1459 q=12T82 r=12 k=2
6730664333,0,-19750554933,0,24968439926,0,-17758836214,0,7776441771,0,-2156679518,0,376669602,0,-40339440,0,2597452,0,-109304,0,3933,0,-100,0,1 # block t=1459 q=12T80 r=12 k=2
58618647138263365376,0,140775800613931680768,0,99928916267417936640,0,29582497746900067584,0,3443266810325595360,0,-34588394556156864,0,-33202006267604304,0,-899042867275632,0,84683998177287,0,-211924204352,0,130870218,0,-21984,0,1 # block t=1459 q=12T82 r=12 k=2
264916824802057,0,-1086940800347286,0,1826867955150282,0,-1610543121509191,0,781611926978601,0,-190471723444611,0,12308985101382,0,2156966861841,0,109454137065,0,191603579,0,-250908,0,-1785,0,1 # block t=1459 q=12T80 r=12 k=2
6540696433345616036875,0,-7396252219274996529375,0,919800813797345704125,0,-51081600699455401625,0,1651679322685639650,0,-34724422478730600,0,500915816769300,0,-5078685477150,0,36293556555,0,-179536865,0,586470,0,-1140,0,1 # block t=1459 q=12T80 r=12 k=2
15916881966813,0,-48449712103686,0,61164914834565,0,-41754401139555,0,16885246779825,0,-4187964680169,0,647427021900,0,-63250730958,0,3297455919,0,22588197,0,-96005,0,-598,0,1 # block t=1459 q=12T80 r=12 k=2
822787633850193920000,0,0,0,-2299713801653344051200,0,0,0,1615480054051712569344,0,0,0,-11933143611391241216,0,0,0,16813575392529840,0,0,0,-1658847672,0,0,0,1 # block t=1459 q=12T82 r=12 k=2
152678179,0,-416404821,0,505679880,0,-368627845,0,181484991,0,-63496449,0,16042191,0,-2917872,0,376254,0,-33412,0,1938,0,-66,0,1 # block t=1459 q=12T80 r=12 k=2
1021275944976008620823,0,6786489170603512113768,0,-9365009060835116037822,0,-2507382685380107767824,0,-138964422324184188717,0,9033693027195835872,0,1223349762264915284,0,44840083724106768,0,533658772611429,0,-780909582600,0,316055322,0,-32832,0,1 # block t=1459 q=12T82 r=12 k=2
715088367944984601,0,-2504246300082071307,0,3587732959211326935,0,-2682201484644452019,0,1093530726376282458,0,-223451680706652222,0,14764731616084743,0,743887543537869,0,52069933559202,0,-102795169680,0,70328230,0,-18218,0,1 # block t=1459 q=12T80 r=12 k=2
3970750753279699,0,-11384703488540721,0,15161331342314997,0,-8890788094319856,0,1933016295791937,0,-178179508973118,0,11452220988931,0,-91645001844,0,-2374439067,0,-57994287,0,817782,0,-1743,0,1 # block t=1459 q=12T80 r=12 k=2
413826729408,0,0,0,-1271467632384,0,0,0,996474077424,0,0,0,-30588035184,0,0,0,231751287,0,0,0,-49626,0,0,0,1 # block t=1459 q=12T82 r=12 k=2
52586853261111545697,0,-156623427533599600842,0,189974326058980587855,0,-120654996220767237225,0,42776448876030620584,0,-8232021962348140761,0,736308010559799121,0,-18964966606335973,0,698525144979378,0,-640001870962,0,236006260,0,-34512,0,1 # block t=1459 q=12T80 r=12 k=2
29927239361767413,0,-150940394475430725,0,319068211324417108,0,-366243344889690274,0,247497910494864759,0,-99700370409581538,0,23053915679968446,0,-2772099830215476,0,139046846957442,0,-184190553360,0,104813307,0,-23482,0,1 # block t=1459 q=12T80 r=12 k=2
7026330104709777,0,-16346423247086205,0,15503187360941073,0,-7410014746673031,0,1680948554089932,0,-88788143331504,0,-15321400575585,0,-1032519164004,0,-28609608537,0,-80519016,0,25340997,0,8589,0,1 # block t=1461 q=12T84 r=8 k=2
1759797040024,0,-2635652565904,0,1575338156464,0,-634061005016,0,154548193414,0,-19672915000,0,1166974100,0,53354420,0,-8192228,0,-162728,0,4570,0,-268,0,1 # block t=1461 q=12T84 r=8 k=2
789568,0,-2051712,0,2177760,0,-1206560,0,355572,0,-37824,0,-11296,0,6360,0,-1596,0,152,0,36,0,-12,0,1 # block t=1461 q=12T212 r=8 k=2
932937420366182464,0,-1297789972760781120,0,641240952027171552,0,-165348628301595112,0,24262410520858245,0,-1920105727696608,0,71779009898064,0,-1945865113248,0,159209268330,0,-1653765880,0,-1727064,0,912,0,1 # block t=1461 q=12T212 r=8 k=2
2503808777380096,0,-7811945181014016,0,8504460913280256,0,-3656918695206656,0,536034052865376,0,-82541688849216,0,7389893036592,0,-294541994448,0,6558498369,0,-71613668,0,395574,0,-1044,0,1 # block t=1461 q=12T212 r=8 k=2
100493038044513,0,-208400081609052,0,166992679108890,0,-81248229109143,0,27838481963796,0,-2988922065615,0,-273114533781,0,262872783,0,148064193,0,21206142,0,1098459,0,-2061,0,1 # block t=1461 q=12T84 r=8 k=2
152811608326413511023937,0,-107696658410182254240504,0,10729553293097608067982,0,-503401629897711419768,0,14076810077267190783,0,-258157327599365520,0,3234393045338916,0,-27806999852304,0,158762550591,0,-554363768,0,1014990,0,-888,0,1 # block t=1461 q=12T84 r=8 k=2
1521686491058811904,0,-2839488385906458624,0,2169242866200594432,0,-884251374079440896,0,203972452316964480,0,-25091043004700928,0,1384268246361792,0,-52962639620160,0,7357361244660,0,-76981600496,0,28847268,0,-5460,0,1 # block t=1461 q=12T212 r=8 k=2
8844662235341185465,0,-10283015381651194704,0,2326464445677034107,0,-253497427837851925,0,16441135564962636,0,-690711558293646,0,19432414282842,0,-366664626621,0,4512362400,0,-33934585,0,139866,0,-327,0,1 # block t=1461 q=12T84 r=8 k=2
155314817758248592,0,-752262232062960288,0,1462168943842122456,0,-1446331600958299240,0,761364030735186489,0,-203317757409531744,0,23676008515956132,0,-619358808890592,0,7166422053342,0,-17555498656,0,65985372,0,-176280,0,1 # block t=1461 q=12T84 r=8 k=2
18236226462928,0,-36131828426592,0,26101460216448,0,-9662476029520,0,1964115557028,0,-247595391360,0,24603719352,0,-2210147280,0,137498148,0,-3946600,0,24180,0,-252,0,1 # block t=1461 q=12T84 r=8 k=2
9493781253375177,0,-8878046195142684,0,2177455999285512,0,-258602024405376,0,17024009417793,0,-576701505036,0,2490127716,0,572809152,0,-20251047,0,155832,0,5760,0,-144,0,1 # block t=1461 q=12T212 r=8 k=2
9271790757881411629,0,-7560453211023016584,0,1719092341209977190,0,-197801632454759072,0,13746150410142663,0,-619659621644688,0,18536822753796,0,-362912338368,0,4368083499,0,-26943656,0,28278,0,288,0,1 # block t=1461 q=12T84 r=8 k=2
8217,0,50148,0,165258,0,-305340,0,133087,0,-140536,0,188972,0,-113560,0,36199,0,-6764,0,746,0,-44,0,1 # block t=1461 q=12T84 r=8 k=2
498264117231616,0,-870072152064000,0,610011741818880,0,-232785738440704,0,54229839757824,0,-8094068078592,0,782606454528,0,-47983570944,0,1745488704,0,-32033152,0,190008,0,-720,0,1 # block t=1461 q=12T84 r=8 k=2
266764177463255318185091,0,355198470563716606038270,0,57592261555614802399888,0,-11326633226843305986326,0,-3822218728503405528957,0,-362216500070726381044,0,-12386470883194236040,0,-58124354761160716,0,40053947678393,0,165333085526,0,-125505992,0,4290,0,1 # block t=1471 q=12T125 r=8 k=2
1285184127001254419,0,4919899442183146685,0,7716101037808637165,0,6350353277425613979,0,2879589129003065998,0,665311416454896251,0,49483565500816102,0,-5122167909724711,0,-398358357833463,0,21529780468909,0,-4047886933,0,-86513,0,1 # block t=1471 q=12T125 r=8 k=2
506349191658197534354,0,10764360178072248415228,0,4569004991277140741842,0,641691489951333870576,0,26414589117981630488,0,-949876342036608464,0,-77122854710344621,0,-661890832992030,0,7979644275057,0,-18025471708,0,5467681,0,6622,0,1 # block t=1471 q=12T86 r=8 k=2
79109997976519,0,-101886219902322,0,-1674920300417008,0,-2081498461381497,0,688386071458655,0,2471082165408224,0,1540258724773665,0,398879566466384,0,42773189698597,0,1257489438411,0,-631737289,0,-13649,0,1 # block t=1471 q=12T125 r=8 k=2
3087436159510594,0,6685126362610728,0,1036890834041032,0,-1639058383138192,0,-154659954347996,0,103888897649516,0,-9373605155652,0,95654890368,0,9188019022,0,115352124,0,581150,0,1280,0,1 # block t=1471 q=12T86 r=8 k=2
115145133525592845541,0,105219266270679036913,0,-16042815819712847657,0,424541272044129788,0,17037095687158497,0,-441746306509301,0,-12665318669782,0,70696277803,0,4696913941,0,57177140,0,324611,0,905,0,1 # block t=1471 q=12T86 r=8 k=2
134500158475,0,116716661350,0,-133994087280,0,-24395667670,0,37008873811,0,-5122974308,0,-981621320,0,91361972,0,18541089,0,1006878,0,24120,0,258,0,1 # block t=1471 q=12T125 r=8 k=2
38242860078175,0,352941321465340,0,645110192307918,0,297871241030536,0,-138376064441720,0,-126843436111190,0,-20421791510041,0,307756326640,0,38286573176,0,-60989130,0,-6098869,0,12,0,1 # block t=1471 q=12T86 r=8 k=2
1193809021203076,0,42965786009609384,0,-36620829189168756,0,8335925756572212,0,342230643793552,0,-235595784233688,0,-506632697031,0,1837444193038,0,47247845895,0,420432712,0,1523571,0,2134,0,1 # block t=1471 q=12T86 r=8 k=2
437017635079076970496,0,5984924171697008410624,0,-624531851206636126208,0,12500275519892447232,0,518632646780781568,0,-14771086768964608,0,-162597088923968,0,2782817410656,0,51915854512,0,332317856,0,1045836,0,1628,0,1 # block t=1471 q=12T86 r=8 k=2
5290125967891,0,-21447917834544,0,-225075197834972,0,719413799141257,0,1150020266081286,0,637162450879288,0,175699363585563,0,25868358713698,0,1931341039272,0,56398489522,0,-64664286,0,-8877,0,1 # block t=1471 q=12T125 r=8 k=2
29380459675943396572649,0,27775141845195387644886,0,-6917984902119153708490,0,-161662569418990918757,0,141803968147500574683,0,-11000680289387716435,0,184554314051649819,0,4167018635568930,0,21472415232787,0,44225182874,0,37796725,0,11107,0,1 # block t=1471 q=12T125 r=8 k=2
1617720583232,0,38198153200512,0,58302828477456,0,36518795022208,0,11602580442048,0,1895964921272,0,131901095497,0,-777176198,0,-430964321,0,-6309532,0,283687,0,-1462,0,1 # block t=1471 q=12T86 r=8 k=2
21097,0,554276,0,102058,0,-1113852,0,-125633,0,397064,0,143404,0,-2456,0,-7881,0,-940,0,74,0,20,0,1 # block t=1471 q=12T86 r=8 k=2
176978039407034618608704,0,255304965552608426973120,0,-31554579370479342700112,0,-805323931896917714752,0,214507638661072844364,0,-5604069534231016596,0,-132708191112588187,0,3276530435705034,0,62152695578955,0,208456094288,0,127215523,0,23802,0,1 # block t=1471 q=12T86 r=8 k=2
287187708800479,0,-3065040835281288,0,-13269728379168240,0,-13916399817355944,0,-4192671224711272,0,304969269288533,0,247981729954275,0,2704826973571,0,-3648003023260,0,155131954133,0,235159467,0,35006,0,1 # block t=1473 q=12T125 r=8 k=2
12762103169425365089204,0,53135661767482715262972,0,80287831334992577947752,0,51797692912933430016626,0,11130303129319887574497,0,-844814779499142089076,0,-96330117484262194148,0,447902944774348032,0,16639266939176706,0,-609264227864,0,-522402972,0,4254,0,1 # block t=1473 q=12T248 r=8 k=2
65586675294017837249,0,735130226300698276804,0,2607689616250420121137,0,4003622572274649666255,0,2881092845402533581867,0,956216096148380127404,0,118813369417983823743,0,668467607514733392,0,-84621853501478452,0,698662313384626,0,-30043735665,0,-374400,0,1 # block t=1473 q=12T125 r=8 k=2
25457398531612849,0,73053744468382038,0,60111421811655204,0,10504197707071486,0,-301296692489211,0,-166635019797426,0,-10019021492829,0,-118527312600,0,2762964711,0,8458924,0,-120525,0,-222,0,1 # block t=1473 q=12T248 r=8 k=2
3622467709199044000000,0,1902529418039368800000,0,-1590390283864418340000,0,304922176884191807600,0,-22135152765656244231,0,351686444617068336,0,4057653741588582,0,-4987099148904,0,53873927883,0,92091416,0,-723606,0,-408,0,1 # block t=1473 q=12T248 r=8 k=2
1300857480583061584,0,2440517785751919744,0,-1444508984993643840,0,-394556324135521648,0,272877099475015800,0,-40229041778622432,0,2963724045686106,0,-17540882735634,0,787049996139,0,576091703,0,-2455866,0,-4488,0,1 # block t=1473 q=12T248 r=8 k=2
13469124720970469,0,100999980611244410,0,240513318631932362,0,277050453688945649,0,174649595188641531,0,60819054213880907,0,10460002321993005,0,485129387569710,0,-47887465616509,0,706717988657,0,-65585245,0,-41988,0,1 # block t=1473 q=12T125 r=8 k=2
162117040178747677879,0,204701372659269955811,0,-3056769574105304608,0,-59545770810060015811,0,-22738788359139219446,0,-3419950570300491666,0,-199878218661913395,0,-1806187070248662,0,2596018649177,0,20509782722,0,-31364684,0,2151,0,1 # block t=1473 q=12T125 r=8 k=2
34831,0,333708,0,575706,0,-41530,0,-401670,0,-54900,0,71637,0,17433,0,-2745,0,-1030,0,-15,0,15,0,1 # block t=1473 q=12T125 r=8 k=2
18938331136,0,101002444800,0,175464333312,0,144786800384,0,63515825808,0,14629305168,0,1420892524,0,-25685352,0,-10418133,0,22220,0,17187,0,-264,0,1 # block t=1473 q=12T248 r=8 k=2
80805812198325000016,0,60245992748307880048,0,-437865146041912530596,0,330488713697768467580,0,-30331925352956641967,0,-3351116594488017944,0,386974205976392420,0,2603950042829488,0,79054138228678,0,-6106903288,0,-6931496,0,-19724,0,1 # block t=1473 q=12T248 r=8 k=2
15367587721,0,-30203422362,0,-624784450916,0,-1765818101131,0,-2017026572719,0,-980631620791,0,-118933827677,0,30472451187,0,582375677,0,-190487360,0,4505808,0,4873,0,1 # block t=1473 q=12T125 r=8 k=2
201658292570642176,0,35169248204322816,0,-287311565113434816,0,174263564054774848,0,-32437566576375840,0,-871951590097344,0,499851131415972,0,21391333856460,0,282372270381,0,1406881012,0,3051822,0,2928,0,1 # block t=1473 q=12T248 r=8 k=2
1025436495092566118400,0,10938946611065857228800,0,2648949688220488272000,0,-44891457632450271360,0,-36608358347582154831,0,-714176280610994088,0,6126580799580906,0,-9358436600568,0,112339409571,0,4277880,0,-965250,0,288,0,1 # block t=1473 q=12T248 r=8 k=2
67012151,0,-172259127,0,-4532975470,0,8574256403,0,44064992637,0,-52644346307,0,-118881579216,0,86615967571,0,66981241898,0,3932017452,0,13215709,0,7169,0,1 # block t=1473 q=12T125 r=8 k=2
3198957067229697039428,0,2872569236842283877318,0,241331276526850168350,0,7245477713294637748,0,54387716428080765,0,-1545426508008240,0,-34488396681660,0,-160628934636,0,2036301210,0,32521898,0,208974,0,672,0,1 # block t=1479 q=12T127 r=0 k=2
12851633227636992724,0,46667921836326486060,0,65874662539961996958,0,45241873052536890575,0,15344693513192538165,0,2213285121597400950,0,52523296353932340,0,292325245172325,0,927451967835,0,1798922750,0,3100908,0,2895,0,1 # block t=1479 q=12T127 r=0 k=2
238012163502430231361,0,651817440113898005748,0,627724107841052337026,0,249943286849398504612,0,38218439690144491631,0,2230832777843350760,0,46892891757458460,0,455974783533544,0,2240917788719,0,5663778340,0,7296130,0,4468,0,1 # block t=1479 q=12T100 r=0 k=2
148877312,0,245682176,0,151359488,0,46006272,0,9123840,0,2193664,0,579456,0,98752,0,12224,0,1984,0,316,0,28,0,1 # block t=1479 q=12T100 r=0 k=2
73663523834553617,0,91973116217222220,0,42057293036897850,0,10101831799974562,0,1451523009258017,0,131419381880804,0,7574416288799,0,272068538854,0,5798844784,0,69062346,0,425713,0,-678,0,1 # block t=1479 q=12T100 r=0 k=2
8947645470589292,0,16977555453578406,0,12137821053632880,0,4032210723590090,0,626137960176369,0,43404599898162,0,1322562304674,0,12578513526,0,-58092543,0,-147242,0,30810,0,318,0,1 # block t=1479 q=12T127 r=0 k=2
1890346702517991,0,5069892181894596,0,5353728125584696,0,2643368448332717,0,474573624880127,0,-59361410133044,0,-20775639834251,0,1601440580598,0,62275396453,0,1687668611,0,8621555,0,13501,0,1 # block t=1479 q=12T127 r=0 k=2
434679614385773550031329,0,839294318134703789017200,0,529124584622397834366462,0,114902758438221558708156,0,2552293655642853154335,0,26106959744410425024,0,158471964356561156,0,242224770721464,0,4710929684223,0,48570504176,0,276449406,0,-9108,0,1 # block t=1479 q=12T127 r=0 k=2
16022888793893053268,0,21745503415072008404,0,4076969130336217360,0,-1737749197250703980,0,265814345496516208,0,-19725581730720516,0,813149915894015,0,-12251226110389,0,67259274516,0,-124046505,0,152036,0,3507,0,1 # block t=1479 q=12T127 r=0 k=2
43613111797,0,225326387586,0,468258731803,0,483162021074,0,232101860817,0,17119954594,0,-22794984280,0,-3198076800,0,1214945854,0,-16494940,0,125049,0,-474,0,1 # block t=1479 q=12T100 r=0 k=2
47680296494823007,0,121984978871271288,0,118749569385072240,0,53289202535971574,0,8476224172730946,0,-1048923118998612,0,-276871480327209,0,33394289984820,0,56597261922,0,409278392,0,6954630,0,-2808,0,1 # block t=1479 q=12T100 r=0 k=2
34152152,0,-119091975,0,54756483,0,132128545,0,28814643,0,11373345,0,1810227,0,317835,0,40653,0,3695,0,345,0,15,0,1 # block t=1479 q=12T127 r=0 k=2
1023515361517,0,1851938517925,0,1213429085433,0,434250523691,0,98890949289,0,15415916590,0,1706169191,0,136017964,0,7786971,0,313181,0,8418,0,136,0,1 # block t=1479 q=12T127 r=0 k=2
76874114513956,0,112670953996344,0,52146152307228,0,6432776056040,0,-165754782048,0,294478436364,0,61648342872,0,4491861540,0,198094164,0,7764428,0,198468,0,246,0,1 # block t=1479 q=12T127 r=0 k=2
1386029454754693,0,5505144351761376,0,8947849405975431,0,7639839825728054,0,3633178123740564,0,922464537015042,0,101905012043331,0,1418798584224,0,-2977391718,0,-83896774,0,141417,0,1866,0,1 # block t=1479 q=12T127 r=0 k=2
249278121639936,0,-747834364919808,0,1034795941429248,0,-873202767298560,0,489985911005184,0,-184303796944896,0,44569969481728,0,-6270826841088,0,395444906304,0,-586372160,0,29318784,0,-24,0,1 # block t=1565 q=12T7 r=0 k=2
14213426773,0,57498347956,0,88177871670,0,62053209660,0,18900155543,0,2180728712,0,487179812,0,52902776,0,6536563,0,-25340,0,-2490,0,12,0,1 # block t=1565 q=12T7 r=0 k=2
304302290763513069,0,349792213994081163,0,99634083766905531,0,14174815131782749,0,1228347523157801,0,70806837250110,0,2836031270023,0,80325973899,0,1600918287,0,21731482,0,185965,0,837,0,1 # block t=1565 q=12T7 r=0 k=2
148052160545427,0,-350686416988017,0,335570350849524,0,-166421070689538,0,46157097799575,0,-7455551234073,0,748871369467,0,-45621059295,0,1536483771,0,-19188398,0,120864,0,-471,0,1 # block t=1565 q=12T7 r=0 k=2
6728,0,-40368,0,615784,0,-2708880,0,5850564,0,-7593024,0,6412052,0,-3593820,0,1303796,0,-280684,0,28090,0,-238,0,1 # block t=1565 q=12T7 r=0 k=2
83479975792237,0,333976768942908,0,501086016262902,0,334226281784296,0,83718702905166,0,99126985932,0,18060089298,0,658872288,0,81942282,0,-138830,0,-13839,0,12,0,1 # block t=1565 q=12T7 r=0 k=2
759913517056,0,-234758055936,0,23852315648,0,20150387200,0,-1577659904,0,-694172416,0,-50289728,0,6078912,0,1769568,0,86736,0,-224,0,-66,0,1 # block t=1565 q=12T7 r=0 k=2
103336035272,0,-620016211632,0,2340765738600,0,-6020346753040,0,9745280291640,0,-9679218976272,0,5789418607508,0,-1956267440388,0,301613723610,0,-4599510120,0,34486518,0,8304,0,1 # block t=1565 q=12T7 r=0 k=2
641017,0,804696,0,1068582,0,672296,0,310725,0,137664,0,56112,0,20592,0,6543,0,1580,0,255,0,24,0,1 # block t=1565 q=12T7 r=0 k=2
936789443958231,0,4560667642667862,0,8439975157616460,0,7233420704413362,0,2726989526806443,0,331893696503388,0,23125482576592,0,918059046756,0,20630689533,0,139463854,0,452964,0,906,0,1 # block t=1565 q=12T7 r=0 k=2
69824891434660240266944,0,54662991254562391606400,0,8519256010625978422116,0,444162921640756184016,0,12212620745726855194,0,208679275080115492,0,2388149863532173,0,18937058424444,0,104899505301,0,399888188,0,1002671,0,1492,0,1 # block t=1565 q=12T6 r=0 k=2
633110528,0,-1899331584,0,2584502272,0,-2108620800,0,1145594880,0,-434049024,0,116433152,0,-21922176,0,2797376,0,-224096,0,9544,0,-140,0,1 # block t=1565 q=12T7 r=0 k=2
233472,0,-737280,0,1142784,0,-1130496,0,794112,0,-417024,0,167872,0,-52224,0,12480,0,-2240,0,288,0,-24,0,1 # block t=1565 q=12T7 r=0 k=2
99748325731823539,0,32658150267200190,0,3584031051889904,0,84270356223754,0,35758793525859,0,10379331099340,0,1108657442488,0,57882510196,0,1521415465,0,19703510,0,251160,0,290,0,1 # block t=1565 q=12T7 r=0 k=2
5190138864893952,0,15570416594681856,0,20798882458509312,0,16315001450127360,0,8266065663928320,0,2764290561509376,0,589282445549312,0,71691955450752,0,3600657342240,0,-31263608960,0,138677880,0,16656,0,1 # block t=1565 q=12T7 r=0 k=2
8,0,48,0,408,0,1600,0,3876,0,6432,0,7412,0,5916,0,3204,0,1116,0,226,0,22,0,1 # block t=1568 q=12T7 r=0 k=1
164304919185442435072,0,58704266580628379648,0,9284147905036821504,0,908321906771360256,0,46258286663832576,0,-678265793886464,0,-93608841191872,0,352076796736,0,81903725472,0,744788240,0,4004144,0,2534,0,1 # block t=1568 q=12T7 r=0 k=1
3630637760157721,0,8834353691468568,0,9492973569807798,0,6228789152050040,0,2901216418990479,0,991049321750256,0,230248101427188,0,31666900776048,0,1987097305239,0,1319335160,0,65966934,0,24,0,1 # block t=1568 q=12T7 r=0 k=1
27033687391351061,0,69538875355258918,0,79166565619964030,0,53111722880416711,0,22994641806933310,0,6378494852507867,0,1028713733584596,0,73690034623024,0,266239536393,0,578684369,0,1082982,0,943,0,1 # block t=1568 q=12T7 r=0 k=1
422883328,0,-942706688,0,865084416,0,-437882880,0,145107968,0,-36272896,0,6687296,0,-712192,0,23488,0,2800,0,36,0,-24,0,1 # block t=1568 q=12T7 r=0 k=1
49955871938384314321,0,52566298112304440612,0,11083986156704425698,0,1120037803626341636,0,66837912887456527,0,2566770495102216,0,66011347607772,0,1156201184232,0,13809055359,0,110204756,0,548578,0,1428,0,1 # block t=1568 q=12T7 r=0 k=1
2521,0,-10296,0,31134,0,-44326,0,32139,0,-11997,0,1683,0,63,0,234,0,-217,0,72,0,-12,0,1 # block t=1568 q=12T7 r=0 k=1
93497679086751,0,247100090592942,0,261804094338204,0,148530677771520,0,50234955643233,0,10542537249327,0,1370441925730,0,105789707841,0,4396607358,0,81384991,0,519657,0,1272,0,1 # block t=1568 q=12T6 r=0 k=1
2951299072,0,7955128320,0,9269635072,0,6160550912,0,2598230272,0,732780032,0,141868288,0,19029760,0,1758752,0,109440,0,4360,0,100,0,1 # block t=1568 q=12T6 r=0 k=1
8,0,48,0,232,0,720,0,1476,0,2112,0,2180,0,1644,0,900,0,348,0,90,0,14,0,1 # block t=1568 q=12T7 r=0 k=1
7242075743,0,2718514939,0,3192962129,0,254873269,0,477673112,0,-73227798,0,31926497,0,-4443718,0,981702,0,-52954,0,4320,0,-41,0,1 # block t=1568 q=12T7 r=0 k=1
3502144,0,-8678784,0,10546752,0,-7784320,0,4145184,0,-1647360,0,561120,0,-136224,0,25524,0,-2920,0,336,0,-12,0,1 # block t=1568 q=12T7 r=0 k=1
3219030068717583,0,3092974724390481,0,813906210490161,0,113431221125465,0,10519106538747,0,734670023904,0,41047328710,0,1846335469,0,64845464,0,1679453,0,29180,0,285,0,1 # block t=1568 q=12T7 r=0 k=1
198544825411474413824,0,308796838772658140160,0,177914725993797102784,0,47531830030985459392,0,5959508191739790016,0,324418950512649376,0,8695585171008652,0,120616468866172,0,843528578329,0,2735845492,0,4372578,0,3368,0,1 # block t=1568 q=12T6 r=0 k=1
14479990813,0,59028862468,0,91934379934,0,67037651196,0,22638246247,0,3676653288,0,737185268,0,53267256,0,6626523,0,-10540,0,-1010,0,12,0,1 # block t=1568 q=12T7 r=0 k=1
370117967041693604737,0,1722143307058302727053,0,3213761355385603462470,0,3020480986370413413438,0,1449039023317659078033,0,301837373557068222711,0,11709874252343036923,0,167498742154262319,0,947812080303231,0,2082847550310,0,1456392396,0,81117,0,1 # block t=1572 q=12T6 r=0 k=2
27916009472,0,83748028416,0,122059988992,0,113227407360,0,73225552896,0,34186764288,0,11575905536,0,2778441600,0,447124800,0,43143264,0,1893480,0,1948,0,1 # block t=1572 q=12T7 r=0 k=2
11721,0,-27900,0,47610,0,-53148,0,43647,0,-27576,0,13900,0,-5592,0,1815,0,-460,0,90,0,-12,0,1 # block t=1572 q=12T7 r=0 k=2
616576444941244731392,0,-186996989646333384704,0,23848673820945128448,0,-1428228099724843520,0,12582769180650496,0,2487975267680000,0,-42837374922432,0,-3432960747328,0,111625971552,0,-907198000,0,4116696,0,-2582,0,1 # block t=1572 q=12T7 r=0 k=2
103336035272,0,620016211632,0,2340765738600,0,6020346753040,0,9745280291640,0,9679218976272,0,5789418607508,0,1956267440388,0,301613723610,0,4599510120,0,34486518,0,-8304,0,1 # block t=1572 q=12T7 r=0 k=2
35461021575997399,0,68785678038843828,0,49238546509678074,0,18287015125347948,0,3941906227266904,0,504989357396020,0,36733795868569,0,1297145893912,0,13547104860,0,75209694,0,290268,0,778,0,1 # block t=1572 q=12T7 r=0 k=2
29636171461601452081,0,-61544315207371394580,0,47353375574041335474,0,-15668568752775971486,0,1678950102485769723,0,71889604772994081,0,3360920952606783,0,65407820028957,0,1426342067334,0,2730422605,0,3121320,0,1848,0,1 # block t=1572 q=12T7 r=0 k=2
585530936027893093,0,1424972243050112624,0,1292598369939767562,0,670519704352354360,0,318206068660315717,0,98688206227296924,0,5602610446816306,0,111375136367796,0,890634731462,0,2384362568,0,265468,0,-700,0,1 # block t=1572 q=12T7 r=0 k=2
424538953,0,1733039574,0,3030235299,0,2972992864,0,1802766339,0,702734886,0,178077390,0,29162367,0,3029373,0,193213,0,7125,0,135,0,1 # block t=1572 q=12T6 r=0 k=2
18120601143033490574656,0,33743617060646738577888,0,25143821674429665305872,0,9604672633061372209832,0,1995565288720006371252,0,217032787901083509018,0,10239469574387295903,0,83232429544492744,0,233367338575744,0,226168808286,0,92984549,0,16232,0,1 # block t=1572 q=12T6 r=0 k=2
12831608950992382227571,0,10576214515495202520921,0,1401189615435009602901,0,87305725158799490510,0,3207767567873666166,0,76126713032404935,0,1214051834752260,0,13147821601569,0,95481918027,0,447753947,0,1259094,0,1842,0,1 # block t=1572 q=12T6 r=0 k=2
358922341,0,-790500516,0,688156185,0,-312964664,0,90961119,0,-22477140,0,4953831,0,-761040,0,80901,0,-6260,0,489,0,-24,0,1 # block t=1572 q=12T7 r=0 k=2
5064884224,0,15194652672,0,52335738880,0,96018268160,0,98234896384,0,62888714240,0,26700240896,0,7615950848,0,1418962304,0,157161600,0,7858256,0,24,0,1 # block t=1572 q=12T7 r=0 k=2
10129091743,0,7673056954,0,3863099268,0,1401575022,0,432094491,0,91919268,0,18857952,0,2566844,0,333765,0,27714,0,1820,0,54,0,1 # block t=1572 q=12T7 r=0 k=2
5590928918220529,0,13601255545633392,0,13097187631925124,0,6704299524846118,0,2007662854310568,0,356770731528900,0,35542189066047,0,1640222610552,0,15516588492,0,71558026,0,253944,0,708,0,1 # block t=1572 q=12T7 r=0 k=2
1887833401,0,-9738825768,0,22363931386,0,-30161723000,0,26523953839,0,-15929173136,0,6629126252,0,-1890459248,0,353899799,0,-39291720,0,1964762,0,-24,0,1 # block t=1577 q=12T7 r=0 k=1
126308352,0,219156480,0,118232064,0,5031936,0,-13410048,0,-2436096,0,485632,0,125184,0,2640,0,-160,0,168,0,24,0,1 # block t=1577 q=12T7 r=0 k=1
6988327626517221376,0,-502244288599115776,0,199337894811424768,0,-19023257332187136,0,2958897159697920,0,-215760896834560,0,9283186277184,0,-455156379968,0,14614077760,0,-164823112,0,541916,0,1486,0,1 # block t=1577 q=12T7 r=0 k=1
123710722777,0,333462657516,0,388615563696,0,257193620600,0,106747558839,0,28894904244,0,5110107648,0,568891476,0,36326511,0,1100912,0,12504,0,-156,0,1 # block t=1577 q=12T7 r=0 k=1
1522279346125,0,-1911059320750,0,70406424644750,0,217943546802825,0,249933711924185,0,143296321393005,0,42071897784494,0,4381505016944,0,-70913931,0,-32016462,0,-4179,0,-196,0,1 # block t=1577 q=12T7 r=0 k=1
27265903821451,0,33435189813246,0,13922239206891,0,3274303808363,0,530415831042,0,64443426057,0,5954945100,0,408974121,0,20146545,0,681548,0,14862,0,186,0,1 # block t=1577 q=12T7 r=0 k=1
731413037451862027,0,1269981454529996277,0,793764000667865604,0,197978616892563098,0,9659239498439487,0,-1690447124565315,0,126772183489515,0,-4249508416749,0,90168391899,0,-435925786,0,967656,0,-1317,0,1 # block t=1577 q=12T7 r=0 k=1
97844285803456,0,339796188398112,0,467939300368896,0,326295681146616,0,122176977557856,0,24049696209222,0,2318485235989,0,112605910185,0,2836330254,0,37358598,0,251796,0,816,0,1 # block t=1577 q=12T6 r=0 k=1
301,0,1526,0,3479,0,4788,0,4571,0,3346,0,2059,0,1144,0,569,0,230,0,67,0,12,0,1 # block t=1577 q=12T7 r=0 k=1
233247142424637067847,0,-80178611402165394590,0,12278486268686902236,0,-1084717191003628442,0,41480975710216171,0,1227843766145780,0,-88787595047472,0,-1034600311444,0,88787424717,0,-784969270,0,4032084,0,-2546,0,1 # block t=1577 q=12T7 r=0 k=1
256993641,0,1201502808,0,2403585414,0,2695050360,0,1862396847,0,820129392,0,229595284,0,39667056,0,4078887,0,267320,0,13542,0,24,0,1 # block t=1577 q=12T7 r=0 k=1
419673460102681689,0,840865235536431144,0,633620114758639962,0,213991946979245352,0,28258285726595349,0,507399312583944,0,65039032092502,0,4876693478304,0,304937106810,0,23961440,0,1198248,0,24,0,1 # block t=1577 q=12T7 r=0 k=1
59762712355921,0,148290573602364,0,141768000264882,0,64781813767500,0,14621674515087,0,1543902063224,0,50669956092,0,-15314056,0,95764479,0,4470092,0,55922,0,316,0,1 # block t=1577 q=12T7 r=0 k=1
11111939488996208393,0,9727760752255743786,0,2064694258498220733,0,209798780273688220,0,12630302138626951,0,496426739470692,0,13373461377798,0,252273565800,0,3336271071,0,30341970,0,180845,0,636,0,1 # block t=1577 q=12T6 r=0 k=1
3624873255571456,0,4812485333010432,0,1851822310170112,0,356722712651200,0,41623657453952,0,3218481126392,0,172624627391,0,6552848615,0,176171408,0,3290128,0,40684,0,300,0,1 # block t=1577 q=12T6 r=0 k=1
2408685539,0,-5554924453,0,5646649849,0,-3363835576,0,1313309275,0,-355131546,0,68373383,0,-9463391,0,936179,0,-64655,0,2963,0,-81,0,1 # block t=1577 q=12T6 r=24 k=2
345344462339444113,0,-543939939653893874,0,261733363303817755,0,-57305733062300814,0,6830040518705110,0,-482291468158703,0,20982948935886,0,-568848446481,0,9503471397,0,-94246536,0,511208,0,-1275,0,1 # block t=1577 q=12T6 r=24 k=2
487485871552,0,-870950535792,0,642293204448,0,-265316372663,0,69402262383,0,-12229239456,0,1498604010,0,-129336039,0,7832817,0,-325625,0,8841,0,-141,0,1 # block t=1577 q=12T6 r=24 k=2
39754671716648608323136,0,-65486024590086221864896,0,35200069818169121714288,0,-7323747940699758761504,0,678502817691963901244,0,-29845291537687901340,0,670694822667899561,0,-7850182487567200,0,45876229679430,0,-119036661782,0,98921205,0,-26414,0,1 # block t=1577 q=12T6 r=24 k=2
239411859615252659,0,-265286148953199652,0,94789201237157029,0,-15809028983967732,0,1498181298392588,0,-89079355510001,0,3495578512027,0,-92516700516,0,1651121602,0,-19425649,0,142768,0,-585,0,1 # block t=1577 q=12T6 r=24 k=2
25616167637696,0,-75506566634784,0,93422567297632,0,-62953631727168,0,25085849163164,0,-6013946009758,0,847455402387,0,-66281626894,0,2656843566,0,-52859001,0,467724,0,-1262,0,1 # block t=1577 q=12T6 r=24 k=2
852927662073,0,-2884235859099,0,3928721339241,0,-2793275846667,0,1128592268007,0,-265116240699,0,35863650712,0,-2749582266,0,120818433,0,-3065882,0,44019,0,-330,0,1 # block t=1577 q=12T6 r=24 k=2
125665065494988631883776,0,76167071298297215330304,0,6620790939506342175936,0,276159829742007522304,0,6991493789896297776,0,118258178923892448,0,1398464599057755,0,11777933446272,0,70569113823,0,294538720,0,814917,0,1344,0,1 # block t=1579 q=12T6 r=0 k=1
963096403717474032395221,0,918931908727679683359383,0,65199489459873124324171,0,2159722639097966143922,0,43167274585277667160,0,575942180175670315,0,5378020656676466,0,35841394036425,0,170423016103,0,566501249,0,1253618,0,1662,0,1 # block t=1579 q=12T6 r=0 k=1
1280416264,0,-2508276912,0,1269655272,0,-219166096,0,242002692,0,-96184800,0,49405380,0,-23016492,0,7392708,0,-1919692,0,222450,0,666,0,1 # block t=1579 q=12T7 r=0 k=1
791,0,-5397,0,16751,0,-31255,0,39088,0,-34636,0,22415,0,-10734,0,3796,0,-972,0,172,0,-19,0,1 # block t=1579 q=12T7 r=0 k=1
539834247858869995,0,1381102739023352320,0,1796133470975760161,0,1320408975461269440,0,555009792096722337,0,134186565762287486,0,17776533389080730,0,1043199739172363,0,5527626960613,0,10473223179,0,9852845,0,4749,0,1 # block t=1579 q=12T7 r=0 k=1
446383,0,-103110,0,85197,0,143968,0,48420,0,12132,0,5838,0,1656,0,333,0,130,0,57,0,12,0,1 # block t=1579 q=12T7 r=0 k=1
5892221,0,20025227,0,30842431,0,28531261,0,17683809,0,7745416,0,2460304,0,571453,0,96380,0,11517,0,926,0,45,0,1 # block t=1579 q=12T7 r=0 k=1
20438897809662801477,0,71664588504969839712,0,94488494932545699690,0,49809835996875970432,0,8695161976188742533,0,1063248805501683552,0,51554218827257790,0,822031257843528,0,5385121826286,0,10988641472,0,1444428,0,-3408,0,1 # block t=1579 q=12T7 r=0 k=1
9656831677409849344,0,40574256213169989632,0,72004243920099900416,0,69817512750799042560,0,39843189362988253696,0,13342464887419580416,0,2424951094266825664,0,188571584916765952,0,1666157451060832,0,4750178968184,0,4377042024,0,145440,0,1 # block t=1579 q=12T6 r=0 k=1
404713,0,168270,0,57981,0,-91372,0,-29691,0,17514,0,6945,0,-2520,0,-639,0,230,0,21,0,-12,0,1 # block t=1579 q=12T7 r=0 k=1
628767899656,0,1397572656432,0,902899077336,0,122829057472,0,-8189846748,0,21224624832,0,30670795284,0,16784446716,0,5110616484,0,922378924,0,75141546,0,-12258,0,1 # block t=1579 q=12T7 r=0 k=1
8548352,0,-5654528,0,1347584,0,5300224,0,3493376,0,1956864,0,966848,0,332864,0,74112,0,10520,0,924,0,46,0,1 # block t=1579 q=12T7 r=0 k=1
9513280576,0,32155948416,0,34231043136,0,3030471040,0,-15957587808,0,-6962040576,0,1401298656,0,1103581728,0,141533172,0,1195240,0,119568,0,12,0,1 # block t=1579 q=12T7 r=0 k=1
1870521707653770695681,0,4505183591006936822561,0,4369588278483945587183,0,2257737099644807513397,0,674331980735827163613,0,116713599495390468063,0,10885663301438208944,0,428055212702889796,0,648602663441015,0,390324312812,0,116068785,0,17094,0,1 # block t=1579 q=12T7 r=0 k=1
433705460341,0,762967941133,0,515820296937,0,193661322391,0,46647459149,0,7741839252,0,918421750,0,79083255,0,4933304,0,218375,0,6534,0,119,0,1 # block t=1579 q=12T7 r=0 k=1
459540775351459668439,0,-1495987407675453186005,0,1999378424476551086365,0,-1431651127578954449586,0,595234738837197362913,0,-143974404576834623485,0,18826378407206189812,0,-1054449817027291867,0,6464610654431823,0,-13652734479234,0,9665810983,0,-204191,0,1 # block t=1579 q=12T6 r=24 k=2
428427972029983199,0,-1561307806689568391,0,2394512340852545294,0,-2008423986959878945,0,999231350508344692,0,-297160833326773038,0,49847882839981717,0,-3937447697795815,0,74112083689359,0,-488969565705,0,1063844053,0,-71852,0,1 # block t=1579 q=12T6 r=24 k=2
250944785104535147450889,0,-295311808352413960327314,0,96510055962396739810077,0,-14772532627521042884820,0,1215997964245003658913,0,-54604581886018593018,0,1229770787751866304,0,-10980305724598083,0,38086215531705,0,-56516793069,0,37606869,0,-10491,0,1 # block t=1579 q=12T6 r=24 k=2
24160922099,0,-79633905970,0,107038329752,0,-77268868798,0,33386318115,0,-9094150868,0,1596672392,0,-181033500,0,13059433,0,-580186,0,14944,0,-198,0,1 # block t=1579 q=12T6 r=24 k=2
138057971307399627860104,0,-310446336473899390633940,0,238624304494293789033378,0,-76796655595935132642559,0,11298632710174741074413,0,-763258462853159664706,0,25779545394650731650,0,-440886944455310143,0,3468138368835331,0,-9058091474959,0,6364360015,0,-594569,0,1 # block t=1579 q=12T6 r=24 k=2
6656602112,0,-16204996608,0,17112026112,0,-10356458496,0,4001190400,0,-1040330368,0,186904320,0,-23424096,0,2037584,0,-120320,0,4592,0,-102,0,1 # block t=1579 q=12T6 r=24 k=2
16711847564680425321,0,-68959537004284737381,0,114571629583805809674,0,-96667980949887619896,0,42465472188130418463,0,-8628370399324352043,0,519517695551616631,0,-10877633528763045,0,72042281534331,0,-149828923262,0,83881686,0,-16623,0,1 # block t=1579 q=12T6 r=24 k=2
131569634429830794443728,0,-283573991510167090843056,0,225498731272428324762812,0,-80304521657489535258432,0,12168908237771016700418,0,-559228095023052792820,0,11592517840153283725,0,-120524167228877516,0,611170937166397,0,-1290471944716,0,967501239,0,-60836,0,1 # block t=1579 q=12T6 r=24 k=2
27842342222439935147,0,-25453860307253713997,0,6576347041567518491,0,-756619575204886962,0,48636400750606333,0,-1945257157567402,0,51033160983603,0,-897146846231,0,10545745039,0,-80759445,0,379769,0,-971,0,1 # block t=1585 q=12T6 r=24 k=1
23198043918436656751,0,-100096747908187604985,0,172953918652998448008,0,-150677131459275650523,0,67596461897377871076,0,-13694852731800806484,0,734750552996398561,0,-14543905856813505,0,102366260645157,0,-235924775751,0,132039381,0,-21810,0,1 # block t=1585 q=12T6 r=24 k=1
225713453624973313,0,-373028952729161825,0,203534832976511969,0,-47567000543776452,0,5912881657101009,0,-431912810333976,0,19336739620491,0,-536065788013,0,9098603367,0,-91149585,0,498159,0,-1257,0,1 # block t=1585 q=12T6 r=24 k=1
80186536861246892909,0,-89909887614094848188,0,35014512821065803473,0,-6049157851641580788,0,535841497784582934,0,-26297323680011797,0,756746750114853,0,-13109038083012,0,135885761454,0,-805398105,0,2442416,0,-2949,0,1 # block t=1585 q=12T6 r=24 k=1
12831608950992382227571,0,-10576214515495202520921,0,1401189615435009602901,0,-87305725158799490510,0,3207767567873666166,0,-76126713032404935,0,1214051834752260,0,-13147821601569,0,95481918027,0,-447753947,0,1259094,0,-1842,0,1 # block t=1585 q=12T6 r=24 k=1
240829295291645132486763,0,-235797235933018102780329,0,74436614379069350597271,0,-11392466135756837845134,0,951708572574838412436,0,-43819853552488100598,0,1024930035488589289,0,-9776069465820630,0,35696115594576,0,-54660026093,0,37003920,0,-10416,0,1 # block t=1585 q=12T6 r=24 k=1
36047680971901859707,0,-106205565892914077386,0,118209748228398459528,0,-61345635309756205306,0,14801646143921837712,0,-1504271883255973988,0,70861838911395965,0,-1597918934932572,0,16390688679776,0,-67908193186,0,73556303,0,-24026,0,1 # block t=1585 q=12T6 r=24 k=1
2985314531142807297,0,-4375931040552574062,0,2167752673359962892,0,-483905322019711206,0,57585768641146746,0,-3969300196954332,0,163984376510485,0,-4054184061362,0,57876557276,0,-441746754,0,1571463,0,-2332,0,1 # block t=1585 q=12T6 r=24 k=1
24270974976,0,-50746871808,0,45308040192,0,-23056484352,0,7527061248,0,-1675394304,0,262502656,0,-29326176,0,2328048,0,-128488,0,4692,0,-102,0,1 # block t=1585 q=12T6 r=24 k=1
1518215738614352,0,-1853439117999264,0,797943120400920,0,-179569547080768,0,24656791330261,0,-2227548891558,0,137473545729,0,-5878979598,0,173454216,0,-3446406,0,43745,0,-318,0,1 # block t=1585 q=12T6 r=24 k=1
7458381057950369,0,-7925046319593354,0,2777319310066058,0,-515509265221860,0,59746238143540,0,-4663698290748,0,254182456655,0,-9790343262,0,264505530,0,-4866974,0,57271,0,-378,0,1 # block t=1585 q=12T6 r=24 k=1
2548229139391516416,0,2743444243138046976,0,625813356031194880,0,69049051647389440,0,4574385152277408,0,199965837193408,0,6041183453392,0,128646664336,0,1931073263,0,20025640,0,136638,0,552,0,1 # block t=1592 q=12T9 r=0 k=2
174190592,0,-522571776,0,697746432,0,-546805760,0,277543168,0,-94145792,0,21023168,0,-2876672,0,198128,0,-3760,0,364,0,-24,0,1 # block t=1592 q=12T9 r=0 k=2
23273382872953,0,45394820974590,0,33082177834029,0,10691980328228,0,1341596544390,0,42206234130,0,9911143239,0,249694182,0,24537528,0,405518,0,19155,0,114,0,1 # block t=1592 q=12T9 r=0 k=2
479716,0,-122136,0,198756,0,4136,0,-33678,0,2376,0,4587,0,-3393,0,1296,0,-253,0,42,0,-9,0,1 # block t=1592 q=12T9 r=0 k=2
3919016929,0,-8156997520,0,6599498388,0,-2605559896,0,532160779,0,-63993600,0,6122016,0,-139056,0,1107,0,560,0,148,0,-24,0,1 # block t=1592 q=12T68 r=0 k=2
53318652494461209,0,294226800845881176,0,683360320201869282,0,856924432396846552,0,613133337372768255,0,237733955327826352,0,39091310652595644,0,15481795511664,0,-2946525762681,0,3925383160,0,95501762,0,-19528,0,1 # block t=1592 q=12T68 r=0 k=2
1743602249009101288,0,2585126939729330016,0,1672986316153713000,0,562407333993583024,0,97534856071383732,0,7163409410197560,0,1010752978578396,0,1037022738444,0,93688688952,0,-311372588,0,955260,0,-1236,0,1 # block t=1592 q=12T68 r=0 k=2
637804,0,-1244424,0,2465220,0,-1464160,0,15264,0,40680,0,131604,0,-56304,0,5274,0,500,0,-6,0,-12,0,1 # block t=1592 q=12T68 r=0 k=2
368,0,-1336,0,2880,0,-4404,0,5169,0,-4748,0,3450,0,-1976,0,883,0,-300,0,74,0,-12,0,1 # block t=1592 q=12T68 r=0 k=2
25775841904492201,0,-51299845488157116,0,48139592309959860,0,-22081367951098106,0,4335842102348709,0,-276522377509584,0,36305737775628,0,-626788446498,0,5332183290,0,-34133534,0,209562,0,-630,0,1 # block t=1592 q=12T68 r=0 k=2
711576780800,0,2134730342400,0,8581755699200,0,16562298880000,0,15819737128960,0,8263653048320,0,2412915091456,0,369372898304,0,23049838400,0,-5993920,0,-299520,0,24,0,1 # block t=1592 q=12T68 r=0 k=2
153729412951569778944,0,280674434606213246976,0,199059048813369169152,0,68600276997790031616,0,11733454872568604512,0,928742066440583744,0,35157513713972016,0,635920379824592,0,4934266698921,0,12426691820,0,13111718,0,6060,0,1 # block t=1592 q=12T9 r=0 k=2
1889217,0,9643788,0,20556723,0,24012868,0,17198558,0,8174442,0,2748621,0,662828,0,113040,0,13180,0,991,0,44,0,1 # block t=1592 q=12T9 r=0 k=2
1080003149824,0,3240009449472,0,4254959898624,0,3212378091520,0,1541926902272,0,492793163776,0,107296698688,0,16123654624,0,1678527712,0,115935800,0,4145728,0,-770,0,1 # block t=1592 q=12T9 r=0 k=2
2902376448,0,8707129344,0,11636379648,0,9137111040,0,4648513536,0,1577511936,0,349965568,0,46579200,0,2836896,0,-11680,0,-408,0,24,0,1 # block t=1592 q=12T9 r=0 k=2
74256031674368,0,30541067681792,0,-590363045605376,0,-1302699722029056,0,-1177854844822784,0,-518575771862016,0,-101449178382592,0,-3723429376768,0,774808633104,0,7990734272,0,-178162336,0,-952,0,1 # block t=1606 q=12T3 r=8 k=2
13227319196357596417,0,5198638370167088052,0,-40113367228355306172,0,-23757335364739155772,0,-4427005931552835153,0,-153339868969936200,0,32603786511333432,0,1905164916546024,0,-80096617536849,0,-2218548289324,0,-2270285340,0,-109740,0,1 # block t=1606 q=12T3 r=8 k=2
1656458961227920225,0,42114902927184432260,0,32622902568765249382,0,1576195857829089820,0,-4846559726335881521,0,-1481492637592342776,0,-126791362358904812,0,916858127841432,0,95003474479727,0,-3986752268,0,-1682207450,0,-52,0,1 # block t=1606 q=12T3 r=8 k=2
143550940908908915444101,0,249305733597396770452912,0,77567212880908914374766,0,11035527282309089994280,0,879602332719125278935,0,41878130660193579872,0,1181880339384445620,0,18031025318167568,0,105932468372675,0,-195298643280,0,102202046,0,-17912,0,1 # block t=1606 q=12T3 r=8 k=2
73091246265049,0,635478493356908,0,-1123917201504994,0,-5233351835177500,0,10605796347796863,0,-3942010177803624,0,-1569970309922940,0,708948817966248,0,49351847847111,0,734480748796,0,2714157182,0,104052,0,1 # block t=1606 q=12T3 r=8 k=2
46709587532800,0,-189006332016640,0,-869307616032256,0,1534669633794048,0,-60476536557824,0,-518968191465728,0,100197047393472,0,19287404566272,0,853122750528,0,12331238656,0,56307608,0,14888,0,1 # block t=1606 q=12T3 r=8 k=2
4143259952593,0,19302258863304,0,15003253794634,0,-6297596793408,0,-11691341067449,0,-4784517634416,0,-656368581740,0,11455337088,0,5675547287,0,35975880,0,-3131774,0,-96,0,1 # block t=1606 q=12T3 r=8 k=2
4377396021896300600821,0,17151875030142899696936,0,-33530803312473145666578,0,-64198222775122516923616,0,147893441828169001713763,0,-89751323092955402770968,0,15956756078062599347704,0,785498701901265319168,0,7251647196456572903,0,858667139383616,0,30332890202,0,318224,0,1 # block t=1606 q=12T3 r=8 k=2
135405207078800,0,1232597260114240,0,1018128059875872,0,-15074106796336544,0,-36194047641986608,0,-25222476189627024,0,-5355949991371688,0,15385865983616,0,13893492364392,0,16694097544,0,-713449500,0,-844,0,1 # block t=1606 q=12T3 r=8 k=2
49,0,-525,0,-27,0,2730,0,2585,0,-1515,0,-3540,0,-2005,0,-295,0,160,0,83,0,15,0,1 # block t=1606 q=12T3 r=8 k=2
235398776561,0,404987121292,0,-1024627871118,0,-730461963268,0,1435762736847,0,101848595864,0,-529647030148,0,83693825496,0,20939224607,0,977745628,0,12364082,0,6956,0,1 # block t=1606 q=12T3 r=8 k=2
13390621,0,30416667,0,-8540361,0,-21274520,0,-1012995,0,3935277,0,541914,0,-243927,0,-46575,0,3160,0,1059,0,63,0,1 # block t=1606 q=12T3 r=8 k=2
1626330034921190941,0,-7864094384047938668,0,-19911289892476570962,0,102779372875988460828,0,19103183465747904807,0,-221411890975963412280,0,109483942406280164180,0,16027253007735699256,0,167399944891536539,0,74380898644196,0,6249076254,0,165484,0,1 # block t=1606 q=12T3 r=8 k=2
59333091565499638232513,0,-69679460711519575111852,0,-71836966144654603179150,0,109866797111713996682852,0,-20057085050616712693905,0,-9571586326054438406872,0,1770725776534099822844,0,171277199279614780776,0,2095720858031924015,0,4421111858280324,0,2458256997170,0,3134516,0,1 # block t=1606 q=12T3 r=8 k=2
49054025793470881721732,0,123641270141484749027440,0,6887307559164203681352,0,-36376354537298510349744,0,-13816258480766507115852,0,-1852091989143616890720,0,-80323278227419414332,0,874220380695380080,0,39774257907305056,0,-1239252868888,0,-163282624510,0,-440,0,1 # block t=1606 q=12T3 r=8 k=2
93480463024082214813952,0,471521269077735816481280,0,103249692731300324292352,0,-286125822084387952878592,0,98658782445533583494496,0,-14290505679291657604608,0,1021921727739144611424,0,-35775954600725091936,0,503086458552689577,0,-587588115308986,0,-90435329177,0,47042,0,1 # block t=1606 q=12T3 r=16 k=2
129715291448044,0,521563974460240,0,492776371561760,0,-333567105375704,0,-516322184191984,0,84564401764342,0,137327314755165,0,-28290312548768,0,795150038155,0,-4128558418,0,7124187,0,-4764,0,1 # block t=1606 q=12T3 r=16 k=2
68864,0,610304,0,-40170240,0,-86586528,0,28328528,0,95411840,0,-23025211,0,-21758230,0,6597447,0,-615524,0,20995,0,-262,0,1 # block t=1606 q=12T3 r=16 k=2
10116926543692552409536,0,56843104851245852377856,0,-2673268494774206539200,0,-178813985925869937152,0,19317812886411208048,0,-752033555399204736,0,16327608622215072,0,-215455444180384,0,1715888731236,0,-7494013456,0,12643116,0,7656,0,1 # block t=1606 q=12T3 r=16 k=2
118868384386313107196,0,-4745512704747990032116,0,16845400380027197832316,0,22111300790012942412640,0,-81685104240599400138760,0,-3883907580875257455206,0,100698039892958537271,0,-654977565354758421,0,854751071109910,0,2610085338755,0,-3329518734,0,803589,0,1 # block t=1606 q=12T3 r=16 k=2
524302304007479503601664,0,529508857289007871131648,0,-31953137034649242382336,0,-2605807076939688626176,0,316917006268143337728,0,-12844024399656594688,0,254263161134957888,0,-2329692841953728,0,4060949684224,0,56637066416,0,-106284540,0,2588,0,1 # block t=1606 q=12T3 r=16 k=2
29658672554881893550336,0,32447000613848169435648,0,-13395783459442064348736,0,1105244194708520616960,0,-16949107177787946400,0,-1491059366357699772,0,71881595276900619,0,-1140105822509543,0,5213161588160,0,16170292775,0,-49291216,0,-41523,0,1 # block t=1606 q=12T3 r=16 k=2
38784112682506574384,0,16197202471061164798256,0,17743005808154096753488,0,-144839530785321178683200,0,-144668229215661943998740,0,-14374715203168803199624,0,450807295587860795089,0,-4435767826476347843,0,17871205843359140,0,-27893636601065,0,10151925178,0,-617813,0,1 # block t=1606 q=12T3 r=16 k=2
159127746525071656615936,0,633722453103966311940096,0,867698235826561565589504,0,396881931038451566116864,0,-62094052708495137239040,0,-57938310314698033262592,0,7854630098617205220480,0,-79233426471401694144,0,280301027836464369,0,-358405903251212,0,70432293270,0,-865068,0,1 # block t=1606 q=12T3 r=16 k=2
31520857813859,0,42299887626558,0,-25179860942060,0,4553062962794,0,-165882539669,0,-54271403780,0,8999419744,0,-621304580,0,20240289,0,-155018,0,-7060,0,106,0,1 # block t=1606 q=12T3 r=16 k=2
20015022670787056897,0,31052568250716486924,0,-28872355670618291790,0,-73551240581180005796,0,-31481948015121604113,0,6728458642142825880,0,4273024678548842364,0,-291054417539200488,0,4884151520055663,0,-20370860246948,0,24487558770,0,-312180,0,1 # block t=1606 q=12T3 r=16 k=2
111752158648672156,0,267163573935992036,0,192099200978769124,0,34515850080919460,0,-7874373828358490,0,-1473841684646874,0,207447196960731,0,-9145538893536,0,181390045405,0,-1654290470,0,6037249,0,-6856,0,1 # block t=1606 q=12T3 r=16 k=2
51188924364901387396569,0,137123149591457317420614,0,-188058287248617063391497,0,18126920999301489043614,0,11470416601838534238879,0,-863216102770463979072,0,-182971318958357934094,0,4924280025888289848,0,-37144711629431065,0,70592037577290,0,-14305225065,0,-111622,0,1 # block t=1606 q=12T3 r=16 k=2
924876875338340897593,0,17360149254635907548908,0,-27664037717159492721958,0,16910153191126137838076,0,-5127505894575919700609,0,794256115488067629016,0,-55135674482745458324,0,786789173127508888,0,32892417183214375,0,-37522653726788,0,-162498250534,0,15340,0,1 # block t=1606 q=12T3 r=16 k=2
403088093477633069056,0,1406871100903662170112,0,1689784437232103312640,0,672011790069349632640,0,-102852837066438907164,0,-78167724673496299416,0,10523248788705527256,0,-171184400448611580,0,1020024886017789,0,-2340372391124,0,1285951854,0,-92976,0,1 # block t=1606 q=12T3 r=16 k=2
58801395164831,0,137378326770564,0,-53221912747938,0,-53614328595333,0,29386391850343,0,-2817499622978,0,-550630018713,0,62027623896,0,3927634362,0,70980861,0,507441,0,1388,0,1 # block t=1611 q=12T12 r=8 k=1
689726574038949075611,0,3777724167638255495061,0,1249824095602756661361,0,159588144896511038285,0,8801372887945276384,0,107807998500656453,0,-7979073712833239,0,-247984232367358,0,-643126887116,0,5042851479,0,-5883517,0,204,0,1 # block t=1611 q=12T38 r=8 k=1
5549383066379648,0,63584548157934720,0,-50023554745672640,0,-70038691748741728,0,-8962183628500512,0,-265304421885696,0,5395519405224,0,266605948112,0,1680845836,0,-23379466,0,-232960,0,-222,0,1 # block t=1611 q=12T12 r=8 k=1
165502918683559,0,580807919871316,0,512661440040240,0,201677607553602,0,39895985603660,0,3637713947576,0,39972626239,0,-15689688354,0,-706910380,0,6413237,0,46621,0,-506,0,1 # block t=1611 q=12T38 r=8 k=1
1181946973637409749624,0,15729457229943179622200,0,1134286248548930562280,0,8052728860266569908,0,-1124675450084690348,0,-35186831102084604,0,-356858244005970,0,586119441834,0,37527981626,0,232108031,0,119595,0,-1823,0,1 # block t=1611 q=12T12 r=8 k=1
187078876664530065999601,0,258255931043093243656374,0,51788397134094200148597,0,4241491866553797938471,0,165090998432954422719,0,2872043914089765267,0,14053639412756382,0,-67928431890060,0,-401313380427,0,832207439,0,2345661,0,-4866,0,1 # block t=1611 q=12T38 r=8 k=1
163128768670659869,0,376719605730564579,0,254405870126985195,0,68884173681334715,0,5059924856988883,0,-1041178228023107,0,-198758215818743,0,-7380985491530,0,210713542386,0,-693378396,0,-2913251,0,3850,0,1 # block t=1611 q=12T12 r=8 k=1
29726609,0,-1458765,0,-375249177,0,-899844299,0,-900398835,0,-405345272,0,-46175239,0,17558704,0,2699339,0,-308888,0,-2368,0,181,0,1 # block t=1611 q=12T12 r=8 k=1
2176020449353981061929,0,9119605166173570667284,0,1171983935185435738708,0,61921625032732053820,0,1657742128075366434,0,21349279646750746,0,48250485015180,0,-1742828044105,0,-12536779807,0,49707483,0,401355,0,-1367,0,1 # block t=1611 q=12T38 r=8 k=1
1882711,0,586500,0,-6654372,0,-5091232,0,1486629,0,1864044,0,206016,0,-101745,0,-24264,0,-490,0,318,0,33,0,1 # block t=1611 q=12T38 r=8 k=1
2041015721857024,0,3533685538639872,0,-2051296877301760,0,-866440404712960,0,657370239237888,0,-95399206611456,0,-4920575801152,0,1162829184000,0,38143183296,0,396751512,0,1636236,0,2540,0,1 # block t=1611 q=12T12 r=8 k=1
1144202872699817984,0,14848228104301600768,0,-1762094203724075008,0,-1331467780437514240,0,339585914574063104,0,-23587307287583488,0,-171922882436480,0,42934564841760,0,664566645488,0,2931460136,0,5272820,0,3934,0,1 # block t=1611 q=12T38 r=8 k=1
171620192085694747648,0,503001634793165454848,0,71877191191592107520,0,3751825305617016064,0,76596375912934528,0,-63877659201536,0,-23667245886976,0,-204640903632,0,1844357636,0,22410346,0,-55610,0,-494,0,1 # block t=1611 q=12T12 r=8 k=1
7799937351064,0,65928003632908,0,-16136771730234,0,-3766899228289,0,542935346737,0,54616212596,0,-4251971320,0,-389965854,0,5521934,0,1084648,0,30554,0,311,0,1 # block t=1611 q=12T12 r=8 k=1
18108851642719,0,50984280062819,0,31120152976670,0,-32933501446545,0,-46994553763134,0,-16762091904850,0,-817476401473,0,134405312068,0,2494228487,0,-5990038,0,-243254,0,-609,0,1 # block t=1611 q=12T38 r=8 k=1
18496685993984,0,22314644363264,0,-24179826948096,0,6220344404992,0,-203939239424,0,-94949320960,0,6544747520,0,304582048,0,-20499344,0,-52448,0,16368,0,-256,0,1 # block t=1611 q=12T38 r=16 k=1
276661015142927346739,0,173819009927587947537,0,-336067763597812318523,0,119692542509946361706,0,-9127626871809570062,0,-1558028427388992942,0,151097361921467718,0,1195144170082620,0,-4372919354894,0,-9705560495,0,34555255,0,-23471,0,1 # block t=1611 q=12T38 r=16 k=1
252284946743159,0,978982269388591,0,1211360452394483,0,326123039143706,0,-285440093459950,0,-87575868809407,0,36810150922195,0,-2461603009611,0,51971769407,0,-406958272,0,1383710,0,-2003,0,1 # block t=1611 q=12T38 r=16 k=1
2615818463509616,0,3419785086293512,0,-1255313219748756,0,110840805404951,0,4254043692409,0,-1257601868292,0,80295726460,0,-2095189790,0,5457662,0,836868,0,-13776,0,-1,0,1 # block t=1611 q=12T12 r=16 k=1
26985983710011406614718,0,-327194009593741412655618,0,-102538958844158383734598,0,439379603385463117084497,0,-17311631984902169836075,0,125571585127202692744,0,935298143815564328,0,-7018132429598170,0,6672397815508,0,19712881442,0,-27712842,0,4577,0,1 # block t=1611 q=12T12 r=16 k=1
134257351783775,0,51483288965669000,0,5137847177208809470,0,177313252150377180145,0,1276078858565648168691,0,-15658012182032386714042,0,16660147165125147783363,0,-700623947410842492524,0,1128278391887235390,0,-414297167106429,0,37605020253,0,-740832,0,1 # block t=1611 q=12T12 r=16 k=1
249929455595168650291,0,305264605428751117970,0,-164467627440893100340,0,6397514594537553385,0,19832741571633737,0,-4116120150632483,0,55508932246627,0,218278972530,0,-11205968309,0,103465642,0,-382187,0,287,0,1 # block t=1611 q=12T38 r=16 k=1
811611485325145862731,0,1233185377953133896313,0,-1427860511023664624146,0,282967870244853204468,0,111254195315484179447,0,-55505843675175366268,0,8522392068095939059,0,-471404525007993561,0,2512875496335144,0,-2013252867964,0,-894205113,0,111610,0,1 # block t=1611 q=12T12 r=16 k=1
2803297331060869379,0,1227180873161727145620,0,39966444956532984984632,0,231362032860208394310898,0,266690586395308545486162,0,-49284145230442798090652,0,1330038508314718366460,0,-7619812907952497228,0,13569739092806806,0,-5436079684420,0,824931355,0,-49342,0,1 # block t=1611 q=12T38 r=16 k=1
2,0,-148,0,-1594,0,4703,0,2485,0,-5418,0,380,0,1772,0,-660,0,-54,0,74,0,-15,0,1 # block t=1611 q=12T12 r=16 k=1
6778024241432616852709,0,21301284941525277900992,0,17402576471285451171283,0,-5411781873444368529697,0,-11075289121313555233552,0,-2539973635564002804573,0,226474677071541780210,0,-2232772275832303253,0,5136317969015098,0,-2849584050974,0,585137507,0,-43590,0,1 # block t=1611 q=12T38 r=16 k=1
2624485538435731,0,42224316422618566,0,-34826521419850500,0,9022563669943533,0,-922265921567560,0,38430541002164,0,-205223003017,0,-29422451206,0,644231630,0,1432258,0,-92800,0,-219,0,1 # block t=1611 q=12T38 r=16 k=1
103422291072477751,0,413999868329695405,0,572759443591869164,0,272901604529484704,0,-29418642385068444,0,-36081200535390786,0,3946985083259041,0,-109095718422174,0,1095332040289,0,-3904739573,0,6041047,0,-4096,0,1 # block t=1611 q=12T38 r=16 k=1
18257630381304241,0,-4606395008485544,0,-46507784169190888,0,36825176554401954,0,-4121405832543757,0,33795737647696,0,8470466052156,0,-207985190476,0,-30070205,0,33825904,0,-226588,0,114,0,1 # block t=1611 q=12T12 r=16 k=1
40561990571591013131,0,441601622513970051341,0,-4542232375483593718,0,-2017770477714307323,0,63642793508676223,0,1198341105427884,0,-91803421845115,0,1931854915688,0,-20525148870,0,116250784,0,-298307,0,12,0,1 # block t=1611 q=12T38 r=16 k=1
2296518551343400669,0,-7257022189140134068,0,8591519971689763246,0,-4688292382922956684,0,1179641592518736999,0,-128319444963303688,0,6195455468456724,0,-125585518472856,0,1055759580571,0,-3718060036,0,5935710,0,-4124,0,1 # block t=1611 q=12T38 r=24 k=2
347090944,0,-1179142144,0,1682438144,0,-1339962368,0,667596800,0,-220645760,0,49915456,0,-7831488,0,849952,0,-62504,0,2968,0,-82,0,1 # block t=1611 q=12T38 r=24 k=2
30426198016,0,-59386224640,0,50061856768,0,-24438280192,0,7759357184,0,-1697534976,0,263408256,0,-29294240,0,2322496,0,-128240,0,4688,0,-102,0,1 # block t=1611 q=12T38 r=24 k=2
32533003926992678992,0,-37120878475493112720,0,14344386966407673056,0,-2416726635613283712,0,190911897948373320,0,-8200879114259856,0,208940155636584,0,-3297463804300,0,32660958024,0,-200010912,0,719630,0,-1356,0,1 # block t=1611 q=12T12 r=24 k=2
1104291068041,0,-5516417278001,0,11441395080906,0,-12713665361600,0,8147304903254,0,-3019560768187,0,615870088887,0,-61770362913,0,2600425461,0,-48170329,0,390356,0,-1235,0,1 # block t=1611 q=12T12 r=24 k=2
59449265579344349,0,-90633153128002894,0,52743388432424304,0,-15389832781338325,0,2573038414701509,0,-261947283495755,0,16467469401888,0,-622032080045,0,13053086776,0,-131931609,0,632178,0,-1336,0,1 # block t=1611 q=12T38 r=24 k=2
16844654821,0,-48735640640,0,61030920774,0,-43449068356,0,19417829458,0,-5674400837,0,1094981684,0,-137760902,0,10933973,0,-520501,0,13974,0,-190,0,1 # block t=1611 q=12T38 r=24 k=2
7896681819,0,-29702237490,0,50139509733,0,-47854903923,0,25484778576,0,-6932757195,0,1064882943,0,-102316473,0,6644782,0,-270220,0,7242,0,-112,0,1 # block t=1612 q=12T12 r=0 k=1
2758716686085787,0,5618594165574429,0,4427309893062522,0,1714129501588963,0,374877590632389,0,68630143866864,0,12981712803290,0,1289710832724,0,57520006680,0,159784535,0,1259841,0,-2058,0,1 # block t=1612 q=12T12 r=0 k=1
34153,0,204932,0,512698,0,699908,0,583807,0,329160,0,145932,0,48232,0,11383,0,1844,0,218,0,20,0,1 # block t=1612 q=12T12 r=0 k=1
257051939,0,489388938,0,357367335,0,90768608,0,-13207209,0,-4109379,0,927110,0,44085,0,-23670,0,1485,0,150,0,-24,0,1 # block t=1612 q=12T12 r=0 k=1
3500425,0,7091250,0,9889851,0,11941502,0,11119095,0,7126857,0,3031890,0,854190,0,161874,0,19940,0,1488,0,60,0,1 # block t=1612 q=12T12 r=0 k=1
20641428370251169,0,63596239232243052,0,80962668181875222,0,54167375770559780,0,19772228777582367,0,3538974813410016,0,161220298321428,0,-19464403659552,0,467182655775,0,-3448713772,0,9614598,0,-5796,0,1 # block t=1612 q=12T12 r=0 k=1
18684891614877,0,73061970087426,0,104695127161101,0,59497783476819,0,2231956853989,0,-7786692198796,0,53085907457,0,722991652655,0,-156709282421,0,12139541833,0,369836,0,-2714,0,1 # block t=1612 q=12T12 r=0 k=1
797567707,0,328790955,0,-246345951,0,-47116937,0,112880163,0,-22259316,0,-15367108,0,10900800,0,-2724903,0,302602,0,66,0,-12,0,1 # block t=1612 q=12T38 r=0 k=1
63406618122457,0,132813933052419,0,99762600330782,0,26982314864556,0,-2955557117219,0,-2838300788164,0,-295078142579,0,63769791962,0,10376645983,0,-118429638,0,525280,0,-1121,0,1 # block t=1612 q=12T38 r=0 k=1
183681086850171,0,433585842248052,0,545823737735076,0,454991369880492,0,247843087826535,0,84020654806596,0,16745894073684,0,1671727975716,0,-13402300619,0,-16225248,0,495584,0,-1224,0,1 # block t=1612 q=12T38 r=0 k=1
2346130601610496,0,3982153357476352,0,3041085983679232,0,1410933281886464,0,430029337222976,0,85285688787456,0,10465679358928,0,736837871312,0,26748366032,0,446703824,0,2534660,0,1148,0,1 # block t=1612 q=12T38 r=0 k=1
34859578219,0,107485047826,0,283958739186,0,236779813828,0,59438541279,0,2770569028,0,1415619072,0,13442576,0,7239621,0,104106,0,1918,0,-84,0,1 # block t=1612 q=12T38 r=0 k=1
452992,0,265968,0,1241682,0,323284,0,-255366,0,-111897,0,79935,0,-17172,0,2826,0,-794,0,180,0,-21,0,1 # block t=1612 q=12T38 r=0 k=1
225332336892818884,0,-247532595623177868,0,87005500086001893,0,-11157099618982334,0,874632546267327,0,-30805797189780,0,3351333213033,0,208432093698,0,2608590249,0,9573532,0,109575,0,-318,0,1 # block t=1612 q=12T38 r=0 k=1
192286984243093504,0,-414203375306424320,0,353193993931862016,0,-151950812009804800,0,35808586762014464,0,-5160331730887936,0,542205928043008,0,-29954417734592,0,1088319383760,0,-4127051168,0,3194288,0,4496,0,1 # block t=1612 q=12T12 r=0 k=1
772154121703496,0,4194880453941072,0,1489392510723232,0,201874378155012,0,10664865694380,0,-119401187280,0,-34805685618,0,-904001464,0,24179042,0,1154283,0,-997,0,-305,0,1 # block t=1612 q=12T12 r=8 k=2
5451776,0,36923392,0,-1734656,0,-86958080,0,52512768,0,11623296,0,-11093184,0,-466656,0,524016,0,82152,0,4776,0,118,0,1 # block t=1612 q=12T12 r=8 k=2
37560147046400,0,78142244505600,0,-131632813086720,0,-18993499852800,0,84902152631296,0,-32404537946752,0,720358125120,0,855418771488,0,28832021424,0,325065192,0,1453800,0,2422,0,1 # block t=1612 q=12T12 r=8 k=2
64959075866691406879,0,39122576671851965741,0,-83415118931382856562,0,33275093982975238072,0,-4713681963831226932,0,129481547410925752,0,12171973433314360,0,205560013857366,0,1493452229472,0,5433080120,0,9844577,0,7513,0,1 # block t=1612 q=12T38 r=8 k=2
33921151,0,-4395963,0,-80774073,0,-33204038,0,8912934,0,6030612,0,304098,0,-264231,0,-43470,0,676,0,609,0,45,0,1 # block t=1612 q=12T12 r=8 k=2
29524257682799828992,0,61304017721015259136,0,9096455236351674368,0,386124566254364160,0,-791748468998656,0,-352742203370880,0,-5135190171104,0,59717303920,0,1773915504,0,7219158,0,-73228,0,-384,0,1 # block t=1612 q=12T12 r=8 k=2
32029305986190389,0,42881894192848575,0,2565962003566131,0,-320506193635291,0,-32393064543340,0,-198255460806,0,77823160963,0,3442130874,0,40856112,0,-651730,0,-18337,0,-52,0,1 # block t=1612 q=12T38 r=8 k=2
12246755798703475,0,46321023029358700,0,36227702496538445,0,-50157563866048550,0,-75696805460046576,0,-10987456998004902,0,13962887676924948,0,1500019825175565,0,11705163756873,0,14431418314,0,-23146696,0,-11248,0,1 # block t=1612 q=12T12 r=8 k=2
17768235445535079,0,30281977792799766,0,10338261365485539,0,1424240454286863,0,80927937805356,0,434524215285,0,-119245085145,0,-2472663753,0,56428326,0,1337688,0,-11682,0,-204,0,1 # block t=1612 q=12T38 r=8 k=2
80899859362878,0,705065610114882,0,-535582841293854,0,-446461876147041,0,-42196835271195,0,-192032124408,0,101822946696,0,3137230602,0,-16225596,0,-1712178,0,-16722,0,63,0,1 # block t=1612 q=12T12 r=8 k=2
55227896825894376391,0,149649342405972241929,0,-43778577867847903095,0,-5025018687344201533,0,2686362591435178806,0,-261605764217269404,0,3504089787074223,0,341567863116102,0,3273556497300,0,9599526572,0,11611119,0,5838,0,1 # block t=1612 q=12T38 r=8 k=2
4919892659796287880949,0,-22039297970772509875008,0,-102659555993670381532266,0,-94822832547719037897366,0,-19897309665040685986900,0,7792087996408435304016,0,2816946911120803659422,0,73477503177938391886,0,113456026140057256,0,27523375226358,0,-4762519897,0,-243800,0,1 # block t=1612 q=12T12 r=8 k=2
11127473429,0,18512617708,0,6653522764,0,-1372760653,0,-1369090247,0,-308654093,0,-20060586,0,2014843,0,287810,0,-1557,0,-1056,0,-2,0,1 # block t=1612 q=12T38 r=8 k=2
114148549450391560709,0,-122660302480849615570,0,-247731410469560340884,0,410658366657104139134,0,-112473619698068873541,0,-72634800729985336515,0,30166006917644355123,0,1122402309142572798,0,3604099382735517,0,3332889804285,0,991053240,0,84794,0,1 # block t=1612 q=12T12 r=8 k=2
32768,0,16384,0,-286720,0,22528,0,560128,0,-142848,0,-182656,0,-9536,0,17952,0,5448,0,692,0,42,0,1 # block t=1612 q=12T12 r=8 k=2
26311532243869696,0,59306354236035072,0,24297635007191040,0,-1870006145897984,0,-1221337093584384,0,5070263006592,0,6671170592736,0,-342311280336,0,7377644016,0,-80746598,0,453528,0,-1182,0,1 # block t=1612 q=12T12 r=16 k=2
40169577400251298697216,0,108883311139626074238976,0,93315298358243486728192,0,27164955807042916016640,0,-684910323358517734400,0,-897971399372144900096,0,59232563127997497216,0,-684809848388902368,0,1710834723996528,0,-1213877232208,0,329870732,0,-32878,0,1 # block t=1612 q=12T38 r=16 k=2
77894002554118326259,0,445483339244242336549,0,-189663384269439892597,0,27340143721902180269,0,-1425454491544090776,0,-1318304570653466,0,1427371557914946,0,3737202477655,0,-95876079541,0,22434049,0,1609113,0,-3412,0,1 # block t=1612 q=12T38 r=16 k=2
12402688,0,4079616,0,-53082112,0,27384320,0,4788480,0,-4459520,0,235520,0,212032,0,-31456,0,-1856,0,664,0,-46,0,1 # block t=1612 q=12T12 r=16 k=2
38481445478109416145431,0,50362193175512227415812,0,-821418281640307405204,0,-3885035318645965389337,0,-541649448009488118987,0,-14519782488076924653,0,606135203915684141,0,-5440228659266982,0,20956317313583,0,-40015109088,0,37666491,0,-14797,0,1 # block t=1612 q=12T38 r=16 k=2
140219,0,2933770,0,6312000,0,-1668538,0,-5385389,0,3405220,0,-560200,0,-112756,0,61681,0,-11086,0,1032,0,-50,0,1 # block t=1612 q=12T38 r=16 k=2
998272739959309,0,902607695862184,0,-137771926904094,0,-13569127848867,0,3247293950423,0,-106911108539,0,-13999280383,0,1455943532,0,-56698515,0,983698,0,-3401,0,-107,0,1 # block t=1612 q=12T38 r=16 k=2
26036683475,0,97553678475,0,-170588425680,0,52307154690,0,26370641299,0,-12922453414,0,-1006769337,0,808911477,0,3475509,0,-11720985,0,327660,0,-1541,0,1 # block t=1612 q=12T12 r=16 k=2
4483605672101993268821,0,19615071196470031188808,0,-7060849376159132344520,0,-123506049729924745046800,0,-151683989852577570496858,0,-24104509574931219427892,0,22046214842151610118903,0,-760430239093079428969,0,1180339792446169909,0,-423753382389149,0,37952224758,0,-742113,0,1 # block t=1612 q=12T12 r=16 k=2
26636728046966749,0,15051070121482781,0,-11265899712665880,0,2423657071354062,0,-234821816335725,0,9050907813768,0,116481258423,0,-17550387738,0,211922661,0,7274031,0,-52817,0,-367,0,1 # block t=1612 q=12T12 r=16 k=2
3636278903941589,0,6277642416423529,0,-2457709483217987,0,335614415370562,0,-19854697366012,0,275045310273,0,23928141849,0,-1011611501,0,397487,0,573324,0,-6032,0,-83,0,1 # block t=1612 q=12T38 r=16 k=2
27208529218473291389,0,-90158485827282992036,0,108235038002373926299,0,-55698261038312255651,0,11308724042810531006,0,-921741680490152053,0,26524622089533921,0,-329372297883641,0,2039262377310,0,-6635574476,0,10977240,0,-7748,0,1 # block t=1612 q=12T38 r=24 k=2
75909899688483769,0,-65567757193221910,0,17911295106459338,0,-2572554363053370,0,230736779878787,0,-13993898844888,0,596969022928,0,-18202182328,0,395867091,0,-6011298,0,60662,0,-366,0,1 # block t=1612 q=12T12 r=24 k=2
65105827224001930025,0,-293303672422343383900,0,528219319783822885330,0,-481107863192910178900,0,230631676344598575711,0,-55101607142406687768,0,5725052999267294172,0,-169486615269092520,0,754041149214231,0,-1013099070540,0,444884658,0,-56644,0,1 # block t=1612 q=12T12 r=24 k=2
482243729054284,0,-928163721676960,0,682826414210272,0,-244944711932929,0,46781095362633,0,-5221559301906,0,361611159176,0,-16009982340,0,455270622,0,-8138946,0,86356,0,-479,0,1 # block t=1612 q=12T12 r=24 k=2
246850929074153505255424,0,-560822682680610404823040,0,497031666437091891961856,0,-213684101276833807003136,0,44621472195215607091712,0,-3905237508962774500608,0,113727712331713347712,0,-894539175032285664,0,2164314678572016,0,-1412069340640,0,352387964,0,-33238,0,1 # block t=1612 q=12T38 r=24 k=2
179274284007424,0,-215001435209728,0,95046299385856,0,-22854558359552,0,3468121939968,0,-356971378688,0,25849231616,0,-1336439936,0,49201376,0,-1262264,0,21476,0,-218,0,1 # block t=1612 q=12T12 r=24 k=2
179228594176,0,-414388817920,0,392735930368,0,-200528145408,0,61586467584,0,-12144449536,0,1599866368,0,-143677440,0,8819952,0,-363888,0,9640,0,-148,0,1 # block t=1612 q=12T12 r=24 k=2
2094548620104676864,0,5688036676984805376,0,5138129102100773376,0,1659368186843099648,0,83358549208689984,0,-37134821975921280,0,-3059602767598368,0,7492132528992,0,468094539798,0,-27289840,0,-1364316,0,24,0,1 # block t=1613 q=12T22 r=8 k=2
2157740999,0,5896832622,0,5615552388,0,1672467010,0,-784670757,0,-808949412,0,-281395552,0,-47790540,0,-3371811,0,41910,0,11100,0,-246,0,1 # block t=1613 q=12T22 r=8 k=2
44,0,-144,0,-1032,0,-1152,0,864,0,2064,0,688,0,-552,0,-393,0,-20,0,42,0,12,0,1 # block t=1613 q=12T22 r=8 k=2
25,0,-3940,0,128962,0,79564,0,-428179,0,-606848,0,-291336,0,-50784,0,4069,0,3060,0,498,0,36,0,1 # block t=1613 q=12T22 r=8 k=2
71972248719525207,0,-185699486862723690,0,-1189455688646663640,0,1992345354255527829,0,2257626645752596755,0,591557463328643676,0,32238449082465563,0,235863536276040,0,-13134447889035,0,-187729897325,0,-60887871,0,29001,0,1 # block t=1613 q=12T22 r=8 k=2
127460960891110993963844,0,82047824898409114570848,0,-160288590694094062236492,0,61259385379814259270112,0,-5884962582802991955447,0,-854973740922892103640,0,132850949030085136988,0,1593298091791194600,0,4722122010425562,0,2142541436664,0,390586200,0,32184,0,1 # block t=1613 q=12T22 r=8 k=2
15400128373819916464,0,1009392869269535905344,0,124923782994825915264,0,6044904954334413184,0,135214557023188296,0,973778103421056,0,-13688518925064,0,-249712045200,0,26121483,0,16900636,0,11370,0,-492,0,1 # block t=1613 q=12T22 r=8 k=2
463051,0,3451714623,0,560813014752,0,-36999758851378,0,-3346104957390447,0,104058913766105334,0,23914857475710779,0,-40315154629919430,0,5935774400886669,0,80571276057326,0,16060943562,0,521601,0,1 # block t=1613 q=12T22 r=8 k=2
502482459785032301,0,-2115709109986177964,0,-881346666622291530,0,13939871310663110916,0,-19029719054892522841,0,6353850661147383080,0,1231530740613479428,0,26825870928538024,0,212097726562059,0,696000228740,0,816483878,0,112212,0,1 # block t=1613 q=12T22 r=8 k=2
