# IGP24 class field sweep: deg6.
-3601251,-55672605,-6381231,202992036,212962787,-65846706,-211313913,-63712417,84132142,63304290,-6827667,-22108268,-5489070,3301242,1993489,-36717,-292462,-55486,19399,7529,-264,-406,-29,8,1 # cft deg6 r=8
-172976269,510487444,-580773185,-291217016,1338563945,-971952472,-575184719,1145629876,-182380866,-505107665,225555781,101144486,-78833510,-5326883,13860361,-1441259,-1292551,289355,56949,-21743,-487,754,-42,-10,1 # cft deg6 r=4
50319,145995,-103858,726178,3968094,6983314,4920618,-4924596,-11293308,-2637054,6812264,4475518,-1760284,-2304854,207500,566930,7870,-72863,-6407,4913,858,-163,-48,2,1 # cft deg6 r=4
11734375,2003750,-57890525,-27499950,80525970,49267475,-48682206,-32933112,18720396,13840767,-5309157,-4273430,1316275,937876,-276052,-151486,37133,25464,-5105,-3732,1000,182,-62,-2,1 # cft deg6 r=8
631,-25054,352943,-1863244,483544,13733996,22345798,16252354,5971572,681069,-51940,1055690,1976278,1773744,985692,398904,140686,46911,14142,3644,826,202,52,10,1 # cft deg6 r=0
25,0,845,0,4319,0,9617,0,12708,0,13200,0,12667,0,9831,0,4782,0,1432,0,257,0,25,0,1 # cft deg6 r=0
-109,-8825,34844,-16818,-202044,580474,-715454,-45656,1151855,-1127245,-101771,934434,108112,-550957,-162372,134899,69424,-6743,-10162,-138,898,25,-43,0,1 # cft deg6 r=8
205209,-482445,317067,732852,-456301,-1970094,6168928,-4699939,-5846213,12867924,-7451201,-1641008,4369236,-1994151,-161690,521920,-196710,2863,20278,-5973,93,283,-48,-2,1 # cft deg6 r=4
-8704989,-901936377,2033243496,111784602,-2889668828,841581574,1831052871,-551067367,-798169972,93446304,312045647,9617794,-88060075,-8609276,15609863,2286669,-1618067,-313931,91613,23331,-2270,-895,-7,14,1 # cft deg6 r=4
-71707625,250439750,-268795175,-34356250,238829370,-60520525,-125733016,54728427,47682526,-26574067,-13353142,8252435,3171915,-1823471,-661687,292296,114538,-32769,-14565,2212,1235,-72,-62,2,1 # cft deg6 r=8
29021229,185106645,467903634,608940600,443913512,179065876,38621947,10741560,8394479,3998471,1169625,416926,337677,282754,96012,-33406,-31066,-1035,4268,592,-464,-134,16,10,1 # cft deg6 r=0
461,-4202,25166,-79014,180882,-291510,400366,-495046,640269,-790567,849518,-768461,614539,-412665,218475,-99245,37408,-8857,1409,-172,-165,44,1,4,1 # cft deg6 r=0
-1775,-11200,11750,95675,-118155,148760,-256445,-175885,639294,-1332578,1577923,-1372117,770466,-267658,31210,28762,-20472,7612,1586,-1501,276,124,-30,-4,1 # cft deg6 r=4
4076291,31742392,113547660,245812527,358483426,370468003,276134426,147083707,54967829,15534411,4792031,1564128,57706,-163048,98513,92690,-24608,-6724,4004,504,246,-77,-33,4,1 # cft deg6 r=4
4307345600,9933886400,11928389600,10339094200,6858550320,4302764460,2933897725,2052350950,1345899364,711969574,287618994,79362868,9868932,-2630364,-1196631,175828,303455,131356,27328,504,-1369,-358,-14,8,1 # cft deg6 r=4
-7241599,-50606460,-124033631,-65798745,214576251,402126325,258012188,85078487,93014433,93273121,25898449,-3512844,2913940,2800836,-579903,-475212,95623,68636,5726,1330,787,-82,-57,0,1 # cft deg6 r=4
964319,8483145,34366222,82985422,130532443,137542927,94775796,35971263,-2481060,-13214598,-9425508,-3890391,-947368,-10107,130839,77722,32396,16218,6268,96,-927,-297,-13,8,1 # cft deg6 r=8
641581,-1631643,18158721,-90313441,189399549,-173445985,24842388,76419984,-62470128,22644747,-3134107,-2415291,2624180,-1739790,882192,-361605,143428,-45420,9843,-2355,461,25,-12,-4,1 # cft deg6 r=0
-1539,-17469,-75339,-174330,-213367,-51892,215650,236015,-76746,-304966,-147540,133837,184143,45724,-50083,-39778,-3555,7715,3452,-29,-418,-112,1,6,1 # cft deg6 r=8
8984489,176531625,-563913588,235646706,784482496,-642170491,-428553523,539185366,77660277,-239047106,27265193,60323931,-18634139,-7917273,4519553,240095,-554757,69283,32996,-9204,-554,451,-28,-8,1 # cft deg6 r=4
-366525,-1472625,503930,6278360,2465379,-8469810,-3023157,7075411,2347850,-2699166,-1623359,688069,725052,-209524,-171483,47127,21609,-1134,-2556,-1437,528,154,-39,-4,1 # cft deg6 r=4
-22579699,-107154899,-244181748,-343173307,-313273775,-165201049,-951416,89084437,93166774,55414451,19657276,2031993,-1946425,-1037581,-4463,244044,139458,34076,-2360,-4902,-1763,-286,0,8,1 # cft deg6 r=4
1438199,8230089,2753735,-26133244,12649873,636387,7152951,-6759873,31749,1098236,-319226,270893,-34494,-108605,43471,-17750,13478,-1180,-1186,-496,243,78,-24,-4,1 # cft deg6 r=4
3769,16378,46324,116144,189320,368552,867292,1224881,1432350,1793575,1227888,389677,37925,-224981,39737,-41276,30860,-7534,1967,-512,-22,14,20,-8,1 # cft deg6 r=0
4606669,-9282764,-21926807,107517881,-164811427,62186064,146340628,-241024728,149107807,-11983706,-44180181,29085809,-4202389,-4056178,2406688,-288260,-207457,91414,-5008,-5623,1343,69,-58,2,1 # cft deg6 r=8
2025,8775,42210,79335,216629,192685,359848,603411,-30105,-414591,971511,1226464,-668193,-830309,346847,278732,-63381,-20054,3199,-1452,413,179,-44,-4,1 # cft deg6 r=4
-101,1225,-1758,-784,-6314,45819,-104598,119276,-19838,-130081,182003,-143969,112851,-94423,61823,-29475,12823,-6167,2321,-319,-109,26,17,-8,1 # cft deg6 r=4
-650671,-2034676,-4108160,-5515279,-5045827,-3169933,-501319,1125007,1717884,1115356,360529,-114997,-127639,-4505,58871,37140,10328,475,444,614,258,-12,-24,-4,1 # cft deg6 r=4
-2762479,22380584,-62543023,90192427,-69927370,5845534,61906694,-91370877,75076874,-40225201,14662156,-4377433,1829735,-948569,308387,-9164,-29882,5679,2450,-398,-528,186,0,-8,1 # cft deg6 r=4
-1576021,3652787,28832480,-10629579,-2514789,172530786,-147614643,6267854,141522495,-151385673,79669430,-9642957,-13544737,8636082,-1076366,-883803,383203,6648,-34370,4388,1594,-299,-44,8,1 # cft deg6 r=4
8011,-85406,295671,1576045,584002,-3175392,-3250251,1255532,2724198,27187,-1123604,-26414,428970,59360,-88682,-15040,10785,-22,-2580,-1067,-345,-53,23,10,1 # cft deg6 r=8
-399071,-1155899,-1393668,154783,923481,-587530,179094,1254631,55972,-153393,-38659,-207592,-41767,-27904,8064,15298,8242,4682,947,457,-10,-39,-21,0,1 # cft deg6 r=4
12955,50830,43771,-126691,-440016,-284168,335440,998656,406160,-233578,-610139,-294934,-32252,120264,60736,28972,6921,3885,-960,-1124,-478,-136,-14,4,1 # cft deg6 r=8
1030725,3096675,3056230,1241550,3560924,8081537,6391393,826886,-1403544,-914421,-308875,131594,148856,-27951,-4479,23309,-7268,-3982,3029,-534,-320,147,1,-8,1 # cft deg6 r=0
20064569,-60748688,73683976,-34544881,-41734968,80581085,-27566621,-33711271,34973048,-11001606,-2554191,3085235,-199341,-468535,88727,116988,-67653,1693,10038,-3632,222,198,-42,-2,1 # cft deg6 r=0
64,1088,3888,7624,1784,-21074,-34255,-3050,55760,51256,-20514,-52097,-15772,17678,17973,2856,-5731,-3637,137,921,287,-45,-31,0,1 # cft deg6 r=4
2863271,-14035208,22101884,2176545,-48195694,53861177,-6225261,-19995526,-17118005,63771378,-65127526,32250601,-2627499,-7225249,4371503,-482878,-501449,195305,4075,-14889,1935,371,-85,-2,1 # cft deg6 r=8
-5452849,58993987,-182772863,179363383,138017508,-398119594,101606636,317072892,-207690985,-114022750,126978959,6244660,-39235468,8075760,5996244,-2645424,-266015,346211,-34160,-19294,3568,412,-96,-4,1 # cft deg6 r=4
75125,-470475,663445,473855,200074,-2735519,-1376331,1407603,3931794,1614676,-595478,-967407,-243690,26309,25209,-11754,9589,10931,-2085,-1232,-335,248,-2,-10,1 # cft deg6 r=8
5262319,-23781560,46337178,-48024452,26273979,-99017,-18721756,23617523,-12755279,651213,3368086,-3641469,2848311,-1516383,631203,-249830,88231,-26343,7689,-2246,567,-150,46,-10,1 # cft deg6 r=0
8664389,-8174917,-10582504,10546590,11690185,-8301922,-8501771,2604167,5572177,163766,-1981599,-769045,396308,314516,9757,-63080,-19971,4252,3809,549,-194,-89,-7,2,1 # cft deg6 r=0
-69401,259307,20989,-1021601,474851,2012309,-1385351,-2312562,1936552,1623992,-1706664,-534836,924239,-113818,-155830,41360,7036,-256,-450,-778,224,75,-27,-2,1 # cft deg6 r=8
30923775,-151468650,388097820,-642244230,723861741,-551846700,237533758,30064703,-135923423,106036763,-37022035,-4184967,11342345,-5256928,431420,696719,-342631,35110,23336,-8451,236,364,-53,-4,1 # cft deg6 r=4
447039,44415,-1611108,1118373,2055788,-496429,-6031214,1749794,10545460,-7490053,-7291831,9349673,-173959,-3642153,1238264,376369,-210254,-37521,33451,-3441,-1303,324,6,-10,1 # cft deg6 r=4
28229031,95703210,135883509,108239469,78117743,70021143,53339311,30242332,12914076,7033465,5624619,1782562,-328213,-170018,-8438,4216,-8034,-9431,3229,2650,-195,-256,-14,8,1 # cft deg6 r=4
-463871,-7517884,-27818556,-46478364,-51179473,-28571403,31137366,110162561,164093808,161619026,114958995,59846929,21857677,4582121,-194595,-517766,-165990,-9924,9882,3280,185,-124,-24,2,1 # cft deg6 r=4
42674479,-74065024,44914921,-7105945,-7669486,4908674,3034354,-1634428,-1733091,-93906,1189223,-366044,-48737,81585,-15623,-38819,9279,12869,-4103,-1402,801,22,-43,2,1 # cft deg6 r=0
8975,-354000,505895,-4760490,-22495691,-2894809,68580471,66779028,-30839937,-55822188,19481975,56058988,24757210,-2707685,-4319532,-366963,375846,67366,-19099,-5472,658,289,-27,-8,1 # cft deg6 r=8
1602009,14088255,26065967,12100693,-857547,7096971,4352666,1953734,6022425,2377097,1018889,1307618,113821,237897,43054,57874,-939,-13911,9726,-1,-978,269,1,-10,1 # cft deg6 r=4
-123525,-130950,1706930,8295395,23350361,49747810,85466309,127434010,168412087,179962891,136633206,63039544,10525099,-4323667,-1432798,1233953,982037,262539,2744,-16356,-3714,7,128,20,1 # cft deg6 r=4
5016539,-47831179,29748279,341392411,640870122,597136132,270719281,-8559159,-83744682,-45450689,-9511755,-513201,-625998,-385579,94935,131694,23820,-8099,-1358,1330,390,-44,-24,2,1 # cft deg6 r=4
-21899,3065436,-502879,-13835139,16923513,-5492559,1727071,-6647614,5919752,-1266099,159073,-894812,873623,-367676,114964,-45878,15092,3817,-4409,652,489,-136,-16,8,1 # cft deg6 r=4
11447899,-38424565,66568782,-58584358,51494279,-81578010,131925653,-128426275,66063330,-1319281,-20783632,11404396,-151409,-2362923,780412,188228,-145754,11537,21605,-1862,-2278,-136,92,18,1 # cft deg6 r=0
-199025,10082450,-55984865,131042365,-109648074,-184644804,705783922,-1094597192,1042543743,-640603584,225254540,-7698705,-35091462,15451892,-452167,-1696763,419227,75667,-41115,-703,2158,-65,-67,2,1 # cft deg6 r=4
-729,-14499,14265,58122,-129866,62574,146870,-186303,-66187,162529,3769,-65011,11256,-4907,-373,14577,-1540,-4611,-2,722,-5,-93,-14,4,1 # cft deg6 r=8
35904839,-139299070,375679491,-494729861,176302123,150355866,-83163429,-63734536,45331559,9978763,-11366128,-2394398,3240517,54235,-535813,11654,79694,-8676,-6000,188,512,-2,-16,-4,1 # cft deg6 r=4
-5006725,43775875,-151497315,303605805,-391913971,323113076,-140494900,-15842960,65062779,-42096558,13005240,-2210306,1389955,-1207170,384934,54750,-66320,6267,7315,-1886,-429,230,-10,-8,1 # cft deg6 r=4
-697005,1518210,10309239,29464242,58159171,80775170,81718612,63509286,39486760,20033186,8588932,3338204,1374039,542432,212852,76282,29727,4544,-8,148,387,22,-30,-4,1 # cft deg6 r=4
766621,67278,4017474,6777415,12353152,19848109,40206000,60178303,74326959,71751463,57118918,37653943,20843326,9846720,3962296,1378534,412233,101083,18724,1542,-435,-192,-20,2,1 # cft deg6 r=0
1,0,75,0,-13240,0,54333,0,49771,0,-48356,0,8593,0,-5516,0,4375,0,-1155,0,200,0,-21,0,1 # cft deg6 r=4
-225581,-863463,1412558,1268980,-5005414,2558917,2979702,-3849890,633767,850405,-476333,222673,-153309,-57430,129615,-28295,-31077,16243,2300,-3227,435,181,-47,-2,1 # cft deg6 r=8
-206512279,-496773051,3933738251,-8053418894,7340415812,-1968963139,-2178730674,2222559980,-443628939,-408614116,231300992,17149298,-41734240,5400692,4341547,-1190489,-257972,126511,5815,-8105,360,319,-33,-6,1 # cft deg6 r=4
159488405,-140902730,-304637946,322199569,180942392,-291339058,-1846542,126221972,-40075850,-24355479,16783304,694194,-3009010,417764,287162,-42654,-34306,610,7429,-1144,-762,244,6,-10,1 # cft deg6 r=4
-389525,-1485500,-1499865,-2585400,-2051596,-1143910,833603,2450278,3645491,4173756,3619804,2696080,1612781,857012,365436,133836,39894,9318,1939,476,220,94,32,6,1 # cft deg6 r=4
65316571,22764960,74059199,-58658390,59601980,-38141916,63553873,-36349772,29819699,-15773768,11297251,-5063812,3023081,-1084122,578147,-173746,80173,-19718,6938,-966,229,-16,17,-4,1 # cft deg6 r=0
-556022651,-2020853236,-906279367,5668525320,10489685637,5744722417,-2082090335,-2823786763,1515389585,3489837117,2019847917,334594408,-150450105,-66843069,4426093,6388759,260957,-423864,-46880,17477,2612,-437,-70,6,1 # cft deg6 r=4
-1275025,-2635725,-43575,16682625,38996405,46072205,23151065,-9526300,-14951821,-5473870,1060703,5058031,3257675,-739287,-1030676,32882,154066,-1524,-13847,802,959,-42,-30,4,1 # cft deg6 r=4
-968579,-2597162,-6885547,-4928971,10374455,10164050,-2878995,-5233258,591103,1487721,-433922,-390498,228891,96741,-89595,-21862,25484,4980,-4534,-872,466,86,-28,-4,1 # cft deg6 r=4
20256975,-150039000,-245247125,133427225,366168530,7915305,-324057930,-201085055,50577979,105506442,32914976,-14803712,-13666232,-1762176,1886840,806064,-29504,-98781,-19196,4379,1816,-23,-65,-2,1 # cft deg6 r=4
-484511,-217528,152316,4179113,-1766234,-8812283,4284627,10658634,-6758404,-6988388,5715523,2593295,-2986371,-337804,924901,-98302,-153753,43096,10121,-5786,297,268,-51,-2,1 # cft deg6 r=4
-1068049,-2010330,436265,3935952,1482680,-3293943,-2696135,3643307,68905,-2295862,1880534,-460690,-386732,411198,-145541,-3870,23145,-11814,4917,-1703,332,-25,15,-8,1 # cft deg6 r=4
9306221,0,-137152339,0,497753433,0,-623116392,0,372123808,0,-116383126,0,18142436,0,-854110,0,-111468,0,13716,0,-127,0,-34,0,1 # cft deg6 r=20
2501,0,20008,0,-41600,0,-395124,0,214020,0,1183928,0,374430,0,-265844,0,-53852,0,22767,0,-60,0,-196,0,1 # cft deg6 r=12
42562879,-180900263,264809186,-85373712,-227790354,287787738,-56497457,-135712869,93729409,21068778,-44124311,3859198,12563476,-3347015,-2776475,896523,512545,-98520,-59237,3675,3477,15,-94,-2,1 # cft deg6 r=8
3878811,-10982199,-9038921,82083320,65700855,-115180285,-95299726,108431160,117219243,-22484933,-55064196,-4039954,14177163,2784872,-2408846,-657144,288532,90864,-24577,-7489,1478,333,-57,-6,1 # cft deg6 r=8
2501,0,-20008,0,-32320,0,352339,0,12960,0,-1211468,0,-370630,0,832544,0,263628,0,-64472,0,-4840,0,-44,0,1 # cft deg6 r=12
-333617551,211592020,500127685,-59594819,-203675087,17736496,-19647407,-47543594,44267397,35988597,-20102320,-15850382,5469675,4522943,-1090946,-848574,164914,102324,-17828,-7633,1254,322,-52,-6,1 # cft deg6 r=8
-24299609,-28357289,195148807,718751831,1211039154,1015261812,45884871,-577016423,-203258082,230011821,94858546,-81991287,-26607793,20967432,4251166,-3483609,-323808,359491,2262,-21582,1215,665,-65,-8,1 # cft deg6 r=8
-1398079,245406318,1212678174,2343379532,2102707149,410555980,-912338883,-801221707,-85479113,220088700,109324466,-14637709,-25970784,-4027073,2886033,1033546,-142101,-113709,-2160,7450,812,-278,-50,4,1 # cft deg6 r=8
2501,0,40016,0,-390760,0,-2710627,0,-6220052,0,-6942826,0,-3990965,0,-1066208,0,-65150,0,17034,0,2165,0,82,0,1 # cft deg6 r=4
461,-1384,-963,-2270,42482,-71624,-13453,143547,-123557,-41054,133841,-47665,-32908,29966,6500,-7185,480,299,488,212,0,2,-3,-4,1 # cft deg6 r=0
38125,90500,22975,-110850,160520,152340,268681,202693,237526,166008,95205,25515,17305,2425,3490,-735,1762,2181,1782,431,190,67,-4,-8,1 # cft deg6 r=0
81,7101,185589,727260,1084417,902047,2112178,2084465,-1813862,-1654637,2628460,-2438191,2651750,-347534,-507999,27519,75609,-15825,7687,-2941,-511,329,-8,-10,1 # cft deg6 r=0
-21899,-118294,165194,3279190,13823963,34010697,57656582,71982159,68711557,52250133,34502619,23055022,16969714,12256502,7423694,3426351,1109181,206628,-2495,-13515,-3587,-293,51,14,1 # cft deg6 r=4
-158029,-6054127,-53797725,-256311696,-790968591,-1730292367,-2826408976,-3556522518,-3503505696,-2706170598,-1607667691,-687046017,-160417976,30998284,51743918,27462949,8853995,1713246,110793,-37309,-11390,-1138,31,16,1 # cft deg6 r=8
1168249,-4774085,5323691,-12891732,35925709,-50008430,56556771,-86473828,114263645,-89157103,29172235,9585839,-12497508,3135739,1220746,-845355,42843,84836,-17537,-4162,1489,85,-59,0,1 # cft deg6 r=4
12941,-63668,-1236414,-5226235,-10837371,-14222953,-14401555,-13601734,-12422732,-9231380,-4458714,-732336,860431,1045810,754894,395694,169665,61392,17564,3290,-157,-298,-48,4,1 # cft deg6 r=4
161275,-1739880,8356904,-24308909,49408143,-75424582,89568004,-83954005,61860524,-34706846,13353829,-1972335,-1554487,1411861,-570685,92688,30374,-23652,6021,-2,-460,128,-6,-4,1 # cft deg6 r=4
826811,-1093584,2250787,-2987565,3762221,-4092398,3889145,-3267334,2230323,-1450546,852090,-192374,53580,78337,-5260,2462,10082,-218,-189,409,112,1,12,6,1 # cft deg6 r=0
419,-3980,11556,-25483,43274,-63425,69041,-36047,5190,17918,-22630,5501,-633,-1094,2196,-490,138,44,-257,27,84,-5,-14,0,1 # cft deg6 r=4
935469,3182670,-16947742,-7442252,32410416,4941100,-26006891,-2977323,11169930,3372453,-3178109,-2260000,828604,798190,-186115,-174418,23486,33951,-5442,-3711,842,169,-51,-2,1 # cft deg6 r=8
76446521,70423966,115172069,54862995,-223813842,-461566428,-543986518,-445663201,-178786048,72442463,159916134,113317142,34586819,-9415933,-13931351,-5205939,-182309,495383,157805,9175,-4527,-868,6,14,1 # cft deg6 r=4
626155,8727480,31662594,54751509,45546529,-4957058,-58259044,-70229163,-43593282,-12101951,3638851,5838121,3240084,917397,-18623,-133312,-52076,-5755,625,-1214,-963,-206,12,10,1 # cft deg6 r=4
-2745991,-25926887,30531969,23500102,-34265445,-13314547,11790065,13754457,6383967,-1945081,-3989420,-2970343,-1167485,-187587,115681,101188,49774,14469,1314,-1138,-488,-28,34,10,1 # cft deg6 r=4
-1222399,17683809,-4593106,-88666825,92334075,102212615,-182272641,-18056415,138053718,-22150797,-57137241,14842309,14705173,-4442227,-2490586,804529,289837,-93549,-23597,6949,1343,-308,-52,6,1 # cft deg6 r=8
-57789,268644,-290648,-201716,329329,414338,-1007724,31333,1141953,5069,-749689,34147,131152,-74842,70766,51479,-35813,-17886,5777,3222,-270,-275,-15,8,1 # cft deg6 r=8
6901281,25594947,-249754626,73492398,463484014,-307696210,-258194918,294381507,11396297,-117384010,36627801,19754139,-14375359,41913,2448993,-553146,-197846,93579,3290,-7420,682,288,-50,-4,1 # cft deg6 r=8
331281,-683409,200084,198600,399462,-258828,458598,-291560,113888,10208,120700,-217906,9880,33396,44266,-25496,1794,-1325,167,-371,114,199,-8,-10,1 # cft deg6 r=0
544239,2393442,4188879,5236149,7901983,8541935,-122532,-13723894,-18250396,-5699486,11313769,12039686,203220,-5232540,-1973419,771284,594189,19342,-56933,-7778,2576,428,-67,-8,1 # cft deg6 r=8
-236581,39527527,21802795,-82959545,-194834742,-221421753,-174293275,-110225402,-49197463,-12295718,-238755,2524988,2164462,1112130,576743,249710,67242,17460,4472,496,238,52,-27,-4,1 # cft deg6 r=4
666909,-5140905,36483683,-137077533,294225950,-415623778,428862524,-351017147,240948934,-140504891,67136738,-23460502,4194936,1088490,-1261556,573808,-152945,11052,9419,-4452,823,68,-45,0,1 # cft deg6 r=4
-226981,-2543078,2848199,4841274,-6337187,-1516348,-600084,-4219292,-1426144,-431805,-454020,163735,168387,159208,123897,48083,27144,11706,2795,969,141,33,0,-8,1 # cft deg6 r=4
304339,-2971192,1572703,8743985,-6339574,15525351,-61507306,69508955,-36223296,9417341,-2345488,1674316,-133179,-835315,559064,-125039,-30154,27545,-5974,-790,649,-44,-23,4,1 # cft deg6 r=4
1181,20893,224630,1207481,3125474,3017260,-1937650,-5405375,-2104370,653970,1674791,1612268,1073185,560861,330539,128805,60225,17825,6440,2310,594,192,35,4,1 # cft deg6 r=0
-919,2965,5508,-21360,-80044,331007,-470595,557513,-644208,517194,-473896,361407,-173002,92326,-68234,39360,-5648,-8378,6074,-1794,-40,166,-21,-6,1 # cft deg6 r=4
1018816,9244768,29105024,25211448,-37732636,-60247524,16292393,48818806,3998459,-20865039,-6671081,9118507,1437157,-2501589,79683,376422,-288,-102536,40633,-2111,-2384,491,23,-14,1 # cft deg6 r=4
16522549,-160810159,34937305,298653396,248043035,-62011409,-206872228,-139632631,-42040271,3021692,23792820,32039407,22363230,6769275,-1077519,-1533130,-366729,60080,45430,5123,-1609,-469,-8,10,1 # cft deg6 r=4
-3058291,-3076014,-8092088,-3905178,36291789,66150346,8075074,-110939176,-176089510,-142559668,-70002668,-21178780,-4157674,-1153100,-715675,-341812,-74260,22700,23381,6674,49,-394,-69,2,1 # cft deg6 r=4
493371,-2048409,1959147,-2149389,4484160,-1079001,2165103,-2615553,-1230212,-1844534,-480512,292053,552930,536351,257073,99190,8497,-8061,-3567,-702,483,124,-34,-4,1 # cft deg6 r=8
1031489,8916336,35122516,85936447,152206806,214865871,252458575,247640105,200438313,129955396,62490361,16894368,-3076672,-5609347,-1971682,121630,305245,47884,-9000,-10341,879,506,-53,-8,1 # cft deg6 r=0
821,8296,9633,-41923,-119284,-29968,197939,232827,-56144,-109811,358783,687416,480134,35185,-159674,-98039,-7153,18687,9428,694,-856,-277,0,10,1 # cft deg6 r=8
13628551,-71814956,223611981,-469576651,657225689,-567434115,208637495,131315888,-230078774,140999434,-28723147,-22277920,21565200,-6747156,-1094758,1609140,-418806,-60984,56053,-7640,-1976,632,-10,-12,1 # cft deg6 r=4
54225,-500775,2378965,-6721715,12077946,-14923821,11219340,385367,-10561484,7745268,2058811,-4886747,1023354,1265028,-591954,-144394,129574,3135,-15770,829,1170,-75,-51,2,1 # cft deg6 r=4
-1795,-144585,381369,2554422,-16208993,41894587,-65205018,68624104,-49630333,21228774,-398178,-5769496,3307401,-336250,-563866,336644,-47390,-31353,15100,-482,-1280,320,2,-10,1 # cft deg6 r=8
236432981,-640548693,3566149843,-5082056943,7954369210,-6479637699,2863892358,-247179934,-443573138,309139856,-26588007,-45282016,31602966,-5548190,-1488635,1183201,-70447,-139908,64127,-9510,-766,505,-49,-4,1 # cft deg6 r=0
7039225,624025,-7042145,-4661675,5183731,954601,1799235,-5851869,2927097,626303,567467,-1294119,112106,289951,30745,-112568,16195,19732,-6684,-1272,777,20,-40,0,1 # cft deg6 r=0
10257781,51650035,107379572,76767650,-105403575,-285288625,-245567875,-28490325,129611870,119913790,34427457,-15884405,-16402028,-3629420,1624113,1074650,70296,-105465,-24906,4690,1960,-80,-70,0,1 # cft deg6 r=8
-18225,0,-142155,-1932255,-3373299,2848086,9724370,-1135547,-7493449,-2047918,1731901,1845682,439264,-623448,-368469,95049,100464,-3435,-14680,-719,1235,80,-56,-2,1 # cft deg6 r=4
-1669,-6154,2276,35626,35154,-53240,-82010,68627,125961,-73264,-165442,14490,128610,35906,-50403,-30440,8009,8609,1183,-910,-511,-42,40,12,1 # cft deg6 r=4
-1699875,-16569150,-44288516,-60471382,-36614188,12485703,44444847,36294506,8101672,-9600379,-9384693,-2620884,940701,1013990,310894,-47624,-75335,-14852,7100,2652,-405,-240,2,10,1 # cft deg6 r=8
752275,2030725,4445980,10032425,10600786,-3627399,-12436580,1120341,10730392,702833,-5215518,-241599,1805281,49611,-378835,-33498,63095,7122,-7784,-842,747,30,-40,0,1 # cft deg6 r=0
405510939,375860565,682867733,1170752252,1144661961,861194747,637355805,353782717,135074456,54707077,19245871,4851451,2101986,377445,310102,14135,-14871,5023,1190,162,-186,-57,49,-12,1 # cft deg6 r=0
-816064,-5928064,-19459040,-36485464,-37269112,-2213152,62623891,122632332,143232070,118853338,72400416,31283371,7975751,-296445,-1348748,-638832,-132883,10428,15218,4003,95,-203,-40,2,1 # cft deg6 r=8
47321775,-267958125,423792535,-45727580,-426216951,250587788,161354509,-155416272,-39396788,60842074,3190194,-15190482,745161,2470579,-113707,-353486,8851,46400,-3166,-4177,555,204,-39,-4,1 # cft deg6 r=4
-18439,70000,122626,-1281931,3074719,-3153670,1407451,-1713315,4381058,-4707592,2025503,-206437,260130,-363536,29360,134466,-57996,-9078,11272,-1473,-718,206,12,-10,1 # cft deg6 r=4
439579,-2253986,146824,-354206,-504451,-61961,-660246,354929,-232531,-89391,-54366,110509,-29223,-19297,22857,10084,-12081,1973,1961,-1272,89,114,-28,-2,1 # cft deg6 r=8
8187731,-28803462,37641285,-21635394,4056263,3372485,-6249073,5804123,-1906734,-1116035,950766,-223195,125353,12819,-79306,20754,5919,-2648,937,-396,-83,104,-9,-6,1 # cft deg6 r=0
3370789,20248641,41289041,20159216,-38648347,-50739919,-6279817,20776385,14367198,3150822,-239223,871135,948043,159119,-159433,-60616,22667,11490,2613,-3200,-122,300,-20,-8,1 # cft deg6 r=0
22804011,28280205,-38296341,-87472746,-10795922,156980962,62171667,-218377556,26904827,111996842,-46100518,-17529196,12481903,40054,-924216,64232,-63775,36082,10379,-6654,-76,400,-32,-8,1 # cft deg6 r=8
-10063379,9416610,18298716,-27823426,-3705071,27932240,-16330424,-6321610,14449698,-6303292,-3152327,4135438,-690000,-904336,390890,107971,-90581,-2668,12942,-1813,-878,261,7,-10,1 # cft deg6 r=4
1714725,5393400,970355,-17235285,-22865986,2632857,34779009,32944782,-2123358,-21442114,-7541026,6742297,4954346,-132694,-883142,-143854,59446,21125,6849,3182,195,-249,-44,4,1 # cft deg6 r=4
-6691,57156,576824,1279131,710974,-1164314,-1792416,-291084,758254,425181,45774,-23974,-21318,-39458,-20918,5826,-736,2142,571,82,84,-34,-28,2,1 # cft deg6 r=8
4135949,33424951,134184951,350749701,661687233,946670506,1051752458,912850290,611542623,303267282,98275972,9993530,-8366457,-4466176,-457718,403234,165312,685,-14127,-2360,633,200,-20,-8,1 # cft deg6 r=0
9,1506,19304,103036,315914,581242,664278,530146,351527,105557,-281810,-263849,156457,121841,-22269,-5673,3888,-4893,2107,312,147,116,13,4,1 # cft deg6 r=4
-274419,1939659,-6209632,12745545,-17240196,14949787,-6485024,-1966230,4903427,-2394784,-1147431,2371907,-1492518,306291,227133,-225856,87322,-7402,-8543,4148,-775,28,17,-6,1 # cft deg6 r=4
-1662726411,-4448973351,-2075370713,-1871886365,4879447527,1805937060,-3115185653,-150485726,1036776122,-175311036,-224443268,73197623,35884516,-14751054,-4378766,1874048,391942,-163373,-24827,9986,1163,-399,-43,8,1 # cft deg6 r=4
-283319,1345168,-1962982,-5594352,35550698,-95200282,171380372,-230912824,245897140,-214524518,156809671,-97431122,52056726,-24112498,9722778,-3426782,1061475,-290324,70563,-15478,3100,-556,88,-12,1 # cft deg6 r=4
1079521,0,-4037810,0,4620785,0,3426320,0,-24716,0,916167,0,248038,0,-59820,0,-34256,0,-3541,0,92,0,28,0,1 # cft deg6 r=4
131375,924375,2969750,4652050,2299050,-3791365,-5986101,-1116088,-106647,-1098312,1288392,-309932,159743,136206,-120272,59688,-28349,4423,-191,-676,381,-66,26,-6,1 # cft deg6 r=4
4512591,-9503307,-12740842,10715278,29006576,-14977130,-33081169,8348207,27431429,4633877,-10941333,-5298716,1657213,1816186,136202,-299516,-94218,19149,15367,1447,-902,-240,9,10,1 # cft deg6 r=4
41054841,142794453,228605713,442236840,512748127,402238885,171195307,-28501058,-86622667,-45589259,-1697630,9741418,4249769,-217659,-635845,-175040,23029,28621,6485,-3512,-842,346,10,-12,1 # cft deg6 r=4
5995089,-81757728,310191676,-411175218,293389268,-166884763,76546209,-23600486,2091229,1343728,2247348,69286,-1451067,658020,-400012,109502,6582,-9197,10747,-3016,1275,-228,60,-6,1 # cft deg6 r=4
-729,3402,-972,-8829,2916,-6927,34148,-33494,-4204,-1100,34778,-27688,2121,1857,6330,-6702,2140,132,-178,34,-35,25,-1,-4,1 # cft deg6 r=4
79445,-1700165,11256941,-21457987,-3180306,36028040,-25757014,425037,7189151,-4358597,554889,1078589,-783232,124289,147605,-76284,-5856,13243,-2731,-994,315,32,-30,0,1 # cft deg6 r=4
-463491,1812720,5856556,5275747,2086565,3634929,6429813,2298042,-2769375,-1460647,1188093,1011284,109033,-186666,-110570,416,20284,1985,-2267,-468,121,72,2,-8,1 # cft deg6 r=4
-61,1453,-11939,37258,-71265,56448,117705,-237947,32663,111062,-3739,-34797,-22049,4621,10261,1028,1143,2981,749,-790,-505,-68,26,10,1 # cft deg6 r=8
-11601,-93858,-274874,-522432,-704456,-520152,136838,874436,1086318,559952,-204975,-548382,-374770,-59094,98770,90318,33737,120,-6633,-3626,-924,-44,44,12,1 # cft deg6 r=8
-46339,349215,-930458,682673,1604212,-4126053,3205732,953063,-3851782,3247373,-1275738,237383,-95869,116949,-64995,19602,-3065,810,-1806,690,57,-26,-20,0,1 # cft deg6 r=8
34594929,21921627,145336573,-113026363,218105412,-183481327,172493344,-86656202,38033020,-10644442,5719973,-2621459,990737,-90913,85054,-42302,21113,-1020,946,-370,230,16,2,0,1 # cft deg6 r=0
22901,-176846,713668,-1902612,3638728,-5154088,5442122,-4254237,2454719,-1107006,481988,-217236,60908,870,-1343,-2688,2353,-2773,2247,-1038,393,-170,60,-12,1 # cft deg6 r=0
1265625,0,-56250,0,990625,0,-803000,0,181900,0,-67605,0,28226,0,-11556,0,5468,0,-1185,0,148,0,-16,0,1 # cft deg6 r=0
9,-8097,-94589,-198997,-167965,419708,1818250,3291893,3895283,3470387,2405501,1252813,462566,110061,10961,-852,2153,1291,-1151,-1510,-635,-78,26,10,1 # cft deg6 r=8
389,-6692,41451,-128028,205024,-59258,-415002,847554,-625547,-273172,996825,-813458,63610,365684,-238530,4442,54877,-21790,-253,2686,-864,44,44,-12,1 # cft deg6 r=8
8918991,-22434165,13435047,9468813,-17222453,8794537,5892397,-6703487,-466717,2112913,-799003,-668757,313556,89749,-62435,-1768,13515,-300,-2066,120,207,-16,-20,0,1 # cft deg6 r=8
3553551,-8889615,18574632,-15916002,20613703,-4604694,13812278,3023912,8778439,4337220,4286926,2312693,1589666,778497,426088,191848,93702,39996,16480,5722,1742,426,86,12,1 # cft deg6 r=0
110479221,-664632216,1711189053,-1686678177,-169420837,1640102927,-1068425423,-209342692,572249264,-200458326,-82577817,79555084,-8892122,-11111460,3959642,477072,-420512,-21568,49627,-7808,-1322,420,10,-12,1 # cft deg6 r=0
15625,0,-159375,0,661875,0,-1409000,0,1522025,0,-715275,0,237826,0,-50056,0,9918,0,-1445,0,208,0,-16,0,1 # cft deg6 r=0
-269411,757131,260290,-1977486,892959,1250673,-1174038,213967,110408,-223274,223829,-69331,-39579,45681,-11133,-5772,1943,78,518,-6,-133,-8,2,2,1 # cft deg6 r=8
-82899,-441387,597743,1363989,-2553398,-4741595,-1275772,-406839,-1353904,1059326,2674618,1483131,499494,266416,47360,-53102,-24559,-6633,-4645,-1504,-62,-3,-5,4,1 # cft deg6 r=8
-4001,-103017,-735369,-679101,4710644,16353563,24189809,17796127,2349634,-7486964,-6524626,-1704405,421014,-43011,-602355,-470994,-156449,-8523,10921,2848,-303,-234,-20,6,1 # cft deg6 r=8
69804991,-149707781,354872699,-413272182,408446099,-229583509,115724438,14895870,-19642098,34613017,-9664456,6104231,620132,-277739,535953,-130718,63429,-3040,1359,1320,-143,98,4,0,1 # cft deg6 r=0
10547969,-122787544,492303553,-614678672,526087679,-361255156,214313796,-116096660,55950282,-20717812,8458891,-1204642,902172,373162,112321,123366,29867,19976,5707,2320,686,154,36,4,1 # cft deg6 r=0
4555459,-19745408,34312838,-29584841,-2388713,45263533,7492390,-97827830,43338709,30605610,-776542,-16087832,-3813890,5146493,1313811,-900634,-250453,96203,34229,-4692,-2916,-140,96,18,1 # cft deg6 r=0
45581,-40156,12731,194128,-77084,-138718,204628,-5638,-213877,86216,92504,-96590,-58470,602,12331,25195,7506,-8989,-3410,1434,543,-109,-34,4,1 # cft deg6 r=4
-81,-27,-63,-594,-234,-1494,-370,-134,-3376,-1074,693,-1860,-2202,629,331,-1649,-260,1031,495,-64,-134,-48,3,6,1 # cft deg6 r=8
-639,-2211,-4201,-3735,11182,19735,10386,-30285,-39981,14575,52554,-14241,-25610,17361,-8129,-20,7631,-6189,1933,-677,694,-420,125,-18,1 # cft deg6 r=4
-6651,-37581,-108089,-231546,-402396,-572530,-694369,-738004,-698421,-600536,-466432,-326092,-181627,-54166,18498,36926,27029,12042,3735,628,90,42,30,10,1 # cft deg6 r=4
-36945,44490,109190,-348905,400144,659277,-319833,7499,-1804480,-223674,1273497,-775197,510157,-54281,-111017,52166,-13659,-1499,5036,-1710,-206,198,-18,-6,1 # cft deg6 r=4
7636275,-23016150,26290800,5225400,-39855885,26838840,13777175,-23387855,4376896,6089298,-1475670,-1710981,243315,754572,-85522,-405803,289945,-71367,-5946,7092,-840,-375,146,-20,1 # cft deg6 r=0
-13491,376788,-2048821,5593666,-10242120,15619267,-22343129,27541255,-24469683,12406115,-645411,-2990761,768107,1210999,-1022012,195028,141110,-98491,19665,3533,-2636,486,-4,-10,1 # cft deg6 r=12
-14561,48074,-127270,162839,-155932,272038,-300181,157349,-109942,131728,-81225,37636,-41071,34365,-11335,-5788,11043,-7016,1033,1182,-660,68,38,-12,1 # cft deg6 r=8
-1690389,7521174,-4825089,-14598927,16507440,10097559,-16152837,-4294923,8843777,1366325,-3089377,-337583,727534,42502,-121396,4946,16575,-2326,-2414,246,307,7,-25,-2,1 # cft deg6 r=8
74509,-1118328,6268556,-15270038,19833720,-9076266,-9723780,17151323,-10761196,2453021,1371321,-2003655,1505272,-692326,65774,132440,-76836,8788,7172,-2890,63,178,-28,-4,1 # cft deg6 r=4
13851,-112023,-1108728,-3479193,-5091525,-2119878,4816971,9065232,5868168,-1152762,-4922969,-3534842,-540644,876550,675976,146912,-64875,-48261,-6367,3610,1161,-88,-58,0,1 # cft deg6 r=8
69255,-476280,1686015,-4006665,6854436,-9107937,9439020,-7298109,3587784,-6555,-2009693,2159111,-1208854,187133,279285,-215938,32595,28768,-12089,-1028,1190,-32,-54,2,1 # cft deg6 r=8
377249,-14996,-768180,-8266261,39426228,-84138092,108426879,-87089161,36469178,3493203,-12736410,3823451,3358679,-3167875,621665,430242,-248172,-1451,34163,-7388,-1305,578,-12,-12,1 # cft deg6 r=4
405,-5670,-44550,-106650,-111519,-34497,52500,-5364,-241531,-279770,31507,230146,109756,-1492,24170,32032,-310,-8077,1661,3392,685,-172,-54,2,1 # cft deg6 r=12
-179,105,-13273,-25159,71585,276322,441504,331625,57191,296071,782526,499497,-265838,-557457,-353777,-112424,-1575,20422,10609,1398,-680,-263,-10,8,1 # cft deg6 r=8
8661875,-9641250,-10592625,5031375,16985225,9119100,-38855375,4899100,35720555,-21876030,-8120250,10930490,7464,-3475145,1005611,460390,-284335,-1915,32982,-6105,-1196,470,-13,-10,1 # cft deg6 r=4
530969,-9547812,52808184,-108666419,65364010,79306807,-135246289,32826010,61988827,-44996870,-6084666,16658714,-3359353,-2925911,1332988,206303,-225175,13404,20400,-3967,-876,321,1,-10,1 # cft deg6 r=8
-1844641,7298948,-13373527,17411522,-9784396,-2744429,12632654,-13150069,8996772,-3643870,471497,587750,-383938,164,146890,-116498,44090,-12151,1900,385,-244,68,-5,2,1 # cft deg6 r=4
3783025,17770325,18270575,-15010075,-21201170,-22790640,-22044490,13677920,19686726,1010115,-4597813,-3205790,377606,1562025,206926,-347640,-28471,44520,-1342,-3710,424,120,-26,0,1 # cft deg6 r=4
-84159,886059,-621324,-222912,2792925,-5507226,7760208,-7693758,6083177,-3677730,1735333,-523538,80279,1812,4459,9641,-14005,5644,1051,-1274,172,97,-25,-2,1 # cft deg6 r=4
3967679,24431917,60740018,83431793,81992774,77974064,78255974,65954624,40997617,22231815,15162742,10925180,5343782,1222661,-89400,-90587,4785,4076,-2900,-1130,121,47,-10,-2,1 # cft deg6 r=0
3725,11625,32535,49075,129011,158633,175702,-171275,-20154,108784,926657,519961,1013339,413229,373487,126846,52223,16903,1109,-326,-257,-32,30,10,1 # cft deg6 r=0
2789321,795111,1922349,6771960,6737327,2521020,9098171,10391545,3285464,2393300,3352699,-646889,-1473635,71799,283281,-116660,-99899,30209,28003,382,-2671,-375,70,18,1 # cft deg6 r=4
-415629,3802344,-5452426,-15682367,17172122,22130781,-28446435,-26422057,29294164,20669426,-16073217,-10510296,4669710,3323387,-411945,-665841,-128135,73682,38656,-1413,-3614,-400,93,20,1 # cft deg6 r=8
13131,-58506,25111,339758,7061,-1350923,-1647217,471527,2378193,1408411,-758721,-1310850,-394160,306117,269556,27560,-51139,-20474,2730,3099,258,-194,-34,4,1 # cft deg6 r=4
739459,2184203,3054970,-2331697,-6151580,-3978100,6258508,5451882,1069141,-3222966,-1632179,-933002,-127830,-247838,-51804,-27118,6674,3665,-424,648,12,146,-8,-8,1 # cft deg6 r=4
729,44820,629225,-2923459,-528214,11354118,-11179436,-3766090,10090226,-1174990,-4757933,1545898,1357710,-638490,-242800,135358,41569,-22885,-5618,2888,584,-254,-26,8,1 # cft deg6 r=4
16209,6858,-36714,-199068,466679,-256673,37583,-468760,975411,-742843,168988,24739,106867,-156702,62985,16308,-22948,5497,1805,-1213,117,83,-23,-2,1 # cft deg6 r=0
-2671,18849,-51945,59886,40199,-295028,548027,-396687,-287927,929779,-907396,380871,27621,-81721,8477,10302,1953,-3428,588,-24,157,-62,2,-2,1 # cft deg6 r=8
-419,5257,85268,408971,1092457,743700,-1459522,-2090176,191691,1549599,658513,-376861,-457956,-59126,135780,62177,-18929,-16327,1860,1604,-157,-7,-5,-4,1 # cft deg6 r=8
31786289,179783008,410143446,461010994,200801979,-111596187,-193018126,-86249253,11748059,27370411,8433294,-1615545,-1146941,270989,205795,-71934,-71829,-7923,8031,2768,-153,-214,-20,6,1 # cft deg6 r=8
4481,-13179,804804,2678787,9731469,6101434,-9687137,-15281410,-10894083,-3812997,6020154,6741449,5681602,2933319,1244023,403498,115774,27980,7929,1500,337,2,4,0,1 # cft deg6 r=0
3559,12987,47058,216314,574457,663398,22815,-686645,-524506,123475,337988,117103,-52240,-51042,-15834,-6844,-5798,-852,3434,3748,2049,690,146,18,1 # cft deg6 r=0
40118275,192731625,-97157965,-405639165,163777499,391551317,-135895139,-238480058,71552912,100956317,-27958905,-30469421,8556379,6474619,-1986704,-930332,326520,84098,-35181,-4169,2263,80,-75,0,1 # cft deg6 r=4
81,567,-9153,14202,51525,-79218,121371,407037,-377717,-204087,671081,-334657,-40814,238495,-56619,3702,59455,-3606,-13237,230,1296,-8,-58,0,1 # cft deg6 r=4
127375,-613125,826575,806075,-1466205,594705,147735,-1675665,1228861,1219766,-1237531,-517382,652188,176568,-217511,-55418,49268,12643,-7347,-1890,737,141,-41,-4,1 # cft deg6 r=4
-62021,-342233,-935911,-1757788,-2611653,-3210371,-3385132,-3310237,-2685066,-1135643,431144,1071781,906019,498507,189405,44362,-10,-6305,-3741,-1362,-381,-70,-4,0,1 # cft deg6 r=4
271241,-903582,1190012,-1268689,1601944,-1251391,821816,-901881,597547,-348059,294777,-147465,77106,-53837,27357,-14826,6337,-2506,1609,-644,120,-30,0,2,1 # cft deg6 r=4
19991,-70330,162122,-388496,634170,-381312,-261661,391645,16201,-215991,191131,-256432,259272,-71433,-105687,119129,-42580,-8472,12829,-3513,-355,308,-20,-8,1 # cft deg6 r=4
103239,-93243,535439,-307903,1112162,-467256,1309848,-405637,1000149,-173943,588109,16231,243924,43037,69845,35242,19880,7685,2509,188,-81,-80,-4,0,1 # cft deg6 r=0
4171419,-18308430,39917907,-64248900,86344445,-96059976,89089178,-70976021,49382699,-29887667,15272150,-6231139,1710840,-30775,-249914,121457,-8958,-13400,5699,-64,-374,65,5,-2,1 # cft deg6 r=0
24611521,0,-86445425,0,-215294362,0,-35378326,0,135903601,0,67990803,0,-4295180,0,-6759965,0,-1191639,0,-74562,0,-918,0,51,0,1 # cft deg6 r=8
24611521,0,-13627867,0,-190022577,0,255485965,0,-20470990,0,-61765212,0,-500579,0,5632552,0,1303600,0,130210,0,6468,0,147,0,1 # cft deg6 r=8
24611521,0,-45968626,0,-126704637,0,183233920,0,183730265,0,-141322526,0,-34436077,0,13242066,0,3920229,0,313072,0,10803,0,170,0,1 # cft deg6 r=8
-2824141,10762776,-1780243,-17575811,-2806397,-6106469,-6935447,5520873,3148601,-4676918,-1238989,2151599,453499,-569785,-46364,159376,18533,-28220,-5623,2757,784,-121,-48,2,1 # cft deg6 r=4
-30269,106698,43532,-517755,293387,1125214,-1292747,-2500547,854074,2648196,512772,-912315,-302105,126969,-1402,-9776,27463,1324,-7062,-162,807,7,-45,0,1 # cft deg6 r=4
-270400,-488800,-423888,-468456,-2168020,-5481434,-7546149,-7144534,-4259625,346690,3070218,2327374,646763,-93048,-191639,-159286,-68359,9188,18473,4102,-924,-456,-30,8,1 # cft deg6 r=8
-1028179,-1119704,-4370728,1237549,5501281,-2554600,-1784024,4750661,481224,-4900969,-804793,2731299,760009,-906924,-344772,182035,88288,-21727,-13346,1458,1174,-45,-55,0,1 # cft deg6 r=4
264487,2290435,4847506,-2364849,-2878893,-4746440,-3504521,-3850644,-145710,451834,-612850,-537364,136175,226575,74548,31018,2560,-14432,-5497,1810,821,-102,-47,2,1 # cft deg6 r=4
-5491,-12138,-10115,-4335,-16524,-16830,-8432,-8942,-7291,-7598,1563,-3391,4780,-4010,2973,-847,176,-48,-317,247,-61,21,-10,0,1 # cft deg6 r=4
1579,-32506,-319243,-1136031,-1496062,-73900,1543861,1066250,-597141,-960101,125736,372159,114883,-169811,2890,2093,5405,6205,-2597,-1336,534,86,-39,-2,1 # cft deg6 r=4
-4183,10935,-20641,-7264,73144,-82102,-10871,96966,-72664,-6239,47008,-34323,6593,6382,-4755,78,274,457,-320,-67,149,-11,-20,2,1 # cft deg6 r=4
516443,-445349,-1797580,2736830,2843420,-6426085,-518058,6239680,-621811,-3941085,406885,1357711,-21534,-247456,-91161,35044,35003,-5936,-6246,690,673,-19,-37,0,1 # cft deg6 r=4
1260008,35912,-258702,392815,2571915,3029744,-1584197,-2157203,-1074359,1509212,1353081,-1049872,-374852,226078,173548,-74038,-40332,20739,3573,-3036,35,215,-23,-6,1 # cft deg6 r=0
661,-26466,299840,-1241265,2063686,916303,-11550403,27329406,-38501248,36860990,-24076859,9377129,-394527,-1983128,1177525,-207172,-91549,54584,-4237,-4100,1039,88,-51,0,1 # cft deg6 r=8
-13583,41327,-62713,173689,-380953,423963,-216563,-247520,859686,-1196075,1051554,-431580,-297303,728431,-789935,584618,-276215,58068,11944,-9498,1247,294,-73,-2,1 # cft deg6 r=8
1302383,-3657777,4941093,-4913957,5284232,-4664104,3241775,-2276242,2504653,-1799784,552763,102260,-17245,-67851,517,11864,2710,-2700,833,-556,226,-36,11,-6,1 # cft deg6 r=0
692224,-1584128,2184704,-2235456,1344352,763760,-2186440,-122348,3307742,-1342215,-2342230,1352801,1136956,-731087,-374358,240662,91645,-49031,-14683,6046,1553,-338,-66,6,1 # cft deg6 r=0
434825,275,1278131,-143802,-1703104,606585,1137911,77464,-457951,-729529,821283,-371307,217746,-136496,66953,-31608,11895,-3828,1386,-392,136,-60,15,-4,1 # cft deg6 r=0
-1016,-9976,195202,-304619,-2027980,621809,6156020,3652638,87264,-2141950,-2466439,-1179332,-14683,452869,327348,-1734,-98920,-27119,11118,5774,-9,-366,-42,6,1 # cft deg6 r=8
133051,102989,-2106904,3512291,-1458429,862995,-2830218,786506,4674024,-3953003,-1907703,2790650,232053,-1029930,82438,246136,-36805,-40425,6291,4782,-404,-361,-11,10,1 # cft deg6 r=8
2375633,1504529,2035104,4619125,3113816,-54184,-2141220,-1122684,-74761,-1816654,-1935943,608168,1231058,31354,-315266,-22436,46610,-2487,-6342,1226,970,-4,-44,0,1 # cft deg6 r=4
-2022877,8389643,-500112,-2025745,-6823402,9772516,-1270380,-2448438,-1553927,2622414,-218125,-479122,114864,15488,-70342,59940,-15338,-1297,2372,-1496,340,98,-44,0,1 # cft deg6 r=4
-358579,-303688,282095,570672,79757,-408975,-176790,163004,122224,3642,-12927,-18065,-13631,11487,12335,-1312,-4070,-385,971,272,-105,-59,-1,6,1 # cft deg6 r=4
-157,5089,3012,11611,10324,1394,-1548,-8540,-2733,3344,2235,-964,-2098,758,158,8,808,-275,-392,132,70,-32,-8,4,1 # cft deg6 r=4
-6343,26801,-42730,103444,-203913,232269,-258368,332449,-391672,470874,-482803,379337,-258685,191895,-145705,72000,-10359,-10082,6630,-1344,-281,192,-18,-6,1 # cft deg6 r=4
-100217,33605,700852,799299,-395406,-1071382,-44688,813906,188007,-504500,-197205,241500,135632,-82980,-61548,18808,19170,-2795,-3844,246,486,-12,-34,0,1 # cft deg6 r=4
7921,1958,14602,-46168,72927,-59977,36084,-240537,171611,310489,-255170,-207423,105605,88065,-27541,-21466,5727,2403,-1047,54,187,-30,-20,2,1 # cft deg6 r=4
-581039,-2116814,-3108433,-2818071,-4250025,-8403905,-9962750,-5941532,-726973,1438000,1083050,376020,171138,158506,62752,-27987,-34772,-8944,2637,1928,214,-111,-33,2,1 # cft deg6 r=4
-3551,22823,-57622,52400,56635,-168830,88493,91298,-99147,-19857,53811,-5333,-23417,12426,5717,-7928,784,2212,-896,-298,218,17,-23,0,1 # cft deg6 r=4
-11303,44357,51662,-145525,-133160,173670,46460,-132508,153491,236638,-1825,-29930,88380,52590,-26136,-12164,6446,-1579,-1742,782,314,-94,-28,4,1 # cft deg6 r=4
1,-40,679,-6068,29145,-74065,82072,-710,-29802,-90982,135677,-11715,-60379,24179,547,-4304,4324,839,-919,-20,53,-31,1,6,1 # cft deg6 r=4
-512,-8704,-6816,-29624,-9488,-6290,55203,54093,-12817,-94100,58319,120542,-37888,-59400,32346,30518,-8662,-9916,282,1754,289,-115,-33,2,1 # cft deg6 r=4
42304,644256,1576800,2079512,1812624,-183200,-1852467,-976992,751945,1895686,1343058,-451166,-998683,-164802,306419,127694,-38837,-30800,9,3630,584,-160,-44,2,1 # cft deg6 r=4
-80888,-190056,-226438,-334999,-282623,32928,210727,226310,182720,48614,-99220,-113111,-17555,41927,23902,-5452,-8865,-1421,1523,592,-153,-115,-7,6,1 # cft deg6 r=8
19133,64950,-118794,-479021,251933,1364875,-169112,-2049252,-35398,1811748,54225,-1020989,18589,379053,-31528,-87013,17882,12663,-4843,-1226,646,74,-41,-2,1 # cft deg6 r=12
-15931,-110368,-366,169539,10056985,-23836710,10105696,14355468,-25262609,25676046,-18363117,6595010,1589654,-2719546,896986,95516,-137987,21043,8690,-2646,-292,224,-6,-8,1 # cft deg6 r=8
12392,153584,-2770022,7787301,-8501977,2045509,3901624,-3084809,-1109171,3134575,-2231064,524607,511113,-712164,485206,-214662,57713,-2228,-6806,4020,-1270,203,5,-8,1 # cft deg6 r=8
9400,-31560,371834,-1471029,2906789,-3884510,3433917,-2063634,612492,126830,-231558,80957,19567,-9669,-23530,25528,-8155,-1707,1401,76,-223,69,-5,-4,1 # cft deg6 r=4
-9671,-135149,-408900,215872,2228530,2340231,-1157410,-3697283,-1429737,1563752,1441706,246496,-383665,-442750,-45648,168787,50211,-29262,-10849,2595,1069,-113,-52,2,1 # cft deg6 r=12
5387,33565,18275,-132887,-44471,287647,-7893,-344107,277276,-43235,-172759,214870,-89823,-11486,40027,-28932,11768,-3129,324,552,-186,42,-6,-4,1 # cft deg6 r=4
92583,-466317,1430379,-3068118,4445577,-4279617,2736577,-1096988,99887,266469,-256591,136005,-35512,-9725,14813,-8380,2521,-71,-409,282,-79,5,11,-4,1 # cft deg6 r=0
163643,172387,387955,-435180,242609,-435703,1449883,-1083320,703273,-1265296,1450910,-919785,448761,-313040,222151,-96858,26461,-7581,2100,360,-529,136,6,-8,1 # cft deg6 r=0
8,52,280,937,2262,-207,-706,-4053,522,-482,3669,-133,979,-495,1381,310,62,-299,51,12,-37,-28,4,6,1 # cft deg6 r=0
2719201,0,-2483207,0,6127869,0,-9143982,0,5312776,0,-1269201,0,364092,0,-75557,0,13603,0,-2133,0,270,0,-20,0,1 # cft deg6 r=0
-2399,-671,-10818,-12421,-46778,-40116,-145452,-154244,-203221,-272472,-182093,-165172,-29622,49614,60106,88956,39454,-3215,-12642,-1638,1590,92,-76,0,1 # cft deg6 r=4
-1555075,-816935,-105382,3364262,603608,-1949314,-2957431,1500873,2813906,-669807,-1570183,56699,837342,-121883,-241632,70020,37686,-24399,3023,1916,-916,134,6,-6,1 # cft deg6 r=4
-18071,-36941,41176,129296,464387,814323,1077855,685452,-381095,-889687,-407181,328985,444886,26185,-143558,-45064,16716,11970,1356,-1026,-444,-28,18,6,1 # cft deg6 r=4
1508443,1570487,955340,1917877,-1122289,-2053237,2545690,2515722,-814054,-78296,1885443,1391190,374939,261045,324043,195196,63491,9972,-2274,-2080,-454,-12,12,6,1 # cft deg6 r=4
41189,13736,5411,-151459,-11057,45062,40293,-219613,-45478,167833,126726,-123280,-73444,50395,34013,-19805,-9694,6814,925,-1266,70,115,-19,-4,1 # cft deg6 r=4
32768,47104,73728,132872,233468,271128,288011,265160,221738,163280,59894,-55272,-69766,-3200,31051,15034,-4163,-5356,-264,1004,197,-84,-20,4,1 # cft deg6 r=4
310207,-244965,1000666,2498712,9477647,10908271,4840097,1666419,3810944,3038737,682683,-282567,-295172,-240915,4045,140290,96428,25539,-2197,-3724,-1027,-40,46,12,1 # cft deg6 r=0
9541912,44695720,110341586,222545923,353083262,398830221,312060733,155965888,47493304,8574825,2508700,-782550,-2296834,-1206483,184132,379978,56410,-42463,-7653,4294,933,-185,-45,4,1 # cft deg6 r=0
-1181,3302,-20001,56626,41063,-516872,1231458,-1679048,1447814,-818352,309267,-110608,137976,-173256,145733,-80550,26245,-818,-3823,2136,-558,40,22,-8,1 # cft deg6 r=4
27136,10880,-13696,154872,174636,11268,58259,60307,-2369,-22716,-7705,48180,6834,-46222,-35818,7048,17858,2736,-3888,-1066,607,75,-39,-2,1 # cft deg6 r=4
12511,-134775,738357,-2672270,7085763,-14520896,23735318,-31579558,34654552,-31611672,24012863,-15075687,7631264,-2911645,651508,85960,-166609,87446,-26562,3808,573,-455,117,-16,1 # cft deg6 r=4
-7013,943,109279,34041,-538720,-315411,1086099,868396,-946194,-986767,444058,614138,-120191,-240144,15484,63126,1317,-11450,-1021,1408,211,-108,-22,4,1 # cft deg6 r=12
6809009,-22701010,20369138,1016723,18830578,-69649117,50637058,35328514,-72890729,26080050,29062620,-33476782,8915499,6307603,-5850206,1340484,524006,-419962,101020,-1618,-4155,755,-3,-12,1 # cft deg6 r=0
7259800,-9825980,13623746,-94293977,313108854,-605540276,813506968,-825090004,650877708,-382711008,134414115,8938412,-41659500,22287040,-3398376,-1951556,1178354,-203243,-33338,21216,-3040,-260,148,-20,1 # cft deg6 r=0
62273,165976,265299,374086,505702,563510,516829,424566,321301,231140,200802,198236,144499,51414,-4716,-6008,6722,7764,2535,-296,-438,-94,12,8,1 # cft deg6 r=0
-961,15407,116868,-3185065,18843090,-44201014,62339158,-85252112,106908060,-68148405,-17368130,53996026,-24253637,-6062819,8102079,-1333338,-812590,311328,14262,-21189,1597,595,-78,-6,1 # cft deg6 r=16
9571,30328,-206789,191368,422078,-1411483,1021930,1326948,-2670584,783971,1582964,-1351170,-209170,657109,-135414,-160907,71175,18234,-14269,-520,1322,-41,-57,2,1 # cft deg6 r=8
-134525,-905025,-1089352,-249383,1921160,-3903568,375513,5891034,-5284072,2373291,23047,-786031,173379,-137619,127772,21033,5148,-21324,693,1836,199,-41,-35,0,1 # cft deg6 r=8
-169,-243,-108,4488,-89684,-173677,399473,320301,-842100,-67320,875632,-292292,-439951,295458,87190,-118563,3183,25666,-5365,-2566,827,115,-47,-2,1 # cft deg6 r=4
-77909,-149188,285020,633592,-531768,-1114828,720349,1078271,-685586,-594090,380363,208785,-131374,-48194,28331,5987,-2710,298,-631,-50,154,1,-7,-4,1 # cft deg6 r=4
53023,-196248,425060,-278281,-463552,1670609,-1941635,864320,1100873,-2182950,1706860,-456252,-483986,571615,-282880,26741,52576,-35011,10572,-542,-568,193,-21,-4,1 # cft deg6 r=8
180200,-686460,947326,-499257,-42294,-39816,440252,142164,-255722,86248,691059,218232,-96776,220060,257208,99620,69814,59829,21070,-48,-1816,-356,18,12,1 # cft deg6 r=0
74273,-231659,504768,-562731,591768,-344374,419513,-244298,367195,-220729,245096,-106833,40340,-21154,39594,-38961,16399,452,2691,-3082,465,181,-39,-4,1 # cft deg6 r=0
24600325,-79923825,89831531,47354800,-150255430,9426553,130089240,-41929297,-64308395,26803867,22600845,-10184583,-4970641,1885223,1096659,-317007,-180546,53340,16647,-6176,-627,387,-9,-10,1 # cft deg6 r=4
13592,4632,-3878,31725,109438,103323,53440,46896,81975,73603,49494,40257,30916,9612,-3519,-854,6026,7581,4332,924,-211,-116,4,8,1 # cft deg6 r=0
4225,-17290,50694,-48101,142170,78209,258010,353404,412069,454226,368064,229080,118421,26483,-15008,1316,22594,19132,6342,-52,-693,-179,3,8,1 # cft deg6 r=0
-209257,1829198,-7134056,13413501,-13164035,5683024,1425355,-4448961,6297622,-8386737,8628208,-6067007,2511442,-120634,-571884,356222,-69537,-25854,18248,-2918,-771,364,-32,-6,1 # cft deg6 r=4
57664,-34272,205776,-177688,441724,-268670,509557,-139078,305397,96948,87152,158276,81950,65019,47841,17207,15963,7065,3498,2322,325,-183,-39,4,1 # cft deg6 r=0
2312,22780,-62284,3326973,-1106014,-783397,3823098,-2627234,570335,903559,-1525132,862715,-236996,84434,-33967,-15886,28328,-17013,5302,-390,-349,144,-20,-2,1 # cft deg6 r=4
238808,-900680,1160358,-535011,-17286,508284,-272172,-170655,121600,227680,-91561,-121501,86438,20658,-38735,7496,10688,-4283,-1953,960,290,-92,-24,4,1 # cft deg6 r=4
16507,255510,620334,-849844,-2860728,-839081,2689274,3886556,1534970,-1831481,-1389213,640517,702883,1815,-45073,74952,38571,-1730,-2869,-82,-135,-122,-10,6,1 # cft deg6 r=8
-23872,91968,-149524,187539,49918,-610880,822581,-372512,-235189,544941,-477850,-70627,371557,-92632,-129286,51193,27912,-12665,-4110,1816,440,-149,-35,4,1 # cft deg6 r=8
-227575,1554240,-5356928,11821568,-18661082,22259652,-20559281,14448765,-6904060,1062836,1517029,-1392629,303020,381620,-402761,160221,4986,-38090,18537,-3048,-656,371,-45,-4,1 # cft deg6 r=4
1783675,11991430,36052858,50141790,26043089,-13562914,-21197890,-509649,10978738,4989236,-1927032,-2342806,-207504,785353,457253,-26350,-122604,-37285,7041,5642,477,-255,-45,4,1 # cft deg6 r=4
204871,-1476513,4685976,-8810940,10942196,-8989901,3939902,686374,-2061021,745849,614715,-673260,133709,113251,-50721,-17183,12977,1415,-2078,-44,198,11,-9,-4,1 # cft deg6 r=4
-53311,199139,-436995,602653,-274228,19511,-882848,2433458,-3033884,2836808,-2907368,2850719,-1788831,557772,-26941,-58162,73884,-55021,16024,1950,-2285,434,12,-12,1 # cft deg6 r=4
1989800,2728860,4891104,2639639,1829179,-571448,834844,684999,699931,-47226,383696,436699,190445,35405,60772,51336,18595,4367,2119,830,152,2,0,2,1 # cft deg6 r=0
-285343,-2592118,-8283564,-12856031,-2887257,21343440,29778913,4805009,-19029438,-12855779,2860536,5602443,597754,-1483098,-446090,259610,121255,-29246,-19204,1644,1739,8,-70,-2,1 # cft deg6 r=8
165307,557325,1057983,1032423,614410,336117,1346033,1613699,1076947,86359,369856,-195740,288365,-103760,14841,972,-2771,-111,-151,-112,29,26,-2,2,1 # cft deg6 r=0
111709,966043,216396,-2301674,-2870351,-202609,4292293,2899479,-806874,-2210175,-954763,1272871,676102,-443823,-211859,102236,40948,-14747,-4955,1420,427,-88,-24,4,1 # cft deg6 r=8
-236963,614720,-963462,903171,-793596,-1654614,3620884,896525,-1528869,1502143,706574,-958180,-66965,396935,3860,-96886,5632,22035,-2825,-2824,687,162,-52,-2,1 # cft deg6 r=4
1327,-13324,-28946,-52815,-155634,-94126,-138252,-7505,293803,313267,308112,226508,23455,-1475,79354,64768,14672,381,1391,526,-235,-130,-6,6,1 # cft deg6 r=4
117491,252681,-1128741,-3343080,-1001420,3039518,1006643,-3511944,-1876251,2207248,1686567,-860895,-769922,431285,442500,-32437,-90400,5133,13136,-1812,-968,267,7,-10,1 # cft deg6 r=8
-72479,-41030,461843,-471158,-327881,1399089,-2470796,3592824,-3781968,1655632,1880485,-3824887,2875219,-813555,-326531,369280,-110992,-9517,15319,-3152,-421,261,-21,-6,1 # cft deg6 r=8
13048792,36686068,-98229608,-47199467,221813241,-160524535,-136751622,335052784,-70773795,-213858709,114384441,50931113,-46604462,-2381603,9065486,-1046067,-942210,217016,48557,-18244,-616,713,-39,-10,1 # cft deg6 r=8
2783752,2173756,15433592,13220877,14345513,8620957,11604664,10172866,7533753,4298092,2327415,1812690,1065812,470095,107835,-24180,311,4800,-2630,-430,566,54,-38,-2,1 # cft deg6 r=0
-12157,-1683,-9986,133486,45856,276742,1533503,2778788,4136390,5196308,4936746,3879917,2328084,867375,124950,-92460,-84111,-38860,-5787,4366,1449,-154,-68,2,1 # cft deg6 r=8
6197,37914,51223,62025,-8767,-56124,-69686,-73184,46397,34024,-32358,73562,80493,-94210,-46909,51599,1285,-13947,2570,2138,-462,-219,19,12,1 # cft deg6 r=8
-13945976,52199180,-62780990,5723845,52238195,-55278198,41348470,-35975795,19396601,-350001,-3101726,692822,-827745,654181,185981,-269223,3176,49355,-5270,-5076,740,279,-45,-6,1 # cft deg6 r=8
4830473,-6403614,-28107730,19766546,52159442,-26205103,-53140158,19783968,36754246,-9100637,-18505131,2681821,6699423,-554045,-1672517,94960,276565,-14300,-29133,1504,1865,-86,-66,2,1 # cft deg6 r=8
2094248,3594396,3947430,6402325,6545232,6382861,3926632,105949,-2057275,-2178746,412183,1700225,264485,-524806,-111376,108566,25710,-13067,-2015,1658,170,-143,-17,6,1 # cft deg6 r=4
-281128,-1281260,2930228,-1268541,-683043,-620775,2310340,-988651,-703523,53773,889386,-448613,-162605,123656,51126,-44508,-2027,6530,-108,-560,-128,115,-7,-6,1 # cft deg6 r=4
-95731,-643697,-1712858,-1762539,1311359,5229798,4121448,-1796094,-4202710,-976948,1254759,409141,-325171,-22854,173045,39828,-41925,-19417,2461,2846,213,-179,-31,4,1 # cft deg6 r=8
-36332761,-6785003,147906263,-1308326,-250202310,57425010,223190549,-92876272,-111566374,61520295,39722710,-29208255,-7608629,8880840,146295,-1535040,186888,146167,-30594,-7639,2163,201,-74,-2,1 # cft deg6 r=4
-764851,3267644,-6420809,5068385,4154120,-17060954,23195640,-17062352,3827013,4838150,-3400684,-2604986,5021927,-2716314,-22518,677696,-228570,-46061,42295,-5156,-2081,638,-24,-10,1 # cft deg6 r=4
-8009,-27793,-30579,-20109,-149625,-683574,-1742900,-3053536,-3988940,-3977593,-2985042,-1575402,-441796,108193,207811,130537,49132,8867,-2342,-2525,-988,-197,-6,6,1 # cft deg6 r=4
9832231,18278232,27910390,38831393,47081897,48082663,42239709,33564072,24953843,16815287,9736652,4988805,2418768,1076370,378403,75347,2566,6655,7751,2418,-61,-180,-25,4,1 # cft deg6 r=0
-30504512,-72759360,25495584,170952832,111597148,-8242308,101861,21243575,-11904086,-24304309,-5765349,3217420,648724,-146079,642725,367918,-75438,-87860,-6077,7692,1236,-292,-61,4,1 # cft deg6 r=8
-4201,217,11812,-14520,22902,-20533,-24583,9901,157211,-329555,311789,-153919,40658,-28725,46180,-40038,19085,-4182,-778,1030,-430,88,3,-6,1 # cft deg6 r=4
1077544,3549676,5547572,4573725,1348614,-1292759,-1500036,-370035,1704911,2554854,488347,-1992565,-1508081,393954,728116,64720,-154060,-37341,15493,5772,-570,-387,-11,10,1 # cft deg6 r=4
-35648,158560,-1640992,1944888,5203708,-6935676,-8520635,8583328,7692665,-5943857,-4261715,3055400,2023466,-940399,-716347,169615,159241,-19433,-21030,1536,1590,-80,-63,2,1 # cft deg6 r=4
19925,-141225,623074,-1900850,4055212,-6366247,7717779,-7450121,5830988,-3726284,1933236,-787748,231857,-37280,-36,-2325,4771,-3148,1121,-182,-29,15,3,-4,1 # cft deg6 r=0
142696,327116,-1876900,3696709,-2868408,-446549,3208702,-2638141,344278,1017278,-554425,-345109,634343,-338577,22043,82164,-50442,9957,3335,-2348,371,92,-34,0,1 # cft deg6 r=4
4504,-12288,63450,-247245,705289,-202414,-1814030,1593801,1576098,-2237342,-320560,1299378,-237011,-331156,137594,-7632,-4826,11636,-5357,-1957,882,143,-50,-4,1 # cft deg6 r=4
47371,117442,89570,120040,387244,496854,231381,153697,423976,434072,102151,-45315,58542,85712,-4751,-47933,-20698,4332,5489,862,-444,-167,1,8,1 # cft deg6 r=4
-621371,-5217723,60143512,12892896,52935641,-20837386,26583949,-18183745,9819246,-7894323,4835408,-3191737,1969338,-873822,312464,-83056,10990,1364,-2586,1446,-377,38,10,-6,1 # cft deg6 r=4
1,0,31,0,298,0,1014,0,1647,0,1316,0,-8109,0,-9109,0,-1944,0,389,0,56,0,-16,0,1 # cft deg6 r=4
235441,749808,1090558,1071793,-106339,114604,1353269,1100933,-865366,-1243206,619568,801652,-279834,-308317,71200,72118,-6659,-9706,-510,690,215,9,-3,4,1 # cft deg6 r=4
-401032,4446596,12352236,911323,-17059454,-8183264,11220336,9288030,-3167836,-3739114,1615883,1861144,-158476,-437384,12664,105300,37532,9249,4054,1020,-160,-142,-20,2,1 # cft deg6 r=4
-2399,11001,-18688,118955,-163932,179972,-294694,299855,77969,-34998,84343,-228096,315976,-84936,80647,-61769,22992,-3499,676,28,-218,97,-9,-2,1 # cft deg6 r=4
3139816,9243840,18020658,27771843,30463106,24026306,14802916,5451836,-1226176,-1044234,2576331,3456852,1742592,339020,-89740,-107448,-33714,14313,14282,3070,-424,-208,8,10,1 # cft deg6 r=4
665752,-2507584,5699582,-8567021,8050865,-4950467,1794168,1073638,-2515079,1069489,1188185,-1513417,382786,392563,-364754,97223,28560,-28320,6565,1054,-902,145,21,-10,1 # cft deg6 r=4
65629624,294899892,664980864,1064784859,1442492191,1719242463,1683992494,1235508476,611406569,159116820,-12921307,-25838870,-8219086,-803593,225061,213694,114699,24832,-2738,-1970,-260,-40,-6,4,1 # cft deg6 r=0
57800,-412420,-1141532,-2759643,-4028660,-3412577,-1029337,1532401,2327215,209907,-2063096,-1302642,667918,852811,-15830,-276232,-52704,57869,28851,1228,-2053,-448,10,12,1 # cft deg6 r=4
9448,18412,172576,335437,934151,1194412,1910499,1611972,1783819,1004983,872491,379667,275077,123655,51347,21836,9050,-2026,3135,-162,-185,74,16,-10,1 # cft deg6 r=0
26669,-259993,1264981,-2287840,4767896,-4650444,4532586,-3350145,3211446,-2128352,1106520,-202594,126141,38222,14936,-22403,6356,5034,4729,2010,71,-141,5,10,1 # cft deg6 r=0
-103496,-1061140,-2273418,-710327,3270583,5694785,6299740,6770508,5743399,3553478,3388375,4600192,3726574,1019781,-652131,-592498,-95015,72236,35838,2444,-1960,-446,10,12,1 # cft deg6 r=4
50321,-32410,332785,-223542,1431366,-1242078,2776081,-835454,479911,984796,-346080,-176438,407195,258416,-44734,-60280,17170,27484,7155,-1614,-1206,-162,34,12,1 # cft deg6 r=0
961,682,104421,-392108,503833,-495228,335664,-434142,351088,-108376,71109,-39798,424,-7036,21965,12846,-14707,-4054,4117,1252,-392,-160,12,10,1 # cft deg6 r=4
-32768,-401408,-1800704,-1881024,-1441600,-65056,-457760,-905980,498892,-76745,834923,-552678,60315,-24346,-62184,108732,-24502,-24657,12777,390,-1595,365,1,-10,1 # cft deg6 r=4
-6203,683,21519,102485,234161,449959,598477,618141,424426,180563,-42435,-126162,-117711,-57222,-15327,2292,2500,257,-780,-702,-262,-60,2,6,1 # cft deg6 r=4
82811,-86638,175717,-342930,390919,-133690,-95256,156907,-34263,-17197,35492,13125,-16875,35125,19398,2606,7741,4207,2055,1142,26,-138,-16,6,1 # cft deg6 r=4
79936,-106736,205592,-232019,212963,-158974,159715,20970,-145399,1643,108519,8093,-89535,14493,32547,-12816,-4874,4530,-125,-868,149,90,-20,-4,1 # cft deg6 r=4
55416241,-44832193,71923867,66913057,-18771726,-180765698,183325404,74243460,-108680983,-14141365,28792392,7403489,-3723978,-3425376,23278,851849,102624,-112230,-19405,7974,1638,-283,-65,4,1 # cft deg6 r=4
5415416,-23014648,53341158,-78883369,81789068,-57508195,23357798,-1599504,-1255883,-3052169,3032816,584237,-1869504,429530,575777,-342592,-20750,61269,-8768,-4712,1189,156,-56,-2,1 # cft deg6 r=0
906007,758745,1670533,947305,1671082,1396516,948380,1028240,921141,633333,492888,315555,190024,90090,67226,49983,-2052,-20012,-4557,2338,756,-111,-45,2,1 # cft deg6 r=0
88952,-896588,1015278,8057579,2252897,5510106,-2420500,1716283,-46637,1046724,1397908,739519,-910845,-376673,64780,132092,13753,-22935,-1247,442,532,28,-46,0,1 # cft deg6 r=4
1071661,172456,3031347,-22289588,25719301,-9288218,6393823,-3703618,-5003167,1369998,4541908,-1600540,-1267441,267186,480002,-125176,-82774,25452,11816,-5692,80,296,-32,-6,1 # cft deg6 r=4
7835613361,0,6279446485,0,7950974003,0,4563495305,0,534456910,0,-120215759,0,-4407344,0,2051658,0,-98416,0,-8324,0,1177,0,-54,0,1 # cft deg6 r=0
-1016,-13804,-93758,-8913,204265,350786,-113359,159480,314696,-238386,-122428,235041,-23397,-39491,36192,-30144,-7821,25127,-5757,-3902,1253,201,-71,-2,1 # cft deg6 r=4
6088,825208,2630562,6057529,17856514,43821349,80389226,118488573,146226816,151337538,130921997,95118733,58456919,30460525,13398469,4935358,1513658,387267,83863,15956,2865,512,86,12,1 # cft deg6 r=4
154695232,114422304,92205872,-27949272,156190996,176727630,208159791,103141864,63459859,23374810,13621718,5223020,3821563,1976330,1186523,510318,193649,55272,14543,2178,618,8,30,0,1 # cft deg6 r=0
479443,1237221,2196760,4567790,7536041,8942921,9647355,10547939,9835610,6974357,3890831,1940425,1037960,670857,455087,260502,114994,37633,7589,30,-369,2,46,12,1 # cft deg6 r=0
-88600,84820,-44874,114003,-29604,31524,-68264,185374,21568,-67671,-37216,86083,17744,-32187,-7321,10657,6863,-4624,-243,168,279,63,-37,-2,1 # cft deg6 r=4
34376,344704,1616746,4942113,11504624,22190232,36613462,51510846,60372796,57168981,42112816,22636645,7505178,312209,-1093655,-477039,36853,118316,50675,7598,-1115,-541,-37,8,1 # cft deg6 r=4
2099,6125,27841,24858,65141,260533,16869,-239566,-76849,163192,131484,17563,-12087,11642,31157,24466,4265,-7195,-6398,-2340,-257,126,62,12,1 # cft deg6 r=4
222631,1439047,6309452,16648299,28644267,37144196,44183233,52587670,55290170,43737648,22778582,5732425,-1244570,-1771683,-827631,-229516,-2349,38339,17033,1236,-1158,-311,3,10,1 # cft deg6 r=4
1,32,-218,-5827,71810,-323688,689216,-360020,-1699054,4158541,-3264711,-1125143,3859384,-2364801,-176413,899131,-400398,9584,45184,-12705,-108,547,-58,-6,1 # cft deg6 r=16
46338617,0,-160635176,0,127107266,0,126602723,0,-236442989,0,93938143,0,22602328,0,-24487025,0,5214576,0,-224898,0,-1451,0,109,0,1 # cft deg6 r=16
2873,0,-51714,0,43979,0,838916,0,-1675671,0,829714,0,175011,0,-226182,0,38181,0,6856,0,-2193,0,122,0,1 # cft deg6 r=16
2873,0,180999,0,-2075632,0,1919606,0,2491828,0,-2197804,0,-660763,0,547148,0,-68010,0,-5587,0,1391,0,-71,0,1 # cft deg6 r=16
183872,0,-2482272,0,4894708,0,18298579,0,16594756,0,6020330,0,568807,0,-189485,0,-50913,0,-2717,0,324,0,39,0,1 # cft deg6 r=8
181768,876108,1129102,221201,450732,804369,-231672,768479,-122712,-643838,68203,-489835,161751,545911,-149809,-222748,59980,51507,-15341,-5546,1873,186,-76,-2,1 # cft deg6 r=8
-118477,-12652,724611,525759,-1103912,-927668,1361315,1250352,-1244827,-1477447,429092,875529,-128751,-466777,-63532,135845,47727,-17131,-10177,644,980,28,-47,-2,1 # cft deg6 r=8
-2669,-4216,4267,5304,-2398,-4038,4938,-800,629,-1566,206,-3190,3464,-454,1049,-1804,774,-168,176,-140,41,-10,11,-6,1 # cft deg6 r=4
-33016,-6204,473580,421717,-1449302,-1228731,2147839,1525189,-2016456,-580889,760308,3285,146955,-151805,-37113,35536,-277,2480,-1919,-654,458,2,-34,2,1 # cft deg6 r=8
-33503,-588413,-645894,5990359,-601486,-6831634,1756766,1661438,-1093340,1125381,185956,-1313206,79873,668891,-71149,-185276,22514,35718,-6010,-4103,921,191,-48,-4,1 # cft deg6 r=8
183872,0,1746784,0,-3591692,0,-2225249,0,6146410,0,-2877991,0,-19965,0,366181,0,-112584,0,14456,0,-731,0,-3,0,1 # cft deg6 r=16
183872,0,-275808,0,-678028,0,758251,0,756128,0,-544694,0,-275445,0,159631,0,22279,0,-17825,0,2172,0,-85,0,1 # cft deg6 r=16
11947,128583,524830,915176,188332,-1776573,-2592736,-653297,1805173,2039200,516308,-666774,-654925,-109968,166026,97751,-6987,-21012,-3461,2111,629,-103,-42,2,1 # cft deg6 r=16
169,0,-2366,0,-56319,0,158936,0,-153470,0,41797,0,23464,0,-16459,0,1987,0,654,0,-146,0,-1,0,1 # cft deg6 r=8
-186353,-82520,1773611,2352385,-1293451,-571695,4939680,-1545784,-12326711,-4102114,10763404,8627484,-804782,-2504788,-500136,118735,40378,10576,5533,2348,346,-219,-51,4,1 # cft deg6 r=8
-205913,615573,667364,-7888678,25387081,-51821646,73521605,-71417603,43146232,-9776777,-7357302,7265193,-1941288,-704440,695072,-197316,5260,10590,-2266,-364,245,32,-30,0,1 # cft deg6 r=8
134857,-1244039,3898599,-5759368,3937869,-76623,-1683284,228878,1466697,-527854,-1538235,1660704,-330003,-226590,-107945,284701,-126427,-9707,24445,-6367,-387,415,-42,-6,1 # cft deg6 r=8
-512,4864,-11360,16440,-14508,10768,-12315,14080,-10888,1308,353,-2038,3012,6410,-5672,-7176,7354,2042,-2426,-1108,937,-24,-56,2,1 # cft deg6 r=8
-171704,1509508,1276912,-16267433,-46627303,-57445302,-35875735,-1646727,21446614,21721407,6950989,-3756075,-3434962,135533,1010041,279976,-100227,-58623,1510,5728,646,-244,-46,4,1 # cft deg6 r=8
1611584,-5475392,10191852,-5493995,-8715426,17250453,-6342188,-9343213,10739193,-2625464,-2618839,2340641,-413966,-420862,279500,-39792,-26815,15250,-2158,-1064,525,-4,-36,2,1 # cft deg6 r=4
-10504,39780,-41988,58809,-34858,38670,-83872,125858,-86459,22314,-8863,44726,-42735,-4833,27672,-8839,-7321,4648,797,-1182,142,109,-29,-2,1 # cft deg6 r=4
-2209112,1190480,2502438,-933831,-2682254,1136417,3307136,-2813599,-1520536,2214168,844221,-1302321,-744555,964703,134025,-376274,43062,65831,-15493,-5114,1605,166,-66,-2,1 # cft deg6 r=8
2873,0,152269,0,1011075,0,1704573,0,-717018,0,-1824076,0,-147311,0,373248,0,61480,0,-5014,0,-680,0,3,0,1 # cft deg6 r=8
-23125391,150143623,-302604839,406261209,-357763543,-263344885,253911116,70572559,-1521164,-20449345,-42238633,10347903,16809628,-3520205,-3385415,686960,423351,-80650,-34989,5736,1912,-230,-64,4,1 # cft deg6 r=4
-829,-4897,-8767,7788,23495,35825,13080,-13246,-24900,-36203,659,25753,6024,-9572,-5531,-654,2061,1448,-339,-487,44,75,-6,-6,1 # cft deg6 r=4
105625,380250,740350,1133600,666662,-1258901,-2257472,-462700,1559074,1348253,-77283,-685419,-300751,109553,135785,20938,-24445,-11572,1051,1894,267,-126,-36,2,1 # cft deg6 r=4
19304,-139892,345084,-270075,-352153,684253,11297,-658954,209208,385230,-212276,-164362,116814,51205,-44844,-12289,12651,2517,-2467,-364,344,44,-27,-2,1 # cft deg6 r=4
7609967,26984108,41380836,36318757,24143523,18825548,15226343,7378007,1232818,586478,1541464,1036898,228886,27227,63588,29514,3439,4974,1894,-330,-55,7,-15,0,1 # cft deg6 r=0
926687,-320416,1241323,7432162,11822076,-6835349,22118510,-1156736,-11185796,4469789,-547644,-2010076,1452808,358895,-487398,-11741,93751,-3568,-10107,570,608,-49,-27,2,1 # cft deg6 r=0
20077,-30906,119901,-324632,945032,-1817706,2781762,-3426274,3862875,-3639600,2989750,-1900576,946540,-286030,32445,33812,-21306,712,3144,-2096,199,190,-29,-6,1 # cft deg6 r=4
9214049,-20904962,44342740,-43709666,36224756,-22114006,6613174,-15347998,17539307,381564,-8997859,3900218,481499,-994644,467051,-53828,-77604,36916,1691,-4294,476,212,-40,-4,1 # cft deg6 r=0
-1019,15917,-90493,307314,-730491,1284521,-1684662,1587678,-910534,-4197,622387,-672177,342018,-16520,-101753,69078,-14601,-6232,4793,-787,-310,147,-8,-6,1 # cft deg6 r=4
183872,0,1976624,0,8551816,0,19424795,0,25299018,0,19470631,0,8949776,0,2504784,0,430164,0,44624,0,2661,0,82,0,1 # cft deg6 r=0
84131,-1502485,9085756,-18861742,-2941322,17579623,2209715,-4536956,-1875835,-1215370,747890,1173467,-170393,-431858,26137,107425,-773,-17561,-1797,1968,417,-140,-33,4,1 # cft deg6 r=4
6173,25357,-80189,-200407,577239,178287,-1209899,167668,1317892,-444799,-847556,374664,338789,-167183,-84299,39616,15067,-4432,-2708,210,423,-18,-35,2,1 # cft deg6 r=8
2078887,-8668707,21582450,49023374,-53263676,-69249615,43004863,25764209,-36911131,-12762867,20238627,10999107,-4504922,-4555933,212330,1105050,172055,-126748,-32786,7176,2390,-196,-79,2,1 # cft deg6 r=4
816791,-5601841,16764784,-29094574,33205491,-28086229,21651555,-18525214,15689755,-10156981,3908935,-191021,-634740,270205,23218,-56418,17020,1288,-2364,812,-164,10,12,-6,1 # cft deg6 r=4
109751,-807565,3180574,-7902510,14039739,-20750586,29415057,-40563892,49419255,-48958335,37888295,-22411759,9897871,-3153254,708033,-138930,46838,-16954,1404,1870,-896,147,11,-8,1 # cft deg6 r=0
1946227,2241562,680551,-1653857,-2109063,-181704,516797,-94844,-279859,-319317,-490230,-362314,48757,279793,207977,90150,44240,22306,5506,-486,-606,-130,0,6,1 # cft deg6 r=4
12457,-1485643,907919,1472698,-3265868,2662826,-1048653,1393624,-665074,-944215,1564562,-353913,-718435,383080,167557,-159840,-2204,29793,-4916,-2689,765,117,-46,-2,1 # cft deg6 r=8
-101,1278,-4990,14170,-5032,-55622,-61136,-39091,14103,14910,13716,-2300,3792,2666,4457,1784,1404,792,380,8,-98,-53,-3,4,1 # cft deg6 r=4
318907,1651496,7329437,24554392,54734182,82755760,87647397,65609598,33363859,9147750,-1562098,-3269316,-1855862,-494560,75321,143356,73784,21110,1941,-1232,-620,-104,12,8,1 # cft deg6 r=0
3025,-2475,-32422,-20091,128202,261722,10900,-626436,-767267,-299074,267079,377070,199520,64564,6868,-29316,-26466,-2105,5934,1886,-352,-220,-8,8,1 # cft deg6 r=4
-1973,-929,2688,-9578,-128627,-351782,-646869,-778760,-606403,-318211,-102219,-14797,-18237,-27564,-19565,-6230,7804,11488,4798,-494,-1022,-287,-9,8,1 # cft deg6 r=4
-22234984,25060844,62974080,-176868121,179311422,-7861450,-83597645,24819972,63537751,-36678061,-19457232,22487941,2301219,-5998594,-478048,462023,-53240,5561,25202,1018,-530,175,-21,-8,1 # cft deg6 r=8
-563,866,6674,-27497,49735,-50609,10267,62576,-108631,75161,10575,-64999,44632,4675,-21704,8334,4064,-3537,-256,628,-154,-164,-16,6,1 # cft deg6 r=8
-1460377,6344048,-15667993,26375620,-32219555,28336930,-17020586,7297508,-4481884,5150288,-3766653,610940,1038146,-759600,160487,57458,-59977,20100,2659,-3836,554,210,-54,-2,1 # cft deg6 r=4
64727,-410475,1153003,-2157871,3127540,-3777566,3691833,-2407672,824326,-138959,-310344,844243,-557783,-174949,320348,-52854,-64349,24622,4866,-3610,58,236,-26,-6,1 # cft deg6 r=4
-804823,-1138579,-78262,154071,9939509,11217513,7479362,-2384272,-14269682,-4317174,9211437,4211838,-3064911,-1756931,585445,429802,-57435,-64822,924,5976,408,-300,-38,6,1 # cft deg6 r=4
-424267,-4251981,1918094,558385,5092252,11389204,2080614,-4915975,-1172767,1775544,1257791,213736,-520384,-417348,59079,138589,8094,-24585,-3564,2588,526,-141,-33,4,1 # cft deg6 r=4
2209,0,-10199,0,-174615,0,529568,0,-690582,0,510376,0,-224460,0,56330,0,-6207,0,-445,0,220,0,-25,0,1 # cft deg6 r=8
-331249,4633589,-974870,1941848,9501177,11863063,-3692691,-4931132,-8376930,-2680104,2972462,1567106,415776,-327903,-352481,1860,106317,10118,-21189,-260,1898,-52,-73,2,1 # cft deg6 r=12
-138737,985048,-1541949,-4627358,19833885,-27072130,12101938,10343472,-17378765,8328002,-1236043,-494154,780635,-625864,314589,-136106,50331,-16274,6057,-1150,155,60,-22,-4,1 # cft deg6 r=8
3893,42738,-223772,226924,11142,1031066,-3623351,4162550,-1152023,-1442336,1163112,-8120,-250196,15386,30585,10282,-1212,2052,1507,-490,-426,-112,-5,6,1 # cft deg6 r=8
18769,0,51616,0,3438,0,-89968,0,-144031,0,-149240,0,-85914,0,-45192,0,-22242,0,-5376,0,-328,0,16,0,1 # cft deg6 r=4
-6024512,29522688,-33720384,42500736,-32612576,22025472,-11398976,5770240,-1319332,327216,-981236,-114192,-129293,-144060,-79693,-28970,-21956,-12480,-5009,-1646,-460,-112,-5,6,1 # cft deg6 r=4
-3043,-513910,623218,8995447,-31520264,41371401,-17742708,-13555849,18812486,-5192205,-3030921,1581184,758387,-562020,-101245,102685,25200,-16027,-3956,1494,447,-92,-29,2,1 # cft deg6 r=8
16180837,-74175140,93673765,78542107,-247335561,188047841,-62405943,11925477,13646530,-32636090,21507501,733834,-6742674,1793139,819496,-355443,-68569,41581,2940,-3344,224,129,-21,-4,1 # cft deg6 r=8
171475,1292020,4030398,6305618,3671051,-4033398,-9934172,-8698040,-2893911,1905870,2943200,1211778,-378371,-486134,-59526,69454,17811,-4896,-1294,104,-35,26,0,-4,1 # cft deg6 r=8
-98689,-315186,-254006,1158096,3569682,3438606,2510081,2457636,776889,-85292,129300,-194538,-401244,-157070,38809,35978,-6546,-8732,-795,1044,332,-28,-27,-2,1 # cft deg6 r=8
-396929,292996,1643956,-2460500,-168821,601126,2117879,-1885318,-109967,82002,510995,-224050,-86809,43650,24409,-6430,-11525,4424,1256,-1040,67,78,-5,-6,1 # cft deg6 r=4
-202453,622404,359639,-5485696,19010180,-45274277,82337685,-119034576,139833655,-131331687,92097471,-40255557,1684302,12374957,-10002267,4105727,-798545,-69141,82130,-17720,-3,619,-77,-4,1 # cft deg6 r=8
69497,-232546,-2889672,19131944,-53049188,84737540,-90152297,73102826,-50237771,30242122,-15229448,5861828,-1527426,109986,175801,-156366,81334,-26472,3747,1062,-751,200,-18,-4,1 # cft deg6 r=8
-53771,-56814,67562,736040,1209076,486934,-1838037,-4465926,-4843909,-3102014,-798006,406932,404274,76320,-45617,-14602,15532,13970,4455,10,-413,-88,14,8,1 # cft deg6 r=4
-774656,2232576,-1212000,-2280664,3496012,59752,-3199687,4341042,-2701633,350308,695901,-527562,96861,45180,-3075,-27786,18277,-4372,212,-68,66,-16,9,-6,1 # cft deg6 r=4
-871183,-8433549,40407899,184803089,-1355000531,3124855540,-3353626745,1215802457,1010684357,-1356099214,530460563,46762228,-101666217,15121696,13330680,-5855375,145759,384437,-55588,-14434,3753,163,-93,0,1 # cft deg6 r=12
122368,1662464,1449216,-3113152,-5505600,-2175056,2529960,4164168,4024976,2933072,1755074,893540,251831,48556,-14172,-10324,2182,3168,2702,760,51,-16,-10,0,1 # cft deg6 r=4
2571200,12421120,36579072,73287360,110427168,131762304,125153248,99400896,64104196,35985304,16589808,6752988,2221233,452572,6411,-76952,-48555,-19188,-6136,-1778,-133,38,28,8,1 # cft deg6 r=4
334643,-722445,-1912973,8010005,-13416853,19720398,-21166961,21335657,-17320259,12561072,-7649036,4138337,-1884196,730820,-198920,23743,16423,-13567,6009,-1694,97,138,-39,0,1 # cft deg6 r=4
17,-884,-8717,-34458,-81312,-127722,-127243,-90564,-50199,-68098,-109265,-134192,-97742,-58440,430,-7552,1996,1502,1264,-166,194,-112,15,-6,1 # cft deg6 r=4
121529,-73585,-2159830,-1427286,24084342,94682429,182385603,216356251,161487452,64125768,-3186513,-17765237,-7511963,-25242,784613,176323,19134,1261,-5605,-1109,465,25,-28,2,1 # cft deg6 r=4
1741753,-10934454,26612487,-35590394,26093295,-11695580,3434992,-2380240,706593,-515490,-8567,-135738,-109882,97146,18353,-974,12617,4304,-688,-52,103,-22,-1,6,1 # cft deg6 r=4
-313387,1559600,-2111307,-413288,3478773,-1502508,-3166282,2418892,2370044,-3148060,21271,1240832,-142724,-388604,45039,105304,-14489,-18956,2763,1936,-230,-112,0,4,1 # cft deg6 r=4
535211,1774222,4084809,6294096,8383437,9192016,8838110,7115186,4985278,2958436,1575165,733484,312887,111398,36607,10122,3984,1646,850,426,228,98,34,8,1 # cft deg6 r=0
111401,-388960,1053865,-1417012,1607243,-554858,113102,607338,-17477,71696,331370,72214,91077,94170,51487,19066,11039,7726,1929,-352,109,80,15,6,1 # cft deg6 r=0
199528675,43531730,37922356,-183462405,81637111,80198743,-34971856,-11242468,-2912844,5345880,5890769,-4033595,-1361961,1393099,61848,-269205,27288,33605,-7185,-2638,914,78,-49,0,1 # cft deg6 r=0
28561,0,185156,0,38000,0,399228,0,1266746,0,979860,0,494710,0,134664,0,21269,0,2620,0,210,0,16,0,1 # cft deg6 r=0
79613,-18192,62179,18670,1096132,-663612,-3519998,1802638,3613216,-700442,-1238334,-1110896,471288,289620,238285,83272,49359,9242,1835,-360,48,14,15,6,1 # cft deg6 r=0
23677,108123,-110784,-1346481,-2519971,-755830,2948256,3010113,-1069287,-2798992,-318542,1416669,510253,-420051,-240604,69522,61343,-5143,-9330,-107,855,43,-44,-2,1 # cft deg6 r=12
-19687,-24182,1663060,-10031246,29530680,-51254785,53511293,-27094255,-8161709,24698318,-17648289,3503779,3545822,-3045735,757384,225284,-194180,30279,12777,-5347,18,299,-34,-6,1 # cft deg6 r=12
-481517,206202,3267473,3242184,-7925315,-3657924,11807309,-3960614,-3656858,2592354,-671156,-110654,319421,-140770,28964,18354,-19044,2176,994,-888,98,52,-13,2,1 # cft deg6 r=8
-1911433,-11904330,-31787795,-47987676,-45447695,-26171348,-3601067,10287590,12998718,9441498,4514228,1182258,-220551,-427774,-224812,-66750,-4420,1836,-450,-1088,-506,-120,3,6,1 # cft deg6 r=4
85849,0,453066,0,437347,0,-1340632,0,-3272703,0,-2607822,0,-937553,0,-155226,0,-7391,0,1292,0,275,0,26,0,1 # cft deg6 r=4
-2921323,-6878194,-2565854,-4801916,-32328789,-52081472,-31144287,2501770,14052386,8739378,2826316,254268,-398422,-289374,-91307,-9990,7581,4454,1035,-10,-86,-64,-3,-2,1 # cft deg6 r=4
396679,-640928,-6089864,15345018,7277647,-54279629,50187301,2561885,-19993919,2476033,2781364,-565952,1713347,-1608101,228053,240151,-95811,-7056,10807,-1295,-527,163,-4,-6,1 # cft deg6 r=8
-13,-956,-19323,-90532,-155123,-70952,-161674,-414180,-191114,-108826,-254713,-81208,-67257,-73468,-20465,-17668,-8256,-1894,-1104,-168,48,38,24,8,1 # cft deg6 r=8
-127,5074,53716,102574,8014,148565,69899,-74447,68507,74150,139,-14977,1056,11595,-3406,-7252,1002,2565,-885,-683,268,69,-28,-2,1 # cft deg6 r=8
-6221,-24196,-14460,-12636,-51772,65416,73895,185070,1509,-836,62627,-94346,-83024,14792,-30037,-35458,5342,6940,-1242,-1204,-219,8,17,2,1 # cft deg6 r=4
-386752,-1751232,-4911936,-7382336,-5003712,2035776,7254816,2376512,-4510868,-2184732,2139884,822668,-726925,-102345,151376,-20523,-11195,3246,-1594,477,212,21,12,6,1 # cft deg6 r=4
4717,-42624,140367,-195190,-16442,601901,-1555663,2861694,-4157507,4749455,-4428375,3656099,-2782006,1799363,-824631,161803,80629,-74977,23338,-664,-1737,481,-25,-8,1 # cft deg6 r=8
43681,-581020,-2245025,-5415950,-8683947,-9546406,-7167964,-3326920,-837020,-425424,-956225,-768702,-99255,137430,84519,30114,20184,10342,1148,-1332,-708,-112,10,8,1 # cft deg6 r=8
-17399,-82776,717384,-922452,-1977186,7558219,-13451523,16963459,-9963270,-4426308,8800259,-2758701,-2020905,1905408,-180227,-471153,148128,58568,-24703,-3919,1895,137,-70,-2,1 # cft deg6 r=8
214369,0,1303198,0,-2687781,0,1364912,0,797677,0,-1507218,0,1001091,0,-385282,0,92273,0,-13712,0,1219,0,-58,0,1 # cft deg6 r=4
-4068544,-14983296,-21419904,-9085632,13836352,20556064,6495232,-5104288,-4278364,-1011472,957576,931124,373699,-19056,-164160,-101612,-24542,380,3117,1070,-122,-120,-5,6,1 # cft deg6 r=4
-32167007,-161466131,-118767966,438923063,337516668,-712570125,-142269250,549341966,-64277229,-222619039,77675996,46568477,-30595826,-2454062,5987666,-932557,-556068,194366,15232,-14773,912,479,-60,-6,1 # cft deg6 r=8
139240691,-496601087,779803262,-899137695,489872677,470051544,-672325952,310664943,16595907,-58912358,-19242574,23012443,409079,-3230951,453514,108178,-29933,-19005,18392,-4209,-533,343,-30,-6,1 # cft deg6 r=4
141376,0,-780576,0,-688956,0,1594295,0,707394,0,152705,0,62687,0,-4311,0,860,0,-176,0,49,0,13,0,1 # cft deg6 r=4
-962243,-541873,2970038,2903505,-3259425,-2450038,2574164,-697079,-1982377,1747826,696318,-911725,235335,185973,-195922,-15524,41867,-2521,-4068,1129,325,-115,-18,6,1 # cft deg6 r=8
286199,-1042212,1579390,-2809592,5153933,-7847708,6477479,-4165262,1815154,279158,-581817,425138,-81078,-76142,42554,4880,6355,4284,-149,-122,54,46,26,8,1 # cft deg6 r=4
2402368,606848,2370816,4622592,1947072,3176672,2124016,1671888,538188,579528,104376,-8024,-41353,-20636,-25852,-9572,-1698,-16,161,114,94,0,-13,-2,1 # cft deg6 r=4
-1972637,-3410696,1400929,4565930,-1214903,-3479750,624780,915300,-852413,-296132,311783,39734,-74717,-3514,-1499,-12018,-1997,1846,557,402,315,94,24,8,1 # cft deg6 r=4
533903,3878114,14537311,35236856,60630916,76553830,72091998,49314186,23711340,5943120,7136,-1106948,-93579,-110810,85468,7058,30056,5760,3281,878,349,60,17,2,1 # cft deg6 r=0
2209,0,177472,0,2917232,0,6169340,0,2858898,0,749980,0,202174,0,32932,0,7965,0,1680,0,170,0,28,0,1 # cft deg6 r=0
823013,4788150,13022714,22075232,26520334,24496658,18741206,12471994,7558768,4350308,2550514,1512236,873245,464702,223146,93162,33326,8770,1556,48,-47,-12,0,0,1 # cft deg6 r=0
10201,0,129706,0,481691,0,573088,0,440509,0,246310,0,82699,0,22286,0,5889,0,1024,0,159,0,26,0,1 # cft deg6 r=0
332069,-145950,813346,-844184,1919861,-21368,2902139,975046,3327027,1211172,1993768,1038464,667062,425552,186642,70924,37551,5738,2062,328,-51,-72,27,-2,1 # cft deg6 r=0
-1412053,-10711744,-28805739,-22785682,42335355,114796026,91123016,-30456028,-132763700,-130413816,-56331206,7773508,25724997,15649968,4232670,15356,-288704,-35232,18589,4902,-568,-338,-18,8,1 # cft deg6 r=4
95017,856130,-597746,-1348860,1465767,-269830,-500049,674278,68146,-455916,-86319,328454,-27864,-114334,18276,31100,-6841,-7920,3911,110,-502,120,8,-8,1 # cft deg6 r=8
-10277419,-26192079,-35524017,-61134613,-111443069,-151126925,-155318782,-142374343,-128268720,-90479145,-25904785,22525461,28584250,12107261,52923,-2093274,-767357,-1778,66389,14084,-1006,-686,-50,8,1 # cft deg6 r=8
2586847,-19527612,78517601,-201375694,340855129,-377164250,225487248,22683236,-176883153,152753844,-45316313,-20602906,24484679,-8628978,-344499,1563434,-580497,19710,46729,-11466,-593,550,-40,-8,1 # cft deg6 r=4
230597,358665,954502,765201,819466,146932,-27292,211477,619789,-19300,-262115,33074,132724,4488,-74331,30935,-744,-3591,4316,-2568,372,161,-45,-2,1 # cft deg6 r=4
47440187,271257324,533284486,509109112,435830183,375405628,401629461,425605386,350618065,221316474,99800371,26581726,-524982,-4493770,-2252445,-451778,70439,77354,23135,1114,-1381,-386,-16,8,1 # cft deg6 r=4
-12919,-136084,-332451,-492710,-641608,-243434,29658,374296,454437,66636,-1162935,-1410210,-534862,141218,150931,46818,16430,2274,-1226,-304,-133,-64,8,8,1 # cft deg6 r=4
470528,2310656,6264960,12381824,20080800,27276560,30633656,27743336,19787804,10538220,3636096,214542,-630609,-436676,-127906,3938,24398,10638,2502,-200,-179,-76,0,0,1 # cft deg6 r=0
279731,14326,999670,-293256,331262,-870553,-632577,111617,439429,409820,242323,-397643,-225742,110055,86318,-15462,-10312,-865,141,223,64,9,18,6,1 # cft deg6 r=0
918817,2201122,2887563,2714944,2276284,2127428,850540,-3220518,-4576136,-783332,2861600,1866748,-613959,-840592,7898,175354,12674,-19078,-293,1010,-249,-14,19,-2,1 # cft deg6 r=0
2399401,0,2628680,0,916068,0,941212,0,-371070,0,111508,0,-32774,0,6884,0,465,0,-88,0,-22,0,4,0,1 # cft deg6 r=0
290167943,-1158836776,2163743575,-2174768150,758150955,873532304,-1367197622,817029446,-125331425,-186105280,175208695,-75613964,12816181,4821160,-3925449,1097934,-17203,-97872,33837,-3008,-1115,328,-8,-8,1 # cft deg6 r=0
55577,22354,-330097,-281710,363955,650224,196253,-154512,389176,1120148,1029322,465898,227282,297924,320181,214062,89237,21934,4404,2070,590,-34,-22,4,1 # cft deg6 r=8
382169,-942640,-3822351,-2631790,1361044,3063686,1509247,-740094,-1685489,-1609814,-1114155,-349746,175262,201050,12255,-60854,-26501,5462,7698,2128,-118,-176,-22,4,1 # cft deg6 r=4
-16337,-3689,240260,1002943,2157841,2546710,667979,-3027350,-5392090,-3922588,-113680,2397309,2191282,779457,-119277,-236500,-86741,793,10913,3142,-104,-223,-31,4,1 # cft deg6 r=8
40000,0,-102800,0,116424,0,-88685,0,64713,0,-42256,0,7945,0,1293,0,-391,0,209,0,-54,0,-12,0,1 # cft deg6 r=4
12265751,80749662,177798780,240834560,229045733,100571972,-20539030,-33016874,-3847131,3707350,162340,-321990,64265,14362,-30294,-10796,-4771,4970,2320,-1186,-121,92,0,-4,1 # cft deg6 r=4
48841,0,269790,0,149431,0,-15212,0,-118835,0,-127266,0,-36893,0,-12698,0,-879,0,180,0,-17,0,6,0,1 # cft deg6 r=4
-248183,654534,-491165,-749526,2900144,-4792376,5290371,-4525406,3289106,-2263670,1609829,-1085530,616142,-289614,119700,-52964,25553,-7084,-1675,2022,-564,12,28,-8,1 # cft deg6 r=4
228569,-947001,6914340,-16353096,26046339,-29838589,29788897,-26340433,21875444,-17957651,12417061,-5436155,1823406,-1676445,1181159,-93218,-248962,86307,11045,-9372,519,386,-48,-6,1 # cft deg6 r=0
687241,0,2463900,0,3079034,0,2305488,0,1151273,0,409152,0,117458,0,28408,0,6138,0,1092,0,164,0,20,0,1 # cft deg6 r=0
544153,3458548,10617179,19198960,25826220,24560370,17849075,9304658,3865167,1692838,1117971,633392,180940,-24172,-16940,7054,5516,-1214,-1558,-322,204,56,-7,-6,1 # cft deg6 r=0
13743973,-22544057,17267136,17442234,-3740225,6321198,17384225,10427899,3498245,2907618,2126918,1197712,346861,-191697,-5171,60257,-25437,-20059,2289,2453,119,-121,-22,2,1 # cft deg6 r=0
1777,-10191,-16176,401742,-652247,-751413,-548366,3154665,2684846,-1905078,-2130123,-173933,288155,247719,192561,3906,-68943,-21236,7190,4084,-33,-288,-32,6,1 # cft deg6 r=8
272147968,158273536,9098336,-270552920,517996,97501056,52939245,-35540514,-26870158,8186402,10908253,-3857598,-615596,-394968,350114,196684,-154882,-3318,22814,-3612,-1225,352,14,-12,1 # cft deg6 r=0
893213,-2325382,2600242,-906528,-1533668,2422684,-761306,-1368975,1423265,141320,-908888,256644,345814,-181812,-85705,64044,14752,-13924,-1962,1928,228,-159,-21,6,1 # cft deg6 r=0
158251,-1540545,5448412,-8188136,3084905,4396771,-2775640,-3261739,2673606,2032442,-2372407,-626301,1258991,56697,-421774,17078,93721,-5945,-13911,684,1264,-27,-59,0,1 # cft deg6 r=12
-293,-5772,-12693,197094,146284,-1779678,1920351,1515412,-3597150,1154404,1663499,-1301214,-193692,462094,-90187,-78152,44158,6268,-8921,-174,946,-2,-50,0,1 # cft deg6 r=12
-236608,-2945216,3459632,-376176,3467304,5429304,-21053449,-4365070,34058811,-1451100,-30734480,5777406,15694131,-3431626,-4857535,786146,867065,-77952,-83713,3246,4220,-46,-104,0,1 # cft deg6 r=8
369151,-155753870,394851193,8052500,-818655734,479971058,658707218,-612673941,-257356203,356304125,44253222,-118283913,1646658,24222830,-2230235,-3140603,446106,256389,-45430,-12698,2595,347,-79,-4,1 # cft deg6 r=12
-20639,-40963,66997,-893180,1422795,-1350746,1018607,1078575,-1194473,692997,55896,-1149705,-411569,384427,361135,34058,-69051,-27296,1228,3408,621,-152,-48,2,1 # cft deg6 r=12
242951,28089709,19114558,-238482763,-413204177,22505578,448781804,203354228,-146605978,-115191694,17026725,29153129,184583,-5049598,-392579,732876,101109,-84991,-17543,6012,1651,-187,-67,2,1 # cft deg6 r=12
30677,13201,-1588529,6472750,-8910943,-9080758,33230550,-492483,-38549025,10108748,21854830,-9165613,-6567532,3876953,952170,-886242,-28066,113574,-9502,-8024,1242,287,-59,-4,1 # cft deg6 r=12
13483584,0,-32034528,0,34331508,0,765559,0,-4078494,0,-1399377,0,1526128,0,-540708,0,113832,0,-15136,0,1221,0,-54,0,1 # cft deg6 r=8
-1600,-7520,35472,45696,-241060,-5160,665875,-449047,-630057,914408,-375052,100738,-27317,-86627,73918,-15913,5670,-906,-1951,531,-185,63,8,2,1 # cft deg6 r=8
3639107,123413,-14999799,-5624817,24369132,17311775,-18355163,-21506603,4405906,13751512,2624175,-4650213,-2323042,660833,740958,51764,-113849,-31273,7167,4168,117,-227,-33,4,1 # cft deg6 r=8
3392,21776,28368,86489,149713,346110,728847,1292374,2089943,2815955,3222147,3020293,2345297,1530377,833519,388506,148730,46594,11925,2230,417,88,26,8,1 # cft deg6 r=4
18496,0,-4624,0,33048,0,139315,0,86614,0,-28343,0,-11906,0,1019,0,269,0,4,0,-6,0,12,0,1 # cft deg6 r=0
21983,236458,482566,-1629276,1721436,280852,-1834233,1743685,-104855,-688356,587976,7733,-128749,52163,42444,-21657,-1011,5309,-238,-870,219,66,-21,-2,1 # cft deg6 r=0
104161,-1039201,2371189,-1075400,-387426,-920333,655861,1172978,-1240367,-584733,954857,35551,-216788,74124,-10505,-19484,5849,202,260,420,70,52,9,2,1 # cft deg6 r=8
-29459,-392888,-1857267,-3232028,-378191,4406316,2453933,-3151240,-2328416,2035430,1684579,-897648,-640646,140898,50830,61558,11241,-25450,-3591,3494,581,-210,-42,4,1 # cft deg6 r=8
-86021,150735,-74637,771443,-488856,557114,184038,-314724,1199747,-2068147,3032406,-3068257,2450982,-1513422,748032,-265621,56448,3068,-8053,3398,-752,45,25,-8,1 # cft deg6 r=4
491011,2297839,6089808,11797269,17891378,22018230,22356904,18809310,13076175,7386552,3277513,1089822,257488,38646,884,306,2128,1501,440,18,-8,2,2,0,1 # cft deg6 r=0
31513001,-8822380,15619145,-12775556,-598952,1424061,5571694,-4785645,-476698,569552,313844,-349271,246428,83499,-94288,-38324,23754,8925,-3874,-1265,495,77,-32,-2,1 # cft deg6 r=0
-87872,-216416,183056,1197608,2044812,1704510,50359,-1572558,-1746445,-534676,649390,759492,187988,-189779,-162017,-24429,27645,16531,2052,-1420,-711,-111,13,8,1 # cft deg6 r=8
-3328723,-8078606,-5637502,-772854,-2977576,-5925991,-3190198,-126052,-136096,-667181,-373455,126077,388265,344099,159559,38822,3331,-3918,-4289,-2030,-551,-104,-2,6,1 # cft deg6 r=8
15192424,68421600,135048254,129830617,25983697,-73290411,-68473852,1419792,37173001,18929999,-5174911,-8081293,-1418386,1466279,693262,-86749,-123296,-12854,11297,2978,-438,-241,-7,8,1 # cft deg6 r=0
376616,1471680,1553350,-908007,-3798418,-4621830,-2727472,1471444,5041402,5007754,2862711,1533116,1078384,504196,-36116,-168332,-68518,3999,11302,2814,-316,-248,-22,6,1 # cft deg6 r=4
99741736,763534108,2656393172,6001563177,9326563474,9668847086,5882183810,763782712,-1945380896,-1638164526,-390314521,209075592,173997332,31376840,-14611128,-8425276,-917188,448535,157246,7390,-4874,-872,8,14,1 # cft deg6 r=8
3818504,-9970200,15784494,-25714901,30572030,-23709048,15445076,-998640,-21410148,26621766,-8747421,-5533108,3775500,1859632,-2526928,723396,195410,-182199,38886,3508,-2964,376,40,-14,1 # cft deg6 r=8
-601792,1293216,-1415344,-1837160,6074828,-6659294,1197803,4106925,-4115407,407730,1918401,-1345334,-84000,525178,-207624,-51920,64754,-15550,-4594,4802,-1661,207,31,-12,1 # cft deg6 r=4
3047488,6265792,10455264,16224304,23271284,25616704,20254817,14595353,10373271,4165820,-897195,-1146474,652246,1040876,329374,-100152,-84052,-3678,10406,2426,-485,-239,-7,8,1 # cft deg6 r=0
1543,11580,15045,-6656,-36010,-24393,-10546,40321,15691,-46606,-32435,18271,24778,-4200,-9028,1924,362,-54,474,-202,-117,76,-2,-6,1 # cft deg6 r=4
32762171,22608820,30185695,89073373,86397549,-1513082,-9877019,39940260,15901643,-22911037,-12967580,3243268,3354809,775053,189361,-137574,-202066,-45588,22574,11026,412,-484,-60,6,1 # cft deg6 r=4
53,4993,-8676,7401,3286,-16814,20888,-4323,-20781,14384,23095,-48632,36112,-9568,-917,-713,556,951,-534,-202,160,11,-19,0,1 # cft deg6 r=4
573248,790816,760336,-1026536,-2533524,-1231974,3792473,-322387,-162899,-2637414,1309421,1083160,-527134,-333780,10312,99450,43782,-25730,-12892,2724,1503,-81,-67,0,1 # cft deg6 r=4
1549,-60577,128309,49046,282201,-652654,22331,235433,1356102,-249765,-922372,-562814,835500,292841,-258901,-193814,103642,47717,-18609,-4884,1566,227,-63,-4,1 # cft deg6 r=4
203200,-368720,556128,211765,394389,792276,-1006596,1323173,1602519,-677876,-714910,1033931,1316441,-652327,-760110,244286,193977,-47919,-24635,4716,1720,-222,-64,4,1 # cft deg6 r=4
-4743553,-29493100,-88210390,-161011456,-188672165,-129264664,-17655126,61643776,64086427,21826746,-9876282,-12768324,-3496410,1647854,1356391,134568,-174389,-59364,7065,6598,466,-312,-52,4,1 # cft deg6 r=4
16129,-104775,416630,-787024,862171,123468,-2462666,5544759,-7854981,8112025,-6150898,3162871,-722809,-399399,463054,-164267,-26594,42309,-8580,-3362,1437,89,-69,0,1 # cft deg6 r=4
-79981,1029622,-523664,-1497639,623308,557022,561311,111456,-1537207,31346,1277098,-275882,-549175,226018,114587,-83165,-4815,15424,-2409,-1400,435,43,-33,0,1 # cft deg6 r=4
151369,-874467,1214928,-978532,681268,385015,-874700,-252864,682177,100995,-541321,52084,196755,-67375,-31453,24137,-6037,-1235,2138,-756,-154,151,-23,-4,1 # cft deg6 r=4
97613,838097,2196718,1788627,-3311407,-7141134,-619331,7947624,6225584,-2856920,-5808162,-263987,2558860,438093,-546957,-193290,70055,43297,-5311,-6498,842,399,-73,-4,1 # cft deg6 r=8
18872311,56568428,-18409287,-120434065,-8424814,91583431,7783271,-35175774,2892253,9981580,-2787061,-1883185,1106842,220918,-282957,-15034,47051,-1451,-6097,306,570,-19,-35,0,1 # cft deg6 r=8
390625,3406250,11611250,22386875,28929750,25804750,16092375,6983500,1656925,-84220,-409958,-243308,3273,43772,5487,-8233,-3129,-312,-365,120,169,-19,-25,0,1 # cft deg6 r=8
115515625,51875000,-307738125,-160267500,198385250,67467500,-79151575,57872650,90902135,-35229800,-60888404,2903184,20564632,2085122,-4028253,-717916,499028,108024,-41739,-8702,2416,334,-82,-4,1 # cft deg6 r=8
-506983,4697020,-17991735,37766367,-58918956,78627158,-81501724,53623208,-12597446,-10142250,7364471,4113666,-9057696,6173072,-1533816,-796600,932555,-422627,98406,-5276,-3424,892,-54,-8,1 # cft deg6 r=4
50849,485834,2276887,6880276,15078904,25565620,34879903,39146481,36287333,27274287,15776410,6083963,586391,-1098185,-852638,-283627,-2521,39190,15457,1250,-894,-283,-9,8,1 # cft deg6 r=4
-5861,-33062,-10729,31340,91334,110528,140972,99034,121390,57480,48691,-7614,28677,2352,15177,-9642,2033,-2872,1723,-150,215,-26,-24,4,1 # cft deg6 r=4
-32353,-195589,348139,490947,-703415,-528347,936719,528096,-687973,-276926,489455,224181,-187851,-91503,71664,41872,-13366,-11784,821,1870,93,-158,-18,6,1 # cft deg6 r=4
281947,1019176,2339819,4667182,8126483,10996596,10294657,5059408,-1797759,-6116318,-6366523,-4130374,-1696382,-232260,266486,260412,133331,44768,9208,550,-203,14,44,12,1 # cft deg6 r=4
4388983,-4743549,-1794971,4342996,526828,-3428984,587614,6603816,-8309847,-40033,5844319,-2058753,-2084236,1257735,407447,-415847,-2194,64973,-7966,-5316,1001,225,-51,-4,1 # cft deg6 r=4
-13448,-134480,-609670,-1596007,-2476949,-1833250,811817,3510792,3740365,1543113,-684923,-1255759,-624135,6613,171463,81740,772,-14448,-4889,864,705,-4,-46,0,1 # cft deg6 r=8
17,136,716,6086,-38386,96081,-150578,101580,142286,-448681,528977,-324185,63633,62075,-59375,13908,15481,-15968,5071,914,-1165,306,-10,-8,1 # cft deg6 r=8
-4717,33474,-116724,252638,-381211,447474,-397389,279319,-131806,31260,28508,-53292,71171,-70486,54732,-30672,13075,-3970,684,56,-116,79,-19,-2,1 # cft deg6 r=4
1016,2644,4016,355,-33584,-108595,-196142,-212038,-150515,-124527,85396,84889,135848,123512,55977,526,-26022,-13823,3218,3168,-21,-268,-20,8,1 # cft deg6 r=4
6376,77080,237102,162755,1329824,808629,780544,753377,227709,72412,351699,237489,-34320,159220,-96348,-32614,85293,536,-18028,122,1681,0,-68,0,1 # cft deg6 r=4
1,0,24,0,-288,0,-6405,0,-16238,0,-16534,0,-5480,0,2844,0,185,0,-551,0,159,0,-22,0,1 # cft deg6 r=4
-652129,-5547029,-21631778,-51619918,-83753067,-95512465,-73896967,-30064467,10296408,29387737,27778709,16844577,6677638,1050661,-797691,-841598,-457436,-174345,-48895,-9738,-1099,62,58,12,1 # cft deg6 r=8
-1240931,-500913,3124923,1418448,-3946368,-1978790,3716404,1751233,-2618594,-1136786,1397216,556488,-582039,-206538,180552,56019,-38870,-9308,7017,1614,-825,-293,1,10,1 # cft deg6 r=8
30400,403840,-2479296,4206016,-2051536,-3196320,5274208,2931200,-4185096,-2990240,1425652,1611880,113327,-527288,-248243,109920,79361,-14670,-12213,1300,1043,-74,-49,2,1 # cft deg6 r=12
2809,0,-636106,0,5010985,0,-10579602,0,7479590,0,-4857376,0,1959487,0,-427610,0,56656,0,-5138,0,360,0,-24,0,1 # cft deg6 r=12
5839,-24910,16835,-12136,88693,57314,-200285,-230020,273541,183912,-63007,-102848,-38186,48336,-9865,7152,-1017,-986,1956,568,-263,-114,-2,4,1 # cft deg6 r=8
3392,55584,-257456,362408,-238772,125498,-20709,67012,-282538,151014,147697,-91322,-84049,60718,31905,-33152,-5236,8496,-480,-1414,-11,46,-7,2,1 # cft deg6 r=4
-594709,1960202,2966424,2187910,-1264938,-3143280,-5225479,-669848,158607,-345510,-951922,-240058,-9102,-3514,-40437,-21098,-6100,-2188,-1217,-632,77,28,0,4,1 # cft deg6 r=4
-6642019,56219272,-127347662,24349529,145320446,-57972533,-120378132,70413389,46699300,-30861799,-15499853,8630524,4547199,-1609216,-1215773,291831,209834,-42771,-21308,3454,1351,-134,-53,2,1 # cft deg6 r=4
1123,122510,-2028564,10989278,-29809318,45153548,-34114209,-2169532,30155479,-25597772,3476487,8708740,-5970882,222186,1380719,-488702,-108090,88322,-1510,-7458,763,326,-47,-6,1 # cft deg6 r=12
1,0,422,0,3983,0,904,0,-60583,0,-76514,0,28347,0,46066,0,-19,0,-2096,0,-53,0,22,0,1 # cft deg6 r=8
15808,34560,-16064,157824,-971136,1649760,-299440,-1823504,1270036,880720,-916084,-158208,262621,126,-39221,460,6679,96,-1039,-20,87,6,-7,-2,1 # cft deg6 r=4
-8589025,37524300,-55954637,11997520,42022263,4412850,-39350061,-14738528,7377866,6631624,-1305620,-877482,-325409,324118,49500,-37664,-11910,4206,1338,-494,-198,76,1,-6,1 # cft deg6 r=4
-97984,-718336,-939200,-2647728,-2265736,-670190,-69985,2376248,2534488,-491832,-2452802,-276318,671187,128414,-60729,-25842,1935,1146,-1393,-252,40,34,-1,2,1 # cft deg6 r=4
-20663,-65108,109085,-9832,71684,14356,92199,14150,-92248,27294,136894,-107078,-188085,35374,112791,1468,-38852,-4284,9154,2770,-511,-302,-16,8,1 # cft deg6 r=8
-237047,-1099628,5682079,-6397598,-2530427,7146492,2148969,-7945772,168278,5871422,-1996396,-2119384,1236223,382144,-357114,-25014,58470,-3626,-5720,1090,368,-118,-19,6,1 # cft deg6 r=4
-462263,-690600,386928,947304,-310433,-999810,-58136,862050,52313,-136852,-64136,96340,-15835,-8652,7104,-1188,5129,-3932,1170,98,-199,90,-8,0,1 # cft deg6 r=4
-14891,-33078,190471,1007098,1574724,868208,-1055673,-2626918,-2411198,-1471198,-1241387,-1468378,-1456358,-1037702,-501744,-147136,-12531,10148,5321,1302,236,68,28,8,1 # cft deg6 r=4
811801,0,-58844310,0,115339071,0,-86063480,0,32466397,0,-7673374,0,1319955,0,-172482,0,19073,0,-2328,0,295,0,-26,0,1 # cft deg6 r=12
-25007,37128,585971,459286,334553,-276354,595888,113252,-109708,-198508,158855,85286,-57431,-7594,10631,-2134,84,1530,-1016,248,12,-48,30,-8,1 # cft deg6 r=4
20749,-32311,-63242,307353,547636,915564,2456106,3554391,2788191,1632448,1001133,495038,186240,179752,182745,87327,14372,1945,5066,3024,442,-133,-39,2,1 # cft deg6 r=4
-157027,1058466,3331940,3805984,2141914,-561683,-639949,873317,381797,-462200,-263015,-49251,-57362,-803,49812,18314,-8570,-4315,1547,927,-126,-133,-10,6,1 # cft deg6 r=4
289,0,884,0,-8538,0,-18040,0,19573,0,-19204,0,7314,0,-11620,0,-1066,0,-1388,0,-164,0,16,0,1 # cft deg6 r=4
474721,0,5973948,0,-58806928,0,-27674312,0,-4702614,0,-587012,0,-23458,0,13340,0,5341,0,1584,0,242,0,24,0,1 # cft deg6 r=4
2809,0,161756,0,399944,0,-882590,0,734144,0,-594682,0,195351,0,-83276,0,14886,0,-1454,0,-159,0,22,0,1 # cft deg6 r=4
1,0,-297582,0,-1018247,0,-581110,0,-147566,0,-181528,0,8387,0,31130,0,-9428,0,434,0,36,0,16,0,1 # cft deg6 r=4
-222781,172171,94772,203825,197567,-649538,568706,160109,-163147,200930,-272178,153003,55281,-56055,12858,1580,-2669,2839,-760,-495,297,45,-28,-2,1 # cft deg6 r=4
-1401209,-280132,3137855,1818136,3745584,-12317156,-5746409,13923156,-1884898,-3797806,2205694,500784,-765399,58050,137031,-35072,-11846,6584,-92,-604,29,50,-2,-4,1 # cft deg6 r=4
4096,0,338944,0,537088,0,-105984,0,436432,0,20916,0,9937,0,8532,0,-7966,0,970,0,69,0,22,0,1 # cft deg6 r=0
28352,246272,1075904,2951168,5552864,7324544,6643776,3429520,88924,-1356000,-808208,79368,368177,233750,47435,-22353,-13142,701,3240,1500,106,-129,-25,4,1 # cft deg6 r=0
16408111,-43253882,55692951,-50722368,35842387,-18561926,6607079,-3336060,3308780,-1510286,-525858,753824,-87278,-114364,30355,15448,2215,-2720,-166,668,112,-18,4,4,1 # cft deg6 r=0
-1983943,3995897,70140080,112763478,-59117479,-208781253,-13184851,149389212,38668822,-28794842,-14276128,1384044,149908,-219157,235845,177130,8795,-34030,-5611,1838,664,30,-45,-2,1 # cft deg6 r=8
2809,0,1378,0,-80747,0,223023,0,-288308,0,-224403,0,273288,0,-88588,0,12525,0,-1437,0,302,0,-32,0,1 # cft deg6 r=8
-110753,-770498,-377721,1399185,956128,981961,2962798,-362900,-7230489,-4912281,3317712,4474215,512728,-772557,-132313,70307,-10308,-20798,-369,3464,565,-211,-47,4,1 # cft deg6 r=12
-5563,5410,33213,204868,311432,-34486,-192001,2688,616632,256010,-913396,-245620,418823,134412,-71623,-51584,16572,1728,-1202,152,-39,66,-2,-4,1 # cft deg6 r=8
-90619,-495714,-2006254,-7129660,-17302305,-27018173,-26514439,-13431575,2293525,9717323,7589424,2451578,-373515,-895007,-454269,-111307,11035,21016,5957,49,-485,-161,-6,6,1 # cft deg6 r=4
-16013,-134704,-389493,-101144,2274372,7047468,11217822,10870734,6344654,1959376,188872,93064,21063,12384,-1804,-13818,4304,2728,365,146,75,64,1,2,1 # cft deg6 r=4
18577,55008,-371413,816236,-1525903,-564062,4470860,-1627515,-4594684,4469035,-703629,-842198,607397,-265806,97831,-35665,13672,-1577,-936,119,-72,99,-18,-4,1 # cft deg6 r=8
-12941,14315,361884,-334947,-1967159,-249682,2647266,1188487,-1406729,-1399782,-706628,925191,969719,-363651,-376822,87718,76179,-12553,-9494,975,751,-51,-38,2,1 # cft deg6 r=12
-1756703,3135454,3124659,-7408762,1411078,3229290,-3709945,1380424,759332,37818,-275765,-66442,57664,-11272,5880,638,1889,-2274,-81,12,174,-20,-2,-4,1 # cft deg6 r=8
5839,90233,-430198,1732815,-5553625,10400604,-9994098,6316206,-1192546,-4237510,5520930,-2630365,-213048,980972,-473460,-9879,97057,-22961,-6234,2789,350,-73,-26,0,1 # cft deg6 r=4
-832,-5632,-19600,-31184,-27464,-12156,-74099,-55786,102512,4128,-61310,61720,7001,-34216,8630,2428,-6145,80,778,744,-193,-12,1,-2,1 # cft deg6 r=4
-5696,-6208,-17280,-6784,97936,43056,-12208,-1088,-228368,-133960,360276,307188,-199959,-281705,16323,133256,36926,-24429,-12884,839,1281,41,-56,-2,1 # cft deg6 r=8
-2389,75701,443619,283921,677628,-527481,-852140,-686298,-282411,697871,704242,26667,-284308,-148016,11505,43897,9906,-3613,-2505,-96,195,66,-9,-6,1 # cft deg6 r=8
9419,50870,172428,371974,59126,-1342513,-2149525,-434103,2006313,2036544,-35575,-786585,-260666,118943,48416,-40836,13412,9047,-4025,-363,520,-35,-38,2,1 # cft deg6 r=8
-5127799,-25882605,-51950307,-55648666,-41596060,-38081940,-43390320,-37395885,-22588816,-13990206,-13022196,-11922054,-7819359,-3285426,-601678,238625,230100,83804,11817,-3046,-1921,-383,-11,8,1 # cft deg6 r=4
1478656,0,-16952320,0,-48081664,0,-48485824,0,-23856112,0,-6154492,0,-770135,0,-24562,0,2453,0,18,0,46,0,16,0,1 # cft deg6 r=4
3343496,-13003432,30658252,-50306608,68606776,-73851858,55201489,-17110385,-11193762,11242504,1741881,-6123725,1772322,1086345,-462816,-188064,66822,33916,-7112,-5200,1257,188,-52,-4,1 # cft deg6 r=4
94063,-1270748,4768492,-8131166,4570731,5702760,-11203578,5306228,2921453,-4485034,1300658,1272126,-1174953,13470,349012,-83398,-56629,22148,5124,-3010,-171,226,-10,-8,1 # cft deg6 r=4
-9162673,22409322,-11850042,-2491546,5632858,-12014542,12361121,-10704616,3830225,-915530,2498524,-2288606,1048774,-200024,-77471,28082,21806,-5434,-3729,856,31,76,-20,-4,1 # cft deg6 r=8
57325,-592030,-4961326,-9249666,-8352748,-6839442,-6541550,-3608532,-46119,1279766,1211831,1082128,847856,374160,50952,-17934,4250,16214,9537,2670,287,-68,-19,-2,1 # cft deg6 r=4
1,0,300,0,-156696,0,-716822,0,-730712,0,-8290,0,62487,0,-652,0,7718,0,2490,0,81,0,-2,0,1 # cft deg6 r=4
-116537,1469362,-6382493,16308116,-26909765,34736034,-35214897,31902356,-24394172,16079062,-8540066,3647532,-1280406,358208,-73665,-17960,21067,-3804,-1634,988,-160,34,4,-8,1 # cft deg6 r=4
7921,0,99434,0,245087,0,-279928,0,172445,0,355718,0,84407,0,-27246,0,-18067,0,-4428,0,-469,0,-2,0,1 # cft deg6 r=4
271339,1186456,1879539,345044,-1364092,-230704,573663,-623400,-218994,827614,500834,125960,202461,168146,59515,21748,7546,-3124,-3244,-768,-59,14,22,8,1 # cft deg6 r=0
27072637,22666402,-16888495,-33029794,42062966,-59585020,-17069832,19122188,7722486,14140910,8098146,3170976,1956190,392034,111089,32282,-12625,-52,-925,-254,182,4,21,2,1 # cft deg6 r=0
45710347,-53381430,-9305605,61453950,-24626258,-37709660,52563439,-30123074,9780620,-3405926,2810892,-2031024,909465,-275762,107081,-76074,49752,-22618,7496,-1908,481,-136,40,-8,1 # cft deg6 r=0
19133,-48389,240992,-496841,566376,-741185,746538,-429168,381701,-257203,43208,-51061,80720,-48394,10326,8319,0,-3084,1674,-251,-178,81,2,-6,1 # cft deg6 r=0
432059,-631560,-523402,-1697328,12804854,-6177246,-540381,6017762,-3201125,-2138770,1400983,-444530,102034,108858,108533,1786,4894,3444,-496,-856,351,42,-17,-2,1 # cft deg6 r=0
-1070863,7117274,-21264951,37128958,-39143831,20413996,4332105,-17240352,18319924,-17095770,15113486,-9545628,3211875,8846,-481428,191218,-10920,-21788,9740,-1150,-430,188,-15,-6,1 # cft deg6 r=4
-188096,-123392,2889536,-9209536,9405616,2108960,-8332720,361392,6990584,-3802664,-1768268,2115084,-61977,-578174,162060,81428,-47579,-2162,6616,-1050,-418,150,4,-8,1 # cft deg6 r=4
579121,0,460468,0,-4021862,0,-3472044,0,-378231,0,254464,0,80618,0,3500,0,-5238,0,-824,0,100,0,24,0,1 # cft deg6 r=4
20381,36359,37586,-3405,-47683,-128198,-237715,-326956,-259408,-85610,15878,51,-29740,-21105,-4575,1382,2165,1481,291,-72,-56,-35,-5,4,1 # cft deg6 r=4
94981,-47586,-1008449,5154674,-18101462,45535338,-78153382,89881646,-64874820,18943992,16543354,-25900302,17192395,-6012062,274946,787104,-345068,27468,23773,-7312,-107,360,-37,-6,1 # cft deg6 r=4
62851,307486,800256,3216394,8048615,9187142,2524343,-3937070,-5197411,-2869426,72389,1405860,1014343,200344,-145819,-110908,-25313,3562,2874,120,-233,-52,9,6,1 # cft deg6 r=4
-626176,1360384,-2983168,8358144,-11848384,5671104,6288992,-13954144,11467552,-2397992,-3941400,3809396,-1137801,-291410,339911,-95606,1785,-262,4011,-1244,-303,192,-15,-6,1 # cft deg6 r=4
36293,252690,770875,1788800,4242066,8605584,12587447,12323108,6875653,-243276,-3565927,-2751596,-807738,239322,240414,26908,-21350,-7506,-737,68,-169,-94,4,8,1 # cft deg6 r=4
1412024,5451588,12234932,20129971,23669521,17929997,6278192,-2613612,-4369905,-1439267,1489981,1994529,864124,-91943,-247330,-66735,33294,30136,10063,1580,-136,-157,-31,2,1 # cft deg6 r=0
317221,203210,-636420,1288324,4841895,736636,336109,345174,193968,-576034,-343151,265954,102886,-18174,-34994,-8420,7635,2270,-301,-630,48,88,0,-8,1 # cft deg6 r=0
1265377,6207072,18809121,36805542,54467404,60163578,53813014,37690664,22300537,10458696,4633737,1754094,914586,448794,282963,141110,71074,28922,11090,3516,1027,244,52,8,1 # cft deg6 r=0
16129,0,-1231814,0,4357179,0,-4827924,0,7303105,0,-4836046,0,1641207,0,-327182,0,41241,0,-3776,0,331,0,-26,0,1 # cft deg6 r=8
6677056,0,-16336320,0,12800928,0,-7009392,0,3371076,0,-1243364,0,334841,0,-69832,0,12318,0,-1998,0,281,0,-26,0,1 # cft deg6 r=8
-2209,-12314,-16414,29078,120132,267111,338777,30703,-220341,-274970,-168387,115625,461542,364353,19854,-98052,-42982,131,5883,1827,-148,-185,-18,6,1 # cft deg6 r=4
-560267,-1737156,-1115682,957820,470123,-826940,-344460,211892,378267,-57048,-134952,-33780,86937,79600,55232,28084,13091,3364,-158,-508,-179,-32,-10,0,1 # cft deg6 r=4
-912493,-1993694,6987527,-3395298,-2523725,28920,4718719,-3747746,-159700,1616510,-515112,-450572,355726,-3434,-86551,29926,5031,-3918,-1230,1512,-464,20,26,-8,1 # cft deg6 r=4
-1522711,3708934,-11150917,17178956,-1468542,-10651902,-286002,13439944,-3938240,-9965660,-146828,4251222,815443,-1032114,-297924,148042,60000,-15408,-6175,888,329,-4,-3,-6,1 # cft deg6 r=4
124907,-439594,866397,-1578236,3694771,-1591580,4705284,-2401394,1176794,-771054,475375,-429744,331806,-196476,122955,-53492,20445,-4620,233,274,-140,28,-4,0,1 # cft deg6 r=0
1317739,1727714,2773150,2667310,469523,-352854,-108783,-163034,105096,336776,88801,-150488,-18586,44250,8414,-13510,773,2028,-127,-492,94,28,-2,-4,1 # cft deg6 r=0
49319,322534,940791,1732838,2593328,3344188,3705479,3549218,3218155,2950528,2578017,1899614,1080182,431804,98871,-1250,-8607,-2454,-112,116,102,56,26,8,1 # cft deg6 r=0
16217,-5437,4833,19700,8304,-2473,36621,21710,-20348,9321,45829,9432,-19663,4480,18842,3446,-5010,-306,2152,656,-229,-121,3,8,1 # cft deg6 r=0
10098511,-3958940,-864551,-6525976,7661845,-2369276,2218592,-3500706,2242256,-1059456,965561,-656096,168038,-17510,54315,-47332,16743,-4970,2927,-1086,2,104,-16,-4,1 # cft deg6 r=0
141304,-353804,534736,-880641,918973,742791,2259698,3878860,4782861,4281641,4318521,2439267,1195914,601003,-29406,-156529,-53454,-22796,-67,6308,1520,-225,-75,2,1 # cft deg6 r=0
9059576,-40504712,80695198,-83948207,34576156,14937732,-10030240,-28243644,39286926,-11991128,-12810417,11517320,-42604,-3819804,1416220,389916,-364230,31207,37468,-10984,-428,544,-42,-8,1 # cft deg6 r=0
-231317,-144430,1207413,-97599,-1716285,355974,1171167,152011,-1158460,-41829,810614,-87342,-420796,133301,121885,-63911,-17876,15884,473,-2170,218,155,-29,-4,1 # cft deg6 r=4
39304,-11560,-286994,1620321,-3645291,3895154,-466296,-4217495,5897113,-3342630,-530040,2237779,-1211439,-356129,768948,-334874,-18113,62535,-13605,-3986,1782,90,-72,0,1 # cft deg6 r=4
-176600,-748160,-1703486,-3260883,-4817098,-6339501,-6496730,-5906298,-4290473,-3706421,-3203358,-3109273,-2188492,-870682,-3071,265142,180626,59439,6126,-4128,-2161,-356,18,12,1 # cft deg6 r=8
512,640,-2360,-8319,-6550,9935,33979,42923,25486,-2129,-14216,-4511,8685,8855,-1483,-9844,-10249,-5976,-1937,-28,336,198,64,12,1 # cft deg6 r=8
289,0,5168,0,4404,0,-13437,0,-24322,0,-12762,0,-2052,0,-2588,0,-1343,0,25,0,115,0,-26,0,1 # cft deg6 r=4
28559,161301,380122,495256,377033,143373,-42907,-147391,-133478,28397,139491,69289,-52540,-56643,6221,23430,4648,-6349,-2095,1094,377,-102,-30,4,1 # cft deg6 r=4
-26843,210120,466634,738074,872952,-461231,-3962174,-7439647,-8359295,-5838722,-1257245,1892368,1808799,364746,-313073,-191194,-2731,28528,7664,-1276,-1016,-147,23,10,1 # cft deg6 r=4
-1513,1428,61378,239183,419654,383994,241943,380847,750728,797334,376315,-53972,-153147,-43828,23637,20167,696,-3951,-246,662,163,-59,-7,6,1 # cft deg6 r=4
3557,0,-3557,0,-186156,0,491263,0,-256143,0,-205026,0,138936,0,37060,0,-15854,0,-3764,0,89,0,37,0,1 # cft deg6 r=12
10072,199760,861698,1886087,2205195,917719,-829281,-827591,749206,1326802,58130,-1049552,-690561,106611,264464,34905,-66618,-28000,3421,4030,368,-215,-39,4,1 # cft deg6 r=8
3557,0,188521,0,927291,0,1758425,0,1469814,0,383794,0,-167821,0,-120647,0,-19997,0,1434,0,719,0,61,0,1 # cft deg6 r=4
-36703,-207502,741523,-2281264,5439608,-8403902,11765241,-12320728,9065867,-4617666,713796,1481054,10047,-1999378,1474544,-62038,-302654,80244,21891,-10028,-362,512,-26,-10,1 # cft deg6 r=4
791675,-2447005,2623218,-472285,-525472,-1353914,2048725,804195,-2992369,1234496,1403589,-1400453,-72786,595699,-172490,-118302,68222,10421,-12267,-66,1302,-2,-60,0,1 # cft deg6 r=4
-46853,-64825,-460571,54534,-320200,-647448,750976,-867683,493840,41876,-186556,233430,-46615,-11876,46016,-9427,-6228,4538,451,-748,93,57,-19,0,1 # cft deg6 r=4
-21271,-140702,-365922,-479301,-361983,-164258,139427,7081,36336,-129953,8452,-17005,19368,-1558,-4118,402,-833,912,-368,98,-29,36,-4,0,1 # cft deg6 r=4
134336,-981232,2983648,-5059839,5128016,-2997907,1783920,-4235785,7640240,-6584525,1330135,2397829,-1978019,156148,478875,-189722,-39397,37973,-1727,-3682,564,186,-40,-4,1 # cft deg6 r=8
26944,472896,3380672,14375240,41902720,89752774,146589827,185932785,183915591,140290720,79487151,29881346,3884096,-3421484,-2681866,-895550,-78126,62016,28150,3778,-735,-327,-25,6,1 # cft deg6 r=4
-842264,-1574772,10024154,69761385,188210131,233893503,89542716,-86350904,-94710457,-6130091,29092613,9768585,-4400858,-2726831,316966,450733,11012,-51256,-5605,4018,682,-191,-41,4,1 # cft deg6 r=4
4681256,27886256,85301290,169304975,233194304,225978094,140066325,5867398,-131867283,-219408395,-221462740,-156667665,-78908899,-26783482,-4558618,838857,840564,267877,38026,-2750,-2528,-515,-23,8,1 # cft deg6 r=8
2580728,1482428,4131532,-4322481,-2228918,-2954319,4367320,2145670,-1166686,-3285646,2216723,891454,-1205639,-128539,616300,-233902,-47496,45295,-1340,-4436,613,208,-42,-4,1 # cft deg6 r=0
-179,2789,16969,35662,29405,-25023,-90903,-86176,-13493,60178,80890,22235,-37319,-30638,889,10732,3085,-1911,-838,306,133,-48,-20,2,1 # cft deg6 r=8
64643,925123,5053495,15521414,30821888,42621232,43719910,36450649,28190380,21649780,14825638,7350950,1656569,-763332,-871150,-342181,-26630,33886,14641,1350,-699,-227,-11,6,1 # cft deg6 r=8
857669,3310929,7758967,15232790,24738933,30973323,28040837,15671978,1315079,-5754549,-3658935,1188701,2828856,1423889,-51373,-377872,-156751,-869,19277,5672,-19,-299,-41,4,1 # cft deg6 r=0
2399,-12504,20842,575891,-1307822,-742237,2739794,-224528,-1872633,379164,631608,-132644,14889,40545,-96792,-11680,35818,1864,-7014,68,817,-27,-51,0,1 # cft deg6 r=8
7496,-23568,-78654,-2157,-109621,-278391,5644,-73252,-214584,241202,282237,-243059,-269477,95730,149357,-6699,-47602,-7629,8080,2870,-312,-255,-13,8,1 # cft deg6 r=8
2162453,-4602404,2666945,7001626,-1697132,-4473295,1642791,5481616,-941897,-3196379,1234385,1526773,-484940,-432513,170081,75533,-27293,-16405,8234,526,-951,157,23,-10,1 # cft deg6 r=0
32093997413,30353869111,-29785464158,-36805862760,11071030180,21447875932,-967800000,-7660316385,-799983192,1817316162,399337506,-289947511,-97541333,29457733,14954108,-1464804,-1487398,-41658,91280,11306,-2871,-660,16,14,1 # cft deg6 r=0
-500744,-282516,-2740176,-1123445,-4809972,-2586254,-3401384,-3855852,461166,-362195,1383370,3221231,1579986,1287971,1302587,157785,-380405,-149158,16625,15450,709,-593,-59,8,1 # cft deg6 r=8
78961,0,-16017,0,7058,0,-97130,0,24049,0,-58346,0,33835,0,-16522,0,8684,0,-2715,0,437,0,-34,0,1 # cft deg6 r=8
36881,-422643,558173,723614,-1448541,-206398,988019,207645,-431845,-238659,301582,61537,-161261,22763,46343,-17672,-7281,5032,478,-718,47,40,-14,0,1 # cft deg6 r=8
8,-232,614,-3987,8213,53260,90787,73224,4984,-43396,-99470,-88299,-13949,28421,16930,4580,-451,-2159,-999,484,133,-113,-27,4,1 # cft deg6 r=8
-70841,238439,567668,-2364518,-993568,7521863,-210001,-10780063,1552304,7655262,-1259262,-2338620,656653,49836,-326746,120291,99097,-26552,-15973,2494,1367,-113,-59,2,1 # cft deg6 r=12
2498675,4219885,5311178,-1942733,-4469529,-7923562,5173071,-1328921,9237548,-5236033,-3778687,4138295,-953230,-457966,430254,-123889,-24215,29006,-5111,-1932,760,25,-39,2,1 # cft deg6 r=4
-35549,257622,-284058,-764665,735384,1181097,-64957,115673,505968,-59404,-132819,84587,-27825,-37245,13055,3402,-1343,-293,806,-202,-226,106,4,-8,1 # cft deg6 r=8
1039,-12152,-119869,-168909,78414,346524,290376,-22308,-598684,-683940,-475305,-495522,-445440,-252718,-80570,4792,16479,8983,2568,478,82,24,16,4,1 # cft deg6 r=4
-206875,358375,1551093,-7811127,9489904,-55922,-12204160,8714114,917265,-9094854,2822047,4256348,-679184,-1087604,104400,167752,-15221,-26189,1730,3140,258,-210,-34,4,1 # cft deg6 r=4
40639,151713,201650,253445,273856,130589,185631,-68677,108954,-88509,62053,-9921,-682,-14829,7567,-1188,3740,-2958,922,-378,259,-112,34,-8,1 # cft deg6 r=0
26648,-115324,367272,-780279,1491320,-2435391,3332506,-3908901,4060412,-3925586,3640289,-3115781,2297581,-1383493,653539,-225826,43574,6589,-9143,3634,-653,-46,54,-12,1 # cft deg6 r=0
961273,4658508,10994382,10671995,8796548,7362029,2402252,-1412052,557393,2579728,1538260,291390,-78813,-67835,5502,24100,7866,-942,-832,-250,123,9,-19,0,1 # cft deg6 r=0
625,-37375,1150725,6281985,13938054,14324512,-650252,-23288988,-36265741,-31658425,-16676594,-3112325,3121054,3218936,1256932,12045,-201126,-72444,1835,6910,1068,-225,-61,2,1 # cft deg6 r=8
-70823,455257,-1456895,3404114,-4821042,4077936,-339804,-3809235,6531548,-6449028,4418642,-2342126,1048489,-343090,37498,17185,-16376,13128,-3435,-1392,719,37,-45,0,1 # cft deg6 r=4
22472,-311428,1458160,-2296849,1758473,103823,-1224414,763578,796293,-1246234,544889,188662,-319356,181029,48531,-52788,19027,11550,-3536,100,806,-2,-48,0,1 # cft deg6 r=4
-97256,-543772,-758700,1004589,5299834,10164180,13448448,14294576,12255908,7730620,2911163,117132,-385512,73948,385476,344412,179068,60487,12314,908,-92,68,52,12,1 # cft deg6 r=4
-860864,3985488,-7769440,7937095,-4349862,1435250,-466414,-1009566,2808588,-2485428,362379,1019468,-765604,-5216,321620,-211296,44424,21173,-20022,7450,-1394,26,52,-12,1 # cft deg6 r=4
270449,841380,140552,-2862808,-1001168,2365830,2642322,-2676282,-3431537,792562,1708163,125418,-367779,-171730,-34739,41196,44840,12628,-1301,-1424,-424,-78,10,8,1 # cft deg6 r=4
-1181,2469,-166190,-605102,-853046,-1229214,-1080733,-674675,-290658,12021,38067,-30743,8688,-64781,28164,19694,-18994,7181,-4309,2990,-1090,140,24,-10,1 # cft deg6 r=4
24433,44045,53260,122315,530271,1313260,1817237,1461820,653545,286983,358242,298223,116812,37379,4101,-26166,-15506,5112,10115,4264,235,-264,-46,4,1 # cft deg6 r=0
-776287,-16698159,-15088222,21287384,44114626,26042539,-7679435,-23250467,-8305966,12751264,12253254,-204530,-4361973,-1168826,750570,382623,-50737,-57796,-2301,4762,631,-209,-41,4,1 # cft deg6 r=4
-12631427,-61192248,-134454949,-180840541,-165845870,-94534388,861234,65879854,63432926,19266578,-12080609,-12732094,-2392696,2142958,1251868,10564,-184323,-46275,9250,5668,274,-270,-42,4,1 # cft deg6 r=4
-2399,-9089,54940,155632,-181152,-562387,296221,964468,-244844,-904491,33104,501991,107030,-171908,-93087,37016,36251,-5059,-7606,422,859,-16,-48,0,1 # cft deg6 r=12
-12154057,31130823,36990787,-156908055,39309447,220054534,-169660778,-79912682,123961077,-2142980,-47029092,9598020,11715425,-3265828,-2051950,590856,254422,-67053,-22293,4900,1367,-212,-54,4,1 # cft deg6 r=8
73693,-378203,604670,-207110,-399064,305005,480259,-769617,-313272,1345540,-492364,-908184,673955,284686,-339044,-41527,91089,1904,-14095,130,1243,-11,-57,0,1 # cft deg6 r=8
218843,317725,830319,-1011310,-3893007,-6428866,-4405943,-1394489,-475405,-624840,-790112,326951,942243,597908,264007,55312,-46569,-20069,1828,831,413,175,-26,-8,1 # cft deg6 r=4
2780971,-17449110,-44892026,39610478,27018333,-35367482,-27497976,17408294,21100249,-10437736,-10756218,4925962,3535362,-1507844,-781371,300176,120063,-39412,-12933,3352,952,-170,-44,4,1 # cft deg6 r=4
270656,-769424,1272064,-1268939,1249320,-1306677,1307438,-670484,-38534,377737,-206481,-39151,119995,-74891,-1638,21450,-5463,-1805,1183,-368,-15,76,-14,-4,1 # cft deg6 r=0
192200,-45260,229842,664079,371551,568087,1020562,822908,699209,693561,425235,212437,127352,8529,-59140,-33195,-978,4306,1665,334,-70,-83,-13,4,1 # cft deg6 r=0
63037,48199,11017,135138,1430735,1151408,1711248,5072,-247596,-388908,249795,480971,301186,114607,-28856,8714,-7295,-6050,554,-408,1,69,5,4,1 # cft deg6 r=4
-3623,-173389,761444,666274,-11085501,34356002,-60896985,72639660,-59901926,30484574,-2805038,-9734320,8244065,-2560985,-509987,732872,-214559,-22209,29599,-5410,-889,427,-25,-8,1 # cft deg6 r=8
619357,-751064,-1851521,6595627,-12214652,18129015,-20958166,19850329,-15252186,8308367,-1994681,-1136846,1526319,-762720,59540,126459,-59640,7775,4364,-3526,846,88,-53,0,1 # cft deg6 r=4
18769,0,-90254,0,139593,0,-88149,0,-876,0,30325,0,-12620,0,-1168,0,1921,0,-293,0,-58,0,12,0,1 # cft deg6 r=4
203650175,-256324525,-154926699,406118580,-41307103,-300010608,135249158,121822892,-101094254,-21010002,41036081,-3810491,-9731004,2874209,1309060,-695730,-73251,92388,-4524,-6946,977,265,-53,-4,1 # cft deg6 r=0
-9451,20709,16739,-66151,-26638,142223,-9271,-157156,64034,105923,-89540,-31824,50201,5620,-1802,-9346,-1725,4270,-1065,14,51,-2,2,0,1 # cft deg6 r=4
-53264177,-30645629,194448549,85749521,-312892124,-130723433,265708674,105354514,-144818820,-51959210,58372376,16063489,-18702582,-2277576,4406251,-256777,-611051,132872,34239,-13960,-130,567,-45,-8,1 # cft deg6 r=8
63037,-190361,282609,-110346,-217513,311554,-147542,-20562,-27356,115924,-9455,-65721,39536,-18043,-9144,16520,7239,4894,3152,924,293,93,15,4,1 # cft deg6 r=4
40000,-152800,599996,-799815,1007220,-1067790,1206299,-1623748,1367721,-872601,924900,-757255,320279,-57682,69026,-38059,-23330,19543,318,-2816,354,169,-33,-4,1 # cft deg6 r=0
-4283,19858,24877,-63921,-228032,-404153,-510731,-626302,-751045,-755304,-561337,-235837,67202,248936,282045,200004,90543,21769,-1587,-3732,-1580,-311,-7,8,1 # cft deg6 r=8
-659,8904,-20060,3164,-2146,50354,35476,6726,99859,27476,105743,-76446,-1379,-71756,-6029,-17636,3162,6806,2269,508,-302,-178,-6,8,1 # cft deg6 r=8
73760959,254051136,394403619,352485497,200970248,91725828,67043826,60525314,37455392,14828038,6348231,3848546,2071594,743664,292602,147884,61973,17597,5996,2284,606,124,30,8,1 # cft deg6 r=0
6721271,36669742,120224084,276351530,470631508,614357573,612949618,450799701,227239955,63395216,-3935391,-12150448,-4516371,311868,877271,219636,-68691,-42976,-938,3640,574,-143,-39,2,1 # cft deg6 r=0
-603059,-4049231,11678813,-19154174,31769458,-39688016,32584318,-15126223,-6859990,21978166,-18577504,4633818,3435691,-2721792,135896,570715,-230708,-6596,26675,-5396,-775,401,-23,-8,1 # cft deg6 r=4
-1126319,-4222476,2279292,25578253,35189008,6615561,-22835042,-12073106,14928873,17274768,1157590,-6682994,-3013775,824259,937436,82080,-134226,-37560,9006,4904,-81,-309,-23,8,1 # cft deg6 r=4
18716968,33492844,-14455712,-59626715,4892309,78601833,25280250,-57080070,-37172435,22118864,25307116,-2653784,-10379642,-2143886,2034198,914769,-131283,-136085,-6650,9644,1343,-319,-63,4,1 # cft deg6 r=4
415391,-1815026,652147,1479892,-1547385,-894500,2062711,-1556814,1049149,-1136958,1042676,-598912,174355,21346,-61510,49392,-28328,11838,-3340,524,38,-56,24,-6,1 # cft deg6 r=4
-111467,521926,-1295875,2671530,-4718594,6490181,-6657762,5174997,-2900119,285048,1522237,-1724701,942486,-259748,50738,-25984,-2200,14318,-7226,1596,-339,100,-4,-6,1 # cft deg6 r=4
27075001,29952526,37060261,92765543,60278097,-61235066,-80964954,2844132,42180591,14569960,-9475886,-7335192,253059,1793244,454465,-203499,-116207,4785,14566,2030,-748,-175,29,12,1 # cft deg6 r=4
5731325,13875755,-428942,-25503798,-18628318,11752003,22201973,2805823,-9510394,-2782899,3856773,1890018,-1040113,-482218,410190,144174,-89001,-23154,17578,5980,-651,-414,-13,10,1 # cft deg6 r=0
6034627,-13442492,-2112516,37809153,2765690,-17713121,16482882,5040850,3397997,2059958,449670,-393650,-797205,-190599,25820,3970,10710,7960,2096,876,425,73,11,6,1 # cft deg6 r=0
-22984,-1067872,5009018,17384921,-220645,-49786040,-64845361,-18605483,23754393,19157962,-1017989,-6315164,-1862300,893172,634320,-9028,-103702,-16093,10105,2668,-651,-269,3,10,1 # cft deg6 r=8
58816,6208,-295344,345152,111860,-427372,-18997,480134,-55433,-448288,36796,316784,-60263,-174216,40851,71638,-9299,-18602,195,2702,196,-202,-26,6,1 # cft deg6 r=8
1019216,-2149408,983072,-2597184,1295584,5771152,-2217976,-3039856,1096772,2835688,415812,233164,329329,-266018,174473,-125214,60942,-28018,11001,-3426,1074,-222,53,-6,1 # cft deg6 r=0
354896,-2162912,8622432,10919744,11103264,-6525072,-6316216,-6074624,375092,-240488,1313732,1075956,1112069,691738,429273,218214,103402,41538,15241,4626,1254,262,53,6,1 # cft deg6 r=0
-1130044,-11530860,-53251364,-117261044,-121989726,-41538940,-8781745,-103028120,-183784990,-130227320,-24336794,26267430,21585291,7044856,3176724,3547276,2341330,778536,103741,-13756,-7426,-960,14,14,1 # cft deg6 r=4
17953600,244165600,-192195200,-387484600,456619400,163612650,-419666335,77349770,176353440,-96105630,-27695770,36416360,-3763421,-6556790,2277502,481040,-388370,20760,31695,-6340,-1050,430,-8,-10,1 # cft deg6 r=4
279208441,-340841750,257524871,-78553740,72011419,-105045580,104490660,-59902780,23820405,-7737090,3277821,-1442920,536546,-128570,48949,-24140,6605,-440,740,-420,119,-10,-1,0,1 # cft deg6 r=0
2903116,46273080,265692976,816017316,1532980764,1816715290,1231437345,139978780,-638849420,-718225930,-379280154,-60940440,65889851,64609646,32412134,10980136,2554090,327516,-22729,-22046,-4986,-430,44,14,1 # cft deg6 r=4
23436496,9787904,4033912,-11467024,9898556,8207734,-3240999,-3198102,2639824,1061694,-558608,-138412,264859,46462,-33718,4116,10794,1172,91,716,246,-6,2,6,1 # cft deg6 r=0
14380624,88219792,69951312,86501952,8840072,17566792,-4766984,-5227844,223256,-3530624,696762,-181194,-201359,200386,-59219,13282,10166,-5274,2301,-54,-198,106,-9,-4,1 # cft deg6 r=4
203629456,7247040,-85921456,-3485600,197604544,50362320,-11175160,-14349000,14048520,-203280,-3329176,-294300,1296841,-619010,110901,-33250,44610,-21530,6565,-1190,474,-190,61,-10,1 # cft deg6 r=0
91964176,89841120,-28017536,-126080,92184224,12980880,-30384680,-423280,24955500,-11234640,-4266916,2496860,1196821,-1135050,213421,34830,270,-14350,7205,-1970,614,-210,61,-10,1 # cft deg6 r=0
4721,-1186450,-1248381,1544710,39101,436920,4726715,335730,-2677195,203590,-233536,-464620,470451,111880,-79616,-3660,-6525,-950,1795,110,86,-10,-26,0,1 # cft deg6 r=8
21296,-106480,-79376,1839440,-6062104,8448000,-1484960,-11103220,14804960,-7173180,336934,306500,434181,37570,-373321,149560,27470,-26490,2975,500,6,50,-31,0,1 # cft deg6 r=8
15346705,-54391440,88167180,-64715110,-3553630,57888880,-53753365,18076670,10258635,-13043320,6421660,-536040,-252789,141516,95894,4790,-14295,9556,761,-876,505,-120,39,-6,1 # cft deg6 r=0
50264605,-209179400,355192220,-319605990,133232490,30909420,-54996745,10200270,29217235,-28700180,16299460,-5013340,1113251,-65284,49794,-23910,25025,-10224,6161,-1976,685,-140,39,-6,1 # cft deg6 r=0
8539025,2790550,6270925,2597900,4457550,4865950,7182250,1982950,3093275,2717750,2390550,815150,522115,208290,173410,61970,42375,17490,9330,3050,1090,300,65,10,1 # cft deg6 r=0
10469525,13803350,33997625,18691700,11877250,7213550,16093250,5888150,2956375,258650,1759750,271250,343235,16870,118070,47750,43635,21910,11630,4410,1370,340,65,10,1 # cft deg6 r=0
93008401,374459638,659968999,632861372,466535781,166192128,29096729,-25543888,-2077399,17841198,23122934,16915652,8641231,3339968,934064,176932,23451,6798,6639,3772,1486,418,84,12,1 # cft deg6 r=0
51831361,163516258,349828119,478921472,538024081,456162388,334343409,198523892,112545201,60489998,36342174,21527432,12175611,5915868,2448764,850692,254551,68898,19239,5572,1666,418,84,12,1 # cft deg6 r=0
40570181,-131923764,210011616,-196355884,118201546,-54123364,58722356,-49906324,28937831,-11456264,2560416,-822904,659836,-411464,215816,-52264,29971,-7364,4896,-924,506,-84,36,-4,1 # cft deg6 r=0
57164021,-122733246,120529761,-19633896,4308226,-87886766,101844106,-62395906,40153051,-26206566,15697506,-8132906,3605671,-1696966,730966,-283006,101311,-32346,11306,-2966,826,-156,41,-6,1 # cft deg6 r=0
92079601,-189473166,237885081,-195312096,154863086,-144024926,129937286,-87867626,48467171,-27204366,17139906,-9587506,4374171,-1819026,779286,-318306,114991,-36206,11826,-3386,886,-176,41,-6,1 # cft deg6 r=0
22753961,-75183964,115408336,-38248244,-48618634,23120156,53378996,-30866804,18903951,-625304,1130496,798616,350036,195576,44936,24696,26311,-6604,6096,-1124,566,-84,36,-4,1 # cft deg6 r=0
5041,0,307146,0,576681,0,130290,0,-93190,0,53426,0,-3559,0,5846,0,-2830,0,-290,0,241,0,-34,0,1 # cft deg6 r=4
-326756,-2102308,-5980744,-9849292,-9435482,-2848618,5770811,10330558,9195554,4969794,891686,-1205042,-1372181,-735468,-197148,17888,41254,17242,2381,-874,-522,-106,2,6,1 # cft deg6 r=4
92738701,-3495852,114516038,98990628,70306661,71094188,65419014,26034744,31178194,17909588,8213318,3658524,2361729,473484,330438,114608,31434,17044,5894,1868,701,188,38,8,1 # cft deg6 r=0
151308301,-16362912,43456338,44326748,28218641,27139968,43596594,22502064,19623014,13615568,8031578,4174484,2912649,1085184,581838,241328,74454,29424,9134,2268,801,208,38,8,1 # cft deg6 r=0
-22249,633961,-5209118,19104959,-34344639,27197271,-449624,-13826968,7201149,590581,-1135128,402722,-558756,244338,187402,-171486,3334,38573,-8139,-4396,1161,266,-58,-6,1 # cft deg6 r=12
7352141,-45596368,112996469,-130673942,29580071,127181562,-204127111,144216558,-22358789,-54179398,55726004,-23207332,44971,4636232,-1842916,-70672,265811,-68288,-5491,6018,-924,-118,74,-12,1 # cft deg6 r=4
134261681,278247174,465602677,722393176,1099304346,1472862474,1669616506,1558203758,1262337059,903678114,558788662,290852938,127612219,48046722,15670742,4322286,954479,155002,14766,-914,-814,-176,-3,6,1 # cft deg6 r=0
3090020,-11472080,19746280,-21128260,18809420,-19177540,18476265,-9916090,-2058900,7392100,-4587290,155310,1389631,-761264,36784,127800,-49900,-2704,6891,-1486,-240,140,-6,-6,1 # cft deg6 r=0
1,-68,1109,-10282,127831,244762,-317771,-368202,187511,363842,-94276,-241032,222491,-113688,-48696,129528,-56769,-13228,15169,-1862,-1164,322,14,-12,1 # cft deg6 r=12
20,2920,23480,105940,320920,657260,936065,909110,471300,-150900,-552490,-542490,-275969,-25864,69944,46560,4400,-7624,-2669,474,240,20,-6,-6,1 # cft deg6 r=8
43681,0,-1935879,0,-9092811,0,-8779865,0,-1828775,0,454026,0,20771,0,-13556,0,4475,0,-295,0,-166,0,4,0,1 # cft deg6 r=4
14641,-225742,1623043,-7254932,22687501,-52943372,95965729,-138776616,163184669,-158327482,128312178,-87850776,51377899,-25929676,11400108,-4387532,1494959,-446526,119059,-27232,5526,-902,128,-12,1 # cft deg6 r=0
1707541,-12116302,46100503,-116808572,220186301,-324729592,390435909,-391393996,335086809,-247829422,161498018,-93238756,48608899,-22824696,9803048,-3787532,1329179,-411066,113219,-26632,5466,-902,128,-12,1 # cft deg6 r=0
99272921,304211394,667078337,935616116,1121683806,1205317554,1137365126,907375678,639906219,416224994,247279342,131499798,63212039,27643862,10762742,3647126,1075359,272962,54946,6886,26,-136,-3,6,1 # cft deg6 r=0
-4271,211641,-1884492,6986709,-13303293,12799001,-847196,-16785368,29801741,-32865187,27558548,-18763878,10762406,-5373162,2389944,-949586,337416,-110297,34279,-10138,2837,-722,144,-18,1 # cft deg6 r=8
8899,36861,27678,-109701,-223213,25991,484684,475292,-135439,-618517,-454182,14472,243996,162838,19274,-34066,-19524,-1477,2499,922,-23,-82,-16,2,1 # cft deg6 r=4
26537861,-164121965,458482722,-743529755,776722981,-548371235,271842760,-115490210,69471965,-51023015,26311082,-6683790,-157656,268620,217832,-121310,-10140,19015,-1935,-1740,471,50,-28,0,1 # cft deg6 r=0
83054225,724263400,2915893100,6914573350,10821485325,11996070050,9917273240,6397390480,3376124990,1531375580,618951660,223703410,71324049,20886470,6548652,2361320,800110,205420,37400,6870,2365,810,172,20,1 # cft deg6 r=0
-133625,-3825250,-53963125,-221948900,-391548325,-291710200,-18329405,63110460,-34879505,-79920940,-52948660,-24768240,-8074129,-51090,1233176,670840,305045,80980,-13115,-14370,-2920,130,136,20,1 # cft deg6 r=8
25811599,-84673303,101014854,-114826067,97665877,44568557,20532216,-166925778,40457519,39115811,4747354,-1140518,-6633686,1542728,246432,-132632,-115996,-18067,25131,6324,-1553,-534,12,14,1 # cft deg6 r=8
679631,-5809680,17916592,1176080,-37648184,32957880,95813205,74859680,35134635,4972890,-5159018,-4024600,-1115041,207480,166292,75230,16755,-13670,-5465,740,651,-20,-33,0,1 # cft deg6 r=0
44683705,-7794730,10431795,5723700,10802065,-8968460,18153865,-2540340,4645105,650910,1755150,159460,608351,23532,161496,27820,20515,8982,5379,1932,810,290,76,12,1 # cft deg6 r=0
72796405,-32265550,22244555,26765960,22088565,-6219480,9564105,6938800,303825,834610,1639610,-199700,195351,71872,30176,21580,24255,10902,5739,2292,930,290,76,12,1 # cft deg6 r=0
1171,27070,-70709,108144,-136901,102820,-214145,268180,263665,-648150,155716,379340,-250149,-61556,108204,-19276,-19995,10154,851,-1704,194,130,-26,-4,1 # cft deg6 r=4
-359,6340,-39359,118754,-205661,226660,-162780,52820,37735,-58040,45641,-58960,81256,-66366,25319,-2916,4915,-9436,6706,-1894,-151,210,-31,-4,1 # cft deg6 r=8
941,-12775,71700,-279845,784191,-1634515,2612920,-3274730,3345585,-2859265,2121510,-1392490,821680,-446490,225180,-105010,45680,-18365,6715,-2290,721,-200,50,-10,1 # cft deg6 r=4
-1069,6555,-14360,12915,16901,-80565,119150,-95160,4175,119255,-172820,149030,-86140,30520,-1740,-2110,-620,525,315,-550,391,-170,50,-10,1 # cft deg6 r=8
47189,1559223,681266,-4312089,-44527,2039793,-2422754,3129352,3239807,-4472069,-2216864,2662202,981004,-947326,-285818,213316,55722,-29941,-7491,2512,683,-114,-38,2,1 # cft deg6 r=12
-474491,17182633,-36161594,41233941,-44884277,33705793,-4011784,-8375638,5857977,-16158489,22547136,-7080598,-8152376,7112774,-787138,-1105884,372342,56639,-39231,-498,2213,-74,-68,2,1 # cft deg6 r=8
-37181,-1328816,6467566,-4129188,-8671648,5857264,7786554,-1225604,-10448013,2812272,6952796,-3726984,-1589456,1442128,85228,-271368,21097,29488,-4154,-2084,352,112,-22,-4,1 # cft deg6 r=8
3259,157818,226027,-2322542,5084582,5499998,-21236894,16082164,2690991,-11306626,3451662,3501884,1411491,-5792266,2966116,209358,-561179,108694,29266,-12126,142,464,-49,-6,1 # cft deg6 r=12
-1979959,43736272,-138362275,115339004,47553716,-80490158,18645074,-13209900,9071653,1483152,-1004440,2927500,-1291175,-935450,497410,42444,-160307,6960,36156,5374,-2154,-568,15,14,1 # cft deg6 r=8
-53578481,-214893728,-119866094,150901664,424601228,619449652,710853226,632217408,447607907,263028584,132437356,55724568,19048224,5332736,1296532,244744,30317,14296,11234,3288,68,-116,2,8,1 # cft deg6 r=4
-1249975984,4170039680,-5122299264,1291302624,3736925744,-5066021040,3014724800,-817222000,-72012560,159236880,-83339664,31333840,-6108984,-2313976,2230544,-556656,-100260,78684,-2084,-5244,444,240,-36,-4,1 # cft deg6 r=4
-15544411,87688956,-248916282,282609874,50047372,-256313244,166799309,-49373228,-49515589,104598138,-51232712,-20287088,26169861,-3441112,-4509186,1609704,358401,-299202,34749,15442,-5233,348,89,-18,1 # cft deg6 r=4
-137119,-5929558,19338080,-11423276,-9373294,3116752,1975049,1775760,913483,948522,311840,-893400,-740825,-85480,84560,51834,42193,21380,-409,-4616,-1679,-128,55,14,1 # cft deg6 r=12
1887719,-23756372,-34633774,43499436,95325128,34675868,-59700854,-57601588,6639027,31280496,4008556,-10289448,-2288056,1960624,819252,-150824,-165803,-7276,21634,4332,-1232,-444,2,12,1 # cft deg6 r=8
-34502551,-93762872,99447522,421612568,270464362,-130999992,-317449839,-318551106,-261063259,-177643576,-97578048,-46526156,-20891969,-8440046,-2916914,-934882,-288779,-73716,-14649,-2896,-423,104,71,14,1 # cft deg6 r=8
-380115776,1148421504,-1263843904,286972032,697612992,-812224256,422736384,-139610944,54498032,-22571808,-4487424,10739776,-2617936,-2307792,1469408,6032,-253708,74928,7316,-7584,712,292,-52,-4,1 # cft deg6 r=4
137435125,723303500,2041808000,3950731250,5773011250,6694539000,6344259075,5004849150,3326650775,1876522900,901394300,367769000,126159855,35379320,7577890,952050,-80035,-86780,-26555,-4620,-175,160,55,10,1 # cft deg6 r=0
31235525,205846000,689278700,1491314050,2330209550,2819490800,2769411475,2275383250,1591471875,958378000,498489700,223088800,84886435,26586600,6419470,920690,-68635,-96020,-32755,-6620,-515,120,55,10,1 # cft deg6 r=0
4349,-8654,-10212,38564,-33263,10796,25144,-78288,45106,37078,-41532,10172,7421,-16652,8604,4024,-5294,778,1464,-748,-63,88,4,-8,1 # cft deg6 r=8
-144476,515132,-393484,-648356,2818638,-6487228,6814461,-1485292,-2010488,2655884,-2722504,1467658,-590441,191656,22172,-33336,24322,-9264,1239,28,-172,124,-28,-2,1 # cft deg6 r=8
11404,19952,341152,-1248088,2097712,-381568,555161,-803754,77906,228266,-90558,39216,-59769,-2294,21166,-6668,-1394,306,691,-24,32,26,16,6,1 # cft deg6 r=0
-10612489,16578444,76824332,-53543944,-63429109,70546424,-11865474,3660008,-285116,-9071176,2282872,2705608,-755281,-366408,50442,21556,15064,5532,-4964,-1244,571,124,-38,-4,1 # cft deg6 r=8
-603131939,602881120,946386232,711707180,-279272446,-823984100,-614717300,-194525480,70600075,80699720,30242292,-3946800,-4829616,-1526000,284268,122040,34375,-9400,100,-620,94,-60,8,0,1 # cft deg6 r=4
1388624,7873280,2479712,-2022592,-4106912,-4351520,1151760,3526640,1063160,-1133920,-912008,-35680,373456,146144,-98256,-60232,22580,12004,-3784,-1384,398,100,-26,-4,1 # cft deg6 r=4
8386816,0,107018752,0,171652864,0,126901760,0,71529600,0,28911552,0,8414304,0,1855968,0,293520,0,30560,0,1944,0,68,0,1 # cft deg6 r=0
231721,584080,769784,434400,-651094,-1831180,-1357660,351240,1234315,817240,282644,195240,212296,75200,-20596,-10040,9195,5080,260,-120,46,-20,-16,0,1 # cft deg6 r=0
358429,-1659200,4962952,-10116292,16217758,-20757400,22340760,-20159940,15429415,-9810640,5144432,-2171800,726836,-212416,68304,-30072,11675,-2416,136,156,78,-40,24,-4,1 # cft deg6 r=0
33364601,141739416,288170750,409227828,460509509,362575076,79004066,-134793940,-152282182,-66952196,-19655250,9045160,7053185,3132540,316650,-399072,-237922,-89880,-14686,32,1209,424,90,12,1 # cft deg6 r=4
-69611,-282380,-526688,-772952,-843922,-463820,48340,268720,153815,-23160,-34128,35760,26436,-34136,-43656,-6912,14355,8644,-304,-1944,-562,100,84,16,1 # cft deg6 r=8
16,0,-176,0,-7344,0,-38720,0,-80400,0,-75456,0,-31704,0,-4316,0,240,0,-120,0,-44,0,4,0,1 # cft deg6 r=4
689744,-2098240,4566352,-3107008,118848,7295680,-7877840,9974480,-178960,-887920,6699952,-3932000,3277496,-1021264,445324,-42688,19940,-2464,4016,-2196,1108,-400,104,-16,1 # cft deg6 r=0
39275999,-99718080,93112192,-14949352,-27426172,17010900,-17408600,20486020,6069155,-28409080,15985552,5557240,-8489264,1117824,1891904,-736272,-135955,115704,-3424,-8544,1068,300,-56,-4,1 # cft deg6 r=0
1210624,-2823680,4634112,-3250432,523008,40960,2557440,-3201920,1333120,-147520,54272,-254400,236256,-89056,21024,-9392,6320,-4416,2016,-664,248,-60,24,-4,1 # cft deg6 r=0
-166795,-764500,-1751555,-2551600,-2755455,-2305500,-1221361,397202,1993551,2745998,2339080,1275752,333281,-108772,-155006,-70880,-9819,6258,3969,712,-160,-112,-16,2,1 # cft deg6 r=4
-15874225,8175650,50124075,-77749990,64310885,-40468870,-34318849,59399560,14600453,-34402066,-8517210,12366940,3990185,-2988720,-1152250,484480,214423,-53380,-25621,3782,1890,-156,-70,2,1 # cft deg6 r=4
-2674039,-14701244,-32448280,-38979212,-19526361,23089456,47574166,33765780,1525858,-17367456,-13613040,-1793800,4268955,2404740,-251630,-490932,-94322,28280,18784,2352,-1181,-356,10,12,1 # cft deg6 r=12
-1954955,19657340,-49905060,24363300,69993150,-103092220,25681640,46409020,-40821465,930600,14804280,-5324520,-2398764,1899064,93744,-434680,37795,66204,-9524,-5884,1070,260,-56,-4,1 # cft deg6 r=16
-65219,-721196,-1209440,2307032,12173074,24589924,32812536,32286720,23318023,10983296,1085320,-3671960,-3930020,-2125520,-517000,127032,164443,65900,10824,-1632,-1246,-244,0,8,1 # cft deg6 r=12
-29500039,279722052,-827488316,1260876908,-1111356314,398706212,309004464,-496458492,239780551,39039392,-116147096,51687928,7994556,-15289728,3648944,1427688,-840369,19292,70244,-12132,-2114,732,-16,-12,1 # cft deg6 r=8
-889964,-8054556,-22200900,-27218908,-37188416,-28239956,-18743144,-4102550,4404708,7523236,5994670,2938350,590635,-356450,-364820,-132828,-3307,20450,8444,608,-601,-224,-10,8,1 # cft deg6 r=8
16,-160,-3808,-36960,-45104,240240,488160,-497440,-1969360,-1175600,1239592,1641760,-7456,-774200,-208648,185360,79760,-24300,-14080,1620,1296,-40,-58,0,1 # cft deg6 r=12
1936,38720,-222304,885600,-1418096,1107200,-1036080,789280,659280,-1137920,-18624,516320,-53704,-148600,18464,33520,-4620,-5480,560,880,44,-80,-16,0,1 # cft deg6 r=4
-21204784,20167872,32398624,-19140352,-45716784,15860032,37873584,-9085712,-19800144,1865792,8950384,-594352,-3095064,447272,673184,-119432,-117004,22032,17704,-5052,-884,392,4,-12,1 # cft deg6 r=4
-148124,-1432836,-6241500,-16364068,-28533396,-32919496,-19696164,8882790,34150948,36476236,16883280,-4539250,-12249845,-8296730,-2493290,172612,458893,180490,28854,-2572,-2341,-484,-20,8,1 # cft deg6 r=4
311495,1460200,3656630,4634120,-50432100,-59421140,118873250,143302540,-106443205,-140661680,46803500,71522400,-11261184,-21106248,1474676,3797000,-74435,-417688,-5826,26872,1060,-900,-54,12,1 # cft deg6 r=12
-304169,-1210354,2280518,14273712,6703169,-36795684,-49875254,-10986652,14151612,13605294,11536958,6334428,1806729,-445524,-636878,-234348,-1508,30206,10174,368,-751,-196,2,8,1 # cft deg6 r=8
171545,73940,-1108810,-1142400,1783985,3505780,970110,-2656320,-3479370,-1128960,1416510,1523560,220921,-366288,-171374,12540,24550,5552,974,1252,965,380,86,12,1 # cft deg6 r=8
-16037999,60170880,-18200068,-78809900,43553006,-43934980,18827360,16673720,-21666005,19200320,-8656348,1063040,477984,-370520,73292,42680,-16445,3760,-2720,-100,466,-20,-28,0,1 # cft deg6 r=8
-31546759,93753984,-28530823,-115848164,86699146,33771604,-27005504,-28881592,9419739,27310434,-20610578,703128,3692079,-603168,-139938,-550944,583369,-226208,25896,9866,-4114,474,37,-14,1 # cft deg6 r=4
145525,-710100,1322100,-2537600,585950,258300,-361600,-2365600,2672375,-784200,840600,-754400,-178940,628280,-508560,319520,-185965,68060,-3820,-7200,1950,140,-80,0,1 # cft deg6 r=4
666841,7468216,25677030,44388728,40568289,10341076,-19383154,-23951700,-9048622,4073044,5742790,1717060,-917975,-993780,-311350,36168,63818,18160,-1706,-2468,-591,24,50,12,1 # cft deg6 r=4
439171,-3181104,10890780,-23611692,36545779,-42651664,37982226,-24958700,10473328,-731536,-2263180,600420,1997615,-3028100,2374510,-1210552,408928,-81540,3024,3592,-1201,164,10,-8,1 # cft deg6 r=0
130321,-329232,101080,524476,-570036,-58092,600459,-292220,-253577,359622,64100,-200460,43185,67260,-19600,-14224,5993,5250,-1469,-1306,299,152,-25,-6,1 # cft deg6 r=0
43681,0,4598244,0,31052994,0,52746900,0,39812015,0,17603784,0,5090076,0,1008456,0,138895,0,13140,0,834,0,36,0,1 # cft deg6 r=0
26977841,58728048,115484154,153673312,207814781,205170948,190139754,159389552,113217606,68783088,40730614,20177892,8659661,3506808,1434574,423592,150706,45148,15294,3832,1181,208,54,12,1 # cft deg6 r=0
421944025,-1135366600,2107926550,-2121441200,1762772825,-810108900,352108250,-35101100,-8948050,8265000,-620150,-3580700,1908865,-583680,105070,34700,-9110,-4140,1690,-520,305,-40,-10,0,1 # cft deg6 r=0
10601,32314,-485708,728036,2426461,-9994776,16174316,-14613452,6367234,2698414,-7539188,6295028,-2107791,-603988,882772,-247064,-84746,60062,-1204,-5604,741,244,-48,-4,1 # cft deg6 r=12
-10040080,-10399360,39330560,40062240,-50576800,-48629600,22808480,17010320,-184160,5334240,66920,-2534640,-1655664,-1323184,387184,694720,38160,-108424,-15524,7984,1500,-300,-66,4,1 # cft deg6 r=12
25276,-784924,3296020,-4381252,5924384,-12692444,4627636,-15151090,-976092,-7878056,-390970,-923010,888295,621110,156800,-274152,-49727,55390,3784,-6128,159,344,-30,-8,1 # cft deg6 r=4
-1852699,-10603464,-11654350,-8983472,-15550431,-7428224,-3406834,-98740,2725878,2434684,1684130,434020,-89895,-271280,-178630,-70512,158,19880,10034,892,-1031,-316,10,12,1 # cft deg6 r=12
-1643489,-18138700,38898022,99747360,-144404344,-250328160,215971870,349027640,-139218525,-275501320,21182332,118450840,14849704,-26295280,-6464988,3075960,1045325,-193260,-87170,6200,4016,-80,-98,0,1 # cft deg6 r=16
320636,-306564,-2502460,2907628,4098164,-6524424,-248044,5157290,-2939032,-990476,1531560,-214270,-322495,155070,-10230,-13192,5413,-2070,1734,-388,-311,144,0,-8,1 # cft deg6 r=8
46601,287554,420016,-300716,-1191954,-865366,845571,1810564,364521,-1296396,-819564,228924,549231,186734,-204654,-128476,47701,35884,-8009,-4836,871,294,-49,-6,1 # cft deg6 r=12
-742064,-471616,-5457600,-19427008,-32376576,-43220416,-48777984,-34258720,-8360832,4042016,1424080,-982640,706840,1419680,345160,-323728,-195172,2120,28604,6248,-1116,-564,-40,8,1 # cft deg6 r=4
-15679,95224,-365638,100426,1199226,998054,1272901,2108718,2196439,1868364,1308232,707048,358559,160752,44492,11686,5849,1042,-119,-44,-159,-86,-3,6,1 # cft deg6 r=4
-2212559,7550442,-168081,503258,-7105014,5890502,4563564,-2972272,-4756019,3310342,2565674,-2504602,-554159,1020592,-1356,-263782,38621,39242,-9446,-3182,996,132,-51,-2,1 # cft deg6 r=4
166921,823014,-2432774,-3462296,10815286,-9034106,437951,6933754,-3538069,-2206366,2423246,196474,-1148679,125194,311986,-64506,-48899,14684,4511,-1986,-179,164,-9,-6,1 # cft deg6 r=8
-6655,-174240,877580,6501760,4659890,-574580,-4240520,-5990180,1011315,-444720,2454940,-578520,716096,-461032,140676,-131360,32395,-6272,6664,-2552,430,-20,36,-12,1 # cft deg6 r=8
-19720784,-80022560,-21514448,109146080,5199936,46048640,87761040,-5148560,-9448880,2251760,-3777808,-1222880,97424,77240,146172,33800,-23860,-6240,-20,500,316,0,-28,0,1 # cft deg6 r=8
10530025,24787400,48416850,24307900,-2573375,31760700,96326750,104364600,57591450,26813800,6293350,-2679300,-501015,343180,369390,5600,-77670,-22360,3330,4100,805,-140,-50,0,1 # cft deg6 r=0
20161,31510,-2304,-39380,248459,-110140,511950,-417260,872590,-496190,565296,-516400,513431,-210320,43874,23980,-10310,-830,5260,-1580,439,60,-46,0,1 # cft deg6 r=0
313541,-1020632,1302368,-1833772,4438086,-8625912,14693944,-21673916,25954159,-25403792,21064448,-14993496,9352524,-5105536,2520688,-1072792,429579,-141816,45824,-11612,2846,-552,88,-12,1 # cft deg6 r=0
5528741,12201728,27373084,43092932,46884766,32448168,21990264,17808412,13300591,5178768,-58056,-1015688,-297284,309408,392224,232472,109051,44208,19564,7492,2406,568,104,12,1 # cft deg6 r=0
394769525,766515700,1376498250,1002665400,1057172025,399231400,342426350,-2422300,-9221350,-3492300,-8019850,-3120100,945085,418340,200030,25580,-13350,-1480,2490,560,125,-20,-10,0,1 # cft deg6 r=0
1166605,5083850,12013355,17583160,19652365,17957700,16064165,12784500,9406325,6091710,4008950,3060400,2642371,2165892,1535276,907700,447215,183402,62539,17692,4110,770,116,12,1 # cft deg6 r=0
238705,1010570,2457595,3868400,4989365,5891460,7384705,8878140,9528505,8557670,6516650,4374200,2786631,1788052,1141036,675540,349855,152442,55299,16492,3990,770,116,12,1 # cft deg6 r=0
1631419,1475670,2362032,-1617362,-5082932,-5098330,-189795,3710020,5132775,373480,-895508,-1228420,-534299,58554,64494,30398,5625,-1756,431,-254,-97,70,-11,-4,1 # cft deg6 r=4
-8269,261025,272882,-1163115,-2723971,-2558415,-1805430,-1548080,-1264455,-610415,-110108,5950,-4646,19680,33148,13980,-3560,-4715,-715,600,219,-30,-22,0,1 # cft deg6 r=4
20078861,-102022822,279916853,-506653012,675412726,-701739582,592985994,-416322766,247565919,-124680922,53357518,-19158846,5794699,-1490186,367018,-109842,42779,-15506,4294,-782,66,-12,13,-2,1 # cft deg6 r=0
14578201,72622902,190935233,347121132,479884566,533648902,492405014,382298846,250923659,137513022,62199198,22409306,6265159,1206026,145958,13002,13559,8786,3754,962,226,32,13,2,1 # cft deg6 r=0
-141409,-1910298,-4438903,4328256,-14541341,16682292,-3917381,11894344,9976937,4991358,2782242,-3644096,-1486221,433692,43868,94396,60657,-30918,-12639,3464,1154,-182,-52,4,1 # cft deg6 r=8
-74701,-683408,-1564649,1133398,5028678,-1653358,-4521994,-968662,1209609,2046574,42316,-927852,-257181,236032,110872,-51382,-35491,-18,4446,1006,-272,-116,-3,6,1 # cft deg6 r=4
1,19,160,667,1671,3069,5826,16270,39453,49579,50300,33350,4260,-1370,7320,14742,15738,10575,4439,1092,11,-116,-30,2,1 # cft deg6 r=4
1,-41,430,3077,19441,48619,93406,120620,105153,34149,-60420,-127630,-131160,-82950,-22750,14132,21738,14375,5979,1362,-69,-146,-30,2,1 # cft deg6 r=4
610445,-1417515,2108370,-2470435,-1066525,1191325,-3433130,-614090,-600755,-2698225,-1282190,-121260,310156,367264,190184,36070,-39750,-24011,1471,3216,205,-210,-26,6,1 # cft deg6 r=4
-1880869,4041016,7931381,-45581904,79819866,-59147894,-11525874,61868956,-50721719,13588066,3531246,-844354,-1782079,72896,891746,-305034,-113109,75916,-1244,-6554,876,246,-49,-4,1 # cft deg6 r=4
-1082864,-1429712,10899440,35016096,36513464,1394408,-28309376,-21703020,-558172,8153332,4804190,12530,-1489015,-675850,145280,196096,14263,-29460,-5414,2774,659,-158,-40,4,1 # cft deg6 r=8
10845505,43974370,91321105,124664800,132656930,130040150,115019450,83681270,54347155,32218590,16043110,6843210,2305251,465926,83694,-83550,-3685,-17534,4486,-1366,650,-140,29,-6,1 # cft deg6 r=0
121,0,-1947,0,-29779,0,136755,0,443065,0,417438,0,170599,0,41708,0,8895,0,525,0,146,0,-32,0,1 # cft deg6 r=8
367021,-811117,-4885736,5272247,20919141,-893237,-19375516,-3298218,9828231,1446553,-2451246,-289428,217156,30498,20364,9482,-6114,-4837,199,882,91,-72,-16,2,1 # cft deg6 r=8
-409189,3922754,-22829450,58807122,-75450571,45783014,-160804,-20196600,14545008,-4427334,201090,522030,-713875,638930,-269420,-19728,77428,-33890,2654,3018,-1191,106,40,-12,1 # cft deg6 r=4
7015481,24680634,46997983,57184088,74711169,102829084,132796441,125695092,88742037,47545006,19618498,6704152,2432639,996724,482492,208228,89787,40914,17979,6772,2094,506,92,12,1 # cft deg6 r=0
1902811,1287131,-39797602,63087867,54742589,-190374199,99243976,93837948,-121294543,20249099,33518188,-17341562,-2311536,3830886,-538858,-394578,128152,22681,-13601,-852,909,34,-38,-2,1 # cft deg6 r=8
-5339225,34756875,-71624100,45229375,-5183125,18459325,1328350,-8537200,48525,-3809025,1775350,-455850,680640,-127000,87820,-43600,7810,-6615,975,-640,75,-50,10,0,1 # cft deg6 r=8
18970636,-57937252,67185040,-28375304,-18338786,32811258,-18201521,1852810,3823928,-2698368,887310,-143710,-61445,86800,-51240,5636,8398,-4990,221,734,-336,52,10,-6,1 # cft deg6 r=4
406799105,-2294621690,6313729825,-10670319240,12669786390,-11363014610,8008304090,-4552470670,2121230355,-814789070,253730630,-59933410,8962691,-793506,835434,-878670,501375,-189586,53626,-12434,2730,-580,109,-14,1 # cft deg6 r=0
-929,-4919,-9284,2601,21611,-5459,15326,12896,-59099,42861,-17744,-25984,14236,32416,-61804,43306,-10184,-2849,3061,-1144,1,136,-24,-4,1 # cft deg6 r=4
16,208,-1520,-9504,130984,-606712,1536624,-2306420,1990828,-832668,-179790,567050,-353595,52950,63840,-53344,10063,6260,-3914,454,519,-118,-40,4,1 # cft deg6 r=8
27007805,-85797690,163265225,-223382200,240022770,-220097630,172345530,-117959270,68651335,-34059470,14404050,-4786770,1316351,-53006,-14526,64110,5015,8334,4246,886,590,180,29,6,1 # cft deg6 r=0
656,106480,-112432,-1982360,-739664,7318080,-291020,-14417400,9012880,10856710,-14947352,3383300,3621759,-2023560,-118782,263600,-28785,-6690,2360,-2700,761,140,-62,0,1 # cft deg6 r=8
918271,4337514,5717850,2534362,2389089,-1273906,-1344084,-699520,-1224572,161306,254390,-58410,122585,24290,-58300,10832,4408,-5330,1794,858,-651,66,40,-12,1 # cft deg6 r=4
149551561,-638208024,2120471038,-4683386788,8193968729,-10722441944,11355651846,-9850655692,7200325282,-4471121376,2381094218,-1086706252,423843709,-139360424,37687242,-7879348,1063662,3656,-47246,13668,-1851,-16,62,-12,1 # cft deg6 r=0
-311764,-2854012,-9800240,-17467064,-17322046,-7789062,-8033601,-4107270,-749712,-962208,186350,-20630,31875,50760,-15040,15916,-8622,3690,-1499,374,-96,12,10,-6,1 # cft deg6 r=4
51705841,96027074,158907923,156553368,165861049,136004244,100452621,54474492,22814317,6739966,2626438,1562432,977339,286804,-37748,-68412,-21293,7074,10419,5572,1974,506,92,12,1 # cft deg6 r=0
1284289,-6329976,11964646,-14293738,27655457,-67169356,111772004,-125056334,101816982,-64742838,33805756,-14941014,5525759,-1394722,-62492,255152,-96928,718,10266,-2564,-213,192,-22,-4,1 # cft deg6 r=4
-4759,17100,-2184,-48080,39941,94150,-100620,-76090,128390,-8690,-63014,41780,-749,-17060,11876,60,-3880,1510,280,-410,51,30,-14,0,1 # cft deg6 r=4
-562284421,1169581596,-394578162,-414331336,4464192,61347596,379143154,-161812508,-314639429,105737208,120726748,-42277208,-42175224,-2705352,1398284,-1137936,-142599,378588,154854,10272,-5928,-1332,-46,12,1 # cft deg6 r=4
11310001,45974316,72412040,-102217292,-279445174,-444258884,651166796,1451007460,-1452018737,-511116744,789537920,-25108440,-169230500,28686520,18857960,-4859032,-1208257,421340,44184,-22172,-614,716,-20,-12,1 # cft deg6 r=4
185117776,235998976,-58452400,-230614112,2152416,157196416,13796096,-75329360,-2996112,26496736,-217200,-7082560,593480,1437360,-242900,-217112,81188,40,-1956,-1172,676,-204,60,-12,1 # cft deg6 r=0
60731,304910,699506,848170,542821,150590,36100,14740,-50560,-103850,-61074,-3130,7141,-11270,4796,8540,4940,-2310,-1350,-30,161,-30,16,0,1 # cft deg6 r=0
169,0,-1690,0,4433,0,650,0,-12570,0,4710,0,10085,0,-3710,0,-2610,0,590,0,153,0,-30,0,1 # cft deg6 r=16
-3567196,22165236,22642044,-77533064,-68029812,70138516,55642224,-17986274,4716714,8519662,-12850646,-2683284,5586019,438706,-1361647,-50954,224114,1166,-25701,782,1808,-78,-67,2,1 # cft deg6 r=16
2704,0,-21632,0,45552,0,-14040,0,-45400,0,34328,0,10781,0,-14046,0,-65,0,2020,0,-133,0,-86,0,1 # cft deg6 r=16
169,0,-18759,0,108823,0,-156520,0,30605,0,61311,0,-23546,0,-5573,0,2605,0,200,0,-97,0,-3,0,1 # cft deg6 r=16
859,-8070,5797,101738,-98057,-517030,272430,1080890,-493845,-1230220,646897,963550,-430274,-514936,133559,168898,-18265,-33436,36,3886,293,-240,-31,6,1 # cft deg6 r=16
-319021,161618,6198244,19310236,-50975403,-191564392,-123823024,61997408,24983572,-61060106,1145404,38555468,501229,-12960184,-971428,2383296,250852,-256534,-29936,16228,1957,-556,-68,8,1 # cft deg6 r=8
-63451456,172048704,-28206336,-330046208,235213088,166009984,-145628736,-8654016,900992,1896368,15730624,-13772816,4985704,-759728,-326552,385152,-140888,13892,3876,-2356,718,-12,-42,4,1 # cft deg6 r=8
2358409,-16514832,17308494,9965256,-34379763,50119528,-51435254,34293788,-17043758,5591064,-281806,-166532,24989,60916,-63598,-8924,8882,-7564,3414,-792,377,44,2,8,1 # cft deg6 r=8
16611344,100328640,157446192,113115728,57565648,39374600,33549400,22891880,11357400,5049860,2104872,908070,617561,266574,-61,-40652,-14650,-1526,-289,-864,-542,-130,-1,6,1 # cft deg6 r=8
1163261,-6957582,30326239,-11885328,36110481,-8745192,16296649,-3690848,7545781,-4097302,6219014,-4056848,3320531,-1934192,1056064,-504188,209371,-75902,24939,-6928,1706,-362,64,-8,1 # cft deg6 r=0
68021,-240862,1230239,-481488,4910441,-3856672,6223189,358192,-4344119,4286558,-2133546,432772,1249991,-1109672,869584,-477548,210211,-82642,26499,-7448,1826,-362,64,-8,1 # cft deg6 r=0
2384,-24864,-304,271288,-112708,-689044,283009,621244,-213218,182338,439026,-328496,-369441,141292,215828,82848,34232,14372,211,-1396,-198,-2,-2,4,1 # cft deg6 r=8
1082096,2884736,-3984960,12581408,3870496,-26626784,-30143064,-26221080,-18565052,-5788624,606100,1720940,1561515,670190,-35115,-149692,-60972,-7710,3209,1408,-44,-94,5,8,1 # cft deg6 r=8
2167961,-11948350,27847621,-31134536,7182489,23392350,-26373295,4185570,11215865,-7412990,-884584,2498580,-449719,-508486,240984,33004,-49315,7694,4261,-1684,-56,130,-16,-4,1 # cft deg6 r=0
2861,-9680,12981,-20306,39159,-48820,49620,-47800,36675,-22240,7941,-300,-2724,3514,-1881,504,315,-416,346,-214,89,-30,9,-4,1 # cft deg6 r=4
-59,65,746,-7629,-19581,25405,54880,-68220,-5795,-89815,346426,-404570,181836,32086,-78126,42446,-14240,3841,-579,-166,109,-30,14,-6,1 # cft deg6 r=4
1,-5,-114,-539,-1261,-1705,-890,920,2535,3225,66,-100,-4244,1506,-666,2246,-1280,121,51,-176,199,-90,24,-6,1 # cft deg6 r=8
575819,-646728,-1170863,3475222,-1167993,-4128288,6325496,-2508704,-1673759,2574956,-840763,-261004,348266,-90154,7331,-1928,-9249,8476,-1634,-1814,507,146,-39,-4,1 # cft deg6 r=8
61819,279772,446987,-141828,-1061333,-1033298,-87269,179716,-523539,-818014,-146608,538196,559511,258076,74556,25412,3261,-8124,-4629,96,602,66,-34,-4,1 # cft deg6 r=4
2401,0,-21315,0,81511,0,-172160,0,216425,0,-164345,0,75770,0,-21405,0,2465,0,500,0,-109,0,5,0,1 # cft deg6 r=4
-215009,2220470,-6670265,7967950,-291239,-9637820,9213635,228190,-5955505,3351810,900360,-1731180,540275,180420,-172980,42000,3465,-6830,2755,-230,-164,50,-10,0,1 # cft deg6 r=8
-11,-228,5564,-37276,120542,-174588,-36564,512892,-504153,-486344,943624,203432,-834556,-22616,405512,10424,-113853,-11156,17404,3252,-1218,-364,12,12,1 # cft deg6 r=12
-15536,-357120,4167552,-5769792,-22335392,77060160,-74825120,-24196000,104026240,-65220480,-17288528,39167600,-12689144,-5660416,4756064,-410192,-576520,177504,17416,-15304,1168,480,-76,-4,1 # cft deg6 r=12
-1136,-7552,27776,321696,802048,673728,666736,874112,591872,-4932144,3150336,-1829088,1620664,-316416,-152608,34056,-34908,19224,7144,-4768,-132,356,-28,-8,1 # cft deg6 r=8
326041,0,-992972,0,-20373174,0,31457700,0,2572415,0,-1393112,0,115084,0,-3352,0,-4025,0,1060,0,-54,0,-12,0,1 # cft deg6 r=8
-50021,-357144,-282472,921344,-821723,793736,323984,-910768,1034756,-825892,-77352,668832,-695219,92568,391744,-173736,-92524,60288,9204,-10408,717,508,-56,-8,1 # cft deg6 r=8
1186769,4633692,4363022,-956028,-15973083,-21731408,-4667394,19250376,21221886,-353644,-15011078,-7155524,4725781,5081736,381826,-1125688,-368394,80396,55746,2316,-3163,-504,46,16,1 # cft deg6 r=8
-995824,-2135232,6138080,23952736,18261296,-35217312,-84800976,-49782720,44373488,83771888,38606320,-12090400,-18966600,-5479280,1385880,1247816,265468,-22520,-29764,-8304,-584,268,100,16,1 # cft deg6 r=12
-406229,-1368660,2268790,16476960,23859944,-1692520,-36198390,-33773600,-5399625,10805480,8817680,1810240,-1786500,-1316000,-27720,260800,58605,-27460,-10630,1600,1004,-40,-50,0,1 # cft deg6 r=12
-5591,175260,205718,-590824,-3657827,827520,4001250,-5067540,4151210,743320,495938,-1730240,238681,-340948,308506,49936,-35670,-14368,5714,-1308,873,-200,26,-8,1 # cft deg6 r=8
38096,-617120,2406656,142784,-7145696,1416960,8620800,-2131520,-5605600,1675840,2167536,-858560,-510584,293464,68304,-66136,-2900,9864,-644,-1024,144,80,-16,-4,1 # cft deg6 r=8
-7999,-256820,-1290600,-2435040,-985854,5933540,12601580,9681800,-1108305,-8999440,-8003960,-2188280,1747100,1972720,704160,-79400,-162785,-48060,4560,5720,866,-180,-60,0,1 # cft deg6 r=12
30976,0,-197120,0,139264,0,401920,0,-244160,0,338560,0,45920,0,-114240,0,27600,0,-160,0,-556,0,40,0,1 # cft deg6 r=8
4624,22304,-30304,-282048,-153408,822944,353024,-1284544,251072,887792,-586384,-418224,384664,180328,-135912,-56088,28612,12008,-4084,-1664,432,132,-32,-4,1 # cft deg6 r=8
19472821,116098340,-150228148,-196954280,360884534,-55618420,-242426760,229444280,-56348025,-60240960,68910192,-32292440,5203284,2973440,-2381192,753000,-70925,-38660,19060,-3520,-106,180,-32,0,1 # cft deg6 r=8
4624,-102272,589632,-1477792,1846912,137248,-4149104,7211744,-7209024,4845584,-2139888,544704,-33384,-20896,15216,-28872,29216,-13016,-124,2824,-1048,4,76,-16,1 # cft deg6 r=8
1628624,-8661856,15053776,-10295808,-1159888,9000224,-6932656,1492976,1339392,-956528,-46064,225616,2344,-115272,65388,-7888,-4048,-432,1996,-844,32,72,-12,-4,1 # cft deg6 r=8
-201652331,-986704752,-539660988,1862591908,959630542,-1572311752,-669250664,796893244,288613671,-267163656,-86928048,62442144,18974356,-10555096,-3042024,1314208,360531,-118216,-31044,7164,1822,-256,-64,4,1 # cft deg6 r=8
-69971,94932,990062,1304592,-1064983,-3279148,-2791954,-642004,-104834,587316,2531882,1856456,-541119,-1056124,-202374,195492,82466,-13124,-11254,-144,797,76,-34,-4,1 # cft deg6 r=8
121,0,2164866,0,-10701159,0,-5781410,0,4191330,0,-1622374,0,-1387039,0,421386,0,-12110,0,-4370,0,361,0,-14,0,1 # cft deg6 r=4
60401,-133484,-22310,-1043192,152861,-801084,2557026,1468220,3619678,2095976,2127030,667120,445465,152400,95590,115568,39258,21480,9434,2148,821,196,30,8,1 # cft deg6 r=4
789421,-1064308,1819020,9545324,-4517666,15414772,-3088576,4637860,-540137,317688,-559560,64160,-78620,-30440,-7040,-6176,2283,-420,476,-204,94,-12,0,-4,1 # cft deg6 r=4
609961,0,5662996,0,-12652486,0,-6989260,0,-393985,0,-554264,0,-185844,0,6984,0,695,0,-380,0,-166,0,4,0,1 # cft deg6 r=4
400,-88800,794000,-3439360,9498400,-18036160,24798176,-24969424,19259536,-11846144,6902320,-3681744,1841336,-651384,163956,-20720,6356,-2064,-644,876,-340,-4,16,-4,1 # cft deg6 r=4
201164305,144412600,-309630550,-58823220,242587205,-93356320,-59745554,67574076,-17816874,-6504544,5828910,-499004,-1319759,519256,196986,-171660,7506,20376,-1354,-2964,585,136,-34,-4,1 # cft deg6 r=4
1428025,0,-15560450,0,10413425,0,-14153490,0,5437410,0,1173150,0,101081,0,-46054,0,4530,0,1450,0,-95,0,26,0,1 # cft deg6 r=4
63001,0,8202388,0,-25028646,0,-19152940,0,9125055,0,3359848,0,-1310356,0,167752,0,8455,0,-3580,0,474,0,-28,0,1 # cft deg6 r=4
185761,0,687418,0,-3024571,0,-1028770,0,1421090,0,-360942,0,5829,0,19002,0,-3150,0,790,0,-11,0,2,0,1 # cft deg6 r=4
-28921,-401588,-1151203,633202,5600242,3982912,-6681734,-9020574,2115091,7546636,1037732,-3406474,-1090659,959516,429206,-183968,-100079,26846,14746,-3384,-1218,326,31,-14,1 # cft deg6 r=12
115944821,-94040820,-76377616,108063560,-57503874,-9052940,61948780,-27483720,-18933225,15340400,503864,-5934520,2272276,1773200,-1076336,-315800,226915,37860,-28440,-2640,2126,60,-76,0,1 # cft deg6 r=12
30976,0,197120,0,139264,0,-401920,0,-244160,0,-338560,0,45920,0,114240,0,27600,0,160,0,-556,0,-40,0,1 # cft deg6 r=8
65536,0,-98107392,0,17514496,0,16384000,0,-2805760,0,334848,0,136704,0,-47872,0,4800,0,-640,0,16,0,-12,0,1 # cft deg6 r=8
278849,507336,-1941992,-270316,4237292,-6545674,-7581941,9235232,2044301,-8282932,4262138,8221642,-1234239,-3452672,-42786,825594,111731,-104192,-22721,6682,1917,-192,-71,2,1 # cft deg6 r=8
-2499376,-221440,23433312,28833248,21510608,4035360,-20814800,-3051840,17714240,3508240,-6260128,-79680,1523096,-491136,-260056,186248,32980,-26696,-1364,96,-1052,-140,64,16,1 # cft deg6 r=8
2534720,1903360,-25861760,-24336960,114042400,7301760,-171642016,40885600,126502688,-49314528,-53699440,25931920,14499640,-7763840,-2696440,1431520,367048,-162800,-36484,10664,2350,-348,-80,4,1 # cft deg6 r=12
-32681,-10819248,-58312388,271629432,-256700668,-174547088,403020156,-95624084,-193624809,115335616,37037692,-42972144,-1068084,8748736,-758364,-1174888,168801,112416,-21224,-7144,1632,256,-64,-4,1 # cft deg6 r=8
2759,-8296,-17417,104146,-170078,30024,103904,-188522,50891,154392,-11172,7278,115361,-32088,-84656,22756,30701,-6018,-6576,428,752,22,-41,-2,1 # cft deg6 r=8
121,0,-630982,0,-1665331,0,-765470,0,-2282470,0,60538,0,-27411,0,9862,0,4490,0,-3810,0,829,0,-58,0,1 # cft deg6 r=8
2686321,0,-34700924,0,-4597246,0,17576340,0,6982415,0,405096,0,-104804,0,-12696,0,95,0,20,0,-126,0,4,0,1 # cft deg6 r=8
34358521,161249860,279649426,124427420,-255053359,-354625500,-13086210,240288260,101847470,-82271100,-59507114,16049120,18471841,-1758760,-3635474,94180,476690,-1120,-41630,-60,2321,0,-74,0,1 # cft deg6 r=8
1591789,3698168,2258332,-2003852,-2897058,1005488,11741176,-3439556,-13640489,-1588376,9639872,3849984,-4055884,-2242856,879576,676128,-58709,-109856,-9004,8524,1422,-296,-64,4,1 # cft deg6 r=4
206281,-198844,-222770,-435192,1763081,4977656,9084606,10896820,10871498,9096816,7265130,5420960,3835205,2412940,1324470,600048,220978,57040,3994,-2452,-1099,-264,-10,8,1 # cft deg6 r=4
75625,0,82500,0,-6793750,0,-23645500,0,4449375,0,-6899000,0,53900,0,-29400,0,-2025,0,1780,0,170,0,20,0,1 # cft deg6 r=4
65536,0,-60555264,0,-65847296,0,-19660800,0,-3420160,0,-369664,0,-65024,0,-29696,0,-1600,0,320,0,-16,0,4,0,1 # cft deg6 r=4
6563645,-11675160,-3689390,-45574620,115965525,-70898160,-20113714,41310036,-18805414,2767016,1664590,-601884,-923419,615376,85266,-148420,15306,16656,-1074,-2684,525,136,-34,-4,1 # cft deg6 r=4
819025,0,138412550,0,37379225,0,-5368490,0,-2743190,0,629350,0,159601,0,-22734,0,-4550,0,1250,0,-55,0,-14,0,1 # cft deg6 r=4
22429,403540,1279488,2571856,1429338,3247820,2378640,175920,1781135,106400,61568,429080,-190364,111232,5136,-15304,15155,-2868,144,792,-142,20,16,-8,1 # cft deg6 r=4
95369,-295430,-135947,-152104,673958,186490,136530,-215430,36615,85750,-35042,-80930,-42869,-10238,8626,5906,2375,1082,294,-98,-62,-20,1,2,1 # cft deg6 r=4
295530025,1090304600,1806067000,1472777300,232234350,-637454700,-511761660,-24317720,163578195,81737160,-5900180,-20135840,-6604024,1161600,1498644,320520,-100205,-62640,-4820,4220,1050,-100,-56,0,1 # cft deg6 r=4
60989,77528,-1112358,895148,-94263,-1282392,-316074,-1010276,-162554,-59536,2000562,-1040956,-201839,528864,-220274,-174652,122066,24664,-26014,84,2157,-136,-74,4,1 # cft deg6 r=12
-16,-2912,-2256,122112,-370688,-760512,6349536,-12168432,6675904,5877184,-9201456,3624048,525344,-885928,203732,51072,-41636,7072,3316,-2004,112,164,-28,-4,1 # cft deg6 r=12
430249,1342460,-2920122,3755824,-3782727,2896160,-2239410,1780260,-1431350,26220,296718,168640,137121,-234352,16866,43684,-14670,-4212,5354,-752,-607,160,26,-12,1 # cft deg6 r=8
5527201,0,18058736,0,-43038006,0,28881200,0,-7402865,0,602336,0,-61364,0,13024,0,4975,0,-720,0,74,0,-16,0,1 # cft deg6 r=8
91009,9878484,-42836906,-58937888,838977353,-2803934296,5436015194,-7170936136,6870413162,-4938394932,2702723334,-1127843896,355504729,-84608768,17390038,-4935848,1903602,-533428,53666,17824,-7087,808,38,-16,1 # cft deg6 r=12
-774031,11521088,12257232,761828,-8437698,1960168,9327856,2708764,-3629689,-1715336,2786272,-89696,-514964,-139896,244656,62208,-125849,38664,2256,-4676,1382,-16,-64,4,1 # cft deg6 r=8
212521,0,-82386672,0,58484546,0,-23711840,0,9374975,0,-2800032,0,651804,0,-131072,0,20215,0,-2800,0,386,0,-32,0,1 # cft deg6 r=8
492176,-327680,-4170688,14195360,-19128096,-1056480,44015120,-72766560,56580960,-12334480,-16826768,15657280,-3376136,-2372160,1629328,-138200,-201160,73800,1460,-6120,1024,140,-52,0,1 # cft deg6 r=8
7489,192020,-363088,-423552,-643422,906620,1430700,78760,269215,876880,487912,177080,157516,69744,19504,19368,8175,2524,2936,1416,338,180,84,16,1 # cft deg6 r=8
7729381,-8499044,5664622,-15018916,-6897259,-697984,-11105914,8447532,-3900566,3447916,1884642,-571708,556789,-171392,-102338,-38636,-7686,2548,606,1604,421,-144,-38,4,1 # cft deg6 r=8
-379919,-2310008,-3243470,-1855756,1333241,9818492,13838834,13506240,9769818,-629608,-4547790,1028980,2591605,-478660,-987050,35624,150378,-5960,-6394,1204,-759,52,70,-16,1 # cft deg6 r=8
-146791,2120636,-5246556,-9825784,17416973,366756,5988104,-5199864,417654,3586112,1794424,531196,-657551,-185924,-14692,5456,5234,-9564,-716,1912,93,-88,28,12,1 # cft deg6 r=8
-37831,3404056,-7355692,10673624,-12170218,15286456,-18296116,18906072,-15046769,10364048,-7411592,4778192,-1354844,-890352,927064,-146096,-166249,67448,9364,-8008,182,408,-36,-8,1 # cft deg6 r=4
-6740231,15253960,27512622,-54757012,-40488127,26935620,12872390,38408320,47430270,26662520,10727582,8958740,483321,-260156,49274,-272992,-1090,-6696,-6574,836,113,60,74,16,1 # cft deg6 r=4
11397376,0,14890496,0,-19899136,0,6199040,0,-3813120,0,492096,0,-37344,0,57184,0,-3680,0,-960,0,-96,0,4,0,1 # cft deg6 r=4
186299,-1392756,4880443,-9413644,11230942,-8781866,5382244,-2939692,-722409,1959052,2175998,-2617172,-1006779,1535482,13734,-378194,49671,49992,-10986,-3612,1072,132,-51,-2,1 # cft deg6 r=4
-814795,-2096020,6462700,-6835200,-3204770,18898560,-30049024,29900876,-20896669,10267616,-3216260,369216,120336,8856,-70444,37960,-3209,-6204,3576,-784,-30,56,-4,-4,1 # cft deg6 r=4
1,0,27510,0,302449,0,396030,0,146970,0,-122730,0,-201655,0,10890,0,8970,0,-1310,0,-191,0,10,0,1 # cft deg6 r=4
3481,0,636930,0,3071329,0,4851410,0,4245250,0,1336050,0,-752455,0,-391610,0,11970,0,6070,0,-191,0,-10,0,1 # cft deg6 r=4
-109691,162140,-558392,540484,-1222042,1154300,-1667960,1449540,-1238905,1021400,-603712,51560,139156,-128072,53376,2504,-10605,6348,-1736,-172,358,-180,56,-12,1 # cft deg6 r=4
13309,-112890,429433,-1012804,1713258,-2295170,2670090,-2789490,2444335,-1763790,1031298,-486490,184011,-52598,7486,1426,-1645,522,-226,142,-42,20,1,2,1 # cft deg6 r=4
-5780279,4016360,113251420,113484740,-258507226,-361387740,168875960,375239320,-3689205,-168310120,-22995100,38841040,6630320,-4981200,-674180,328120,8955,-2160,2480,-1220,-6,60,-20,0,1 # cft deg6 r=12
-21721859,-98997204,-72892898,-79231136,-93277619,-60177844,-23075294,-10874668,-2392386,5424796,3783242,1184232,499789,129548,-121498,-85156,-5446,788,-734,1344,441,-124,-38,4,1 # cft deg6 r=8
274349,-922220,-1192002,3623304,-8806967,11673120,-7184690,-705380,13204430,-17237540,4138198,7227640,-5729799,842968,672106,-360956,61310,16748,-14246,3088,233,-240,66,-12,1 # cft deg6 r=8
774400,0,-27033600,0,10265600,0,-3375360,0,4661760,0,-1654080,0,341856,0,-157824,0,56800,0,-9680,0,560,0,-4,0,1 # cft deg6 r=8
326041,0,992972,0,-20373174,0,-31457700,0,2572415,0,1393112,0,115084,0,3352,0,-4025,0,-1060,0,-54,0,12,0,1 # cft deg6 r=8
-777928691,-563306152,1140863596,1559383892,670002818,-155569152,-150288144,49417612,90886599,21906376,-7700704,-4453008,1906924,1532248,246792,-127408,-33141,12128,8036,444,-542,-184,-8,4,1 # cft deg6 r=4
-290111,-2276468,-3761474,3071224,1740553,9791952,12953986,12011828,13192962,7793744,7049866,3071248,2352189,814756,537962,160464,90522,26056,11194,3388,893,264,42,8,1 # cft deg6 r=4
256,0,229888,0,-10608896,0,-12360960,0,-6199680,0,2075968,0,1617504,0,150752,0,22160,0,2480,0,24,0,12,0,1 # cft deg6 r=4
-192721,-253742,1651641,3089246,943718,2976038,2863856,1508532,2287887,1108726,924216,654932,267399,234074,73792,53236,17667,8574,3044,1012,348,76,27,2,1 # cft deg6 r=4
5574841,-38980688,117524250,-224898236,299783321,-252871788,129122994,-6878880,-21330722,-11343568,24713370,-14023460,4689025,-438140,-697330,526144,-316562,130640,-31994,4204,761,-468,110,-16,1 # cft deg6 r=8
1478656,0,-7757824,0,6452224,0,9533440,0,-1891840,0,190976,0,-132544,0,4864,0,-480,0,1280,0,-76,0,-16,0,1 # cft deg6 r=8
37181,-996540,-140364,6784860,9138486,-7329200,-19457000,925080,16720035,1800880,-7444724,-1380320,2151856,539320,-478684,-124680,84975,17020,-10880,-1260,906,40,-44,0,1 # cft deg6 r=8
-311159,-164684,-99410,781728,-221939,-306344,1984266,767140,792578,-786844,493230,-723120,435805,-139000,-12890,84708,-64262,27780,-8006,608,581,-264,70,-12,1 # cft deg6 r=4
-478111,8505280,-13324618,13844828,-75845727,98354380,-14640890,51165440,6543210,11252960,-289978,-1604740,-1257299,-674756,29394,68248,80170,31744,15666,5916,2113,580,114,16,1 # cft deg6 r=4
461,-1940,-20604,-46116,-21826,9380,11520,39940,58535,-41640,21656,-16800,-52844,57464,-37936,13824,2395,-5476,1796,-124,-146,100,-16,-4,1 # cft deg6 r=4
-50051,279132,-222858,-52508,-736623,1417512,-510854,723636,-710094,-208964,314842,-160004,164641,-10344,-35214,9452,-17534,10116,1606,-2084,257,136,-34,-4,1 # cft deg6 r=4
1,0,-10,0,-1911,0,-12570,0,-26590,0,-37770,0,-43095,0,-2550,0,-15390,0,-4710,0,-311,0,10,0,1 # cft deg6 r=4
31820881,0,52735450,0,12275769,0,-24625670,0,-21584870,0,-8488790,0,-2165935,0,-392690,0,-43910,0,-1490,0,249,0,30,0,1 # cft deg6 r=4
-273584,874112,-1989760,3655744,-5296064,6078272,-5978176,3398880,-1131552,-225568,2069040,-2965120,2405960,-1551360,837520,-362416,150528,-60960,20096,-6856,2156,-488,100,-16,1 # cft deg6 r=4
961,0,16338,0,-8211,0,-29650,0,-66350,0,-461782,0,-209571,0,-68678,0,-13630,0,-1250,0,-131,0,2,0,1 # cft deg6 r=4
9710000,-280000,-21910000,-40716000,-2198000,26572000,18535600,-2629200,-10017600,-3720160,2247680,1963360,-52384,-487200,-86796,75400,25240,-8240,-4220,660,520,-20,-36,0,1 # cft deg6 r=4
27300625,0,268991250,0,294966125,0,118664650,0,16716450,0,-2492590,0,-1512291,0,-207042,0,7730,0,1350,0,-195,0,-2,0,1 # cft deg6 r=4
469338704,-899565568,565790176,-196601952,-628369792,694179712,-351550224,18078688,33536624,10250064,-19927664,5737488,1766504,-1263088,47912,152408,-21056,-19808,9876,-944,-432,164,-8,-4,1 # cft deg6 r=4
144024001,0,125536708,0,84642354,0,25456900,0,-4183505,0,-6913432,0,-2810116,0,-573368,0,-51985,0,1620,0,754,0,52,0,1 # cft deg6 r=4
1092025,0,5325100,0,3732250,0,-3370420,0,-4468705,0,-1966920,0,-506996,0,-71912,0,-1145,0,1180,0,250,0,28,0,1 # cft deg6 r=4
11515429,9798648,-27276408,11761728,19969522,-67577072,74146896,-30437216,2869271,-1136816,-4452568,6468304,-2183524,-603456,465496,-132272,21891,-13576,7856,2384,-2238,304,56,-16,1 # cft deg6 r=4
1478656,0,8282112,0,-2386944,0,-11417600,0,-8481280,0,-4115968,0,-1534656,0,-359168,0,-42400,0,-1280,0,276,0,32,0,1 # cft deg6 r=4
6150400,0,22592000,0,25286400,0,14385920,0,5859840,0,1702080,0,433824,0,97568,0,20480,0,3680,0,400,0,28,0,1 # cft deg6 r=0
256,0,1007616,0,4214016,0,3706880,0,4145600,0,3627776,0,1572896,0,423776,0,94240,0,13440,0,1196,0,56,0,1 # cft deg6 r=0
8844289,7503512,36786882,25200812,61810057,27364972,40854586,4379776,10777006,-195464,6545922,2617716,2802761,618796,349886,17792,58446,31176,22886,8676,2937,676,126,16,1 # cft deg6 r=0
1941608720,-4716075840,8221879680,-9547301280,7826848560,-4478208800,1991237584,-821592640,412284448,-199794672,77201600,-21095920,6549000,-2566640,963920,-159160,4668,3160,1876,16,-260,108,0,-4,1 # cft deg6 r=0
942841,0,9565716,0,30726026,0,41320020,0,28608415,0,12232296,0,3526956,0,713736,0,102855,0,10500,0,746,0,36,0,1 # cft deg6 r=0
309760000,0,0,0,184960000,0,0,0,22208000,0,0,0,1083200,0,0,0,24800,0,0,0,260,0,0,0,1 # cft deg6 r=0
495616,0,0,0,3810304,0,0,0,4738560,0,0,0,804160,0,0,0,38880,0,0,0,484,0,0,0,1 # cft deg6 r=0
19018321,0,168606060,0,189914194,0,172171340,0,111162095,0,45238040,0,11936860,0,2109560,0,256415,0,22140,0,1394,0,60,0,1 # cft deg6 r=0
2205349,-8789888,24166906,-40815196,54721053,-54135508,47246806,-34519772,26070702,-17969896,12775546,-7813252,4603509,-2329844,1087042,-449236,170782,-58944,19654,-5812,1693,-396,82,-12,1 # cft deg6 r=0
16781801,-60451024,166612590,-298077572,445230221,-519191044,527138806,-447114420,338078818,-221437064,130477070,-68049620,32080805,-13673900,5298810,-1877852,614658,-182840,50994,-12652,2861,-564,90,-12,1 # cft deg6 r=0
3748096,0,19700736,0,40426496,0,42455040,0,26108160,0,10618176,0,2926176,0,556416,0,76960,0,8160,0,656,0,36,0,1 # cft deg6 r=0
90059989,-140529124,202624678,-212375936,186750282,-177341524,161483934,-137679088,89503211,-26222152,-1608592,-2372888,3855016,-330632,-270496,-293176,161791,5148,-406,-6008,462,428,-46,-8,1 # cft deg6 r=0
3455881,0,142295296,0,422289426,0,459009200,0,248289375,0,76575456,0,14204636,0,1549376,0,84535,0,800,0,-14,0,16,0,1 # cft deg6 r=0
2910736,-11202848,18522720,-14201536,5042304,-1576288,7671904,-13683840,13419728,-9045232,4666560,-1710160,364280,18840,-11240,-15736,15588,-5320,676,416,-276,68,0,-4,1 # cft deg6 r=0
1990129,-1648202,4905766,-1881904,5226308,-1055282,3701591,144982,1745627,306756,881876,106472,305399,74714,69512,23656,15887,4024,2939,502,363,46,27,2,1 # cft deg6 r=0
10099981,-14925834,31050530,-27991432,36699706,-26933394,26769551,-17018170,13255203,-7799784,4861500,-2610200,1386775,-643190,311020,-120392,50953,-17820,6059,-1762,561,-94,35,-2,1 # cft deg6 r=0
774400,0,27033600,0,10265600,0,3375360,0,4661760,0,1654080,0,341856,0,157824,0,56800,0,9680,0,560,0,4,0,1 # cft deg6 r=0
212521,0,82386672,0,58484546,0,23711840,0,9374975,0,2800032,0,651804,0,131072,0,20215,0,2800,0,386,0,32,0,1 # cft deg6 r=0
-2816,-22528,-6656,208384,170112,-898048,-535424,2434432,180672,-3534464,1160384,2282432,-1178976,-811296,497312,190144,-113528,-33376,14584,4312,-928,-344,12,12,1 # cft deg6 r=12
42229,543480,-1787028,22755468,-54669062,91926880,-87878980,-61694780,204166375,-101399640,-86685368,102628640,-12022244,-27635976,13173304,747168,-2036605,424864,68396,-35884,2138,840,-116,-4,1 # cft deg6 r=12
246016,0,-8200192,0,-2345984,0,10668800,0,1795200,0,-1209792,0,222304,0,65408,0,-19600,0,1600,0,-24,0,-12,0,1 # cft deg6 r=8
-268319,-1220740,-1890150,-213220,3644821,5446120,2150350,-2901440,-4442670,-686140,4075710,3741100,-531995,-1973600,-109150,739440,191390,-108580,-42010,5220,3001,-80,-90,0,1 # cft deg6 r=8
359,-257776,184548,955216,-213943,-966696,-306946,-55432,247816,862872,426628,-801012,-705959,265592,418734,1116,-122744,-18448,24444,9428,-163,-528,-46,8,1 # cft deg6 r=8
9481,-65692,114160,15776,-291374,810988,174244,-604600,-1100497,-474032,582680,696920,215340,-219600,-220560,-55544,45303,38540,6056,-4664,-2334,-252,60,16,1 # cft deg6 r=12
-1753424,13086720,-9905520,-65349120,17966864,151737760,73006000,-108837840,-128154720,-20280720,38529200,20766800,-2910880,-5074800,-572460,709120,189580,-58400,-26040,2480,1904,-40,-70,0,1 # cft deg6 r=12
-46411,96284,-182054,-151868,546837,-1077576,411314,313996,-1005618,317552,83266,-296344,-5671,-95952,-39642,32792,-8598,-4132,2946,-1144,17,212,-42,-4,1 # cft deg6 r=8
-3461,1496,29463,20374,-19468,-25264,-27006,-1038,2161,-43592,-121032,-111478,-15419,202648,283984,103884,-43479,-38022,-2596,3992,822,-162,-51,2,1 # cft deg6 r=12
83521,0,-4262172,0,-8965774,0,49798020,0,-27014545,0,4580968,0,-40516,0,-40952,0,-1745,0,820,0,-14,0,-12,0,1 # cft deg6 r=8
-2552944,9184000,-10396448,-13104800,62359824,-90680960,39088240,85084160,-189456080,189361520,-100538128,10301440,25082424,-18490800,4994088,512840,-754860,182320,8140,-12120,1664,220,-72,0,1 # cft deg6 r=8
-28031,-218168,36682,717152,-369228,-533298,168731,122716,607881,-442884,-620418,601906,219761,-377264,13126,118902,-27909,-21344,9561,1106,-1253,136,51,-14,1 # cft deg6 r=8
121,0,8426,0,143881,0,-52890,0,-53710,0,-121614,0,-108079,0,-42734,0,-29870,0,-8650,0,361,0,-54,0,1 # cft deg6 r=4
2387525,-7366100,15930800,-19960440,19086830,-10085720,3584676,1643196,-1047109,1388256,140220,24496,505896,-13064,59556,80120,-2609,10276,4116,-424,250,16,-24,-4,1 # cft deg6 r=4
-694891,346068,3956352,-2026632,-7715438,3522068,7332236,-2148616,-4820769,491984,2518192,-131656,-869324,57344,170936,6808,-23829,-10436,5696,1904,-1238,44,76,-16,1 # cft deg6 r=12
10576,-146880,-406496,707040,644336,-41920,73520,-1386880,813440,-8332720,14016864,-2308960,-6352984,1414880,2327384,-1164600,138620,-7440,940,1880,-124,20,-36,0,1 # cft deg6 r=12
-65371,-213104,64236,524948,6222,-308584,-197016,-17476,268047,-35392,-55104,58704,-16756,-54208,8408,30048,27,-9648,-844,1724,262,-152,-32,4,1 # cft deg6 r=8
-123824,-424000,-562400,-10080,1983696,2786400,328880,-4023360,-2514320,755600,981040,798080,135080,-381040,-72440,139000,32020,-30600,-9940,3040,1376,-60,-60,0,1 # cft deg6 r=8
-16871,194460,-105108,-211952,-401302,-1492220,6625040,-4317560,-4501585,5288160,508912,-2247560,211356,618144,-15176,-153272,-34585,17604,11636,3896,1178,380,104,16,1 # cft deg6 r=8
-2195,-4040,-59470,130600,693790,-968220,-2108146,2893500,2183783,-3475288,-1052420,2233880,179540,-953440,18020,302240,15083,-54080,-6894,5024,910,-228,-50,4,1 # cft deg6 r=12
