# IGP24 block wave: imprimitivity quotient steering of thin pairs.
-136940643728894654797,0,16920012110474777423412,0,-628503918815617331257,0,-13561888794830896831239,0,7127993199581287597434,0,-1179106154147114416083,0,40025879328592047536,0,616914796510027796,0,662903085233848,0,-5371584108035,0,-7636803961,0,332292,0,1 # block t=8318 q=12T22 r=14 k=2
-1249181,0,-2308836,0,924570,0,1574180,0,-683649,0,-258360,0,197204,0,-30408,0,-3411,0,1292,0,-54,0,-12,0,1 # block t=8318 q=12T22 r=14 k=2
-179407,0,570726,0,-265182,0,-845511,0,922581,0,136452,0,-460295,0,65832,0,67827,0,-12197,0,-867,0,39,0,1 # block t=8318 q=12T22 r=14 k=2
-4096,0,-13657313280,0,-152760904599552,0,109503226927274496,0,1016526430684624589568,0,-477428114822915559618816,0,28045174441341720926272,0,-228570207693792784704,0,-2022826852605856944,0,18423792640671704,0,-339999434676,0,-3784650,0,1 # block t=8318 q=12T22 r=14 k=2
-1,0,-385551,0,-1341426768,0,673173994458,0,1594397329085169,0,-446501539108751892,0,85225664072663803,0,-2430060429936054,0,-107416157694459,0,3723859285090,0,-747796764,0,-134061,0,1 # block t=8318 q=12T22 r=14 k=2
-36841554127,0,-11390480750,0,45335015113,0,-7989838563,0,-4918329574,0,1807790763,0,-139609682,0,-22900364,0,4819484,0,-281651,0,1597,0,234,0,1 # block t=8318 q=12T22 r=14 k=2
-711713228951356083335803,0,-112305786625956167592051,0,491236803172973583019092,0,-228166851089140187677984,0,43844468218629427410531,0,-3369217152479260598856,0,-7115669020763984143,0,9424610106145307826,0,47486917695447675,0,-2291018486237616,0,-85496631246,0,1891665,0,1 # block t=8318 q=12T22 r=14 k=2
-1,0,-3,0,15,0,27,0,-87,0,-48,0,199,0,-72,0,-81,0,55,0,0,0,-6,0,1 # block t=8318 q=12T22 r=14 k=2
1485283274718438771,0,-52978863214818969318,0,-227283420178932156504,0,-332580421796182543548,0,-189917288279317945314,0,-17510748060938422518,0,12449665827675489858,0,-194471723844016626,0,1058004380821244,0,-2336888179050,0,1817107749,0,-169028,0,1 # block t=8318 q=12T22 r=16 k=1
3907226936035642567,0,-16953813120100215387,0,22275517966184456490,0,2819487333031454102,0,-31807014156506184861,0,27877631642470025718,0,-8357762151831302949,0,-6889830631311108,0,247919482517644473,0,-1969640970887392,0,-104286756906,0,1767099,0,1 # block t=8318 q=12T22 r=16 k=1
46689810331171,0,-7961901992575710,0,-40344132725265981,0,-59584084123379800,0,-28684209491667751,0,-1783881680202128,0,1005724246354295,0,-46515211379336,0,807610779808,0,-6148257976,0,18572897,0,-12091,0,1 # block t=8318 q=12T22 r=16 k=1
23488125,0,-36716625,0,-385783575,0,-13952475,0,728030031,0,-308857860,0,-300683869,0,282079380,0,-83439591,0,8768615,0,-47934,0,-660,0,1 # block t=8318 q=12T22 r=16 k=1
59351843047531743,0,3392470475624238021,0,-1231345122765825843,0,77509128714770733,0,20431823281666797,0,-2985308257122642,0,20439727747831,0,15524078681886,0,-735468489255,0,3076797213,0,64184268,0,-16320,0,1 # block t=8318 q=12T22 r=16 k=1
3173056844526476517457,0,22014790200281701424004,0,-371660186262726396442,0,-117033441765610691156,0,1345918201234128037,0,140145908852882488,0,-2286539320268608,0,-42478083726640,0,1139121398261,0,-7539318124,0,13620102,0,-6764,0,1 # block t=8318 q=12T22 r=16 k=1
230886311684401,0,618389733471153,0,-699983271124512,0,224406505079058,0,-33483693281787,0,2583171484548,0,-91215701453,0,-212721816,0,121326903,0,-3032400,0,588,0,537,0,1 # block t=8318 q=12T22 r=16 k=1
6873157,0,-114014863426,0,14736909844492,0,-28628680974826,0,-1502349516523452,0,-4130775850729106,0,-2941096267515553,0,46938017113760,0,10175784337466,0,-248109750518,0,701845682,0,-73554,0,1 # block t=8318 q=12T22 r=16 k=1
238219001109868267,0,53015134223947333356,0,-3018037951598540305362,0,-1947487760845946019324,0,569852892880166051439,0,532147242669742545480,0,68151175169357167324,0,-1029901888626104808,0,3949893841842645,0,-1894821316740,0,360522462,0,-30924,0,1 # block t=8318 q=12T22 r=16 k=1
2065243881854983727,0,19476518136798959421,0,-15704430063350448654,0,5241782268823964336,0,-972495944447311569,0,110483166314538636,0,-7893135672009601,0,346322800793388,0,-8484344839737,0,85537312920,0,127894596,0,38259,0,1 # block t=8318 q=12T22 r=16 k=1
66878522092930731098112,0,-12452463471921030660096,0,-60392396794160816898048,0,45352830501480920039424,0,-12857533804362868819200,0,1517459962623752722176,0,-51507124699549092480,0,-117261330238137024,0,1011341086499169,0,41522909148,0,-63496026,0,-1188,0,1 # block t=8318 q=12T22 r=16 k=1
271458492345238402111,0,309609243694699271400,0,-667616184067675328292,0,339310318724610066157,0,-52558257035000508213,0,-6494380931578363674,0,2366414431266278283,0,-47102946755509518,0,-22954036796235453,0,547332667030015,0,-41458336623,0,-1493595,0,1 # block t=8318 q=12T22 r=16 k=1
423950149904769,0,800863701555213,0,-464680289977461,0,-1663214899833,0,48076727533611,0,-13510107893208,0,1765320527275,0,-123283388364,0,4341081789,0,-53375705,0,-339930,0,1218,0,1 # block t=8318 q=12T22 r=16 k=1
5082113212050587175153,0,31552205221201088640519,0,-8434416416166610764885,0,521907943020923630781,0,59594926452689545191,0,-11476469808952111908,0,785559558059590087,0,-27692822446896420,0,498102104043021,0,-3555888652107,0,-773712870,0,133794,0,1 # block t=8318 q=12T22 r=16 k=1
2106156476529065157957,0,837476637803535133368,0,-1897927807977063022014,0,879074840869539348741,0,-202579957053212293821,0,27358324791995668068,0,-2269425981189374215,0,114043496952321984,0,-3186775435010907,0,37774963015225,0,9768422217,0,466383,0,1 # block t=8318 q=12T22 r=16 k=1
-445086051114488057,0,-325465023535954410,0,402430859149445049,0,-120355150417412170,0,17390188459575648,0,-1429701299592930,0,70187808458805,0,-2016977666670,0,30216929724,0,-144215590,0,-872331,0,1770,0,1 # block t=8318 q=12T22 r=18 k=2
-30120179049057727,0,-24625992989611386,0,11635515489612148,0,-1614371463170811,0,58568704113385,0,7581841167814,0,-1053161175588,0,59429924271,0,-1840605822,0,31492849,0,-257378,0,533,0,1 # block t=8318 q=12T22 r=18 k=2
-888991774921,0,1022601225462,0,2242558334565,0,-3239169216818,0,1711019920968,0,-479770106058,0,78055887989,0,-7327317222,0,356543544,0,-5660790,0,-94755,0,594,0,1 # block t=8318 q=12T22 r=18 k=2
-144633071080054229,0,-285472603744078566,0,339783880418528208,0,553191344057964166,0,-338527141701475797,0,-244056864895641660,0,145837499079091712,0,-25017965071784244,0,1534401930331401,0,-17061205520798,0,10015778256,0,-283794,0,1 # block t=8318 q=12T22 r=18 k=2
-4795489453730516096,0,-33251703478838064640,0,8360992903562743744,0,-846256224586828160,0,44816140136645048,0,-1309781732672960,0,18993591578832,0,-33620099280,0,-2896195628,0,36319800,0,-113076,0,-360,0,1 # block t=8318 q=12T22 r=18 k=2
-66041232314907931523891,0,-151436099808037448130426,0,49376818773830916232806,0,-6127464266990486802311,0,405171416744394696369,0,-15937974202571867070,0,384985657416804243,0,-5582742022402074,0,44083482750621,0,-138530502545,0,-70459251,0,27777,0,1 # block t=8318 q=12T22 r=18 k=2
-88210315856529,0,-90028779271317,0,76422283086402,0,1886114375676,0,-11575995583311,0,3429353716506,0,-448583328091,0,27810666546,0,-550077075,0,-15259684,0,515376,0,-1443,0,1 # block t=8318 q=12T22 r=18 k=2
-907259,0,3094875,0,12793713,0,-5254673,0,-8230356,0,7100667,0,-2190630,0,264816,0,11817,0,-7373,0,891,0,-48,0,1 # block t=8318 q=12T22 r=18 k=2
-343952693496,0,8169024960,0,220357544256,0,-132445497816,0,35542372041,0,-4987185264,0,323874172,0,1033632,0,-1361598,0,55440,0,660,0,-72,0,1 # block t=8318 q=12T22 r=18 k=2
-964589333651746487,0,-351782906405918307,0,859527287417124411,0,-370478807427912251,0,76563943228824195,0,-9049520974951554,0,642838909843859,0,-26985862571718,0,607373170815,0,-5317040585,0,-8140266,0,9270,0,1 # block t=8318 q=12T22 r=18 k=2
-50406468013215367481088,0,-472614418140914577007872,0,420083657075605295880576,0,-152184527323221640429920,0,30077496829825492589424,0,-3544081966992990274512,0,252214077501668236744,0,-10319982758881779192,0,208254394400781924,0,-1252725890272564,0,-104375343366,0,1332882,0,1 # block t=8318 q=12T22 r=18 k=2
-5217770076516509647,0,-3955662518079741060,0,1847434704140019990,0,-307026053801705452,0,26941785960329403,0,-1371154367861304,0,40217606814740,0,-604542498312,0,2588689467,0,26150124,0,-112386,0,-252,0,1 # block t=8318 q=12T22 r=18 k=2
-20711231543,0,58324831392,0,143416894887,0,-200589219900,0,88699602558,0,-18816190776,0,2048505031,0,-96278532,0,-989430,0,263304,0,-6957,0,-12,0,1 # block t=8318 q=12T22 r=18 k=2
-33189516572841,0,-44715776352754248,0,-3496788419693211792,0,143210909995219068741,0,7578339746990283460023,0,-160579687873790789252310,0,8708155938016096551745,0,-153724321075980065220,0,1100427321239849427,0,-2769111191538239,0,149371272189,0,-1784445,0,1 # block t=8318 q=12T22 r=18 k=2
-210418580106108064,0,-209009190704320512,0,70919016511042560,0,-8931109067274240,0,575336930308992,0,-19397631823680,0,245228777104,0,4247674464,0,-172691538,0,1313840,0,15324,0,-264,0,1 # block t=8318 q=12T22 r=18 k=2
2246230837337687,0,-8632250006307036,0,13543217919385203,0,-11078190233098064,0,4988284849870896,0,-1197538793405928,0,139973371178531,0,-8254343835708,0,241478681928,0,-3022634328,0,8555259,0,-7440,0,1 # block t=8318 q=12T22 r=24 k=2
956082726,0,-3662977248,0,5868450972,0,-5147639832,0,2733671493,0,-922722336,0,202651732,0,-29180496,0,2740992,0,-164416,0,6000,0,-120,0,1 # block t=8318 q=12T22 r=24 k=2
11380653355128917,0,-44522836056971496,0,72454151985379812,0,-63375250991140983,0,32155772816125485,0,-9559452488045070,0,1623373135790437,0,-151877026753920,0,7243562398575,0,-139337026501,0,157964469,0,-41043,0,1 # block t=8318 q=12T22 r=24 k=2
3490524614610738225967,0,-9894112811521378959711,0,11356195858641102394731,0,-6680465891707105862439,0,2082707614353292282959,0,-313862064401863301582,0,16630299085224111061,0,-216496543205633553,0,1100633090870983,0,-2373635752730,0,1847676281,0,-168489,0,1 # block t=8318 q=12T22 r=24 k=2
3697312152739712898125,0,-15639179553293222840250,0,26756449087340278048625,0,-23481485238916271798445,0,10980162028054966811491,0,-2525728324300030884573,0,215670791937168545541,0,-3138921293779548597,0,16214526527388755,0,-32998174467540,0,21813209483,0,-816903,0,1 # block t=8318 q=12T22 r=24 k=2
7329424828664596321857,0,-31234902191700734636082,0,53623217074105872297402,0,-46733513255351233520679,0,21150715660161073551915,0,-4383042619029304103880,0,254173637242567378339,0,-5683933003068160032,0,54627583227969693,0,-192838613261367,0,24365355189,0,-636843,0,1 # block t=8318 q=12T22 r=24 k=2
1423137262187864541,0,-5018812667459628336,0,7427117317070849433,0,-5974468041616452846,0,2825150786188784682,0,-791469291011383008,0,125511975989822533,0,-10093342984183998,0,339208411048722,0,-2520188923608,0,1262727681,0,-96894,0,1 # block t=8318 q=12T22 r=24 k=2
43124070664,0,-127221467424,0,154885604160,0,-102042335840,0,40279432284,0,-9984878496,0,1588953408,0,-163739520,0,10900206,0,-460904,0,11856,0,-168,0,1 # block t=8318 q=12T22 r=24 k=2
63464314451,0,-221367128207,0,331537381246,0,-279113917527,0,145190643905,0,-48312699294,0,10301136193,0,-1373637860,0,108664709,0,-4619735,0,86932,0,-537,0,1 # block t=8318 q=12T22 r=24 k=2
17011164744713179,0,5078967143398550281,0,4161694105260172636,0,1317259230937559282,0,192743475397037900,0,10912280542168238,0,-146545651613095,0,-21453456818212,0,594067286548,0,-5446900172,0,17938711,0,-12088,0,1 # block t=8320 q=12T22 r=12 k=1
8283584561344987,0,-7850811302687208,0,-11456527464658293,0,21016122536807736,0,-11752611973967964,0,2252014532038020,0,245014540458439,0,-133475309504820,0,8442473416488,0,652975549932,0,474149967,0,73632,0,1 # block t=8320 q=12T22 r=12 k=1
617017,0,2795185,0,-64180994,0,157776044,0,96100022,0,-91344289,0,-33257581,0,9797837,0,1260376,0,-169586,0,-10808,0,-25,0,1 # block t=8320 q=12T22 r=12 k=1
429307207,0,311492105028085,0,306949714107830194,0,8774330800764144554,0,-279170225965656507226,0,480876120011819805794,0,35772426926807955899,0,-258412004188022338,0,-380091332080118,0,3246282431104,0,-2951139947,0,-231226,0,1 # block t=8320 q=12T22 r=12 k=1
274973,0,-38319992381875,0,1028365025773006494,0,-412080629973857443859,0,-83702629782772063310556,0,-596780925632089289301732,0,61552808068423584316227,0,232328022546911525881,0,-224743443347990585,0,-703534202415799,0,-257379382171,0,3193214,0,1 # block t=8320 q=12T22 r=12 k=1
18541250605869956,0,291798190663300080,0,-572604312997880340,0,257352915830875944,0,93611249145770625,0,-85101722351253168,0,7549542527831116,0,2908499746741008,0,10820938359486,0,-24885342656,0,3540552,0,6600,0,1 # block t=8320 q=12T22 r=12 k=1
222862563403440151292677,0,761537513035679498329449,0,110257515518122857628872,0,3018772752803915167118,0,-250546314758476450323,0,-12876961855804071456,0,129278186404417463,0,13074984819983682,0,11592617530137,0,-4074542719726,0,1503544734,0,-126345,0,1 # block t=8320 q=12T22 r=12 k=1
59033663531405694680803,0,220541047448736588069237,0,82844569665264851265617,0,12562154014268837620675,0,890244463402613259055,0,24319936049723841240,0,-186145830961522076,0,-12329010855483365,0,156945692912598,0,-627088819371,0,813522576,0,-112323,0,1 # block t=8320 q=12T22 r=12 k=1
37645646145122207123669,0,933852268568380376531019,0,121360480044700792650609,0,2888368629922268900577,0,-215755616808012345129,0,-9454476626871956028,0,97533777051549025,0,7564517441078088,0,-4358302792401,0,-1960086736801,0,898198776,0,-93342,0,1 # block t=8320 q=12T22 r=12 k=1
5810870312813439,0,-23008016439904608,0,26314047069459894,0,7413199218259821,0,-36974524379578239,0,26230034112644094,0,-5113783527721469,0,-916006441578882,0,240922530253563,0,2394897770311,0,1252542597,0,96231,0,1 # block t=8320 q=12T22 r=12 k=1
14128220383998462263,0,68894857656900018980,0,-10013078646592072961,0,251456851883360055,0,27187796239757906,0,-1643949950451183,0,5870729888050,0,1472286811670,0,-27915550288,0,-179494639,0,5590981,0,7656,0,1 # block t=8320 q=12T22 r=12 k=1
421599351735409,0,4716112057310334,0,14369860684393065,0,17722393813148098,0,8861119931124114,0,1023502304782542,0,-283225422191259,0,-31051793275242,0,5146580595318,0,-153523230446,0,168298245,0,-41730,0,1 # block t=8320 q=12T22 r=12 k=1
508460746843589,0,1010963324283300,0,-33597954575004,0,-179042399345895,0,23117485345119,0,7633773827352,0,-2269052784629,0,235203033606,0,-10770104601,0,154621651,0,1631343,0,3285,0,1 # block t=8320 q=12T22 r=12 k=1
161540811064556780637401,0,239225141878236507671520,0,47600625130175631966930,0,2823794990732011014112,0,-47600360959230665409,0,-9171379874361620544,0,-100253432270734372,0,9355744813510848,0,108207920045319,0,-4019224200096,0,1501202994,0,-125088,0,1 # block t=8320 q=12T22 r=12 k=1
44848101869881987327,0,858251099358100884077,0,2555663840759640986241,0,-1316308379423206289323,0,-6961694060701316753334,0,-921460461401903177045,0,3088080408368118488860,0,-22401405783999155152,0,-56946716168639482,0,278374568822166,0,-174511396043,0,-2804976,0,1 # block t=8320 q=12T22 r=12 k=1
-947604068137,0,-26313839658961,0,-128440038469661,0,-161154037590368,0,-56742370042367,0,11596069787001,0,7651391006257,0,261752189712,0,-3137512955,0,-160152307,0,-983637,0,2311,0,1 # block t=8322 q=12T22 r=6 k=2
-37170559176874059179959,0,-139456661120432734655961,0,-88814386845039045098493,0,-16539812951601076832311,0,-1429543033960535776365,0,-68242529064129525714,0,-1918451904351428965,0,-31653534550568856,0,-281731974419265,0,-995932885989,0,640762092,0,-83064,0,1 # block t=8322 q=12T22 r=6 k=2
-1108649599,0,-417436435435235,0,-6120872524663690700,0,-13358320143253642213287,0,-222775572451136183221345,0,-348801101758430231196549,0,40983992094844777837938,0,145386341928173858432,0,-205324872939981924,0,-577729705628456,0,-221251345324,0,3027785,0,1 # block t=8322 q=12T22 r=6 k=2
-15350049159349668098669,0,-42746647510651494572355,0,-4411534587537724185177,0,178434146742798597791,0,50158350318099178215,0,3312493022365069038,0,110204887886663297,0,2013532880736348,0,18961341784083,0,67739527595,0,-41686002,0,-20376,0,1 # block t=8322 q=12T22 r=6 k=2
-739,0,15954,0,41121,0,-454370,0,-1419834,0,-391758,0,607085,0,461658,0,135906,0,20526,0,1653,0,66,0,1 # block t=8322 q=12T22 r=6 k=2
-13792184247190806254503,0,-77486999573656920566773,0,-162963037422407792832884,0,-157696888837809311278652,0,-67336524886204602729710,0,-7955294974163118951204,0,1130955520824353766157,0,5238134305944885732,0,-6080649815082110,0,-29180997853066,0,-16195082025,0,582526,0,1 # block t=8322 q=12T22 r=6 k=2
-400286695838044357,0,-2838335539551537666195,0,-407991419704509665490,0,18137564692808585130,0,7459201595393542839,0,653427415375221888,0,28680153822472933,0,693845151845958,0,8745246685731,0,42941431342,0,-30807966,0,-18645,0,1 # block t=8322 q=12T22 r=6 k=2
-233244317417061189537,0,533739628564220416275,0,455610758872776646608,0,-1164292051951281974526,0,-311991770225004633171,0,632297386624428913122,0,114664892378013445885,0,5733380933828917830,0,100288250904837909,0,463928058652794,0,55916925270,0,835047,0,1 # block t=8322 q=12T22 r=6 k=2
-113073737001669216631,0,-631092568544255137068,0,-1401770498543549985390,0,-1558648410216741180492,0,-879974656071901046469,0,-213902654869133755080,0,-8661311497439922932,0,163873760872468632,0,443019268205571,0,-233201604476,0,-17449158,0,10308,0,1 # block t=8322 q=12T22 r=6 k=2
-33314829685425848829,0,-70907363862766274205,0,-51442719372423443715,0,-16736693163827596551,0,-2929126501842645369,0,-302507092006413462,0,-19066506220679653,0,-721131586138104,0,-14954996185791,0,-125677590133,0,159881676,0,-41496,0,1 # block t=8322 q=12T22 r=6 k=2
-229056396411656768,0,-1000854332673896832,0,-1683784781211093568,0,-1304229740620455480,0,-382841197471925752,0,41537594627748668,0,31867059043577789,0,-274204226575174,0,-5371346862894,0,-4446160215,0,58824064,0,93142,0,1 # block t=8322 q=12T22 r=6 k=2
-380928,0,97114189824,0,-353103347576832,0,140544356134958592,0,125059765161133261056,0,9571923385365035695872,0,847758294632408634560,0,24445913668435398720,0,254022118354058064,0,855322576615544,0,68012431044,0,1367934,0,1 # block t=8322 q=12T22 r=6 k=2
-4951185916523629,0,-26216461464819992,0,-37794798211298721,0,-19587030096094461,0,-3038675839203455,0,134403266642567,0,45688037492021,0,637619357159,0,-15430441576,0,-290575816,0,-862696,0,2771,0,1 # block t=8322 q=12T22 r=6 k=2
-2481377704043591,0,37022960851022120,0,50640721796198016,0,6727172225464313,0,141982134307916,0,-25466811742039,0,-2229566550484,0,-85567116498,0,-1851764197,0,-23087905,0,-148556,0,-279,0,1 # block t=8322 q=12T22 r=6 k=2
-10318748762635430462811,0,-26365355451409607321616,0,-15229473072393547670265,0,-2849298019988332208088,0,-254859896624539033374,0,-12741719298659812224,0,-377081593705107401,0,-6556511621232120,0,-61202695345914,0,-219785677616,0,231433803,0,-47976,0,1 # block t=8322 q=12T22 r=6 k=2
2142797095180282014311,0,7038741360491468297417,0,550844038096350890685,0,-3999047324819914889,0,-1512541553417689500,0,-52812922674801821,0,-598228526632736,0,4557367782970,0,180167638943,0,1605093695,0,3987533,0,-7672,0,1 # block t=8322 q=12T22 r=8 k=0
81309973336328958671,0,-1939175080127313808063,0,-321270470039299893503,0,7343974655384236050584,0,-3740131232238713447974,0,250297695456204886837,0,62642905190741229336,0,1543524546626786394,0,10557035138842311,0,26973834492694,0,22674236628,0,792125,0,1 # block t=8322 q=12T22 r=8 k=0
18237402118864081928,0,60155010288223029600,0,9990669415006558848,0,644524194784336160,0,19064242978159452,0,187455231019488,0,-2859092526208,0,-69835279296,0,12973230,0,7543992,0,3552,0,-360,0,1 # block t=8322 q=12T22 r=8 k=0
45656929817259374255097,0,596391748187019622340202,0,544260107541558037794873,0,199716714404460749582232,0,34951112770827170067318,0,2569761246503166741474,0,-5083091881226631239,0,-7173734638735675632,0,9972329658790578,0,2289750153185586,0,-85087838979,0,-1892112,0,1 # block t=8322 q=12T22 r=8 k=0
963048716066851436,0,3735877414110790896,0,4295744659696488888,0,-57843067457834112,0,-3120868887485544288,0,-1862930456479299120,0,-309726396784132400,0,326576225659992,0,40821643597575,0,-128203220,0,-12820278,0,12,0,1 # block t=8322 q=12T22 r=8 k=0
238753971990003,0,988690905593478,0,-2990669081779110,0,-932084471516913,0,2209133223652479,0,1202829920535192,0,156872600591131,0,4651735871352,0,-196797628461,0,-8738473143,0,-7912149,0,10059,0,1 # block t=8322 q=12T22 r=8 k=0
23602259459,0,161499886761,0,-2277546605301,0,-3407962017149,0,-1621533464415,0,-366741892902,0,-44101885393,0,-2752850124,0,-66797127,0,864717,0,42894,0,-504,0,1 # block t=8322 q=12T22 r=8 k=0
28744045936363709886733,0,74491927861642708482441,0,74045181184886792097558,0,36969089870712242191086,0,9764352493711216932681,0,1230181554815385042888,0,34388766472482411301,0,-4450852439088158022,0,-37596269424351129,0,2268551297827764,0,-82909037040,0,-1896081,0,1 # block t=8322 q=12T22 r=8 k=0
897287785533,0,4330939093434,0,4712915131938,0,1719224412537,0,-85734036021,0,-196329614910,0,-33972639547,0,2564177676,0,1043849391,0,57139621,0,-240237,0,-1239,0,1 # block t=8322 q=12T22 r=8 k=0
26767009763488109,0,57087882419649101,0,5613171323365399,0,-277997330784009,0,-56215228105990,0,-1838410886241,0,60918768362,0,4973080102,0,73146819,0,-1709787,0,-60521,0,-446,0,1 # block t=8322 q=12T22 r=8 k=0
608183211413837778707,0,2944427676194921008788,0,4977673554580619297142,0,3364361573402805582156,0,664726911978256548939,0,-105805212355811028552,0,-17623471671897786020,0,4598735149698792,0,574840450474545,0,-481079180,0,-48107874,0,12,0,1 # block t=8322 q=12T22 r=8 k=0
974970432,0,4389314085504,0,6221210082620400,0,2896018752163080816,0,422737511546432128545,0,-92119990661237969784,0,-20173098785625921964,0,67753627253269032,0,635963892316038,0,-89486299400,0,-47836188,0,3432,0,1 # block t=8322 q=12T22 r=8 k=0
110013060418344739,0,-556102938927616941,0,-4013710995998333031,0,32023646162345290253,0,-66069337358524795893,0,38431935461887891290,0,3297700540370419755,0,91749790190931912,0,1068498255196989,0,4628224674023,0,1579459260,0,126312,0,1 # block t=8322 q=12T22 r=8 k=0
48431808479232,0,-3343453105029120,0,-4103192446729666560,0,142340041368942133248,0,87862268685320681278464,0,34405994706822603399168,0,3604614158549863109632,0,71859108242262899712,0,86901064626032160,0,-19727408872832,0,383952048,0,63408,0,1 # block t=8322 q=12T22 r=8 k=0
1911312362210764934019,0,5336483878057743052821,0,1015999008910619315802,0,27529041643898232900,0,-8972209543493475057,0,-1105145788498451304,0,-59078535282111383,0,-1692404269517340,0,-25111574171097,0,-143548124532,0,176522952,0,-51171,0,1 # block t=8322 q=12T22 r=8 k=0
-4448307263,0,-16523399542,0,-24219375125,0,-17955582953,0,-6916838624,0,-1123461319,0,49162076,0,30822446,0,-183574,0,-343591,0,21625,0,-404,0,1 # block t=8322 q=12T22 r=10 k=2
-2252940409629958979584,0,-1263965851727439101952,0,1042360141809529380864,0,-234904940669373612032,0,22811256651290892288,0,-812220248361510912,0,-10942619641280512,0,872920994310912,0,8651406706128,0,19086621408,0,17177352,0,6840,0,1 # block t=8322 q=12T22 r=10 k=2
-411196406813,0,-5660059055349,0,59392996910055,0,203493025023449,0,-1038074194026489,0,-2940051895893156,0,-479865022195179,0,-18060943553886,0,236281968987,0,15894465647,0,37869480,0,-12720,0,1 # block t=8322 q=12T22 r=10 k=2
-544768,0,-152471552,0,-2167133184,0,8798815744,0,54718622208,0,-207293494656,0,120677560576,0,11978761984,0,-177113120,0,-27951440,0,-380684,0,1440,0,1 # block t=8322 q=12T22 r=10 k=2
-179233751936717,0,-208857664066010,0,57003051340063,0,47335747743376,0,8944890514180,0,595847968290,0,-9585567836,0,-2869501093,0,-73923538,0,2828685,0,81087,0,-1615,0,1 # block t=8322 q=12T22 r=10 k=2
-199007,0,-734889,0,-317067,0,757913,0,190413,0,-210204,0,-43761,0,21672,0,4329,0,-715,0,-132,0,6,0,1 # block t=8322 q=12T22 r=10 k=2
-8893380385101828858529,0,-16708561248772671082606,0,-9193298065522215036819,0,-1491741043320845321843,0,301458464509503966842,0,143872041943888383975,0,18948474643924695206,0,818850450907669326,0,-5570790461424478,0,8545536915761,0,-2807101501,0,-544154,0,1 # block t=8322 q=12T22 r=10 k=2
-35577236575,0,369909220,0,186439625282,0,187796245460,0,29549736879,0,-5139289656,0,-1639469028,0,-123620152,0,-280177,0,258132,0,3266,0,-156,0,1 # block t=8322 q=12T22 r=10 k=2
-1607917932875776,0,502462365566976,0,6701224008332288,0,-8229079795919872,0,3642236688641536,0,-604587354355456,0,-121421913280,0,5798074449024,0,188303014000,0,2014225296,0,8094476,0,9596,0,1 # block t=8322 q=12T22 r=10 k=2
-144352921643220533184,0,-208034883967553383968,0,1372465609024918154112,0,3328895137614685219224,0,2605357454460958769260,0,738643569407263290844,0,34630574550047039575,0,-265648365516406913,0,-351411915844550,0,3226662923299,0,-2953743593,0,-231218,0,1 # block t=8322 q=12T22 r=10 k=2
-1,0,6668610,0,-149180570898,0,-213873490092333,0,3970806369861814803,0,3729907147054027809522,0,438205850645964389473,0,7142818990431024522,0,-126426678287866059,0,-2302974080083963,0,-84999858669,0,1892325,0,1 # block t=8322 q=12T22 r=10 k=2
-544768,0,636928,0,1010688,0,-1484288,0,9216,0,478336,0,-24832,0,-69888,0,-3504,0,4168,0,820,0,52,0,1 # block t=8322 q=12T22 r=10 k=2
-112127450547084148,0,76818329781001019856,0,3764719010921259858888,0,3423405307915907948640,0,477234249823952795880,0,-227151212610929517888,0,-37842674036224051016,0,6797739592315032,0,849715694896575,0,-584714180,0,-58471374,0,12,0,1 # block t=8322 q=12T22 r=10 k=2
-28868608,0,78282752,0,113016832,0,-128913408,0,1517056,0,15711232,0,634624,0,-699136,0,-104096,0,-1280,0,672,0,48,0,1 # block t=8322 q=12T22 r=10 k=2
-6851136710251043349,0,-30263548889381550174,0,-50144633117492185290,0,-35682601618260659187,0,-6090924722716943421,0,4420015367015023608,0,1471348331979358957,0,-89305643159265612,0,173735104520367,0,28692307740189,0,-3170889183,0,-264363,0,1 # block t=8322 q=12T22 r=10 k=2
2208894931,0,6191293836,0,-7483727778,0,1091023867,0,1255838205,0,-477686214,0,-3699241,0,26839752,0,-4045497,0,52969,0,15219,0,303,0,1 # block t=8322 q=12T22 r=12 k=0
1321774861643306239217,0,2268687485641270270005,0,716885598919953815964,0,73691082047114671908,0,-682306049652675219,0,-516846296530942026,0,-14333798498362109,0,1132739864468586,0,29652771287775,0,-1195278559538,0,668611032,0,-83373,0,1 # block t=8322 q=12T22 r=12 k=0
1367075536370136,0,0,0,-186011876247385752,0,0,0,6543918922855436505,0,0,0,-17025810866023551428,0,0,0,635083060591938,0,0,0,-50571924,0,0,0,1 # block t=8322 q=12T22 r=12 k=0
1,0,-30,0,-387,0,3436,0,31038,0,-79638,0,-774247,0,-197100,0,4142886,0,3968914,0,-39051,0,-564,0,1 # block t=8322 q=12T22 r=12 k=0
2151713562624,0,0,0,-652770606765312,0,0,0,50800913222706729,0,0,0,-238366963623772724,0,0,0,38781417378666,0,0,0,-12497820,0,0,0,1 # block t=8322 q=12T22 r=12 k=0
10308888919,0,5591881699888,0,155669937270474,0,82111098609052,0,-4363769968798238,0,4311105966562240,0,616034015270276,0,-19213506660726,0,-86394297774,0,4158540798,0,-17642649,0,-13170,0,1 # block t=8322 q=12T22 r=12 k=0
2102276944243,0,22939335741784,0,41678880794530,0,-69722214827755,0,-109005745611595,0,73603897417910,0,8427452182886,0,-396909777523,0,-1776648434,0,165101809,0,-1017608,0,-2311,0,1 # block t=8322 q=12T22 r=12 k=0
9690681049152073527,0,139503474098227855683,0,495270927040149709314,0,785501727572624823666,0,630616194216920942205,0,243032329605439279440,0,29137110089852753089,0,-3236064175161164022,0,85876530234016419,0,-700089573076140,0,62478371754,0,-1092159,0,1 # block t=8322 q=12T22 r=12 k=0
4557158464094868952999,0,28847467912368601934389,0,1547394998812775935690,0,-227251435130649893551,0,6473963985572224421,0,-10976004151114660,0,-2296506524550607,0,34448748537914,0,-45972088817,0,-2200959017,0,10927030,0,11489,0,1 # block t=8322 q=12T22 r=12 k=0
11891609150102316,0,17384604251284944,0,-7561105991650440,0,977685930840384,0,-18700053964992,0,-6063430746672,0,512406420016,0,-11584196376,0,-164413785,0,4875124,0,90186,0,516,0,1 # block t=8322 q=12T22 r=12 k=0
1417115663907458849,0,8697301244535475110,0,2371038246844260072,0,-557988434175285063,0,-15882667079901459,0,9860372005874412,0,-867179327152049,0,34655458801122,0,-658317791727,0,4242935177,0,14316831,0,9753,0,1 # block t=8322 q=12T22 r=12 k=0
6895568647945744686241,0,9212524526740763749345,0,954992383651476179484,0,-132478263211196239010,0,4493763570116263548,0,-30447439814637958,0,-1297055443447793,0,26822823650374,0,-88339695454,0,-1628575896,0,10454467,0,11292,0,1 # block t=8322 q=12T22 r=12 k=0
4348348574681858387,0,25744467414481130772,0,57892736485683745698,0,62096463456730657068,0,32765601954526339599,0,7539183232152925368,0,378360603627244996,0,-46736181394230648,0,847084497037869,0,-619294550012,0,172568850,0,-21444,0,1 # block t=8322 q=12T22 r=12 k=0
22123133089907,0,1625581042694796,0,28564201808573934,0,89882559312854980,0,12728362036530651,0,-103229799226184568,0,41228139301648124,0,-2944321543099752,0,9029054541537,0,24511114092,0,4889670,0,-6876,0,1 # block t=8322 q=12T22 r=12 k=0
2866665948193913949,0,1784812846522739373,0,-3407360688549956763,0,461630714106915981,0,4800726396147087,0,-3612615587436042,0,149353353039645,0,3952377187128,0,-358103775141,0,5499099585,0,15227352,0,9972,0,1 # block t=8322 q=12T22 r=12 k=0
-1009417956572682291,0,2319488786876856912,0,-396399384129460002,0,-3231175428432219312,0,3567600627323710215,0,-1424675470897891104,0,151371677348264372,0,21173022625296480,0,-11440276183797,0,-19799334261808,0,-2466937458,0,249168,0,1 # block t=8322 q=12T22 r=14 k=2
-531441,0,-531441,0,885735,0,531441,0,-570807,0,-104976,0,145071,0,-17496,0,-6561,0,1485,0,0,0,-18,0,1 # block t=8322 q=12T22 r=14 k=2
-150013416156778434589,0,2819700359797415167354,0,1381752210152530656295,0,-15168151058025838994773,0,11986724849087175096463,0,-2924470265568510017205,0,156490358517618854485,0,1040245971551753583,0,-1334471958335495,0,-9694397730044,0,-7401149925,0,390623,0,1 # block t=8322 q=12T22 r=14 k=2
-12438857810491321347,0,-67263365778050788569,0,-143963866192876031079,0,-150932506793532293343,0,-75040542229592508471,0,-11514838470327242622,0,1671401102408729719,0,-60301429145175084,0,861639144552027,0,-4459065139265,0,1555393746,0,-125904,0,1 # block t=8322 q=12T22 r=14 k=2
-317782586121571,0,-1022592743180325,0,790271697299088,0,3991792916448330,0,-395440673027403,0,-4115482041782016,0,356477482098979,0,23849823577212,0,-2440622009673,0,47261485436,0,-21419136,0,-19329,0,1 # block t=8322 q=12T22 r=14 k=2
-28868608,0,-78282752,0,113016832,0,128913408,0,1517056,0,-15711232,0,634624,0,699136,0,-104096,0,1280,0,672,0,-48,0,1 # block t=8322 q=12T22 r=14 k=2
-154742623991,0,85413382337718,0,-2521617691505925,0,467654899198934,0,87053412068118147,0,104256664574613816,0,-3735627650020505,0,-264212679132564,0,-2897331139632,0,2107937988,0,84123879,0,-18969,0,1 # block t=8322 q=12T22 r=14 k=2
-876559244031,0,-112991321228004,0,-2818691643656718,0,1852522633841700,0,329100124307559039,0,-1189477788830612424,0,133431499887470812,0,-1064877887063448,0,-184678437439233,0,3788404462124,0,-734703438,0,-134412,0,1 # block t=8322 q=12T22 r=14 k=2
-7051504688374287997,0,-9466717673480390819,0,1903668887957325324,0,-6892173826205301,0,-18223298457263776,0,1074753815064452,0,14862209298999,0,-2967783114443,0,78371101512,0,-106750632,0,-13354933,0,-3616,0,1 # block t=8322 q=12T22 r=14 k=2
-231554886880724756,0,-1441184064130496208,0,-3405723554715345288,0,-3721693944960905248,0,-1746377125909131168,0,-152893763592779472,0,72500656498591376,0,-1658286189127320,0,11365481621511,0,-21684152500,0,17909946,0,-6852,0,1 # block t=8322 q=12T22 r=14 k=2
-105678648086902523,0,2700452624475844737,0,-5124748155632882715,0,-36479034594009448211,0,41977397518687902783,0,127382879076333019080,0,14250896326357222523,0,481148807169623574,0,2569335165984273,0,-77082723528917,0,16060099668,0,-519450,0,1 # block t=8322 q=12T22 r=14 k=2
-6974302447,0,-34814121279150,0,-6776058680202399,0,-284531963873774158,0,-2328298951494586824,0,-4111929126920929638,0,742285611531241186,0,-18615098951483077,0,166557721891110,0,-614750460299,0,805150235,0,-111049,0,1 # block t=8322 q=12T22 r=14 k=2
-54715892720504568832,0,-68143309441271599104,0,21173750003174891520,0,-1994955849131862528,0,86692829600002752,0,-1809911355078144,0,12022945405888,0,152666505552,0,-2024278719,0,-8857780,0,97926,0,636,0,1 # block t=8322 q=12T22 r=14 k=2
-5422799983733757,0,-30446665844178807,0,-64086284919670542,0,-60987464742919950,0,-22588531867036305,0,1031793786207144,0,1468026357169809,0,-213058560531834,0,10143831636951,0,-162057416214,0,169815966,0,-41913,0,1 # block t=8322 q=12T22 r=14 k=2
-30670186829621544,0,-811733338624425984,0,-7127159003343644472,0,-23284564076923498176,0,-25716335302792329327,0,-1148309400504365784,0,328430448356288860,0,-8638096912214376,0,43731274447230,0,-62917403176,0,38055732,0,-10200,0,1 # block t=8322 q=12T22 r=14 k=2
50829951329490519,0,-2082352557358690344,0,5738861216235044664,0,108222006158919227460,0,-206917056364176246885,0,-1436376272403093869088,0,88169219509995383080,0,-795465386305390440,0,-10454390200085619,0,113015082136168,0,-7155585888,0,-411516,0,1 # block t=8322 q=12T22 r=16 k=0
17635146492314614983012,0,1829060906909285573136,0,-23619971426432267307384,0,16546157729437605076512,0,-4742073805799849638824,0,596888348577534539136,0,-24986053278427101488,0,-6567659267692200,0,680073786803013,0,-58168585892,0,-51049002,0,2244,0,1 # block t=8322 q=12T22 r=16 k=0
1040551,0,349130,0,-3280475,0,2452335,0,24664,0,-673339,0,267908,0,-24660,0,-7734,0,2043,0,-115,0,-10,0,1 # block t=8322 q=12T22 r=16 k=0
490131442651,0,-1201576770,0,-1895205406401,0,-411582965555,0,894947651414,0,384337869503,0,7323854780,0,-7808893024,0,585108538,0,-17320319,0,219287,0,-974,0,1 # block t=8322 q=12T22 r=16 k=0
14872244823761944576,0,50166080865185955840,0,-26480504201400287232,0,5308037700334780416,0,-529617292011964416,0,26724589314637824,0,-551044385424896,0,-1331097067008,0,117685708944,0,-213897696,0,-572712,0,648,0,1 # block t=8322 q=12T22 r=16 k=0
21799,0,-100461,0,-682281,0,3362323,0,4195653,0,-27443382,0,15780651,0,-1225752,0,-710733,0,117841,0,-1500,0,-96,0,1 # block t=8322 q=12T22 r=16 k=0
799462423522174391,0,676216163514603678,0,-205044768588599547,0,18375609325863287,0,-219049545777840,0,-62176016532939,0,3840424397520,0,-59633460738,0,-1724225760,0,72065097,0,-759783,0,1284,0,1 # block t=8322 q=12T22 r=16 k=0
59849439320276721,0,-673013603510296191,0,1709603422575101874,0,2984838249869526498,0,-9129280845936228321,0,-10029031934002776144,0,1107702419723235509,0,-18962901428132574,0,-349184492788413,0,7203962273930,0,-1058935008,0,-152889,0,1 # block t=8322 q=12T22 r=16 k=0
35511289581081985731,0,-1034745886947860967096,0,1875200795964792733419,0,35584979886991273759218,0,-50388959728076146363692,0,-312492555749742703205076,0,45307286858050648919127,0,-1252073029432692491082,0,7022634771025318032,0,36852389983761516,0,-953886176793,0,-4029102,0,1 # block t=8322 q=12T22 r=16 k=0
845956477178534158037,0,859874714598671012610,0,-208161880762304534394,0,3342714708972508021,0,2918999969669662509,0,-357534713354062644,0,19529608585142957,0,-562253004865908,0,8116963743795,0,-43183347981,0,-34039647,0,18171,0,1 # block t=8322 q=12T22 r=16 k=0
225193866928534656,0,386111129000361984,0,-361679624447097600,0,112457397391185024,0,-16322536538080560,0,1081912637789568,0,-18712467012704,0,-807368382720,0,16541270256,0,15475680,0,-256344,0,-72,0,1 # block t=8322 q=12T22 r=16 k=0
238638202192370476306233,0,393200115247264800683925,0,-39526494665279451221340,0,-522894001034861173578,0,227322010979474146239,0,-13026099715657097202,0,365322857031912895,0,-5637336686288484,0,45591242957427,0,-145702678086,0,-64431522,0,28461,0,1 # block t=8322 q=12T22 r=16 k=0
1647019531840873,0,454829050200284341,0,6794577565778485217,0,-1976867906232061989,0,-94016326856403735422,0,29776934025221993683,0,110553730228318612948,0,-2089954614000182936,0,12736715299722772,0,-29316313916886,0,21216171309,0,-812914,0,1 # block t=8322 q=12T22 r=16 k=0
7803214587067031093641,0,-32842059915060414426312,0,-76890803403177802545642,0,328894076222588005102777,0,183992351744256542995221,0,-816123352172743120087692,0,30235929978726003058395,0,-35084472865928273520,0,-3671774322160315293,0,18616625779290343,0,-333081142623,0,-3794679,0,1 # block t=8322 q=12T22 r=16 k=0
5688583741492014079511,0,6061351354883055214863,0,-1228312771165866658158,0,-46352374328548776,0,16378003832228817903,0,-1668211714995789648,0,78206887715639773,0,-1936218192211302,0,23842674025785,0,-105173834734,0,-84090090,0,21645,0,1 # block t=8322 q=12T22 r=16 k=0
167859952544321763563,0,-525124532858323491978,0,679984694661050933565,0,-470016135544349675608,0,186311925030462941064,0,-42283288024606609566,0,5194731421919545361,0,-312709622466243240,0,8748126776752272,0,-91780397015634,0,15973423389,0,-549036,0,1 # block t=8322 q=12T22 r=24 k=2
4866071689679362221637,0,-12474356389015166648754,0,12989148670090714294276,0,-6960543554327919048237,0,1989588578856794675249,0,-278662962445351882466,0,14353604111561780542,0,-192946756646206339,0,1015873078834496,0,-2274468706579,0,1839789104,0,-167477,0,1 # block t=8322 q=12T22 r=24 k=2
118867405329,0,-432692950608,0,658323825147,0,-543384811428,0,264618022374,0,-77863365576,0,13823998639,0,-1475001372,0,92529414,0,-3219016,0,55515,0,-420,0,1 # block t=8322 q=12T22 r=24 k=2
371664791171310231236,0,-1482892591633392958704,0,2278972494741373997304,0,-1654782272281691162496,0,548640235239386077872,0,-64255402684233958512,0,2680775732784378424,0,-26792323277380152,0,92804086758333,0,-102448311964,0,50177094,0,-11460,0,1 # block t=8322 q=12T22 r=24 k=2
1629840781890883,0,-5718376424093499,0,8234982327733395,0,-6249509634535271,0,2665618164222495,0,-631989220097922,0,78937921461725,0,-5136214717176,0,166867615557,0,-2304770807,0,7286304,0,-6144,0,1 # block t=8322 q=12T22 r=24 k=2
57830012332575841,0,46533205269825294,0,-13295653809121743,0,-1314893807967794,0,154920959365986,0,24603243018390,0,1272810667497,0,31017846114,0,303365178,0,-1246910,0,-44295,0,-150,0,1 # block t=8324 q=12T48 r=8 k=1
840612805965031544008,0,21033694333866140750000,0,163099078651297887985512,0,424726762569489744690192,0,330141799767579588168196,0,10716368353458930027200,0,-115090479999553327152,0,-2934701141636654256,0,30198781461291938,0,-31615222770148,0,-25896455294,0,-171620,0,1 # block t=8324 q=12T48 r=8 k=1
7064827288246280884,0,8200926114398656872,0,-175688147719082632490,0,-249792840369293236164,0,-115386200443570888535,0,-19458696158785569642,0,-1019635038271510762,0,9349283162480208,0,170924955178261,0,-163055712324,0,-1437779934,0,594,0,1 # block t=8324 q=12T139 r=8 k=1
228537065305533904938673,0,773550481926733596449124,0,961570180392150297682074,0,512776505608691444990212,0,92252738601284744280175,0,-4124169022924381112760,0,-158215182454186653076,0,-1046291344736845784,0,2452008141621247,0,25429935108564,0,-624325926,0,-40620,0,1 # block t=8324 q=12T48 r=8 k=1
2239736495,0,13046754540,0,-16409289924,0,2994572974,0,1788261217,0,-332758494,0,-104149318,0,4972774,0,3030183,0,296878,0,11994,0,196,0,1 # block t=8324 q=12T48 r=8 k=1
871288236611256447504,0,3519863093204912332800,0,2683465748593598750400,0,614341572523578531648,0,65598548286323744496,0,3732487959194585856,0,115229460727883776,0,1744363594354080,0,7480317359160,0,-52941140896,0,64680960,0,-19944,0,1 # block t=8324 q=12T48 r=8 k=1
9438997,0,191071504,0,1547308112,0,6392901390,0,14177891331,0,16013520812,0,7323672824,0,145471478,0,-65208517,0,-1541452,0,65367,0,-534,0,1 # block t=8324 q=12T48 r=8 k=1
17046459009249383357489,0,13634920692074348773522,0,-132837169413738260930582,0,-121016268021453761014276,0,-37110246580012837980618,0,-4495602241964969408738,0,-183183147841374652714,0,496294733566508438,0,11880605607195070,0,-2006899482180,0,-29603988942,0,234,0,1 # block t=8324 q=12T139 r=8 k=1
1829151575,0,-3525775080,0,2670644508,0,-1012700386,0,204802483,0,-21627201,0,121614,0,488999,0,-56366,0,-2947,0,871,0,-52,0,1 # block t=8324 q=12T139 r=8 k=1
59899164771243539,0,-162304166736993092,0,181710923764592777,0,-109749008179504019,0,38709763173101487,0,-7938975900600391,0,859155587679407,0,-33741027192106,0,-579930950918,0,-3874919863,0,-12255800,0,-15099,0,1 # block t=8324 q=12T139 r=8 k=1
441135394170031755829,0,1844386990572542273688,0,-46486776576333924642410,0,-133733700747391506874240,0,-121100281512789638970880,0,-40162662491659950843978,0,-3029030496477464472684,0,470780848242424639524,0,15079321424064687029,0,-191628693579322,0,-97208213564,0,21738,0,1 # block t=8324 q=12T48 r=8 k=1
531441,0,750634549038,0,250578369526348278,0,47981703734678549898,0,1446519398477832197991,0,-2063072202781854241404,0,607090068624390605100,0,67902014017354108644,0,1613911093188307479,0,-446868936670914,0,-83565503874,0,222690,0,1 # block t=8324 q=12T48 r=8 k=1
18614297717293,0,71723942603870,0,93569588071255,0,35330607060864,0,-18570668851090,0,-15646893424414,0,-1945261888597,0,283922805824,0,35472368194,0,-5994090,0,-599365,0,12,0,1 # block t=8324 q=12T48 r=8 k=1
35267699379727974008225,0,63849082434326157904140,0,30605558983766127949626,0,5976419338321405457060,0,555712628199983852511,0,26424157403026174392,0,622799334612209436,0,5160105493395432,0,-41454489556705,0,-665469556292,0,1050564490,0,-67340,0,1 # block t=8324 q=12T48 r=8 k=1
244028049275,0,-256047935395,0,87465919421,0,-11445785131,0,1100691301,0,-451053531,0,108810260,0,-12282059,0,953559,0,-77574,0,4791,0,-134,0,1 # block t=8324 q=12T139 r=8 k=1
3434634395721442304,0,12416631950925795328,0,7231388718238194176,0,-2502146946464049152,0,303061019073825664,0,-18905083733431552,0,657139592028032,0,-12217478367040,0,96348275536,0,14643216,0,-1297464,0,280,0,1 # block t=8324 q=12T48 r=16 k=1
9829239943015680925,0,28367986903606084870,0,-43091602538642697394,0,21130833321821811386,0,-4290495824705401993,0,126786434296935780,0,88289965691705892,0,-13263854662649316,0,579996243267083,0,-9014461450,0,-203650642,0,202,0,1 # block t=8324 q=12T48 r=16 k=1
11332211669049219900323,0,-3184539508068266013724,0,-11997529650157224772177,0,4516696492439380506124,0,-649563630335787860003,0,44974228010443340490,0,-1471362272753869219,0,16891417869074260,0,46696375241589,0,-740486627502,0,-1125721962,0,37688,0,1 # block t=8324 q=12T139 r=16 k=1
62333979869381875,0,1464392363932343500,0,-13888201902814249450,0,-352035248204989319120,0,1230795883769216470624,0,17803429102411765835940,0,-65559846457484463901487,0,-19051611655379231525752,0,36590703575505954260,0,-9434728312870498,0,225256606088,0,-958610,0,1 # block t=8324 q=12T139 r=16 k=1
2521161091229214542,0,-4820373980616430784,0,-14222438432617655232,0,-4406985287446163608,0,2191295513901567556,0,406790654862926772,0,-160181101358957376,0,13415513620908256,0,-312181552764964,0,919908341160,0,412835006,0,-43792,0,1 # block t=8324 q=12T48 r=16 k=1
10044414617041,0,106276630693639070,0,243719832666728908024,0,-184052297891577375026,0,-105016903700424786810,0,80527852624839597096,0,10534144163739462609,0,-8345472656030824642,0,273321008239628856,0,-108405167355090,0,11838452135,0,-207808,0,1 # block t=8324 q=12T48 r=16 k=1
6774045603610947857,0,46850816490120625684,0,39037859611890993020,0,-16027762564818276868,0,2338348138985324671,0,-174595980282461776,0,7174405944457460,0,-154489526301952,0,1349917556443,0,621244684,0,-5304312,0,-108,0,1 # block t=8324 q=12T48 r=16 k=1
9468038912,0,4079025747584,0,415711214070352,0,-1295132059366872,0,796004266729349,0,266950077972056,0,-18452915287141,0,-4046876848154,0,317575498967,0,-6282119266,0,38236607,0,-12524,0,1 # block t=8324 q=12T139 r=16 k=1
269044639399791274981,0,-139147510522680273978,0,-1395324245162445624811,0,736871046982697855394,0,757220828942234387006,0,-469405689453839561970,0,87031670119217088597,0,-6129061069634348826,0,142495909932495222,0,163413962200938,0,-29934351731,0,-222690,0,1 # block t=8324 q=12T48 r=16 k=1
13872301797966914785837,0,-58582856865035806206414,0,26803218890316453767503,0,143084805998963364732928,0,-201456303309130271849698,0,85326159827777953980206,0,-2483608935581905535533,0,-5030321859950370309184,0,628790224682129483474,0,2603888934970,0,-260388893453,0,-12,0,1 # block t=8324 q=12T48 r=16 k=1
17067454535667961,0,16795523538835882,0,-16325381681890371,0,4284045177646694,0,-390634291692246,0,-3136269339542,0,1693266478997,0,-7637030478,0,-1058595646,0,7561126,0,133029,0,-862,0,1 # block t=8324 q=12T48 r=16 k=1
1597176377668,0,1943917528944,0,-2642940016768,0,-1199180601568,0,2049490067284,0,-736300141240,0,85985304756,0,121560216,0,-271077838,0,2518772,0,220014,0,-1104,0,1 # block t=8324 q=12T48 r=16 k=1
194428854423,0,84682354733298,0,9053695632055809,0,-75753920439318291,0,-19613250363029498576,0,300366744366696762078,0,-178708433618197919252,0,10619226651847180723,0,-448740487335718,0,-3115799273489,0,736505027,0,-53342,0,1 # block t=8324 q=12T139 r=16 k=1
10604760345829628941,0,26345362869434594540,0,3117588190370867873,0,-5718440392883819760,0,1451787089919540494,0,-169371619270646700,0,10380748321937445,0,-322681175340000,0,3956746422750,0,2558854300,0,-25584143,0,-120,0,1 # block t=8324 q=12T48 r=16 k=1
654791071461285639337,0,-1564372727353409871136,0,118079726973904479393,0,2503770797040667294476,0,-2478073373425464706806,0,860542358720384645816,0,-97545416752574115311,0,2805162086344374712,0,9015040416107490,0,1781594183572,0,-6672103031,0,202800,0,1 # block t=8324 q=12T48 r=16 k=1
22690634967524,0,-63848936819024,0,76546380556192,0,-50874498595744,0,20418527222484,0,-5051367405256,0,754085985844,0,-63865692280,0,2745567714,0,-48615764,0,351758,0,-1040,0,1 # block t=8324 q=12T48 r=24 k=1
80958405851752835677,0,-242961029568990410508,0,304408334380653510147,0,-204115398605010189836,0,77517389337558268095,0,-15967084185391519092,0,1459851141925221956,0,-19771552357243848,0,87178795093155,0,-123218070448,0,68293746,0,-14424,0,1 # block t=8324 q=12T48 r=24 k=1
86143732710118657,0,-249281916189088216,0,306797001015078897,0,-208540940730563620,0,84774235317698228,0,-20713810934936310,0,2855571903888788,0,-182147082527529,0,2239987813586,0,-8886150715,0,12738489,0,-6403,0,1 # block t=8324 q=12T139 r=24 k=1
218716981264,0,-533076540032,0,555810309568,0,-325527910688,0,118318724864,0,-27852971840,0,4305380472,0,-433924000,0,27727232,0,-1064136,0,22544,0,-240,0,1 # block t=8324 q=12T48 r=24 k=1
416016949598233,0,-901642487542344,0,766245381737166,0,-335430737785460,0,83164079848955,0,-12175352847584,0,1079354508236,0,-58191455840,0,1864208215,0,-33342352,0,292814,0,-964,0,1 # block t=8324 q=12T48 r=24 k=1
15693993616416370737921,0,-47268859843654049613888,0,59376780805554264607272,0,-39854243780484580455714,0,15108179374045917617692,0,-3086556262569443247148,0,273705524508641540099,0,-2416304641807231288,0,6323520221837416,0,-3686117107586,0,752250968,0,-49136,0,1 # block t=8324 q=12T48 r=24 k=1
19050775626067424837888,0,-39973187696730429770752,0,32531299544280775565824,0,-12697062509293071080704,0,2355809243243326930816,0,-179500627872607448320,0,6441492985474947552,0,-113354151111728384,0,893508277420016,0,-2136227468496,0,533739624,0,-41584,0,1 # block t=8324 q=12T48 r=24 k=1
14066524816683843137536,0,-40099145779535872382976,0,47969546826733183712256,0,-31088134982716467898368,0,11724741598121653376768,0,-2557500085681388185472,0,298720533605435074880,0,-15524103348869069184,0,280539553509088848,0,-109651272594488,0,11880144132,0,-208102,0,1 # block t=8324 q=12T48 r=24 k=1
11109728041,0,-28382326664,0,31417658516,0,-19845961552,0,7937937199,0,-2110713224,0,381359114,0,-47021424,0,3912121,0,-213108,0,7162,0,-132,0,1 # block t=8324 q=12T48 r=24 k=1
33901673146962416758784,0,-112720763302395469312000,0,157901055906663611479040,0,-120340308199973203467264,0,53612569962145467946240,0,-13876129642366152065024,0,1929523362410496141632,0,-118836175760084068800,0,2402169645946385392,0,-577290432883968,0,37800354636,0,-372728,0,1 # block t=8324 q=12T48 r=24 k=1
223744429332616934796391,0,-445831742953243041105630,0,345223053757036079956084,0,-133922885215353663549058,0,28039472401252224052203,0,-3106570980279416105868,0,157671576392593351680,0,-2167966640449255972,0,11160721562734189,0,-21325136572086,0,13516707020,0,-230970,0,1 # block t=8324 q=12T139 r=24 k=1
57376818256,0,-230323165088,0,385557655888,0,-350148704640,0,188294141968,0,-61561329056,0,12141118704,0,-1403170160,0,92084200,0,-3240272,0,55148,0,-412,0,1 # block t=8324 q=12T48 r=24 k=1
3564981174715945072837,0,-8901967716804934892253,0,9242723328786889891712,0,-5129920573012549360242,0,1622531952835984329260,0,-285997412710502477314,0,24934562437006567979,0,-772911116586581182,0,7587969572691182,0,-15804693518261,0,2446065813,0,-110108,0,1 # block t=8327 q=12T48 r=24 k=2
109902430097838591541,0,-465970312520476857078,0,828989466902891013433,0,-800556502184547831602,0,452469091039151845206,0,-149860385904687020782,0,27382777025376458193,0,-2388866530519535606,0,77620721847348222,0,-61731609112474,0,12886783489,0,-222174,0,1 # block t=8327 q=12T48 r=24 k=2
11665228917087538177873,0,-15784156264924040507678,0,8294322633334503333483,0,-2254501676751077781156,0,349870807449856101254,0,-31640870271293347914,0,1593009202175510147,0,-38187921121995544,0,261375803519226,0,-642530277178,0,558716263,0,-95156,0,1 # block t=8327 q=12T48 r=24 k=2
20707229385262144,0,-63516222872371520,0,81248401456576304,0,-55968783759625568,0,22349325816674220,0,-5177597149857636,0,658120159299037,0,-40730618124816,0,1071651146601,0,-9128498315,0,14411255,0,-7446,0,1 # block t=8327 q=12T48 r=24 k=2
29097297461346121,0,-73301956258342700,0,77737306393968601,0,-45006724471468900,0,15416396123624373,0,-3161901158704508,0,374067301957789,0,-23176580484004,0,616271320145,0,-3502723676,0,7015625,0,-4708,0,1 # block t=8327 q=12T48 r=24 k=2
147238553209306756864,0,-301299693443736630592,0,242576938643561091084,0,-96872395373354204904,0,19939460894853943625,0,-2037138554381912574,0,101340641004085268,0,-2316767469823175,0,22665193725786,0,-77402365424,0,58325620,0,-14827,0,1 # block t=8327 q=12T48 r=24 k=2
116427934046405614924,0,-98983392979664836160,0,18404490085396950604,0,-1654004247019288952,0,88404636583840928,0,-3070236143354884,0,72176690970296,0,-1164502505332,0,12798623224,0,-92949556,0,418408,0,-1026,0,1 # block t=8327 q=12T48 r=24 k=2
12354084973164393161,0,-10355610258026876852,0,1966599740862991818,0,-185927044726468628,0,10753372944803583,0,-415721332105256,0,11208006587500,0,-214318901000,0,2900385047,0,-27176612,0,167658,0,-612,0,1 # block t=8327 q=12T48 r=24 k=2
89166551955770889133,0,-194318879266786407186,0,178837562230357640721,0,-90887704514178833174,0,27913381960782393438,0,-5305708519529200330,0,609795022258273977,0,-38878565997857874,0,1077749565664390,0,-2388339218702,0,1443145849,0,-74266,0,1 # block t=8327 q=12T48 r=24 k=2
988535835262205647,0,-2492719798056654430,0,2297475060267815202,0,-986019141862825462,0,224394263815741201,0,-28532250761645852,0,2029697499736767,0,-77593255339710,0,1489395293669,0,-13166353794,0,41389161,0,-13232,0,1 # block t=8327 q=12T139 r=24 k=2
600110638679341,0,-145164580977428,0,-2674197634653352187,0,237449108402497216,0,14871979462136874334,0,1862954740599317636,0,-568575697823825243,0,-39333102978820416,0,6672450172825986,0,-10604530521396,0,4374051689,0,-129784,0,1 # block t=8328 q=12T48 r=16 k=2
3568411391190637,0,10936837865404410,0,-23400388283154297,0,12462886757729928,0,-1524429420492050,0,-656747389034346,0,245312774053771,0,-30603986920680,0,1365625979794,0,-772772910,0,-5264869,0,492,0,1 # block t=8328 q=12T48 r=16 k=2
53446116033,0,-453908802294,0,-1366946505531,0,12416863636746,0,-15706988142480,0,7034555618442,0,-977405237985,0,-35151753792,0,1057487125,0,8459534,0,-88774,0,-188,0,1 # block t=8328 q=12T48 r=16 k=2
7070851500760961981,0,24702955359122616082,0,-295269409788468240713,0,696165734038926505684,0,-700742599262815702067,0,328442220744139254318,0,-62051460315447297941,0,1584518797246372210,0,77895397366395457,0,-4120233979448,0,-3913079673,0,6938,0,1 # block t=8328 q=12T48 r=16 k=2
2286373927313997911581,0,14866773199972288751968,0,-4619828258383820029242,0,-7359174148652536973480,0,4965781410997417241287,0,-1232436222514800902976,0,149254493580129045860,0,-8891320353693972752,0,209249822425615163,0,-9920848845408,0,-33028984650,0,3576,0,1 # block t=8328 q=12T48 r=16 k=2
19575829495882377425,0,373497873987120361020,0,-73792615918767630542,0,-9217386439464251412,0,3802342109457330959,0,-416496733468875784,0,20896115737391740,0,-487274245776328,0,4478116088063,0,-1867650868,0,-90400398,0,-7972,0,1 # block t=8328 q=12T48 r=16 k=2
144623364229377051950511,0,251304620349994782606018,0,12284959065337684079517,0,-141934472274223645200756,0,-33027328852523702353301,0,19802385878987767564034,0,4965477106994755010579,0,-318044314358852212516,0,4449341948931403429,0,-874836486382310,0,47497712399,0,-416144,0,1 # block t=8328 q=12T48 r=16 k=2
1332602256103515625,0,-47599625750377906250,0,594368837162425028139,0,-2845505309176391729440,0,1974109728514173472330,0,13659059576385371844442,0,-3452542579396815244953,0,-196525333210666613936,0,15461208268485440534,0,17779181975646,0,-37579547833,0,-1988,0,1 # block t=8328 q=12T48 r=16 k=2
76984944694025,0,-131136956907420,0,-110295600658814,0,244643022819296,0,-18565586141017,0,-72214779068032,0,5719259243116,0,4966777113392,0,-380033472205,0,7322912948,0,-12915838,0,-5048,0,1 # block t=8328 q=12T48 r=16 k=2
223101268914214683756,0,2036534822827410410388,0,-375982823286124327107,0,21036284585223059169,0,136878192684754380,0,-59282702221345929,0,2299587222943431,0,-28552429844928,0,-156662955765,0,4566919347,0,-353376,0,-3831,0,1 # block t=8328 q=12T48 r=16 k=2
201820372029200,0,24589792377185920,0,811742890319916992,0,4282212409286327808,0,-167482621474279616,0,-3276784991097285056,0,1310763084203102560,0,-111736118231595168,0,2772096808793536,0,-2433967597264,0,646299976,0,-46560,0,1 # block t=8328 q=12T48 r=16 k=2
539687794137511529761,0,697293858018036655444,0,-117443465060053740190,0,-10108863357909818724,0,3402007249874774231,0,-289106479609952200,0,11244989775592996,0,-203714593190344,0,1372329778535,0,2068508916,0,-36020806,0,-4820,0,1 # block t=8328 q=12T48 r=16 k=2
151923696304,0,3027358670188,0,16832382003563,0,19477006758168,0,-4963745819540,0,-7438794634824,0,2698466969979,0,-275077921742,0,10795140747,0,-161785384,0,820082,0,-1606,0,1 # block t=8328 q=12T48 r=16 k=2
3411461775625,0,-22233214333850,0,31427159224194,0,74649332746634,0,-244457967101921,0,199872018555172,0,-23077761583812,0,-12317160110276,0,1626290702903,0,112937430,0,-5631454,0,-38,0,1 # block t=8328 q=12T48 r=16 k=2
1188854176948071397,0,3782488009496240516,0,3455763280809796270,0,349765517765833668,0,-521637294592954793,0,-49483272229276216,0,22359444542484084,0,-1124679715809688,0,17281217746915,0,-75143786188,0,58787006,0,-15020,0,1 # block t=8328 q=12T48 r=16 k=2
16674082103529079,0,-42386508023238326,0,45181969758069361,0,-26243021134421456,0,9019204653798435,0,-1859637748167386,0,221698274875795,0,-13776765954804,0,352171215569,0,-2719668598,0,6132299,0,-4720,0,1 # block t=8328 q=12T48 r=24 k=2
1122518027731605351841,0,-2355769821954316369932,0,1795737039154220894099,0,-641925199194212011414,0,124257406064690717770,0,-13811802196614571776,0,881502895377859907,0,-30416115875687858,0,480406630157678,0,-1972947444560,0,1197162895,0,-74326,0,1 # block t=8328 q=12T48 r=24 k=2
61288339931656,0,-151136345724528,0,154274190141672,0,-84641802161072,0,27158406285276,0,-5204913990912,0,586573536408,0,-37569952368,0,1356692058,0,-26731340,0,259746,0,-972,0,1 # block t=8328 q=12T48 r=24 k=2
10479614989,0,-31307820318,0,39069834918,0,-26786245658,0,11210991543,0,-3017949012,0,536655444,0,-63640188,0,5003739,0,-254702,0,7974,0,-138,0,1 # block t=8328 q=12T48 r=24 k=2
48556340050874881,0,-120840555896996824,0,117200682425344138,0,-57078916378660876,0,15015482163978151,0,-2182258781408152,0,180931850352524,0,-8569655923600,0,220150153699,0,-2635763672,0,9487698,0,-5868,0,1 # block t=8328 q=12T48 r=24 k=2
856878766810379620921,0,-1612804292305102721224,0,1248718729248436842025,0,-515704445204562029444,0,122301984537450232370,0,-16542744604206285560,0,1170866292230158841,0,-34014068655734832,0,181392541202770,0,-328976666284,0,198996569,0,-32112,0,1 # block t=8328 q=12T48 r=24 k=2
12954573056,0,-50148966400,0,80178165248,0,-69166348544,0,35425498496,0,-11197768192,0,2205873056,0,-268924224,0,19961024,0,-870416,0,20792,0,-240,0,1 # block t=8328 q=12T48 r=24 k=2
5139034372153666681,0,-12004193308169944360,0,11201482930145742130,0,-5357346072176317764,0,1410133107199240877,0,-206810733808413296,0,16780446832909406,0,-725458127759016,0,15181225909507,0,-120857952252,0,269681472,0,-35784,0,1 # block t=8328 q=12T48 r=24 k=2
76434548098,0,-219907272280,0,270801265968,0,-187356463052,0,80402929752,0,-22303724792,0,4045532150,0,-475220320,0,35066324,0,-1529076,0,34980,0,-328,0,1 # block t=8328 q=12T48 r=24 k=2
944733330081602729,0,-1928394131339671600,0,1592809656593930566,0,-685814568510645834,0,165912537465323287,0,-22835781808573224,0,1755685393683345,0,-71681753869808,0,1443070027309,0,-13328848676,0,45055011,0,-13154,0,1 # block t=8328 q=12T139 r=24 k=2
630502576473483208661,0,818824259322535387584,0,-17976105905616437862491,0,-71953185538503350698028,0,-101510066273127156571861,0,-58634969312630483316248,0,-12711752463463212710307,0,-425880323901181179884,0,16279913229237579157,0,105119075842808,0,-99108671019,0,-7002,0,1 # block t=8332 q=12T48 r=8 k=2
6407099352608284177,0,23825881647846951542,0,30454899131585279283,0,11826974859805869104,0,-4941322351796495374,0,-4044911442972094646,0,-95878924434195097,0,247830763475841472,0,30978523661929250,0,-107257516890,0,-10725751645,0,12,0,1 # block t=8332 q=12T48 r=8 k=2
1509523182582978217,0,-18028975915321904032,0,19856340592106936281,0,113541140605062830948,0,88435990764777537274,0,25235632095772573496,0,3021307110442649913,0,132255396824345056,0,393245168804914,0,-506469093820,0,-1532643679,0,109464,0,1 # block t=8332 q=12T48 r=8 k=2
233599965433856,0,-262866329284608,0,112329549495296,0,-26181921285632,0,3851364149760,0,-384704028032,0,27106572672,0,-1369244192,0,49507856,0,-1255008,0,21240,0,-216,0,1 # block t=8332 q=12T139 r=8 k=2
34408515356981,0,-43157607811010,0,17851177114192,0,-3902221991538,0,542157545371,0,-53679777275,0,4128394560,0,-257679789,0,12780254,0,-468525,0,11499,0,-164,0,1 # block t=8332 q=12T139 r=8 k=2
172558245713513930197,0,-92283949683372586860,0,-9972284045515395795,0,682313011170766812,0,152707155474931878,0,10103242216984788,0,355269619703245,0,7340333144772,0,88523809266,0,558078852,0,1139657,0,-2532,0,1 # block t=8332 q=12T139 r=8 k=2
7985420687595010001,0,-16686298835200037636,0,-11733929890263241558,0,41816155454443972828,0,-21318258435145580881,0,-275523277159568616,0,205413418883284492,0,6946663470019672,0,75477952572127,0,280840333292,0,127971402,0,19788,0,1 # block t=8332 q=12T48 r=8 k=2
6159745024,0,11297873920,0,1143386112,0,-6576650240,0,-3070807040,0,72630272,0,168687360,0,-2295232,0,-1548800,0,-18416,0,3776,0,124,0,1 # block t=8332 q=12T48 r=8 k=2
122935492119249,0,236024905626504,0,23586220682802,0,-71582070938022,0,-2756485545014,0,4070653524248,0,286193957283,0,-36918258692,0,-2116392232,0,1962520,0,796599,0,2354,0,1 # block t=8332 q=12T48 r=8 k=2
49052847958969,0,226389868154534,0,328225235467307,0,124819334796368,0,-73717390909558,0,-51975567862342,0,485079166095,0,3919966356992,0,489704997370,0,-96932330,0,-9693189,0,12,0,1 # block t=8332 q=12T48 r=8 k=2
727345451216128,0,911562190700544,0,-9942734276352,0,-229849332695360,0,-53800601457072,0,3948974095472,0,2174157649560,0,169856218968,0,1200061576,0,-47302052,0,-421466,0,1226,0,1 # block t=8332 q=12T48 r=8 k=2
52486488690688,0,-580713381396480,0,937647647564800,0,1125392777955328,0,-2483101173457408,0,430303223641088,0,450905927974208,0,64658300742656,0,2346186345248,0,8960904160,0,11732884,0,5952,0,1 # block t=8332 q=12T48 r=8 k=2
87887109192245899793,0,335948918867267269288,0,487328197510666682786,0,324981116923505730904,0,92016629095408935567,0,6111592319780692880,0,-204174571625739108,0,-13543085153385296,0,383452497475135,0,-1066068309176,0,-2868547358,0,-58248,0,1 # block t=8332 q=12T48 r=8 k=2
26033605051075119584707,0,-19936060799806336641403,0,2026375415191403008700,0,-99330377587619541955,0,2959589735779568436,0,-58715787085888022,0,808421704747057,0,-7843457374782,0,53404220892,0,-249003783,0,753087,0,-1319,0,1 # block t=8332 q=12T139 r=8 k=2
12054008148041,0,-16241198813118,0,8529808757785,0,-2497109076242,0,468476860074,0,-60302220966,0,5512299625,0,-362701838,0,17117946,0,-566746,0,12521,0,-166,0,1 # block t=8332 q=12T139 r=8 k=2
1459014301,0,-4266954186,0,5466715531,0,-4038998048,0,1907386890,0,-603408542,0,130415371,0,-19293916,0,1927662,0,-126030,0,5079,0,-112,0,1 # block t=8336 q=12T48 r=24 k=1
9662295767263906009,0,-18935018791196886972,0,14991803906633799290,0,-6163363989717298668,0,1412506443775092671,0,-182142343220295992,0,13042237360553516,0,-499792421948984,0,9406775385159,0,-67985102476,0,49818490,0,-12380,0,1 # block t=8336 q=12T48 r=24 k=1
136418020244836,0,-316152507067078,0,279629675567517,0,-128515644106982,0,34324344662856,0,-5566655431680,0,552814838443,0,-33031885806,0,1137789531,0,-20939182,0,184528,0,-728,0,1 # block t=8336 q=12T48 r=24 k=1
568398807980,0,-1784785278300,0,2279976825036,0,-1550817650360,0,616551854824,0,-148149525756,0,21641516096,0,-1913257034,0,101182728,0,-3105500,0,51432,0,-392,0,1 # block t=8336 q=12T48 r=24 k=1
1307198118692757986176,0,-2224219266348042163200,0,1449411758723631090688,0,-474643728620344304896,0,83750385759865317184,0,-7788218344704007936,0,346824372841136000,0,-6909794910035296,0,61004135016272,0,-207370449568,0,106742308,0,-18412,0,1 # block t=8336 q=12T48 r=24 k=1
11090692,0,-40537408,0,66234768,0,-63879488,0,40443476,0,-17683608,0,5467980,0,-1203160,0,186730,0,-19908,0,1382,0,-56,0,1 # block t=8336 q=12T48 r=24 k=1
1022230830715250367493,0,-2596492678700686171794,0,2739242041951613808270,0,-1545765237745555343126,0,499966440702524396775,0,-92060746713900160236,0,9012483110605869348,0,-405244282872521988,0,5729132575429299,0,-3830999246114,0,750278766,0,-50118,0,1 # block t=8336 q=12T48 r=24 k=1
81916924917337,0,-217034037659618,0,231347281179997,0,-128357181821242,0,40182394708034,0,-7268643133042,0,762189745013,0,-45953706918,0,1556616754,0,-28414286,0,254669,0,-918,0,1 # block t=8336 q=12T48 r=24 k=1
13015765537984656894401,0,-21669833443162949630616,0,14172991444739749204846,0,-4834647788639609599760,0,944177514314849906527,0,-107554832461336657968,0,6888434829739246516,0,-223018625577430720,0,2868048992549439,0,-2465167156024,0,648518590,0,-46640,0,1 # block t=8336 q=12T48 r=24 k=1
65539243763176657,0,-71998311262323776,0,21044764862464017,0,-3111469461744384,0,282123712759382,0,-17100772623808,0,722900990045,0,-21688104448,0,461155894,0,-6804800,0,66321,0,-384,0,1 # block t=8336 q=12T48 r=24 k=1
3760286105106421,0,20796215582037775,0,31533705611480886,0,4401245887568310,0,-8802927882272788,0,-408964414712964,0,552002889667415,0,-47448640435012,0,1263383195838,0,-9963139183,0,15151603,0,-7598,0,1 # block t=8341 q=12T48 r=16 k=1
30670466165177535419981,0,118021956644875907809368,0,4576691592270980526500,0,-1015776441193384877968,0,48767535616677966800,0,-1194254310995318580,0,17375643006888762,0,-155786554864616,0,834140882300,0,-2322055736,0,1712256,0,3540,0,1 # block t=8341 q=12T139 r=16 k=1
250814685117753829777581,0,460990269310442689914786,0,227897358584082396859620,0,36761356795151727539172,0,-328763857734350705889,0,-347848910452760790444,0,6529772648674636684,0,-44335777024710164,0,141400882392527,0,-219418679074,0,147926184,0,-28404,0,1 # block t=8341 q=12T48 r=16 k=1
5955972000413152560133,0,7069361642916079190740,0,-7886775310852520738971,0,-13928678691065164661576,0,-5290263799417983182818,0,36334795264854746620,0,200019615244446044973,0,-9590804130078896948,0,40335443038521334,0,-51740667952864,0,19244034381,0,-465468,0,1 # block t=8341 q=12T48 r=16 k=1
1109708937094528576,0,-3443287324932584576,0,2170182573893723392,0,3509764526828584512,0,-5745066317943675664,0,2808219370123479232,0,-374406798902885632,0,-40127019295626464,0,5015863725909004,0,4562014680,0,-456201424,0,-12,0,1 # block t=8341 q=12T48 r=16 k=1
196,0,5992,0,60918,0,210388,0,-32713,0,-701472,0,829039,0,-412242,0,108200,0,-16036,0,1338,0,-58,0,1 # block t=8341 q=12T139 r=16 k=1
917280783,0,-288869020578,0,23353789623393,0,-45570350778552,0,-20588279452926353,0,-180290256479926596,0,-131080254467041374,0,-17463489866485648,0,262243960493174,0,-628276510104,0,290661683,0,-32782,0,1 # block t=8341 q=12T139 r=16 k=1
61391629564729,0,86333133246172,0,-262011705162398,0,-556142198386068,0,-262757686812545,0,28995067884152,0,20729328595900,0,-1783395505640,0,50496715303,0,-555326420,0,1899618,0,-2436,0,1 # block t=8341 q=12T48 r=16 k=1
21209350226211171257795,0,22675170613808899985990,0,-20762745486582696513716,0,5432238806171617005966,0,-551884647587506936815,0,12089978401960780582,0,787770954292595882,0,4748642664067502,0,-10417933004177,0,-34834816464,0,69575966,0,-19356,0,1 # block t=8341 q=12T48 r=16 k=1
7655736467664514858561,0,38802000465625859997240,0,22450670262165683661242,0,193359155160118489800,0,-1323480841704015251761,0,23922461558740588080,0,28493358753316747164,0,-2865773888262580368,0,82294615277236527,0,-63474835119240,0,12973536442,0,-222744,0,1 # block t=8341 q=12T48 r=16 k=1
9129533464165297097,0,-3988549206831384328,0,-138463242905810770752,0,64557601797550110912,0,124123982778617094511,0,-112152485383373639312,0,30696793078516744860,0,-2672184367162638448,0,72495110750313675,0,1423489264824,0,-2943465724,0,-2032,0,1 # block t=8341 q=12T48 r=16 k=1
2339895024875939482672,0,-18588373608153269354560,0,-42120571475420869754336,0,70039461737450467801544,0,-28878869720674136017751,0,3827342913111979479776,0,-154683221548278836939,0,-578344918365970260,0,11215569874238333,0,2821948969412,0,-29523575299,0,-420,0,1 # block t=8341 q=12T139 r=16 k=1
238030823260129,0,448162429359896,0,-235735690942051,0,-281689703622432,0,257171568410642,0,-83978906201304,0,13478226447753,0,-1061674014528,0,32002991130,0,97854520,0,-2445659,0,-48,0,1 # block t=8341 q=12T48 r=16 k=1
23147688992393473828,0,36012163694115504960,0,12255905809102324256,0,-1081098635183910592,0,-677936024926030408,0,41666461345924648,0,11182118509288156,0,-1274134445071056,0,37619596904726,0,-81525480356,0,57514178,0,-13492,0,1 # block t=8341 q=12T48 r=16 k=1
37042001001833548,0,256516816607175992,0,-672497573962698142,0,381465883858490224,0,-91334961175416469,0,10098462415297616,0,-418193623747477,0,-3120895598716,0,280142840275,0,-290459156,0,-18363333,0,324,0,1 # block t=8341 q=12T139 r=16 k=1
2675167430373952,0,-6260766464914432,0,5516023031371968,0,-2353507255256384,0,544550377329488,0,-72235028560128,0,5581532479920,0,-247295867008,0,5996696572,0,-73353984,0,427712,0,-1100,0,1 # block t=8341 q=12T48 r=24 k=2
117359103465772746633164,0,-229566504339212223103996,0,179468878360609335188612,0,-70879375846700107262828,0,14556397386009892868832,0,-1396902159943220380092,0,42694368616396604524,0,-411680366698990134,0,1326915883939552,0,-1595626253858,0,698823602,0,-63354,0,1 # block t=8341 q=12T48 r=24 k=2
23077915186148708218801,0,-61288016658740961898582,0,66048232415850636009973,0,-37333027478617042430406,0,12011921723256081400730,0,-2246815509182707695862,0,238001940486618460925,0,-13005809715218782330,0,281369491752454138,0,-76215215324682,0,6248024405,0,-144090,0,1 # block t=8341 q=12T48 r=24 k=2
8638106416,0,-25097115008,0,31885988736,0,-23333989504,0,10888633625,0,-3383876306,0,709337143,0,-99318564,0,8997797,0,-497776,0,15319,0,-222,0,1 # block t=8341 q=12T139 r=24 k=2
728193113073056737,0,-1481043737684226928,0,1067687225957155924,0,-354872266839440032,0,63012289475259169,0,-6430152086881308,0,389025670916218,0,-13853475549384,0,275106448627,0,-2682119608,0,9954870,0,-6332,0,1 # block t=8341 q=12T48 r=24 k=2
376680859925422346558450,0,-761372525032232290218840,0,616397081320832196877008,0,-258632818891863806413636,0,60333102757807709385184,0,-7725658198091799375832,0,493895281587738601990,0,-12567461002555711232,0,132860930568642180,0,-501609096642676,0,112004355592,0,-669108,0,1 # block t=8341 q=12T48 r=24 k=2
13958323029494848,0,-34668308025412800,0,34084933344722640,0,-16725085058552720,0,4256176058815644,0,-544016349602100,0,35983102421247,0,-1246698407475,0,22429236375,0,-200605361,0,835320,0,-1536,0,1 # block t=8341 q=12T48 r=24 k=2
11050839831945129925,0,-31266553471854561450,0,37650362010231134406,0,-25113622561183075998,0,10110190640820611567,0,-2505899384922583252,0,372305536344998924,0,-30319820193855204,0,1055180412950827,0,-2373786818674,0,1442291934,0,-74254,0,1 # block t=8341 q=12T48 r=24 k=2
8821217114237860225,0,-21182180233398544280,0,20157109335615053264,0,-9841665214598646344,0,2670393036945857987,0,-404250820124628752,0,32164556458036000,0,-1183995221282320,0,19591694838339,0,-128805410040,0,270187728,0,-35912,0,1 # block t=8341 q=12T48 r=24 k=2
12365384621665769725,0,-30732624812320371610,0,30900647547784142474,0,-16223844256305853918,0,4810193242795441895,0,-821012614634463340,0,79850183641573548,0,-4143097254449356,0,92683002267115,0,-261218533034,0,215134122,0,-28038,0,1 # block t=8341 q=12T48 r=24 k=2
26184430903947762708956,0,-41912050664705543823976,0,26095624712945480154790,0,-8146279832243594127224,0,1380670095867876588873,0,-126858671959729799276,0,5829874767939251442,0,-110308620898732844,0,900632725082100,0,-2977992073654,0,3403539131,0,-115796,0,1 # block t=8341 q=12T139 r=24 k=2
26077326868648679401,0,-77852144500452721064,0,96404841442839609684,0,-63555581043521967564,0,23683731602579120100,0,-4821763262098360900,0,455551142218579847,0,-10638744547930916,0,54761569174188,0,-98342059884,0,62029164,0,-14776,0,1 # block t=8341 q=12T48 r=24 k=2
3935002577421001,0,9673176905631436,0,8095502636586601,0,2982036640853148,0,588999192525394,0,67717943943772,0,4576589088717,0,169890989572,0,2658674938,0,-6773036,0,-325711,0,-220,0,1 # block t=8342 q=12T48 r=4 k=2
18545691488064181666,0,59960023747397593704,0,11632258578869208288,0,1013531023339957492,0,50929471486157840,0,1607188520180104,0,32425533437966,0,400534334248,0,2513250220,0,103508,0,-87580,0,-232,0,1 # block t=8342 q=12T48 r=4 k=2
10714066847555190784,0,50658686218456178688,0,44647151094528143616,0,16839806503611043904,0,3402249805886039952,0,401640065492521424,0,28331234390930936,0,1157800946388516,0,24563408074361,0,196524183625,0,12600553,0,-19793,0,1 # block t=8342 q=12T48 r=4 k=2
46542919,0,469445191,0,782787366,0,578930511,0,219793430,0,34086062,0,-4921025,0,-3060914,0,-511362,0,-35533,0,-833,0,-5,0,1 # block t=8342 q=12T139 r=4 k=2
15577422549952,0,80544113592992,0,147007472407872,0,130189022039928,0,60404606250140,0,13254400446636,0,549646207379,0,-215885862268,0,-12920132891,0,-260990770,0,-2121509,0,-5871,0,1 # block t=8342 q=12T139 r=4 k=2
216394666168828144,0,814537399940790880,0,261223545096802064,0,37951108629269792,0,3188715876071720,0,169113180237784,0,5810271934616,0,126735923416,0,1599589664,0,8068588,0,-36750,0,-390,0,1 # block t=8342 q=12T139 r=4 k=2
11241209866191301,0,114224139507234230,0,487773971379974627,0,1145779301877888224,0,1622092391650359590,0,1419839342462476034,0,752015050183351899,0,220874559285436544,0,27609001667754514,0,-106080974930,0,-10608097449,0,12,0,1 # block t=8342 q=12T48 r=4 k=2
23319534277968157056196,0,83220553266519257228880,0,73841683346535940881096,0,19471849054286386971120,0,2443324302337714639852,0,167902321887471158280,0,6484492006867993092,0,131931132342802800,0,1097853465055190,0,-34947209700,0,-232971498,0,180,0,1 # block t=8342 q=12T48 r=4 k=2
195921736825,0,562388699980,0,569981897098,0,291999969420,0,85430669471,0,14702072920,0,1410021164,0,56411320,0,-1324217,0,-171300,0,-2326,0,60,0,1 # block t=8342 q=12T48 r=4 k=2
38993672131763,0,14180614342346,0,-18379576176368,0,6015361482686,0,-1090231698109,0,135782356068,0,-12428502312,0,791703164,0,-31068983,0,616178,0,-2728,0,-90,0,1 # block t=8342 q=12T139 r=4 k=2
1,0,-348701,0,-62556589,0,-1598453058,0,-66766824115,0,739318649184,0,-17771978628495,0,-1872283561697,0,76153804896,0,-1181046492,0,7257006,0,-16278,0,1 # block t=8342 q=12T139 r=4 k=2
2906196793,0,56769813744,0,-47919985118,0,8765357968,0,2871647879,0,-1212766816,0,69315908,0,29638688,0,-5842753,0,404080,0,-9398,0,-48,0,1 # block t=8342 q=12T139 r=4 k=2
56497249444554978100,0,526045452476861268140,0,52317477046071849964,0,1394387938621542828,0,-28641496679823764,0,-2357233084792808,0,-48439909203444,0,-272169693334,0,4374176452,0,80418506,0,495724,0,1246,0,1 # block t=8342 q=12T48 r=4 k=2
20096439639241081,0,88273595462433354,0,147634229385411197,0,111164328722058666,0,28330381602787178,0,-7335395566935798,0,-4082024885623155,0,4363646385582,0,128502133114170,0,635867569902,0,794644717,0,55566,0,1 # block t=8342 q=12T48 r=4 k=2
1659348016695013,0,1024824560317977,0,-1047335135289324,0,325463240910727,0,-68780389041490,0,11246314783156,0,-1009473917193,0,33531138728,0,-772304856,0,8030659,0,-59591,0,1,0,1 # block t=8342 q=12T139 r=4 k=2
15850358939730507937,0,65711461379466132656,0,102604049999352983298,0,71610143199221639280,0,18575181313703268943,0,-725386307977817760,0,-437230828907816596,0,-1345358641675296,0,2513657315031279,0,167175412624,0,-1449623422,0,-1200,0,1 # block t=8342 q=12T48 r=8 k=2
638265061719493,0,1584049034852748,0,840262359010449,0,-435705727801456,0,-527332302891086,0,-165154164915308,0,-14996216441587,0,1592929667200,0,282517060730,0,2838084636,0,-290967,0,-3928,0,1 # block t=8342 q=12T48 r=8 k=2
6624069764932,0,3657850565264,0,-9273551522656,0,561176660744,0,2491447558936,0,-469753093112,0,-155116951480,0,18934240064,0,4905460740,0,206112644,0,2273248,0,3084,0,1 # block t=8342 q=12T48 r=8 k=2
383068280924705984,0,-1618062048201325312,0,-8095801213854087664,0,-6832518536008047312,0,-2377835938764595477,0,-382355611441525202,0,-24198580419018901,0,-58390166489784,0,11550171824121,0,21672941642,0,-359840637,0,-1486,0,1 # block t=8342 q=12T139 r=8 k=2
7861885230016,0,-42386579421472,0,92587287205760,0,-99147939770856,0,56638369034128,0,-17504803729122,0,2663504065305,0,-133070479312,0,-3487087257,0,-79705154,0,-1122193,0,-7391,0,1 # block t=8342 q=12T139 r=8 k=2
2804958298047833,0,20640702682701296,0,48175730335241406,0,46800083638117384,0,17450849948887391,0,835838671530192,0,-153688196027084,0,1366588951552,0,138838291079,0,-2333395584,0,-2609554,0,824,0,1 # block t=8342 q=12T48 r=8 k=2
420249882086284,0,2081410756882560,0,4097100818277204,0,4040028945249340,0,2050912611643752,0,485511083738928,0,39591787392312,0,898638395904,0,-5826695292,0,-150870674,0,1221012,0,-2226,0,1 # block t=8342 q=12T48 r=8 k=2
503857943787161281,0,2725783985402476544,0,5530188221286238257,0,5338011458844931068,0,2427641797518535597,0,317021856834427420,0,-103887189208677307,0,-25683260671604180,0,765551136787581,0,2301624705916,0,-434404031,0,-43428,0,1 # block t=8342 q=12T48 r=8 k=2
110272219892861773,0,26081081452971715928,0,1631364905963731159563,0,10551840976244783680110,0,17786986873282215487266,0,-847814468878240867180,0,-411585940169995374101,0,8170862251089963154,0,2374260972203990370,0,13238361958156,0,-95566458197,0,-1914,0,1 # block t=8342 q=12T48 r=8 k=2
706489783678368689425,0,2151161400241122587340,0,1005377003040092754618,0,127056512411179038616,0,7064311875011421651,0,184176945031271904,0,1482692881279740,0,-27175481696952,0,-559101584889,0,-1122126308,0,21341778,0,-9720,0,1 # block t=8342 q=12T48 r=8 k=2
26525039552053235093,0,3522892635214465825994,0,13635386126488845259,0,-791125752949414299012,0,188144391757922217725,0,-12438795007339473564,0,76684339970757085,0,8300656094761372,0,89909716492835,0,331594836006,0,413318826,0,39836,0,1 # block t=8342 q=12T139 r=8 k=2
19786227701,0,-31869467611,0,20776985346,0,-9468836227,0,4541597977,0,-1590682515,0,243214308,0,-3940209,0,-988347,0,19974,0,2502,0,-100,0,1 # block t=8342 q=12T139 r=8 k=2
69332133762823,0,-193383721359980,0,227618443932160,0,-146041906586634,0,54904054546594,0,-12027416968506,0,1420805592319,0,-74534856278,0,1237523010,0,2820710,0,-84075,0,-2080,0,1 # block t=8342 q=12T139 r=8 k=2
3065969,0,406494684,0,1475265970,0,1529486796,0,196765903,0,-277659848,0,-6296068,0,10568952,0,-42849,0,-100372,0,-1422,0,60,0,1 # block t=8342 q=12T48 r=8 k=2
51018739970040256,0,8359018869088920992,0,177854241117205396608,0,-543226556207019770160,0,506564915828210264460,0,-159582559723042711070,0,-1918066847397779,0,4549169085573142848,0,253318569742198171,0,103368510476690,0,11585345963,0,205724,0,1 # block t=8342 q=12T48 r=8 k=2
112984915571293075981079,0,53066677316849282976652,0,-61458156921090747405369,0,18530876243035757432684,0,-2671547011800993233281,0,195485909434162552004,0,-5786175971620634907,0,-60462959973834838,0,5240527108546829,0,4907861620590,0,1137437369,0,65058,0,1 # block t=8342 q=12T48 r=12 k=2
473019740466289,0,0,0,-2685050523745911,0,0,0,2519597566719382,0,0,0,-563004134302351,0,0,0,35825438627734,0,0,0,-165858407,0,0,0,1 # block t=8342 q=12T48 r=12 k=2
3606708280405257800,0,40055126176274462640,0,27461836723648782152,0,6356358560873738224,0,468450364482868772,0,-22848182085153824,0,-3690837813548304,0,14774773118704,0,7811639900146,0,-100159577972,0,266646586,0,-35756,0,1 # block t=8342 q=12T48 r=12 k=2
851193529088,0,945984886784,0,-21327702843456,0,47112753769776,0,-34456035950359,0,6322037689724,0,567756426608,0,-116868168804,0,-10371107810,0,-234788928,0,-1120557,0,3020,0,1 # block t=8342 q=12T139 r=12 k=2
61962402477468278260999,0,-260392810004293911427752,0,-661578847357002803875868,0,102067079994434263655968,0,417409231804552035365733,0,8419508654635651065524,0,-377771455585090855672,0,2505640713826161864,0,2204619814822645,0,-36045309059636,0,-483408648,0,53688,0,1 # block t=8342 q=12T48 r=12 k=2
6058401716587634849,0,-15019828269088661666,0,-9559821878758124333,0,45539848559501800980,0,-16430011293416672579,0,-24562166422644570494,0,11798033250522886071,0,2146675182378385738,0,28889393857493129,0,-19175015074264,0,-2526817233,0,69310,0,1 # block t=8342 q=12T48 r=12 k=2
4096,0,0,0,-2050296832,0,0,0,96578445824,0,0,0,-13962291648,0,0,0,505380000,0,0,0,-148460,0,0,0,1 # block t=8342 q=12T48 r=12 k=2
45668068552177,0,36540562670141504,0,-87099614634595922,0,-1154379249404766384,0,143093615143114975,0,158990940703395920,0,-21314500290630636,0,516771284936720,0,6339019273615,0,2200011824,0,-62654242,0,13792,0,1 # block t=8342 q=12T48 r=12 k=2
297688601192906679910400,0,714420273644309183201280,0,575937246245894109003776,0,193479724392137096331264,0,29940686281033786601472,0,1862372502361675292672,0,-4534234330622681088,0,-3081024279415553024,0,44131316853942464,0,-21403922890304,0,2735169920,0,-99864,0,1 # block t=8342 q=12T48 r=12 k=2
15625000000000000,0,0,0,-7222387476796459008,0,0,0,416408016283823931136,0,0,0,-32950493583352915712,0,0,0,80254148079608944,0,0,0,-1824805960,0,0,0,1 # block t=8342 q=12T48 r=12 k=2
2367488,0,-1949696,0,-16379904,0,2000896,0,30400512,0,9912832,0,-6809216,0,-1412096,0,608288,0,-4352,0,-4872,0,-24,0,1 # block t=8342 q=12T48 r=12 k=2
262144,0,0,0,-1024311296,0,0,0,317896960,0,0,0,-28379840,0,0,0,583952,0,0,0,-3068,0,0,0,1 # block t=8342 q=12T139 r=12 k=2
36748969,0,315584264,0,1044205154,0,1666114968,0,1242075359,0,234371152,0,-160398980,0,-37443280,0,14749591,0,-1217752,0,33026,0,-328,0,1 # block t=8342 q=12T48 r=12 k=2
82610455724032,0,134281228394496,0,-405119512913920,0,-543466692273152,0,609064143154944,0,729701166790656,0,-289761644899264,0,-324708743420736,0,-967859308256,0,18591887904,0,-30340980,0,-23128,0,1 # block t=8342 q=12T48 r=12 k=2
17938157303030868750625,0,0,0,-274780718934967272868608,0,0,0,284825345191025891128071,0,0,0,-1255706797949798470724,0,0,0,1380772801945318891,0,0,0,-12419358348,0,0,0,1 # block t=8342 q=12T48 r=12 k=2
95834188926781264,0,247619046801990144,0,5076098507276912,0,-61170296815421216,0,20476485739776072,0,-3110233719193896,0,255499068074888,0,-11387300253720,0,243218502640,0,-1610114988,0,1064358,0,9230,0,1 # block t=8342 q=12T48 r=16 k=1
3948366502257284752,0,15409823484415273552,0,-15706666695817953940,0,5752884146098192888,0,-964658961914844493,0,55280029490343523,0,4524612273099102,0,-737882307574070,0,22932579224560,0,365938205075,0,66234618,0,-28176,0,1 # block t=8342 q=12T48 r=16 k=1
143103219189193525,0,-475113053563385050,0,-2026306412013948245,0,2493947716707123000,0,-1033670989538029119,0,182913002120806286,0,-11184463778184141,0,-254828190037514,0,26362507392445,0,-14129893304,0,-39122941,0,2306,0,1 # block t=8342 q=12T48 r=16 k=1
76897931930407789521664,0,275741576110695332624912,0,324182547230618526117187,0,92513794331138695689932,0,-63913908140932339576356,0,-26106990514272658196265,0,4890890726360792365888,0,-90504029495719448803,0,413849875812184785,0,-351058534115323,0,19535842935,0,-313901,0,1 # block t=8342 q=12T48 r=16 k=1
221871344859471212,0,6905724708532225736,0,2459741413782229990,0,-7134851373651779076,0,-637600017376897903,0,954833268337495410,0,141588427056406721,0,-5208758515617766,0,58870508752565,0,-251061408028,0,369932531,0,-37772,0,1 # block t=8342 q=12T139 r=16 k=1
5767683693551,0,-15853162578656,0,1931730709066,0,30183139456720,0,-31802111300441,0,9223289403760,0,1153238717508,0,-562216274368,0,-43674364855,0,2388838896,0,-805782,0,-2096,0,1 # block t=8342 q=12T48 r=16 k=1
531441,0,-41251867596,0,757991637256815,0,-49837803492886902,0,472241915349790230,0,956819633447862360,0,375153674555363391,0,-52959399959824506,0,1581641923250358,0,1779195778704,0,-1235527857,0,-28014,0,1 # block t=8342 q=12T48 r=16 k=1
4570033664567415553,0,13459361450345826022,0,442785536744703703,0,-7985089985533615552,0,3827865829976992834,0,-778616063112416094,0,77746411113468783,0,-3622044235786304,0,61505702021118,0,61402900190,0,-203219157,0,-2484,0,1 # block t=8342 q=12T48 r=16 k=1
45139403758837897,0,74476976747576736,0,-19268482874860222,0,-209045522807512,0,393233504633159,0,-27734334896776,0,-1196905314456,0,213722688040,0,-8691683101,0,117604856,0,-146546,0,-624,0,1 # block t=8342 q=12T48 r=16 k=1
59725762127226330441253,0,172357600474720399298384,0,-25194736196155690536978,0,-54915476109998002359960,0,26611926444430903890327,0,-5249478423184808666368,0,522105042897231833140,0,-25651952329234774928,0,492454962617598051,0,20731805625328,0,-42879543362,0,-9240,0,1 # block t=8342 q=12T48 r=16 k=1
37653122734533480448,0,51657187951125446656,0,5611481157199093760,0,-5716328537229266944,0,991837901660722944,0,-81714859283628032,0,3655976939712768,0,-87044069642752,0,913939410480,0,-1399867200,0,-3681264,0,1776,0,1 # block t=8342 q=12T48 r=16 k=1
96122081948899197136100,0,311094456787703833331360,0,349474392901813622503792,0,146914659165258718329976,0,5591850397950671167760,0,-5973862703395225848224,0,464021233810827834760,0,-11546077751847715728,0,103707763104746200,0,-226103737633900,0,99308348096,0,-742632,0,1 # block t=8342 q=12T48 r=16 k=1
3135517997326768,0,3985053887865816,0,-2612862698481776,0,631045221526628,0,-81915899498595,0,6268927842564,0,-279232518024,0,6108774924,0,-3108022,0,-2197164,0,13664,0,352,0,1 # block t=8342 q=12T48 r=16 k=1
3061015303,0,2800373428,0,-1659791304,0,-425662528,0,331580355,0,-27478736,0,-16268156,0,4843204,0,-568337,0,29668,0,-240,0,-36,0,1 # block t=8342 q=12T48 r=16 k=1
2358809,0,15603254,0,26682579,0,-5081216,0,-26829427,0,5878606,0,7257027,0,-3906218,0,785897,0,-78048,0,4019,0,-102,0,1 # block t=8342 q=12T48 r=16 k=1
969503362844916895153,0,-2943380635242372366216,0,3716282914203130973180,0,-2500178707949727266010,0,947405636437672498680,0,-193002810059794184196,0,17045734827500384923,0,-155384340021159000,0,458265317813220,0,-424731378330,0,155438588,0,-21624,0,1 # block t=8342 q=12T48 r=24 k=0
7207714816,0,-16233463808,0,15775100928,0,-8858159104,0,3224917760,0,-805618176,0,142028736,0,-17841632,0,1587280,0,-97632,0,3944,0,-94,0,1 # block t=8342 q=12T48 r=24 k=0
348667477877997568,0,-1263087167913132032,0,1769873423582171136,0,-1205171992342231040,0,415265262416357632,0,-70835891038136576,0,5464251858203200,0,-177453929212864,0,2125910481344,0,-10600609008,0,20607604,0,-10028,0,1 # block t=8342 q=12T48 r=24 k=0
74417352657353596273,0,-197040282839842346212,0,207981215940232402153,0,-113530436008605322356,0,35032052635264453606,0,-6322774906727982868,0,659054619884258709,0,-36598595687814316,0,840880953118966,0,-846206297164,0,274436633,0,-29468,0,1 # block t=8342 q=12T48 r=24 k=0
174314977017518291,0,-565503287815288539,0,778971569657910530,0,-589583901057388555,0,264275865478427120,0,-70033306264708129,0,10179044275223962,0,-647030152060393,0,5852838624112,0,-17264852265,0,19509350,0,-7910,0,1 # block t=8342 q=12T139 r=24 k=0
4061959596027744256,0,-7644209857668890624,0,5573565004891435008,0,-1969034060983140352,0,345663937447769344,0,-28526859026360064,0,1083437065704064,0,-20989781906112,0,219732024784,0,-1235781776,0,3416728,0,-3612,0,1 # block t=8342 q=12T48 r=24 k=0
133122141898782450688,0,-278192831725958766592,0,231255840516197272512,0,-97542122451315349856,0,22186182640786067228,0,-2704190319512997924,0,167811743198901375,0,-4738548288317476,0,54135002117851,0,-189155842293,0,110486531,0,-20804,0,1 # block t=8342 q=12T48 r=24 k=0
5512932945920,0,-15424150220800,0,18117782529024,0,-11580595860480,0,4369308796416,0,-991034707200,0,133216007232,0,-10323268096,0,444602752,0,-10173392,0,116876,0,-592,0,1 # block t=8342 q=12T48 r=24 k=0
31876513982163156217381,0,-60379672620496666397802,0,45509309770272556355699,0,-17494610834589316056834,0,3636810447715537606962,0,-394257696932269989420,0,18578672007541397728,0,-158232183986409360,0,455205987950751,0,-422429714766,0,154863977,0,-21648,0,1 # block t=8342 q=12T48 r=24 k=0
2006832369075411577,0,-4982529912260634636,0,4479361720812161920,0,-1847944714948964876,0,399715764626362464,0,-47629934386332368,0,3104567082554046,0,-105674339243788,0,1819837968832,0,-14768337692,0,45935800,0,-13232,0,1 # block t=8342 q=12T139 r=24 k=0
584992326925975,0,-1583651126438505,0,1745200442480648,0,-1008510407447300,0,329198041684804,0,-61218904182459,0,6248798103971,0,-322777937321,0,7500955944,0,-83205390,0,449232,0,-1111,0,1 # block t=8342 q=12T139 r=24 k=0
4953452692684,0,-10487092190488,0,9313875858898,0,-4562524358608,0,1364675485683,0,-260540122928,0,32232109023,0,-2569868020,0,128728079,0,-3836956,0,61131,0,-420,0,1 # block t=8342 q=12T139 r=24 k=0
446092252392326712607,0,-2369862545908470736798,0,5277545462833504183263,0,-6343013990954342464523,0,4394635639986322479192,0,-1720489716451129699839,0,337994113216328762718,0,-22945678446417785280,0,44608162419599726,0,-20987839695597,0,2800844113,0,-100730,0,1 # block t=8342 q=12T139 r=24 k=0
84067145610703065609262,0,-146397999617495235329440,0,97961571095185100039504,0,-31247254180757946945448,0,4746406543887351766232,0,-300690483061740105028,0,8007354301013986804,0,-100159220051608352,0,594579565057096,0,-1407406055620,0,367232710,0,-33200,0,1 # block t=8342 q=12T48 r=24 k=0
608938719518345780800,0,-1470241267831169432320,0,1388314469076890217088,0,-663106756553808273280,0,175305546943359905904,0,-26288744818893187136,0,2182212219227532288,0,-91933604143471680,0,1528553138110252,0,-1292388440128,0,356596600,0,-33432,0,1 # block t=8345 q=12T48 r=24 k=2
7833569228878334672977,0,-27685380203188874656300,0,36865120114488985214498,0,-22363612087207545102124,0,5719886359766079758959,0,-380192760125808486040,0,10753919345089510268,0,-144850763967673528,0,894679550718879,0,-1974452496956,0,471954690,0,-38172,0,1 # block t=8345 q=12T48 r=24 k=2
3741867376032623176699,0,-8706551232187640207836,0,8388509337764545810989,0,-4309017998210068927432,0,1262846534271200369751,0,-208500876451596830980,0,17707553533109692153,0,-620236344907027882,0,7558123349608837,0,-5594022700208,0,1227888861,0,-65202,0,1 # block t=8345 q=12T48 r=24 k=2
214679987758114685649,0,-601325775505411295508,0,676208274478576416594,0,-392342683208190356820,0,124720442570203936015,0,-20927453553000797032,0,1540304499851304380,0,-20167215165749512,0,89098955081215,0,-124414534916,0,68623634,0,-14372,0,1 # block t=8345 q=12T48 r=24 k=2
71062454648438591719684,0,-140899534726314068472320,0,114124987808818648885168,0,-48860391648834669181152,0,11972699600538108128780,0,-1707048035668294503640,0,138516068830079673676,0,-5889762614005617880,0,102008985517856898,0,-37881600950204,0,4186997958,0,-119192,0,1 # block t=8345 q=12T48 r=24 k=2
965530786837,0,-3037629336224,0,4022450019440,0,-2906017096744,0,1240424034264,0,-316538706532,0,46771808899,0,-3780756608,0,168189996,0,-4140956,0,55544,0,-376,0,1 # block t=8345 q=12T48 r=24 k=2
4096,0,-6078464,0,-1039612928,0,-138399744,0,-79168256,0,109813760,0,-22228160,0,27453440,0,-4948016,0,-2162496,0,-4060988,0,-5936,0,1 # block t=8347 q=12T58 r=4 k=0
477684504431821,0,467700866469165,0,-278688739118759,0,-376078989261810,0,-148995162222857,0,-30006877692537,0,-3230326398835,0,-142616598261,0,1475015293,0,38516211,0,721002,0,2187,0,1 # block t=8347 q=12T58 r=4 k=0
856104152751,0,-8371811330640,0,-10023092759844,0,1131541815240,0,-532010606337,0,-193251873357,0,-13268098890,0,3491958114,0,259216848,0,-37037169,0,-6208353,0,-90783,0,1 # block t=8347 q=12T58 r=4 k=0
73685605146518029,0,192135163726815722,0,110309174157535626,0,28125071315627650,0,3719074754782639,0,256976993030422,0,8321494522900,0,107388729288,0,2056971834,0,-4289220,0,-555438,0,-262,0,1 # block t=8347 q=12T58 r=4 k=0
1211024371712,0,2591706595328,0,961236291584,0,-212295027712,0,-86390529024,0,36114501120,0,4539060736,0,-1467403072,0,113817936,0,-3747632,0,57880,0,-400,0,1 # block t=8347 q=12T58 r=4 k=0
3461110669249,0,23812662251424,0,36454806896960,0,26594384001264,0,11232422275860,0,2943654001344,0,479512973136,0,44871639168,0,1813852298,0,-6197550,0,-206189,0,36,0,1 # block t=8347 q=12T58 r=4 k=0
399070926063370387087,0,1489582317890318064029,0,890393446195991242762,0,222355897012334731381,0,27080158040322797471,0,1528436755904426942,0,24916485114930226,0,-486928296150055,0,2086793935112,0,-5308438507,0,21915144,0,-15212,0,1 # block t=8347 q=12T58 r=4 k=0
72064837015009,0,402131112855500,0,244935263931389,0,-800125997928512,0,420472929305866,0,-80564886676646,0,7826062056785,0,-293075416100,0,1066738138,0,-61849374,0,138380,0,-425,0,1 # block t=8347 q=12T58 r=4 k=0
4449448643309,0,20509287218784,0,32714231311440,0,25689283036124,0,12154878231411,0,3856388941245,0,868011786306,0,141100912524,0,16213414356,0,1195961117,0,42470871,0,-320109,0,1 # block t=8347 q=12T58 r=4 k=0
5560863623176634821,0,13528988879610645870,0,9752276620252565787,0,3223979498825873240,0,548238514954596912,0,46727866968191190,0,1604580882952173,0,3986971145640,0,94631628141,0,-336165700,0,-6722214,0,60,0,1 # block t=8347 q=12T58 r=4 k=0
10108482126106624,0,49952212317855744,0,25038128394413056,0,5566528092143616,0,687348745441280,0,50185911080448,0,2117860095168,0,44073841152,0,114041648,0,-9432960,0,-72272,0,144,0,1 # block t=8347 q=12T58 r=4 k=0
36681702721885023349819,0,32898729338314778217253,0,-14172796758811658239242,0,2209742536675425139429,0,-179883716353454250010,0,8322756960460148444,0,-215706085661076919,0,2793322367539089,0,-13229716448997,0,26694308305,0,-4760993,0,-1010,0,1 # block t=8347 q=12T58 r=4 k=0
4360398935930617,0,19662780821940372,0,23490010106086730,0,12537373306729044,0,3309045196139935,0,381783383488872,0,1469932254892,0,-2819618600952,0,-117397030457,0,9677700,0,322986,0,36,0,1 # block t=8347 q=12T55 r=4 k=0
392897539,0,846801798,0,193144136,0,-339417286,0,129202051,0,133068700,0,-95982680,0,-17136748,0,3863289,0,-188034,0,144,0,146,0,1 # block t=8347 q=12T58 r=4 k=0
16325877790809,0,37896624604053,0,24564863585745,0,3342569098800,0,501609833217,0,202039669842,0,34328427521,0,8414533749,0,1311076098,0,95552890,0,11607330,0,-134784,0,1 # block t=8347 q=12T58 r=4 k=0
1019560878865240064,0,-4659210959533983744,0,7390266562173071360,0,-4095237340388734976,0,805747122008594432,0,-44879122098058752,0,453341039864384,0,-11316014549568,0,126069043296,0,-766929760,0,1843988,0,-1956,0,1 # block t=8347 q=12T55 r=8 k=2
524708664409,0,3141212272054,0,5990751581278,0,4137689532133,0,712695448396,0,-72870795911,0,-38561774482,0,-8980381751,0,-14938338,0,8756635,0,71196,0,-879,0,1 # block t=8347 q=12T58 r=8 k=2
531441,0,0,0,-327899097,0,0,0,-5027812398,0,0,0,-714931029,0,0,0,21074094,0,0,0,-13149,0,0,0,1 # block t=8347 q=12T58 r=8 k=2
68664923015599,0,122580280702459,0,61520753854877,0,6180035212915,0,-3023234502689,0,-808658972171,0,-50478944125,0,1455597424,0,97301041,0,-5181530,0,108761,0,-671,0,1 # block t=8347 q=12T58 r=8 k=2
4096,0,0,0,7372433408,0,0,0,-13838132248576,0,0,0,749597807360,0,0,0,415561808,0,0,0,-257648,0,0,0,1 # block t=8347 q=12T58 r=8 k=2
202603243310004629,0,508127646488019090,0,-57773140884493403,0,338671328922810,0,241083108028170,0,-15108660448882,0,380188563098,0,-2455925472,0,-80301631,0,1697930,0,-5319,0,-130,0,1 # block t=8347 q=12T58 r=8 k=2
499071560068297112542075,0,-795008616327462652731505,0,487554286290342991807017,0,-149571994161247159682308,0,25108506502773844413340,0,-2204648327963005072807,0,94866608765952142962,0,691794241780670526,0,1639952743843439,0,1454276916458,0,360965730,0,-113587,0,1 # block t=8347 q=12T58 r=8 k=2
54488970599228239068031,0,-86180039533622775847656,0,65677023872999119342508,0,-27665929241569627486165,0,4922340765345834203387,0,-249907684356196540939,0,2552140385612447604,0,-3965671148242360,0,-15931585609447,0,-59790086814,0,11528591,0,5730,0,1 # block t=8347 q=12T55 r=8 k=2
30961664,0,-99784704,0,140034048,0,-115363840,0,62797824,0,-23939712,0,6576960,0,-1314720,0,189984,0,-19360,0,1320,0,-54,0,1 # block t=8347 q=12T58 r=8 k=2
9480241,0,0,0,-6368745634,0,0,0,-4874978048,0,0,0,6316890296,0,0,0,21425937,0,0,0,-62492,0,0,0,1 # block t=8347 q=12T58 r=8 k=2
3210524721571033088,0,-3864966123641616384,0,799897622422317056,0,-80635881505664512,0,4963262471099648,0,-204931657010432,0,5936739179840,0,-122917797952,0,1817310288,0,-18793048,0,129416,0,-534,0,1 # block t=8347 q=12T58 r=8 k=2
198727646605413662125,0,-222514854586473998224,0,39563398545093984449,0,-2760455184983871128,0,76650863324939517,0,96666838938824,0,-45027828602768,0,539101636286,0,7891419493,0,-153847786,0,811232,0,-1758,0,1 # block t=8347 q=12T55 r=8 k=2
142661306756481193184869,0,184587165260267068132836,0,9943544083011835390110,0,-276654838301734840380,0,-3717920480253719834,0,87501600144761724,0,426809354533846,0,-9121188019956,0,-22516437365,0,236306064,0,1160912,0,1848,0,1 # block t=8347 q=12T55 r=8 k=2
841,0,0,0,601121427,0,0,0,-653351575546,0,0,0,44406555460,0,0,0,-69986157,0,0,0,-5437,0,0,0,1 # block t=8347 q=12T58 r=8 k=2
589159,0,1700706,0,-145072,0,-2795490,0,-286676,0,719928,0,245282,0,-4842,0,-14560,0,-2502,0,-97,0,12,0,1 # block t=8347 q=12T58 r=8 k=2
595043723523816148217,0,363860017228315421680,0,-1121782811619312778364,0,-937058418326091477116,0,-27263727581353870458,0,20500279852294238796,0,1332059669814932994,0,27564580634065692,0,199051796719029,0,338461917672,0,190936174,0,30244,0,1 # block t=8348 q=12T55 r=4 k=2
7403915383681024,0,18902363569995776,0,4920037880176640,0,377795711674368,0,-1419217329920,0,-1560811566080,0,-73900996352,0,-535468544,0,61575328,0,2369120,0,38856,0,312,0,1 # block t=8348 q=12T55 r=4 k=2
531441,0,-11691702,0,-126482958,0,16435305,0,-19965123,0,11637027,0,-1342089,0,1293003,0,-246483,0,22545,0,-19278,0,-198,0,1 # block t=8348 q=12T58 r=4 k=2
15186331,0,51795213,0,64371972,0,41626760,0,15726672,0,3234537,0,101661,0,-142407,0,-43758,0,-6340,0,-438,0,-3,0,1 # block t=8348 q=12T58 r=4 k=2
6241,0,0,0,-663435,0,0,0,-2285996,0,0,0,-213519,0,0,0,-3963,0,0,0,46,0,0,0,1 # block t=8348 q=12T58 r=4 k=2
6580173910909,0,3028994382374,0,-6724580113427,0,2787013137386,0,-330172616816,0,-60356933258,0,21054234203,0,-1918651636,0,14033413,0,3881218,0,75610,0,484,0,1 # block t=8348 q=12T58 r=4 k=2
4603,0,-34058,0,26719,0,104424,0,-302767,0,-621394,0,-374115,0,-93836,0,-16332,0,-1256,0,179,0,33,0,1 # block t=8348 q=12T58 r=4 k=2
14507145975869,0,-3687442779537646,0,230206531248459585,0,877115454789887110,0,711004162197946497,0,-153284170373753164,0,17750903914354029,0,-328322866524832,0,-4826064393417,0,-19946973760,0,-5951525,0,312,0,1 # block t=8348 q=12T58 r=4 k=2
1092251286206375,0,2321461197630625,0,1698258461363450,0,619231898228225,0,126489087222565,0,14711636433540,0,900586210776,0,21176131489,0,-26936090,0,16789635,0,743120,0,-2336,0,1 # block t=8348 q=12T58 r=4 k=2
51071026809494947875075,0,73373348405085282744120,0,-3800891720209290079431,0,51055251014372600296,0,968575126609803827,0,-46624688643451480,0,825737769043120,0,-8677320433744,0,59430924843,0,-269425934,0,783456,0,-1328,0,1 # block t=8348 q=12T58 r=4 k=2
520181,0,3382116,0,7401929,0,8128504,0,5008783,0,1680248,0,202282,0,-52816,0,-22165,0,-2440,0,54,0,24,0,1 # block t=8348 q=12T58 r=4 k=2
92439110861323,0,1262131112433848,0,1687374403327120,0,-39778124512860,0,-59810864478239,0,-1829257893688,0,463825063740,0,37031833952,0,1151772490,0,18197588,0,151994,0,628,0,1 # block t=8348 q=12T55 r=4 k=2
3694501,0,-13051768,0,1256620,0,1782678840,0,-6369577271,0,-2813656631,0,-2250602897,0,120627721,0,-114490466,0,22891425,0,-13408658,0,-10258,0,1 # block t=8348 q=12T58 r=4 k=2
180043856119,0,347018707694,0,10497001116,0,-206491650422,0,44397716203,0,86396568908,0,-16449530384,0,-8318898284,0,115895837,0,351782,0,137588,0,898,0,1 # block t=8348 q=12T58 r=4 k=2
9812154799,0,21859586460,0,17309074863,0,6690217470,0,1287654672,0,64866576,0,-23284681,0,-5464374,0,-518325,0,-20724,0,172,0,42,0,1 # block t=8348 q=12T58 r=4 k=2
641379342619964992,0,-2443998078766041408,0,3505598253370769136,0,-2228800315313060320,0,509541432352142076,0,16470493679069388,0,-185020052597967,0,-3195852754248,0,150436391094,0,1174568690,0,3153717,0,3090,0,1 # block t=8349 q=12T58 r=0 k=2
9189861960761,0,13362015629112,0,7989303973801,0,2710163067931,0,591790947641,0,88384877025,0,9286134161,0,690743397,0,35893870,0,1254146,0,27180,0,305,0,1 # block t=8349 q=12T58 r=0 k=2
2896208000119771,0,7965907850314176,0,8965421304291221,0,5360391484917182,0,1858334890360651,0,382787505547678,0,45155146969002,0,2638776987231,0,53194781937,0,573024235,0,3904642,0,5194,0,1 # block t=8349 q=12T58 r=0 k=2
100676141056,0,219448999936,0,196066525184,0,93492232192,0,26502716416,0,4947844608,0,699234880,0,78263808,0,6305888,0,324784,0,9812,0,156,0,1 # block t=8349 q=12T58 r=0 k=2
5579926533271,0,13915993846458,0,15261823613065,0,9755812104420,0,4028986511297,0,1105340832894,0,195117727656,0,20252939286,0,1076322968,0,25163334,0,237175,0,894,0,1 # block t=8349 q=12T58 r=0 k=2
233209431177582339,0,546438734358164658,0,371884141414148880,0,24852466492478678,0,-25001519593941533,0,12554218495188404,0,4459482892043224,0,81627706875116,0,513221086553,0,2068321338,0,10118872,0,10142,0,1 # block t=8349 q=12T58 r=0 k=2
4306733314997,0,5809007836504,0,2385345721822,0,302897202224,0,22245324855,0,302622992,0,16460564,0,-14547904,0,-1011917,0,123096,0,9198,0,80,0,1 # block t=8349 q=12T58 r=0 k=2
78074543,0,132292800,0,99637410,0,54862252,0,22813509,0,4253036,0,-25881,0,134370,0,61994,0,-2382,0,-215,0,38,0,1 # block t=8349 q=12T58 r=0 k=2
44312568655938865309,0,40499293145512249050,0,6840412924680399075,0,563241593215909268,0,28234184665147738,0,946270500125146,0,22181853048275,0,370590772672,0,4410322355,0,36632646,0,202248,0,668,0,1 # block t=8349 q=12T58 r=0 k=2
5290920223248070153,0,-10919572679845689598,0,8653840328914952037,0,-3221895850638316066,0,541670652287475874,0,-31958276710571596,0,1055769843401211,0,-29243432114442,0,546381703284,0,-1838558234,0,1233984,0,3088,0,1 # block t=8349 q=12T58 r=0 k=2
368171010265407629775925,0,365254477200553450307350,0,27452640389807099830211,0,979426626407054440702,0,21406985166044884317,0,316269953276877290,0,3299127319151640,0,24661552114776,0,131317228334,0,484724548,0,1170985,0,1646,0,1 # block t=8349 q=12T58 r=0 k=2
14831646489888653,0,13395778068836828,0,3423267032835445,0,459520472631529,0,39544885708107,0,2412842424893,0,110684068919,0,3923023454,0,106916568,0,2159645,0,30150,0,257,0,1 # block t=8349 q=12T55 r=0 k=2
1431533010988577,0,1212406805249556,0,238747521397014,0,4616410196664,0,4004515871629,0,-594563881716,0,50248143450,0,-4041310820,0,282209334,0,-11794364,0,237140,0,-736,0,1 # block t=8349 q=12T58 r=0 k=2
13369999,0,44811218,0,72939072,0,77698743,0,58340567,0,30915055,0,11462174,0,2950156,0,517613,0,59362,0,4073,0,136,0,1 # block t=8349 q=12T58 r=0 k=2
55284660417273897061,0,71787203258656145310,0,18848405322015178671,0,2428141693238707320,0,189880167643645557,0,9843549065070030,0,351763382783691,0,8756899998750,0,149800212057,0,1684504080,0,11245743,0,33930,0,1 # block t=8349 q=12T58 r=0 k=2
66190637914231472699,0,117090195011740799704,0,29592429790784109100,0,3163884881072034864,0,176144157441873767,0,5682919530007976,0,123380687958064,0,1911721847312,0,10357392437,0,-72953824,0,-287868,0,336,0,1 # block t=8349 q=12T55 r=4 k=2
6346954778788837,0,38427849924755828,0,96523855581287062,0,128505216037731132,0,95142792320417975,0,36441227615082152,0,4932984173664980,0,-488808041145352,0,-61100558845853,0,148765860,0,14876630,0,12,0,1 # block t=8349 q=12T55 r=4 k=2
1,0,-2968,0,-1015247,0,-270312,0,-309251,0,857920,0,-347315,0,857920,0,-309251,0,-270312,0,-1015247,0,-2968,0,1 # block t=8349 q=12T58 r=4 k=2
108287397611,0,397385210586,0,483809436080,0,296797289334,0,105676260307,0,23006398436,0,3067925816,0,238652428,0,9321153,0,79394,0,-5224,0,-98,0,1 # block t=8349 q=12T58 r=4 k=2
102730885290748459,0,81605665468499565,0,-44202397622921712,0,8974611603486370,0,-1039349411128578,0,77850672138579,0,-3969082708771,0,139851645819,0,-3364781610,0,52834904,0,-486018,0,1923,0,1 # block t=8349 q=12T58 r=4 k=2
863998859647805125,0,4018861750177630000,0,2386962631436524650,0,596904418019976800,0,75272439287498105,0,4739859840160740,0,120093791157514,0,315349010508,0,20527770366,0,197772936,0,-2816272,0,-804,0,1 # block t=8349 q=12T58 r=4 k=2
8012461765722259,0,-9068813279881726,0,-12421483854830601,0,22151555251753172,0,-9976550479174345,0,1370687213466528,0,-141683331838388,0,1084714132212,0,-57533349355,0,31999732,0,-1044048,0,-20,0,1 # block t=8349 q=12T58 r=4 k=2
165375341,0,-11614214,0,-1351429593,0,1607166558,0,1016275062,0,-788610886,0,-149454342,0,133695752,0,11196436,0,-729258,0,-30652,0,42,0,1 # block t=8349 q=12T58 r=4 k=2
146819429607389819729,0,4339711028471132909797,0,40256721806570409145419,0,68659284371549495661281,0,33303469407102296082113,0,1136114187257951376179,0,43786866319689429289,0,-751305251111498308,0,1504591617321307,0,-3576949910424,0,533003057,0,-38829,0,1 # block t=8349 q=12T58 r=4 k=2
2805357911441958673,0,103155737453719303144,0,195095859759197233258,0,153095404417715874744,0,61647939878236796855,0,12567664868742724192,0,969955677478817000,0,-16574924837676944,0,-1035927511688873,0,881778360,0,44089094,0,24,0,1 # block t=8349 q=12T55 r=4 k=2
11047876640289,0,25388730421460568,0,343679259353629410,0,1021413319834054410,0,232758220024076175,0,-74919004671396366,0,-24104463326342847,0,-1501717408152462,0,22429577768310,0,-60992591652,0,45070821,0,26112,0,1 # block t=8349 q=12T58 r=4 k=2
3019346639,0,1980872691,0,-4952527941,0,-99434101,0,2762945307,0,-1197200142,0,-46573881,0,127736865,0,-18145869,0,-3251710,0,771045,0,-13293,0,1 # block t=8349 q=12T58 r=4 k=2
1775118867177631744,0,3238817084905881600,0,1841672463536836608,0,493177026102712320,0,69188274903713024,0,4972703304513024,0,153052252418944,0,1034706265344,0,18314582544,0,-180080880,0,-2999764,0,72,0,1 # block t=8349 q=12T58 r=4 k=2
531441,0,0,0,13804711416,0,0,0,-594046691856,0,0,0,-15222956859,0,0,0,-41742540,0,0,0,-13086,0,0,0,1 # block t=8349 q=12T58 r=4 k=2
10423462145109058486208,0,16193184243845408315840,0,5369062105305710314496,0,773840312888217852144,0,55140175063195745624,0,1771354349859968278,0,9693480789917173,0,-436504416398835,0,2032335747927,0,-3723131240,0,20610540,0,-14999,0,1 # block t=8349 q=12T58 r=4 k=2
32920410804494113348577,0,275393615109228724670340,0,-33184638347881230624900,0,-556725224938578842328,0,210030071462382752818,0,-8151574963888074152,0,38945690503467778,0,1507218312515548,0,9175172761369,0,23064413996,0,24898998,0,8916,0,1 # block t=8349 q=12T55 r=8 k=2
159813210975625000000,0,0,0,2292510592162975000000,0,0,0,-5272302475569496750000,0,0,0,2689168372331372850000,0,0,0,-566962966329078000,0,0,0,639895700,0,0,0,1 # block t=8349 q=12T55 r=8 k=2
465301838431929071,0,1034254826163789470,0,579174899287182188,0,124940325002910365,0,-2989768303704507,0,-9592312010840145,0,-2433760072925300,0,-192327930209780,0,2416337804849,0,-11989008030,0,31939267,0,-15070,0,1 # block t=8349 q=12T58 r=8 k=2
1381306750030799,0,-1832459013916824,0,959807781881295,0,-281484714530749,0,52877126250984,0,-6779434625211,0,610479410136,0,-38816959692,0,1714285182,0,-50226847,0,881307,0,-7062,0,1 # block t=8349 q=12T58 r=8 k=2
765213913945865321,0,609375606322313026,0,-229134710609674933,0,30583913702183184,0,-2010729381077711,0,60956537089126,0,89120832116,0,-66745596588,0,2034628243,0,-24105162,0,50828,0,718,0,1 # block t=8349 q=12T58 r=8 k=2
197327204105101897,0,257308984005844904,0,33774886202109830,0,-268599304491168,0,-146796501465260,0,-2453481884336,0,161190692068,0,4039359184,0,-39461717,0,-1556800,0,-2496,0,168,0,1 # block t=8349 q=12T55 r=8 k=2
28449387144571,0,126953006695737,0,167391779559342,0,99897534991805,0,26074975156246,0,-1937142470010,0,-3120402713075,0,-570777428197,0,9109571342,0,-373712176,0,4381623,0,-5680,0,1 # block t=8349 q=12T58 r=8 k=2
92747672086900092191,0,-82411574956295994885,0,16896427126491204861,0,-1724738645546754538,0,107351364878246001,0,-4438413944991471,0,126653254728675,0,-2520715233729,0,34533776703,0,-312043219,0,1688004,0,-4263,0,1 # block t=8349 q=12T58 r=8 k=2
313441615099146304,0,949033284951172800,0,556248532415100960,0,142620775216516192,0,18698090116466592,0,1224425676272976,0,29327713093248,0,-379777033152,0,-14895729432,0,9631120,0,1638552,0,-2562,0,1 # block t=8349 q=12T58 r=8 k=2
7909011059039,0,24138322731612,0,23671504713587,0,4585735958136,0,-8061641865075,0,-8864952272890,0,-3882501257914,0,-5102008036,0,26385382263,0,3216264,0,-710148,0,-10,0,1 # block t=8349 q=12T58 r=8 k=2
6542667,0,-7196058,0,4504776,0,-1746478,0,692659,0,-156612,0,-106680,0,22116,0,3265,0,318,0,48,0,-22,0,1 # block t=8349 q=12T58 r=8 k=2
61288426249,0,12113787948028,0,28102854419883,0,18697759654200,0,-862110546029,0,-4765334880952,0,-1416359081865,0,-137456774758,0,1414214456,0,80998210,0,427189,0,-1963,0,1 # block t=8349 q=12T58 r=8 k=2
17401831,0,10263838,0,-67086375,0,-107461272,0,-57586918,0,-8666508,0,1683836,0,506588,0,30894,0,-1732,0,-434,0,-8,0,1 # block t=8349 q=12T58 r=8 k=2
711878408189618968,0,1909477947089983552,0,850149049540150536,0,90835442839639632,0,-2900669020717716,0,-341004444752232,0,4186027629008,0,168353038440,0,-350130216,0,-17382332,0,-11566,0,428,0,1 # block t=8349 q=12T55 r=8 k=2
8206410456901,0,11748475012110,0,-84610353770002,0,-156336079909076,0,-106928982561775,0,-36966700467157,0,-7164766668207,0,-684500484339,0,7823314020,0,198458785,0,451602,0,-2382,0,1 # block t=8349 q=12T58 r=8 k=2
128957374165381,0,-290874658456784,0,264070130386270,0,-126057222555336,0,34534297911319,0,-5565136463104,0,527664202324,0,-29509611824,0,969379331,0,-18070384,0,174254,0,-712,0,1 # block t=8349 q=12T58 r=16 k=2
445638196549163992743,0,1945995475795142922180,0,-2429856105835747858434,0,-841185386143967556972,0,-73471633186313602854,0,-108737709110765892,0,125908942845841902,0,-1867330424986632,0,10107357839307,0,-24051453336,0,24777684,0,-9072,0,1 # block t=8349 q=12T55 r=16 k=2
255543797494651,0,-653823623824506,0,689956020974130,0,-385284357316454,0,121368494742759,0,-21333051527076,0,1989550145544,0,-99088284366,0,2689734051,0,-40708856,0,313929,0,-1038,0,1 # block t=8349 q=12T58 r=16 k=2
208357009488177182177,0,2443603987569678876880,0,1208544126046517831640,0,107959575703350406936,0,-21796378113184048482,0,-1987356044871494324,0,158713531971393402,0,-1920253964137176,0,9515196393929,0,-22406090228,0,23864562,0,-8692,0,1 # block t=8349 q=12T55 r=16 k=2
4394594513745548536,0,-7073357896371691232,0,4594476818534546896,0,-1575849137367575568,0,307112209704120460,0,-34013625321967832,0,2033097962589036,0,-58518433202600,0,620174860456,0,267207040,0,-1572520,0,-244,0,1 # block t=8349 q=12T55 r=16 k=2
2626099687231,0,-6101514461874,0,5636455146789,0,-2615325576350,0,622893050627,0,-65129092836,0,435441362,0,317239734,0,-8562909,0,-554092,0,24844,0,-288,0,1 # block t=8349 q=12T58 r=16 k=2
295576953729359,0,-659238390360176,0,607456796732952,0,-302747013376520,0,90054518303151,0,-16465557704017,0,1729750891119,0,-72298104167,0,-1500879524,0,41232045,0,496172,0,-1936,0,1 # block t=8349 q=12T58 r=16 k=2
36385526857969759,0,-164296255600465731,0,301832423151506277,0,-288439740844891645,0,151929708871522761,0,-42969766254478236,0,5828790101752590,0,-272165065029981,0,1483097909526,0,-4326312625,0,11057526,0,-8781,0,1 # block t=8349 q=12T58 r=16 k=2
672424666969588231,0,-1161345478306163784,0,749094397518389861,0,-238212351557186508,0,38845028734547038,0,-2935609432211046,0,60818832706674,0,1926803942352,0,-20172900150,0,-230508324,0,2296910,0,-2946,0,1 # block t=8349 q=12T58 r=16 k=2
411981412189638089,0,-853157665531225953,0,711627358229230829,0,-317215152911255167,0,86738722208723976,0,-15450248720827606,0,1579646441376825,0,-71983583165200,0,917886112274,0,-5210739627,0,16737501,0,-10611,0,1 # block t=8349 q=12T58 r=16 k=2
5665163156460149996681,0,9872478883689450678672,0,-2207050347723903408060,0,181003771089984683544,0,-6903886377855763625,0,112283731600203328,0,-113440157982608,0,-13593636396032,0,55465090768,0,328933880,0,-1473858,0,-264,0,1 # block t=8349 q=12T55 r=16 k=2
19835295103,0,-77078322334,0,126251217833,0,-113814662000,0,61985305408,0,-21149477570,0,4562502333,0,-614825552,0,49475380,0,-2199102,0,47653,0,-404,0,1 # block t=8349 q=12T58 r=16 k=2
69000205965981953,0,-72436871748329088,0,21024932377599098,0,-3103891314389632,0,281434965925477,0,-17066509566080,0,721835673430,0,-21666789632,0,460888313,0,-6802880,0,66315,0,-384,0,1 # block t=8349 q=12T58 r=16 k=2
111920036247571,0,-320765548816453,0,357559874236714,0,-221849534321372,0,110041169709869,0,-47652474570400,0,12035459329446,0,-1194998720895,0,33702005544,0,-459832862,0,4160929,0,-5393,0,1 # block t=8349 q=12T58 r=16 k=2
1581965634207004411,0,-1419786144261817570,0,362402368761408620,0,-45781859297610997,0,3446551199706490,0,-173818070640231,0,6672585290769,0,-217879242300,0,5811254811,0,-104005638,0,940624,0,-2129,0,1 # block t=8349 q=12T58 r=16 k=2
22360064,0,-48611328,0,49233920,0,-31123456,0,13753600,0,-4505600,0,1134592,0,-223232,0,34688,0,-4160,0,384,0,-24,0,1 # block t=8350 q=12T55 r=0 k=2
142622684346184225,0,140802734348008000,0,36224981565349353,0,4772665030938112,0,391341396509212,0,21765599238336,0,856162011681,0,24224869632,0,492108333,0,7024000,0,67006,0,384,0,1 # block t=8350 q=12T58 r=0 k=2
67156790593245972887399,0,42025783521574378114408,0,3831267947759632983019,0,167853670831073292300,0,4467677495060554529,0,79520594829710334,0,990546561669770,0,8797755470336,0,55665333907,0,245737142,0,720474,0,1262,0,1 # block t=8350 q=12T58 r=0 k=2
16495333806621591,0,22019725404376470,0,9450353976011337,0,2636670886128280,0,-1025971167304985,0,-181860941745164,0,64868972556901,0,2605329405130,0,34247700047,0,256665180,0,2528725,0,5062,0,1 # block t=8350 q=12T58 r=0 k=2
647904150489679,0,1336687758948059,0,835490578287359,0,63776111221463,0,-71315030562096,0,3576717454081,0,7398997147044,0,134928248280,0,-5147774486,0,118434136,0,-191055,0,-54,0,1 # block t=8350 q=12T58 r=0 k=2
7265925529519,0,11484472477558,0,6794067844492,0,2206037843463,0,454486178705,0,63651945559,0,6264770505,0,438042159,0,21591047,0,728871,0,15856,0,196,0,1 # block t=8350 q=12T58 r=0 k=2
310912905008146219,0,363075944385927442,0,89455889331486452,0,10981219244460040,0,831051101806939,0,42463074850158,0,1530194930678,0,39583747782,0,733812118,0,9538250,0,82622,0,428,0,1 # block t=8350 q=12T58 r=0 k=2
839036062290042886015057,0,682876255658459955909462,0,52562514510040783450045,0,1861253451105396642150,0,39156599101443965916,0,542862594834159970,0,5212617420385511,0,35418640111000,0,170502662709,0,570450590,0,1264358,0,1672,0,1 # block t=8350 q=12T58 r=0 k=2
531579695706541829439,0,296944445706818855148,0,4677933864537461089179,0,3468598254631875764674,0,31095297926718236377,0,-42613895829281173296,0,8201015655116953615,0,-90296270372449558,0,334292311101610,0,-434327296284,0,151674313,0,74475,0,1 # block t=8350 q=12T58 r=0 k=2
20140501051074881,0,64454987409626406,0,75178420557769933,0,37508828925059130,0,6836663795535022,0,435476481616974,0,262241699691189,0,18359806731294,0,327908497022,0,2147506170,0,4388438,0,3551,0,1 # block t=8350 q=12T58 r=0 k=2
11413554249235,0,15288446441754,0,8030012512758,0,2351236162478,0,441470724228,0,56972602809,0,5234085096,0,346975056,0,16529634,0,552926,0,12339,0,165,0,1 # block t=8350 q=12T55 r=0 k=2
1156255646363784873809,0,-2927560106996285276964,0,1912055192217918072850,0,-55099799712323127860,0,2858988208607099919,0,11567110993815608,0,-852321495498948,0,-3573712362760,0,254179788927,0,3529325036,0,15580370,0,-6084,0,1 # block t=8350 q=12T58 r=0 k=2
1377650401,0,3571995462,0,3256810479,0,1316014420,0,370699407,0,209166678,0,135878091,0,54704286,0,13007142,0,1738450,0,106035,0,819,0,1 # block t=8350 q=12T58 r=0 k=2
582965691248891,0,1374927688540522,0,1319513460683416,0,660819884001604,0,184690254770248,0,28894239944786,0,2486963589019,0,116891213936,0,3063150668,0,44285350,0,328492,0,1038,0,1 # block t=8350 q=12T58 r=0 k=2
6539382959153111771887,0,4763448378604268067204,0,530204192484852155574,0,28432159882336989600,0,926336040802830046,0,20170736676863910,0,307101546599031,0,3330051226560,0,25688802216,0,138041160,0,491704,0,1044,0,1 # block t=8350 q=12T58 r=0 k=2
2834706356099835736,0,-6445738732089563296,0,6147511482469851904,0,-3188843887942023792,0,972155240258547412,0,-174718001634688408,0,17405042910229620,0,-811391917859536,0,10984046255164,0,-11988897544,0,-5078728,0,1924,0,1 # block t=8350 q=12T55 r=16 k=0
34712611847369,0,-149057524177654,0,253410771959557,0,-214775987821718,0,93912335534688,0,-20234243981858,0,2141773239364,0,-112846169426,0,3156876577,0,-47115508,0,347025,0,-1026,0,1 # block t=8350 q=12T58 r=16 k=0
10723272367555531,0,-20111032056080308,0,15291667523322309,0,-6167853065480890,0,1486752192460976,0,-235603559923830,0,24708084631735,0,-1210915796118,0,-1548601723,0,-509178656,0,6146066,0,-6664,0,1 # block t=8350 q=12T58 r=16 k=0
93136091,0,-383341735,0,659864032,0,-621121703,0,353435047,0,-128689994,0,31607240,0,-5490165,0,673156,0,-57445,0,3238,0,-94,0,1 # block t=8350 q=12T58 r=16 k=0
108193285161536,0,-193993328179136,0,131051809121760,0,-43865068483232,0,7551320021344,0,-542609977808,0,-12585324528,0,3526829344,0,-60920376,0,-6297064,0,198928,0,-858,0,1 # block t=8350 q=12T58 r=16 k=0
1964175464694249701,0,-3325500714185198847,0,2222560528961087599,0,-765857027102190676,0,155839582515330866,0,-21680424682449408,0,2128907854384986,0,-104115316682257,0,959372445154,0,-3828238676,0,7395352,0,-5486,0,1 # block t=8350 q=12T58 r=16 k=0
110049202672631212729051,0,-73073702074496817172722,0,6508102940211869469777,0,-275915301230382318248,0,7066283998458601890,0,-120459894365521224,0,1431117527751420,0,-12074969955600,0,72297490446,0,-300839900,0,828066,0,-1356,0,1 # block t=8350 q=12T58 r=16 k=0
8750573200743737863961,0,-7818042753638264175170,0,2005763237227889926181,0,-255863193973972225891,0,19173475090180270634,0,-898775325651000432,0,26656527190032012,0,-485382305894227,0,5000066405356,0,-24795980619,0,49303399,0,-17896,0,1 # block t=8350 q=12T58 r=16 k=0
110121181,0,-474302618,0,885188605,0,-961462460,0,700713706,0,-369999596,0,138265792,0,-32407178,0,4217509,0,-292178,0,10315,0,-170,0,1 # block t=8350 q=12T58 r=16 k=0
113301880882988153,0,-180697885073127156,0,107713335954606750,0,-30959826795261096,0,4708841585636725,0,-398127539902924,0,19153345009930,0,-530771338492,0,8606612998,0,-80963540,0,419340,0,-1056,0,1 # block t=8350 q=12T55 r=24 k=0
6563870410323336099379,0,-5708607555008239323884,0,1366496617152853797130,0,-149002890252443067300,0,8767036638377755871,0,-302042310542641376,0,6287431400719736,0,-78515654757776,0,562546742005,0,-2134829316,0,4016702,0,-3372,0,1 # block t=8350 q=12T55 r=24 k=0
13099699215736947697,0,-10830213744382880276,0,2402480408722527406,0,-255544107985835188,0,15922284370585489,0,-638451422403756,0,17285430006866,0,-322880320560,0,4168431674,0,-36510832,0,206940,0,-684,0,1 # block t=8350 q=12T55 r=24 k=0
531441,0,1240029,0,-6495390,0,2066715,0,518319,0,-244944,0,22599,0,-27216,0,6399,0,2835,0,-990,0,21,0,1 # block t=8351 q=12T58 r=4 k=1
304261,0,356618,0,-407620,0,-1583537,0,-3899078,0,-4765177,0,-1929126,0,220831,0,137628,0,-22293,0,454,0,79,0,1 # block t=8351 q=12T58 r=4 k=1
4353033231,0,3334792275,0,-8551948572,0,5861597400,0,-2176861068,0,509232015,0,-78754599,0,8000775,0,-492318,0,12420,0,486,0,-45,0,1 # block t=8351 q=12T58 r=4 k=1
61011202420736,0,695096477470720,0,-1446977304551424,0,957747261446144,0,-198381155978496,0,-25731887175424,0,10737253592512,0,-110159669248,0,-5820908608,0,30301936,0,956004,0,1916,0,1 # block t=8351 q=12T58 r=4 k=1
30128280625,0,0,0,1323849658100,0,0,0,-2723134062956,0,0,0,-36153010615,0,0,0,-64383976,0,0,0,-14770,0,0,0,1 # block t=8351 q=12T58 r=4 k=1
53251182364069,0,69979434787068,0,-39283303611096,0,-52308001449612,0,16362911383508,0,9285263199408,0,-3043190395114,0,129079687920,0,18754148570,0,-51622440,0,-623583,0,222,0,1 # block t=8351 q=12T58 r=4 k=1
17730340366046725,0,140923546524174180,0,135200373208655909,0,53661469094848550,0,10353192907769367,0,884055198598052,0,9931282350177,0,-1817172117956,0,23961445877,0,-107023332,0,2244679,0,-4966,0,1 # block t=8351 q=12T58 r=4 k=1
133342058953,0,402745210356,0,396068596058,0,163523813076,0,18823567935,0,-6995777112,0,-2612747700,0,-315077496,0,-12566953,0,64740,0,2554,0,36,0,1 # block t=8351 q=12T55 r=4 k=1
444730565826945862561,0,1343219762877497874360,0,300557064279479277916,0,29227380652971653701,0,1551601308425143259,0,47508928701594899,0,808239450609102,0,6612338694148,0,30052547727,0,637292034,0,7195059,0,-8026,0,1 # block t=8351 q=12T58 r=4 k=1
531441,0,-584585100,0,-2395736028,0,2299013766,0,-839125656,0,406230876,0,-190695465,0,45136764,0,-10359576,0,3153654,0,-365148,0,-9900,0,1 # block t=8351 q=12T58 r=4 k=1
966312554295871,0,2578524882692132,0,2602805671475096,0,1317637422922300,0,360408174877069,0,51868356544584,0,3368583268518,0,58339894228,0,259026149,0,-45654770,0,-746189,0,100,0,1 # block t=8351 q=12T58 r=4 k=1
26077917533551937,0,76155128789921950,0,75041816262111997,0,35131076390082560,0,8319887827159368,0,981287704240448,0,57929371003870,0,1631310109514,0,20658663680,0,88444776,0,-89584,0,-804,0,1 # block t=8351 q=12T58 r=4 k=1
60090756297609375,0,34998687109254375,0,-100775511158816286,0,-78025654535818509,0,-25122431920055067,0,3856186318196979,0,-653256794674080,0,-9117143493804,0,-150432497730,0,-1146931272,0,-4132746,0,-3729,0,1 # block t=8351 q=12T58 r=4 k=1
139572813011832065881,0,525051836902363565186,0,740976232548135890389,0,472229477745999644928,0,120014712525331923688,0,3447115313325617464,0,64878390374766559,0,-3827679661845818,0,25484836523922,0,-57811346118,0,39625510,0,-10683,0,1 # block t=8351 q=12T58 r=4 k=1
13516873,0,31837359,0,-92404134,0,70792331,0,-28342368,0,5690169,0,-517242,0,-80748,0,47331,0,-8965,0,879,0,-45,0,1 # block t=8351 q=12T55 r=4 k=1
19218618507294289,0,-71135563608512518,0,101481769718563999,0,-68831924319987272,0,21793108209120641,0,-2593962794522186,0,66904956035960,0,2084258020920,0,-18028493681,0,-283253662,0,2456096,0,-3006,0,1 # block t=8351 q=12T58 r=16 k=0
7330645120019905277579,0,-5680862018455469792888,0,805961178824537262747,0,-55049525392457929246,0,2250346965190915625,0,-60123026659551448,0,1090066584189975,0,-13520546307976,0,112768420912,0,-602317248,0,1857945,0,-2639,0,1 # block t=8351 q=12T58 r=16 k=0
86309204425076736,0,-74015995889590272,0,19933170163608576,0,-2820133130697728,0,249257109555456,0,-14909619501568,0,627981427712,0,-18928096960,0,407442432,0,-6131520,0,61396,0,-368,0,1 # block t=8351 q=12T58 r=16 k=0
10389952429812199,0,-17203118396419248,0,11395985167611827,0,-3920192386900796,0,763263740878000,0,-86662296180918,0,5988028030460,0,-279681103006,0,8539333727,0,-133480378,0,867715,0,-1694,0,1 # block t=8351 q=12T58 r=16 k=0
3062919413240037,0,-3668447299239684,0,1325511156309522,0,-248886795222208,0,29033088629571,0,-2283948822818,0,126200836800,0,-4981193018,0,140226179,0,-2757114,0,36047,0,-282,0,1 # block t=8351 q=12T58 r=16 k=0
2003562113914746397,0,-2262895126492034382,0,805229293952234486,0,-105991518662594904,0,7457047520954636,0,-326019699811086,0,9513549018434,0,-191518252938,0,2681121670,0,-25716306,0,161561,0,-600,0,1 # block t=8351 q=12T58 r=16 k=0
34862404993,0,-65622781458,0,53117153765,0,-34127347098,0,14511382093,0,-2617094272,0,392829776,0,-79533772,0,9952334,0,-587100,0,16525,0,-214,0,1 # block t=8351 q=12T58 r=16 k=0
33156915660097,0,278217478668468,0,-82010143713964,0,-146843942584992,0,-22351031359650,0,4753363956576,0,572599558950,0,-61792637700,0,2095812721,0,-33225780,0,255414,0,-852,0,1 # block t=8351 q=12T55 r=16 k=0
363590739259651,0,-1121867215249321,0,1472035745044288,0,-1072972510671905,0,475412878141821,0,-130800101983125,0,21499595597760,0,-1835374508196,0,55083845532,0,-727714452,0,4342962,0,-5375,0,1 # block t=8351 q=12T58 r=16 k=0
284926804931,0,-525422302140,0,378875293795,0,-152217689316,0,39141401435,0,-6895839242,0,861598366,0,-77395360,0,4981506,0,-224736,0,6761,0,-122,0,1 # block t=8351 q=12T58 r=16 k=0
3330450456746162136691,0,6522300934365574746432,0,-1373002800726438839784,0,112393490154250402076,0,-4643126742029345784,0,98362363494405636,0,-845047374490362,0,-2429296471800,0,67689792603,0,-86811892,0,-1255896,0,696,0,1 # block t=8351 q=12T55 r=16 k=0
1866205529333498672489,0,4124857660101908473200,0,2507741914156632851612,0,96985669778756787148,0,-159839452594160614842,0,-6742494183257308836,0,968222536860345450,0,-24428307263641932,0,192993810798093,0,-334649846112,0,190271070,0,-30220,0,1 # block t=8351 q=12T55 r=16 k=0
1000167381244319,0,-2847441880444534,0,3418791262410227,0,-2259727080061805,0,878757291781660,0,-193443332733435,0,20623945340600,0,-638165224338,0,-9975486540,0,120524597,0,1529473,0,-3226,0,1 # block t=8351 q=12T58 r=16 k=0
17661663473812561479151,0,-15077366024884429115122,0,2499323548640720009076,0,-189907307122369140983,0,7931478036610197612,0,-187367913272722119,0,2239977205647478,0,-5778690023358,0,-110811925461,0,123292617,0,8781294,0,-9275,0,1 # block t=8351 q=12T58 r=16 k=0
1477377245239000312,0,-2063767829707452240,0,1000819304128335912,0,-219383685060768032,0,24849417467507976,0,-1570734244304208,0,57661527701040,0,-1255431623688,0,16398275706,0,-126897428,0,552276,0,-1200,0,1 # block t=8351 q=12T55 r=24 k=0
126334171238201271145,0,86404324650603895130,0,12613124399326016901,0,864231974909845280,0,33496309323898318,0,776364301093284,0,10607254075323,0,79146751294,0,341360387,0,3417146,0,48082,0,318,0,1 # block t=8353 q=12T7 r=0 k=1
1505465793525303,0,1505678422521213,0,452030744388480,0,56461825381354,0,1885876051482,0,-189466845052,0,-14042992720,0,65827907,0,23697439,0,401465,0,-23270,0,297,0,1 # block t=8353 q=12T7 r=0 k=1
17152279985719,0,-70595243363094,0,111419591178612,0,-79158995069450,0,20574301342635,0,706005809892,0,-90860400480,0,-7711691796,0,624179421,0,7953682,0,78636,0,318,0,1 # block t=8353 q=12T7 r=0 k=1
1155557843785206625,0,904437388648140350,0,200052498919980400,0,22756567820455442,0,1603971865057531,0,76207580055416,0,2544194700368,0,60718625322,0,1034466723,0,12321874,0,97697,0,464,0,1 # block t=8353 q=12T56 r=0 k=1
155019192296921,0,321469933922534,0,269906249720543,0,118060240268678,0,28901439285919,0,3980925115774,0,300175960336,0,11881681774,0,318533119,0,5231204,0,60638,0,400,0,1 # block t=8353 q=12T56 r=0 k=1
71587590512279888929,0,123958157246816343092,0,74388283447831218271,0,22605674498630480271,0,3925462338552989567,0,398939921029276051,0,22477725710020942,0,576212096354017,0,2613129675447,0,5547652469,0,6322683,0,3860,0,1 # block t=8353 q=12T7 r=0 k=1
53669888,0,157706240,0,201044992,0,151934464,0,76876032,0,27613696,0,7240576,0,1397344,0,196832,0,19704,0,1328,0,54,0,1 # block t=8353 q=12T7 r=0 k=1
4346246762737664,0,5597299612225536,0,2187779948981248,0,458517457341440,0,251564464785408,0,145360616174848,0,27062564917440,0,-935261935424,0,9967531584,0,-27688304,0,-124324,0,444,0,1 # block t=8353 q=12T56 r=0 k=1
2151442861452495001,0,6258441992965591955,0,7986232367654214191,0,5797711416340084511,0,2586193985435628624,0,709045415947141367,0,110755954918012146,0,7652035847628052,0,14166337950248,0,-10601513244,0,10669699,0,-3076,0,1 # block t=8353 q=12T7 r=0 k=1
116117504,0,176275456,0,92414976,0,12997632,0,-4507136,0,-373248,0,1340416,0,695424,0,172176,0,24256,0,1908,0,72,0,1 # block t=8353 q=12T56 r=0 k=1
1364192298859741,0,3624715057185600,0,4072858941489462,0,2470349119910460,0,846372099821236,0,151789320780144,0,9895537887980,0,-270947666256,0,16811690726,0,791167012,0,-28703,0,-940,0,1 # block t=8353 q=12T56 r=0 k=1
1,0,-7,0,22,0,0,0,36,0,98,0,183,0,196,0,148,0,77,0,29,0,7,0,1 # block t=8353 q=12T7 r=0 k=1
6992059613920566890741,0,6894226850448034366084,0,1170526364202902231084,0,103111916098245987582,0,5022633107330017245,0,144326459583323878,0,2548098578507854,0,27815267495568,0,181525184482,0,647292106,0,1071028,0,968,0,1 # block t=8353 q=12T7 r=0 k=1
746390417719841868007,0,1585241126250951602974,0,1272238473971591772832,0,478605001578715702730,0,85092352856402902769,0,6442951046486330754,0,201031718464044664,0,2141880925955784,0,10491609234670,0,25361618700,0,27775372,0,9510,0,1 # block t=8353 q=12T56 r=0 k=1
7746569,0,-34299132,0,66797424,0,-74306168,0,51342903,0,-22397796,0,5981600,0,-924132,0,102207,0,-20784,0,3384,0,-84,0,1 # block t=8353 q=12T7 r=0 k=1
2897077301,0,-2506819178,0,-1264399961,0,2747575456,0,-1619568021,0,470364570,0,-76530364,0,9104424,0,-1264578,0,150218,0,-7755,0,12,0,1 # block t=8353 q=12T56 r=4 k=1
528289454321,0,1862019025176,0,2421476125336,0,1494656176670,0,437809021434,0,42825916924,0,-2167659927,0,-246167774,0,26653166,0,-1071056,0,22548,0,-240,0,1 # block t=8353 q=12T56 r=4 k=1
3673416034319,0,206156460480640,0,-697127952224925,0,911622543166586,0,-606265798451110,0,220676657957530,0,-42290548460738,0,3412169304755,0,-15171542330,0,-13781843,0,293695,0,-925,0,1 # block t=8353 q=12T7 r=4 k=1
35806564053,0,-1346007274894503,0,-6098811160168939872,0,835039071661034059,0,193375894383182979,0,-22124933331693573,0,-4238785563392269,0,-128022083102367,0,-1301783304805,0,-6308307740,0,-15146257,0,-14639,0,1 # block t=8353 q=12T7 r=4 k=1
129608073557925109,0,620198215954720284,0,201415212372510108,0,26731332210844940,0,1729425765090114,0,48276739834344,0,-128178433614,0,-35018862480,0,-526464603,0,661472,0,51954,0,-252,0,1 # block t=8353 q=12T7 r=4 k=1
6330886057,0,7775707360,0,-17782293682,0,12312635276,0,-4606019406,0,1071294616,0,-162497979,0,16040272,0,-966566,0,27284,0,358,0,-48,0,1 # block t=8353 q=12T56 r=4 k=1
31214399,0,212678172,0,-119949146,0,7879356,0,7066581,0,-7642476,0,2521882,0,67368,0,-384735,0,125350,0,-12491,0,-12,0,1 # block t=8353 q=12T56 r=4 k=1
3419176045,0,52491285349590,0,42329619943794994,0,163964716880442231,0,249191478483380734,0,110804235456372897,0,-22789503557844137,0,-18097478542672341,0,-1521315644899,0,-9329536592,0,4136692,0,-454,0,1 # block t=8353 q=12T7 r=4 k=1
80419829,0,56225173333,0,-14062850202345,0,-1160366938724,0,-399479563952,0,-50882115907,0,-7496021380,0,-624760236,0,-23930371,0,-334742,0,2992,0,131,0,1 # block t=8353 q=12T7 r=4 k=1
3110314479255130112,0,-5937263684496621568,0,-21660179372661953536,0,20229438440682938368,0,39885863885923564544,0,12063657720611804416,0,975161731577095040,0,8577805402842624,0,29666608305024,0,47977372976,0,35793456,0,10376,0,1 # block t=8353 q=12T56 r=4 k=1
17464875323,0,61227101222,0,71943392409,0,50472417820,0,22596876948,0,6648713106,0,1312035649,0,173390864,0,14686709,0,696520,0,10962,0,-260,0,1 # block t=8353 q=12T56 r=4 k=1
660644209,0,0,0,-3930455347079889,0,0,0,2402023441751264,0,0,0,-2328228647920137,0,0,0,-3749589415745,0,0,0,4093266,0,0,0,1 # block t=8353 q=12T56 r=4 k=1
3170161283875,0,-3995058503187750,0,-271433326912381050,0,1896028900338525,0,-100833436612055870,0,-465974931744165005,0,-399997584311249546,0,-416803780211192042,0,633689613340737,0,-380677196181,0,113518170,0,-16859,0,1 # block t=8353 q=12T7 r=4 k=1
6185013021400134731083,0,10475103037698613564075,0,-1868652977177884178616,0,133792662457724707947,0,-5052786372026454445,0,105300249773063447,0,-1072197450045877,0,1436145078761,0,58766928967,0,-257803562,0,-709605,0,4143,0,1 # block t=8353 q=12T7 r=4 k=1
1,0,0,0,-77,0,0,0,-39,0,0,0,-42,0,0,0,-11,0,0,0,0,0,0,0,1 # block t=8353 q=12T56 r=4 k=1
2478131644620253,0,-9379485441186972,0,14165033109768757,0,-10809248216921398,0,4345915644737468,0,-875656576450684,0,78390293929214,0,-2476011101586,0,35932911454,0,-263980498,0,976606,0,-1652,0,1 # block t=8353 q=12T56 r=24 k=0
21797584103174274031,0,-79231284816052043038,0,117641625591180428598,0,-91233941038419136922,0,38940106036523253032,0,-8686549067875087224,0,810046045897191614,0,-7481395257188042,0,26952699310952,0,-45157726002,0,34691673,0,-10240,0,1 # block t=8353 q=12T56 r=24 k=0
554926221334123589,0,618684104441284980,0,146231204320977686,0,17191611096169754,0,1243186500209682,0,60548936026414,0,2074907444302,0,50935049974,0,894692138,0,11013558,0,90455,0,446,0,1 # block t=8354 q=12T56 r=0 k=1
32768,0,-98304,0,172032,0,-204800,0,168960,0,-98304,0,42752,0,-14976,0,4416,0,-1056,0,184,0,-20,0,1 # block t=8354 q=12T7 r=0 k=1
263922184,0,-912352944,0,1028859816,0,-256973584,0,-120251592,0,-76288752,0,51679140,0,8875404,0,12401082,0,642632,0,18246,0,-192,0,1 # block t=8354 q=12T7 r=0 k=1
162048017042341,0,657410702550542,0,1128068534682042,0,1063602073172238,0,595834513642224,0,198322937932266,0,36200134844445,0,2736078560242,0,-16776954738,0,-3260904,0,278213,0,-912,0,1 # block t=8354 q=12T7 r=0 k=1
122308002692294161,0,119969631971062062,0,39342280862649088,0,6331837287038424,0,598536604586617,0,36358630335608,0,1485904410502,0,41666071608,0,801976968,0,10407894,0,87350,0,434,0,1 # block t=8354 q=12T7 r=0 k=1
140866447,0,284102626,0,229250245,0,113148824,0,38216992,0,9473246,0,1894893,0,350384,0,63128,0,9490,0,973,0,52,0,1 # block t=8354 q=12T56 r=0 k=1
140665005589746929,0,713653268437323808,0,1588810609745304281,0,2027990509149367165,0,1609887816438123054,0,794578974780862337,0,224979270863084024,0,28184253995730718,0,68941480706128,0,69329482661,0,35608585,0,9334,0,1 # block t=8354 q=12T7 r=0 k=1
2126975724520744327,0,1677598401083375721,0,114495432436222175,0,-79958360377029100,0,7075506385154913,0,-494966662654506,0,25036210534433,0,895732683699,0,-3287641598,0,-84163164,0,87132,0,2194,0,1 # block t=8354 q=12T7 r=0 k=1
136193082079294427044703,0,216361910010890468954390,0,128570703341736178079652,0,35078648427636009426570,0,4312100601506311800337,0,200629097303724037950,0,3690796377528717800,0,23650175771752956,0,70137446843166,0,103106811032,0,69184188,0,14946,0,1 # block t=8354 q=12T56 r=0 k=1
28041367874563,0,39416683430736,0,19736008954791,0,5369748139392,0,927387558338,0,109476999018,0,9166483805,0,552483516,0,23902709,0,726306,0,14748,0,180,0,1 # block t=8354 q=12T56 r=0 k=1
28606769606591569,0,27264217154372688,0,8001368258041254,0,1232887945132480,0,118901389155876,0,7777600598376,0,358937908665,0,11872506240,0,280741716,0,4642960,0,51078,0,336,0,1 # block t=8354 q=12T56 r=0 k=1
119565510569850577,0,101055051959159488,0,26630251434922795,0,3684887409139072,0,318490464034363,0,18619721598976,0,765669994592,0,22494688768,0,470942134,0,6873920,0,66537,0,384,0,1 # block t=8354 q=12T56 r=0 k=1
365637328489,0,181331077992,0,-164741922870,0,-52534516360,0,122624091279,0,124325755920,0,59592647436,0,17339069808,0,3205356039,0,353611400,0,17680746,0,24,0,1 # block t=8354 q=12T7 r=0 k=1
3756637,0,-7432620,0,8257899,0,-5965376,0,3123072,0,-1247364,0,390507,0,-96624,0,18855,0,-2840,0,318,0,-24,0,1 # block t=8354 q=12T7 r=0 k=1
315445268347331,0,1038882341938238,0,1472477879696076,0,1193627770050010,0,603742237862822,0,189912710016868,0,34157384910043,0,2763972157482,0,25551688796,0,126703420,0,398888,0,820,0,1 # block t=8354 q=12T7 r=0 k=1
6235343566642106089013,0,-17890687420936872664250,0,21113995879427655671490,0,-13108716943219260177702,0,4514446288207218306778,0,-819792987215083758706,0,62722352417960478816,0,-410587327762385180,0,892362675976631,0,-799445579942,0,282907358,0,-32000,0,1 # block t=8354 q=12T56 r=24 k=0
40270331160239310428557,0,-102139945623362265103044,0,105610499943968196769158,0,-56545495534248302565332,0,16328302043981509824725,0,-2358973601799283297756,0,128882109468291334322,0,-647786547345692192,0,1186236710208282,0,-946831297728,0,314544824,0,-32188,0,1 # block t=8354 q=12T56 r=24 k=0
219920682115223389,0,-510515139813201740,0,478040307136188506,0,-229522208327855028,0,59203007408529217,0,-7819357121653228,0,458720958355932,0,-10055450008632,0,104677115387,0,-565776644,0,1578747,0,-2068,0,1 # block t=8354 q=12T56 r=24 k=0
196783349177060941,0,187818379546310448,0,47961235734436322,0,6262473540375216,0,506649695173423,0,27664035442672,0,1063009408916,0,29244578848,0,575186915,0,7920000,0,72682,0,400,0,1 # block t=8355 q=12T56 r=0 k=1
1246514448922877,0,1801407203449878,0,704079818215317,0,141125783508212,0,17549566776904,0,1473361025040,0,86999726866,0,3672562316,0,110558312,0,2321488,0,32322,0,268,0,1 # block t=8355 q=12T56 r=0 k=1
22380749868116552596,0,29301794476218986032,0,7892527660649973584,0,856948126236764712,0,50185481157850297,0,1806763596265960,0,42774278403753,0,688549682284,0,7608785632,0,56967648,0,276705,0,788,0,1 # block t=8355 q=12T6 r=0 k=1
22372301107256738491,0,18967531725644666864,0,4936427920987970036,0,630325862609077964,0,46841879438273913,0,2194010043067164,0,67130453355811,0,1350915783114,0,17543998128,0,140028074,0,627869,0,1362,0,1 # block t=8355 q=12T56 r=0 k=1
28857913060225024,0,27450942494265344,0,8134483893763072,0,1262211517211648,0,122120229880064,0,7986812046336,0,367563238784,0,12101868096,0,284571952,0,4679632,0,51232,0,336,0,1 # block t=8355 q=12T56 r=0 k=1
138443088301,0,226206184260,0,131554601220,0,30643833710,0,-3970829576,0,-1769498332,0,542612771,0,137518512,0,11998156,0,539578,0,13512,0,180,0,1 # block t=8355 q=12T56 r=0 k=1
7593735849197,0,13257983710356,0,7657562619507,0,2355312212288,0,455441253520,0,59817054332,0,5543958851,0,368136272,0,17464787,0,579040,0,12760,0,168,0,1 # block t=8355 q=12T56 r=0 k=1
12213461,0,9731982,0,7038595,0,4075702,0,880971,0,622226,0,244692,0,33062,0,10955,0,2204,0,246,0,24,0,1 # block t=8355 q=12T56 r=0 k=1
6299431879512064,0,6417485707917312,0,2233435774904320,0,407470443929600,0,45936278844672,0,3467913998976,0,182725276224,0,6840651936,0,181844560,0,3363968,0,41256,0,302,0,1 # block t=8355 q=12T6 r=0 k=1
10694220605390044334149,0,9388092255645524176031,0,1214244698979195951943,0,70223074712730648342,0,2345277799195408055,0,50417663626487048,0,735166343724721,0,7433674060897,0,52128577144,0,247973910,0,758668,0,1332,0,1 # block t=8355 q=12T6 r=0 k=1
141479654300308364347,0,96097446506058792732,0,14317153033383724129,0,1064914285324011406,0,48769267603245800,0,1504586732081462,0,32654001899483,0,507458693924,0,5639447327,0,43885648,0,227632,0,708,0,1 # block t=8355 q=12T56 r=0 k=1
918518647036274227199347,0,625603973419477840677344,0,46781888868165432682078,0,1652532861214096589848,0,35231322570127465354,0,499873405951900404,0,4939022149124833,0,34591599346716,0,171307468464,0,586124658,0,1314254,0,1728,0,1 # block t=8355 q=12T56 r=0 k=1
197209202652326297,0,458230953533250714,0,448645769914685146,0,241658268481069584,0,78080034477001853,0,15385689517747757,0,1780948820916600,0,108049167703379,0,2603210199528,0,19742460213,0,48978645,0,15544,0,1 # block t=8355 q=12T6 r=0 k=1
10140424512457303261,0,7704379946992589244,0,1390702924866603751,0,125430139254065550,0,6922882962377639,0,255810051739200,0,6631128215442,0,123638177586,0,1675557246,0,16413798,0,112295,0,486,0,1 # block t=8355 q=12T56 r=0 k=1
87497494666756511,0,99801201447322830,0,30563719460197469,0,4666208821141000,0,428803551941400,0,25863098813370,0,1069804959797,0,30938858160,0,625767672,0,8680350,0,78701,0,420,0,1 # block t=8355 q=12T56 r=0 k=1
110064723133185080707369,0,-15278739708008638039334,0,-901077831917521755157869,0,73812050723602754929158,0,180579154983430227739856,0,19386335517862469348232,0,498237305610502006805,0,2112675477039433892,0,3661896948485010,0,2947444316918,0,977804788,0,59326,0,1 # block t=8355 q=12T56 r=4 k=1
9714823,0,175825192,0,-58369824,0,-1167648,0,2878623,0,-1028544,0,-49084,0,132606,0,-40269,0,6682,0,-1021,0,-28,0,1 # block t=8355 q=12T56 r=4 k=1
191203146052099,0,63273760817370,0,-993509968013198,0,1247542383934194,0,-649832024020712,0,158433547343622,0,-20150812700491,0,1264701718158,0,-53687286344,0,76662282,0,480630,0,-108,0,1 # block t=8355 q=12T56 r=4 k=1
108526623332316251,0,145928856901554050,0,25179834616453581,0,1210277625636900,0,-69072176168631,0,-11238262708200,0,-599890546388,0,-16629322200,0,-229696611,0,-579000,0,25184,0,300,0,1 # block t=8355 q=12T56 r=4 k=1
584509849818240959717,0,-1534032550010820231242,0,-181940659892810191537749,0,98921755451747773385412,0,134597027331649111351233,0,18289653318915482177266,0,475975268053341585575,0,2060878138773559370,0,3625593446007165,0,2940563548412,0,976345423,0,59326,0,1 # block t=8355 q=12T56 r=4 k=1
1187951717,0,3400246750,0,1924826037,0,397120688,0,23522630,0,2564658,0,2754720,0,735958,0,74778,0,498,0,-420,0,-16,0,1 # block t=8355 q=12T56 r=4 k=1
250065037888,0,982839452352,0,1528382539008,0,1268967292704,0,640687581824,0,191508210368,0,32884652184,0,2270760992,0,34372400,0,-1413692,0,-11032,0,130,0,1 # block t=8355 q=12T56 r=4 k=1
197564079951001,0,0,0,-172447626099507399,0,0,0,-391516200557479352,0,0,0,-5669457663604862,0,0,0,-64762458834,0,0,0,-962306,0,0,0,1 # block t=8355 q=12T56 r=4 k=1
3386654900158144,0,980118047075328,0,-3780571997428176,0,-1239174009937840,0,-173436571298304,0,-13750827581304,0,-675480658791,0,-20943014211,0,-393495390,0,-3805279,0,-5058,0,201,0,1 # block t=8355 q=12T6 r=4 k=1
4096,0,0,0,7168,0,0,0,-5632,0,0,0,-38976,0,0,0,-480,0,0,0,-196,0,0,0,1 # block t=8355 q=12T56 r=4 k=1
463432328681009828821,0,3992016342173464926358,0,-612458748901394311727,0,-12190882872017000356768,0,7940812184086588045307,0,399988631682617539012,0,6982733750703733430,0,53201407677806392,0,169634559206455,0,170657172694,0,73347441,0,14136,0,1 # block t=8355 q=12T6 r=4 k=1
17755054087329,0,112787057835504,0,10050649354719,0,-43074220503051,0,-3469756827888,0,2638309560687,0,590329654228,0,50347935631,0,2055116371,0,40389890,0,344926,0,1164,0,1 # block t=8355 q=12T6 r=4 k=1
149342440604943652409,0,271883361039630876011,0,31580554729321875487,0,1549449864325967948,0,37923394097232556,0,340953884595233,0,-5770737151444,0,-213635924931,0,-2810379393,0,-17645097,0,-28556,0,240,0,1 # block t=8355 q=12T6 r=4 k=1
194925560431,0,2455329098054,0,10451007313145,0,19481844986752,0,16939766078734,0,6644944956702,0,797560640009,0,-104247951424,0,-16121687951,0,-60459060,0,420380,0,1744,0,1 # block t=8355 q=12T56 r=4 k=1
839873,0,73198348,0,1120021366,0,1260037308,0,905963804,0,423950638,0,143865008,0,34109716,0,5789496,0,617374,0,37995,0,-418,0,1 # block t=8355 q=12T56 r=4 k=1
63965741166569539452589,0,286208909894403591052090,0,422550345865453353279095,0,242037882120685809120844,0,40022377381321656848485,0,-1767969796357461644290,0,-59913818463372212445,0,84095047492417390,0,213256537463393,0,-161067036632,0,-234854309,0,4986,0,1 # block t=8355 q=12T56 r=8 k=2
99311813,0,-261310922,0,308693660,0,-189274738,0,63353022,0,-12851910,0,1747760,0,-180230,0,29182,0,-7556,0,1141,0,-72,0,1 # block t=8355 q=12T56 r=8 k=2
70955937792,0,-4462820089463808,0,-206506066701537398016,0,12637310331770554515840,0,-183758368359278445326928,0,777903697619254552443840,0,20916817321134116807623,0,174788286308030982831,0,470135593715175246,0,416394960231320,0,104703161901,0,730119,0,1 # block t=8355 q=12T6 r=8 k=2
146832303881099077746688,0,232269576974023981793280,0,-6290248666994868633600,0,-4428989370712452218880,0,-325769502513943313408,0,-10916217836727579648,0,-198198756321974464,0,-1959719548861248,0,-8881722837136,0,-1363292480,0,84702040,0,-36556,0,1 # block t=8355 q=12T6 r=8 k=2
489967739948771927312,0,3046554230981885335448,0,5736695820698024347260,0,3191478622761215497528,0,547566497045787769200,0,1675907003708264606,0,-265800154043027187,0,-633214257257632,0,31016977438279,0,12053362638,0,-179791281,0,-508,0,1 # block t=8355 q=12T6 r=8 k=2
51318087621696415576,0,124148612220871310772,0,-9054511350277709218,0,-31007632591750690925,0,-7975890282962593411,0,-558418435664700219,0,26397952691250433,0,3093653909261259,0,-29151357304281,0,22845114380,0,79704900,0,24837,0,1 # block t=8355 q=12T6 r=8 k=2
1819796247203164878011,0,8126020856986398028936,0,12782876411571783861204,0,8055004532391013618840,0,1182678529417947845424,0,-498637668660189893498,0,-83101366826029749407,0,2104830258178624,0,263100193125284,0,-1196382260,0,-119638182,0,12,0,1 # block t=8355 q=12T56 r=8 k=2
7649867,0,-20408508,0,25231565,0,-20100326,0,11526724,0,-4919254,0,1608463,0,-404800,0,77939,0,-11080,0,1092,0,-60,0,1 # block t=8355 q=12T56 r=8 k=2
19456401707900863,0,-25305231770898450,0,7839723460533953,0,-1225242657029376,0,118338572674049,0,-7715095456060,0,354340438550,0,-11667226902,0,275032528,0,-4545278,0,50131,0,-332,0,1 # block t=8355 q=12T56 r=8 k=2
104623944665990834624,0,949050408989507515968,0,-51142553297112970980,0,-15649868026566296349,0,1052968805708121823,0,52452847939103696,0,-3866153282166426,0,-60295649122317,0,3713991361701,0,41884877845,0,101569181,0,44585,0,1 # block t=8355 q=12T6 r=8 k=2
1541086202340693,0,-1652995424214144,0,605213450909766,0,-119027105112690,0,14777673854679,0,-1249361327034,0,74675429199,0,-3202699662,0,98268228,0,-2110050,0,30159,0,-258,0,1 # block t=8355 q=12T56 r=8 k=2
181619462422178804477,0,-194393319390760580136,0,44288198165208147692,0,-4851222908488881564,0,312485968179538984,0,-12803233190397870,0,342635938384694,0,-5938373691144,0,63687225852,0,-381970388,0,1064293,0,-1494,0,1 # block t=8355 q=12T56 r=8 k=2
14614214835257307,0,20498601833834562,0,-25723162013309523,0,-36742069066093110,0,-12993385210453557,0,-1198383310527192,0,78713854078852,0,4176807434637,0,47878933683,0,106719965,0,-431787,0,-537,0,1 # block t=8355 q=12T6 r=8 k=2
7838280933568,0,18073068311536,0,-26560769608952,0,-1843857722973,0,4129252850027,0,-352726981656,0,-90591757878,0,3762260691,0,927101737,0,37499049,0,485349,0,1813,0,1 # block t=8355 q=12T6 r=8 k=2
76235099390756839,0,-82836440812661562,0,22983059682262145,0,-3239503874100924,0,282368106279480,0,-16598510640102,0,686406550977,0,-20318529828,0,429928361,0,-6367932,0,62854,0,-372,0,1 # block t=8355 q=12T56 r=8 k=2
169190214151080272576,0,4613331610986075707136,0,-2906891995926492745888,0,516043192845634905328,0,-27719375230604196484,0,-946951376474863044,0,128044748993302511,0,-2453156170236324,0,-28557625798674,0,-21112201567,0,77926802,0,-24669,0,1 # block t=8355 q=12T6 r=16 k=1
1970066148639853289,0,7476391169538077996,0,-2001952395317566950,0,-30804684963015348,0,61832374196846079,0,-8398843845016680,0,499295136247372,0,-13438401371208,0,92673223287,0,1819152060,0,-16532422,0,-132,0,1 # block t=8355 q=12T6 r=16 k=1
1240498338933149696,0,-13258364802825134080,0,-90359983645283782656,0,1158139787926060289024,0,-1662416388992802491648,0,841884290095286055424,0,-142765918792087683456,0,-652375815892094656,0,1810213558621696,0,558817917456,0,-157215968,0,-10476,0,1 # block t=8355 q=12T6 r=16 k=1
877623095736255255911,0,-3130752120908427085149,0,2561699018718642606463,0,3279233660638092091068,0,-6946183121884489735909,0,4070324161895417457157,0,-586312710332093914308,0,-125582184371653826783,0,-46726029942056583,0,278985328902336,0,-126623274903,0,-395365,0,1 # block t=8355 q=12T6 r=16 k=1
37449804792304203921,0,8726058283513986683334,0,-1643454134930595206115,0,126523012706326185039,0,-4997214358024838967,0,99221818989563613,0,-543127735863761,0,-14271095132046,0,254244081220,0,-961400555,0,-3368876,0,-1249,0,1 # block t=8355 q=12T6 r=16 k=1
389340959,0,1928617138,0,-3958230570,0,-21030238293,0,26930979,0,43530834299,0,2108546166,0,-29262772215,0,6533375026,0,-282840508,0,1759859,0,-2905,0,1 # block t=8355 q=12T6 r=16 k=1
34866332814425261377088,0,526816936685093796763392,0,-123698207417944450233152,0,12028044230052282395712,0,-628778174516184421456,0,18960927986455994560,0,-323876429347741488,0,2727460278181456,0,-5247911484640,0,-40155202768,0,-31682492,0,9600,0,1 # block t=8355 q=12T56 r=16 k=1
383502455251515029641,0,2946889757390809778684,0,-4068883270498159328728,0,1318197231180378520324,0,33088316643095981620,0,-70618154008651041600,0,11387819375790693325,0,-721343385830377196,0,15542212460103454,0,61868251166396,0,-59090376913,0,2718064,0,1 # block t=8355 q=12T6 r=16 k=1
4344954905344,0,4678687426176,0,-3749477120512,0,742629251296,0,29796031440,0,-33650450800,0,5801499496,0,-494008992,0,21993336,0,-394932,0,-3194,0,134,0,1 # block t=8355 q=12T6 r=16 k=1
85323677131377,0,-173710670600736,0,-1318266617607342,0,-913956966171880,0,364069805960239,0,371702351550784,0,13321460535452,0,-20103904961168,0,659046292159,0,-7132556896,0,26454706,0,-10568,0,1 # block t=8355 q=12T6 r=16 k=1
11214771662124837117521,0,61769462784876449412369,0,94894542919732022758445,0,40547989480771774937648,0,-7298546676036620461936,0,-3421348231666558360773,0,542242510279365064232,0,-14143179903146378091,0,48708130676590119,0,-38556848508479,0,6799335398,0,-248718,0,1 # block t=8355 q=12T6 r=16 k=1
6556068611,0,-18508067322,0,21565747440,0,-14048114334,0,5764487395,0,-1578250436,0,296075928,0,-38284092,0,3370329,0,-195298,0,6968,0,-134,0,1 # block t=8355 q=12T6 r=24 k=0
2883275757432383365291,0,-7098420525686698243702,0,6999622140284710682265,0,-3516320249360487131464,0,941224734491567752886,0,-126116698236586173778,0,6690154559247946366,0,-43174684329910652,0,109811754279744,0,-130107062066,0,70586536,0,-14626,0,1 # block t=8355 q=12T56 r=24 k=0
4740462217757996268839,0,-19763262605178293706498,0,34327107824674069984229,0,-32028660225228859237908,0,17209074533174101792637,0,-5268735275919845353386,0,838964508891619968782,0,-53232276364220497519,0,269045127722157861,0,-408539924333953,0,192326307669,0,-1027455,0,1 # block t=8355 q=12T6 r=24 k=0
12271963449593378556224,0,-26597472988732113038464,0,22012384202615519960352,0,-8482846469940129939104,0,1444700272868685300484,0,-77854580054773607904,0,1795729725613872108,0,-19015431716800048,0,84372052431353,0,-102611270460,0,52275026,0,-11900,0,1 # block t=8355 q=12T6 r=24 k=0
2081239943292106360393,0,-5922851720771533950794,0,6834627785263197099894,0,-4058961011160149464818,0,1289849314093189896032,0,-202559142532635836304,0,11730310888913163308,0,-69045675142709272,0,158801263543989,0,-170089057936,0,83690548,0,-15890,0,1 # block t=8355 q=12T56 r=24 k=0
6363998031856,0,-11405313439752,0,7074205104028,0,-2346355737592,0,486981913736,0,-68071649386,0,6640105501,0,-457665924,0,22151359,0,-733042,0,15663,0,-192,0,1 # block t=8355 q=12T6 r=24 k=0
3435974294897882327269,0,-3333998150787631889564,0,467991179906357154046,0,-29536727605637052524,0,1080572198243146743,0,-25512279318543832,0,409354887521460,0,-4561524326232,0,35289913411,0,-185325836,0,625966,0,-1212,0,1 # block t=8355 q=12T6 r=24 k=0
12554087247355904,0,-16739057855528960,0,7244455717719040,0,-1612316705484288,0,216171291248288,0,-18717259682400,0,1076976360896,0,-41283618800,0,1033111028,0,-16102460,0,143306,0,-622,0,1 # block t=8355 q=12T6 r=24 k=0
14854013791684183970083,0,-32153995399591180231614,0,27485731681384566878134,0,-11695533160044595397904,0,2558964237912986237328,0,-267700409152634420100,0,11081448583050309771,0,-64141118461812854,0,148032521984702,0,-160252891980,0,80060836,0,-15524,0,1 # block t=8356 q=12T56 r=24 k=1
32654520397507,0,-50569484483748,0,32417025025797,0,-11476193902186,0,2503687945145,0,-353904692520,0,33099165060,0,-2054030614,0,83606287,0,-2170078,0,33998,0,-288,0,1 # block t=8356 q=12T56 r=24 k=1
17435501135849124497,0,-33576180751391298540,0,26202809153402243423,0,-10662445013449783440,0,2409773086284077837,0,-293832894114468058,0,16678038638611960,0,-270301233534360,0,1849024009092,0,-5985400248,0,8916339,0,-5192,0,1 # block t=8356 q=12T56 r=24 k=1
217272391786945646977,0,-615731978376061244880,0,690431176212684534677,0,-390486358284204874292,0,116526920179536752814,0,-17142961310173317876,0,965017159198552740,0,-8353620622210096,0,28985583405432,0,-47210415896,0,35469610,0,-10336,0,1 # block t=8356 q=12T56 r=24 k=1
20401591,0,32596466,0,23919497,0,13253884,0,5844692,0,2182110,0,687861,0,179748,0,38777,0,6400,0,710,0,44,0,1 # block t=8357 q=12T56 r=0 k=2
19139449,0,57806280,0,51353666,0,1215984,0,-14942753,0,288400,0,6372876,0,3131520,0,702119,0,91112,0,7666,0,336,0,1 # block t=8357 q=12T56 r=0 k=2
1058419730504669,0,1281669858410824,0,539340650801548,0,120913763486860,0,16841656985124,0,1564247988102,0,100121482226,0,4461764280,0,137439600,0,2854448,0,38037,0,294,0,1 # block t=8357 q=12T56 r=0 k=2
365263752864672,0,472329784084032,0,216436144026096,0,51671338893072,0,7547912522172,0,731576151864,0,49085401248,0,2322853524,0,77532957,0,1789830,0,27234,0,246,0,1 # block t=8357 q=12T6 r=0 k=2
345780224,0,-641372160,0,458204160,0,-166055936,0,45865984,0,-17166080,0,5110592,0,-624896,0,-10288,0,7520,0,-200,0,-24,0,1 # block t=8357 q=12T56 r=0 k=2
23839280666572777,0,60640156398374966,0,62865886251996758,0,33954842106842586,0,10122470159446897,0,1625079349344010,0,127865744114748,0,4223612340850,0,65389544619,0,493896652,0,1760115,0,2590,0,1 # block t=8357 q=12T56 r=0 k=2
1332052092646289,0,1358744606872940,0,492368055741282,0,96941799747176,0,12120234880688,0,1036283974540,0,62874902121,0,2747298140,0,86200868,0,1900192,0,27998,0,248,0,1 # block t=8357 q=12T56 r=0 k=2
5996595734967439897,0,4197106247866484222,0,694639438056206540,0,60171365946876080,0,3390059526008949,0,136040805016596,0,4022712782294,0,87836601682,0,1392250833,0,15499388,0,114537,0,504,0,1 # block t=8357 q=12T56 r=0 k=2
2498897847234643,0,2917455358793342,0,1048262445655069,0,197588504326516,0,23295547387188,0,1862144213034,0,105013596061,0,4245921260,0,122823524,0,2488222,0,33597,0,272,0,1 # block t=8357 q=12T56 r=0 k=2
490925204348109948759,0,378698920318635564519,0,57701333136808184175,0,4159320477047241348,0,177848151132710895,0,4979393771265381,0,95836298334568,0,1295062493373,0,12298874373,0,80498084,0,345981,0,879,0,1 # block t=8357 q=12T6 r=0 k=2
4615090256484444944,0,4983951603720909600,0,1147041027376899096,0,124328648890793800,0,7947279311053969,0,331116209599200,0,9449996978664,0,188824082400,0,2645260206,0,25488000,0,160976,0,600,0,1 # block t=8357 q=12T6 r=0 k=2
11827261735409,0,16605833888840,0,8823566292030,0,2591992170768,0,486551382390,0,62590368148,0,5714039121,0,375229792,0,17657482,0,582120,0,12782,0,168,0,1 # block t=8357 q=12T56 r=0 k=2
1429268544521,0,2118023793844,0,1266321050890,0,429327159924,0,94419788287,0,14394543464,0,1573275628,0,124903304,0,7175639,0,291684,0,7978,0,132,0,1 # block t=8357 q=12T56 r=0 k=2
12828851776,0,26743187152,0,24020503048,0,12479527205,0,4217393572,0,983247748,0,162957089,0,19416587,0,1655567,0,98745,0,3918,0,93,0,1 # block t=8357 q=12T6 r=0 k=2
83269376046225641,0,98363069031346624,0,27378624085702087,0,3832256745633152,0,330644423935467,0,19206196216832,0,783708441520,0,22854225152,0,475449293,0,6906240,0,66638,0,384,0,1 # block t=8357 q=12T56 r=0 k=2
458357033715777504799,0,-421098993972806506498,0,117428978570498799865,0,-16301154883773009476,0,1302783601967833974,0,-61458712540490250,0,1576342714366798,0,-15368122344174,0,-57425990061,0,-324120862,0,-520605,0,-998,0,1 # block t=8357 q=12T56 r=8 k=1
10923691239,0,-506992570245,0,-5436962621328,0,286817668208780,0,1899936172874109,0,4358713129503803,0,4130767127455235,0,1276094589157709,0,-40025841206657,0,-214937381912,0,-254643454,0,27133,0,1 # block t=8357 q=12T6 r=8 k=1
27912415952863232,0,210881717623733416960,0,303383345969180049440,0,55956736028383931783,0,-1070516384631593347,0,-589785492108183280,0,-7089333929363048,0,1110497968753814,0,26754475799130,0,34036901256,0,-326912400,0,109643,0,1 # block t=8357 q=12T6 r=8 k=1
805914101874335669473,0,1430657994050633423619,0,202503441479448948315,0,-15998706445628829281,0,-186632290223925309,0,20496987290932857,0,53497358566620,0,-9217062055953,0,-20616208353,0,1411910476,0,7139205,0,5226,0,1 # block t=8357 q=12T6 r=8 k=1
1080783397,0,-2877341952,0,3372097268,0,-2363700572,0,1065475230,0,-327057240,0,70365337,0,-10717680,0,1143822,0,-82696,0,3788,0,-96,0,1 # block t=8357 q=12T56 r=8 k=1
57056568894065659456,0,234878939350967525088,0,199030734083372631744,0,-426491294184703427792,0,-948345623528430400308,0,-614255320929777001038,0,-74546369443730106777,0,39047635358843177556,0,-16941394890020214,0,-167351534283821,0,-108579147072,0,371208,0,1 # block t=8357 q=12T6 r=8 k=1
297089262214144,0,860636270760192,0,209734936108992,0,-30301791838144,0,-6166557015536,0,519527192404,0,50980728945,0,-3585380570,0,-115147073,0,4998776,0,155103,0,750,0,1 # block t=8357 q=12T6 r=8 k=1
4549510477,0,-6457432470,0,3340560810,0,-734985842,0,12131865,0,26617716,0,-3316026,0,-774540,0,310725,0,-44654,0,3171,0,-96,0,1 # block t=8357 q=12T56 r=8 k=1
18060310355263721062189,0,-14350552298080340845762,0,1450866149114589010251,0,-70010679822920042480,0,2050239011179592525,0,-40157839436901846,0,550765237396486,0,-5389288758642,0,37589165897,0,-183008714,0,591942,0,-1144,0,1 # block t=8357 q=12T56 r=8 k=1
4865956356792703107103,0,9523397887697396656485,0,5125072166662888886593,0,1346811465346979817241,0,203789756785615134561,0,18716893286878460373,0,1030631504759773272,0,30984647807207169,0,364738897132663,0,-1195653268070,0,945122223,0,-111470,0,1 # block t=8357 q=12T6 r=8 k=1
40453345325168405916313,0,33795727370436302645874,0,-80929498610377306947897,0,35240192176069771357386,0,-1876177476013020918461,0,-1565053132321617828522,0,227608353201438354200,0,1022004596453442210,0,1648044947934227,0,1169525717200,0,353431394,0,33828,0,1 # block t=8357 q=12T56 r=8 k=1
10972151880061,0,-15939219636900,0,8595180330127,0,-2546396249824,0,480650487356,0,-62071493372,0,5682576995,0,-373928912,0,17622347,0,-581560,0,12778,0,-168,0,1 # block t=8357 q=12T56 r=8 k=1
6166195239194245549,0,-6683091854466096048,0,1510799812407577839,0,-167226412693806564,0,11230880189149411,0,-501432245838048,0,15486275856500,0,-332730147996,0,4855505250,0,-45758238,0,262109,0,-876,0,1 # block t=8357 q=12T56 r=8 k=1
47942181118928092084579,0,230177601383866486805847,0,443056914063053525994807,0,428728690140280382282908,0,210460521128081238504567,0,43708730339103059185056,0,1136391372878856207729,0,-18974110570984104633,0,40705165576943982,0,-18081375317690,0,29971290,0,62418,0,1 # block t=8357 q=12T6 r=8 k=1
98490176,0,-145900608,0,61922208,0,146848,0,-4928432,0,-590000,0,1208000,0,-461432,0,100532,0,-13936,0,1180,0,-54,0,1 # block t=8357 q=12T56 r=8 k=1
21808847782954289,0,36628094711980402,0,-7008290924151413,0,-36553128291289660,0,-15109455339730803,0,-52872857241906,0,260345524241067,0,-17985243634766,0,410309953037,0,-2592017652,0,6114507,0,-4962,0,1 # block t=8357 q=12T56 r=16 k=1
42813263332555768256,0,-100892357265217685120,0,-122727660991544306960,0,619476780838240182576,0,-739124826296294855872,0,341598858680202357688,0,-24432065460855270499,0,-16702447218559545041,0,-9389020200543018,0,83007190085027,0,-56283658758,0,-263589,0,1 # block t=8357 q=12T6 r=16 k=1
1156739281179685441,0,3834896437763618983,0,710431196399710009,0,-63784127524496840,0,-6937773944758731,0,502171414970666,0,10616967203151,0,-1390427120637,0,35619653248,0,-367783046,0,1528972,0,-2448,0,1 # block t=8357 q=12T6 r=16 k=1
1954886814323614871552,0,2848380327492944614400,0,-481440285735714367488,0,21585760941534049152,0,314696215261917408,0,-45146802461864480,0,686991089849649,0,17944048381405,0,-501808031345,0,1601208768,0,17417564,0,-8733,0,1 # block t=8357 q=12T6 r=16 k=1
19163032686252595129717,0,64667505711930351095320,0,-258072898746330570264600,0,307762859037305711621400,0,-173342993377378213462164,0,47755410868715501950334,0,-5202978453011253158265,0,-46264246378275870,0,7872678487802688,0,1749336672,0,-1179251852,0,8,0,1 # block t=8357 q=12T56 r=16 k=1
1186050701118014971,0,70702991450996360,0,-2566832106510788711,0,1961718975091394316,0,-433436172627620787,0,-32135526433628816,0,22407404461356340,0,-2061989744070209,0,-2126952325101,0,118984792275,0,-309021245,0,-15301,0,1 # block t=8357 q=12T6 r=16 k=1
483186344778801,0,-213522705567684,0,-1048358063774190,0,1176382771577594,0,-387299456898719,0,-2032122846375,0,21447037368588,0,-2717499873025,0,-7286244540,0,723119613,0,-3910335,0,-1426,0,1 # block t=8357 q=12T6 r=16 k=1
222551900860430685184,0,513789104158788391936,0,-7473109673758131200,0,-5981145116794372864,0,502917272803764224,0,-17106906569480512,0,251521071661280,0,-174917533584,0,-40541892452,0,449738176,0,-1465978,0,-324,0,1 # block t=8357 q=12T6 r=16 k=1
66753031077229,0,127576430343992,0,-193689288435398,0,93881493079646,0,-21649649517340,0,2445310371452,0,-107836173032,0,-829649246,0,111283937,0,-415222,0,-26612,0,76,0,1 # block t=8357 q=12T56 r=16 k=1
4150795354759687599,0,-11623372312974804144,0,-3023643348541306659,0,43307144845954513769,0,-55823870980556438627,0,25050482900853390449,0,-56603590130198523,0,-1979338199263427430,0,-1634727527433136,0,39977208579781,0,80227947164,0,-568467,0,1 # block t=8357 q=12T6 r=16 k=1
222528745468615311299,0,16485416092407444000,0,-178326655147615316272,0,97760598795392175714,0,-22095934153852477431,0,2233935078591553262,0,-77898291689637818,0,-238759348777462,0,1506187039549,0,1854663930,0,-5784547,0,-914,0,1 # block t=8357 q=12T56 r=16 k=1
19141192556138480323,0,51165287040627243128,0,43086804008711071682,0,9722232228110046960,0,-2108976288212452330,0,-518443790885621982,0,70970155984122002,0,-1079821506289876,0,6612106242709,0,-19086129098,0,24207396,0,-8958,0,1 # block t=8357 q=12T56 r=16 k=1
70697922171636389867,0,-592955731282149156354,0,-2853662439241960448483,0,-3533465900109738263114,0,-831863242152128465207,0,894193558751072889988,0,324991329944596093486,0,-55737096374079902697,0,281586089487694409,0,-418967181882677,0,192700679789,0,-1028215,0,1 # block t=8357 q=12T6 r=16 k=1
1393637154721,0,3356412770354,0,1678630541567,0,-698585707777,0,-456639690746,0,85183203119,0,28916695886,0,-7975892719,0,648438793,0,-20885572,0,243762,0,-1028,0,1 # block t=8357 q=12T6 r=16 k=1
75930368639497,0,-37408135138729672,0,4994949998454465340,0,-93709258903225393298,0,55274140353935069549,0,5323050010972134176680,0,-583556960281766553585,0,-168221616021691400,0,998694944339326,0,94314029240,0,-242338407,0,-1178,0,1 # block t=8357 q=12T56 r=16 k=1
6882168988897524233792,0,-13764550634876770674592,0,11170621227157325670000,0,-4717329987824292526408,0,1099127999649012772620,0,-135778271965327614098,0,7343807646013576473,0,-65638032463161776,0,197734484588912,0,-202242845248,0,86840083,0,-15738,0,1 # block t=8357 q=12T6 r=24 k=0
135136514884643,0,-231886620403581,0,128120813324691,0,-36223424534436,0,6169599166159,0,-683266711904,0,51103863315,0,-2620658709,0,91879541,0,-2153989,0,32099,0,-273,0,1 # block t=8357 q=12T6 r=24 k=0
14213388852451424075776,0,-10677973402218544758784,0,1211922709702562547200,0,-65608680193831087320,0,2135453353028174004,0,-45922130319340450,0,681463474074615,0,-7089513616014,0,51437128647,0,-253152894,0,795085,0,-1402,0,1 # block t=8357 q=12T6 r=24 k=0
112705092100951702353464,0,-110635261237509637510924,0,35478620959966968218038,0,-4781791751793427595609,0,330597847777468962541,0,-12855538847420455256,0,291518112084639476,0,-3823180404112762,0,27361504505442,0,-94370700004,0,135268046,0,-51429,0,1 # block t=8357 q=12T6 r=24 k=0
12526144932458496,0,-34938941051851776,0,40879581166308096,0,-25885027657595520,0,9516215268103632,0,-2013494923420824,0,225755833528045,0,-11047084375992,0,204549458934,0,-1408482439,0,3400062,0,-3216,0,1 # block t=8357 q=12T6 r=24 k=0
62401751,0,-194337450,0,267824445,0,-216709140,0,115003207,0,-42274930,0,11061631,0,-2079640,0,279241,0,-26150,0,1623,0,-60,0,1 # block t=8357 q=12T6 r=24 k=0
48072235936,0,-117017966016,0,119814826992,0,-67945062128,0,23749134012,0,-5404604616,0,824686368,0,-85446252,0,5996637,0,-279290,0,8226,0,-138,0,1 # block t=8357 q=12T6 r=24 k=0
23635212610213,0,-77787520185648,0,101722613544462,0,-67859108323704,0,24771682161015,0,-4952410693536,0,525061887316,0,-29888674800,0,925836675,0,-15565680,0,137982,0,-600,0,1 # block t=8357 q=12T6 r=24 k=0
199028348169350496631423,0,-281203248566884290754038,0,98419105416494882584134,0,-14267375804161110315676,0,1034864795547534396330,0,-40641900600562756740,0,900257938706208363,0,-11212335713728044,0,73974713723514,0,-223936076926,0,254485419,0,-67392,0,1 # block t=8357 q=12T6 r=24 k=0
62609553162999901,0,-225572166857820690,0,324416508250853514,0,-236088628339995216,0,90383143509832515,0,-16926992838511767,0,1251009781677538,0,-39720961284849,0,525860837835,0,-2772145791,0,5329416,0,-4023,0,1 # block t=8357 q=12T6 r=24 k=0
75944749,0,252600894,0,275167995,0,130847170,0,28452816,0,4007358,0,1248198,0,282528,0,12546,0,-3224,0,-306,0,6,0,1 # block t=8358 q=12T56 r=4 k=1
146545943262277,0,33273198781626,0,-1359529515798828,0,-319352262227682,0,147421855476594,0,137313169892796,0,-261298549332079,0,-18000301815156,0,-506586833090,0,-4328348994,0,1116612,0,1446,0,1 # block t=8358 q=12T56 r=4 k=1
181472145290087,0,110789876586802,0,-144492257963714,0,42722061332874,0,-3580836737120,0,-464058422506,0,126979859086,0,-13131432188,0,691152543,0,-1972278,0,52662,0,-56,0,1 # block t=8358 q=12T56 r=4 k=1
1670014226432,0,2679724380160,0,-740431293440,0,-11270091594752,0,-5642040783104,0,11461345007104,0,-3395626732288,0,185170246336,0,-10307195536,0,23547520,0,156840,0,-76,0,1 # block t=8358 q=12T56 r=4 k=1
86168166934621,0,-47606456921557,0,-291296151740051,0,-194499765585469,0,-107307790217007,0,5926542888705,0,4706940283435,0,5587405261780,0,55337145017,0,229070124,0,626771,0,985,0,1 # block t=8358 q=12T7 r=4 k=1
13588669334355710071,0,29425052643162675158,0,16389278790979873767,0,622941407980160198,0,113117764094948785,0,527121819510960,0,131829388777884,0,-4154772995559,0,-16449742839,0,243431567,0,316180,0,-3984,0,1 # block t=8358 q=12T7 r=4 k=1
19155223318428541,0,26481765748578516,0,7618615200137562,0,950881425626148,0,56325575276391,0,997184608952,0,-58386168084,0,-3484231240,0,-62252133,0,-119884,0,7418,0,100,0,1 # block t=8358 q=12T7 r=4 k=1
88817,0,29484,0,-191260,0,-65402,0,151670,0,92180,0,-16318,0,-21986,0,-1731,0,1678,0,230,0,-36,0,1 # block t=8358 q=12T56 r=4 k=1
6808338529,0,1055058670698,0,1199805042105,0,896965256902,0,515801802816,0,159934088196,0,24264841839,0,1610458218,0,26722089,0,-1105100,0,-9372,0,126,0,1 # block t=8358 q=12T56 r=4 k=1
1182868289821,0,4012685549516,0,5085464118350,0,2516084160100,0,48925011943,0,-80411399432,0,125196014804,0,-5665727928,0,203641819,0,-3578372,0,47614,0,-364,0,1 # block t=8358 q=12T56 r=4 k=1
53614933,0,79039008,0,-238411360,0,68036232,0,-8401214,0,-3605390,0,370643,0,181912,0,2060,0,-3036,0,-332,0,4,0,1 # block t=8358 q=12T56 r=4 k=1
643302331,0,2522380154,0,3249235913,0,2125941048,0,806815772,0,190286110,0,46337977,0,12504296,0,2425388,0,255298,0,8697,0,-284,0,1 # block t=8358 q=12T56 r=4 k=1
134073241,0,0,0,-891637350,0,0,0,182561572,0,0,0,-40362176,0,0,0,-502794,0,0,0,2425,0,0,0,1 # block t=8358 q=12T56 r=4 k=1
3335831,0,-31401397325,0,80107081677,0,383393226512,0,-99963875589,0,879976211113,0,-166435866591,0,441171440536,0,6059590159,0,45831563,0,207539,0,579,0,1 # block t=8358 q=12T7 r=4 k=1
734867778644955136,0,262038320376908959744,0,-35779622539243371187200,0,-8046019669539148826624,0,-886542247473727909376,0,-48577004225766092544,0,-1277056564462019712,0,-14067094049205696,0,-45520830736944,0,-88135254656,0,-84710300,0,-42240,0,1 # block t=8358 q=12T7 r=4 k=1
148010143249946683,0,174839148352394822,0,46460401453799893,0,6174707587311602,0,505048383749785,0,27796970495288,0,1074616735486,0,29693899334,0,585511999,0,8064842,0,73834,0,404,0,1 # block t=8359 q=12T56 r=0 k=1
2027315404281847,0,2872776067417513,0,1066441355669216,0,202083403680828,0,23740818294496,0,1884889159511,0,105496638985,0,4236057521,0,121886251,0,2461783,0,33237,0,270,0,1 # block t=8359 q=12T7 r=0 k=1
34264324847377874184769,0,31171031025719561185230,0,3043701752139119379963,0,139939737820699965540,0,3875661188593970287,0,71361918482356530,0,915062971843331,0,8328396235320,0,53761292673,0,241066350,0,714687,0,1260,0,1 # block t=8359 q=12T56 r=0 k=1
793575364523609198955241,0,484044121981124195212350,0,36603690819436703396705,0,1312542021620825247240,0,28394910343701628606,0,408472682072580000,0,4090701178810600,0,29060308238040,0,146316252563,0,511348950,0,1180677,0,1620,0,1 # block t=8359 q=12T56 r=0 k=1
61918613824231,0,241219558048728,0,383765526245955,0,339035792519722,0,202239729543213,0,91646768394378,0,27812479970040,0,3866967748395,0,32896780137,0,159593251,0,473214,0,876,0,1 # block t=8359 q=12T7 r=0 k=1
4955516048537177552073,0,3552822882286312491792,0,377866079903041379328,0,19291784041269059482,0,598785389549336582,0,12489874340800304,0,184384593773920,0,1979039229118,0,15574549329,0,88773910,0,350714,0,864,0,1 # block t=8359 q=12T7 r=0 k=1
100461462405233,0,127915404850412,0,58059433896530,0,14319707140380,0,2240463550415,0,239319412568,0,18099972412,0,983141144,0,38222495,0,1040060,0,18834,0,204,0,1 # block t=8359 q=12T56 r=0 k=1
1921288706801,0,6661121600256,0,10157053921824,0,8914103713964,0,4938794977767,0,1777586574396,0,410194059776,0,57132135132,0,4153439079,0,110505012,0,1374504,0,-1656,0,1 # block t=8359 q=12T7 r=0 k=1
288409384888179286720,0,523580051619720900160,0,399641256146897528864,0,167919227919375874992,0,42284306976238871216,0,6425844458853732122,0,549845883666632401,0,20839429578299291,0,46603558949984,0,46650837417,0,25446989,0,7522,0,1 # block t=8359 q=12T7 r=0 k=1
50247567,0,99993744,0,73654260,0,29863814,0,10737932,0,4204422,0,1512553,0,433248,0,92364,0,13682,0,1300,0,60,0,1 # block t=8359 q=12T56 r=0 k=1
112853,0,-694182,0,1927606,0,-3185586,0,3471219,0,-2604864,0,1361132,0,-487104,0,113087,0,-14858,0,670,0,34,0,1 # block t=8359 q=12T7 r=0 k=1
233247142424637067847,0,80178611402165394590,0,12278486268686902236,0,1084717191003628442,0,41480975710216171,0,-1227843766145780,0,-88787595047472,0,1034600311444,0,88787424717,0,784969270,0,4032084,0,2546,0,1 # block t=8359 q=12T7 r=0 k=1
107641807392521189,0,599228201001628881,0,1224506259169787900,0,1183566780929952646,0,751644690563014006,0,563699777145086063,0,327110776039336667,0,64546914154826915,0,138391004928284,0,119322417292,0,51697388,0,11293,0,1 # block t=8359 q=12T7 r=0 k=1
2291468803,0,4749085900,0,4134922961,0,2062652462,0,685923296,0,169944318,0,33942447,0,5535048,0,697883,0,62192,0,3476,0,100,0,1 # block t=8359 q=12T56 r=0 k=1
594511821878848,0,2604425819501056,0,4258313229874240,0,2895172946187200,0,490592917549904,0,-126754520780800,0,29343282562464,0,-84098474512,0,-760921640,0,35538680,0,-248576,0,516,0,1 # block t=8359 q=12T56 r=0 k=1
531441,0,0,0,-45585828,0,0,0,-20516247,0,0,0,-2701674,0,0,0,-62775,0,0,0,171,0,0,0,1 # block t=8359 q=12T56 r=4 k=2
246511235627483,0,92816972780290,0,-516554939110600,0,-211686410672958,0,-178371253485599,0,-28806322958270,0,-2482213391084,0,-55345590716,0,-660099558,0,-1651352,0,38096,0,354,0,1 # block t=8359 q=12T56 r=4 k=2
2518828390879,0,9338311697319,0,15188689153897,0,13253968290289,0,5605421817544,0,513528776167,0,-332053315598,0,-123071797132,0,1768708017,0,-17821073,0,115635,0,-470,0,1 # block t=8359 q=12T7 r=4 k=2
957876343396567911,0,2472441002889020361,0,-539239194354047517,0,47736609436822644,0,-2318701035157407,0,71675872241058,0,-1677741183315,0,35207117937,0,-631098054,0,8219286,0,-74916,0,384,0,1 # block t=8359 q=12T7 r=4 k=2
1169,0,-6916,0,6636,0,7952,0,-17710,0,11116,0,-1126,0,-2468,0,1773,0,-624,0,130,0,-16,0,1 # block t=8359 q=12T7 r=4 k=2
258176953,0,236490104,0,-256430276,0,114208132,0,-35851874,0,8045572,0,-1078851,0,67696,0,-4006,0,2732,0,-428,0,-4,0,1 # block t=8359 q=12T56 r=4 k=2
4096,0,0,0,-2529280,0,0,0,-82176,0,0,0,156416,0,0,0,-5136,0,0,0,-9880,0,0,0,1 # block t=8359 q=12T56 r=4 k=2
19798972852894633,0,71477786989983124,0,103422827647038110,0,77900567741491484,0,33141692036899875,0,7870967889751602,0,924856247298648,0,37223716330918,0,506901521895,0,-1516054418,0,-839169,0,1450,0,1 # block t=8359 q=12T56 r=4 k=2
514887680,0,20385986560,0,-424555623424,0,2791346693632,0,-11315977187328,0,11097991486976,0,-4787016023232,0,-6782952467968,0,17303890560,0,85659544,0,13444,0,366,0,1 # block t=8359 q=12T7 r=4 k=2
156455392257922759,0,342280974631368710,0,219450219462736516,0,38161230350910170,0,4830601059472619,0,305481012246172,0,10914512710368,0,-559991995052,0,-1223127155,0,67183102,0,-164,0,-2254,0,1 # block t=8359 q=12T7 r=4 k=2
40678695465140537,0,103447888919749416,0,80299489155704308,0,24742017664747824,0,2753089290391944,0,97288992611846,0,-340989673450,0,79724361224,0,5834430625,0,-327879278,0,1371010,0,-2014,0,1 # block t=8359 q=12T7 r=4 k=2
668333,0,354102,0,-1188743,0,230546,0,78710,0,-8738,0,-34007,0,-27778,0,3422,0,898,0,-639,0,-10,0,1 # block t=8359 q=12T56 r=4 k=2
1526146637,0,5380226022,0,8032135977,0,7084218910,0,4247556300,0,1778161086,0,528458787,0,109494612,0,14938473,0,1190638,0,39042,0,-432,0,1 # block t=8359 q=12T56 r=4 k=2
1,0,0,0,-65535,0,0,0,38448,0,0,0,-589984,0,0,0,-73485,0,0,0,241,0,0,0,1 # block t=8359 q=12T56 r=4 k=2
385992272063,0,-154408188504,0,-3348265832002151,0,611880419933584,0,-3694972855530846,0,170380182821616,0,-63616206132185,0,-1448661175814,0,5590421291,0,140878228,0,-719154,0,210,0,1 # block t=8359 q=12T56 r=4 k=2
420787107769526166341,0,-1008069857430139248008,0,973932203685376437911,0,-482716215727054084908,0,128582371303423305216,0,-17413632277164287252,0,974513144413844521,0,-8397168216761700,0,29059821118133,0,-47258711704,0,35486036,0,-10336,0,1 # block t=8359 q=12T56 r=24 k=0
1197650363186047,0,-3204288868013184,0,3537339000528316,0,-2080029403952066,0,701081986143429,0,-135605183867762,0,14298927618018,0,-750359723974,0,19679113605,0,-246053402,0,1246905,0,-2310,0,1 # block t=8359 q=12T56 r=24 k=0
157977377772828857321,0,-431785754375481112698,0,482041975059418155457,0,-279792274077649638858,0,88322991061978398752,0,-14219408300055614222,0,916322088675975499,0,-8079707341239520,0,28340369144517,0,-46550001918,0,35219750,0,-10304,0,1 # block t=8359 q=12T56 r=24 k=0
4369083250607241805687,0,-6759231828363967257380,0,3260537748388513168098,0,-724125710637604083746,0,82261949275518888520,0,-4740490474598123970,0,127423660761139970,0,-1610027771259590,0,9559079673035,0,-24723189108,0,26890494,0,-9882,0,1 # block t=8359 q=12T56 r=24 k=0
73759673,0,244977752,0,360038070,0,312211600,0,177662490,0,69036828,0,18417197,0,3331104,0,402930,0,33160,0,1834,0,24,0,1 # block t=8360 q=12T56 r=0 k=0
6345529,0,12769884,0,6229802,0,196380,0,2890399,0,5831800,0,5557740,0,3112024,0,1105799,0,239020,0,23946,0,12,0,1 # block t=8360 q=12T7 r=0 k=0
125570815202294481066957,0,102714941137720280230134,0,9991371404054097855147,0,-4294293899410897162949,0,329089922852517555386,0,-8540816916420141570,0,11056255868083642,0,1740879609469095,0,2127771379302,0,8958536911,0,7277815,0,19776,0,1 # block t=8360 q=12T7 r=0 k=0
4263751603264,0,6777848448384,0,3974362425856,0,1277234152896,0,261139984592,0,36489439584,0,3611310672,0,256693632,0,13058424,0,464880,0,11012,0,156,0,1 # block t=8360 q=12T56 r=0 k=0
647518941,0,2520579708,0,4451818239,0,4703238000,0,3298139910,0,1609759188,0,557004007,0,136067424,0,22710750,0,2368460,0,118599,0,24,0,1 # block t=8360 q=12T56 r=0 k=0
2359740071957849,0,5020279044221140,0,4435022091163202,0,2453745299918500,0,793696452610264,0,102188504028548,0,-5475556336396,0,-1383606720372,0,84319693642,0,308681132,0,-366063,0,-940,0,1 # block t=8360 q=12T56 r=0 k=0
85739466094214387437459,0,76010247087176434759332,0,4466356658082447693643,0,104881385555449779576,0,1145893648818985032,0,4399510196118976,0,-18759843059230,0,-175181166028,0,1015025124,0,29796838,0,279056,0,1088,0,1 # block t=8360 q=12T56 r=0 k=0
30381821477,0,36287573868,0,19079692373,0,8371899550,0,2893611371,0,715687966,0,196273678,0,33570208,0,6030226,0,525322,0,47063,0,434,0,1 # block t=8360 q=12T56 r=0 k=0
2313787,0,9712598,0,16097711,0,13720140,0,7204589,0,3219622,0,1344841,0,358984,0,52859,0,2750,0,319,0,12,0,1 # block t=8360 q=12T7 r=0 k=0
753992,0,4523952,0,97638808,0,446724480,0,1006620516,0,1395898656,0,1285275428,0,796660332,0,322672340,0,77558668,0,8409106,0,4102,0,1 # block t=8360 q=12T7 r=0 k=0
183476168,0,1100857008,0,2846768904,0,4142655280,0,3706786296,0,2080640592,0,706063268,0,125672820,0,5966490,0,-704712,0,60210,0,348,0,1 # block t=8360 q=12T7 r=0 k=0
8526517831525,0,35533107590745,0,63675613470729,0,63780043850163,0,38600082562815,0,14142831599310,0,2926948710394,0,274158728403,0,3137205330,0,-22155611,0,15084,0,-227,0,1 # block t=8360 q=12T7 r=0 k=0
33568498280261601847,0,25097473710075977052,0,4246566297671403606,0,359600323137014480,0,18743271071259024,0,657366561791748,0,16192342856382,0,285024526992,0,3579188724,0,31383950,0,182811,0,636,0,1 # block t=8360 q=12T56 r=0 k=0
2437469041,0,3842370854,0,2138094357,0,457017798,0,36630010,0,39192134,0,23432829,0,5643850,0,1012026,0,170314,0,15061,0,234,0,1 # block t=8360 q=12T56 r=0 k=0
17949323251,0,61569968466,0,90096809961,0,76188857800,0,42046384860,0,16497615366,0,5049151233,0,1036642032,0,161531100,0,10650370,0,1065081,0,12,0,1 # block t=8360 q=12T56 r=0 k=0
528529,0,0,0,-213846321,0,0,0,68616998,0,0,0,-8474388,0,0,0,482038,0,0,0,-10764,0,0,0,1 # block t=8360 q=12T56 r=4 k=1
75629477503441,0,0,0,-386086236757564,0,0,0,-46920686229818,0,0,0,-2774081836078,0,0,0,-8787731751,0,0,0,181678,0,0,0,1 # block t=8360 q=12T56 r=4 k=1
8506132025,0,32101137700,0,47019485370,0,18646532180,0,-34683357121,0,-52827706840,0,-28950766292,0,-5900155992,0,127745255,0,-568012,0,3770,0,-124,0,1 # block t=8360 q=12T7 r=4 k=1
120532456161523757,0,-454390188299171488,0,-7006129906538095384,0,171865021812489192,0,50025196736483404,0,-397029480602862,0,-519827944709091,0,-3753970581544,0,45572628582,0,-515374700,0,1820004,0,-5742,0,1 # block t=8360 q=12T7 r=4 k=1
2845946850264217,0,15747105586517368,0,28856234626523794,0,17919897236340848,0,427445406595823,0,-192141871411952,0,-16780694048516,0,223955358880,0,-50056201,0,-73002824,0,200754,0,176,0,1 # block t=8360 q=12T7 r=4 k=1
9238855331,0,6602037620,0,-10735962367,0,4577520580,0,-805127037,0,-7462712,0,32580058,0,-7297830,0,882266,0,-66340,0,3113,0,-84,0,1 # block t=8360 q=12T56 r=4 k=1
286199320576,0,0,0,-711660331008,0,0,0,125777809152,0,0,0,-11388064640,0,0,0,-102095024,0,0,0,14292,0,0,0,1 # block t=8360 q=12T56 r=4 k=1
5465324969369,0,21390913369630,0,34998861025465,0,29366635060944,0,13137378927134,0,4034944967224,0,1231655097372,0,41242327410,0,378184321,0,-1882822,0,-39745,0,-30,0,1 # block t=8360 q=12T56 r=4 k=1
25165611272376320,0,-37343741938237440,0,-60753146117707776,0,144834211676147200,0,-109746703421773824,0,15022514283410048,0,3218103697514304,0,-2388876088056640,0,4316485155760,0,-4660015824,0,4378088,0,-1846,0,1 # block t=8360 q=12T7 r=4 k=1
440195946332125851872437,0,534928934653295456010422,0,-48361605842892811543405,0,1803200294802366129246,0,-37120476755713067984,0,475021830904305878,0,-4202942028014226,0,29797772234044,0,-184512960847,0,897575216,0,-2993731,0,5802,0,1 # block t=8360 q=12T7 r=4 k=1
1756807351080063842421,0,12276541067450887514196,0,722293183430014087728,0,10851914514429082318,0,-286276319279243186,0,-21123054403771544,0,-676399063762232,0,-12044306913590,0,-104393485311,0,-253433082,0,882114,0,-1372,0,1 # block t=8360 q=12T7 r=4 k=1
1173754867921,0,3774048459800,0,-2861268557918,0,879018623000,0,-150381506273,0,15462406752,0,-901809220,0,16007776,0,1751759,0,-157176,0,6050,0,-120,0,1 # block t=8360 q=12T56 r=4 k=1
8785809397,0,17415283788,0,14462828691,0,10003436832,0,5436714214,0,2011761396,0,500303923,0,82618040,0,8800190,0,548852,0,13227,0,-272,0,1 # block t=8360 q=12T56 r=4 k=1
103291214525057542495,0,2717727664787995230,0,-92019316682049796119,0,61717295472283617592,0,-18769160410683856020,0,3047981995865060658,0,-256469717561211039,0,8588084781986334,0,28313730009288,0,29513444002,0,17261442,0,5487,0,1 # block t=8360 q=12T7 r=4 k=1
14135678903079022464211,0,33321187082831480598933,0,23481130087463450472771,0,4726209910593986589424,0,477325476694531120914,0,16670049200876291400,0,176399369098294002,0,-250312257746055,0,-1733911216740,0,-3833091992,0,-160560,0,-11298,0,1 # block t=8360 q=12T7 r=4 k=1
34577381559964313,0,-84985781107387272,0,80831711257871490,0,-38694087237661512,0,9993093402643391,0,-1371521064930448,0,92326739310652,0,-2821247981008,0,41236170055,0,-299562984,0,1077154,0,-1768,0,1 # block t=8360 q=12T56 r=24 k=1
1294725277607371,0,-2479014616365492,0,1960184943308910,0,-834470492374184,0,207740436490913,0,-30612174126012,0,2578009068967,0,-116373927812,0,2847488750,0,-37913434,0,263331,0,-850,0,1 # block t=8360 q=12T56 r=24 k=1
9565253967377082049201,0,-39530799402012678454282,0,64001110396372661470329,0,-50584077104232414899324,0,19640621020864870494216,0,-3271133555114326345024,0,179833416049692685862,0,-808276215568450914,0,1365951622028656,0,-1024802074744,0,327082024,0,-32612,0,1 # block t=8360 q=12T56 r=24 k=1
2724652096147746463,0,-7173651710974301078,0,7756748312641617988,0,-4404707488308817208,0,1386335382560706967,0,-231341994701099450,0,17029122621723402,0,-276451121474254,0,1867703473838,0,-5994222334,0,8927346,0,-5180,0,1 # block t=8360 q=12T56 r=24 k=1
61752931366468139008127,0,39335030555791056081268,0,3628216541930378263278,0,160807705409106115534,0,4329391490626393688,0,77915470977168650,0,980597691829262,0,8788943201262,0,56018508112,0,248498702,0,729631,0,1274,0,1 # block t=8361 q=12T56 r=0 k=1
39349315116224576,0,44364369308647104,0,16125730586909376,0,2722657060745312,0,266308126964608,0,16824465539744,0,725847794672,0,21940535576,0,466531256,0,6858640,0,66538,0,384,0,1 # block t=8361 q=12T56 r=0 k=1
5956777095671375,0,23119699468773175,0,38225517219938800,0,34911294291658693,0,19048549876920576,0,6238572906521078,0,1154461231370607,0,100975613290245,0,2254840766751,0,18497345999,0,52934391,0,15030,0,1 # block t=8361 q=12T6 r=0 k=1
300230916612610206313,0,235053165253271410592,0,33268001411580341291,0,2304509936304132028,0,97641329935754120,0,2777679673469500,0,55468197660959,0,791835352336,0,8071985103,0,57544016,0,273072,0,776,0,1 # block t=8361 q=12T56 r=0 k=1
39494171734746688,0,38880111440834016,0,11157345917345200,0,1663839399149888,0,154763236687096,0,9751998235518,0,433497390201,0,13819788178,0,315356808,0,5042441,0,53770,0,344,0,1 # block t=8361 q=12T6 r=0 k=1
3520947913457056993,0,3204160912671689608,0,655027345586388211,0,66946896616133952,0,4209699656826332,0,178066394600248,0,5288733154055,0,112228539808,0,1698649255,0,17949360,0,125978,0,528,0,1 # block t=8361 q=12T56 r=0 k=1
9969868456,0,23750543184,0,24673550252,0,14750772492,0,5640054397,0,1450219594,0,256763243,0,31514188,0,2660312,0,150630,0,5431,0,112,0,1 # block t=8361 q=12T6 r=0 k=1
259569107434423121,0,335330956762666290,0,144865183867240853,0,31529041289912954,0,3984641633215090,0,310090605538240,0,15158528106813,0,463775858260,0,8677244308,0,94920942,0,557990,0,1482,0,1 # block t=8361 q=12T56 r=0 k=1
723109868154001,0,774628949631400,0,297865417622385,0,62324254454080,0,8275431540676,0,750268630800,0,48167278590,0,2221224000,0,73330650,0,1694800,0,26074,0,240,0,1 # block t=8361 q=12T56 r=0 k=1
1861752397,0,3041236518,0,1875992836,0,448916570,0,-69493841,0,-71704444,0,-14801142,0,562058,0,787580,0,134180,0,8992,0,208,0,1 # block t=8361 q=12T56 r=0 k=1
16594776895883346173,0,14622769483335659602,0,2492997240314232735,0,140993698570847266,0,2927795471784525,0,-17927921466846,0,-1903048987788,0,-30215059164,0,-5891414,0,5611548,0,76177,0,442,0,1 # block t=8361 q=12T56 r=0 k=1
125111050708380157,0,226043209382113500,0,142086725571309645,0,31491457113174836,0,153076622223555,0,370039442909904,0,298141455406812,0,-6708612633696,0,48268962675,0,-83314624,0,-308598,0,654,0,1 # block t=8361 q=12T56 r=0 k=1
653756971897,0,1991686875873,0,2590945008105,0,1880151227638,0,835273487551,0,235161468689,0,42134066038,0,4715876207,0,314418247,0,11289570,0,175265,0,775,0,1 # block t=8361 q=12T6 r=0 k=1
101169827689,0,175233136050,0,129469235553,0,55407127104,0,15508136588,0,3014665668,0,419425126,0,42218496,0,3058164,0,155700,0,5294,0,108,0,1 # block t=8361 q=12T56 r=0 k=1
10750159526303580445729,0,-38817240501476595794796,0,55373965137416932520064,0,-39136937783628985239294,0,13881666046670398530384,0,-2107651276828382371434,0,61504604976960952255,0,-593684123114709144,0,1799103647776638,0,-1707370729182,0,430398705,0,-37782,0,1 # block t=8361 q=12T6 r=24 k=0
73973416709918745664,0,-119015083291411728000,0,65890026146337753104,0,-17155231009775403040,0,2295506977381344321,0,-158974472485166154,0,5446165606562535,0,-87358579469004,0,664676663104,0,-2398465438,0,4186063,0,-3380,0,1 # block t=8361 q=12T6 r=24 k=0
2631363973432489,0,-4249400374705817,0,2780134816697357,0,-969276409405107,0,198928958220060,0,-24950322254550,0,1919722685532,0,-89145571207,0,2438343519,0,-37628520,0,300468,0,-1026,0,1 # block t=8361 q=12T6 r=24 k=0
2296638139443116267303,0,-6405158496645614423488,0,6940748184125176706004,0,-3723950753780217607378,0,1032495316159816169658,0,-139159030054431838562,0,7560547936264308972,0,-66501676030167710,0,199492551059783,0,-203098589308,0,86991856,0,-15738,0,1 # block t=8361 q=12T6 r=24 k=0
433429929183919137699697,0,-749505865885116165492472,0,496229391234743720809359,0,-166732558125129416025684,0,30572250817220220885270,0,-2951053295653672964300,0,122254907913357991486,0,-593098622101841596,0,1095212405951411,0,-893162550870,0,306558911,0,-31724,0,1 # block t=8361 q=12T56 r=24 k=0
766203522228181,0,-1670881351789665,0,1498169014140351,0,-711589912482987,0,192315315032511,0,-29626169289975,0,2504658441256,0,-112285813212,0,2681295855,0,-34339050,0,231951,0,-774,0,1 # block t=8361 q=12T6 r=24 k=0
159921,0,-691776,0,-703740,0,1640822,0,-1253684,0,676360,0,-294813,0,92764,0,-19056,0,2334,0,-116,0,-8,0,1 # block t=8362 q=12T56 r=4 k=2
58744438906222021,0,169938873813937482,0,-61906066019323041,0,9467642958235022,0,-821257613205106,0,44485235586384,0,-1542031326612,0,33152077016,0,-384117104,0,865682,0,31250,0,-324,0,1 # block t=8362 q=12T56 r=4 k=2
22608034192141,0,78421473740954,0,103973817452917,0,52461296607928,0,-5045367865105,0,-7231326052388,0,1890204349782,0,-15025272332,0,590580965,0,-10246946,0,106602,0,-552,0,1 # block t=8362 q=12T56 r=4 k=2
4096,0,-2048,0,-15360,0,-7680,0,-1792,0,-2304,0,-512,0,608,0,288,0,120,0,32,0,6,0,1 # block t=8362 q=12T7 r=4 k=2
9771238934977689,0,-2321694735855248871,0,-211710939053178459690,0,7862021946866310363,0,1211295187487050200,0,-88985431328075388,0,-6453588523937409,0,-25410946835997,0,220492848735,0,-1708666407,0,4110705,0,-8532,0,1 # block t=8362 q=12T7 r=4 k=2
1169,0,6916,0,6636,0,-7952,0,-17710,0,-11116,0,-1126,0,2468,0,1773,0,624,0,130,0,16,0,1 # block t=8362 q=12T7 r=4 k=2
1,0,0,0,-30,0,0,0,-40,0,0,0,-31,0,0,0,-40,0,0,0,-30,0,0,0,1 # block t=8362 q=12T56 r=4 k=2
5279972156761,0,0,0,-86840107007035749,0,0,0,-4041434452467096,0,0,0,-5137308829417195,0,0,0,-4231555705023,0,0,0,4565464,0,0,0,1 # block t=8362 q=12T56 r=4 k=2
14923745233324427949583,0,-25616627035574256907846,0,-221432439891069326410793,0,-32304324190665011946456,0,-3242585823328920741149,0,-238070893748657244744,0,-7807814713014479190,0,-55942243230780578,0,-157807840413759,0,-219292164590,0,-151120516,0,-41162,0,1 # block t=8362 q=12T7 r=4 k=2
3970819,0,-506924,0,-5339809,0,5712298,0,-2730886,0,595526,0,37258,0,-66452,0,21940,0,-4090,0,472,0,-32,0,1 # block t=8362 q=12T56 r=4 k=2
663382789783099,0,2789963077153024,0,4762388708612389,0,4072535807899838,0,1733325720055398,0,333343910004918,0,37796790574984,0,1043400258078,0,10228824207,0,19499194,0,-168045,0,-412,0,1 # block t=8362 q=12T56 r=4 k=2
3357189706711595,0,42722429815998010,0,-190656640978585076,0,171304494601659419,0,-79917406070087888,0,27243468635247423,0,-5653110134644053,0,463976763839524,0,2183920171515,0,4736747912,0,5586266,0,3627,0,1 # block t=8362 q=12T7 r=4 k=2
523879,0,3997884,0,4687081,0,-2283432,0,-12479851,0,-11773278,0,-4546710,0,224148,0,153449,0,8430,0,-2690,0,-72,0,1 # block t=8362 q=12T56 r=4 k=2
1237943833,0,1079915228,0,-547816220,0,-225876512,0,42366003,0,37877280,0,-7806966,0,-240158,0,-222351,0,118950,0,-12943,0,26,0,1 # block t=8362 q=12T56 r=4 k=2
38809,0,0,0,-556374,0,0,0,-374112,0,0,0,-306572,0,0,0,-8586,0,0,0,161,0,0,0,1 # block t=8362 q=12T56 r=4 k=2
320346864720619812067,0,350973455014645556378,0,49192138173908019305,0,3296123578936200632,0,134251152235279634,0,3663733238929618,0,70147418442913,0,960341119488,0,9394849813,0,64338208,0,293676,0,804,0,1 # block t=8363 q=12T56 r=0 k=2
653429045186981389591,0,500974553034822842522,0,66074326362423487818,0,4251807922114169796,0,167336028594117811,0,4425182361948838,0,82240479483968,0,1094156637190,0,10411970392,0,69415790,0,308700,0,824,0,1 # block t=8363 q=12T56 r=0 k=2
10353101269769,0,37183367924380,0,54078867152273,0,40356740327050,0,15624341855314,0,2364026173980,0,-222575746289,0,-72766965460,0,5301265625,0,39262754,0,-82860,0,-514,0,1 # block t=8363 q=12T56 r=0 k=2
55209032,0,-331254192,0,4501192008,0,-19469463280,0,39505069176,0,-44847293136,0,30027401828,0,-11244629172,0,1733895450,0,68444232,0,1429746,0,-1692,0,1 # block t=8363 q=12T7 r=0 k=2
2020895315011,0,2804115468205,0,1510800639123,0,396178934548,0,49324428667,0,3900559190,0,826475591,0,78572833,0,-4578561,0,172991,0,-6627,0,65,0,1 # block t=8363 q=12T7 r=0 k=2
57189974600527226857,0,41415010327246671780,0,6664478484374165154,0,535635110708548970,0,26490956182205487,0,881992188719208,0,20645306068094,0,345901408074,0,4143885036,0,34771638,0,194616,0,654,0,1 # block t=8363 q=12T7 r=0 k=2
2341448,0,14048688,0,36906408,0,55752400,0,53417016,0,33689232,0,13997972,0,3706116,0,577434,0,45096,0,1206,0,-48,0,1 # block t=8363 q=12T7 r=0 k=2
8389638909,0,14288742630,0,10778335200,0,4989051604,0,1613361796,0,385205730,0,69003908,0,9222514,0,902099,0,62456,0,2890,0,80,0,1 # block t=8363 q=12T7 r=0 k=2
388543383776061389,0,1162424092356129418,0,1606614180402521888,0,1307934497877307127,0,660725420152031313,0,202718722578097127,0,34553218926955391,0,2531386522427427,0,5200643683053,0,6727366923,0,5426404,0,2578,0,1 # block t=8363 q=12T7 r=0 k=2
298111872724992,0,-609192329324544,0,464098560076800,0,-152883138866688,0,15993982303488,0,1055251131264,0,-20053275840,0,-12428126784,0,556082928,0,7184592,0,75204,0,306,0,1 # block t=8363 q=12T7 r=0 k=2
104855491,0,132052622,0,98770860,0,88745502,0,69706382,0,36658808,0,12635090,0,2914534,0,454894,0,47338,0,3079,0,102,0,1 # block t=8363 q=12T56 r=0 k=2
2585755510793951,0,3335945659315380,0,1348680060198392,0,285055659366990,0,37367923658302,0,3282253717908,0,200268000863,0,8583347904,0,255940914,0,5133208,0,64402,0,432,0,1 # block t=8363 q=12T56 r=0 k=2
319827247502124979,0,406516162895373762,0,98155681795005285,0,11638759795289748,0,845459563587633,0,41359626050292,0,1428586288622,0,35623507392,0,643798914,0,8302470,0,73075,0,396,0,1 # block t=8363 q=12T56 r=0 k=2
4161278733288200201,0,3900255171983365860,0,864746343891906994,0,94980450273107572,0,6314371636566383,0,276922810857448,0,8341905795644,0,175203145448,0,2555681479,0,25321332,0,162578,0,612,0,1 # block t=8363 q=12T56 r=0 k=2
123474740278854133,0,138533821983980280,0,37274066207906052,0,5054452511896920,0,422758122529418,0,23811907260636,0,942267198530,0,26648175048,0,537633413,0,7573500,0,70866,0,396,0,1 # block t=8363 q=12T56 r=0 k=2
55318583894690933086801,0,-121622062179809330476026,0,94651044746037583470929,0,-31439628106111484807168,0,4373589995483181195267,0,-209030333681584903682,0,3836238050814726687,0,-24394255135183058,0,71738964590429,0,-104587016968,0,69649479,0,-14988,0,1 # block t=8363 q=12T56 r=24 k=2
45288676001402132839,0,-117139318479643166832,0,123117046931414917667,0,-66768149133864901652,0,19458376937675516206,0,-2837140548803297738,0,163551535519627293,0,-2733476533054476,0,15679910573105,0,-33600049106,0,29674308,0,-10368,0,1 # block t=8363 q=12T56 r=24 k=2
124832769721639150499968,0,-236903707749957686710016,0,172305240966386486476928,0,-59436295914569112903552,0,9731633772889006991032,0,-682012069686269765024,0,21914182638551915708,0,-317664747950327572,0,1758164797763957,0,-1127926705764,0,271264274,0,-27568,0,1 # block t=8364 q=12T6 r=24 k=2
21856521604915771867136,0,-57620278216639903694848,0,57095248874386092387328,0,-25823373273222789412352,0,5003608477333522997952,0,-278596483341268227840,0,6890910622168561600,0,-84450147340120384,0,495561810332876,0,-1161513213496,0,945401182,0,-60232,0,1 # block t=8364 q=12T6 r=24 k=2
38780638522624,0,-80476783530496,0,66913863943168,0,-28807756269696,0,7043067022304,0,-1035869438944,0,95383552560,0,-5605221048,0,209394893,0,-4815792,0,63355,0,-412,0,1 # block t=8364 q=12T6 r=24 k=2
4919456621495570219344,0,-3567694215490573743720,0,408011688726636412116,0,-22515211493649423880,0,754786885302123232,0,-16902319587583250,0,264479582379375,0,-2945359948520,0,23318061439,0,-128500450,0,469077,0,-1020,0,1 # block t=8364 q=12T6 r=24 k=2
3580557975617925966881,0,-10296559201422357001572,0,12134066689226049977458,0,-7510101504516956454060,0,2592295447501018168469,0,-486227367033817826179,0,44181180274767083010,0,-1484773443820925305,0,8094066710188062,0,-15452466041625,0,9891744207,0,-217334,0,1 # block t=8364 q=12T6 r=24 k=2
80486777602436701,0,73167609702334978,0,19869764009069647,0,2815002191936246,0,248927917442577,0,14905121761146,0,628873264936,0,18996152800,0,409790786,0,6176384,0,61857,0,370,0,1 # block t=8365 q=12T56 r=0 k=1
3877740340197583887469,0,3084848334514410462498,0,346847465839599214881,0,18608578780498022584,0,603399030112260454,0,13043678360895560,0,197398274371236,0,2142593333384,0,16800833767,0,94197010,0,363513,0,876,0,1 # block t=8365 q=12T56 r=0 k=1
823923747321695831,0,2833637148963363740,0,3990677609480667497,0,2989276551411363374,0,1289372845757113889,0,321497101526046426,0,43160193363396224,0,2442246985001263,0,5104887155227,0,6620836817,0,5336954,0,2532,0,1 # block t=8365 q=12T7 r=0 k=1
294535356887742601,0,628128302420340450,0,453936845670143716,0,118564733655378840,0,7957258335693652,0,2243683229154134,0,328313379853060,0,6309802029114,0,77976402507,0,555857460,0,1827110,0,2216,0,1 # block t=8365 q=12T7 r=0 k=1
51436704872981,0,364844876111802,0,1073902205581275,0,1677931395204304,0,1467438678888183,0,664825648240322,0,99783481953820,0,-14613773540222,0,437225880410,0,1018699530,0,-855477,0,-1350,0,1 # block t=8365 q=12T56 r=0 k=1
190243739327258579,0,174682694011196022,0,43102918558222565,0,5487358156946520,0,436889952307678,0,23691392316644,0,912016401693,0,25340965260,0,507113286,0,7151342,0,67596,0,385,0,1 # block t=8365 q=12T7 r=0 k=1
404819968,0,1300963328,0,1813855232,0,1446277120,0,732542976,0,247794432,0,57330304,0,9137472,0,996000,0,72464,0,3344,0,88,0,1 # block t=8365 q=12T56 r=0 k=1
1318075405253484919,0,1650114492477253788,0,370672945546687488,0,40688595839295680,0,2728069569894051,0,122619926602944,0,3861792910752,0,86754649896,0,1387999557,0,15478532,0,114432,0,504,0,1 # block t=8365 q=12T56 r=0 k=1
72928167105110897,0,93663281062974710,0,26580328248173787,0,3752067164077048,0,324847895356824,0,18882195304770,0,769874479690,0,22422804440,0,466103404,0,6774134,0,65546,0,380,0,1 # block t=8365 q=12T56 r=0 k=1
186724478101745209399171,0,130729065542039381900544,0,13463167159417610736068,0,653159775629426254440,0,18759623166607461041,0,348938396204715342,0,4364601400148192,0,37023178183878,0,209972630810,0,767112804,0,1691584,0,2022,0,1 # block t=8365 q=12T56 r=0 k=1
11158649877447691,0,27063085231419473,0,255572760050732143,0,475214477133945005,0,326085186723830878,0,99568347976721544,0,15777456802123087,0,926677135166802,0,5708525996398,0,-9032827445,0,8699905,0,-3731,0,1 # block t=8365 q=12T7 r=0 k=1
11791572157,0,21952245882,0,17964190587,0,8727318544,0,2832310512,0,650261556,0,108586338,0,13306608,0,1188414,0,75460,0,3234,0,84,0,1 # block t=8365 q=12T56 r=0 k=1
3373266705251,0,9282360989228,0,10902816805515,0,7079172281602,0,2751391609490,0,648232533226,0,89438142259,0,6578258496,0,209699648,0,1945312,0,29636,0,91,0,1 # block t=8365 q=12T7 r=0 k=1
262853641,0,258287064,0,39524502,0,-24409246,0,-6248817,0,638055,0,238983,0,6579,0,21150,0,-2461,0,120,0,-12,0,1 # block t=8365 q=12T7 r=0 k=1
557738117361373829,0,606459171225609678,0,142780206844698417,0,16769164198681382,0,1213045559796604,0,59153215188110,0,2030959852247,0,49980525200,0,880554677,0,10876786,0,89674,0,444,0,1 # block t=8365 q=12T56 r=0 k=1
177283,0,605224,0,601225,0,292042,0,153734,0,3126,0,5900,0,-5928,0,-224,0,-502,0,4,0,-12,0,1 # block t=8365 q=12T56 r=4 k=1
1,0,0,0,-39466872873,0,0,0,-322925673304,0,0,0,-5074928215955,0,0,0,-53544665943,0,0,0,481064,0,0,0,1 # block t=8365 q=12T56 r=4 k=1
20350039244093,0,90806918438938,0,121966217543941,0,82370048868164,0,31935218214982,0,6817668492992,0,746696459936,0,31859508450,0,561374977,0,2483398,0,-31781,0,-194,0,1 # block t=8365 q=12T56 r=4 k=1
142235527838850601,0,101110546130074303563,0,-27831995222242507089279,0,-4541487993038858047234,0,-343444669771013788388,0,-20947033087992703010,0,-824632295058469807,0,-8446266560629742,0,-34271121892822,0,-69177958893,0,-70290498,0,-28684,0,1 # block t=8365 q=12T7 r=4 k=1
6983556541753903747,0,95356758467909296002,0,-11106019411967726036,0,-265840688946155263440,0,-15587283526879502101,0,107679764174558151966,0,9790903452925314166,0,60275770643087370,0,142835017368986,0,157110378690,0,79332962,0,15468,0,1 # block t=8365 q=12T56 r=4 k=1
916574939,0,-159108978,0,-899100412,0,860344338,0,-389643989,0,106176532,0,-18398792,0,1955868,0,-99207,0,-2850,0,772,0,-46,0,1 # block t=8365 q=12T56 r=4 k=1
2754005214490741219,0,74362501103422837394,0,-226259871703354072695,0,252697219160102550641,0,-140796245298108960988,0,44185147774204115991,0,-7639927860061301462,0,578856889638871085,0,876506490960029,0,500844555398,0,138449346,0,18736,0,1 # block t=8365 q=12T7 r=4 k=1
25980928,0,36018176,0,-99677184,0,89638400,0,-43822336,0,12834816,0,-2216960,0,171552,0,13472,0,-5192,0,624,0,-38,0,1 # block t=8365 q=12T7 r=4 k=1
531441,0,-2480058,0,2716254,0,1102248,0,-3431403,0,1408428,0,-24786,0,-136080,0,46818,0,-7938,0,774,0,-42,0,1 # block t=8365 q=12T7 r=4 k=1
1431891,0,312588,0,-2350554,0,2454520,0,-1361166,0,-570634,0,319483,0,27224,0,-31678,0,5296,0,-246,0,-12,0,1 # block t=8365 q=12T56 r=4 k=1
105863521,0,0,0,-22725733290,0,0,0,-80982698135,0,0,0,-70936233686,0,0,0,-10656498,0,0,0,-18596,0,0,0,1 # block t=8365 q=12T56 r=4 k=1
6343,0,17587,0,-97341,0,175075,0,-171181,0,100272,0,-34640,0,5361,0,842,0,-649,0,156,0,-19,0,1 # block t=8365 q=12T7 r=4 k=1
12393663764255033,0,42984284693750400,0,14119763839727320,0,1887279850449630,0,125614028437252,0,4048403908528,0,26980131703,0,-2212958020,0,-65860960,0,-413182,0,10352,0,196,0,1 # block t=8365 q=12T56 r=4 k=1
84737630104849,0,138655761432726,0,-76092412489719,0,16227832965812,0,-1870922251688,0,122393749426,0,-3633197176,0,-79729868,0,12554843,0,-562680,0,13581,0,-178,0,1 # block t=8365 q=12T56 r=4 k=1
28561,0,0,0,-22669829,0,0,0,-22951111,0,0,0,-27751668,0,0,0,-4249296,0,0,0,2723,0,0,0,1 # block t=8365 q=12T56 r=4 k=1
286264855578117415062959,0,-527337657115362675695092,0,324679747930970678113070,0,-96840359076690299961954,0,15468687579503297173405,0,-1295544956076457894584,0,47479312545815755914,0,-295692232722699466,0,674514675840508,0,-659781467198,0,260859850,0,-29606,0,1 # block t=8365 q=12T56 r=24 k=0
14161080720200404549,0,-28327904608370766620,0,23145491054742185452,0,-9895227908178475726,0,2341190065749727100,0,-294711371092238104,0,16796575246986919,0,-271565488205312,0,1853798914408,0,-5992491678,0,8921564,0,-5192,0,1 # block t=8365 q=12T56 r=24 k=0
951158587160278561,0,746314466601474932,0,164234400576130662,0,18677085059210284,0,1323426013104114,0,63542305744680,0,2153862220153,0,52411007936,0,913889758,0,11179252,0,91310,0,448,0,1 # block t=8366 q=12T56 r=0 k=2
8572738897001,0,12187218448822,0,6625185435616,0,1998609359902,0,386017925206,0,51153886742,0,4814042542,0,325982374,0,15816748,0,537344,0,12145,0,164,0,1 # block t=8366 q=12T56 r=0 k=2
27124478996068524253,0,25923228065391545820,0,4373945580987472037,0,367722442200991032,0,19168225143490485,0,675965900877768,0,16771749456178,0,296964864144,0,3737601323,0,32685120,0,188832,0,648,0,1 # block t=8366 q=12T56 r=0 k=2
24762781,0,-51438588,0,47239311,0,-25041416,0,8746281,0,-2214828,0,434841,0,-71568,0,11889,0,-1940,0,273,0,-24,0,1 # block t=8366 q=12T7 r=0 k=2
1870338797695234973,0,5415022348144505110,0,6391807040073057013,0,3925679376478481342,0,1318467359043381552,0,229680387376818154,0,16985593828375991,0,276138760864568,0,1866854949725,0,5993483538,0,8927050,0,5180,0,1 # block t=8366 q=12T56 r=0 k=2
4730231183,0,11675436570,0,11789112833,0,6770228902,0,2517513937,0,645674636,0,117773788,0,15428546,0,1440053,0,93098,0,3930,0,96,0,1 # block t=8366 q=12T56 r=0 k=2
84903513568179675906853,0,53194274423754722657754,0,5012664661042635853173,0,224698668464632591256,0,6046297860696995214,0,107512091708274216,0,1322666175638580,0,11476149575400,0,70197416811,0,296599010,0,824313,0,1356,0,1 # block t=8366 q=12T56 r=0 k=2
15573366904457066513243,0,-256003271058956243926,0,182802265542347533208,0,-1132678970862389602,0,1302946387017866995,0,-18020147619036220,0,916846602059144,0,-10931794135332,0,657075249393,0,3434668978,0,12686240,0,-4378,0,1 # block t=8366 q=12T7 r=0 k=2
18092032,0,42520576,0,42284032,0,24109056,0,9205760,0,2527744,0,463232,0,44032,0,1408,0,480,0,200,0,24,0,1 # block t=8366 q=12T7 r=0 k=2
68697765617365981,0,-228509005315357182,0,276681421107479325,0,-139747925024726872,0,20168157585919833,0,2545424503308072,0,159080278963092,0,4986665434359,0,94135486293,0,445675001,0,982209,0,1329,0,1 # block t=8366 q=12T7 r=0 k=2
19351361,0,51814488,0,64122891,0,49468672,0,26757040,0,10685224,0,3201527,0,715744,0,117023,0,13520,0,1042,0,48,0,1 # block t=8366 q=12T56 r=0 k=2
2049069893455607337253,0,1947543312281778747630,0,230841090578706974835,0,12927639279181794102,0,435378366843159077,0,9736501696637274,0,151954919250876,0,1698111139752,0,13726106410,0,79770360,0,322245,0,822,0,1 # block t=8366 q=12T56 r=0 k=2
32768,0,98304,0,172032,0,204800,0,178176,0,116736,0,59648,0,24192,0,7584,0,1728,0,264,0,24,0,1 # block t=8366 q=12T7 r=0 k=2
1200903169703325696,0,-2423569491037366272,0,1799408587525318656,0,-565259703100927488,0,53366542701182208,0,3103026179846400,0,258350625133824,0,7123622025312,0,276920181504,0,799795800,0,1378248,0,1224,0,1 # block t=8366 q=12T7 r=0 k=2
14183982405515959,0,16406156661093054,0,5281352184959485,0,870235098170104,0,88603528228688,0,6069135685154,0,291677768333,0,10008683240,0,244927736,0,4186870,0,47605,0,324,0,1 # block t=8366 q=12T56 r=0 k=2
19571311352521279,0,12390491337696122,0,-8225822761736879,0,1896737107381368,0,-251742383763036,0,22425667298510,0,-1394813892819,0,57156488872,0,-1280973573,0,7088172,0,149116,0,616,0,1 # block t=8366 q=12T56 r=4 k=2
3725772095044609,0,0,0,316052773135913883,0,0,0,-573235597672810068,0,0,0,-5584190036899197,0,0,0,-77146990857,0,0,0,-705660,0,0,0,1 # block t=8366 q=12T56 r=4 k=2
1116442763211725,0,2548149932829700,0,892799072705225,0,-1835238089280620,0,-2136016799543904,0,-1107391252076962,0,-291525413923733,0,-30625465314348,0,-23138860117,0,89812792,0,67732,0,318,0,1 # block t=8366 q=12T7 r=4 k=2
485688139,0,2538992170343,0,1457268192580747,0,-105707021084622,0,8111566919357,0,-5501489807632,0,705882206303,0,-33944994337,0,797310136,0,-12676608,0,118442,0,-702,0,1 # block t=8366 q=12T7 r=4 k=2
1,0,-14,0,46,0,56,0,-523,0,644,0,-34,0,-560,0,578,0,-294,0,86,0,-14,0,1 # block t=8366 q=12T7 r=4 k=2
2053198927299551,0,-10437165869561094,0,18833309319284708,0,-9207327895931634,0,-13992557778434213,0,22443635001254500,0,-11992045695943840,0,2294760847129916,0,4188627405381,0,4513204546,0,4294460,0,1814,0,1 # block t=8366 q=12T7 r=4 k=2
3293819892302239651,0,8133225345702643576,0,6640576607610132369,0,2098739619381290509,0,279386405016798265,0,12958345820420979,0,-17512564319625,0,-11481260625095,0,11224437992,0,-385881434,0,71926,0,-6197,0,1 # block t=8366 q=12T7 r=4 k=2
4690742079936317597227,0,12537905522599846752258,0,901052552513706474385,0,20392014203657459796,0,-97069734114473047,0,-13684901570933832,0,-294128846058068,0,-3112835871288,0,-16582372963,0,-23956800,0,174764,0,828,0,1 # block t=8366 q=12T56 r=4 k=2
1429,0,1654,0,-699,0,25860,0,-31828,0,-125252,0,-92386,0,-34180,0,-6656,0,-604,0,22,0,12,0,1 # block t=8366 q=12T56 r=4 k=2
101633953,0,258726816,0,-178366088,0,103228112,0,-53612858,0,22956048,0,-8290668,0,2314080,0,-438894,0,48340,0,-2241,0,-24,0,1 # block t=8366 q=12T56 r=4 k=2
162048017042341,0,181022185949348,0,-599238895592781,0,-84122542372068,0,271730107684292,0,-60794182009530,0,90104633348525,0,-72040093610108,0,261139806222,0,-567927952,0,1072860,0,-919,0,1 # block t=8366 q=12T7 r=4 k=2
444250133930079,0,1055853456374133,0,792117993668808,0,190419468765656,0,5998574377216,0,-4602289560921,0,-743964768953,0,-48000374671,0,-90039018,0,12058238,0,92514,0,-1649,0,1 # block t=8366 q=12T7 r=4 k=2
13334976329065384,0,49744391170340160,0,-73367884817844512,0,30285779626844952,0,60294786806245264,0,7179367361702816,0,111769520301832,0,-14611147482804,0,238268815782,0,-1563238032,0,3933218,0,-1732,0,1 # block t=8366 q=12T7 r=4 k=2
539875,0,4707500,0,16293130,0,27997838,0,27425968,0,20479236,0,11685639,0,2809600,0,435566,0,33908,0,3054,0,-128,0,1 # block t=8366 q=12T56 r=4 k=2
1279922176,0,0,0,-243117299712,0,0,0,-878117440512,0,0,0,-839766394880,0,0,0,-9902829024,0,0,0,144452,0,0,0,1 # block t=8366 q=12T56 r=4 k=2
2073317177,0,-4626038786,0,4551590095,0,-2642467362,0,1015241774,0,-273142104,0,52922660,0,-7456072,0,759193,0,-54538,0,2625,0,-76,0,1 # block t=8366 q=12T56 r=8 k=1
1827641852883714236881,0,-1944780453413985062240,0,238159686250041592239,0,-13841804897909624320,0,487293212491375576,0,-11461187996779360,0,188588627752757,0,-2212111296640,0,18479271901,0,-107651200,0,416164,0,-960,0,1 # block t=8366 q=12T56 r=8 k=1
303122127755,0,-832806003515,0,933453450351,0,-569480705864,0,209249874487,0,-47780025794,0,6670282033,0,-529211501,0,19965174,0,-267092,0,8762,0,-26,0,1 # block t=8366 q=12T7 r=8 k=1
121675163309,0,-233387437024,0,177248030932,0,-75584933418,0,20749495812,0,-3920687676,0,527372299,0,-51157256,0,3564804,0,-174474,0,5704,0,-112,0,1 # block t=8366 q=12T56 r=8 k=1
844544493303343795520,0,-1273942124175477504160,0,633695287251196489184,0,-157069584761010958128,0,22070973064581574472,0,-1808477469035040992,0,82325956226796099,0,-1741238542071939,0,8349158600436,0,-15682262887,0,14002103,0,-5998,0,1 # block t=8366 q=12T7 r=8 k=1
120413581555438912,0,61196440924121152,0,-78714697118226848,0,-38025585076188720,0,11967842902651388,0,3933561354147808,0,199376040270407,0,-6383476227146,0,35178857956,0,-270560145,0,1203572,0,-6660,0,1 # block t=8366 q=12T7 r=8 k=1
387863989702314712540709,0,-72306876908703699072972,0,-704543077236197278539607,0,609056444279435482976276,0,-132110935761916198242804,0,-22453257229080262456228,0,8313545328210108996080,0,20972111266896830380,0,19048818595385007,0,7557352672248,0,1260870933,0,64240,0,1 # block t=8366 q=12T56 r=8 k=1
1922239598221252152949,0,24063019115777827745628,0,18215185638381833888934,0,4708643726423694092068,0,422053116230050178343,0,-1574390471399431688,0,-1103475946354154268,0,-1753043961753592,0,15598098816675,0,13205184620,0,-60490122,0,-876,0,1 # block t=8366 q=12T56 r=8 k=1
149300461894471,0,-207490251021936,0,125544059241120,0,-114794393097352,0,74614484609316,0,-18412646954238,0,3016845996675,0,-68059803762,0,1329876630,0,-14351158,0,121218,0,-576,0,1 # block t=8366 q=12T56 r=8 k=1
3286143717534862445,0,-6862655058726442720,0,5293292676331132406,0,-2108121107713200328,0,482868894202371047,0,-64602909193924128,0,4712211683637828,0,-144464588926256,0,-108301200949,0,760359488,0,2004390,0,2232,0,1 # block t=8366 q=12T7 r=8 k=1
110317587157681,0,-251217703757468,0,188248585605658,0,-11043988033092,0,-25823545508591,0,-231090530972,0,465427386250,0,-6760221440,0,1060528634,0,-25587576,0,207048,0,-700,0,1 # block t=8366 q=12T7 r=8 k=1
1419678609486977931637,0,6599778780597394885402,0,11231583929378602287687,0,7545528165165184383504,0,12416726111747239016,0,-2161933022910197474952,0,-680219983102077011287,0,-2479366431002992,0,1123361688179085,0,2204603888,0,-257025830,0,-20,0,1 # block t=8366 q=12T56 r=8 k=1
1469344171561450871329,0,4051466330376760419912,0,3905722229071211271685,0,1634812228219505030368,0,267745425721342015177,0,4006841591492262292,0,-1041109672550855803,0,-1683109504673114,0,15211555848413,0,12681298302,0,-60389359,0,-846,0,1 # block t=8366 q=12T56 r=8 k=1
80437226465329,0,-114203146182732,0,54034627356418,0,-13640974725660,0,2166904096463,0,-233932669080,0,17828957724,0,-973867032,0,38015583,0,-1037340,0,18818,0,-204,0,1 # block t=8366 q=12T56 r=8 k=1
3781357148117665159,0,-3560515944802224667,0,820729874748253437,0,-38686141347345898,0,17477448699773890,0,285142854448935,0,66549215398200,0,-1306423252722,0,3989367321,0,36677144,0,-130856,0,-567,0,1 # block t=8366 q=12T7 r=8 k=1
8232468914824130758027,0,-191821385409480625209664,0,-864082380004128885871540,0,-950777868278813441602896,0,-364409077533135047632792,0,-24774822799892176760120,0,7732822046131858412890,0,-20201454897386038336,0,18705123339935758,0,-7508860507570,0,1255835255,0,-64252,0,1 # block t=8366 q=12T56 r=16 k=2
8250276461,0,-760284634256,0,1461831833735,0,28629665772212,0,64473617546556,0,47331419789852,0,8022944178189,0,-548506564072,0,12431713573,0,-129551324,0,641700,0,-1356,0,1 # block t=8366 q=12T56 r=16 k=2
18021016955037231625,0,454747966342159373100,0,3392697274348702631010,0,5153325040484459929868,0,-15245547538133537414352,0,-30496390659694705256280,0,8298923531870315609693,0,-20838546845082849868,0,18947302702432224,0,-7532027723828,0,1258906250,0,-64200,0,1 # block t=8366 q=12T56 r=16 k=2
6649747731263529208267,0,1046647680821617019866,0,-4496592852858061380117,0,2101646245310187126992,0,-425046336526714734811,0,40562504480900357620,0,-1487603940556984720,0,-522995851214018,0,17556179717653,0,951997718,0,-30307616,0,-28,0,1 # block t=8366 q=12T56 r=16 k=2
63987063438471678860677,0,365962352236377461695102,0,634748023549300494204658,0,129265941269832269976228,0,-537105552396413609117268,0,-312134730492596269114100,0,25814528332948359533319,0,-67108852584131675062,0,54677202564104244,0,-17890965979572,0,2269566280,0,-91324,0,1 # block t=8366 q=12T56 r=16 k=2
1216034729323,0,692035101610,0,-14390336884983096,0,-8096921421237050,0,3493744573890496545,0,1645018699393732468,0,-253365700957608891,0,-15787462209510260,0,292996638046764,0,-427777268600,0,198421089,0,-32132,0,1 # block t=8366 q=12T56 r=16 k=2
95015893186844243601344,0,381462491358939591987008,0,551132574175076152970368,0,314493839060216384690176,0,27765567978471502383264,0,-20623031704716688835488,0,1414957301313386075056,0,-4356054941021990288,0,5007844683427160,0,-2580294273840,0,576919018,0,-42900,0,1 # block t=8366 q=12T56 r=16 k=2
784767824835481155803,0,14271055298855639026578,0,-16545293184661831772555,0,7436960995457347175384,0,-1656196201068922675047,0,185075310398654262808,0,-8653296931036547874,0,47635696212359180,0,290336779166398,0,-186488002306,0,-413937581,0,1672,0,1 # block t=8366 q=12T56 r=16 k=2
52076520121291,0,91639926125956,0,-64898214831050,0,16258176177640,0,-1953848454046,0,102266744154,0,704790422,0,-312846696,0,9208221,0,170074,0,-9624,0,30,0,1 # block t=8366 q=12T56 r=16 k=2
27423156041122603189,0,117897436875780310492,0,146464315411382518772,0,60184226623555195156,0,790763414770180625,0,-2517657424592922308,0,124967690083055120,0,-1740234448955272,0,10024074639968,0,-25467650024,0,27562638,0,-9924,0,1 # block t=8366 q=12T56 r=16 k=2
15162160972536277,0,31198454214712960,0,-394646785740078200,0,896826929128453064,0,-871384775992235414,0,388242189553980300,0,-64653168450817946,0,-23083451606568,0,2884961514297,0,156645420,0,-15664498,0,-12,0,1 # block t=8366 q=12T56 r=16 k=2
629201527580178075992497,0,-211455040066558697635044,0,-899652090898551628571682,0,969404152238553929462040,0,-408006417167432297158497,0,79767516378700388403536,0,-6078125967558188799452,0,11000960885993648424,0,4183876133547535,0,-4605445320332,0,-1030058146,0,32096,0,1 # block t=8366 q=12T56 r=16 k=2
3041534803059833171,0,2851880205130568248,0,-2566832910600125867,0,713967450952794716,0,-93835249853721117,0,5981652476830772,0,-143211458474480,0,-784055930014,0,23702712061,0,16387018,0,-691488,0,0,0,1 # block t=8366 q=12T56 r=16 k=2
602578793666595941,0,-1494631849943351756,0,1457026903465820298,0,-711179729553117148,0,183349913535523359,0,-24140164042209666,0,1438863170930912,0,-27706110412554,0,244049352111,0,-1096325854,0,2502439,0,-2622,0,1 # block t=8366 q=12T56 r=24 k=2
126006030380211247317499,0,-95143684302121232974588,0,10182299389676825551189,0,-505451066686116763114,0,14704984442194113564,0,-275634054037159482,0,3474523910211502,0,-29878018471174,0,173940604230,0,-664787374,0,1564578,0,-1994,0,1 # block t=8366 q=12T56 r=24 k=2
19512944916501418327,0,-44877112059376679104,0,37183559178598801210,0,-14184572828399864246,0,2592849646809065471,0,-219185401439496944,0,8416511719220864,0,-136092045048902,0,1078334417136,0,-4342284038,0,8130292,0,-5094,0,1 # block t=8366 q=12T56 r=24 k=2
15552557308174853,0,-39331719607867380,0,40549960818726503,0,-21837027232108808,0,6523524830259872,0,-1055344508973140,0,83401567253773,0,-2687328942092,0,39938735821,0,-293092424,0,1063016,0,-1756,0,1 # block t=8366 q=12T56 r=24 k=2
105985093706520883,0,-251302009587708132,0,239140418442277438,0,-116427028498001630,0,30597148812196644,0,-4207960081584294,0,272110733192901,0,-6528917840368,0,74434072676,0,-440709356,0,1344498,0,-1912,0,1 # block t=8366 q=12T56 r=24 k=2
18071261971697375231657,0,-49985053663368784158248,0,56450637983780846388443,0,-33125779972031274255340,0,10556702608045278080474,0,-1707946994868093279172,0,108143163714441259053,0,-561234568274053226,0,1059750163336373,0,-871573697266,0,297034418,0,-32156,0,1 # block t=8366 q=12T56 r=24 k=2
77129632123201551835613,0,-166522734744724171633540,0,141035175203391817508622,0,-58455896462871238640226,0,11976517029123549306993,0,-1076284366082735621856,0,35313017739503494315,0,-163871185092273738,0,304759852916448,0,-267970059798,0,110141237,0,-18090,0,1 # block t=8366 q=12T56 r=24 k=2
942408690645775289161,0,-1684364017626510379832,0,1170746603647419463681,0,-397709371784575561124,0,67826517077401661137,0,-5335236928910898692,0,160900999948621271,0,-1952322004302156,0,10672672963751,0,-26289741372,0,27834807,0,-9972,0,1 # block t=8366 q=12T56 r=24 k=2
18775487859136510069309,0,-27801389240201836643468,0,14608900563986206082549,0,-3718864301031572257118,0,498054320739721359042,0,-34182401693425875592,0,1027376953689227316,0,-8213729243850192,0,28046384226289,0,-45801059832,0,34741205,0,-10228,0,1 # block t=8366 q=12T56 r=24 k=2
2128447836199,0,-6156470926118,0,7607285896009,0,-5247084429990,0,2213890898601,0,-588361163040,0,97678744248,0,-9720728089,0,539006467,0,-15402757,0,199371,0,-823,0,1 # block t=8367 q=12T6 r=24 k=1
703596437494327017656,0,-1662070531886568853644,0,1597099336476786973158,0,-799689977401826233965,0,222001180446474421325,0,-33618772155885335813,0,2551678687017080292,0,-78146750658961576,0,565475624741685,0,-1118884931447,0,616701367,0,-75210,0,1 # block t=8367 q=12T6 r=24 k=1
14357,0,-83202,0,181055,0,-139930,0,-54285,0,171626,0,-135220,0,57494,0,-14453,0,2028,0,-106,0,-8,0,1 # block t=8368 q=12T56 r=4 k=2
26068879579,0,17389146290,0,-207190710496,0,-152701722690,0,-397300876635,0,-135259275028,0,-40831508844,0,-1534103738,0,-3226814,0,210164,0,-2724,0,188,0,1 # block t=8368 q=12T56 r=4 k=2
41030187259645475,0,123301607547004525,0,-435827471423443735,0,-208842672545410325,0,86666132679388859,0,-239389272347337566,0,-7539871758157846,0,-58407686045463833,0,130898221069762,0,-116259962485,0,51377418,0,-11331,0,1 # block t=8368 q=12T7 r=4 k=2
982046776491763359259,0,1721869302473099593812,0,-14470890969784856546447,0,2038118144223874150968,0,-179797340579440008429,0,10056170103206481174,0,-355859823206854548,0,7846098686777541,0,-34440011500289,0,64284596445,0,-57590223,0,20223,0,1 # block t=8368 q=12T7 r=4 k=2
85882967502160501,0,49967748986041630776,0,95164222437534344458,0,35423208087374494806,0,-13143561202432372310,0,1164395611597427762,0,-4334810415437480,0,-353069442802902,0,-2461551558573,0,-3188551332,0,4918004,0,-838,0,1 # block t=8368 q=12T7 r=4 k=2
15886242539,0,-68278490330,0,-88739673114709631,0,186465208488442404,0,698068698167924641447,0,609147068379403961948,0,132511740101334127974,0,659660262880341492,0,1194054097149317,0,946133475778,0,315231618,0,32132,0,1 # block t=8368 q=12T56 r=4 k=2
3131087,0,-1643862,0,-3848386,0,9401360,0,2643367,0,-5080094,0,-3954812,0,-1269902,0,-216388,0,-19442,0,-720,0,12,0,1 # block t=8368 q=12T56 r=4 k=2
479510546089,0,0,0,-931015074476,0,0,0,-75971240323,0,0,0,-11476720734,0,0,0,-45136031,0,0,0,28895,0,0,0,1 # block t=8368 q=12T56 r=4 k=2
322830504121,0,1291503696122,0,1839746620557,0,1179945373768,0,389389950644,0,64613650152,0,3898160626,0,-135047478,0,12950940,0,-361072,0,10208,0,-176,0,1 # block t=8368 q=12T56 r=4 k=2
503046160277190319,0,1424039856596524501,0,1257829812625332087,0,425628930071009649,0,67874216690293838,0,4798015234913038,0,78383091186599,0,-6201129718066,0,31223710246,0,-278591785,0,1011601,0,-6639,0,1 # block t=8368 q=12T7 r=4 k=2
234754498946215317535936,0,667971893922020970181696,0,76483744797542890830880,0,-4708472327051095473856,0,111995801774601179072,0,-1527811950139792640,0,13509051462611704,0,-81416083273312,0,339600886364,0,-969323392,0,1813192,0,-2008,0,1 # block t=8368 q=12T56 r=4 k=2
7397674443781,0,34838552239404,0,13373466814478,0,1744121102680,0,2405257215538,0,59029976832,0,-34199396458,0,-9783073436,0,1257286018,0,-26258830,0,213693,0,-760,0,1 # block t=8368 q=12T56 r=4 k=2
19797540056309,0,77693795519012,0,64199764616411,0,22182401943330,0,4740340139509,0,183162486308,0,10013317720,0,-1581646138,0,50278078,0,-1077502,0,20911,0,-240,0,1 # block t=8368 q=12T56 r=4 k=2
340168201219376375,0,7479846810429310750,0,-7364037911086677300,0,-162228907556542150,0,662124724599077035,0,689642938779162540,0,-404431061493386096,0,55298360574250100,0,126238899022045,0,113417736086,0,50594340,0,11250,0,1 # block t=8368 q=12T7 r=4 k=2
6926341067716288,0,904353140761478912,0,23597857643151543264,0,1035282319018607968,0,108862474423977496,0,525392710808042,0,65930949459921,0,-4632302562076,0,13253442338,0,236224632,0,-446410,0,-3493,0,1 # block t=8368 q=12T7 r=4 k=2
1673516274789352000,0,-3000416370270345600,0,2165379036365217120,0,-809145326727765952,0,167194131732725408,0,-18739786426079232,0,1019479830184080,0,-20318927714368,0,190123997152,0,-912878896,0,2225432,0,-2478,0,1 # block t=8368 q=12T56 r=24 k=2
4516909148914482488027,0,-10241099063119770264382,0,9274812101270997992275,0,-4238763077234524327950,0,1012980063237449638158,0,-118032792638384352568,0,5470008174232884297,0,-35864897902401454,0,92908069531423,0,-113291691916,0,64988938,0,-15492,0,1 # block t=8368 q=12T56 r=24 k=2
21101706380858958282679,0,-23566763966717898932808,0,2943773049391715145482,0,-170311236642461300358,0,5806536062864464679,0,-128136142326151386,0,1905962644839100,0,-19327159163544,0,132086339556,0,-586461018,0,1568676,0,-2160,0,1 # block t=8368 q=12T56 r=24 k=2
8253060316861286994613,0,-18926508659687926006346,0,17362801870913210756037,0,-8056171306849975391802,0,1959910683171616862632,0,-232345696906953072806,0,10665490968764039295,0,-62617298226841160,0,145707039109397,0,-158708873238,0,79674602,0,-15492,0,1 # block t=8368 q=12T56 r=24 k=2
135839375578254666949,0,-143837073146441219380,0,54230138453666749308,0,-10277569573474743918,0,1107367815725233936,0,-71026635560634926,0,2716201617659466,0,-59508073429414,0,675597423623,0,-3259067288,0,6692808,0,-5094,0,1 # block t=8368 q=12T56 r=24 k=2
809341,0,15223416,0,-26583052,0,26316828,0,-18720494,0,9205040,0,-3006847,0,640688,0,-86110,0,6504,0,-140,0,-16,0,1 # block t=8369 q=12T56 r=4 k=0
582396196291,0,1855529222092,0,2302562858750,0,1448922963908,0,502482063895,0,87427243344,0,3222869994,0,-1073550996,0,-112054923,0,-4202898,0,9917,0,126,0,1 # block t=8369 q=12T56 r=4 k=0
522440287937832246592,0,1760215631556212888704,0,2158794614940722115696,0,1351342341600923154040,0,481138267426062531256,0,98903898294957853286,0,10928519296666398869,0,493383917264640199,0,-1725155026647798,0,-12461081603245,0,-13934800350,0,137033,0,1 # block t=8369 q=12T6 r=4 k=0
1,0,6,0,-111,0,256,0,-254,0,182,0,-160,0,126,0,-64,0,18,0,2,0,-4,0,1 # block t=8369 q=12T56 r=4 k=0
59985306402960919,0,3708301840358212,0,-67262891002671990,0,-4879600268797766,0,6626595100458536,0,960368805316792,0,-513113385634367,0,5641762385510,0,-614479022850,0,153864026,0,3697324,0,-38,0,1 # block t=8369 q=12T56 r=4 k=0
40696917559420022161408,0,62615031121578031423488,0,-2552516607667187807744,0,-15789022789407952452648,0,1417000857089761151404,0,317882976670758044994,0,16409109183107953509,0,355342744598465136,0,3231877484462393,0,8894618000010,0,6351694442,0,594570,0,1 # block t=8369 q=12T6 r=4 k=0
923467,0,3499416,0,-12550017,0,5667178,0,-4337010,0,-337860,0,-697341,0,424872,0,-111843,0,13570,0,-702,0,-12,0,1 # block t=8369 q=12T56 r=4 k=0
9409,0,0,0,-381270,0,0,0,-557008,0,0,0,-72471,0,0,0,88912,0,0,0,-11706,0,0,0,1 # block t=8369 q=12T56 r=4 k=0
2097152,0,5111808,0,278528,0,-7531008,0,-6194432,0,-1201536,0,614720,0,405216,0,104112,0,14800,0,1216,0,54,0,1 # block t=8369 q=12T6 r=4 k=0
8694167072359,0,-7134888700212,0,-93254002970260043,0,49853035426935648,0,15630506148147779571,0,8140106274506251866,0,768975282565739528,0,8614488051675114,0,34973673866326,0,61739527380,0,49235491,0,15468,0,1 # block t=8369 q=12T56 r=4 k=0
30030597472669523426152,0,106420026935282002907016,0,58183860017670492431760,0,-75495285190753934014224,0,-19927021824725806452226,0,13107042378321896783344,0,412179840121662729095,0,1894204772919780558,0,3466940425191721,0,2883631372522,0,970224150,0,59230,0,1 # block t=8369 q=12T56 r=4 k=0
38809,0,0,0,-73238,0,0,0,15660,0,0,0,-7983,0,0,0,1180,0,0,0,-162,0,0,0,1 # block t=8369 q=12T56 r=4 k=0
239282581,0,932189166,0,1308983918,0,826279276,0,234505906,0,5251594,0,-12866456,0,-1753290,0,420287,0,110364,0,5322,0,-188,0,1 # block t=8369 q=12T56 r=4 k=0
14875319573569,0,-40312525624028,0,-11497359938588447,0,8150797095406672,0,-15566924376463677,0,9350207473982172,0,-4695190106283480,0,36191805717796,0,-4013296854955,0,280445224,0,5575690,0,-38,0,1 # block t=8369 q=12T56 r=4 k=0
34983905739527168,0,505494109731253760,0,667989532205383680,0,370421320182583424,0,105749380695084800,0,15876769209148448,0,1116949646471104,0,23217842621272,0,-56883838404,0,-4651646368,0,-19648576,0,1014,0,1 # block t=8369 q=12T6 r=4 k=0
262729511836205342111,0,-199547016724614010174,0,28822279359088433206,0,-2040188694914623716,0,88178612284378805,0,-2553330811860316,0,51792155413551,0,-749660022568,0,7737097662,0,-55780724,0,267507,0,-768,0,1 # block t=8369 q=12T56 r=8 k=2
117766565247582208,0,11888198541341884416,0,99322056927801835520,0,282338273562345259008,0,262249674462151454720,0,-10370098744814264320,0,-68559022191694848,0,3161401769957888,0,19592255437568,0,-67580084608,0,-169666624,0,5772,0,1 # block t=8369 q=12T6 r=8 k=2
209257446108039433,0,864573276475320620,0,569200860340982519,0,19146563020201604,0,-1368600840816870,0,-74511056752276,0,-67993539363,0,60276526646,0,1346776668,0,8612992,0,-34028,0,-354,0,1 # block t=8369 q=12T56 r=8 k=2
6584090847647671,0,-6257167800973296,0,2007752751091581,0,-345756120661912,0,37640800624408,0,-2796963359858,0,147359254196,0,-5589039248,0,152195915,0,-2911410,0,37221,0,-286,0,1 # block t=8369 q=12T56 r=8 k=2
37646135579723497695113,0,117015576766520230168125,0,85100929672758366534370,0,-37662590662513961364297,0,-62375229144279326640064,0,-13252982518307148689450,0,6068261095609083386553,0,2028576080656316682811,0,-1993308015295847043,0,-6022742318186127,0,-2460709010925,0,2178734,0,1 # block t=8369 q=12T6 r=8 k=2
24025099551207164005709,0,40201712108451031755732,0,10711816316382008286375,0,770643535010741473222,0,5649289285973900995,0,-658521526860793901,0,-3917477924404300,0,165677156491129,0,-108000436237,0,-8363351095,0,18743041,0,9393,0,1 # block t=8369 q=12T6 r=8 k=2
39532704696324679,0,-43413096277531204,0,12647911638962782,0,-1885427353025854,0,174361577694788,0,-10893924709348,0,479296437791,0,-15100178200,0,339992330,0,-5354608,0,56122,0,-352,0,1 # block t=8369 q=12T56 r=8 k=2
115423809819243017,0,-189971058628390640,0,-516367142401792604,0,832568405729153816,0,530095463935408609,0,-1010457850557801595,0,46262228458819204,0,192787040326176963,0,1812648161401161,0,5025932342587,0,4389364260,0,145685,0,1 # block t=8369 q=12T6 r=8 k=2
7532660834333851,0,68057868535233234,0,123746927987970170,0,94828371123362598,0,35650678150630879,0,6598073063505246,0,541668461446168,0,13447147044084,0,14090677672,0,-1517699676,0,6007488,0,-5106,0,1 # block t=8369 q=12T6 r=8 k=2
98537667689,0,-298776706630,0,390408402331,0,-300292230018,0,153192603617,0,-52118172966,0,11248647472,0,-1496022976,0,124244474,0,-4111128,0,59497,0,-394,0,1 # block t=8369 q=12T56 r=8 k=2
17275849437231682133312,0,77577082829314586307328,0,53946936971998472376912,0,11927877346555734357248,0,699775072190950204092,0,-28876521481918733168,0,-1074003939522719505,0,12581176675221712,0,362246043530046,0,252354350632,0,-1271594665,0,237912,0,1 # block t=8369 q=12T6 r=8 k=2
323733832467193091,0,-282856371929267628,0,68412971556680963,0,-8528147734038644,0,661512987788094,0,-34735691701202,0,1286597743169,0,-34183547960,0,650309629,0,-8672178,0,77156,0,-412,0,1 # block t=8369 q=12T56 r=8 k=2
103238005694429186283751,0,473399246225118692161505,0,788947680113459488879811,0,497522141299709459508446,0,-50765962672431405010086,0,-180768392851829100611188,0,-46159712489772117920277,0,5105529228485034503088,0,-1489654250311017746,0,-7143033473312913,0,-2557214193470,0,2192374,0,1 # block t=8369 q=12T6 r=8 k=2
21830485249189000000,0,21210367412093100000,0,-32471087312469930000,0,-22739177841604375000,0,-5080370585106640500,0,-469912278263571810,0,-15114315755325927,0,47074937982840,0,1174524481071,0,-156586900,0,-3130638,0,60,0,1 # block t=8369 q=12T6 r=8 k=2
22722863393868085952512,0,38115447707995418953728,0,16841132977275621897728,0,1066694131037384484024,0,-451173190539128672732,0,-58088405317906776918,0,1369097203293408191,0,421797560788185456,0,13025243154788085,0,-57977980967226,0,-58053783008,0,-2714412,0,1 # block t=8369 q=12T6 r=8 k=2
2813571914992238791693,0,-5266945764335769677976,0,3733408913299140025281,0,-1236161619035193198636,0,191220066988604580716,0,-12617617407472471328,0,331496790166070371,0,-3150953030159960,0,13966087290590,0,-30709588496,0,30801708,0,-9972,0,1 # block t=8369 q=12T56 r=24 k=0
1279712601048272896,0,-2788428066262978560,0,2477230205512387584,0,-1147926385586817536,0,293759353758539520,0,-40257629734142592,0,2628564422419968,0,-67819503194784,0,704777577840,0,-3044833736,0,5351556,0,-3948,0,1 # block t=8369 q=12T6 r=24 k=0
3594022979068893421,0,-10187880379280895024,0,11680764893136050988,0,-6850012806110382030,0,2121039390131667501,0,-315422677044360135,0,16551266523222040,0,-346392073192473,0,2889013481529,0,-9578185569,0,11952840,0,-5985,0,1 # block t=8369 q=12T6 r=24 k=0
37641337257018717963,0,-108174772236758629779,0,116271053954727802092,0,-57762504329229995607,0,13362834098439926868,0,-1354914560810608194,0,65391332843019637,0,-1523380303232109,0,16018041807873,0,-67598987969,0,73486653,0,-24018,0,1 # block t=8369 q=12T6 r=24 k=0
91679275755707303937728,0,-125408883877574543762880,0,49677839520362395323408,0,-8662330127192613382784,0,752378115402962936552,0,-33852289407294684116,0,826488947677682115,0,-11010359220476328,0,75742330785955,0,-232778124564,0,262460129,0,-68144,0,1 # block t=8369 q=12T6 r=24 k=0
98200282137875329,0,-194366690822016504,0,157757181000839076,0,-67494214132560034,0,16226696186978568,0,-2148708117257184,0,141399223804959,0,-3743626366836,0,48014068136,0,-320758286,0,1099148,0,-1736,0,1 # block t=8369 q=12T56 r=24 k=0
1915975455668169022912,0,-4298965652633307130592,0,4050468841859964910720,0,-2076311789518676070048,0,625305415644498718452,0,-110794934190361511482,0,10780768537191370075,0,-467194193227751941,0,3527106778217205,0,-9409330188480,0,8412991984,0,-201119,0,1 # block t=8369 q=12T6 r=24 k=0
7301000364547,0,-23024087920353,0,30993252092268,0,-23153161584877,0,10439926656775,0,-2892064486739,0,479190717466,0,-44203155413,0,2027550217,0,-44918820,0,432518,0,-1222,0,1 # block t=8369 q=12T6 r=24 k=0
