# IGP24 class field sweep: deg6.
1444,47196,529504,2304492,3075230,373670,-4151109,-4530834,3215822,14082742,18592774,13961290,5989469,759236,-800208,-617336,-198556,-4392,20793,6142,-174,-360,-38,6,1 # cft deg6 r=4
-2622674,-20401630,-74540862,-130148444,-86812636,40982494,94901783,32300036,-23065290,-10223384,13309440,9216224,-2127265,-3488916,-481460,543260,185094,-34924,-23505,60,1520,102,-54,-4,1 # cft deg6 r=4
771872,8987968,60519056,155852688,36126216,-356677928,-379512108,177637676,482154848,154975344,-188870108,-163762086,-12292297,39390388,19914956,1764750,-1730557,-659016,-34900,28878,5645,-228,-128,-2,1 # cft deg6 r=4
1943476,1591456,18858548,52606308,77879828,73068938,58172499,56528808,56154225,39923692,17774964,7243336,6292976,4440532,604534,-1204068,-748730,-88540,63004,23932,1392,-638,-93,4,1 # cft deg6 r=0
17291,843322,5706978,46453526,-3257795,6385674,2446292,-5374852,-9304888,-17080910,-11184274,3617730,6118101,1777350,-153692,-439436,-264524,-19866,37474,10718,-967,-706,-56,8,1 # cft deg6 r=12
-14776028,102243280,-283163400,428180448,-357604528,77737734,200688589,-291278732,200785546,-64304974,-14447312,27056976,-13138569,1903388,1179552,-697900,87948,45434,-17569,-8,1026,-134,-24,8,1 # cft deg6 r=4
303143,-1018530,-1225288,5994202,-5399155,3573902,-6716034,4990826,-2415344,3163758,-2023252,692026,-652575,428786,-87682,52166,-60668,-4846,-3168,3678,-95,-54,-22,-2,1 # cft deg6 r=4
1782880592,2967974944,2722271600,1116921056,-747255728,-910699424,80675576,496071888,128532224,-121456112,-49983116,21459344,11579337,-2354182,-1289615,227674,55890,-42310,-887,4662,266,-250,-27,6,1 # cft deg6 r=0
1513931,-7540290,35448436,-36247208,27626607,-14855204,4385918,44870,-1597728,1446402,-981116,374328,6395,-95672,61326,-33414,21240,-8454,708,1068,-473,68,14,-6,1 # cft deg6 r=0
451314944,-826884352,679916672,487268992,-1637336704,1582098272,-397329904,-553707744,594187600,-114012304,-156993408,93303688,23040032,-24755000,-2656008,4430580,656672,-404204,-89077,16356,5167,-204,-119,0,1 # cft deg6 r=4
648364,-2827016,4454860,-9349488,-2960092,6892502,8742821,-2806222,-4206958,-754806,1058158,705816,235139,-288164,-301044,21712,91116,7918,-16961,-4022,1742,278,-78,-4,1 # cft deg6 r=8
-314908688,-1062277936,-1322845360,-292941976,1356736992,2262540180,1767362453,380962160,-764919478,-1011512480,-639084394,-241437172,-62323605,-21769924,-12813312,-5125384,-694252,280716,145015,21824,-1302,-788,-54,8,1 # cft deg6 r=8
236347,-1275710,1881435,1486898,-6201243,2480762,7124236,-7255308,-1484067,4125350,89323,-1588250,-59196,556814,-16671,-119898,2875,16828,2226,-2828,-189,324,-37,-6,1 # cft deg6 r=12
-29109397,-119024296,-71445679,14951658,125173199,134421184,86423356,23760008,-14627697,-26683324,-24412753,-17011822,-9649704,-4285564,-1283793,-109802,130049,80404,21168,668,-1411,-404,-11,10,1 # cft deg6 r=8
-14272,260256,-23088,2747288,12705568,11008732,-8668914,-8820726,6409678,4348756,-1727616,213338,528407,-405818,-33488,57820,-27743,5518,1392,-640,225,-84,26,-8,1 # cft deg6 r=4
-1024,-32768,-318848,-1672160,-5701104,-13805784,-24887948,-34163000,-35746504,-27631460,-13920532,-1603092,4847669,5669832,3800366,1812372,648019,180276,39284,7532,1631,352,78,12,1 # cft deg6 r=4
40666,-1019554,3868072,-9445494,6622304,18322690,-36571179,-16166864,29586699,2558280,-13780006,908606,3893026,-489852,-715156,98414,92314,-9886,-8578,664,606,-46,-33,2,1 # cft deg6 r=4
357351424,-1731330048,4019261312,-5872627016,6011968572,-4476097102,2383159363,-814420234,76728713,97390568,-63916132,17432680,819564,-2493828,863786,-68876,-77858,25096,-3700,-1808,496,-30,-21,6,1 # cft deg6 r=4
-28439,-245404,4431696,-477068,-12432190,-3224036,9780576,13514284,-3749665,-15291480,-4171680,6003400,5062588,236152,-2057856,-645608,405079,141492,-44592,-12156,2914,428,-96,-4,1 # cft deg6 r=12
1301337,2886252,-41733428,-49067188,125956330,70555332,-92308964,39982644,788063,-54817000,18087160,244696,-1506900,3166888,470328,-497784,-34777,-6596,-17092,5916,2186,-300,-84,4,1 # cft deg6 r=16
-239616,-3514368,32454656,-55746560,-101891584,328305664,-354591744,-192926720,699260288,-924592896,613411776,-192728512,46059152,-7775808,-1555360,-423744,88272,52192,13144,3216,0,-288,-52,4,1 # cft deg6 r=8
7054336,0,-17438720,0,-22137600,0,-6965376,0,298816,0,544304,0,262532,0,66848,0,5568,0,-172,0,-128,0,-12,0,1 # cft deg6 r=8
92416,0,-453120,0,-548608,0,-79360,0,117056,0,43392,0,10400,0,8512,0,2608,0,-176,0,-44,0,-8,0,1 # cft deg6 r=8
16631119,-38365772,-343618836,1309843608,45568816,-7117236524,11627420996,-3994584048,-5226901533,4303935800,389617400,-1281334208,184464976,185101592,-49525640,-14282384,5396589,579284,-309252,-11352,9696,84,-156,0,1 # cft deg6 r=12
-20303623,-23505812,246736952,-191616228,-841739462,1946694180,-990457648,-1364161708,1684777263,117063928,-844591824,127944472,225185788,-45105336,-36881984,6375016,3715511,-472356,-225640,19468,7914,-428,-144,4,1 # cft deg6 r=12
1157088256,0,-3467597824,0,2028110848,0,91911552,0,-383058176,0,119688560,0,-13086076,0,-544488,0,302316,0,-35908,0,2200,0,-72,0,1 # cft deg6 r=8
316969,0,-815776,0,-5895042,0,10199100,0,-4174365,0,-1379944,0,1392240,0,-22760,0,-129453,0,-4584,0,882,0,28,0,1 # cft deg6 r=8
1669264,0,-10126560,0,-2990640,0,-25015432,0,6210864,0,-10379440,0,279297,0,101834,0,178599,0,-6492,0,-713,0,10,0,1 # cft deg6 r=8
-162813184,300926976,878494464,-1487414784,-418630272,1215162624,1383936,-432931072,4936832,106585216,5210944,-23285952,-622528,3532160,133200,-446304,-17624,48224,-368,-3376,-8,224,-12,-8,1 # cft deg6 r=8
-1188976,11077280,-39405648,78555520,-25664152,-111498096,285868992,-85843528,-204887436,107891944,39597120,-33967948,496113,4192708,-396714,-344832,30547,34952,-7500,-196,-129,92,6,-8,1 # cft deg6 r=8
2619784,-22555488,18727648,45828256,-79972420,45565464,-5071828,-18227584,25470446,-17417100,6837316,-1445452,-317341,548164,-291970,93196,-21943,3428,424,-316,-95,76,-6,-4,1 # cft deg6 r=8
224126128,-420972352,488206144,-111198432,-370599232,702569872,-636168760,364737424,-103991988,-15962464,29448576,-11044380,-266451,1713352,-477654,-264692,107267,-18672,-11636,7772,1587,-456,-94,4,1 # cft deg6 r=8
18496,0,-3551232,0,10858240,0,-7865696,0,1332544,0,-14096,0,32948,0,11584,0,-720,0,1076,0,128,0,28,0,1 # cft deg6 r=8
364816,0,3011936,0,1793680,0,-9003384,0,6580288,0,-2685524,0,759161,0,-118966,0,5711,0,1864,0,-265,0,-6,0,1 # cft deg6 r=8
169,0,16224,0,-194870,0,194516,0,-61653,0,-148592,0,179056,0,-104576,0,34507,0,-6528,0,358,0,60,0,1 # cft deg6 r=4
91204,0,-948200,0,-7802204,0,-9716660,0,-4102888,0,-534568,0,89713,0,88130,0,22699,0,4628,0,499,0,46,0,1 # cft deg6 r=4
140019889,0,-5184537208,0,5072835770,0,-1247328696,0,-265995601,0,99010064,0,1210540,0,-1465648,0,24639,0,9064,0,-262,0,-24,0,1 # cft deg6 r=4
-2485124,-6138976,-16314108,-24166088,-29344108,-25096880,-11650028,-3365392,4048736,2089896,-1011148,-1221200,-1292001,-130768,335627,6958,-71624,-10156,-745,-1350,344,300,39,6,1 # cft deg6 r=4
-11572123,-31413098,-25011709,-32808474,-22857905,-10439972,-5367100,-2567000,423413,-947518,-793635,88382,436878,190390,2389,-7590,8073,11728,5464,1076,-161,-90,-1,6,1 # cft deg6 r=4
1507984,0,2719936,0,-6742768,0,2970008,0,-251168,0,-160632,0,12481,0,-214,0,-3193,0,-852,0,-57,0,10,0,1 # cft deg6 r=4
473344,0,-2272512,0,2516992,0,-289440,0,-233312,0,-206532,0,120017,0,-3538,0,-4741,0,964,0,-121,0,2,0,1 # cft deg6 r=12
81,-149976,294992,909072,763554,-5262460,-8619820,-7641068,2450563,10715992,8132908,2625312,-2644784,-1729904,-79612,-30872,17819,77712,5748,-11104,-322,636,-24,-12,1 # cft deg6 r=12
-405891,-14077944,25581064,-2094624,-38028086,55716100,-4900396,-37217820,5856179,7654008,3439012,990048,-2265768,-858560,341756,150968,1183,2640,-1548,-3280,-146,332,0,-12,1 # cft deg6 r=8
26873856,0,49766400,0,4787200,0,-20144384,0,-21120,0,1353136,0,-118780,0,-13408,0,22184,0,-3812,0,540,0,-40,0,1 # cft deg6 r=8
14258176,0,57887744,0,9987584,0,89631680,0,-68803168,0,11933052,0,724961,0,-409354,0,16967,0,6200,0,71,0,-42,0,1 # cft deg6 r=8
17831488,-336595840,1827956032,-6604498432,12784207040,-8321706368,-6928094688,13105347264,-4219428528,-4292080544,3541893984,45063776,-823756204,174446680,79291540,-29591232,-2741644,2090912,-44144,-72636,5388,1224,-128,-8,1 # cft deg6 r=12
-1692,-42576,-238648,689072,2421236,-17742568,65015076,-143461016,191534620,-128910688,11124904,44609292,-37028611,12959784,344506,-1398540,275103,-13696,-24612,7140,2063,-272,-74,4,1 # cft deg6 r=12
-31229271,-159370932,-113644424,141090376,129105042,117423512,-37457260,-60768524,-943445,2575712,4747156,886800,-1484312,203400,339484,-150520,-54981,28996,6916,-3144,-650,272,16,-12,1 # cft deg6 r=8
-10980608,51273728,5874688,-52347392,-203115520,-80879872,85154560,233262592,205092928,91561216,33565184,-5891264,-2277952,-271232,85472,467680,-76416,-36848,-3168,-3616,1508,256,-72,-4,1 # cft deg6 r=8
23104,0,44032,0,-598272,0,-2218784,0,-3588800,0,-1581840,0,-673772,0,117408,0,21328,0,-652,0,240,0,-52,0,1 # cft deg6 r=8
1,0,16,0,-230,0,-1968,0,9359,0,16288,0,18604,0,16288,0,9359,0,-1968,0,-230,0,16,0,1 # cft deg6 r=8
3655744,0,21331456,0,-53285632,0,37367456,0,-7411808,0,-626192,0,-357356,0,298392,0,-33244,0,-1300,0,212,0,-28,0,1 # cft deg6 r=8
110983104,425907264,34453376,-354408224,91782416,213726904,55507676,-141204232,-76112364,10477792,32170800,11143400,-1319828,-2465296,-897120,-151744,9392,32070,17679,4090,-309,-350,-39,6,1 # cft deg6 r=8
-10011744,27569184,20898688,-195318592,358574316,-286777990,4262887,217970242,-215756535,85535168,10796764,-28241816,11574656,232484,-1936382,634556,30146,-71176,15528,1216,-1096,170,3,-6,1 # cft deg6 r=8
6205081,0,539763312,0,288917690,0,6699620,0,42073995,0,-9867888,0,-1037616,0,777472,0,121147,0,688,0,-938,0,-20,0,1 # cft deg6 r=4
105760384,-194688512,-120558016,287481088,247149600,-191996744,-333357284,-117546520,97082796,152207800,109612060,54552512,20735408,5644432,-16552,-1142968,-563420,-62722,38355,13522,187,-550,-63,6,1 # cft deg6 r=4
-13635904,-26653824,334016,96372864,11817920,20344128,-132642784,43632832,4555312,23472736,-22343056,-738832,6389844,-4114472,2095292,-837392,308444,-106648,29416,-7828,1940,-348,64,-12,1 # cft deg6 r=4
1429504,8454144,18380800,13604864,-11920896,-30408960,-18466176,6531968,15831296,7369472,-2379520,-4123072,-1276520,619824,568160,67120,-84068,-33144,3252,4136,390,-216,-40,4,1 # cft deg6 r=12
256,0,23808,0,-203712,0,673760,0,-1144208,0,1070348,0,-520215,0,99154,0,3179,0,-1276,0,-65,0,-2,0,1 # cft deg6 r=12
473344,0,41488384,0,190221696,0,22261024,0,51810288,0,48791348,0,-12704751,0,-25778,0,283611,0,-38420,0,2439,0,-78,0,1 # cft deg6 r=8
10000,0,407200,0,-3775504,0,108824,0,4267936,0,-2955948,0,680473,0,-1882,0,-22869,0,2764,0,127,0,-30,0,1 # cft deg6 r=8
1024,0,-41984,0,90112,0,990592,0,-1128960,0,173824,0,95748,0,-6512,0,-2952,0,996,0,-156,0,-20,0,1 # cft deg6 r=12
135137113,347185788,-306813976,-866427924,412543542,-175718828,-424096236,1046501580,-420649809,-300213648,290668284,-22940312,-61348340,20981328,4502156,-3687560,189543,319476,-52324,-15124,3406,380,-96,-4,1 # cft deg6 r=8
9728,306176,2862592,14348288,43247104,83747840,96746624,55239680,-3806400,-34370432,-32157888,-14993024,-1566800,2015712,1168096,205968,-112864,-63088,2720,6472,372,-316,-28,8,1 # cft deg6 r=8
26624,-106496,-106496,544768,-3551744,5556864,-6649408,6642496,-4100096,2603040,-1752928,717920,181524,92280,-464756,-1992,181620,-7632,-31492,2308,2440,-192,-80,4,1 # cft deg6 r=8
5494336,0,29719680,0,23371328,0,-46657952,0,-2980448,0,2788112,0,2189460,0,24896,0,-24376,0,-14028,0,2228,0,-88,0,1 # cft deg6 r=8
16384,0,-8261632,0,-129353728,0,149055232,0,-64897664,0,15445360,0,-2893596,0,482272,0,-41968,0,-1676,0,632,0,-44,0,1 # cft deg6 r=8
295936,0,-2071552,0,722432,0,140352,0,17664,0,341020,0,-116383,0,-30426,0,-11001,0,5336,0,615,0,38,0,1 # cft deg6 r=8
6396473,-18078960,20349800,-19335360,27383162,-11276196,-4930348,5173556,-5123613,7694408,-4537076,-1587680,3195728,-1807296,558100,-171064,100499,-47304,14620,-4880,1446,-268,56,-12,1 # cft deg6 r=4
1296,0,131904,0,83072,0,-546136,0,-480792,0,-510316,0,-510679,0,-74930,0,-16481,0,8944,0,719,0,6,0,1 # cft deg6 r=4
160376896,0,-102172288,0,204970176,0,-103670880,0,119271616,0,-45183600,0,21934484,0,-7766472,0,1287532,0,-109620,0,4944,0,-112,0,1 # cft deg6 r=4
-37634684,25114072,25466612,-53171768,18174536,18144328,-14008136,7679776,9771868,277872,4600700,2601576,1016865,1067670,313449,210018,70482,28038,9449,2646,778,170,37,6,1 # cft deg6 r=4
-2579648,9158784,-12205184,6203776,4463216,-11572576,9684048,-3708064,-971588,2591832,-1530832,686376,92545,-60082,88289,8314,2478,6758,945,310,298,50,9,6,1 # cft deg6 r=4
1024,0,-46080,0,-229376,0,-608640,0,-1062656,0,-1013760,0,-415228,0,-45616,0,3576,0,492,0,324,0,36,0,1 # cft deg6 r=4
-1863527,573636,8932620,-2277508,-21118390,5982636,30591980,-14392492,-24481953,19578984,6915672,-12863976,2813740,3754520,-2375944,-331800,583527,-29676,-67044,5932,3882,-260,-100,4,1 # cft deg6 r=12
225728,300928,-1024960,-365184,1142528,-1809856,20320,1717056,-423328,878688,-912016,-1113488,1136500,127016,-380876,89072,31260,-23272,5848,796,-1008,184,28,-12,1 # cft deg6 r=8
4096,0,196608,0,-5785600,0,22759936,0,-7565056,0,-3226496,0,1557776,0,-137952,0,-18288,0,6856,0,-808,0,36,0,1 # cft deg6 r=8
2958016,-9036800,-6257728,42534976,-25037824,-45393984,58691072,8357888,-52291056,14205296,25758496,-10332096,-6151964,5079824,1705096,-1128112,-421748,95000,52660,-8,-2756,-356,32,12,1 # cft deg6 r=8
14622976,0,74351616,0,72649024,0,44510176,0,58041680,0,-9626996,0,1098057,0,-391938,0,95639,0,904,0,-1057,0,14,0,1 # cft deg6 r=4
343396,0,3417592,0,8604388,0,3107260,0,-10468824,0,-6758984,0,2538841,0,229298,0,14491,0,5860,0,587,0,30,0,1 # cft deg6 r=4
54756,0,2567448,0,-3094156,0,-14550364,0,-4404952,0,3283856,0,2034385,0,957610,0,269515,0,33948,0,2003,0,78,0,1 # cft deg6 r=4
16384,0,-749568,0,-10509312,0,-6804736,0,23387968,0,23520288,0,8454121,0,1468390,0,144607,0,10548,0,727,0,38,0,1 # cft deg6 r=4
1275136,26790912,171769088,530957056,887376896,1009844096,769999712,282380416,-33789008,-183116560,-102772144,-44294288,7249057,5210876,4570174,-94436,68855,-169208,18204,-3272,1959,12,-42,-4,1 # cft deg6 r=4
2567321,53525348,-249905284,500364980,-581823746,406879500,-117268400,-83036124,120750035,-70604216,16164576,6395896,-6151968,2162904,-232432,-191016,-45549,30036,-12524,2900,2082,-228,-80,4,1 # cft deg6 r=8
289,0,-2409104,0,31722,0,323680,0,156591,0,22272,0,-10708,0,-1248,0,79,0,16,0,-54,0,0,0,1 # cft deg6 r=8
565504,0,-5234176,0,2480128,0,-321024,0,277248,0,-147136,0,31200,0,-8224,0,1760,0,-32,0,16,0,-12,0,1 # cft deg6 r=8
16384,0,9584640,0,13430784,0,21500928,0,9694720,0,-11035968,0,-2146800,0,32288,0,-20288,0,3112,0,508,0,-48,0,1 # cft deg6 r=4
91355364,0,-137267784,0,-256524732,0,-131069412,0,-56531864,0,-16417032,0,336241,0,332210,0,34955,0,5924,0,-61,0,-34,0,1 # cft deg6 r=4
1849,-17552,66956,-136576,107262,-31396,776344,-174556,-3510229,-1380712,1565500,-262688,244448,148480,-215084,84408,-37557,11016,-1000,1168,-814,116,36,-12,1 # cft deg6 r=4
20921476,0,-37247232,0,-16817768,0,-3879044,0,-9377128,0,-1586984,0,-1376151,0,30378,0,6827,0,-4484,0,167,0,38,0,1 # cft deg6 r=4
417316,0,5900224,0,-1674024,0,-71196,0,-823088,0,-208600,0,-244967,0,-47734,0,2971,0,1028,0,31,0,6,0,1 # cft deg6 r=4
1296,0,9792,0,-3241408,0,-9708184,0,-4909532,0,-2026196,0,-441307,0,-75074,0,-6461,0,-472,0,51,0,6,0,1 # cft deg6 r=4
-1729936,13866944,24509888,-6543664,-44635536,-68293024,-42546432,352432,19818392,16395788,6069736,-37552,-787263,-521272,-173074,-141996,91,33596,11680,-1120,-1121,-128,42,12,1 # cft deg6 r=4
7485696,0,17374464,0,7139456,0,1128928,0,-548976,0,26728,0,-74207,0,31974,0,2615,0,-300,0,-121,0,-2,0,1 # cft deg6 r=4
121600,1253120,5574144,13987968,21071104,18024288,5189744,-5885472,-7560240,-3076096,305728,933008,520600,158328,-31196,-74952,-32168,3662,7487,1698,-477,-262,-23,6,1 # cft deg6 r=4
387223684,0,758955824,0,-805701336,0,209675012,0,-42343840,0,17534144,0,-3165999,0,446354,0,-49645,0,2372,0,31,0,-10,0,1 # cft deg6 r=0
1373584,0,419532960,0,912977904,0,794753880,0,385409632,0,126084696,0,30704849,0,5428766,0,659495,0,52900,0,2679,0,78,0,1 # cft deg6 r=0
264647824,0,4762163392,0,3890214752,0,1491390952,0,424760004,0,104138756,0,20450205,0,3026590,0,330675,0,26368,0,1483,0,54,0,1 # cft deg6 r=0
315844,0,7520108336,0,14579148696,0,10071881860,0,2944174800,0,380748280,0,45411449,0,4021298,0,295731,0,20604,0,887,0,38,0,1 # cft deg6 r=0
14449482436,0,36002090648,0,25606731572,0,7615350980,0,1436947400,0,225514400,0,30244209,0,3288778,0,294835,0,22244,0,1339,0,54,0,1 # cft deg6 r=0
34845409,0,-7659084,0,4223834,0,22209768,0,18699067,0,8599448,0,2583184,0,532488,0,76995,0,8100,0,630,0,32,0,1 # cft deg6 r=0
141514816,0,255641152,0,209123568,0,105681024,0,39630732,0,11989332,0,2850173,0,529358,0,81387,0,10256,0,907,0,46,0,1 # cft deg6 r=0
139129,0,15889524,0,79212442,0,127128660,0,97190111,0,42685992,0,11820556,0,2175240,0,271751,0,22500,0,1146,0,36,0,1 # cft deg6 r=0
10374841,0,1314611620,0,3127466706,0,2864808812,0,1270145039,0,293137864,0,38784716,0,3308504,0,223319,0,17172,0,1346,0,60,0,1 # cft deg6 r=0
348112940432,-436401713024,733183218496,-529175364416,475074872608,-215557692864,134664553560,-35632143856,19038227272,-1512961456,1553733616,244673312,112792721,38217012,9081646,2577460,513167,63064,16188,-3176,-105,-92,-18,4,1 # cft deg6 r=0
8501946436,0,30041377560,0,25729398676,0,13579337308,0,4748258680,0,1027773424,0,134523673,0,10777106,0,514539,0,10428,0,-69,0,14,0,1 # cft deg6 r=0
308915776,0,1018142528,0,935397424,0,498759360,0,193059052,0,57814340,0,13465293,0,2321470,0,298355,0,28952,0,1923,0,70,0,1 # cft deg6 r=0
210914096,284652032,425296400,-36285296,80236736,160456688,51340480,30266304,155280988,12088428,68111616,7582160,11879885,863152,645990,-217732,-64173,-45268,-8156,-1448,307,200,70,12,1 # cft deg6 r=0
330803344,0,-347418432,0,310050880,0,18267128,0,16854120,0,16351160,0,6238409,0,1803506,0,260271,0,24188,0,1663,0,66,0,1 # cft deg6 r=0
7269508,77273432,371177192,1050871844,1914133848,2273464146,1632775451,425568738,-407181887,-486303588,-194546888,13505508,47026848,17988432,481502,-1715136,-489882,13940,34916,6272,-532,-346,-29,6,1 # cft deg6 r=0
4624,0,1179936,0,-6848176,0,5175400,0,1388620,0,-4694156,0,4831909,0,-2418458,0,597547,0,-72944,0,4307,0,-114,0,1 # cft deg6 r=16
23104,0,-180352,0,597952,0,-1401184,0,2809024,0,-3908704,0,3043636,0,-1194648,0,243212,0,-27956,0,1880,0,-68,0,1 # cft deg6 r=16
-19464772400,-64851308480,-16653490512,107494429792,43991655840,-76890700880,-27202152728,28793465968,9075510116,-6010476840,-2229405636,802560324,390423719,-75566812,-44606869,4039990,3698364,-118678,-215329,4014,7538,-146,-137,2,1 # cft deg6 r=12
79863536,-949267200,5059222960,-16303521984,35941264816,-57975202240,71315523640,-68648955648,52425235448,-31810128584,15126392016,-5417951648,1309087099,-119310368,-55911937,29789854,-6688004,417508,194651,-56534,3564,860,-137,-2,1 # cft deg6 r=12
-50337472,-54867840,97231232,-242533952,176296304,-63003776,-742066688,360299104,778643204,-218594728,-380544592,64408980,106839741,-11623180,-18703662,1443128,2090183,-131268,-145980,8352,5935,-304,-122,4,1 # cft deg6 r=12
-24058663,-35337208,164278176,91118832,-171910114,-65623316,84557756,10435076,-40533541,-2145752,15916860,4245024,-2405648,-1416752,-163404,77576,51323,16352,484,-1376,-382,-44,0,4,1 # cft deg6 r=12
9048064,0,21856256,0,-33666048,0,11022080,0,528448,0,-587696,0,84068,0,584,0,-6644,0,-300,0,208,0,32,0,1 # cft deg6 r=8
1336336,0,26255072,0,89007376,0,-22129512,0,-33672720,0,-3346088,0,1458417,0,293122,0,20047,0,-748,0,-305,0,-6,0,1 # cft deg6 r=8
447241108,59004344,72066380,341163128,72505632,94182112,84283384,-26407244,-27587060,-4343732,-4081928,-83720,1998333,375812,-200558,-10288,9247,-16044,-1560,2408,451,-156,-38,4,1 # cft deg6 r=8
11236,0,-99904,0,273048,0,295852,0,-3472080,0,4283208,0,188265,0,-189150,0,-7725,0,4588,0,-57,0,-34,0,1 # cft deg6 r=8
1241672,247304,-13479520,2620968,35988456,-2055376,-47840028,-10802776,33975620,18950720,-10410364,-12041208,-1125126,2742526,1262100,128318,-38462,-14212,-1389,1370,381,-70,-13,6,1 # cft deg6 r=8
130352,-481280,-931168,5213216,-8620600,-7358000,21521848,3611640,-25530876,3782136,17744504,-8645872,-4106531,3635174,111829,-657442,82890,61430,-13083,-3146,838,134,-43,-2,1 # cft deg6 r=8
22534009,0,-58106156,0,60788954,0,-29050524,0,-679617,0,3785352,0,-898452,0,-135864,0,43175,0,-5084,0,602,0,-44,0,1 # cft deg6 r=4
37662769,0,171099560,0,206579546,0,50635656,0,-16547665,0,-8032432,0,-628244,0,125008,0,27583,0,3848,0,538,0,40,0,1 # cft deg6 r=4
12988816,0,53838048,0,64636848,0,14548024,0,-9494868,0,-6129204,0,-1639787,0,49582,0,132147,0,26368,0,2155,0,78,0,1 # cft deg6 r=4
-14004292,-47252680,295096732,1402442032,2892528704,3853801900,3943808141,3407901114,2531863689,1603916976,868840196,413218504,177282620,68393784,23457534,7252876,2098306,559928,131448,26552,4796,764,93,10,1 # cft deg6 r=4
-1541995712,8938608384,-23434178432,36227366912,-35636174832,21395047680,-4632355088,-5061565664,6818349228,-4760180304,2382794304,-910714688,255321831,-40133912,-4543249,4983510,-1403216,117308,41483,-13246,568,372,-61,-2,1 # cft deg6 r=4
1752976,0,1819584,0,-871648,0,-776696,0,-470232,0,-643652,0,-179055,0,32506,0,14175,0,-80,0,-313,0,-14,0,1 # cft deg6 r=4
2363104,1615360,-10382176,-7073184,-1503728,7448576,24808728,28386384,32698088,24221496,18703452,10269880,5649705,2069414,785489,140430,18718,-23438,-9055,-3498,-106,30,45,2,1 # cft deg6 r=4
2258177,5447880,15639651,18018388,19754341,112895338,169523710,-70528482,-223440117,30196614,118218135,-35337564,-22368304,14992582,-589449,-2393352,618507,153610,-69518,-3016,3579,-56,-93,2,1 # cft deg6 r=4
343396,0,1674488,0,1783052,0,-846524,0,-1523140,0,-1438484,0,-1129459,0,-536602,0,-142217,0,-20064,0,-1281,0,-14,0,1 # cft deg6 r=4
1893376,0,27350016,0,150218240,0,385521792,0,450711616,0,193721824,0,31563108,0,940120,0,-214988,0,-17388,0,44,0,40,0,1 # cft deg6 r=4
1106704,0,-23846016,0,75698112,0,-98550632,0,69351736,0,-30836104,0,9366929,0,-2053378,0,324471,0,-34340,0,2191,0,-74,0,1 # cft deg6 r=16
1296,0,-748800,0,2099408,0,6276168,0,-12835360,0,1651120,0,3314801,0,-535702,0,-174761,0,20308,0,1351,0,-54,0,1 # cft deg6 r=12
1,0,-120,0,-16006,0,126316,0,-232213,0,28144,0,239616,0,-177216,0,38963,0,-4040,0,-90,0,36,0,1 # cft deg6 r=12
256,0,-225536,0,16713792,0,-45698528,0,46143920,0,-20261012,0,2784857,0,618330,0,-222349,0,14572,0,1207,0,-66,0,1 # cft deg6 r=12
4139024,-34501296,121830976,-230648384,229157996,-53788110,-141798045,165623934,-47095327,-43645568,40342004,-4761984,-8505244,3593972,630050,-647284,19926,62016,-4012,-2640,104,-54,-13,6,1 # cft deg6 r=12
-451766464,-1045143680,-515585856,423769984,603482048,472017152,295599888,70583456,9151424,33810688,5670320,-23034720,-14776716,-1496344,1148840,235560,-60868,-25688,-2283,482,-337,-196,3,10,1 # cft deg6 r=12
276676,0,-2322344,0,-2728820,0,2033796,0,1221156,0,-306980,0,-310371,0,49622,0,19783,0,-4744,0,455,0,-38,0,1 # cft deg6 r=12
-215540288,-20161920,347432640,-683607680,-88440192,428263488,-283890656,-56900928,144011792,13822560,-25235536,-14722288,1604148,3247880,688028,-261280,-161628,-6384,12552,3172,-280,-212,-20,4,1 # cft deg6 r=8
4096,0,1560576,0,7498752,0,7411200,0,96256,0,-1978048,0,-519152,0,75648,0,33536,0,-232,0,-596,0,-8,0,1 # cft deg6 r=8
141376,0,3006784,0,16387504,0,11036608,0,-2061924,0,-2500940,0,-476451,0,215734,0,49851,0,-7104,0,-405,0,22,0,1 # cft deg6 r=8
531441,0,-2361960,0,-4028454,0,694008,0,383535,0,-29520,0,8684,0,-3280,0,4735,0,952,0,-614,0,-40,0,1 # cft deg6 r=8
-4558688,10424128,-6952640,5064480,-7166272,4447200,-4036376,3579392,-1173572,127072,404376,-312848,177807,-51296,-13201,-810,7380,520,-1425,638,-160,-64,-49,-2,1 # cft deg6 r=8
-6198352,52764672,-171184640,263821984,-184589360,3454224,84562120,-27057408,-22739136,4724856,6515092,-205564,-1670027,-620180,29022,13864,-41749,-9844,7008,3216,-169,-296,-46,4,1 # cft deg6 r=8
1183744,0,9678848,0,-15797248,0,-23390720,0,15791360,0,14548416,0,1843088,0,780704,0,-132688,0,-22488,0,2692,0,-80,0,1 # cft deg6 r=8
1879792,16244384,13895392,-46667584,-57367144,61751952,104403384,-34873528,-109630660,-10414128,65620092,26049816,-20436661,-14429736,2365331,3637242,207756,-435520,-69325,22938,5140,-408,-125,2,1 # cft deg6 r=8
-41821376,340789824,-362870208,-965095776,-421479968,-9316936,155840716,170254840,62694332,-1835016,-4511436,6368952,5824152,1922048,256720,5440,49240,37242,13747,3462,727,206,53,10,1 # cft deg6 r=8
160000,0,1171200,0,4710848,0,4559264,0,-9548192,0,3389636,0,-164423,0,-53574,0,12091,0,-420,0,-209,0,6,0,1 # cft deg6 r=8
8737936,0,-529229152,0,116471968,0,-12045320,0,5583464,0,-429848,0,42721,0,18202,0,-5697,0,172,0,-169,0,-6,0,1 # cft deg6 r=8
83268,-447552,2233368,-6532152,7532128,7476512,-19747208,-3673064,23370176,846596,-17613092,544668,8496307,-666784,-2480412,229604,435375,-33404,-45696,2120,2737,-48,-84,0,1 # cft deg6 r=8
4941729,0,-23088780,0,41972866,0,-38592988,0,20649263,0,-7740952,0,2280732,0,-464920,0,83471,0,-8540,0,898,0,-12,0,1 # cft deg6 r=8
-2052800,-6467520,6118272,-5345568,17180592,-3011864,-5971444,-2552384,-2775192,1912792,4042136,-372128,-1571735,26676,283362,-41180,-24625,18784,-104,-2720,307,172,-30,-4,1 # cft deg6 r=4
435328,-33399296,215881728,-662747264,1279464256,-1759632064,1836743584,-1503233472,980545040,-511269744,211244868,-67592804,16164705,-2879662,533773,-178118,48386,5730,-11347,4882,-1026,42,37,-10,1 # cft deg6 r=4
5184,0,1262592,0,18120064,0,45991840,0,34716928,0,1175840,0,-3936076,0,-241280,0,81280,0,3300,0,-432,0,0,0,1 # cft deg6 r=4
534349456,0,-333750112,0,-54775600,0,108133336,0,-37225120,0,5411280,0,127185,0,-233214,0,52455,0,-6988,0,599,0,-30,0,1 # cft deg6 r=4
417316,0,2871504,0,-2754680,0,-292604,0,-1018032,0,355160,0,-129807,0,970,0,3555,0,-916,0,-1,0,30,0,1 # cft deg6 r=4
4,0,45488,0,537232,0,-918532,0,-4017012,0,2387156,0,-1085611,0,246390,0,146863,0,5848,0,-261,0,18,0,1 # cft deg6 r=4
30382144,0,77085632,0,61379760,0,16736384,0,1491084,0,972,0,-64267,0,-29082,0,-10197,0,-1240,0,243,0,38,0,1 # cft deg6 r=4
596164,1652184,4127380,2774024,-11736608,-15298472,17242472,17423468,-3875084,4888728,7268688,3063784,803613,-201372,-263682,-102672,-31469,-6112,64,184,107,12,-2,4,1 # cft deg6 r=4
43264,0,-562432,0,-7448064,0,-15886560,0,-12251872,0,-3031876,0,499513,0,394830,0,101935,0,11884,0,475,0,10,0,1 # cft deg6 r=4
1,0,300,0,18046,0,367784,0,2247539,0,4007152,0,-675664,0,-533488,0,-853,0,5940,0,-14,0,-8,0,1 # cft deg6 r=4
-10960256,-372945408,1185337344,-1253869568,382908896,212429248,-172840672,14425504,26354928,-8945888,-4301988,3230380,127403,-557264,83443,59814,-25152,-2372,4299,-762,-264,72,23,-10,1 # cft deg6 r=4
4096,0,200704,0,1101824,0,1367552,0,-10513920,0,4279232,0,729872,0,116800,0,23696,0,1544,0,360,0,20,0,1 # cft deg6 r=4
-97582208,-872744704,-2269479552,-2817248608,-1734672400,-139732456,671338860,594258848,224825100,-7231396,-53907840,-27382936,-4334211,2171976,1504598,306620,-63149,-50260,-7868,2080,915,24,-38,-4,1 # cft deg6 r=4
347120588,728452968,135787244,-558195116,-217765304,212656094,10018539,-177474118,-62502799,56258604,57202392,21157700,1480428,-1939000,-1184506,-460640,-116758,-7284,7572,2248,-92,-134,-9,6,1 # cft deg6 r=4
1296,0,90144,0,1470320,0,7355496,0,14694300,0,10800300,0,809181,0,-513786,0,6099,0,5040,0,-429,0,-10,0,1 # cft deg6 r=4
5776,0,1986848,0,6043792,0,-1705016,0,-2982480,0,3860988,0,2425889,0,282714,0,-30257,0,-7848,0,-417,0,10,0,1 # cft deg6 r=4
82864609,0,-154014368,0,183452146,0,-116395544,0,46623615,0,-12731104,0,2711404,0,-533424,0,98943,0,-13952,0,1218,0,-56,0,1 # cft deg6 r=4
201469636,0,-404234776,0,-210879788,0,-102760124,0,-19544600,0,-414016,0,500681,0,-46126,0,-2589,0,1060,0,-13,0,-2,0,1 # cft deg6 r=4
33320036,101541112,120988164,64894760,8734128,30725768,112823000,174437756,168701108,115158696,57041544,19205992,2798425,-1205940,-944042,-265304,3783,34608,14672,2368,-421,-268,-34,4,1 # cft deg6 r=4
4771424,16907520,4651200,-20427744,16090288,72344128,71745240,49161344,35747388,23417808,11844332,4360080,792931,-247488,-234277,-83050,-9220,6816,3635,602,52,-20,-13,2,1 # cft deg6 r=4
1679616,0,70170624,0,168272640,0,-69903360,0,51527296,0,74393920,0,30109536,0,6581696,0,875792,0,71776,0,3496,0,92,0,1 # cft deg6 r=0
8904256,0,135882624,0,27805376,0,-34210272,0,3500160,0,4665392,0,-305644,0,-214888,0,41764,0,16372,0,1652,0,68,0,1 # cft deg6 r=0
3682561,0,-5810116,0,9039162,0,4125332,0,2830143,0,819640,0,-84420,0,-3608,0,24799,0,7052,0,362,0,4,0,1 # cft deg6 r=0
43264,0,4932096,0,27431040,0,42492384,0,27649200,0,26756532,0,18206697,0,3768282,0,299543,0,11016,0,607,0,42,0,1 # cft deg6 r=0
78074896,0,1887940896,0,5406428320,0,6023265416,0,3411425960,0,1125443320,0,232247385,0,31096690,0,2736655,0,156764,0,5615,0,114,0,1 # cft deg6 r=0
640000,0,5401600,0,-646912,0,3082176,0,1613712,0,447652,0,465241,0,151050,0,23055,0,3424,0,359,0,18,0,1 # cft deg6 r=0
227529,0,2623932,0,7506802,0,31451224,0,98656571,0,36576248,0,1495696,0,-468136,0,-46245,0,6716,0,94,0,-32,0,1 # cft deg6 r=0
1538219651,-9916494680,27103508873,-39779678442,31255546383,-8026233504,-6875405744,5392127212,1080551379,-2966653452,1356938187,-33926010,-178888528,48421000,8599199,-5843898,177125,371356,-48612,-13516,2853,256,-79,-2,1 # cft deg6 r=0
17665209,0,45978624,0,40387570,0,12732192,0,295967,0,-128672,0,114236,0,8160,0,-2617,0,416,0,50,0,0,0,1 # cft deg6 r=0
438244,0,6500072,0,8587684,0,2143668,0,-884408,0,-48720,0,226729,0,-6902,0,1339,0,4204,0,219,0,-2,0,1 # cft deg6 r=0
1475004592,-6033588320,13522876304,-20728018944,23949349072,-21876701136,16289145224,-10096075808,5306734488,-2414759512,977993020,-365366940,130359465,-45071130,14895493,-4581258,1288062,-330230,77657,-16626,3170,-522,77,-10,1 # cft deg6 r=0
65536,0,6914048,0,41414656,0,71888896,0,43958016,0,9536896,0,243472,0,7712,0,36720,0,3544,0,-76,0,4,0,1 # cft deg6 r=0
14008243856,38350776848,50627186896,44149034696,31068478368,19268036568,10654172217,5214362654,2309124709,919907824,335734712,106706560,31187744,7774672,1938642,372236,109634,28000,11840,3208,1032,248,45,6,1 # cft deg6 r=0
16207162992,65542882752,123569732016,144196612992,118656357184,75304581984,40159019160,19188952160,8350414228,3219950824,1078077216,314494760,78765727,13863432,-144309,-1092278,-313408,-492,22599,5710,116,-196,-29,2,1 # cft deg6 r=0
11505664,0,69832704,0,164218880,0,199238144,0,139552000,0,54117248,0,11441424,0,1398944,0,111616,0,5240,0,44,0,12,0,1 # cft deg6 r=0
10816,0,1752192,0,9989824,0,17698592,0,9239584,0,-67488,0,-842892,0,22640,0,71264,0,10732,0,520,0,16,0,1 # cft deg6 r=0
23853877,55849468,135774244,206416860,253120178,239003308,167150940,83008476,25881267,7721608,8188648,4568968,-118592,-437784,202256,47720,-46329,-2148,3988,-1252,-98,140,-12,-4,1 # cft deg6 r=0
7635568,-14909536,32121632,63754080,-109286488,-56802048,90769224,10656728,-24096112,-8139272,12547412,-386584,-2932113,1268512,-7529,-129958,52192,-9624,3623,-1142,276,40,-17,2,1 # cft deg6 r=0
140754496,0,322766016,0,214446256,0,43056512,0,-1282404,0,194828,0,1295061,0,462270,0,76435,0,6976,0,427,0,22,0,1 # cft deg6 r=0
417316,0,18796560,0,94285944,0,137189388,0,64923208,0,5528792,0,-882447,0,902858,0,344507,0,45388,0,2847,0,86,0,1 # cft deg6 r=0
46267204,0,164773920,0,223338640,0,143341812,0,48142164,0,12558532,0,3152485,0,615406,0,96407,0,12008,0,1019,0,50,0,1 # cft deg6 r=0
1159212668,-1910315352,1031238828,57321904,692039024,-686468204,426178845,-114842818,-49337343,76641664,-35960184,7323952,1877180,-1597080,830174,-371884,178486,-70936,22000,-5816,1344,-316,65,-10,1 # cft deg6 r=0
35520176,-22818432,25274848,8681696,79242344,68412560,96385656,81481160,75523988,47927528,28504256,12184064,5074985,1464050,430085,40322,5134,-3598,1461,90,66,-46,5,2,1 # cft deg6 r=0
33362176,0,259485184,0,645221120,0,641822528,0,225045152,0,4287064,0,-8327687,0,-817126,0,118719,0,27748,0,2119,0,74,0,1 # cft deg6 r=0
1162400,830400,8452288,8377056,-17653664,-26342112,3690152,21894560,12936780,4570192,957840,-1925072,-1414789,18412,144807,45782,50544,2944,-9817,494,1076,-100,-49,2,1 # cft deg6 r=0
82944,0,22735872,0,133266176,0,232640000,0,191097792,0,83025728,0,19033104,0,2045696,0,59296,0,-1704,0,404,0,44,0,1 # cft deg6 r=0
1048576,0,64487424,0,407371776,0,721223680,0,496910336,0,165498880,0,31440896,0,3668480,0,283904,0,19904,0,1392,0,60,0,1 # cft deg6 r=0
3494909921,120660460,633532212,1320169680,1305601870,1436503456,941113144,483680276,218128515,50510112,9686060,-4633648,-3011432,-1115272,-333708,-2344,10507,3556,2528,-336,266,24,36,4,1 # cft deg6 r=0
57121,0,962980,0,6345546,0,21269064,0,39662651,0,40783864,0,20356336,0,3277512,0,195043,0,3764,0,262,0,32,0,1 # cft deg6 r=0
5626384,0,57087520,0,154861424,0,149967640,0,46467712,0,6801716,0,-627735,0,-174530,0,-9253,0,5164,0,-145,0,-22,0,1 # cft deg6 r=0
-1976122628,13927718660,-46857101000,97937974752,-138948070998,137348595170,-91610968047,34803132798,343034998,-8580914950,4418032732,-466340480,-466240489,197029256,-1189172,-16760948,2911026,605490,-209357,-6338,7042,-166,-124,4,1 # cft deg6 r=4
-3894148,-11284780,-13655840,-11904052,-541638,17765038,22755423,26706614,33065650,26395806,16743542,7831736,-541805,-2127624,-507460,-8616,-38138,3398,7097,-662,90,114,-34,-4,1 # cft deg6 r=8
1016441701,-2806925151,-356411874,7895646746,-7691522832,-1174578066,5192137813,-1432409415,-1464032415,760797909,212439381,-184386120,-12916055,27274941,-892095,-2648576,276927,166974,-30351,-6192,1941,102,-69,0,1 # cft deg6 r=8
91093831,150118731,-2079433764,4651989925,-4967655012,2108817282,2241527123,-3624909165,1086959286,894247072,-625862817,-23840313,128747729,-23506032,-15496938,4762018,1318431,-447441,-84838,22704,3783,-587,-96,6,1 # cft deg6 r=12
76805475671,191429394126,221869870302,148970983710,52418391591,-3761077272,-15009574313,-8583884130,-1943035083,321257454,469163166,157276470,18628724,-11759976,-5306838,-1284136,85317,73602,28333,1116,-45,-196,6,0,1 # cft deg6 r=0
-16240895,-435940920,-59645319,2495140170,-1557264048,-2301432066,1790240446,682027992,-542390727,-221439690,185657130,19275030,-36558744,-8569752,5937318,1267608,-60255,-276546,16850,6540,1977,-300,-81,6,1 # cft deg6 r=8
15380761,30874614,214695540,330934355,-108346014,6306543,-187673733,-721171776,13790253,-234134352,-237123984,435606702,260738764,-82510935,-57043182,6544377,5667144,-261234,-305797,5196,9297,-41,-150,0,1 # cft deg6 r=12
-2969651,-152668770,-2395970628,-12724667411,-30761606283,-35603738850,-11211560830,18996969624,22852281309,6773479392,-3654029862,-2909662407,-171061723,373607892,87339858,-19756835,-8709627,108303,401257,34059,-8283,-1409,27,18,1 # cft deg6 r=12
-8951,-7314,41121,95259,203700,259797,252809,260334,210879,173719,137259,64800,24022,11976,717,-3001,-1344,-1047,-767,-204,-39,-10,9,6,1 # cft deg6 r=8
3716682169,-6970862100,-4833246222,9074004045,-2106313608,-2782154130,5234682304,-483974451,-1322836152,1349945299,-195336561,-266943708,184521413,-28099884,-19006329,13545997,-2805627,-559809,471497,-101400,4524,1645,-186,-6,1 # cft deg6 r=8
-308670331,-24101743551,-68600140395,-10535669955,76084913448,48957189369,-11631260655,-16199826306,241990542,3058014649,59146515,-534913131,-55986273,63782370,11914347,-5035300,-1386693,268365,119368,-1602,-5502,-591,72,18,1 # cft deg6 r=8
269218816,-1673222784,3685560624,-2371018616,-4015047279,9295255923,-7017297601,19293495,4419995523,-4120963176,1942769619,-433572978,-60319330,90296463,-37148421,7155586,580026,-777711,202282,-13215,-4803,1105,-33,-12,1 # cft deg6 r=12
11913869,26247804,47866050,66024918,70100259,67255278,48958100,29325054,13244016,3110201,312015,-1324761,-1038335,18639,-15135,-32981,56565,10095,-11256,-921,1068,29,-51,0,1 # cft deg6 r=4
34473989,-308447997,1076136699,-2185167369,2909273874,-2837514309,2281837319,-1587626928,913910196,-420856111,158615772,-42227379,-2697421,10082277,-4912323,1023807,58098,-113379,37151,-4698,-405,252,-45,0,1 # cft deg6 r=4
6529667111,-49820664300,278841498258,-892289170404,1631802793827,-1775632893420,1101228586261,-246334222128,-168204041529,160482261122,-47961099639,-4594180608,7913246565,-2146522506,-42106314,155485340,-31794129,-691338,1203992,-152118,-5742,2680,-129,-12,1 # cft deg6 r=4
1231425061,613868595,-4557058965,-2967192738,1056528384,915984207,-488510101,-376016676,74462016,52393068,-38975940,-16688232,8023615,4259910,-630918,-547230,-3297,24093,-959,864,741,-46,-48,0,1 # cft deg6 r=4
868531,-1839270,-19561371,-33945687,30329742,158943018,149189580,-25852293,-104978856,-30736509,23355798,14538510,-80343,-2869641,-799869,290925,129945,2805,-13845,-2400,993,150,-33,-6,1 # cft deg6 r=12
120489151,754645377,-952534500,-3956735498,7294186581,-2719098867,-2599705262,2725985682,-708089997,-148343875,69020826,38079888,-22538222,-393816,2579664,-492960,-67527,5886,13382,-3054,-669,346,-30,-6,1 # cft deg6 r=8
317632944976,-490347526056,-320254792536,1045662303016,635933958213,-424558605774,-225580091908,105650990268,34834134885,-21591514982,354601638,1870812336,-568590666,-21454530,133311069,-76644474,25715976,-6600930,1361072,-209622,25287,-2770,234,-12,1 # cft deg6 r=0
9645931,64612539,185213439,270130695,255193953,100148280,207512256,-12983934,84489399,-4540153,11501058,4331976,-446702,654612,199140,-102342,46548,-10320,2215,-1416,528,-194,42,-6,1 # cft deg6 r=0
266625901,-327388263,184605963,295581406,-190005021,-49690626,178629004,-140919678,65093592,-63056449,52365195,-30351894,17467300,-8460027,3315810,-1274011,403710,-93783,22870,-4464,-126,136,27,-12,1 # cft deg6 r=0
40966295,53390625,-446631456,-620183720,1397475288,2080072185,-1611636883,-2501697660,1150532316,1492342662,-598652061,-472324488,204661980,74633646,-38953494,-4989044,3681876,154047,-198166,-1986,6426,6,-120,0,1 # cft deg6 r=16
-84561803379,190776519711,-52819540092,-179845084998,153547693737,21281204616,-76074104504,22488834666,12335579514,-7996184082,90160938,1044794586,-266283230,-56744931,42319098,-5518653,-1519101,554220,-8756,-22695,2379,507,-75,-6,1 # cft deg6 r=8
28904325120,0,-400062136320,0,843346391040,0,-613056107520,0,182780914176,0,-14534354880,0,-3089567664,0,526807800,0,1640061,0,-2922075,0,56061,0,945,0,1 # cft deg6 r=16
5445,0,283635,0,4246470,0,16759710,0,22944501,0,8786790,0,-2333451,0,-1261485,0,29271,0,35235,0,1179,0,-90,0,1 # cft deg6 r=8
2167986645,0,34902737595,0,-65069678430,0,37633557375,0,-6695872704,0,-1054303038,0,513833898,0,-53095986,0,-117840,0,243339,0,-4122,0,-333,0,1 # cft deg6 r=16
5445,0,-60885,0,-760050,0,-1433970,0,2929761,0,8347410,0,2852049,0,-530325,0,-150969,0,2475,0,1779,0,90,0,1 # cft deg6 r=8
203082625,-42239625,-200218275,203588625,199875270,-126192360,-188215260,-2845920,80569605,27979735,-14279040,-11650440,-55844,2524314,636894,-268890,-160425,-12666,13441,4836,-30,-310,-36,6,1 # cft deg6 r=8
29115676591,90640018017,135936756153,115612914587,50803621506,-2396257692,-18547790434,-12355693581,-3729610029,421636643,1269387864,850618038,282580687,-11370882,-58757106,-27495203,-5113521,433491,392579,57027,-3879,-1763,-87,12,1 # cft deg6 r=4
465099499,-1428991923,1291899822,426220548,-939790398,-190818081,478933638,207163752,-97712091,-49811852,24640326,11075121,-6131348,-3526878,847248,777378,24753,-86307,-15203,4470,1416,-88,-54,0,1 # cft deg6 r=0
1063336384,-296219616,455382708,-1883879910,2201367435,-1174159179,499328139,-115621944,59416473,13059938,-19615137,13475505,6348157,-5816103,-957423,1089033,80229,-133911,-6509,11076,1020,-434,-57,6,1 # cft deg6 r=0
6879098745,36243674775,91972324395,149564375775,174797813700,155804855940,109421444430,61455100140,27548512911,9586826577,2355329610,249223986,-96971112,-61529814,-16313526,-1446606,556245,232308,28203,-4554,-2028,-174,42,12,1 # cft deg6 r=0
-1131652475,-39328950,8863230900,6498968825,-13431031440,-13058555835,4493234170,6940922265,237101391,-1364286274,-263576643,68704566,10664158,1709556,5939706,1694423,-621297,-340659,874,22650,2118,-628,-87,6,1 # cft deg6 r=20
-1440953469,-770333814,1672030269,-332043786,57336093,616962339,-703767528,156243087,71446590,-154444563,130375548,-29182491,-23330511,22448745,-8120466,207504,990036,-398250,53622,12132,-6213,750,54,-18,1 # cft deg6 r=12
-36029975,-193282425,-5908275,54527925,-143446095,362811540,-167543405,157042080,43175106,-270891459,83004660,77526711,-38728125,-5038290,6501042,-851706,-661158,250542,26878,-24552,1728,660,-81,-6,1 # cft deg6 r=12
-7337924,-151517652,1218252849,9057569631,19838724396,16175453625,-4160830455,-16768267539,-8925575889,2975686353,4504525632,684311616,-796083283,-276024648,60335979,35860581,-1065843,-2312625,-122457,76515,7743,-1143,-153,6,1 # cft deg6 r=12
910397296,7541427096,40433528604,118832256050,144757292667,-105138032484,-629844710003,-1011345887934,-902025318762,-474903456064,-123122484873,8863259424,16917134932,4207070226,-234854808,-307204216,-42200937,6034734,2134522,89964,-31263,-3820,24,24,1 # cft deg6 r=12
4732371031,36442510305,126662475525,262261383784,358144018458,334453257897,209694690279,76576207404,2297985390,-14644233730,-8197243044,-1632546744,354521345,291234726,56311272,-6961174,-5124501,-634971,121107,40806,1263,-854,-90,6,1 # cft deg6 r=12
25,0,5175,0,-166290,0,-138155,0,390816,0,400653,0,-111850,0,-234732,0,-91671,0,-15418,0,-1125,0,-18,0,1 # cft deg6 r=8
33757861,319055121,1163352525,1960869295,955349832,-2226973530,-4942687542,-4608237768,-1973174139,349035653,1063794342,719226876,245700320,18685206,-24107220,-12727744,-2852691,-112044,101361,21552,-582,-758,-72,6,1 # cft deg6 r=8
-1525802225,6146124900,4157959500,-4245700700,4293028065,3693851460,3077550980,1441473420,661398471,1051263172,1053097608,627509472,212174314,30801942,-6401283,-4006762,-586212,111288,61712,7926,-750,-364,-21,6,1 # cft deg6 r=4
1715755471,-4789916127,8586075126,-14227503472,17111124081,-10942180401,467151063,4263593022,-2506576815,-69172500,601340799,-178915416,-51633888,39106938,-1331364,-4155505,699321,250737,-67741,-8283,3321,119,-87,0,1 # cft deg6 r=4
-26699,-81639,626001,-1949987,5437422,-9934065,15647096,-20571891,23356056,-22784558,19529283,-14447157,9461437,-5446431,2779719,-1219222,489084,-166011,46529,-11250,1491,236,-84,0,1 # cft deg6 r=4
2989306576,6178788816,6236517384,7357697024,8119396017,4346706075,159433616,-532928868,192706812,309809819,117396327,33948321,11861289,-64746,-1545222,-80901,73959,-49671,-18000,4275,1788,-97,-69,0,1 # cft deg6 r=0
865936,1542408,3044004,-16447046,33027885,-8359077,216164252,47910105,212096973,-9715457,73897149,-8762385,11778964,6537,-2762487,142436,-350061,182385,54386,-28224,54,938,-48,-12,1 # cft deg6 r=0
659751241,-2890118322,4089268152,-68614028,-4327317939,2079075720,1064885672,-264007146,170126985,-751106426,-14920341,331027818,-44813160,-23085702,17858841,573372,-711543,-1245774,361404,-58296,16317,-992,213,-6,1 # cft deg6 r=0
30407670775,-31405023525,34849580625,-26379562425,19811033970,-9319391580,5846270230,-1880818260,994117821,-200028645,95071242,-1897170,3704310,2302350,-62268,281340,24009,7980,7993,-450,510,30,18,0,1 # cft deg6 r=0
10499310400,-9819924000,62970075,3521506825,246225765,-1619944320,234128710,282406485,-2376459,-22882761,-11542377,2691141,2145778,369759,-85875,-89830,35526,10065,-6735,-534,423,-36,-12,6,1 # cft deg6 r=0
24043951,10944423,-73443945,1451197,86680494,165164802,59370416,-187713630,168940569,-256723847,198919410,-90493770,35616220,-6447390,-1273500,429668,86079,-114750,63851,-11658,-2016,842,-30,-12,1 # cft deg6 r=0
-8802461,-93855264,-519050745,-1621303698,-2962798719,-2281553508,3223866273,7433895006,1824489495,-4513015166,-2086456557,1322845986,656226683,-235233186,-94974663,24329854,7603719,-1446834,-361198,48546,10161,-850,-156,6,1 # cft deg6 r=16
168402124,2303684052,12542676534,37039712880,67906862901,83052158472,69465664805,38574102606,11935772808,-293079840,-2102393634,-842706018,-39994433,80933256,26309259,-351642,-1935498,-336876,44832,21276,1254,-576,-78,6,1 # cft deg6 r=8
2766195,-226505340,-997673634,238697868,3772980399,-1798371339,-3409221350,1984207236,1634239662,-1047963621,-570210810,300186969,150568034,-42004308,-22802319,3672389,2225949,-187866,-137117,5397,5214,-67,-111,0,1 # cft deg6 r=8
13201319344,-76903629216,219436722528,-386440187984,445519887216,-335860358088,151937924736,-22331321220,-19204070679,14483918188,-4049746584,-114439236,490219526,-165187656,14346588,7308050,-2814441,294132,56220,-17838,105,524,-51,-6,1 # cft deg6 r=8
1102451725,12923994300,32299034850,16711113300,-19029807315,-23976212580,-5867481865,4243519380,3474474204,1010516074,52834182,-76731660,-44805451,-18896598,-8142975,-2873854,-664437,-105708,-19906,-5748,-1746,-294,18,12,1 # cft deg6 r=8
176052025,1946896275,8661216975,18718264850,18002173455,-728975700,-16102010055,-9572238105,3257025261,4700684334,435187062,-939206403,-258435402,86466465,37891668,-2341623,-2245368,-210567,28173,19425,2373,-587,-93,6,1 # cft deg6 r=12
-697245539,867893100,3790264902,-3105723174,-7770555387,4013496141,7864143927,-2652811647,-4504991262,941737300,1509877368,-171390909,-284838372,18247077,28767075,-1934734,-1419903,203328,17660,-13044,1359,430,-66,-6,1 # cft deg6 r=12
429025,0,7280250,0,33286335,0,18353205,0,-15887469,0,-20192715,0,-8951124,0,-2090460,0,-270954,0,-17460,0,-219,0,30,0,1 # cft deg6 r=4
26896,0,425688,0,-23529063,0,10157684,0,92318310,0,55789572,0,5086607,0,-1697718,0,-129150,0,16774,0,537,0,-42,0,1 # cft deg6 r=4
2474601160891,-5034183466074,7001673110016,-7579375978418,6480717117258,-4753345911336,3050935991328,-1718513232102,870611463090,-396429194082,162004222893,-59937683490,19968522129,-5947631670,1578114648,-370093748,75453885,-13022928,1894113,-223974,24348,-2102,201,-6,1 # cft deg6 r=0
6126975625,0,-1164732000,0,217601400,0,167638245,0,-27986964,0,-15669924,0,-849455,0,262704,0,72864,0,8089,0,660,0,-24,0,1 # cft deg6 r=0
1432181,21109929,72393240,-142952061,-705603462,601689219,1047510937,-551759319,-783103191,314979699,320904447,-123053496,-74626810,31012779,9607821,-4861660,-530235,442686,-13061,-20052,2763,296,-90,0,1 # cft deg6 r=12
1336336,0,5458632,0,4763313,0,-2970465,0,-9753906,0,-8467071,0,-3622326,0,-848982,0,-114819,0,-9282,0,-381,0,6,0,1 # cft deg6 r=4
356827225,25847250,390999150,1390464025,1491588525,1088993115,333494760,296490,-253602489,-223810413,-101042664,-25844502,7374900,6703872,2974818,538284,-12027,-45879,-10347,-804,939,224,72,6,1 # cft deg6 r=4
672017456,2754456648,5387300112,3918880672,-1110977379,-2491147590,-323165268,-973378596,2434759035,-2053500046,799418094,26606988,-65095740,24858198,-33801579,13275382,690297,-1666944,504954,-91536,17367,-1232,213,-6,1 # cft deg6 r=0
120885971,44195991,91795929,55175151,95326650,44379585,88873106,50282811,80293542,37660810,5052105,-778455,3975791,6108525,3700965,1363890,411498,122907,34007,5310,-705,-444,-42,6,1 # cft deg6 r=0
-1052255611,3267569331,3714507105,-21037929418,15181874307,15055019661,-18412248890,-3786861513,8941844058,131338315,-2473721985,127711890,438108155,-30522045,-52046718,3344010,4183623,-197604,-222126,5898,7314,-65,-132,0,1 # cft deg6 r=16
271441,0,-2028774,0,-10678485,0,-7186719,0,2963067,0,1513137,0,-301956,0,-68232,0,-3798,0,324,0,465,0,54,0,1 # cft deg6 r=4
6103696,-17863728,5149392,60310334,-133636851,131387118,-56024186,-6781683,13545636,2054108,-4938375,-1135056,2659467,-287295,-621819,98359,126603,-25548,-16169,3648,1158,-239,-48,6,1 # cft deg6 r=8
-42179,948804,-7191540,25683287,-45635847,26078529,45348814,-94505436,56885607,11256605,-29586858,9740592,3832696,-3096336,-223050,399296,59553,6435,14377,1824,-1485,-382,12,12,1 # cft deg6 r=4
57481245,342129420,-224760015,-1376780490,1104536331,1685670588,-2218711689,61691220,1054814859,-545789232,37095354,35858538,-10406349,5955444,-2500416,-525708,492075,-8640,-40503,3222,2052,-228,-60,6,1 # cft deg6 r=4
126385412976,-134502703092,-150099940683,145320219144,116755115526,-85447699047,-54214152747,30527487900,16257660708,-7158000954,-3378809640,1148862474,506584753,-126536178,-54868800,9409706,4222854,-444381,-220243,12006,7293,-128,-132,0,1 # cft deg6 r=0
5296478011344,12422033626392,9735188699448,444156502248,-3447216051255,-1387433582460,421135203888,359729990595,-7002652824,-50761877094,-4559990634,4876465518,730348713,-349300728,-64454490,19231011,3834792,-817740,-160317,26577,4848,-579,-99,6,1 # cft deg6 r=0
-8060895,94972950,-405025506,616933980,-193700172,-193762440,64204192,-49421295,48500751,18632212,-2781546,2443992,-5742150,-2039529,1266381,471441,-77154,-62913,-3861,4599,771,-139,-45,0,1 # cft deg6 r=8
-10759554775,-28444324830,-32887168299,-5907014302,65599480131,110124726279,48816796236,-37783689372,-45243858567,-7309137550,9181934169,4036280886,-555048822,-614244255,-34467054,46495502,6957078,-1908783,-425775,40077,12738,-325,-183,0,1 # cft deg6 r=12
-34779725,243768525,-2340564225,10091069700,-20334852105,20512452750,-9424606775,-633888135,3358482876,-1961126269,353094252,217107543,-161866207,38667285,3678183,-5164622,1610262,-179928,-53862,23640,-3777,352,42,-6,1 # cft deg6 r=4
7517025,14334570,-49234401,-76122429,134706630,187632222,-87495433,-59996841,99045351,-32291233,-59764512,28873821,6640495,-10520115,2019084,935315,-604005,68775,30186,-12753,990,285,-69,0,1 # cft deg6 r=8
64330602579,-66117732093,-78217042752,-15199485609,29852397114,15579552264,-3458463265,-4267573746,-901292895,774623026,656585223,185323626,-8703509,-39909561,-18765582,-3489209,-94695,230709,105900,17478,1926,126,-3,6,1 # cft deg6 r=4
-295,-8460,-510681,242344,23784510,-58392756,-212094137,978931434,-1001873418,-390148028,705724719,260824908,-110623832,-64347864,2529612,5924158,689931,-234828,-61532,5754,1887,94,-60,-6,1 # cft deg6 r=12
2489603875,-18316105875,46852677600,-60694168050,45247858200,-19255571550,3432524825,254618625,311415150,-529375350,258072195,-56021715,-1695815,3812655,-239820,-481680,239730,-53520,-546,3864,-1077,162,-3,-6,1 # cft deg6 r=4
13725,0,-411750,0,4422015,0,-20112255,0,36052839,0,-28413666,0,10423278,0,-1525671,0,-25401,0,25500,0,-1857,0,21,0,1 # cft deg6 r=20
32373121501,-67914198996,-89985801729,177402826722,103700792595,-158455502475,-73049628021,71304080436,32033783277,-18260800413,-8644333329,2783183994,1441596275,-257084124,-150621903,14470860,9998997,-484962,-421194,8901,10914,-69,-159,0,1 # cft deg6 r=16
30577104,0,-1020276972,0,-222184611,0,12101304924,0,3824121960,0,-11640658716,0,-2851631280,0,1783567629,0,-7667040,0,-3766926,0,-74484,0,-309,0,1 # cft deg6 r=12
43349589,0,877012677,0,-5029013259,0,1385712612,0,13687154100,0,-6297975387,0,-9594751095,0,3160507707,0,362390190,0,4077993,0,-38316,0,-396,0,1 # cft deg6 r=12
66057831,-796117707,-748527084,4857486939,-3918214206,-2151084744,3940467555,-419831622,-1572823140,555801561,344337195,-198911427,-41001515,39842361,1583415,-4983587,234120,401511,-41095,-19482,2664,518,-81,-6,1 # cft deg6 r=8
7440895,-65508135,157064385,-99379370,-173387289,389260374,-295554923,45400563,88428744,-85568825,16719420,29618805,-11677289,-7036545,2363415,1261996,-223650,-151650,6346,10974,561,-416,-48,6,1 # cft deg6 r=8
3212506989,0,40568222142,0,132019956819,0,-5203036899,0,-247117242465,0,-159461012754,0,-39805746030,0,-4675663539,0,-261507945,0,-6168624,0,-45069,0,69,0,1 # cft deg6 r=4
39248592709,-36108510318,56832936558,-16778714711,28387699809,-7050033777,15318523034,-4893917376,5729699061,-1662467517,1326940362,-342908454,207848216,-47743734,22995948,-4696500,1845243,-329133,106469,-15726,4233,-464,102,-6,1 # cft deg6 r=0
243181,175572,-1158198,1487059,8341167,-10177752,5327618,-877017,1049145,-670680,-225288,-1278021,886673,75174,-43959,-33936,42438,-26361,6410,-159,-315,127,-9,-6,1 # cft deg6 r=0
2402722444,260358810,-1663621083,-317730280,-158687391,-60383961,427727071,195296805,-117400428,-103035898,-12323562,25449597,14477392,-2371128,-3311874,106931,476712,7398,-42296,-543,2439,23,-75,0,1 # cft deg6 r=0
2753680861,16709273727,26597622261,-15283298959,-69988367487,-5636304549,76661945073,3727755213,-43358996787,4746125479,11907262332,-2854159008,-1522214078,544200366,88629588,-50788072,-1090587,2601474,-133833,-73788,7173,1068,-141,-6,1 # cft deg6 r=12
547637504,-5174888448,23033201472,-62609614976,114953875968,-148090046592,131997818248,-72564732228,9577240461,22777431192,-23283144237,11569277310,-2881119070,-69644268,293569098,-81833936,2141358,3474858,-602877,-33000,16365,-358,-192,6,1 # cft deg6 r=8
-2521640127600,-3316021487280,2105131160304,3473037820368,-694276897320,-1513995454872,111318859224,387882381456,2730130137,-65424663711,-4616388693,7595180703,883900962,-615775932,-94105998,34596378,6606837,-1278648,-306360,27558,8940,-258,-147,0,1 # cft deg6 r=12
-657740261,3414982821,-4117905645,-6236447559,20035157151,-16481116935,-1510458219,10723068555,-5628655626,-778603811,1742020089,-452047755,-129296207,79693722,-853959,-6257406,635238,354714,-63641,-12654,3471,188,-93,0,1 # cft deg6 r=12
-1280176241,-10989340464,-32072944512,-9106463544,142396648452,279867939612,170085455967,-9724589526,-55623059556,-19524248876,667019964,4630949622,1477644682,-496710474,-229988493,28538166,16819038,-889566,-695012,14340,16326,-94,-201,0,1 # cft deg6 r=12
-2330388436079,2998514050932,403580685273,-2258194516652,733516805610,555601495461,-366928056035,-25143691770,69437061405,-10626623537,-6164349693,1995562806,275892547,-188577315,-4363032,15500572,-1674045,-800820,230020,-2364,-7680,1204,-18,-12,1 # cft deg6 r=8
-416702129,-335744634,1130582442,661747897,90260280,428629230,-687732100,-3095232,-129495507,17819719,45039456,12309084,-937901,-393813,-299829,-227119,-57801,-20355,-6487,894,702,-34,-39,0,1 # cft deg6 r=8
-122839450736,191913611952,3302174157504,-7779611244096,5738439186600,-65452825896,-1964153212088,755057335008,171813143361,-168046925265,14373533598,15797041824,-4150898139,-540677874,343658436,-15230988,-13537851,1795983,299617,-71382,-2124,1476,-60,-12,1 # cft deg6 r=8
-221926475,114010950,-461190735,359690680,-123657519,399668256,-118309070,74364954,-41580405,24988380,752997,-5032068,-34301,-8462064,1163409,2374616,-149067,-322002,-17574,23412,3798,-480,-99,6,1 # cft deg6 r=8
777652480,169720320,-2609494656,-795268128,3486438480,857852040,-2264025512,-361768812,689371881,276173310,-99432879,-71803230,763329,10302522,1944471,-851754,-331140,-1830,24055,6126,-279,-378,-39,6,1 # cft deg6 r=8
7353112405,1393078350,-24739900791,-10555641956,7914863478,9815493138,454818562,-2507628648,-1300457064,182462646,358028655,86913420,-49545008,-25926018,1122099,3909014,482976,-354180,-62688,18756,3468,-528,-93,6,1 # cft deg6 r=4
-205782003824,205095804672,43820492544,-80692396608,56039784576,-73143973392,44063285008,-17947087368,8939900883,-2650181040,426613776,20992656,-96100590,40384392,-7348071,1512090,758298,-59106,60667,5784,876,474,21,6,1 # cft deg6 r=4
625,0,-255000,0,-2592000,0,-5193750,0,5614650,0,-3479850,0,1229795,0,-266550,0,31251,0,492,0,-237,0,42,0,1 # cft deg6 r=4
-9384875,-43206750,-30331200,113893350,314818545,403015440,252707615,17814420,-114747219,-91889816,-13494447,22019358,15817926,1379724,-2707230,-1003136,27234,92628,26670,1542,-1509,-374,12,12,1 # cft deg6 r=4
-816299,-10105200,-45240528,-100591300,-109550121,-17341542,105241819,135257202,77891985,20359916,-4057629,-2854728,1475682,1540806,616992,97576,-29844,-15750,112,2502,1359,418,84,12,1 # cft deg6 r=4
1180456681,388501902,-1511592294,-816521446,-1028753139,-302738820,-95029701,40171050,53963784,17232338,-7840266,1805064,3815540,62742,61011,52156,65919,-13980,6166,900,-294,42,9,-6,1 # cft deg6 r=4
2674225,11892150,18501165,19307740,29085906,35413284,32350609,16499592,-2016000,-12715508,-13363821,-8651088,-3618476,-824154,69348,106036,6939,-23148,-13706,-2988,117,220,66,12,1 # cft deg6 r=4
1488195,-21842460,126716175,-357085980,434006901,-29166975,94141917,-39704481,19546278,-23467743,-3010275,6321759,-1580396,-1945731,123429,358100,6264,-37929,-3157,2718,381,-134,-18,6,1 # cft deg6 r=4
52040007625,-87883211250,54067375050,6043986550,-41096850495,30734794410,-5651739665,-5873265630,5224800294,-1596494222,24184728,31774650,36890044,-15413496,-711615,257938,410283,-16956,-11264,-4554,564,172,57,6,1 # cft deg6 r=0
263250625,0,-317111250,0,-9824625,0,203709000,0,28871325,0,15489600,0,16832465,0,2785800,0,294231,0,35526,0,2562,0,84,0,1 # cft deg6 r=0
65019676,181758192,319389948,1028739180,3157153695,6423137874,9116219012,9661417794,7993056765,5286429182,2809214865,1178245974,367125318,69264918,-1535190,-5697484,-1546320,-672,100458,22182,30,-640,-63,6,1 # cft deg6 r=0
368679901,-102912033,274631040,149211670,53002161,226128039,216122993,21228303,41150313,88922119,34799124,8947779,20313379,16474740,4288527,581174,753339,433308,103142,14982,1302,-313,-90,0,1 # cft deg6 r=0
11868677731,-50967292839,166281095943,-68149177151,-85639189395,25336420695,37976389093,-13852899306,-1509023088,-827974388,763409523,-25185699,16636663,-8089581,-4970691,20374,445248,95040,-34766,-6378,2016,121,-66,0,1 # cft deg6 r=0
6185145964,15602010504,20494037574,17040027940,9829013799,3743154324,816763138,39143622,67681707,125949712,107568225,58903494,25587480,8961612,2776284,768932,201774,40596,4456,-534,-126,-4,9,6,1 # cft deg6 r=0
47812249775,-939205603275,1024797488100,-379988893425,-227996028810,275703861825,-86837346935,-26506716135,29789955501,-7150630174,-2071513875,1663627551,-253248255,-104172375,49085382,-2661796,-2859453,666507,42833,-33792,2238,730,-96,-6,1 # cft deg6 r=8
-28177173319,-66286421988,-61675622229,16129358608,149432368548,223444413690,143881969146,-4366063065,-76184788770,-53970916307,-12076975632,5298864672,4578470411,1210300587,-18269607,-93303657,-21159315,225,754366,103860,-4587,-2122,-99,12,1 # cft deg6 r=8
15970592725936,-11376535958400,-355522344360,5448382833712,-3979275748149,-585493615920,1394839761749,10278550875,-303201185604,22012471903,39270813771,-3738514824,-3841065570,458207829,275307468,-43819182,-12942003,2887644,299664,-109692,474,1873,-102,-12,1 # cft deg6 r=4
6245162176,-12846474672,4821079284,1621858862,2153846715,-1210757745,-276493225,-481156035,41298051,-37463040,15668550,-4269615,8832584,1170603,566625,-360100,-114,-7266,9124,-1290,225,-88,12,-6,1 # cft deg6 r=4
1004826931,410730525,3161976915,840005681,2357358222,-4446672,-486155675,-654760881,-586461330,-171103024,13443651,-23126685,-73890927,-62879196,-25678920,-3691196,1121529,581202,68878,-13692,-4815,-245,96,18,1 # cft deg6 r=4
164661284,-244583394,-1621523427,-379033045,3138414336,1705657104,-2567747660,-1761719346,1138307319,888257739,-315248862,-262649856,60374594,49086432,-8566104,-5942290,911772,460548,-68913,-21756,3342,562,-90,-6,1 # cft deg6 r=20
98535725,21375695175,-29716292895,39999864495,83551855134,-37015791918,-72318761364,158610468,26626477461,6612722299,-4266919152,-2200829886,120251352,297567084,50223810,-15842956,-6490713,-138414,290647,43824,-3636,-1368,-54,12,1 # cft deg6 r=16
89290379,619720362,913191501,-693463255,-2186329767,-628216764,1569762626,1109900286,-484845957,-625951155,46142778,190598226,13691740,-35306688,-5986722,4518028,917385,-371634,-78009,18762,3780,-524,-96,6,1 # cft deg6 r=12
53357491,-518965920,-1793070573,-1667580436,-718261593,426008505,1604764587,866391285,-410826438,-336633593,89914044,13821825,-72869037,-6926208,18966498,3804130,-1902735,-548520,79167,34710,-579,-1036,-48,12,1 # cft deg6 r=12
-50416051,-14220990,-29083725,-68732624,29513025,593541828,591467032,-1063140018,-903254997,764648422,484243587,-224424048,-136561163,18259074,23256432,2675140,-1962621,-584166,49597,37014,2022,-854,-99,6,1 # cft deg6 r=12
309601525,-44593050,-6714482550,2689688250,5002612785,-4073349285,-1007650005,1459266525,81818961,-342509760,-20707758,68030280,2348475,-9169680,-1134543,1119600,191334,-89325,-21402,3690,1815,-90,-72,0,1 # cft deg6 r=8
3775,-37725,-202335,1939915,-2344164,-2993463,6493286,-448653,-4296483,274187,2531808,-276003,-628001,-384753,450483,-91612,66159,-48072,1828,-1512,987,78,6,-12,1 # cft deg6 r=8
346472212391,1320242143584,2785485185145,882108001220,-937824400878,-177718496490,155567099348,-93100458522,-8030923194,20199355482,-218126973,-330272226,-98723960,-132817776,4142805,7173524,1620324,-393246,154556,-68502,9468,-1282,183,-6,1 # cft deg6 r=0
117452480,-58530120,189267765,476011490,450663906,582210474,1028883526,1319297040,1209641718,824919806,430271652,169857432,47999331,7282788,-732312,-846582,-189714,-8760,14068,2562,-15,-196,-30,6,1 # cft deg6 r=0
1126752491,-4185611625,3053375019,5113519274,-5642497329,-3021986097,3633470587,1083836295,-1192746138,-141020083,237401484,-7584861,-20003542,760584,113034,861457,-112851,-137235,41379,4518,-3444,291,84,-18,1 # cft deg6 r=0
-83676008944,-78595113432,178250810232,135133730732,-162412132509,-94462974540,83346510577,35436001029,-26182653615,-7692211031,5171049939,909617388,-638036415,-25859892,45357531,-7858048,-1210008,1105731,-71851,-54696,5742,1038,-132,-6,1 # cft deg6 r=8
779913779,6186046311,-5030087838,351844093,3418430583,-340184697,-1896881498,-551276316,385970697,-170533895,-96413502,54471996,4749208,-3755214,3759198,797836,-115644,109263,21325,-3930,1053,208,-48,0,1 # cft deg6 r=8
1291777268400,2512612829880,6259086144,-2466175702644,-478559373093,1318355272404,223820347572,-465023272644,-33393015021,107554688790,-3739289274,-15413858094,1858813006,1310451174,-244068381,-65998016,16372911,1939080,-634798,-30834,14493,206,-183,0,1 # cft deg6 r=8
106192525,-1327226175,6014934720,1362773655,-4430057589,135213096,1530436357,-518259633,-221455608,242979846,-2356410,-43309131,10717398,3821883,-2297613,-98322,200118,-40206,-12245,6006,912,-318,-48,6,1 # cft deg6 r=4
-2411855,-10485570,19165680,240889610,786044181,1446121278,1705862699,1300474560,554244651,-3199174,-172483635,-113143710,-31095200,1538760,3642198,668464,-226758,-110040,-6532,3714,93,-266,-30,6,1 # cft deg6 r=4
97062076,180953862,462242205,592280959,900979656,844262742,925848244,625024845,542701638,228524812,163095270,26340615,6235525,-9461865,-5190135,-3468116,1306278,563985,-124514,-30306,5616,697,-120,-6,1 # cft deg6 r=0
78109,-357273,1887003,-5189530,11799822,-19016913,23279276,-18712587,10357665,-2589808,610929,-50820,479698,90777,9426,84310,70110,-4287,-8647,-2652,1188,88,-54,0,1 # cft deg6 r=0
-2556425849,-9938844333,40528478457,-13839193183,9574249914,-17555935617,10188170776,-1307637519,-114967206,-1199667817,359269959,195475548,-9930105,-17644581,-12823440,2881627,1890507,-320625,-124367,18051,4629,-509,-99,6,1 # cft deg6 r=8
1431511616,3682294032,736698132,-365786776,2784473943,1235263755,-711615886,20515935,348117084,-33725298,-188399571,-24869889,24146817,7218891,368985,-9748,-291105,-84666,18293,1914,630,246,-78,-6,1 # cft deg6 r=12
75958901,-417584241,511750188,466894317,-840196188,-519771228,690751646,530541141,-478107348,-169291300,115516701,45581091,-10393501,-8703720,-1309680,1226026,382581,-116427,-29334,4278,1059,80,-36,-6,1 # cft deg6 r=12
-495112025,-600150825,4172564115,2979747810,-5929462686,-5114431635,-8493318731,7813759458,1457141586,30975534,300082665,-190633191,-80681539,-15317985,-6461208,-235446,419010,113577,20392,1998,-492,-336,-42,6,1 # cft deg6 r=12
80749421,-520137240,-251770008,1521050365,1770960123,-992551665,-3110624664,-2183013870,-470759967,47811005,-56989986,-46445520,16159762,15693420,400866,-1592120,-109887,73215,-7301,-1410,1533,0,-72,0,1 # cft deg6 r=8
19853013755,-134632998240,376586123850,-574113361750,534600752619,-317901534840,110427755051,-5044418964,-14612673825,4639825386,547947555,-141059514,-135474135,-20107194,22209906,2913020,-1354545,-278094,4316,18156,2814,-564,-99,6,1 # cft deg6 r=8
5550039,568569132,-2577039408,-6235101153,516655971,8494859769,4635540172,-1771865526,-1647738492,229365363,221854455,-144789612,-83507737,1549914,2653248,-2022808,-458418,118917,26206,-2646,18,176,-36,-6,1 # cft deg6 r=12
-9679564799,41743521558,-52730390664,39037467869,-1896934647,-22949870544,28883453581,-19668978045,9258342732,-2810749938,494894436,-2456775,-3313212,-12728853,8725347,-2943944,508707,-50004,-3331,-996,360,-80,12,0,1 # cft deg6 r=4
17862646016,68792381760,66386304,-63753122048,-6079010265,22321062447,3055264214,-3238611810,-369122157,117073259,-33817974,24077304,2768210,-11163498,-655362,1909804,208674,-158514,-15902,10674,1197,-424,-60,6,1 # cft deg6 r=8
60002171,-167966802,180324252,47941154,-140917929,1554588,54585708,-26252430,116031933,-139737069,76557540,-8978796,-6903352,1836192,763560,-494804,41019,38889,-7928,-2364,828,52,-42,0,1 # cft deg6 r=0
7948181299456,24661533671424,24915682636224,2698154300352,-10353935931168,-4162704036624,1756341328208,930192787092,-211451168637,-81735233758,22392206850,-385748580,-992888221,544476720,-84609285,-10032734,3480828,-1130676,583877,-154182,24267,-3006,291,-18,1 # cft deg6 r=0
426216025,0,2551579425,0,2839763685,0,413512010,0,-160074294,0,-19290225,0,8091986,0,1529580,0,49761,0,1675,0,906,0,60,0,1 # cft deg6 r=0
150100016,-6765311784,24681593268,-39363533894,39178591575,-29930329971,17717022907,-7750556901,3400694139,-1963320500,837750711,-148037514,3384034,-11916039,4980429,2012044,-1437738,156141,71452,-20391,-75,655,-63,-6,1 # cft deg6 r=8
3569700500,-13197491250,4145518875,10472614750,-4652311650,-4104818775,1863416025,1058711250,-386028870,-230562380,53466150,39938130,-4761269,-5469300,219498,579002,7104,-48753,-2239,3444,237,-186,-24,6,1 # cft deg6 r=4
573368351,-2397482355,3649033107,-1759529561,-1430066784,2169948276,-693844894,-411024786,420431301,-125883175,-17216928,36614436,-17943850,2818476,1107852,-909890,361701,-85416,20191,-3204,396,-76,-18,0,1 # cft deg6 r=4
380998945681,-715186565541,676335115935,-415000340262,261041922555,-131106192264,52690244936,-18227896686,3741487596,-1080128651,242990967,294279078,-107787116,-4921719,3152682,-958225,198702,152241,-14594,-12738,522,554,-21,-12,1 # cft deg6 r=0
1547856086096,-4430852427720,4084859420952,803015230932,-2828648298789,687773733624,594007709296,-250878403344,-34124800929,19424451460,828853869,1468033044,-774359823,-95352252,50633241,-5908310,5557170,-1700436,221537,-62028,11841,-994,189,-6,1 # cft deg6 r=0
-76076981,1093689234,-6317575170,19275476658,-33316994607,30646939068,-8139354890,-10821471402,10122542073,-1235765736,-2076343194,829925982,118543400,-111725004,4436811,5950392,-278178,-161454,-34187,8502,1644,-264,-3,-6,1 # cft deg6 r=16
-635621869,1486720068,3486882936,-4661627954,-6437409390,5229801138,6261827525,-2789372580,-4025814006,1287223014,1464390924,-558143742,-224212370,134012676,-2156613,-11743390,3082032,-94578,-133746,35724,-3048,-358,135,-18,1 # cft deg6 r=16
4195244021,19777098168,13420331985,-32572494294,-33283857399,18972406398,25708528099,-4313196390,-9920007192,-93711282,2240346585,259015530,-313476530,-59189820,25879395,6941546,-938802,-509490,-16799,23226,2751,-582,-90,6,1 # cft deg6 r=16
-3346379,-83119710,-730496742,-2713654194,-3861234435,703036104,6683697319,4428934770,-1059631149,-1676471766,-190048206,254283750,63835671,-25455876,-2309076,-134520,542301,-189096,40364,600,-1290,24,21,-6,1 # cft deg6 r=12
-121,294,1389,-6131,5673,13104,-40421,36009,18684,-81337,89574,-36291,-27081,54729,-43437,18104,-36,-6201,5439,-2952,1173,-352,78,-12,1 # cft deg6 r=12
2725,-34500,-423525,-3721250,-19239030,24323835,61096730,-54489780,-17855586,36793441,-71300145,-32667984,69252713,34838211,-13646181,-8318204,1192068,859203,-63478,-44694,2652,1159,-78,-12,1 # cft deg6 r=12
-8561026409,-54008372340,-30436875585,143671983436,6450507321,-95981488812,6285897426,31238810388,-5518738290,-5439148266,2027263053,444055746,-388293063,8378298,39685407,-6587822,-2032086,788418,36558,-44406,1281,1192,-75,-12,1 # cft deg6 r=16
-601726525,-2332035825,-5947781640,-8904765095,-4356768444,1102419771,-9875095509,-25364920440,-13801356537,970920584,866752347,-340149447,385359906,212061987,-58218522,-28829438,4569726,1891950,-246867,-66597,8775,1141,-165,-6,1 # cft deg6 r=8
649928329919,-592921069254,-644738270682,736440989151,143083955517,-319215133146,34655706770,59214409287,-20945300487,-3458323517,4506521523,-634726899,-567018806,163352097,45253137,-17899162,-2221353,1169697,53769,-47418,321,1120,-54,-12,1 # cft deg6 r=8
9223030480,-31695300240,35484104160,-5245856640,-17196202596,10386394980,154711052,-1512373800,640880661,-249891915,-23363874,42470043,-13886027,2883942,1676196,-305328,19671,-31602,-17055,4002,1830,-114,-66,0,1 # cft deg6 r=8
79341475,218785275,266351250,206973560,109541541,18271065,-58766215,-87032730,-49475361,-6934734,6482550,4766940,3703061,2660538,518886,-193050,-231486,-94767,-21553,-1614,321,236,66,6,1 # cft deg6 r=8
-397289,3065394,-12071403,95503566,1164390,425731458,-679526289,262341918,-2986278,-47650788,67606875,-27398886,-3408706,5492892,-3025836,1106886,11229,-126924,24300,882,-591,216,-36,-6,1 # cft deg6 r=4
8982013601,1928993724,-1264705137,-1421621593,-5989372236,-3061782663,782187888,1909545537,2708927877,2355137861,1462867758,852474183,429889209,170661987,57344481,15118892,1814298,-323472,-99726,4032,141,-214,102,-6,1 # cft deg6 r=4
-59201131,644984835,-2165010363,950916748,5572404303,-5586232995,-2894161305,4181389785,757177560,-1545311990,-139595013,355577475,23603466,-55240041,-3838716,5931613,503925,-433776,-45894,20421,2613,-545,-81,6,1 # cft deg6 r=8
255340063701,-638551525833,329851160307,418990539609,-407652433266,-83642228994,177065899207,-9031554741,-42292527333,7916328988,6154531047,-1836117279,-538055456,235043301,23893164,-18007716,-106662,828009,-29534,-24876,1101,538,-12,-12,1 # cft deg6 r=4
5353299,20270691,33908094,34565175,32635878,36891216,35393425,21105087,4224480,-4188018,-3515817,103497,1901161,1413180,330414,-180318,-160899,-37137,9904,7524,1149,-195,-66,0,1 # cft deg6 r=0
41377604999,95380174884,166258594863,200133861703,179037566301,115876093161,54920967551,17996982561,3631378431,214630445,-47704794,28824555,30021183,9935481,1558887,44978,43458,39714,15727,2550,288,22,24,6,1 # cft deg6 r=0
1093994905,-854582355,-435453735,470491170,264815829,-351199242,6832724,114309672,-31724706,-15743019,13484211,-956700,-1400518,1059243,12480,-132099,52506,15747,-6904,-1602,114,-6,3,6,1 # cft deg6 r=0
458507773481,3608607856170,11520767047818,19319503342940,18188117534037,9171329909580,1593833983589,-702562778340,-423194162835,-43740234030,26081522451,8168067540,-322140902,-494217540,-41499516,17722690,3098550,-440370,-129804,6150,3717,-20,-78,0,1 # cft deg6 r=8
-4510812209,-14360643255,-17724766293,-10302327021,-8178030228,-22538194836,-40319155497,-42642687381,-28505632866,-11291442924,-1208934993,1470699267,977190413,255814980,-4709304,-24639078,-6895479,-221964,299094,62940,-15,-1479,-138,6,1 # cft deg6 r=8
300889,-9769824,-37265448,4821597,150413199,106260471,-197160708,-239133978,59495121,179660403,49580469,-39207735,-26803946,-2105964,3039870,874476,-141792,-87345,2487,7092,864,-216,-54,0,1 # cft deg6 r=12
548871205,-451311000,-664069191,733563708,-323170917,691057695,-683402702,101393178,73919565,34228107,16855305,-86511633,46197447,4132689,-10307550,1985769,824799,-348357,-781,16680,-1023,-393,24,0,1 # cft deg6 r=8
-7852625,249670125,-1239944850,1462203925,4339032150,-13453685025,12566769620,218980695,-9043394760,5929277770,220845621,-1701295335,454625967,172181490,-81374529,-8058417,6390405,356331,-325705,-15492,11646,35,-168,0,1 # cft deg6 r=12
-81051541399,-423517948176,-880136482281,-833424221804,-161522876904,356682664932,257145454139,-24047746230,-79569264417,-12294095264,12885951714,3594700788,-1279142885,-483162528,79548399,39424344,-2826579,-2073864,29817,69450,1812,-1360,-78,12,1 # cft deg6 r=8
4152030991,17709661416,27533920689,14180287618,-6412939545,-7587740664,788196375,1589705910,-707716281,-548275832,51573666,37278924,-22151350,-7300248,1116678,496580,-43983,-33936,5821,5682,327,-336,-45,6,1 # cft deg6 r=8
6775,350475,5212875,47421675,166773255,157061535,-257885855,-501717300,-147873114,135882065,267461175,93423120,-43232377,-48388995,-2195094,9382610,1441044,-785835,-166621,26865,7596,-295,-141,0,1 # cft deg6 r=8
1840744375,-6286672500,3095278875,8119533000,-5913159900,-5354182500,3757116650,1811716230,-1552337946,-377781854,439427031,54105384,-82933060,-4866066,10224537,88160,-780036,40770,31010,-5424,-90,294,-39,-6,1 # cft deg6 r=4
920498491,-15034724826,87467546658,-71809011860,-133111981158,27161590800,59181859453,-5394179982,-16946766444,44135038,3381457221,256551336,-446632470,-58343874,40288701,7317968,-2364642,-566280,84706,28566,-1134,-838,-24,12,1 # cft deg6 r=4
1316216099,-157954434,-1211908812,-344927866,-171353955,529713219,519762868,-170780100,-185424864,-33141112,7983978,34920642,10325940,-10305459,-3209532,1682718,483381,-170280,-43208,10716,2340,-385,-72,6,1 # cft deg6 r=12
21195582775,5954198880,4461044919,-12352034424,-8616277587,-1101531372,4807107236,899153862,-874999521,-403690392,155600556,71989692,-21714286,-11135862,4909236,1480182,-400371,-192582,10561,13272,969,-462,-63,6,1 # cft deg6 r=4
8012493379,9863147580,-3641936187,-12669369702,-8109755313,-2624667150,-2051280181,-2868843282,-2178906474,-922811016,-177525078,45651954,47455702,19582224,5425758,1004130,130749,-8562,-12454,-4986,-1302,-156,9,6,1 # cft deg6 r=4
44022436391,104968057956,65170282056,-27143295856,-37751474445,13752194418,24324881456,753388950,-7269158190,-509209256,2014986555,355841640,-330310218,-106834560,15353205,8214448,-685635,-468570,26899,22866,450,-508,-6,12,1 # cft deg6 r=4
7946448145,17655036720,1800560604,-22764285468,-9270701394,24684228822,27419984922,2595226062,-12962000790,-9824353550,-2231658660,875527182,722721097,153865890,-27675483,-22678644,-4273332,327210,292246,46830,-543,-1060,-93,6,1 # cft deg6 r=4
38900113424,159631906704,337972012128,425960157680,289009914336,36397496520,-104707931636,-85231350048,-20529707493,7703306177,5883451137,564770421,-570426189,-164423508,27994077,17858919,376347,-972378,-86192,40281,7047,-457,-147,0,1 # cft deg6 r=4
1296,0,97200,0,1417068,0,2066580,0,-3045051,0,1187670,0,-133601,0,-825,0,-5151,0,1590,0,-57,0,-15,0,1 # cft deg6 r=4
348458693771,-250095733860,-123788300868,144443427140,35171602152,-51670651410,-8395118414,12481414650,1994511420,-2368884410,-461221221,329350950,85963638,-31775010,-10907559,2057230,962370,-87480,-59751,2040,2592,-20,-72,0,1 # cft deg6 r=4
2963575631,-5732102592,9550622175,-11695433592,-18481721232,-2146976706,2756528530,542796834,-176773647,39701886,74115540,2580486,-11521178,-1894806,617730,131674,-4617,9306,5245,1386,498,192,60,12,1 # cft deg6 r=4
-11523520,19449600,40375200,-88401120,128956824,147565776,-347618944,322029144,199142097,-433471940,257135196,-29172606,-18046612,-3470481,1402404,1074444,121113,-135624,-29998,9675,2238,-399,-69,6,1 # cft deg6 r=4
2713458869,99076477206,-816346769283,2097427150664,-1800450117201,-76684304691,853478349012,-292504403085,-137165210526,91818027655,6459291984,-13632399279,846659761,1211394747,-156553404,-69612184,11652390,2644968,-491960,-64914,12237,936,-168,-6,1 # cft deg6 r=4
49352157055,-161445690510,78811932570,111579458410,41042454219,-50225560212,-43035987551,3443562012,16159131909,1898815252,-2987292132,-632865486,360148791,78316026,-28596582,-5299068,1662486,173532,-79905,-750,3522,-24,-90,0,1 # cft deg6 r=0
9815878225,3713012640,7337961609,3020674386,1047843459,1152338862,428143924,445584558,283877613,82251630,29196468,16841862,8454848,4169814,1506012,185862,30267,53040,24947,2598,-789,-228,-9,6,1 # cft deg6 r=0
778839296,-787367808,937406592,-762629760,-55662960,382277568,-131294304,181727376,-219711924,-27377608,145549464,-36249096,-39583901,20376948,4128846,-5129939,917886,245382,-98941,-66,3900,-245,-72,6,1 # cft deg6 r=0
174177169,1408129554,2907142395,-614865750,-487480035,-2264245722,1024941759,411431124,-32211699,116250278,-276699240,26908638,109294160,-47188314,-5491920,8063930,-1318767,-496656,246485,-35472,-1437,1036,-87,-6,1 # cft deg6 r=0
29881296,-40205952,95214096,-84689136,114115368,-8626176,34636328,71177952,-194907,32609516,11253897,-1152957,3117337,-1315281,-380727,-80713,-70377,22671,8547,1803,663,-63,-21,6,1 # cft deg6 r=0
226302444275,1416167458950,3402492887040,4124319379760,2881097701929,1026579402120,-96011907853,-289679070642,-117982344843,496374910,17310184821,5120149218,-690209187,-684226917,-42327543,47358106,6127866,-2023665,-318992,54372,9114,-853,-144,6,1 # cft deg6 r=0
22556,-557484,2468838,-1856946,-9212139,17635869,3392590,-27354111,6593841,22207005,-9199014,-10886115,5639734,3237855,-1901847,-589837,383868,58836,-44540,-2835,2811,51,-87,0,1 # cft deg6 r=12
1516,-101208,-3892302,-36457052,-134541861,-71167926,856313295,2074976388,2053731345,782433618,-360422553,-637197474,-394011959,-135589710,-20264787,4627092,3415470,805692,35720,-28392,-7236,-466,87,18,1 # cft deg6 r=12
56930701,-563804658,5571702,4226479164,-6627387213,997608048,4924646822,-3375214338,-747426360,1540927954,-312235005,-297943680,171480882,-5406852,-22095999,6789148,305136,-585828,106131,9324,-6051,616,69,-18,1 # cft deg6 r=12
37819,-1990467,2488716,17169435,-29267499,-48063843,110449242,69808305,-121320228,31663278,84573726,-48742845,8084812,37143945,-3613188,-6028470,1968978,971757,-128495,-55068,4596,1338,-102,-12,1 # cft deg6 r=8
421961,-3284538,8409087,-11341530,14437998,-18098166,16178335,-15415728,11180658,-9459002,6303960,-2818602,3145730,-571794,518988,-350032,-129108,-62550,-5961,17574,3096,-598,-105,6,1 # cft deg6 r=8
158969,-4079277,34737270,-87421865,-66528984,482007108,-576186538,328154769,-42260001,-172730394,152765799,-33907599,-25213817,18451341,-3639921,-1182580,882243,-180660,-14541,16470,-3378,14,108,-18,1 # cft deg6 r=12
-121973769,17373366,125397801,91705149,196321374,-275235462,-448916796,34572960,35108793,-122405967,34168929,77049318,-14934346,-23644341,3026811,4231971,-332682,-462795,13916,29436,489,-948,-51,12,1 # cft deg6 r=8
-412926400,-2078503680,-3512525184,-1990468640,657078216,1817523888,1956828140,1298979084,343862817,27277578,89162790,50383689,-5079578,-3826212,1959900,223214,-287928,20073,20865,-5286,-288,338,-36,-6,1 # cft deg6 r=8
14143671,70817148,-417785679,-440290269,2533253565,-1610714577,-1525536565,1441223475,592450179,-770037771,-862776,121177263,15995895,-18017769,-6917403,4625540,169212,-522498,86009,14904,-6138,422,90,-18,1 # cft deg6 r=8
21946891,-347557806,2024314536,-6251910706,8299308210,5211440232,-14279897742,4602441162,3233322204,-2119311282,420875634,-244226424,149502268,-15300594,-10225176,2065578,-124722,204432,-38458,-15594,4116,250,-114,0,1 # cft deg6 r=12
73562695,-355160340,557341905,60830340,-555176754,-5863866,178990091,150959814,-91500228,-86435816,63589971,20533134,-17995173,-2601426,1503051,-214136,60747,87084,-23799,-9726,1947,454,-69,-6,1 # cft deg6 r=8
-134400911,807200211,-1632231219,617132659,2254847640,-2450200104,-1659617766,3669069432,-846009528,-1567371795,988527759,132155421,-270441344,38873334,33334881,-10217508,-1939572,1092750,-9988,-49566,4410,932,-123,-6,1 # cft deg6 r=8
32016582071,54093164121,-52085072067,-146935836232,40011712314,180093493554,-49688035539,-119271149316,55950753186,35872240589,-30182416575,292790268,6151233597,-2093422650,-27639336,159618218,-29091357,-2243079,1308954,-98094,-16347,2918,-42,-18,1 # cft deg6 r=8
1566739,33237321,109674315,-67406777,-788057322,-451629564,4902986130,-4347898857,-5258814465,13715987118,-11920011363,4284287841,523892044,-1003192947,260868909,32955072,-25520544,2063094,802934,-140628,-7215,2756,-63,-18,1 # cft deg6 r=8
1352823725,-1683239550,-8430266790,-153162010,7083018291,5665468488,1857944243,289059390,-235266321,-285879318,-111755730,1294902,10991479,1575654,-166806,84004,54276,-10836,-3219,1668,558,46,-24,0,1 # cft deg6 r=8
3252681319,-9110178555,2541659454,16326448854,-22188457902,10140545892,3893183836,-7467314292,4438105479,-1828290903,325956456,189088764,-101119606,26606112,-13475460,2909256,608901,-237636,38218,-20574,4224,282,-120,0,1 # cft deg6 r=8
2992915495,5474863380,-3496105761,-9840289508,2910240960,7725448218,-1588866459,-3995903064,819322293,1294988624,-181982649,-363670362,39086964,81757704,-13833990,-10318630,2350134,746850,-224124,-20274,8907,172,-156,0,1 # cft deg6 r=4
737951,-2141955,1232472,-2803102,3990735,3158397,-1864290,-9426222,10350417,14107667,-2515554,-10754166,282794,3386532,105522,-624840,6597,41142,5818,-1824,-765,142,12,-6,1 # cft deg6 r=4
7931362319,51413898609,144360465273,247091707804,267809544867,144710529819,-4143764214,-46102382184,-15523222743,3951227532,2853135231,-85471902,-300415777,-4669695,31690578,2844476,-2557875,-475095,106390,32682,-1224,-1018,-42,12,1 # cft deg6 r=4
1354113424,2737494048,2320046496,2935400640,-2579378544,-1847010000,2828786792,-2179546416,1306301379,-298939378,-49419156,43149570,-9640777,1070436,82095,-18098,-7224,1938,1463,-606,-51,42,3,-6,1 # cft deg6 r=4
180724995,-1050999345,1083475305,2473864635,-377883084,-2928680040,-98213722,1098921642,-97493853,-323402919,23239338,107176248,-11809326,-17005644,4662312,1518248,-608127,-377016,239207,-42216,-762,1130,-96,-6,1 # cft deg6 r=4
-3961600,18422400,29491200,7797600,24981360,59646600,104428960,136391310,150576231,140113344,113909022,80548692,50280482,27612576,13314336,5527370,1923417,536970,110896,13704,177,-292,-33,6,1 # cft deg6 r=4
-3447689751,-18893694933,177891402555,114716241900,-256723145550,15112185066,110642511330,-52294754817,-8662065507,17469904743,-4036827051,-2495449809,1110553497,198397323,-133590951,-10738404,9492012,511668,-419760,-22068,11040,600,-153,-6,1 # cft deg6 r=8
132067471,-149447838,-240394956,397465354,235799145,-631664880,-12121763,485099280,-113521245,-244524550,113746245,16654926,-8440554,2277432,-3157170,-65090,613140,-40740,-46202,4380,1965,-232,-54,6,1 # cft deg6 r=4
-2755799,-25048581,-112646253,-331104646,-708202986,-1160213190,-1497295284,-1550573961,-1306716327,-903280971,-510802902,-231319173,-78873189,-16311363,1023237,2602154,1243539,340980,40895,-9492,-5520,-1006,-24,12,1 # cft deg6 r=4
206191,-391500,1712607,-638801,-1637619,10580730,20971325,39361791,73755060,91957447,101703201,109465515,93596541,61535844,30602559,9889899,1574190,-229005,-153264,-17517,4002,835,-69,-12,1 # cft deg6 r=0
200115904,1694889840,8186153460,24541781680,47035317009,59881036440,51754468387,29153482596,7574558949,-2932264512,-3138137124,-371942892,553133884,170729778,-56031762,-24963532,5792733,1560768,-363597,-41178,11286,366,-165,0,1 # cft deg6 r=0
19922296339,-65795593455,87637928043,-27161353125,2870479179,19088463978,22132577670,-11302529859,1002431550,-686943702,-905549367,118613745,-4942244,3732300,11316498,853344,854910,-101052,20325,-8676,231,-270,12,0,1 # cft deg6 r=4
11520,0,-380160,0,3120480,0,-5286060,0,-13500639,0,43072164,0,-30237198,0,4117302,0,1392555,0,-282282,0,13287,0,-219,0,1 # cft deg6 r=20
45,0,-2970,0,45990,0,-311445,0,1056096,0,-1736190,0,943941,0,626670,0,-678624,0,40995,0,4986,0,-150,0,1 # cft deg6 r=20
-219539,-1952976,-4297521,7459781,39455931,25985547,-84957488,-146006721,588105,176454140,125706891,-42595197,-87034913,-23129751,15982749,10260740,548901,-896274,-171974,28194,8736,-283,-168,0,1 # cft deg6 r=20
3502845,0,-21017070,0,28474740,0,13049100,0,-29628504,0,-6114042,0,6946263,0,786726,0,-438885,0,21456,0,1953,0,-132,0,1 # cft deg6 r=16
28125,0,-4539375,0,56490750,0,-254267550,0,445162545,0,-180788130,0,-60122265,0,21488715,0,-821829,0,-103053,0,699,0,108,0,1 # cft deg6 r=16
1,-42,249,1222,-999,-11502,-5254,25464,34725,18874,-24966,-38166,-2523,5628,8241,3402,-3570,708,-471,144,141,-86,21,-6,1 # cft deg6 r=12
41106604141,-135666588567,214612402170,-325674181856,265785273459,119111135853,-294729105802,51796142058,110626772553,-37112149398,-22869880890,9127178967,3034568825,-1209126120,-275976516,94452618,17420994,-4330707,-724888,109152,17790,-1316,-216,6,1 # cft deg6 r=12
1395391,11774712,3621432,-55198502,-44280198,82733043,99408163,-33539220,-93850479,-16970652,51191133,18121176,-19658027,-5000217,5212632,261866,-797259,98130,54297,-15354,-453,624,-57,-6,1 # cft deg6 r=12
2679264571,-13130514432,16514384472,7506108152,-25998528792,7653176961,11744091944,-7089293070,-1408911225,1837867064,-154603587,-186188571,35518606,13105071,-3390636,-1470338,485814,128448,-54592,-5226,3174,76,-90,0,1 # cft deg6 r=12
28962203671,60467642223,-3569715633,-158311308953,-228013012383,-104978824758,88426800243,174992192220,131532823881,52825197032,7616843148,-3192738531,-1786432252,-176830578,104660442,30976874,-1682559,-1737345,-93138,51819,5667,-809,-117,6,1 # cft deg6 r=12
-166190000,608190000,8519400000,-21787214000,-89038961220,7312055700,63452912060,-5072693100,-19655636619,3598913485,3420251466,-1086567690,-324348500,170022375,9406389,-15058015,1223244,751485,-143626,-19350,6345,200,-129,0,1 # cft deg6 r=12
1259716,29773020,188134722,469254276,439812753,-200733558,-811837452,-632546838,28033974,374854492,241803105,8049126,-69929732,-35803512,-921645,5095578,1389153,-200430,-128348,-2856,5076,338,-102,-6,1 # cft deg6 r=12
-2776731029,-5890193778,-3462880125,-1241160822,-2706325977,-1655078988,1585246648,2195565132,730934394,-170769408,-194519877,-63014802,-13202265,1907682,4800234,1873050,-81300,-224472,-36374,9306,2928,-132,-90,0,1 # cft deg6 r=12
1125,0,23625,0,124425,0,218025,0,103320,0,-63855,0,-51630,0,5895,0,7176,0,-279,0,-309,0,6,0,1 # cft deg6 r=8
3502845,0,14011380,0,-50395770,0,-117895095,0,-70165764,0,-5218506,0,5810967,0,853902,0,-143100,0,-12807,0,702,0,66,0,1 # cft deg6 r=8
-3318209159,3298107768,-1502911371,11666012,961227903,-2151594732,3814685213,-4326854784,3253446318,-1634551246,507851985,-68707296,-8352872,1915668,2068392,-1376534,501678,-103920,2891,3276,-1041,148,30,-12,1 # cft deg6 r=4
-75263999,84198420,-95101260,102330632,-120260112,129812094,-62109604,36175992,-19062975,6959270,9046539,-16976682,12627640,-5265798,1630503,-765752,489339,-230682,63518,-4722,-2442,592,0,-12,1 # cft deg6 r=4
-1394627225,8495624400,-19118268540,15046367700,5222867166,-8907322194,-3127481195,403579278,1936908162,1977206556,1556851014,838218276,290591565,70786116,10244124,310920,-453042,-84006,2689,6900,972,-48,-18,0,1 # cft deg6 r=4
84857680,994922880,1322731680,142864880,-890672904,-886710312,-88368964,372424308,263947773,-2473570,-85499535,-39345834,7252240,9378594,2389254,-904130,-352812,-33960,6527,5520,1734,-248,-66,0,1 # cft deg6 r=8
172381,1404672,4444533,6156640,690252,-9987108,-14190785,-5316588,7442208,10119592,3515595,-2463174,-2674010,-426468,508098,316240,60525,-21204,-18392,-4998,-315,154,60,12,1 # cft deg6 r=8
45,0,2430,0,49275,0,472770,0,2184831,0,4357980,0,3167709,0,372870,0,-141204,0,-19620,0,1494,0,150,0,1 # cft deg6 r=4
11520,0,172800,0,453600,0,-3583260,0,-21268359,0,-37976562,0,-28152147,0,-9531459,0,-1363350,0,-49869,0,1503,0,93,0,1 # cft deg6 r=4
70291456,0,126256896,0,-27901968,0,60008692,0,-8042127,0,-680808,0,2162958,0,-248268,0,-192777,0,-19808,0,-258,0,36,0,1 # cft deg6 r=4
3206843641,0,-7403469702,0,7524876939,0,-2882743792,0,-615788253,0,810661602,0,-158300341,0,-22563486,0,5942754,0,600166,0,19092,0,240,0,1 # cft deg6 r=0
1175056,0,66969120,0,998934732,0,3054928724,0,1004180589,0,-3250727874,0,693004559,0,279388908,0,28639557,0,1302652,0,28299,0,282,0,1 # cft deg6 r=0
-110549195555,4520956080,92090484690,-169010235160,176341646751,-127592349600,77061990254,-36022580556,13625509035,-3685050586,471249807,92095650,-78440963,10882644,2081460,-2550692,601164,-59748,-13759,6402,-321,-182,72,-12,1 # cft deg6 r=4
98556496,83901024,759633024,55440336,903198696,170255592,1233441292,67102284,-58288995,121374740,556174131,-130508562,-132065923,13261164,12154929,1218580,-441114,-247404,-8439,11394,1941,-158,-78,0,1 # cft deg6 r=0
3667240021,-3494100126,5106969069,-8899769384,6699250251,-5289934278,4814736452,-2484965856,743231415,-154728710,4007481,18236088,-4430078,-1881426,1492224,-440260,26811,36726,-11629,-1056,1011,2,-48,0,1 # cft deg6 r=0
11720545,74267940,234244545,471615560,694601466,781627536,666551069,378987336,108782394,-29844442,-46007649,-21719616,-1756814,2723334,1654584,416812,-34437,-54198,-17422,-2148,663,352,78,12,1 # cft deg6 r=0
1361719420,25893180,-411140070,704948140,-53287899,508759638,1398737740,255786447,-501521790,-136238364,76410069,16696827,-6961049,785523,1225971,-104392,-205059,-19383,20364,1266,-1260,162,30,-12,1 # cft deg6 r=0
-26048205,-37124730,444329280,-1364924970,2022378066,-1697605362,242174355,685945566,-690019338,-63582282,215042406,-105832878,-71641715,15581778,12041526,948300,-660222,-241758,1331,11790,1422,-144,-72,0,1 # cft deg6 r=4
188391643561,-665861365446,767530469415,-127866138070,-419349343758,371598080760,-145701120022,21454008240,47350853616,-59366310682,21179847579,6027468222,-5674450490,249380622,643630959,-105457442,-33957684,7870080,604238,-215520,18042,-2870,255,-6,1 # cft deg6 r=8
-7814971664,17224173504,-11539891488,6145599968,-4619495052,-698343696,2206824440,-679641588,396287007,-201254920,-110893893,66389916,2286322,-6263574,-125643,724750,86037,-51138,-17095,2814,978,28,-33,-6,1 # cft deg6 r=8
2025,0,-30990600,0,144710550,0,161442450,0,76079115,0,56261790,0,9143685,0,277830,0,39051,0,-209166,0,18102,0,336,0,1 # cft deg6 r=8
1918878025,0,-10787746500,0,-18509792550,0,-7477373150,0,-1008114585,0,84489990,0,25133345,0,771210,0,-105789,0,-9394,0,-138,0,24,0,1 # cft deg6 r=4
-10274871104,-23268635136,-18175075200,2580640160,19718384832,19343212560,6705199408,-2597903580,-3132149499,-349182692,900572979,500068122,-3922005,-84633138,-19069701,5876048,2631906,-104610,-164117,-7440,5517,400,-105,-6,1 # cft deg6 r=4
-3364868096,-2836492800,33459736320,-56725257536,26474936175,33775814712,-55910966453,28183094298,2665355193,-8524431812,1984928367,1276372908,-641881793,-57654864,81821577,-5319560,-5787216,1083456,160597,-65544,2592,1324,-144,-6,1 # cft deg6 r=8
-482031,-7779888,-128516706,-756782514,-2204030331,-3593879766,-1107208737,13134882726,43876851309,80846390034,101695966965,92217116844,61526533293,30443140062,11037608145,2798851014,446037759,33084198,-904923,-320166,-32064,-2640,120,0,1 # cft deg6 r=8
710317225,2584966065,4401497184,4601643082,2805060075,-128941716,-2359094460,-2434266318,-929566560,372271384,617689218,275669403,-3545251,-62738424,-30210543,-4245208,1975497,1217670,294421,28218,-2898,-1092,-84,6,1 # cft deg6 r=4
652793431,3252199038,4853776326,-5600367570,-28182861258,-40732171182,-24136517864,537330690,25625621355,22519668894,3945305154,-6259095576,-4784742159,2506417830,734954286,-478076118,59689365,7378866,-1453670,44070,-3804,-186,222,0,1 # cft deg6 r=4
49455505,-330017145,1039156395,-2063524840,2848733235,-2754235950,1702353870,-390384465,-380867901,456876613,-226645719,43164909,17540459,-16821444,6226107,-856997,-284508,151623,-13008,-6984,1590,110,-57,0,1 # cft deg6 r=4
-413867257625,2212165911525,-3433776662781,1426981161274,1292655339765,-1541290774596,254915218633,411625110144,-212325497478,-27551205473,47564287149,-5625223092,-5155616667,1334867136,273968772,-121226452,-3265014,5995437,-286652,-153006,13557,1754,-210,-6,1 # cft deg6 r=4
-73456559,-360853290,1497256140,-1639707453,650851959,-346453548,550778942,-284437089,-97457781,138756096,-19475274,-24728733,9093306,1102347,-1672023,219348,210075,-17370,-2374,5562,453,-324,-42,6,1 # cft deg6 r=4
-48785525,-142686975,-132025935,-113041795,103747746,345632928,596351156,745247328,749829837,645661943,474848448,303663588,168975124,80809188,33171858,11320462,3153939,640032,78713,-5478,-4368,-908,-24,12,1 # cft deg6 r=4
5302897111,6481033353,-3880943316,-6889528553,3030833961,6373736856,-1203785232,-6060503451,-3234596103,1358973826,3328431141,2942041923,1807476194,870316977,342231066,111433556,29556213,5961054,760192,17046,-13389,-2232,-81,12,1 # cft deg6 r=4
-1396755,6145470,-1681380,-38536380,73596645,46434420,-206266725,117145890,73528881,-79843920,-5466657,20698350,480718,-3692640,-429774,522110,102960,-47220,-9034,3630,723,-140,-42,0,1 # cft deg6 r=4
-8835801089,-54084209679,-161740484310,-309939423533,-419611751325,-416234148657,-299490825068,-140273525169,-15724327095,42856686874,49702390731,34312683075,17662534891,7185488121,2347463739,612230542,123903783,18109629,1514515,-36054,-29487,-3626,-126,12,1 # cft deg6 r=4
11444584819,8052519366,18236694261,34910856561,31172611317,26239659921,26423967151,16658798553,4449230586,776915853,1323799128,920789244,158544828,-33697098,8570088,13934667,1964592,-851607,-212225,21015,8481,-171,-147,0,1 # cft deg6 r=0
702401796,-5896227600,19735790526,-33814938150,36776174643,-29093103990,17879443245,-8249905845,2432426379,-216358650,-135240798,43364175,19827424,-25873050,11575851,-1133615,-1069185,399735,-7773,-19845,2847,295,-87,0,1 # cft deg6 r=0
5263437744,25012478160,36694514880,-29663829072,-109291142124,-42361516980,106010134008,140460177204,59051076015,-8555873073,-17304608031,-5009521593,909089221,865119993,130916574,-40786649,-17395494,-1102167,567027,126198,3258,-1739,-162,6,1 # cft deg6 r=0
288753676,1763114640,5286945588,10816617872,17478161007,23707665420,27373544083,26951834610,22749283332,16601978354,10554420936,5869087050,2854217533,1208298954,441280722,137053730,35340345,7223670,1054528,77190,-5889,-2032,-147,6,1 # cft deg6 r=0
3884020999,18499294014,41450286336,58178975868,58736573946,42037819248,20927818798,6457025328,1939253928,-1263668442,370572312,-360865398,232994829,-38541984,36554574,-5390490,1853925,-425778,22864,-1878,-303,552,-24,0,1 # cft deg6 r=0
3406116211,6797820948,14904912006,15895411450,17760690777,10136923128,6555623416,201412290,-122080455,-1135206246,19928334,-59232546,147706336,-7925670,1336506,-8136778,832275,850266,-159420,-27600,7431,294,-138,0,1 # cft deg6 r=0
427211875,1728008625,1098230430,-2051220140,-241105809,3873114519,556460055,-3199965639,-354995085,1690153320,219914517,-448584147,23570214,119867049,-4917426,-17479566,652938,1403202,-91674,-60282,6393,1055,-144,-6,1 # cft deg6 r=8
2182640595421,-4462828599450,5159134347375,-4126309434625,2460761579175,-1178069786160,441089363748,-138533574690,31251307965,-5302333075,-228141990,386063130,-190388556,57373710,-12983160,3274280,-262245,116550,16847,3180,1560,60,60,0,1 # cft deg6 r=4
207189,1620036,-845532,-16376868,14731698,34776297,-48992671,-7013646,49660185,-31267244,-5394255,15816684,-5290421,-3017823,2895090,-550791,-275682,147579,-8251,-9450,1911,184,-75,0,1 # cft deg6 r=8
6058057995,39835091340,84456962514,93824205918,137983248867,171329961843,41230834918,-51492779172,-21940308498,-826431657,3467583246,1210725417,-51674672,-169862490,-29091357,9250239,3916215,-216546,-234767,-3255,8616,93,-153,0,1 # cft deg6 r=4
-969793796255,341974261410,1692740741085,-693686901000,-1179740905899,575922179823,418112304933,-252447389082,-77134427163,64116162093,5797778139,-9846970236,333989465,929918778,-107271531,-53866128,9665031,1855914,-456864,-34803,12132,273,-171,0,1 # cft deg6 r=16
2182576,-649752,4666920,-33536286,-32611005,-112184931,-36710017,-43457613,43460445,22333742,18365844,-12388215,-3613254,-1926177,1060191,390404,74988,-37848,-18510,-1548,1323,302,-54,-6,1 # cft deg6 r=4
130201,-1003194,-1931622,7178126,-10150695,-881676,35368507,-17594376,-13024071,31048780,31800771,13518606,12026304,-656454,2303064,-380506,356892,-70044,13972,-4926,-45,430,-48,-6,1 # cft deg6 r=4
477264381616,-339409294032,774310181520,-472422471770,535447093563,-285939596631,211853457558,-98995826205,53559177807,-21436131289,8938861779,-2921341779,946713704,-233796513,55912041,-9256342,1408617,-24675,-16908,9672,-912,130,30,-6,1 # cft deg6 r=0
531315389275,-2953529345250,7747765369425,-12735319501650,14728349779380,-12798702131730,8756859299930,-4913726533260,2354368917756,-999530565738,383949367860,-132345161280,39460730384,-9685340358,1872596928,-277442460,31301166,-3070698,454903,-83694,10104,-1266,159,-6,1 # cft deg6 r=0
-59440841279,165916512204,-80115879075,-185173670418,244613907561,-25316247921,-136927279565,91423948242,4716966321,-29738404546,11511658956,1030652811,-1873643194,360613671,89797551,-42717866,1195908,1945836,-256443,-40716,9411,328,-153,0,1 # cft deg6 r=12
-1130700080,-12716694720,-2346603396,48698810612,-33314235357,-21100233228,29544114219,-7045816647,-3563775366,2539943159,-776554335,103003794,111573228,-77076843,8412510,6926750,-2045259,-190116,141002,-5508,-5058,645,66,-18,1 # cft deg6 r=12
-351275,3599025,-3536700,-13999040,7446351,5116044,44400132,5462388,-66849015,12828533,8472450,1146738,4815154,-2317452,-850854,22876,-1716,56973,18366,-3654,-2058,-168,48,12,1 # cft deg6 r=12
-1417595,-118460430,114917379,32414658,-313517946,310364445,208411435,-116575722,-154904409,-3483017,99293730,1533870,-40897582,9526926,5539458,-2432830,-66510,171054,-30282,5604,-1725,35,96,-18,1 # cft deg6 r=8
90137344,-434756832,741749412,-292899626,-656612577,849933276,-115629839,-415465662,200954415,101014178,-77202255,-12029052,17766214,-212394,-3001380,274448,392673,-37188,-37379,2130,2286,-38,-75,0,1 # cft deg6 r=8
-240570777259,1271378166183,-2739437511927,3371979464977,-2718744943329,1485960521052,-441770461932,-115939629378,242701187373,-155733798035,51351489636,-2478771180,-6162097800,3188605638,-770109906,58929508,21614868,-7799184,1000617,7716,-19434,2146,12,-18,1 # cft deg6 r=8
-218000,-2511000,-8833800,29148140,331074909,955241865,1244117370,811996938,214870335,-62438328,-82432422,-36312168,-6763851,1872927,1618992,329648,-30528,-24135,-1363,3051,774,-109,-27,6,1 # cft deg6 r=8
-459456295,1918476060,-2404467741,-447374706,4516255407,-4508929284,3054537810,-2269896804,726139434,-454611270,80697789,-34603206,2377986,1138380,-556116,329554,-63309,16740,-899,696,-30,26,-12,-6,1 # cft deg6 r=8
-2022695,3414150,45927816,-306336195,983898957,-2013954666,2835614672,-2834122701,2011242153,-958572768,230097888,56488467,-81815186,38347695,-8657745,-443652,1076865,-390780,66850,-414,-2469,518,-30,-6,1 # cft deg6 r=4
6716436025,28295436000,48545178210,40350757335,11631139146,-6179457633,-5381644284,-290213871,1273369323,1078007508,813286281,462728718,119877998,-24271494,-27225576,-6916845,276849,562431,110772,-6090,-5370,-522,75,18,1 # cft deg6 r=4
774100,2214600,43580745,49959385,-182235696,-52102155,423925408,-332983788,-140152167,378410461,-197309628,-36228723,77893218,-22523496,-6912438,5255975,-467742,-392610,108469,4902,-5658,587,72,-18,1 # cft deg6 r=8
-205883871275,551743403325,-444792557940,-93917781460,312908611134,-66241907121,-121586464226,60165950919,26244495807,-24867273535,67146954,4921117479,-1116994329,-411278535,193574019,2219962,-13337205,1656297,362197,-89748,-1323,1774,-90,-12,1 # cft deg6 r=8
-433677519,-538446051,4691223441,16218152223,19645745853,4773127467,-10550922596,-7250099916,3820752798,5653043555,1080611823,-1121857143,-507447101,123623709,137467701,29163081,-3592818,-2333505,-180950,58734,9915,-496,-165,0,1 # cft deg6 r=4
3541495,8929845,9129975,14522900,20505111,12363747,9525917,6998868,-752478,3994541,1714152,-3710643,568784,40176,-310524,126722,89868,-33462,-12544,4056,948,-238,-42,6,1 # cft deg6 r=4
32947441,219336852,161588181,-440222214,-369904197,435285726,314447153,-273439242,-134660592,119213064,23320287,-30262068,570822,2823696,316503,99198,-577782,231174,7667,-20388,2283,588,-96,-6,1 # cft deg6 r=4
-36991952545,-411890846055,1090451167044,-1686786836170,1808678129943,-1410893383572,868612086071,-454903496133,210517750308,-85567878695,29463049767,-8270968293,1831074628,-289748937,13206717,11664964,-5087355,1149726,-168467,19500,-906,-314,54,-6,1 # cft deg6 r=4
-14725055,222445725,-1191170394,2752936652,-3313331058,4125423312,-3106224465,5761911780,-6120753252,-3218172083,4947110241,362016909,-1340059498,60863235,175405104,-20002271,-11828754,2088234,361017,-98217,-1602,1889,-93,-12,1 # cft deg6 r=12
-106152749,-903576540,-45614532,6392548214,7763069358,-6516618054,-16458635532,-4946533698,8888066568,7550395724,310792812,-1980452712,-839705593,-17929134,66224343,14382952,111108,-253776,-50898,-11322,-957,-44,-9,6,1 # cft deg6 r=16
100030400,-398155200,454737600,-45745600,-176599560,88368240,-8050320,-36306300,15515811,11668410,-8407335,-3694767,3764276,2355762,-138315,-381104,-15276,63912,18706,-1872,-1863,-269,30,12,1 # cft deg6 r=8
15631307584,-18856977408,-45867885696,67885996384,-58832989008,14814061584,10727116320,-12158400036,3638372589,769015210,-933221055,199271814,62187776,-35923848,1091919,3343856,-709629,-99600,52371,-2556,-2436,566,-27,-6,1 # cft deg6 r=8
-844349759,4184538720,-7966641423,5851379924,3658484142,-10198378776,3726574824,5654542008,-3975225180,-1637115778,1597323837,271192356,-336816496,-21050556,37811955,-1114346,-1929372,466518,39694,-33564,-960,336,-15,6,1 # cft deg6 r=8
466948881,0,-38137335138,0,-8416001223,0,5420937816,0,979087680,0,237496494,0,102001108,0,-500394,0,-776520,0,-26016,0,657,0,78,0,1 # cft deg6 r=8
234808489,-2837017218,8498328297,-1984634938,1641462276,1713165024,-1713619338,1336665669,-578807502,126244443,14942610,-54985602,24344043,-8337531,1857333,442637,-197193,47367,-12004,-4176,1353,206,-51,-6,1 # cft deg6 r=8
-139,5247,-9867,-378435,-907374,451209,3241247,2408355,-931527,-201356,1545300,-1070625,-2971306,-651105,1271580,686412,-104262,-131550,-6232,10902,1281,-420,-63,6,1 # cft deg6 r=16
12944,0,-640728,0,10115421,0,-62183496,0,163104216,0,-155870484,0,-6307356,0,56367345,0,79968,0,-1926568,0,-119184,0,-1440,0,1 # cft deg6 r=16
12944,0,2747364,0,-8025867,0,-27502581,0,57234420,0,58320639,0,-17377329,0,-10663476,0,738204,0,503810,0,23805,0,297,0,1 # cft deg6 r=8
544016,-31951920,-146113800,-146708174,-17978265,-83798994,74009956,19500732,33081633,26969070,-2438730,2125692,-3479473,-2295258,-45654,-377762,-9558,49350,933,5388,402,26,-21,-6,1 # cft deg6 r=8
3502271221,-15223251282,13929043101,20857885652,-35055828411,-7154830377,30289746210,-2332204455,-13693586526,2578011681,3451127643,-842918031,-457006761,142458501,20436093,-13737102,1833606,708201,-247344,-9405,10371,-335,-159,6,1 # cft deg6 r=12
-2494639,1829709,7956588,-12780678,-24290184,1866843,34438838,51337845,26508861,-18297878,-16574511,11307072,13021225,-3501219,-9693078,-4812137,-1046271,-210363,-127045,17148,10263,-179,-186,0,1 # cft deg6 r=8
-284793559,-1065796275,-2005965918,-1481124233,1572433704,6322227648,10520282863,12148096650,10876305945,7870086200,4673755752,2284910835,914112294,295718109,76339020,15445214,2312430,179265,-33234,-18792,-4746,-742,-48,6,1 # cft deg6 r=4
6119648225,34707667260,52925817474,-35146165865,-152865919707,-87878799837,63603631727,67386694140,-6506507046,-19936583434,-1110844797,3338521467,369067265,-367280853,-47729982,28116925,3889383,-1454274,-211745,46740,7161,-823,-132,6,1 # cft deg6 r=12
34554425309,98302605123,113608913661,86605495065,54530554092,20583910200,3857826064,3568677306,1668469575,-1081821051,-711226380,105120168,97869560,-7617294,-2352978,1856494,-485475,-201144,8989,12600,3360,-548,-114,6,1 # cft deg6 r=4
1284809216,-490113024,-9468028032,6564169472,19557882696,-29347791264,12163530536,650827872,-1029751791,395371888,-855273372,474084264,24735551,-84734700,15422550,5343764,-2098416,-37368,120172,-13584,-2865,724,-6,-12,1 # cft deg6 r=8
9764,33744,235272,1839056,4133712,-9320928,-68842296,-168756504,-244195371,-244725396,-187218666,-116081088,-60677695,-27670704,-10851570,-3500540,-937920,-208116,-41402,-6168,-663,88,54,12,1 # cft deg6 r=4
-20602709156,6832274448,97826108712,-77297807232,-121124961708,198364382904,-79270708540,-31114772208,39293906865,-9469717984,-3997582272,2699637984,-189980597,-248374068,65102022,7822516,-5287920,279048,202612,-31896,-3081,1060,-30,-12,1 # cft deg6 r=8
788032,-1526784,-9842112,62517440,163039392,-874124928,1263241768,-758045784,40828137,223464196,-151097406,52419480,-16104791,7322856,-3127998,993996,-318516,118020,-35470,7680,-1335,80,42,-12,1 # cft deg6 r=4
-956,22512,-115776,-66144,2464386,-9011928,13165652,-579048,-22748853,22786664,5771412,-20158128,5219150,6813120,-3190848,-1104488,705552,92376,-76396,-4032,4176,72,-108,0,1 # cft deg6 r=16
1964861696,7940502528,9083251968,2433757696,-3648209472,-4291102464,-2205661888,-247496448,666413328,572790144,190293120,-9725376,-39550016,-16327872,114960,2279840,483084,-143040,-54288,4656,2952,-64,-84,0,1 # cft deg6 r=4
11632,30912,-21504,-136256,-162672,-78528,275728,823200,503412,-629696,-230928,124368,32784,39480,-14976,-8896,3969,-2040,526,192,51,-40,-6,0,1 # cft deg6 r=0
231782428,-676238784,-288277008,1516167104,1364831556,-822619128,-909527740,137513256,279605841,10582236,-28421238,-22232412,5121629,1708188,612666,-233856,-94284,7092,3998,2004,-231,-100,-6,0,1 # cft deg6 r=0
697445872,-794044608,1530259968,243704256,-128531472,903116160,-223380432,66567072,139745892,-111926016,9952704,12788496,-8032864,476904,2936016,-1399152,-114903,191952,-9402,-16728,3147,288,-102,0,1 # cft deg6 r=0
-1000336,-22385856,141941952,-99738896,-311167830,78083712,-150354284,63558528,30317013,26673284,6447018,1690956,680685,-550596,57366,-23576,52902,-1476,2042,-2028,-135,-84,30,0,1 # cft deg6 r=4
135188324,563459496,799436526,95006668,-822183123,-375815820,727411966,486276972,-363164049,-215715784,156067206,49307748,-46614753,-3903324,8784174,-669172,-981417,194256,57438,-18972,-999,812,-30,-12,1 # cft deg6 r=4
5949728,-26634624,388804416,488832000,-2251319376,1054868640,1867172720,-1856142240,-54881316,540127040,5585184,-138794880,-14139568,41560920,-2938044,-6230984,1195965,415944,-115692,-14184,5466,176,-120,0,1 # cft deg6 r=8
418120704,0,117116928,0,-154386432,0,-74474496,0,-6758784,0,-1827072,0,-1531840,0,-22464,0,61476,0,1408,0,-588,0,0,0,1 # cft deg6 r=8
152881,0,-2452620,0,4074318,0,-4911956,0,1224351,0,2048424,0,-735132,0,58296,0,88623,0,-5980,0,78,0,-36,0,1 # cft deg6 r=8
36132487408,-109124473344,16597550880,37282471680,-6123404928,178969920,-10702719776,271991520,854188788,803723232,408300360,70719648,39433192,1997760,-2180952,-2219136,-884817,-117480,18730,15900,4107,516,66,12,1 # cft deg6 r=4
17901361,0,-81651900,0,340412490,0,-61059420,0,-17024001,0,13861512,0,-5295828,0,360744,0,-27249,0,7668,0,-438,0,-12,0,1 # cft deg6 r=4
-1042095728,-1013770944,8649767136,24438393024,26389634592,8112892896,-10739628976,-11890995840,-2304989052,2747004096,1622538288,-81223200,-304888888,-36223776,31338672,4209120,-1781340,-183024,41824,3456,684,-24,-60,0,1 # cft deg6 r=8
-267129628,-1340021952,-2342098464,-1482044032,529380492,1378781568,784292752,75197760,-115583055,-49137328,-667920,2724000,-637444,-848208,-346752,-104192,-20142,1392,2256,1440,528,-48,-48,0,1 # cft deg6 r=8
4302596444,2252506368,7207614456,2757868592,3964774980,3062791056,1875798040,1737928464,886422060,633759136,294076008,133594320,48478988,11205360,2335584,-509952,-246261,-139488,-26646,-5244,75,220,66,12,1 # cft deg6 r=4
90787856,-594288960,1248337056,-441336384,-1710658536,1931973072,258567192,-1371236880,321829182,406088968,-19221732,27766272,19772730,-7920576,-578892,622112,-317913,12768,22984,-5304,582,192,-48,0,1 # cft deg6 r=4
17741091961,-50977397472,-120005674992,74812249344,171041556486,117200476800,21454468064,-10941410016,-7856865165,-1447896960,279469104,170443584,39179948,-1338720,-180624,-437856,-214533,-33696,2656,5952,390,-96,-48,0,1 # cft deg6 r=8
944701696,0,-10337215488,0,-427088640,0,3994550272,0,128004960,0,-168783744,0,7656176,0,1788480,0,-251295,0,9148,0,786,0,-60,0,1 # cft deg6 r=8
52301824,0,1048928256,0,-3747704832,0,3991708672,0,-2091342720,0,643036800,0,-124655936,0,15492624,0,-1192671,0,49684,0,-510,0,-36,0,1 # cft deg6 r=8
670823,3490200,-12595674,-3242124,33882483,-27742908,3373402,9762108,-8681289,8912480,3711444,2189928,3496134,1169544,766044,443336,127665,63624,22382,5172,1923,388,66,12,1 # cft deg6 r=4
-5008470512,10724856768,-10034477472,-28411007424,88894544736,-79584771936,12999200784,17879216256,-8497448508,-236714496,982772496,-283838688,-5386776,19676640,-877008,-227424,-93948,66000,-3408,-6912,972,120,-60,0,1 # cft deg6 r=4
191901820356,0,1960170545808,0,-146588861700,0,43461517464,0,502999497,0,167376552,0,32223724,0,919800,0,195930,0,8328,0,576,0,48,0,1 # cft deg6 r=0
65157184,0,7536445440,0,18304362432,0,12533734144,0,4532227056,0,979603968,0,137505824,0,14087808,0,1045884,0,56320,0,2172,0,48,0,1 # cft deg6 r=0
26656439824,0,144115319040,0,124273704744,0,46532599904,0,10160869761,0,1485691368,0,158953676,0,13360536,0,930678,0,54104,0,2436,0,72,0,1 # cft deg6 r=0
305809,0,4837476,0,23983050,0,39458916,0,25299519,0,2754696,0,-3390036,0,-954264,0,219375,0,8148,0,-1206,0,-12,0,1 # cft deg6 r=8
717409,0,16577484,0,-45747870,0,22812636,0,17599407,0,-9982056,0,-1511460,0,63000,0,-54321,0,-10596,0,-798,0,12,0,1 # cft deg6 r=8
64355449,-395266920,-594334914,1894603332,8099197203,14183929548,15072846642,10338624300,4179103023,385764720,-644800956,-418702296,-117235494,-9633096,2613060,849480,221895,130104,48222,8148,627,60,42,12,1 # cft deg6 r=8
177635584,0,186504192,0,106442112,0,-1990912,0,-1471344,0,-8373120,0,-3622048,0,47424,0,34152,0,5152,0,-480,0,0,0,1 # cft deg6 r=4
5096512,-14802432,-22142976,61765632,61396512,-142676352,-29211392,101319168,14129604,-37238848,-9874368,10752864,1761824,-1370400,-83664,-177280,113364,42912,-27040,-2832,2136,80,-72,0,1 # cft deg6 r=8
-513966832,-2038677888,10222249440,-14420774720,5896028688,6248939328,-8802780464,3150277920,1440461784,-1728115840,445407096,173447088,-140165764,20657424,10804188,-4671432,51201,322680,-46548,-12120,3198,200,-96,0,1 # cft deg6 r=8
2993,6744,10974,10044,29643,-10620,56234,-45444,40839,-35480,-29196,18600,-70174,37584,-18996,-16104,13767,-32352,-274,13404,939,-756,-54,12,1 # cft deg6 r=8
-24473632,376814592,4241437632,8311396224,7077415680,7281258240,9163990688,6909038592,3242337576,976781248,61994784,-88871712,-20563536,5182944,2379024,406016,33552,-46128,-7248,1920,732,-72,-36,0,1 # cft deg6 r=4
5256976,5685120,-29057184,-43457664,24717408,73771584,21212432,-45436416,-32549676,11000000,15139968,-845280,-4463680,-413376,796032,146944,-73560,-21312,1256,1584,408,-48,-36,0,1 # cft deg6 r=8
12079681,93243000,287305416,428772944,183097902,-333412392,-422806616,84837504,384221991,100517552,-174732288,-119213760,4538820,30105744,10678944,-442176,-1149945,-200424,26808,11568,1182,-168,-72,0,1 # cft deg6 r=8
9024016,0,-28979904,0,65427168,0,-103678944,0,46358472,0,6231408,0,3940528,0,-1342920,0,-145719,0,19520,0,1998,0,72,0,1 # cft deg6 r=8
1159118948,-3121519440,5380278600,-6456313008,5228620272,-3362840184,1828029812,-951671616,288319113,27758080,-30866928,24335376,-23779068,10505088,2269992,1982624,888390,140400,80520,3936,3468,24,84,0,1 # cft deg6 r=4
-103,2724,-12936,33972,-65703,73056,1946,-103668,56631,105760,-122568,-32568,92854,-1224,-53100,13448,16431,-7044,-2016,1092,-135,-152,18,12,1 # cft deg6 r=8
-10366721648,15702262464,26443377888,-16958825280,-52423173792,-31568040672,-284459248,8955898752,5521440324,1775000640,41153616,-200420640,-51448088,-1716768,4107312,1734240,-191388,-102864,3632,192,876,120,-60,0,1 # cft deg6 r=4
32810595364,-21646324944,54677060376,-21313942672,20125514304,-13805698680,7976746412,-833108928,2463543129,-486662240,-23208768,-173291760,10823956,-708672,4648392,93856,-157098,44112,-26648,2496,396,24,60,0,1 # cft deg6 r=4
910590976,0,6566593536,0,7363344384,0,4238221440,0,1583197200,0,408218880,0,73831648,0,9243072,0,746712,0,38656,0,1848,0,72,0,1 # cft deg6 r=0
7533809156,-6166490976,-15900857952,8958106656,2118861288,-6466925280,18921680528,-8484095808,11435426856,-3088829632,3438059664,-574201104,639390984,-61721088,78574008,-3810848,6429141,-116712,339072,-720,10626,24,168,0,1 # cft deg6 r=0
-4160512,19611648,78229632,90392064,-9037680,-100978176,-84435568,327552,27532740,16761536,2449152,3228576,427776,-923136,-329568,-93440,492,-1056,-1728,432,-180,0,12,0,1 # cft deg6 r=8
-14535609892,261752978880,83749300752,-533939181968,-124477529868,410895703008,106122378600,-169710396336,-55238413920,41370067904,18120149952,-5340159504,-3566578980,148141104,375450744,38075968,-18553869,-3808944,342204,137628,1881,-2144,-126,12,1 # cft deg6 r=12
538261433,-4311095232,2924043534,10085664044,-11413243653,-5145259116,9522362990,-2260260492,-1740264237,1557316032,-418754556,12674184,9834370,-354744,-2350572,1016536,-93477,8928,1422,-4980,939,4,30,-12,1 # cft deg6 r=8
55867673,-1638744,-465369384,22739264,1591219026,471447768,-2354311736,-1968180096,7404891,335906384,-16523712,-20768256,30757932,13321584,-406464,-956544,14643,37992,-15896,-1344,1434,-40,-72,0,1 # cft deg6 r=8
264127504,0,-561923136,0,-629924544,0,-93436672,0,38917992,0,5668032,0,-795608,0,36144,0,3945,0,-3948,0,-162,0,36,0,1 # cft deg6 r=4
-1929232,-8030880,165151488,-808948496,2214818196,-4076441952,5435616120,-5429595888,4091783892,-2266345408,829641024,-104025456,-93363444,73763328,-26854488,4523152,506520,-494328,119136,-5892,-3819,856,-18,-12,1 # cft deg6 r=12
213604,1966704,8040024,10851328,349908,-1936896,10553128,6536496,-6706884,-7393408,-2514936,5424,-12140,492000,506112,14000,11565,4332,-10142,-2136,-45,-32,30,12,1 # cft deg6 r=8
19913,169584,357354,-208768,-1778673,-560832,3966246,1250976,-5415657,-277040,4564908,-1362912,-1803510,1188960,164892,-357184,63567,45120,-16758,-2304,1551,32,-66,0,1 # cft deg6 r=8
110166016,0,-2291908608,0,-1640395776,0,10701056,0,158226960,0,11137152,0,-2946080,0,-353088,0,-52584,0,-2976,0,-72,0,0,0,1 # cft deg6 r=4
12845056,0,42147840,0,-42270144,0,-284108272,0,-389487231,0,-228339384,0,-53392876,0,-1551192,0,235878,0,8632,0,1236,0,72,0,1 # cft deg6 r=4
-55331072,131783424,501799104,80161088,259420848,189793248,-433918608,-387619584,87139524,171634752,29865504,-18723072,-8133024,-2545920,-305520,907904,375732,-72672,-49824,1968,3012,8,-84,0,1 # cft deg6 r=4
-3468807223,-38677814364,-104679772806,-113004012016,-52308918921,-9520775040,7181648498,8395233060,1746376491,-480195864,-399381156,-205762368,13402090,49814496,3949548,-5916344,-581277,458964,34794,-24624,-633,832,-30,-12,1 # cft deg6 r=4
1244496481,-2347053180,19392558,5091017760,-9450114477,9514249752,-2863434710,-2815847964,2278521963,-215780120,-332146044,148131360,-6766,-19146864,4469436,684040,-451605,27828,32366,-6432,-1629,568,-6,-12,1 # cft deg6 r=8
901735802809,964427515560,-2333364742746,941753153148,239139876939,-268786327788,88788636834,-15545482668,-3595149825,3415374672,-1070615580,349609368,-48642726,-2557752,3098964,-1385544,336567,-127800,38358,-8148,1467,-156,42,-12,1 # cft deg6 r=8
19254544,0,44076672,0,-363210504,0,-21561824,0,27732609,0,14236296,0,2634708,0,128136,0,-23370,0,-4552,0,-132,0,24,0,1 # cft deg6 r=4
194567,668448,771240,1184100,5295573,13195896,21157922,24899052,24176427,22670336,19567824,12706392,5682782,1802016,-54444,-885048,-622131,-85728,67544,23748,-507,-984,-54,12,1 # cft deg6 r=8
1749330625,0,-17429187300,0,26995098522,0,23085677916,0,5419311135,0,528086328,0,23959884,0,415704,0,42207,0,2796,0,474,0,12,0,1 # cft deg6 r=4
5244077056,0,871778304,0,-2315180544,0,277193216,0,74004288,0,-19189248,0,1454464,0,30336,0,-33024,0,7584,0,-456,0,-24,0,1 # cft deg6 r=4
28374728704,0,-7331315712,0,1026600960,0,225956864,0,-40582080,0,8010240,0,33664,0,-9600,0,17616,0,-64,0,240,0,0,0,1 # cft deg6 r=0
37803802624,0,171727159296,0,200422612992,0,127450279936,0,33102693120,0,4377660672,0,332447168,0,16036704,0,715041,0,46964,0,2694,0,84,0,1 # cft deg6 r=0
333649298497,-167659388700,-352159965174,-132994642896,199280460759,324414450840,252348914366,142782369420,64883170287,25744681656,8952016764,2720585520,761533730,199657824,54513852,13368744,3327615,701796,157594,27360,4839,648,102,12,1 # cft deg6 r=0
1237156,-1325952,-573912,-3634544,6972612,-2078736,-36776,-30192,1866012,-1148704,-342744,-288624,-30572,82704,222864,-122944,40173,-17664,3622,636,783,292,66,12,1 # cft deg6 r=0
22395539858,-64381420764,37580170602,49176424168,-73597221897,18089367336,26858607450,-22658636988,2949929697,4632054380,-2655564066,227280864,304524351,-123615624,5098362,8331340,-1829001,-243612,148530,-12000,-4107,928,-18,-12,1 # cft deg6 r=8
1148215076,4320698448,5327498700,1910007344,698231181,-305397252,-107197174,-22852116,-23783721,-2639856,11992572,9589440,2218081,-1315404,-1066110,-106820,133689,45000,-852,-3168,-825,-44,42,12,1 # cft deg6 r=0
-7778848,-150471552,-756835968,-376145280,1776685764,2689506624,-2171900876,-3162598152,968523057,1666623032,-37217232,-421632504,-74687368,42079608,16120680,-163832,-1188594,-227448,24624,13560,996,-248,-60,0,1 # cft deg6 r=12
1030291456,-1501839360,406410240,1082736128,-642078144,365831424,113343680,-61217280,79988496,-51374336,2138304,-8420736,5900704,-1180416,-477696,280960,103416,-28992,-10736,768,276,48,-12,0,1 # cft deg6 r=4
2520802,6477756,-321305070,-1699042896,-4774631919,-8947791408,-10994172646,-8083771908,-2344301979,1662143148,2401202346,1464993552,529806703,91447632,-15663078,-13786884,-2767923,308100,239634,31320,-3435,-1176,-42,12,1 # cft deg6 r=8
-346927111,-676873512,4432485576,-3498409288,-796507725,-3822961404,7784434434,149547156,-5807942490,1834699760,1638963900,-835773600,-216422781,170149308,11460606,-19605028,352842,1366848,-81252,-57264,4359,1316,-102,-12,1 # cft deg6 r=8
537116,52176,2112072,-5752208,12485712,3817512,-14998932,15200640,-2481045,-6276888,5139924,-225432,-1482472,697200,210804,-216208,-1935,49272,-9020,-4776,1614,128,-72,0,1 # cft deg6 r=4
7247,-74316,-249222,-388280,-139911,-181440,1459038,1310124,332340,-702116,-1543374,-774768,-13055,442608,462882,154196,-24648,-47580,-2626,8304,1437,-696,-54,12,1 # cft deg6 r=4
24780800,-181125120,329465856,-338862080,335792640,-278814720,198602240,-122600448,75835392,-34432640,15233568,-6157920,1033252,5712,-216264,239136,-122592,49632,-20280,6144,-1083,44,42,-12,1 # cft deg6 r=8
1833688409,702989784,-2284107168,1597869504,923218842,-1040966136,89853136,-8461824,37671087,29394672,-19100928,-676992,741100,51984,194784,-75776,-10377,7224,-4064,192,762,-24,-48,0,1 # cft deg6 r=8
-1670849,-10952112,-11499096,-12998244,-17504517,-4221744,-6964802,26240148,10195512,-27198960,-5986452,14470620,1722859,-4822032,-326214,1058844,41928,-150192,-4980,13092,603,-624,-42,12,1 # cft deg6 r=8
-32652359,103988388,4850010,-320420112,-617124627,-419678136,-116937002,33759084,362754,-2820804,1859634,3669144,-2038555,-499800,201018,7284,-2382,-16380,-962,4920,285,-432,-30,12,1 # cft deg6 r=4
-319893131024,-1437972270528,3853845290400,-3618875349824,1590459438240,-115639804752,-256018304080,152824256352,-40892524167,2104999624,2928360900,-1449489168,360797039,-28340772,-14502330,5574820,-572568,-98112,17876,7800,-2889,268,42,-12,1 # cft deg6 r=4
-111633472,451672704,222123168,-2954851168,6517168188,-5880813408,783225096,3934791792,-2668018830,-259861048,1266485724,-181873872,-288079567,49557108,57527142,4603356,-4448787,-1093008,110200,61992,1275,-1436,-90,12,1 # cft deg6 r=4
1095501568,-3524828160,8023405824,-8776246528,6561125760,-3209480064,1314268960,-820776096,-2028695076,2675574832,22760712,-814256304,157634560,255397512,-38116596,-33845504,2323485,3360600,-420152,-109200,19446,848,-252,0,1 # cft deg6 r=4
111581930000,-337018814400,474385914864,-440988649056,336942149844,-246800797296,183012631724,-131819573880,86088993165,-49105332200,24257002794,-10339729140,3806970829,-1206737412,326775234,-74419132,13814160,-1941144,169062,3540,-3327,436,18,-12,1 # cft deg6 r=0
83115702788,-78778941216,-118335526680,113644753968,72914316660,-64403040768,-35114236072,26058674640,10719446748,-7587809216,-1955614512,1509181728,214556180,-204385608,-13727880,19073760,487509,-1237056,-18478,54204,2043,-1260,-78,12,1 # cft deg6 r=8
-120218578,-753514824,-1643824416,-744037512,792396432,-358660368,-592438804,638990520,-241417761,-45315680,213771666,-178373532,108144401,-49306188,17894466,-5506764,1363854,-307896,59846,-12276,2505,-516,90,-12,1 # cft deg6 r=4
-4577471,12519480,-66450858,227706432,-435236997,134516736,134109710,-54908016,9982239,19569176,2825148,3964608,3397082,-67512,-815604,316624,275919,-4560,-36178,-2592,2571,120,-90,0,1 # cft deg6 r=4
30456245988,33253489584,46088999208,28129056144,20840118936,10137577632,7500459584,5254832904,3866570589,2371738500,1233641322,535612632,202417965,66040032,20581926,5717812,1578624,372564,83234,16512,3453,616,102,12,1 # cft deg6 r=0
-365090971671,993508221240,-476927503020,-1110890435568,1656889569975,-753851791044,-104776576478,250568668068,-104890502178,14789278496,3390345600,-2279947512,642916239,-90449820,-11987586,9536844,-2081358,167472,-9768,12072,-4149,508,18,-12,1 # cft deg6 r=8
3849917113,8831490108,-5363920926,-13012543320,21750872241,-18151745304,4981308610,2511070788,-2448046566,915913060,162670818,-243504624,76575905,-6317496,-6209394,2598236,-145302,-85860,23790,-5952,1473,-352,78,-12,1 # cft deg6 r=0
943638664,934052448,897373536,1906453072,1282631052,-914908704,-1680640984,-791446944,31505370,211578296,122430912,42330324,12106249,5060640,2828466,1226996,321369,15528,-26588,-12996,-3201,-384,18,12,1 # cft deg6 r=8
-100662723072,49754059776,597123846144,-746063758080,273799064976,19730191104,-40347222800,17985760800,-7489665180,1391534064,270528408,-150330384,60265348,-25816968,2521104,1383672,-430035,93456,-11168,-7464,2346,72,-72,0,1 # cft deg6 r=8
-61231136,-541504128,-1620695424,-1480667904,1012568112,1391120544,-604108624,63468960,70362756,-116375856,36023496,-2718960,-1253812,2306784,-415488,114816,17709,-16104,3184,-1296,-318,24,-24,0,1 # cft deg6 r=8
-25753864,-49362432,70438008,105671328,186731610,197066400,166407752,50787696,-7253421,-14442112,-2103492,-711336,-557846,-209592,36600,61888,-3492,2160,6276,888,132,200,24,0,1 # cft deg6 r=4
-46016,4659456,46455168,201148160,457299840,491986560,54577216,-361107456,-258321168,-1279104,50361792,17103744,1834816,-1159488,197664,173056,52092,-9072,-1032,-336,504,-24,-12,0,1 # cft deg6 r=4
-4338044,-185256,291899148,-1044166320,1195622610,-121657008,-510736564,-58462392,362379126,2360116,-136058658,-19023312,45705679,7733832,-9034974,-3093004,1365243,553428,-98534,-38520,3861,1136,-90,-12,1 # cft deg6 r=8
272278528,-1211916288,2973821952,-3653104640,1359384576,1688497152,-1567962240,-138107520,658703568,10557376,-161863296,-42415200,23859336,1184784,-394440,-313088,-94311,70776,-13168,672,162,-24,24,0,1 # cft deg6 r=4
1730899265824,-400970825856,1160433269520,-471158303952,279847532772,-169374221856,81189167720,-34745648784,16768087452,-5387967840,1778115312,-471450624,133079488,-28258992,12467256,-3773904,1393428,-370464,102452,-17892,3789,-624,78,-12,1 # cft deg6 r=0
25202082944,-160528046592,498045774144,-848796245184,1024414460496,-937040969088,687412090400,-413368365024,208544750496,-88657827680,32111584332,-9797915964,2522097249,-522949752,84406962,-8061268,-154581,247968,-39048,-1668,2379,-648,114,-12,1 # cft deg6 r=0
1459635728,9259592352,115846176,-12385394064,7206010524,5856887424,-3975373624,-1507316640,1134831612,198158600,-210232632,-7477932,32136445,-4066584,-3444750,1031108,212427,-121128,-6988,8652,63,-424,-6,12,1 # cft deg6 r=4
-1230664,54725064,-28578726,-569536728,1642722759,-2159666328,1510397546,-445833516,-63166887,93328672,-38350404,6119760,4514226,-5572800,3395916,-823624,-176874,156792,-13926,-9240,1119,312,-6,-12,1 # cft deg6 r=4
361201,0,-5344188,0,-56510766,0,-60016876,0,-17863857,0,-8375544,0,-4091204,0,-1177656,0,-78177,0,4532,0,402,0,36,0,1 # cft deg6 r=4
986884,7328256,120417852,4705032,210110181,-117724356,209880746,-118144812,87190905,-129666672,-32965128,3455184,-8944262,10946856,2309220,-2149176,-70314,195600,-2884,-11064,-75,492,-6,-12,1 # cft deg6 r=4
37834801,0,10824772716,0,-2418469902,0,1691146076,0,132061263,0,31242072,0,4287100,0,-567912,0,-73377,0,-2244,0,-78,0,12,0,1 # cft deg6 r=4
-150540921,174846168,969361740,-1623614784,-1114598202,3154559976,-228679288,-2364899688,817456176,876749472,-548048472,14580912,-18559824,49583472,-3689364,-9734072,2050038,621624,-189268,-15648,7236,136,-132,0,1 # cft deg6 r=4
-2516601506,10459527168,-19620924168,20502830364,-7041642597,-16197717912,36262750026,-42197099292,33880679949,-19849648368,8395831140,-2322292044,225255325,133361208,-73912722,16213644,-216591,-860328,216004,-9924,-5253,1008,-18,-12,1 # cft deg6 r=4
60725264,325182336,578738688,278098816,-266746344,-320813280,-70733632,48696384,47489169,16358160,-5808192,-4096560,-251762,212832,173244,-54496,-27933,-864,5604,1584,114,-64,-36,0,1 # cft deg6 r=4
77441168,68490240,190333248,144571392,375711168,-28855680,455280768,-132555264,186689544,-15962240,1400352,21883776,-498840,516000,1329840,57536,81609,35328,3892,3264,414,96,36,0,1 # cft deg6 r=0
40551424,0,852664320,0,1316348160,0,783938048,0,274769424,0,67426176,0,11198816,0,953280,0,8280,0,928,0,648,0,48,0,1 # cft deg6 r=0
-495346,-11745096,-78233844,131902504,2894107590,10543679160,15770817692,6600875688,-8558518719,-9936210256,-887976168,2899643592,895837094,-364036368,-161642880,23815240,13750284,-862344,-633620,16704,15984,-136,-204,0,1 # cft deg6 r=12
572612499689,1226965456320,1730303927712,1645534055808,1245327994350,734944898304,366207901216,148589061504,53150298099,15501064288,4239467712,894684672,215259740,28688544,7704864,-136576,252939,-41184,22944,3456,1038,32,0,0,1 # cft deg6 r=0
1685260432,-7822427136,16791889056,-23036228352,23454057336,-17214680832,10564740840,-4697423808,2109914433,-656587520,284084808,-68336640,29246648,-2873520,1520952,288640,105186,33600,9800,2112,1152,80,48,0,1 # cft deg6 r=0
13114660612,-50168586120,113003586480,-160373710260,177748723725,-149304808632,109640882374,-64283881164,33781400175,-14226556504,5406967656,-1578455388,414540641,-70242336,10087710,92588,-9831,-67248,51248,-18972,4623,-880,126,-12,1 # cft deg6 r=0
103944704,-30348288,-604452864,1313351680,-1280050080,477639168,301508192,-586330752,457099896,-228416832,72539232,-11765088,-1998224,2259072,-1009104,398560,-136308,21360,3400,-3648,1008,88,-60,0,1 # cft deg6 r=8
902565632,2707786752,2269112832,2173051008,110345040,-2138970048,-300425456,727961088,218370468,28977152,-108531984,-54282048,29056232,8234592,-4594848,-754688,706512,12960,-62184,960,3096,-32,-84,0,1 # cft deg6 r=4
-36648124,-551682672,39684612,58885008,-1319318547,-1250958036,819552134,1018090068,-183782835,-389890000,-2549472,81164688,11606626,-8960856,-3101628,242008,454782,45984,-38100,-4224,1473,140,6,-12,1 # cft deg6 r=4
19192130272,33693604224,29216849172,5113843308,-6398700105,-5520290748,-265529538,822256440,313585485,-106846736,-33424548,1741260,10189829,-2240868,-195978,-272432,154557,-18384,3392,-2652,423,164,-42,0,1 # cft deg6 r=0
260909621264,-540866749056,445011877176,-162681982640,3959937993,19451312820,-3463050978,-7457743404,7402572741,-2954293328,303287640,70716048,75922970,-64742568,9716388,5158872,-2128902,43248,119968,-19776,-2067,788,-18,-12,1 # cft deg6 r=0
-252934871,4004170548,-23293659144,75512732736,-159700152381,238356265644,-262240298498,217767004788,-137644127238,65556938316,-22397499300,4476001800,272253511,-640321164,293736774,-85156116,17124726,-2204868,87064,32376,-7905,732,18,-12,1 # cft deg6 r=4
194115443056,-431474876832,474431677920,-382011159872,278230890393,-195910455228,129646697934,-76099784460,37677197571,-15461620192,5361942288,-1642302288,469210917,-132126612,37925214,-10929916,3048861,-799032,189336,-38544,6507,-884,102,-12,1 # cft deg6 r=0
49524512,632510976,3505535904,11062157856,21829307412,27648770208,21767361916,8950686720,-218931423,-2341747552,-1323587328,-440347728,-114684376,-14602944,4209288,1079104,-278946,-61344,5568,2544,1380,160,-36,0,1 # cft deg6 r=8
182303296,-940020480,1535526048,-415263424,-594491532,-385929696,489889004,404723136,-190654719,-34071056,-11458896,-43605792,-7023332,2111280,1241640,276352,94086,17808,-17456,1056,-1032,48,12,0,1 # cft deg6 r=4
-651633342856,-3697144346784,12380573564136,-13930781142832,7343061295866,-1752418214160,234882291304,-150978615432,44336729331,20423113808,-8966166504,-1474321152,638264922,257235912,-82328748,-16661352,6387564,559680,-293960,-9408,8196,56,-132,0,1 # cft deg6 r=4
2205253888,-2604840960,-1250173056,2467093248,931430736,-2051701056,-195381232,1041393504,-66684492,-346325664,57472800,74229168,-17232656,-9810912,2952276,604512,-297675,18816,14652,-4848,-66,192,-24,0,1 # cft deg6 r=8
-19347667343,-105517747788,-272686336896,-423769921128,-415579786761,-238765503924,-42033758890,48391674060,43093380690,14497443500,366023532,-1433469648,-430335193,9134388,27875742,2692372,-1363854,-297252,30104,13296,-9,-276,18,12,1 # cft deg6 r=8
-53484137,-379523424,-302876742,2859545500,7281666693,653295972,-13949569654,-10767275004,5620303932,7304534640,-1052253678,-2290042308,222524945,387656244,-62428194,-22340540,2374188,1435776,-136562,-42276,2589,1060,-66,-12,1 # cft deg6 r=8
425725869857,761932391616,-536973803172,-1344763271808,326906241090,1035942576576,-166651215604,-444336122112,75413617227,112769596480,-22899693144,-17073601920,4064962924,1554977472,-424585848,-84411904,26525403,2613888,-983508,-41472,20778,256,-228,0,1 # cft deg6 r=16
64310144,18868224,44017920,-35421696,-39309552,6802368,-19329424,10607232,-6762108,3105088,-94656,-1014432,425520,-302880,57696,-5440,4836,4704,-672,624,-252,0,-12,0,1 # cft deg6 r=8
2899192,21208320,52144608,64900512,122289456,260858880,218151360,-35799072,-48945420,191707392,221876472,27243792,-70940660,-31913064,5846136,6302544,394533,-543456,-93316,21408,5562,-312,-132,0,1 # cft deg6 r=8
10671418432,-18685077504,-41872462848,29520033792,66801196608,5100344832,-33298963456,-13900185600,3443320368,3072562176,504187008,123307008,78613024,-8033280,-14646720,-1462272,834252,103296,-38816,-2688,2148,160,-48,0,1 # cft deg6 r=8
9054065632,-41742026496,69426041472,-41227567168,-12074762736,20430820224,6402139272,-17366921208,7448592129,1053093936,-1821202428,448601112,84720492,-68517408,9979356,2754488,-1206138,97584,42492,-10392,348,320,-36,0,1 # cft deg6 r=8
112580562944,-397216972800,5058441216,653940326400,182926060032,-228461678592,-100870038272,14814766080,10881526032,-351780352,-452411712,184951296,49063872,-29655168,-7503072,2454272,784776,-136320,-58576,4224,2640,-32,-72,0,1 # cft deg6 r=12
40360609,0,812245548,0,232122270,0,-264710188,0,-103527681,0,4553496,0,4164612,0,187080,0,-36513,0,-5636,0,-162,0,36,0,1 # cft deg6 r=8
262144,0,228065280,0,1098842112,0,-183435264,0,-19009536,0,-5849088,0,1124352,0,-178176,0,4032,0,-1152,0,624,0,-48,0,1 # cft deg6 r=8
342801,-4367088,-32906844,-101350608,-168032418,-125638944,89736668,317476032,344957691,138440544,-37036296,-62480832,-2325564,9476832,-1295640,-854144,504123,70416,-55564,-3504,2982,64,-84,0,1 # cft deg6 r=8
164232256,-198570147840,-414687068928,137609922560,275334961344,-59235847680,-74344409984,9655572480,16830425136,-308298752,-4089913344,330648576,546008416,-88261632,-26323968,6048256,-275892,13056,36400,-11136,780,224,-72,0,1 # cft deg6 r=12
54095637841,625183944000,1828923357324,2923082992928,3218585349630,2694766570272,1798295185332,981993708480,443933637279,166077815232,50689418136,12115427328,2018229892,121632384,-51253176,-19660224,-3118449,-22272,99356,19680,510,-416,-60,0,1 # cft deg6 r=8
-1686667504,-1031061888,3915959520,1867700416,-3822836328,-1136333088,1928576536,329461776,-583436655,-112138016,188072376,19303824,-59870792,12761040,6360984,-3187568,45618,265248,-48776,-9264,3360,112,-96,0,1 # cft deg6 r=8
-3120575776,8831649792,19216009728,-136531653696,309434822928,-396846120096,317143644296,-151414533816,27857753817,13839251888,-11095997700,2645832408,304851236,-323556096,55759188,8158456,-4300146,371184,97572,-26328,708,512,-60,0,1 # cft deg6 r=8
513266372,-3936486528,11709909024,-15456507888,1739005332,24317237376,-37774750328,26890873800,-7149871707,-3430899968,3641760348,-1101918072,-57143202,113802600,-12010608,-8333720,2089491,222408,-97888,-9504,4410,152,-108,0,1 # cft deg6 r=8
1290496,0,-8031744,0,18304896,0,-19868544,0,11282064,0,-1790976,0,-979488,0,326976,0,18792,0,-6432,0,-96,0,-24,0,1 # cft deg6 r=8
-2305301247,23743689984,44115293412,-11907426192,-32141420058,7405326672,4559157356,-3541918848,2745614955,548666016,-1024702152,-88914624,157383780,24516384,-7699032,-2155456,-338469,20448,41204,3984,-642,-112,-36,0,1 # cft deg6 r=8
-14537,106488,-178080,-173400,350676,236400,-539692,814440,3177570,2590464,1684116,1242984,481142,231096,82776,27504,13596,888,1052,216,48,72,-12,0,1 # cft deg6 r=4
591900241,0,672892956,0,-398746350,0,-93884724,0,23289999,0,-2794824,0,-3920964,0,-577032,0,23295,0,13356,0,1362,0,60,0,1 # cft deg6 r=4
-8302831,23319192,-7289112,-30111072,2237388,29155008,-2006564,-15641592,5501856,8829312,238632,-2363856,-955682,-58200,148656,74032,17568,5520,-8372,-1224,972,48,-48,0,1 # cft deg6 r=4
136304,-272832,-1289568,-895616,-683520,-3438240,-2049232,4749312,5424084,-341952,-2401632,-1164192,683952,945504,342528,83008,1128,5136,9128,1008,-456,-72,-12,0,1 # cft deg6 r=4
246016,0,9272832,0,135584640,0,694576000,0,-246835056,0,9480192,0,-1742624,0,679104,0,-30744,0,288,0,-480,0,24,0,1 # cft deg6 r=4
256,0,-1536,0,-76416,0,-111488,0,-230256,0,170112,0,186144,0,-7296,0,38760,0,26816,0,-240,0,24,0,1 # cft deg6 r=4
-371830363583,1487124904944,-1710074510004,264944860544,1767049776702,-1443968973552,-284755925596,621854802624,-77148568449,-104945748640,28127890488,7265393472,-3031952124,-94006368,117301512,-8627904,894015,134832,-194500,9024,6078,-176,-108,0,1 # cft deg6 r=12
-9790783,29767680,159626868,-1221055072,3562662030,-5914659552,5871371756,-2953239744,-335779521,1581609792,-1004260248,186469248,105007588,-74620032,17885304,-629056,-516993,144576,-12572,7392,-498,-160,-36,0,1 # cft deg6 r=8
541696,0,-5922816,0,41029632,0,-131719168,0,163958400,0,-68173824,0,-22039872,0,9586944,0,-1199772,0,59488,0,-468,0,-48,0,1 # cft deg6 r=8
42068097,-62715456,-126998244,186278448,175019538,-243587280,-127510820,171257472,52904427,-69797568,-10708920,12673152,2331020,514368,-1260888,-513472,362715,67392,-46772,-3696,2874,80,-84,0,1 # cft deg6 r=8
-2382101504,-21791809536,-43132108800,43200241664,58169368320,-10433375232,-16000247296,9142121472,6598894608,-2112289792,-1876983744,-9475584,205182528,31480704,-5562528,-1515264,-304632,-102144,7184,10368,1440,-224,-72,0,1 # cft deg6 r=12
-71289295567,-184318991136,69332850468,265409596032,8081203830,-143783991456,-32125332052,35473148544,13140714351,-3433592256,-1483544952,-2242944,-140843532,-16831680,30237816,4378496,-563841,283872,60500,-9984,438,352,-36,0,1 # cft deg6 r=8
-106714492,453463200,-767800080,663595680,741692820,-4752342960,8205374376,-5058832368,-2238696039,5117668160,-2527198248,-79775472,469234720,-106593840,-19978008,5491600,1744710,-222624,-121720,8688,4428,-128,-96,0,1 # cft deg6 r=8
-4776327568,-25251223872,-46876834944,-24708294432,26874623016,31575571248,-7497129904,-19776187128,-2336399535,5080632920,852136452,-870409224,-87372856,112902600,-268308,-10028744,902862,545064,-93108,-16152,4512,200,-108,0,1 # cft deg6 r=8
-35962864,131185152,-105473088,-314417152,534651264,110492928,-680647616,251777280,346952040,-274091008,-47024736,106553088,-17848456,-17558592,6404544,1151296,-777687,-96,40956,-3072,-498,96,-36,0,1 # cft deg6 r=8
1358364736,0,1314610176,0,-592264128,0,-369817600,0,108003312,0,19938816,0,-4266528,0,-489984,0,102396,0,-320,0,-444,0,0,0,1 # cft deg6 r=8
-2957247,-21713616,-46855188,-17303952,24634794,-88531296,-151976836,90902592,139218267,-183508416,-55349400,75362304,-3434292,-3189312,2711880,-972800,-265749,75600,-7396,-432,2082,-32,-84,0,1 # cft deg6 r=8
510667904,800750592,666842496,422551552,914031312,1389244224,1140772400,502488960,115548804,41389056,17366976,-3796512,-3062736,296352,96576,-148544,-33372,11328,1280,-720,84,0,-12,0,1 # cft deg6 r=4
103388224,0,654143232,0,502005696,0,26660736,0,35828976,0,22739328,0,4750624,0,116160,0,-47364,0,-6224,0,-132,0,24,0,1 # cft deg6 r=4
-7772224,518085888,1753516032,1226892672,-2083648800,-2265284544,655336192,1688722080,116739732,-657757344,-144570480,140115504,42670948,-15232896,-4685568,313600,101613,15456,-2516,816,1026,0,-36,0,1 # cft deg6 r=4
1154712816,-1102144320,-1636967520,-1429850496,2045732736,-977538144,884528624,-176927232,-4691916,47645888,-59832096,22596192,-9849056,3122112,133536,-129280,222624,-58128,11784,-816,-768,120,-12,0,1 # cft deg6 r=4
17053329313,-81722561568,177709218444,-226740791872,174416225490,-61139522400,-25480374180,45557854848,-25442212305,4681015360,2748519576,-2413378560,969255036,-285563712,75718296,-16870016,2827023,-498720,95196,-8640,978,-352,12,0,1 # cft deg6 r=4
45914176,0,245887488,0,520613184,0,534537984,0,239613168,0,48681216,0,2528352,0,-718464,0,-131652,0,-5472,0,468,0,48,0,1 # cft deg6 r=4
-50785216,-312179712,654907392,722085888,-1517115840,-760642560,1820825600,350896128,-1332409296,41940992,609701760,-140461056,-156507872,69613056,13424064,-12163072,563148,916416,-143008,-29568,7332,320,-144,0,1 # cft deg6 r=16
3512221696,0,-1457651712,0,-1108687872,0,212553728,0,171447312,0,7674624,0,-9447904,0,-1986816,0,-120552,0,704,0,72,0,0,0,1 # cft deg6 r=8
15808576,0,-76581120,0,143666880,0,-125200000,0,14960112,0,30625152,0,-11140448,0,938688,0,108540,0,-26320,0,2028,0,-72,0,1 # cft deg6 r=8
121352256,0,-545315328,0,310962240,0,111995136,0,20064240,0,-14416128,0,-2121760,0,985728,0,-71940,0,-4640,0,900,0,-48,0,1 # cft deg6 r=8
1168348473,3687022872,3739203072,-543313152,-4022279358,-2416500792,858462992,1468947264,322862379,-265530736,-179043936,-13118880,30615292,9217488,-1358688,-846976,-177981,-9096,16992,4128,186,-120,-48,0,1 # cft deg6 r=8
788991921,0,-1421940420,0,436343058,0,-29976084,0,24051663,0,-16773384,0,3145532,0,75576,0,-77985,0,5836,0,210,0,-36,0,1 # cft deg6 r=8
256,0,4608,0,-29568,0,-16000,0,-104304,0,27648,0,-84128,0,-124224,0,138984,0,-32544,0,1776,0,-72,0,1 # cft deg6 r=8
-31887887,61359984,92312448,-176783728,-128391642,191298336,101371120,-93453888,-37610805,22695584,5342208,-1956480,484164,-301344,-315648,75264,70923,-3984,-10944,48,990,0,-48,0,1 # cft deg6 r=8
64,0,-5376,0,8640,0,119168,0,-173328,0,-163968,0,215584,0,247488,0,91836,0,15984,0,540,0,-72,0,1 # cft deg6 r=8
129764321,501088128,-1472990484,83105488,1953665382,-2905084944,3004529444,-2151436800,1294632363,-708033824,288093288,-114034752,41265764,-9583008,3090360,-624320,67131,-11232,2012,1584,-258,-80,-12,0,1 # cft deg6 r=8
-650006562575,2006033205120,-3136664947212,3069213292544,-2121805765962,1052937739776,-351181694052,50067381888,24596464623,-21808138880,9178122408,-2534814336,414037620,38784,-26142120,10549120,-2757825,616704,-104604,16512,-1290,128,12,0,1 # cft deg6 r=4
984064,0,-5455872,0,38615040,0,-54487040,0,17350272,0,-278016,0,-2790080,0,-283776,0,-109788,0,-30048,0,-2196,0,-48,0,1 # cft deg6 r=4
1105429504,0,-3026208768,0,-6545990400,0,-4906176768,0,-1963035120,0,-466586496,0,-66507808,0,-5341632,0,-213288,0,-6048,0,-408,0,0,0,1 # cft deg6 r=4
3497336,10709184,-678048,-69559904,-180422736,-200807712,-55803680,76629024,42876996,-19236080,1848600,19321584,-1831404,-10530744,-1955856,1989360,646101,-152160,-71240,4992,3726,-56,-96,0,1 # cft deg6 r=8
678976,0,16409088,0,62068032,0,-28272384,0,-45150480,0,10447104,0,4687456,0,-1674624,0,222972,0,-19552,0,1236,0,-48,0,1 # cft deg6 r=8
21381376,0,-97214976,0,-392079744,0,-342513024,0,-98915184,0,1206912,0,4749088,0,519936,0,-39960,0,-8576,0,-192,0,24,0,1 # cft deg6 r=8
-9032838544,-53392610880,-138920792064,-206340413536,-186096445080,-92797284432,-5802358736,27251927928,20857731825,7174176616,483829524,-642553080,-272887576,-29655048,10728540,3601224,-98898,-224616,-27588,6552,1728,-104,-60,0,1 # cft deg6 r=8
84969,-465912,739584,-1089216,2308410,1389144,-9617728,9970944,-585861,-6705968,4353792,842976,-2153348,1007760,-13632,-124352,32259,9672,-3072,-288,-510,-72,0,0,1 # cft deg6 r=8
454513249,-1356281376,12992392572,-60190503552,139800543378,-190386956832,160212491532,-80112137088,17204634159,5069491264,-5211979656,1917146496,-359893636,-35134656,56764536,-17748608,404559,1028064,-166132,-23808,6930,224,-132,0,1 # cft deg6 r=8
76877824,0,-71393280,0,215721984,0,-111720448,0,224997120,0,226366464,0,-11472128,0,-7361280,0,862704,0,-26592,0,168,0,-24,0,1 # cft deg6 r=8
410100257,4054269408,18056549196,47994254112,85126401486,106372232064,95539098612,61125183936,26659357887,7004539008,601371864,-201822720,-28143324,33223104,16566792,3091520,-23649,-84576,-1508,4320,-114,-320,-60,0,1 # cft deg6 r=4
7231118864,10005810048,-5133621120,-9085332096,386184096,711133632,-770418848,369054720,295549896,67606560,90205200,35584416,10173664,4866960,1067064,353600,93945,22560,8116,480,438,48,12,0,1 # cft deg6 r=4
3182656,0,-5895168,0,-10104768,0,3985408,0,2781168,0,-1058304,0,-946208,0,9216,0,155388,0,-2880,0,1284,0,0,0,1 # cft deg6 r=4
1290496,0,8031744,0,18304896,0,19868544,0,11282064,0,1790976,0,-979488,0,-326976,0,18792,0,6432,0,-96,0,24,0,1 # cft deg6 r=4
77862976,0,206055168,0,243628992,0,169064320,0,28940016,0,-16041600,0,-5097184,0,388032,0,167484,0,-5072,0,-1860,0,24,0,1 # cft deg6 r=4
566059264,0,890159616,0,542972544,0,336169856,0,-207565680,0,-34308864,0,8267744,0,844224,0,94824,0,10016,0,432,0,24,0,1 # cft deg6 r=4
-21232703,-77938584,-156461472,-177800064,-69121692,84118944,187658692,126785160,22029624,-43425264,-36515496,-3828144,5907758,3342840,646152,-383376,-218712,-6768,12868,2808,372,-96,-48,0,1 # cft deg6 r=8
16384,0,40992768,0,-156155904,0,168562688,0,-2993664,0,-63389184,0,29303296,0,-5532864,0,544260,0,-34032,0,1812,0,-72,0,1 # cft deg6 r=8
262144,0,-786432,0,-1671168,0,3473408,0,-1606656,0,694272,0,-530560,0,163776,0,52164,0,-21584,0,-108,0,-24,0,1 # cft deg6 r=8
935089,0,4851948,0,7710702,0,4130196,0,-1150305,0,-2328360,0,-392796,0,273672,0,-6225,0,4476,0,366,0,36,0,1 # cft deg6 r=4
2963396,291776352,1380850704,2008763568,497797788,-1292951184,-1428824016,-2370596184,-912861099,1510990064,1080033036,-140994312,-229484150,-8771832,17940984,21112,-630009,214056,26456,-11616,-270,184,-36,0,1 # cft deg6 r=4
21745631296,0,-44924593920,0,34564207296,0,-12313071488,0,1839104496,0,-10641792,0,-18315104,0,118848,0,115836,0,8400,0,-468,0,-24,0,1 # cft deg6 r=4
262144,0,-228065280,0,1098842112,0,183435264,0,-19009536,0,5849088,0,1124352,0,178176,0,4032,0,1152,0,624,0,48,0,1 # cft deg6 r=4
295936,0,6008832,0,12300288,0,9005056,0,-1339008,0,-5210112,0,411584,0,692736,0,-186972,0,6928,0,324,0,-24,0,1 # cft deg6 r=4
8471457,43651512,105589800,162317376,172720992,129186720,68580860,26092296,7333836,3992480,4142760,3541536,2007490,628056,-4320,-122416,-56508,-4320,3732,1032,84,-48,-24,0,1 # cft deg6 r=4
4534271057,-89910376416,392686655676,-829539045056,1072086884322,-950075051040,609933214188,-292960286592,109138333839,-33347900736,9153550584,-2468282112,653837852,-150131904,25428024,-2610304,249087,-119520,50764,-9792,546,224,-36,0,1 # cft deg6 r=4
116294656,0,8086769664,0,5916874752,0,585658368,0,-318283392,0,-111518208,0,-14582976,0,-106368,0,229284,0,32592,0,2148,0,72,0,1 # cft deg6 r=4
32353344,0,1093450752,0,5506028352,0,7062183936,0,2040227568,0,80076288,0,-43374752,0,-1299456,0,388092,0,-17728,0,180,0,0,0,1 # cft deg6 r=4
10568801,-3786120,9374904,-20121216,7579320,-4031664,-654492,3326328,-758376,8608352,1179192,-3867168,-1669086,-243624,332952,260800,88824,14064,-932,-1992,-264,-96,24,0,1 # cft deg6 r=0
126659953,561776376,1059820608,1137168480,763159908,294376320,28571900,-15545544,9472092,14797328,6350232,1025136,334022,458184,196656,18592,-7596,-1968,572,-216,-72,-48,0,0,1 # cft deg6 r=0
1129578689,-3996056952,7174713048,-7889983552,5632784280,-2544106032,446961892,289475208,-238616088,51872480,31077480,-30887520,11190530,-684120,-1146600,584512,-87816,-18768,13404,-1848,-216,96,-24,0,1 # cft deg6 r=0
400873969,674118672,634097724,40019088,-378808710,-312560544,32260204,160625856,59990331,-22374976,-19569720,-2366208,-175252,1080384,964584,-41728,-97125,-30096,-1876,1968,882,32,-36,0,1 # cft deg6 r=0
2008880033,-3533031240,598156008,839457040,1897129476,-2374643280,357168028,65795448,388367592,-224177600,4000416,-5823600,13375790,-1239096,154032,-715360,154728,-9600,10332,-120,-348,-48,24,0,1 # cft deg6 r=0
46779937,61476840,88743744,28299856,12057444,-18700992,5612484,7522680,15534984,5722928,4138488,1170000,2034862,1315224,979080,392032,170760,48816,16068,3336,1092,96,48,0,1 # cft deg6 r=0
19150611056,-85783075008,179957375424,-237606996320,224965490760,-167247263472,106564003872,-62149386360,32515047441,-13522100784,3574257828,-175788888,-245101006,66369528,11029392,-9087016,1401951,140712,-38744,-10656,2958,152,-84,0,1 # cft deg6 r=0
19357649,-7387704,-44571288,25567504,104256924,-181479744,120553180,-14134008,-34459392,26527904,-7784184,-815664,2020542,-1083624,232368,85728,-76176,13104,7564,-4296,588,144,-48,0,1 # cft deg6 r=0
339443776,0,1781273088,0,2532887616,0,1753437952,0,716449776,0,189111552,0,34334176,0,4482432,0,429564,0,30112,0,1476,0,48,0,1 # cft deg6 r=0
118063600,-31289280,276783456,-127811328,289814016,-124346976,167531984,-64554240,63297396,-20459264,17068896,-4151904,3771104,-534528,751392,-36352,127104,432,16088,336,1344,24,60,0,1 # cft deg6 r=0
3362028289,0,16897290684,0,21429524898,0,12487817036,0,4289135727,0,968138616,0,144682972,0,15188088,0,1160559,0,65228,0,2466,0,60,0,1 # cft deg6 r=0
262144,0,0,0,2072002560,0,0,0,3327254784,0,0,0,57983744,0,0,0,368736,0,0,0,1008,0,0,0,1 # cft deg6 r=0
16384,0,0,0,258048,0,0,0,739584,0,0,0,715008,0,0,0,225696,0,0,0,1248,0,0,0,1 # cft deg6 r=0
1294245247201,0,1843176780180,0,1112364436062,0,357038375948,0,67594970751,0,8047990632,0,611936132,0,27006456,0,435615,0,-3388,0,798,0,60,0,1 # cft deg6 r=0
2262016,0,-17043456,0,493090560,0,452382208,0,33144336,0,-22777344,0,5028768,0,-329856,0,-12456,0,6656,0,-456,0,0,0,1 # cft deg6 r=0
1513832464,0,-7457077920,0,7947356376,0,-2937705992,0,139133121,0,145031976,0,-29888036,0,599784,0,440598,0,-60168,0,3492,0,-96,0,1 # cft deg6 r=20
1317904,0,-7705152,0,20375040,0,-27075968,0,9260520,0,538176,0,14329368,0,-1359792,0,-192087,0,17684,0,558,0,-60,0,1 # cft deg6 r=12
3330625,0,-8283900,0,8298234,0,-12553628,0,-10817889,0,-2030136,0,219020,0,109416,0,7647,0,-268,0,-198,0,-12,0,1 # cft deg6 r=8
289,0,-4200,1728,21090,-9792,-55816,23232,87327,-27328,-80016,12480,35324,5184,-3984,-2240,2175,-2880,-3208,-384,-30,0,24,0,1 # cft deg6 r=8
142515844,0,-6383701776,0,14664163944,0,-9740691472,0,3304405656,0,-713290032,0,110762448,0,-13046832,0,1157877,0,-73972,0,3198,0,-84,0,1 # cft deg6 r=8
473766336,-134093952,-3884035968,-8515719168,-8630466924,-3574311648,1069379636,1777290048,440566497,-238298672,-99658272,31847616,12017428,-6510192,-2045400,855424,302790,-63696,-28416,2688,1680,-48,-60,0,1 # cft deg6 r=8
1183744,0,-136587264,0,599089920,0,-904433280,0,535943952,0,-115956864,0,-532384,0,3076032,0,-270264,0,-5856,0,1656,0,-72,0,1 # cft deg6 r=20
-140910592,-745070592,-569063424,2420905984,3985132032,-2774178816,-12059784704,-11395995648,-2442038400,3229420544,2432179200,222994944,-390689536,-143110656,15003264,17032704,1467840,-909504,-170064,23184,6924,-232,-132,0,1 # cft deg6 r=16
1,0,-300,0,18282,0,-301548,0,1663455,0,-2086872,0,-151764,0,1078920,0,-244641,0,-6204,0,1962,0,36,0,1 # cft deg6 r=16
2553604,0,-65266608,0,453031608,0,-1081020016,0,1140952704,0,-550018368,0,110472728,0,-11415264,0,824925,0,-54580,0,2838,0,-84,0,1 # cft deg6 r=16
2018884624,0,-4224964032,0,-2662573248,0,4019697728,0,468715368,0,-855974112,0,223216296,0,-25635360,0,1370601,0,-22988,0,-354,0,-12,0,1 # cft deg6 r=16
29986576,0,38112960,0,-85959360,0,-89939008,0,27517080,0,24258240,0,-2338472,0,-579936,0,51129,0,4692,0,-402,0,-12,0,1 # cft deg6 r=8
767954944,0,-1190565888,0,604886784,0,-146861184,0,45933840,0,-15832320,0,4143008,0,-529152,0,78792,0,-7680,0,360,0,-24,0,1 # cft deg6 r=8
1214661904,0,-1424706048,0,-1825220424,0,-392974016,0,104583633,0,36781704,0,-1814796,0,-1256472,0,62562,0,9128,0,-396,0,-24,0,1 # cft deg6 r=8
215854864,0,-1020766272,0,456663096,0,77344144,0,3375585,0,-12651336,0,-2586892,0,-498408,0,-85290,0,-4664,0,156,0,24,0,1 # cft deg6 r=8
11999296,0,-28469760,0,39997920,0,-31324160,0,14754564,0,-3264768,0,-201680,0,-155136,0,-18684,0,-2048,0,-96,0,0,0,1 # cft deg6 r=4
65536,0,-49152,0,-1944576,0,-9687552,0,-21827520,0,-14518272,0,-4134144,0,-473088,0,18672,0,11520,0,1680,0,72,0,1 # cft deg6 r=4
4096,0,98304,0,116736,0,-442368,0,483072,0,49152,0,-186624,0,-9216,0,11760,0,-384,0,-312,0,0,0,1 # cft deg6 r=4
305809,0,22675044,0,-34319838,0,-17484524,0,1473807,0,24266568,0,12294300,0,3001800,0,106047,0,1364,0,354,0,36,0,1 # cft deg6 r=4
9048064,0,26523648,0,21120768,0,65152,0,-6502128,0,-2849664,0,-174240,0,247872,0,99528,0,17888,0,1656,0,72,0,1 # cft deg6 r=4
264810529,0,-68360772,0,-170385486,0,-155537556,0,-20130513,0,7784568,0,1320252,0,-246600,0,-37233,0,4044,0,306,0,-36,0,1 # cft deg6 r=4
153664,0,43201536,0,250878432,0,-90068864,0,-58847868,0,8687232,0,3791760,0,330912,0,71748,0,7552,0,528,0,48,0,1 # cft deg6 r=4
65536,0,-2482176,0,-9396480,0,-11451040,0,-5113023,0,-626424,0,-190268,0,-32568,0,40134,0,-1608,0,-444,0,24,0,1 # cft deg6 r=4
-15011759,45884160,-28589400,11880608,-68161182,41728224,16684840,33576000,-14208705,-5598784,-14513328,-6942336,-3189060,-1994880,-24816,-320064,105135,-43200,17544,-4128,1698,-96,72,0,1 # cft deg6 r=4
-348719344,-821252736,-446967552,501755136,1195273536,1039406592,-400057408,-1316317440,-379236600,518193344,294070944,-67323456,-73818136,-2580960,8788656,1781056,-385239,-218280,-6648,10656,1638,-184,-72,0,1 # cft deg6 r=4
9684017,46924752,98167272,128577536,120478794,86863536,52560104,21251136,6384015,-3930144,-2749296,-3984576,-866868,-1038048,79824,-111424,86943,1104,18056,960,1674,48,72,0,1 # cft deg6 r=4
1256844304,0,-10710505920,0,13862988096,0,-8479494976,0,3085325592,0,-735737088,0,121125144,0,-14223360,0,1214025,0,-74996,0,3198,0,-84,0,1 # cft deg6 r=4
659629854976,0,-217345585152,0,1598640384,0,7124357376,0,-1224681120,0,61013184,0,11933168,0,-2289360,0,186321,0,-5436,0,198,0,-12,0,1 # cft deg6 r=4
-658576,-833568,13274688,-18224144,-41035884,179865696,-254987080,140675472,90669108,-184805568,98274720,33332880,-53744564,15817824,11111016,-5702576,-1025592,708072,32416,-41412,789,1144,-66,-12,1 # cft deg6 r=16
4804864,0,-28975104,0,92707200,0,-173255168,0,172958352,0,-94900224,0,30968736,0,-6472704,0,881256,0,-74752,0,3696,0,-96,0,1 # cft deg6 r=12
1100401,0,-16900116,0,37376874,0,-40981236,0,51754011,0,-55758504,0,19694508,0,-2711976,0,309243,0,-36276,0,2562,0,-84,0,1 # cft deg6 r=12
5415763968,-7191724032,-66983721984,-62416579584,45948270720,71335233024,-8819309312,-34985382912,-1525054080,10140892672,1025592960,-1949165568,-210161312,259701504,22177536,-24036288,-1160304,1498080,11464,-58968,1737,1300,-78,-12,1 # cft deg6 r=12
937024,0,-760569216,0,4417868640,0,-579582560,0,-554285436,0,73615680,0,8593360,0,-2718144,0,288324,0,-25536,0,1872,0,-72,0,1 # cft deg6 r=12
256,0,-384,0,-368784,0,4556984,0,20487729,0,17538792,0,-4043484,0,-253896,0,73938,0,904,0,-468,0,0,0,1 # cft deg6 r=12
717409,0,-26680500,0,-56636286,0,-32194084,0,1338927,0,5125272,0,1557148,0,224280,0,591,0,-5604,0,-510,0,12,0,1 # cft deg6 r=8
15745024,0,-932880384,0,2944699392,0,1541834240,0,-224588736,0,-45843456,0,14236032,0,-2597760,0,395472,0,-39680,0,2304,0,-72,0,1 # cft deg6 r=8
2094015600,472505760,-11313152928,18614940144,-11501495052,-3371077536,8723557240,-4540292592,-260264076,1383690304,-618324672,-582768,106838380,-40240896,-106200,4599696,-1268184,-66312,102664,-14916,-2451,808,-18,-12,1 # cft deg6 r=8
322624,0,-7726848,0,-12402720,0,922944,0,11360388,0,-1089792,0,-1141968,0,-789696,0,474564,0,-70848,0,1824,0,-48,0,1 # cft deg6 r=8
2652559009,0,1586928732,0,487533786,0,-26458052,0,-34787013,0,-10965000,0,-325748,0,30648,0,37611,0,636,0,114,0,-36,0,1 # cft deg6 r=8
2499100081,0,-7927524252,0,8401619922,0,-4429013452,0,1416110031,0,-317310648,0,52417980,0,-6472440,0,602463,0,-41132,0,1938,0,-60,0,1 # cft deg6 r=8
160000,0,-5644800,0,21959904,0,250620000,0,298484241,0,-238154184,0,56153276,0,-6404616,0,552882,0,-39432,0,2148,0,-72,0,1 # cft deg6 r=8
648761600,-1075219200,204946368,610392768,-277831536,-326039040,334038368,43440576,-257047632,176793856,-27175968,-33337248,23837704,-4842816,-1954704,1462016,-254544,-79056,43836,-4020,-1935,496,6,-12,1 # cft deg6 r=4
187087684,0,167384784,0,-54465768,0,-46368656,0,3753024,0,1904352,0,-27928,0,-56784,0,-12723,0,-868,0,54,0,12,0,1 # cft deg6 r=4
1317904,0,197568,0,-4531464,0,-1480944,0,370017,0,-17352,0,-106572,0,-27240,0,-3114,0,72,0,156,0,24,0,1 # cft deg6 r=4
25921,0,21803628,0,36375066,0,9715084,0,-10171269,0,-5871432,0,-1000884,0,-47304,0,1035,0,428,0,114,0,12,0,1 # cft deg6 r=4
2262016,0,-3678720,0,-6356544,0,21229472,0,-21020412,0,-1434336,0,1561984,0,-1626528,0,79740,0,1008,0,-1296,0,-24,0,1 # cft deg6 r=4
31382404,0,-14976624,0,-55478856,0,-12297328,0,-5285376,0,4111008,0,-1353896,0,-3202080,0,-738435,0,-56052,0,-1482,0,12,0,1 # cft deg6 r=4
104690425,209650560,-166826016,-527691856,-118180902,276560304,251683792,-43046400,-98263701,-28418272,23347008,9016704,-1589844,-1363296,-397152,239424,43971,-11424,-4128,-1008,786,48,-48,0,1 # cft deg6 r=4
20736,0,-10948608,0,-13969152,0,14586624,0,-2634912,0,-2177472,0,1143664,0,-561264,0,71601,0,908,0,-186,0,-36,0,1 # cft deg6 r=4
8515737,-22135968,5484240,3279120,37618170,-26994768,-9954688,-17251200,18699051,395936,571872,-1684608,-622868,805920,-137088,21056,-14493,-3456,5520,-720,-78,48,0,0,1 # cft deg6 r=4
258064,0,-2049216,0,4061760,0,-3052736,0,1309848,0,-1020480,0,875224,0,-414816,0,108777,0,-16724,0,1566,0,-84,0,1 # cft deg6 r=12
24010000,0,-102076800,0,133797048,0,-33115616,0,-41493231,0,24307560,0,-7012172,0,1357512,0,-168798,0,11656,0,-204,0,-24,0,1 # cft deg6 r=12
-8192,282624,554496,-12200448,49401792,-105861888,138623616,-106909440,25990080,42436864,-57000576,33051264,-7193904,-2265984,1439616,393920,-527808,93504,40568,-12312,-1719,820,-30,-12,1 # cft deg6 r=12
268435456,0,-1156055040,0,1898203392,0,-1681275776,0,920552976,0,-332742912,0,81876320,0,-13819968,0,1579416,0,-117568,0,5256,0,-120,0,1 # cft deg6 r=12
51569216,361076928,-53890320,-1636161712,-1120995612,1487998272,1656483096,886210416,-310364316,-358699040,-86769168,25045680,29327868,7778208,-988632,-1142608,-231108,28512,23436,3924,-855,-352,6,12,1 # cft deg6 r=8
11999296,0,-404978688,0,928134624,0,-986262656,0,581593860,0,-214046784,0,52833840,0,-8977536,0,1041156,0,-79520,0,3744,0,-96,0,1 # cft deg6 r=8
141376,0,-11399424,0,-42094080,0,-38529536,0,4535568,0,9206016,0,-1054096,0,-550752,0,168993,0,-21692,0,1542,0,-60,0,1 # cft deg6 r=8
937024,0,-13799808,0,-224915616,0,215097504,0,50606340,0,-10838208,0,143344,0,220704,0,-40572,0,640,0,288,0,-24,0,1 # cft deg6 r=8
-614144,4943616,-25163328,95009088,-201628752,-251495328,1221530096,2084748288,1005057924,-848712320,-823629600,120559872,242982400,-6202944,-38736144,-90112,3669780,20928,-211136,-720,7188,8,-132,0,1 # cft deg6 r=8
63504,0,1270080,0,-40872384,0,214140096,0,48020760,0,-14571072,0,-2040232,0,520512,0,46473,0,-5524,0,-450,0,12,0,1 # cft deg6 r=8
4096,0,-854016,0,550656,0,-4016512,0,-10654704,0,-462720,0,-521696,0,-288768,0,219288,0,-31392,0,984,0,24,0,1 # cft deg6 r=8
71652047041,0,-125988587124,0,77962213842,0,-28049428100,0,6862918767,0,-1226909544,0,166123900,0,-17244456,0,1363119,0,-79908,0,3282,0,-84,0,1 # cft deg6 r=8
178929,0,-1099980,0,-54323190,0,69276852,0,-74472741,0,24356424,0,-64084,0,-601080,0,18747,0,6836,0,-414,0,-12,0,1 # cft deg6 r=8
3906625009,0,-3678572100,0,968429490,0,-33557780,0,22992591,0,-13179144,0,-906244,0,819768,0,-86241,0,4684,0,114,0,-36,0,1 # cft deg6 r=8
40094224,0,161543136,0,171173400,0,18010648,0,-41936271,0,-9708264,0,2559572,0,498792,0,-57342,0,-3176,0,756,0,-48,0,1 # cft deg6 r=8
21464689,0,-61303740,0,-146760510,0,1073017604,0,-185718549,0,-21610872,0,-5145620,0,1462536,0,181419,0,-23580,0,-918,0,36,0,1 # cft deg6 r=8
83521,0,703476,0,-9897918,0,-75699932,0,-80393361,0,-26461464,0,-242532,0,1168104,0,160815,0,1316,0,-702,0,-12,0,1 # cft deg6 r=8
327754816,0,-15581393664,0,9576116736,0,90068224,0,3819024,0,50851392,0,3131504,0,-65472,0,42705,0,1844,0,-426,0,-12,0,1 # cft deg6 r=8
275759236,0,-1057926384,0,642856680,0,326035344,0,-236240232,0,2489040,0,3018064,0,111312,0,-19851,0,1732,0,414,0,36,0,1 # cft deg6 r=8
52301824,0,-1322330112,0,3414442752,0,-2667464320,0,1077591312,0,-274651776,0,50294112,0,-6769728,0,655560,0,-46432,0,2232,0,-72,0,1 # cft deg6 r=8
268435456,0,-2956984320,0,944259072,0,-37052416,0,119964672,0,-25620480,0,2898944,0,-619008,0,37824,0,-5248,0,144,0,-24,0,1 # cft deg6 r=8
23435281,0,52496244,0,42511074,0,15735588,0,3409167,0,532968,0,-59876,0,-44568,0,-11073,0,-2140,0,-222,0,-12,0,1 # cft deg6 r=4
1048576,0,35782656,0,-32968704,0,1271296,0,-18178800,0,3770112,0,-808416,0,365760,0,95688,0,1280,0,120,0,48,0,1 # cft deg6 r=4
7840000,0,174988800,0,394219392,0,350194560,0,188981904,0,54394368,0,5253664,0,-233280,0,-88344,0,-5984,0,48,0,24,0,1 # cft deg6 r=4
226576,0,780864,0,-22344,0,-908496,0,173985,0,606408,0,-75708,0,-143640,0,-5898,0,2808,0,-276,0,-24,0,1 # cft deg6 r=4
485809,0,-3732492,0,-39508638,0,-60727884,0,-32378901,0,-4614072,0,740716,0,44808,0,-26133,0,1268,0,-54,0,-12,0,1 # cft deg6 r=4
261002816,-323787264,967934784,-5491223936,13418103504,-15903283008,9790147488,-2806485696,-149377968,420202880,-55668960,-68326464,25605576,2031840,-4451568,1107232,120996,-105216,18516,4104,-1587,172,42,-12,1 # cft deg6 r=4
295936,0,52697088,0,-136075776,0,146097664,0,-71080128,0,10985472,0,2835584,0,-789504,0,35328,0,-608,0,24,0,-24,0,1 # cft deg6 r=4
1275632656,0,-3053720832,0,2966023224,0,-1498339648,0,423173505,0,-67825512,0,5584804,0,156120,0,-126954,0,13032,0,12,0,-24,0,1 # cft deg6 r=4
633616,0,11737536,0,5621304,0,-63088368,0,39382689,0,-7589064,0,1134260,0,-342120,0,-8682,0,10056,0,732,0,24,0,1 # cft deg6 r=4
233967616,0,-329816064,0,214374144,0,-93852800,0,-6079728,0,10506624,0,-1037216,0,-278592,0,-1464,0,4000,0,312,0,24,0,1 # cft deg6 r=4
906304,0,-21262080,0,-124291104,0,104842944,0,14965572,0,-16798944,0,-502656,0,1685088,0,442380,0,52272,0,3240,0,96,0,1 # cft deg6 r=4
2698805504,2878123776,7243550016,25209434048,31581279792,12254285088,-9104756720,-11484254976,-3135579516,1592372288,1206122976,133489152,-83942208,-18308352,365712,-1571712,-357612,185376,32608,-5616,276,56,-60,0,1 # cft deg6 r=4
122500624,0,271900320,0,615226776,0,302341384,0,-14116047,0,-27514680,0,-3430476,0,-319176,0,-47358,0,200,0,660,0,48,0,1 # cft deg6 r=4
128890609,0,1061053164,0,2116891698,0,1300349276,0,16218063,0,-154090920,0,-10948868,0,2410392,0,79647,0,-9796,0,-270,0,12,0,1 # cft deg6 r=4
1183744,0,-26449920,0,141036288,0,398702208,0,80043024,0,19656960,0,-2386976,0,-898752,0,-113256,0,-2752,0,1032,0,72,0,1 # cft deg6 r=4
31091776,0,274718208,0,473150688,0,325476352,0,94778244,0,4008192,0,-4387184,0,-1111968,0,-99516,0,448,0,720,0,48,0,1 # cft deg6 r=4
124188736,0,-1937445888,0,-1826827296,0,-215130240,0,-7102716,0,-4800,0,1322384,0,-224544,0,88068,0,-12960,0,912,0,-48,0,1 # cft deg6 r=4
913936,0,28116672,0,193504128,0,284012160,0,127318680,0,14480544,0,-4772408,0,-1572816,0,-147639,0,1132,0,1038,0,60,0,1 # cft deg6 r=4
64,0,324864,0,7529184,0,-27210304,0,-32715324,0,-13525728,0,-3507136,0,-758112,0,-108852,0,-13648,0,-888,0,0,0,1 # cft deg6 r=4
5424241,0,-56517396,0,-162508158,0,-173497556,0,-95466645,0,-29878440,0,-5691220,0,-787752,0,-105045,0,-11444,0,-534,0,12,0,1 # cft deg6 r=4
446730496,0,-6092505600,0,22606478208,0,-10603496576,0,2525365392,0,-411730176,0,44581984,0,-3926016,0,246552,0,-15840,0,912,0,-24,0,1 # cft deg6 r=4
2458624,0,-22886277120,0,-4772791296,0,688870400,0,-181020864,0,-14166144,0,6747680,0,-1393440,0,188913,0,-17404,0,1302,0,-60,0,1 # cft deg6 r=4
4624,0,5788224,0,23184192,0,39997120,0,40460184,0,26976000,0,12141336,0,3563904,0,645705,0,68684,0,3966,0,108,0,1 # cft deg6 r=0
6959044,0,1460976432,0,210859080,0,-480840624,0,126942168,0,-16671792,0,1871680,0,-129984,0,9093,0,604,0,-162,0,12,0,1 # cft deg6 r=0
21458734144,0,10887955968,0,64295136,0,206779008,0,69942084,0,-21425952,0,4759744,0,-790368,0,104460,0,-9328,0,840,0,-48,0,1 # cft deg6 r=0
141514816,0,731498496,0,1215408096,0,1138565248,0,693933444,0,275497920,0,70696368,0,11803008,0,1286724,0,90464,0,3936,0,96,0,1 # cft deg6 r=0
78127921,0,175688004,0,104696826,0,38741156,0,14177727,0,1749000,0,-305588,0,-19416,0,4431,0,372,0,-6,0,-12,0,1 # cft deg6 r=0
65536,0,5517312,0,22662720,0,31534368,0,16400772,0,2920224,0,-43104,0,-11328,0,21756,0,5232,0,384,0,24,0,1 # cft deg6 r=0
1871773696,0,1594884096,0,-118947840,0,3014656,0,11200512,0,4988928,0,1434112,0,147456,0,33168,0,1920,0,408,0,0,0,1 # cft deg6 r=0
42823936,0,168115200,0,91300224,0,-12410624,0,-5825904,0,9268608,0,5553440,0,1382016,0,197784,0,18272,0,1152,0,48,0,1 # cft deg6 r=0
15186609,0,584382276,0,-56418174,0,-103521852,0,97717419,0,68641608,0,15881132,0,1320648,0,-51669,0,-12380,0,-150,0,36,0,1 # cft deg6 r=0
419904,0,16236288,0,33568992,0,34426944,0,23217732,0,10935648,0,3620960,0,840576,0,135372,0,14864,0,1080,0,48,0,1 # cft deg6 r=0
18939904,0,80959488,0,112448400,0,86487576,0,52194417,0,26649960,0,9591876,0,2105304,0,202194,0,-9528,0,876,0,0,0,1 # cft deg6 r=0
4096,0,350208,0,3100416,0,8582272,0,7409424,0,3301632,0,1020064,0,198912,0,33096,0,3328,0,168,0,24,0,1 # cft deg6 r=0
1721344,0,26267136,0,136058304,0,297355168,0,263419908,0,100090848,0,18488448,0,2354592,0,322812,0,34448,0,2160,0,72,0,1 # cft deg6 r=0
103388224,0,1053436416,0,469382880,0,25688064,0,13727748,0,1851840,0,-750928,0,207744,0,-28284,0,2784,0,-96,0,0,0,1 # cft deg6 r=0
1048576,0,34996224,0,148377600,0,209016832,0,140312832,0,49155072,0,8470784,0,483840,0,-8160,0,7360,0,1440,0,72,0,1 # cft deg6 r=0
58003456,0,225265152,0,334654992,0,270381976,0,138158865,0,48696792,0,12454556,0,2340648,0,312498,0,27352,0,1428,0,48,0,1 # cft deg6 r=0
430336,0,3586944,0,7239024,0,3221992,0,-592479,0,775320,0,363012,0,121320,0,28134,0,3944,0,276,0,48,0,1 # cft deg6 r=0
921668881,0,-637544292,0,-162001350,0,155840668,0,-1071873,0,-5459976,0,639564,0,52632,0,-4305,0,1964,0,186,0,12,0,1 # cft deg6 r=0
1436713216,0,-1224193536,0,308584416,0,-66131552,0,30514833,0,-3629880,0,-49636,0,158952,0,-24846,0,1480,0,132,0,-24,0,1 # cft deg6 r=0
63888049,0,1022460636,0,-644502582,0,126879196,0,-2309157,0,-3921384,0,2108780,0,-638760,0,106491,0,-10724,0,738,0,-36,0,1 # cft deg6 r=0
3211264,0,602112,0,-36288,0,3278944,0,-611388,0,-340224,0,217040,0,7392,0,-3468,0,-640,0,24,0,24,0,1 # cft deg6 r=0
22044224,-30554112,68396064,-60520320,83647380,-60064128,64477916,-36658176,32879649,-15532928,12142608,-4501248,3441980,-976320,690888,-179520,99846,-21696,12848,-960,1272,0,60,0,1 # cft deg6 r=0
6623168,26017152,52068096,72410368,85723668,80818848,58066164,23609664,-615951,-9630736,-7083216,-2349024,192244,513744,225528,36544,726,336,1648,480,-48,-48,-12,0,1 # cft deg6 r=0
9048064,0,4030464,0,-45411456,0,-6664832,0,100135761,0,81289848,0,26419356,0,3994104,0,325170,0,20408,0,996,0,24,0,1 # cft deg6 r=0
71115489,0,389914884,0,838978938,0,899584164,0,507938427,0,149904168,0,22684684,0,2017704,0,232683,0,27716,0,1362,0,36,0,1 # cft deg6 r=0
415222129,0,1979121564,0,1168423746,0,-56375524,0,-25543893,0,10999128,0,-1125908,0,-56040,0,41835,0,-6756,0,618,0,-36,0,1 # cft deg6 r=0
1803649,0,63808116,0,466431354,0,672366484,0,-216232773,0,-14912472,0,8584268,0,-354456,0,-68853,0,4948,0,18,0,-12,0,1 # cft deg6 r=0
349984,3192384,8506848,341728,-22731600,-6751632,31494232,17776440,-5293314,-5530656,592260,10694124,8639637,2344020,-192558,-411184,-61011,-2520,-3304,2028,1023,-76,-54,0,1 # cft deg6 r=8
53211008,418432896,1461603696,2702618288,2589071460,875547984,-555237128,-653393592,-196178334,73406384,84842280,16366356,-12146207,-6479412,473226,978416,99981,-83448,-17132,4116,1347,-100,-54,0,1 # cft deg6 r=4
-6789256,-13319688,10126578,19413460,8411577,-32832744,-4297322,57906024,-52954881,11366648,12297618,-14865108,8580603,-3558600,530574,184392,-115593,46608,-5054,-3924,1149,96,-54,0,1 # cft deg6 r=8
-1133192,-23507352,95142738,-143116812,142016913,-127659528,99832646,-36923184,-21020373,30955536,-11877342,-2062404,3318019,-999312,-5898,123480,-62085,14376,3810,-2988,357,96,-54,0,1 # cft deg6 r=8
146102848,289434624,-709364832,-480768,1032024336,-1074603264,-6904064,868028736,-620551776,-21983616,231948264,-90063168,-23428612,24705360,-2361192,-2896608,770268,167160,-77738,-4392,3975,36,-102,0,1 # cft deg6 r=16
-14336,-774144,16149504,20537344,4619904,-59507712,-61666112,-23159232,32169144,48494336,42122208,20227488,2523820,-3719088,-2674632,-607488,166638,144624,32048,-2184,-2595,-428,18,12,1 # cft deg6 r=8
-35271172,270987600,-874383216,1409816512,-744955818,-1512608784,4025629128,-4878596040,3608786787,-1504258408,53726712,353343600,-210254718,34906896,18419220,-10121384,598368,704712,-136320,-20160,6504,208,-132,0,1 # cft deg6 r=8
-272,9696,-37032,-231656,-444009,-435804,-223950,-67956,-86205,-125848,-70116,6648,25749,8052,-3354,-1252,1383,24,-1140,-672,-57,100,54,12,1 # cft deg6 r=8
-82217,-101760,-475368,2277560,-818922,2023752,-2632188,823560,111516,2090496,-1729068,-1272240,267736,886872,-70944,-349584,40050,80568,-14848,-10128,2904,184,-96,0,1 # cft deg6 r=4
-168705532,-330568992,-3587708256,-5329615168,-1732198284,1674272592,1397396800,110633856,-218941467,-77073568,8300688,16194960,2044018,-3131040,-853908,166304,108399,35856,-908,-3504,-186,-16,-36,0,1 # cft deg6 r=4
48239569,-392272440,299689488,513815792,-744540804,83422416,412804292,-247332360,-62448096,113353168,-24036000,-20533008,11697118,214104,-1718760,347872,91152,-35328,-1484,1032,204,0,-24,0,1 # cft deg6 r=8
-141189039,336272184,1357139520,-1587522240,173966280,1121418624,-338801252,-147768312,174848472,-1139952,-30934944,4886880,3896658,-1004136,-607824,141312,80136,-19104,-8220,1608,792,-48,-48,0,1 # cft deg6 r=8
-33190400,37847040,114095616,57451008,4859904,-57871872,-108306624,-126479040,-107218680,-65536000,-37150512,-13367328,-2527060,1035888,1335912,583520,221490,51600,16796,5880,1833,508,90,12,1 # cft deg6 r=8
966028561,0,-332510844,0,-2320577358,0,-1827391724,0,-587948145,0,-65880696,0,6477948,0,2175432,0,187455,0,8180,0,498,0,36,0,1 # cft deg6 r=4
-58448840292,-254974600368,-492782266296,-564713131152,-421435906392,-189091442760,-13212391108,51126173424,43810558011,20963670360,5715431832,-371594736,-1067169984,-336757608,18771192,31691752,3685881,-1265664,-275248,24816,8802,-200,-144,0,1 # cft deg6 r=8
323761,0,144288,0,-384768,0,-467372,0,77568,0,182688,0,87282,0,13440,0,-5568,0,-2164,0,-192,0,0,0,1 # cft deg6 r=8
-32003968,-61292544,101405184,280109568,-33447360,-447332736,-191143776,275121120,245188260,-14582880,-92555640,-41066448,-5580954,-155064,49824,504688,324003,65640,7096,5304,1314,-232,-84,0,1 # cft deg6 r=4
159512205793,-311445714600,188751564288,39652862032,-116619355284,61127953536,-22866050420,7502832264,-2240127312,-165899440,255975936,-46254096,-9578930,-249144,1921080,-194080,-32832,-7728,18460,-2088,252,64,24,0,1 # cft deg6 r=4
12544,0,-75264,0,-25536,0,146112,0,-90492,0,46896,0,-16444,0,-2688,0,1149,0,-156,0,66,0,-12,0,1 # cft deg6 r=8
-785468,-18367488,-9181200,9501744,78787884,-110949648,85727920,-57707400,26307477,-4261944,-1256988,896784,-315154,-586776,408192,-34128,6075,-3960,-4520,456,546,0,-36,0,1 # cft deg6 r=4
-348014592,627867648,-240887808,210647040,-50230272,254702592,13462784,159515904,13927392,63496320,12301248,8978112,7820832,-816384,2054640,-326048,230625,-6480,3236,4224,-606,208,12,0,1 # cft deg6 r=4
38097555121,-89831749992,-90848439720,14999139984,56875942260,31264468800,4551166772,-2704113288,-1784292792,-354506112,66649776,59737584,6303934,-4860696,-1395696,351840,213816,2256,-14636,-2712,612,176,24,0,1 # cft deg6 r=4
266448608,-1029153024,1584105216,-1241955584,681671280,-386006016,183708136,-48502728,27444993,-34613864,17986908,-2915952,232754,-487752,239712,-97408,54135,-13272,-1104,936,-42,0,-12,0,1 # cft deg6 r=0
43895399,-11112312,112715736,-119225400,89381706,-120986160,95679636,-53985768,50197548,-32616096,12695724,-7979904,5508132,-1607328,485952,-440224,184170,-38544,20152,-10368,1740,184,-72,0,1 # cft deg6 r=0
16,0,192,0,1152,0,7744,0,31272,0,53280,0,59064,0,25344,0,10137,0,1868,0,126,0,12,0,1 # cft deg6 r=0
723850948,1345672320,1217322912,136186064,145859124,-540480720,-42496048,-24517896,143923929,92278936,62346384,23068968,10440688,2573544,1072536,207688,77490,9192,4528,-312,300,-24,24,0,1 # cft deg6 r=0
251938,-466776,847368,-1285088,1783359,-2091660,2192090,-2011548,1655529,-1204352,802164,-495936,289761,-154740,76566,-35964,17253,-8712,4700,-2424,1047,-340,78,-12,1 # cft deg6 r=0
193531168,-497501568,-285595968,1354546368,368087724,-1325147856,-568910244,546298728,450448401,-86751272,-179466312,-7502664,39329868,8247048,-6022896,-2121640,856422,225768,-86392,-9528,4464,136,-108,0,1 # cft deg6 r=12
438598656,-626245632,1026367488,-1572526080,1078005504,1102740480,-2030806528,21316608,1173282576,-239620608,-359676864,100188288,67667136,-20666112,-8325984,2451968,706488,-168192,-43792,5856,2112,-64,-72,0,1 # cft deg6 r=8
-23340032,-88031232,-6693888,513807360,420427776,-239520768,-573311872,-493256064,423207120,398321664,-109546848,-185906496,35984792,41411040,-7933152,-5226696,1016769,360696,-32836,-37512,6714,504,-156,0,1 # cft deg6 r=8
11664256,53729280,59495424,-115855872,-275927232,-110904576,122411552,68877792,-12109788,17913024,23180784,5863344,11138204,2894592,2444472,618048,270189,69888,14924,5808,474,192,36,0,1 # cft deg6 r=4
48363713,49863648,23908764,66500704,63757500,-127083912,-121245784,103441320,110145300,-49806448,-56464776,16894800,19897626,-3826176,-4603140,630704,715572,-52536,-65192,2856,3636,-32,-96,0,1 # cft deg6 r=4
1795289152,-5872123392,2718222336,7078452736,-6324898752,-2466064128,4111903488,-224094720,-1246592016,364941568,181027584,-103289856,-7287328,14405760,-1371648,-1147264,229884,61344,-18240,-2784,1092,80,-48,0,1 # cft deg6 r=12
40518208,87330048,-231699648,-343519232,634595184,453968064,-1038864032,-227165280,1008822648,31408960,-553626000,-5409408,163033110,1438800,-27386028,-161520,2745111,7416,-167088,-120,6054,0,-120,0,1 # cft deg6 r=12
55999456,53766912,-307190496,54359904,553988604,-401496000,-356838324,487804056,2014017,-227949352,80166636,35377464,-26957944,2539896,2802060,-1157368,-25410,115272,-17788,-4152,1788,40,-72,0,1 # cft deg6 r=12
-51990844,-267652128,-273434112,150810288,6476772,301035840,-120575456,24279624,-22600647,-7562232,8969616,-9030168,-147116,2448072,-263088,-248680,115530,29688,-12752,-888,1152,24,-48,0,1 # cft deg6 r=8
15542848,-8236032,-603727488,1420224128,317804832,-4376350656,4419834048,-1253245344,-533062452,667723248,-185972376,-72790608,30100944,5489688,-2165940,-529792,281085,40920,-36000,-2544,2694,32,-84,0,1 # cft deg6 r=8
539186,-6064728,23723436,-96197248,177155133,-88491948,-54357750,7629228,49296861,5849360,-21163152,-1599360,4585622,667224,-1340892,-756024,9024,130824,39172,-960,-2595,-428,18,12,1 # cft deg6 r=8
21572,-379392,362112,1040192,-7981836,8002560,13273856,-30322176,16878405,31316608,-16557432,-23786448,14066522,5223744,-2178348,-1849312,560535,189504,-40868,-21456,5310,304,-132,0,1 # cft deg6 r=8
3107774,143491128,173450568,-15179808,75759561,28290204,-48505710,-88685076,15549669,-38255088,-12960456,3165696,-2214210,259944,1014804,430088,225516,99576,32800,9696,2409,508,90,12,1 # cft deg6 r=4
-1117372,-2182272,-3722160,-3536768,-5122356,-2167728,1745816,6201072,6695877,5455528,2017104,-2357448,-4203926,-2386944,149676,756552,208239,-75072,-36804,2904,2622,-40,-84,0,1 # cft deg6 r=8
-49704704,-286239744,-941982720,-1824536064,-2013945216,-1036850688,179488640,594950016,314572656,4332672,-78339168,-39017184,-5010296,5007984,3408168,543168,-298671,-197952,-35684,11232,4986,16,-132,0,1 # cft deg6 r=4
92,-720,3612,-10128,19707,-3132,13570,29172,22899,50576,59448,48864,49737,41844,21270,9212,1983,-3816,-4264,-1872,-309,76,54,12,1 # cft deg6 r=4
681215300,-1581676320,1941760896,-1773152976,1226079876,-846048864,541203376,-330388920,181802697,-90323208,44929320,-18601752,7381924,-2465160,772728,-222184,33402,-10296,-872,-120,-48,72,24,0,1 # cft deg6 r=4
2824971328,690938112,4975762944,-5864049792,4416855840,-3547164480,1760235328,-735808608,196083828,27347136,99777744,-72457920,-46633508,45314208,-2873232,-6996840,2451933,-290424,61924,-30792,4470,456,-132,0,1 # cft deg6 r=0
79838656,-349019136,853624704,-1350918912,1522845072,-1221614400,679570608,-207916464,-20540319,66373592,-36545904,9542376,1911686,-2352960,953460,-44008,-86733,44880,-2212,-2328,1098,40,-60,0,1 # cft deg6 r=0
1989873664,0,3844939776,0,2807267328,0,900852736,0,73763712,0,-26479488,0,-5719808,0,124176,0,147201,0,18228,0,390,0,36,0,1 # cft deg6 r=0
422961361,-1535302320,2636892636,-2038537024,528090672,575699880,-77226240,-383400600,341749068,33458112,-67878552,-13059072,26027814,561696,-3346332,-620416,506220,62280,-47064,-2280,2472,32,-72,0,1 # cft deg6 r=0
24718,31008,63324,496344,1622499,3232188,4762298,5618868,5505489,4570416,3228720,1904520,887053,276948,7926,-59556,-46467,-20544,-4952,216,723,316,78,12,1 # cft deg6 r=0
215584612088,-598598650176,906415603752,-872710330464,465585693126,18385656600,-241206979820,182623436112,-51689040309,-11085368512,13119714972,-2857539192,-793581214,496168536,-30340440,-33258176,6732228,1064880,-401148,-14232,12192,64,-180,0,1 # cft deg6 r=4
-167501296,-129196032,-290708112,-715501056,-744449316,-827013888,-719525836,-406119744,-225585807,-47605344,4731432,17366400,10871568,2205984,-122520,-499520,-119346,7392,4712,2304,612,-160,-60,0,1 # cft deg6 r=4
-130897952,551621184,2713071696,-23829211952,68497739778,-101300240568,87689010792,-53592349200,27674858073,-6521006688,-5203146192,3950475192,-159979377,-528793404,103123110,29765500,-9954270,-372528,410316,-31008,-6657,1228,-6,-12,1 # cft deg6 r=12
8863001,-54455772,111844362,-62856680,-37682361,-20300880,91291230,-10770348,-26447721,-13747736,970212,4922544,4155122,526320,-942348,43704,-353697,98292,-37934,7992,855,-160,78,-12,1 # cft deg6 r=4
1298401058753,-5480430396000,9940378899540,-10440074207168,7282961085075,-3659812925652,1398448190874,-425850670908,108926217318,-25075189240,5880356784,-1627225656,499691727,-132073788,23944470,-2562212,378462,-202536,65568,-9192,123,28,42,-12,1 # cft deg6 r=0
6777222857,-12139018548,15799096926,-5301080360,-3275760255,9537611904,-7083652438,2950284708,33225978,-963026364,677581038,-306283584,79564429,-5498880,-5863650,3773852,-1183938,260316,-29646,-3072,2109,-616,102,-12,1 # cft deg6 r=8
-657654016,-6733218816,-22855708416,-37168192256,-31498475136,-9665644416,8013647968,10695180576,3976827108,-1915761728,-3028089096,-1557001104,-249689024,174192720,135782760,41527936,4107513,-899448,-177506,39048,10719,-152,-162,0,1 # cft deg6 r=8
-11397552217,-7391664972,118181882172,-140222788840,-31329474543,112522011852,-22765187154,-34417320876,14161967259,4325347128,-3119265960,48998112,275825294,-65790216,5468316,3598072,-2659827,414036,126316,-42936,753,892,-42,-12,1 # cft deg6 r=12
2397745008,4133596608,-2241392400,-6546771840,-936157434,4277538216,2123994304,-1286933208,-1248975519,50846316,369812070,88187124,-54829715,-29016228,1892418,4072872,513618,-278556,-70790,8964,3837,-108,-102,0,1 # cft deg6 r=8
25960625,-888757500,1971586500,-1002177500,-1634663925,1120447800,1005080450,-274840440,-251625342,-1454292,17775624,5222676,2390979,769368,-453654,-297824,4314,22308,3932,588,-381,-96,6,0,1 # cft deg6 r=4
1393801732,1139164224,-5487085776,2364121760,4377450444,-4469384736,-2414181928,2846065008,1073863689,-1012195840,-358697376,230280480,85102888,-35018016,-14007264,3548848,1569126,-227904,-115216,8256,5148,-128,-120,0,1 # cft deg6 r=12
47524,-627840,3489600,-10796528,20849172,-26325792,20063736,-3568440,-11097675,14727760,-8609604,569400,2313138,-1894152,266712,225688,-139257,17544,14912,-3072,-222,72,-36,0,1 # cft deg6 r=12
-1002167,15362244,20541606,-5315536,-37020093,-51558864,-2264346,42032316,24570363,6427752,-7458324,-10709568,-2381898,-1554624,55308,57992,-115341,34788,-10330,-2352,579,-112,6,12,1 # cft deg6 r=8
23490364,67535424,3871560,-23038704,40243044,-93091536,37842248,-66912816,18837372,-30861040,2181624,-5740656,-1600908,-596880,-686184,117920,-151125,14280,-1890,-1908,879,44,18,12,1 # cft deg6 r=8
1725241744,-4661132928,3341541696,4059675392,-6794798544,930303936,3036477376,-1101657024,-748734876,466238720,-166630224,42323808,95366152,-34927488,-22148496,5507840,2961684,-378144,-215720,10992,8016,-112,-144,0,1 # cft deg6 r=12
129080632,-882624672,789081744,2845975616,210286704,-2867085120,-1744620336,642662736,1035795858,256279128,-167314500,-122049432,-14608266,13535544,6084012,251216,-500637,-137160,4748,8760,1218,-184,-60,0,1 # cft deg6 r=12
-7223186,24343464,-37048524,15379064,66454374,-155774784,138405676,26453976,-202056735,171402464,22988184,-100827480,20586798,27346848,-8685912,-4256936,1637820,333192,-152444,-10800,6648,112,-132,0,1 # cft deg6 r=8
65986,919608,1279824,-17255632,-9635184,45486720,7419744,-39199128,17949213,14414752,-15304014,-8099436,-4382479,2981436,587094,-823652,-21048,96264,18930,1692,-831,-340,6,12,1 # cft deg6 r=8
62437729,14770236,-130974786,-4103664,22122987,-60206016,46653350,2604228,-15223269,34839064,-8699892,-3089856,5323206,-2517696,101772,-246536,105915,15132,-6354,624,-213,256,6,-12,1 # cft deg6 r=8
-3151433072,7236479616,-5846713920,-1409224064,5751126552,-1782551520,-4058722864,4921201728,-1813805199,-450481376,613009680,-148148928,-45624320,33541248,-4169304,-2535616,1035198,46944,-91216,3648,4536,-160,-120,0,1 # cft deg6 r=4
2739894336,0,2104123392,0,-1490923584,0,-861712128,0,10304496,0,48771072,0,-1080288,0,-1367424,0,29052,0,13056,0,-516,0,-48,0,1 # cft deg6 r=4
22771984,0,227981760,0,107205120,0,-273374272,0,32030568,0,3074400,0,1232216,0,252576,0,-51015,0,-788,0,126,0,12,0,1 # cft deg6 r=4
6853924,-25509792,6740832,7918960,161196,-2056320,-14113592,46422360,-60462171,40079032,-4516284,-16487880,10466992,1875552,-3249828,2392,542817,-16560,-52208,1320,2910,-32,-84,0,1 # cft deg6 r=4
14277453721,36857842416,77545492824,91036781128,93024949728,64386531600,41074804716,18323921568,8428817184,2467869832,947251344,154611072,72073562,-690672,5580168,-1009048,492912,-97392,30532,-5184,1296,-120,48,0,1 # cft deg6 r=0
912386096001,1846889614080,1968890311980,1278328105440,589892662206,194094048096,62968761996,18677719872,6764397987,1255427520,528323928,98402880,67924636,1748928,5009112,218944,451491,-75072,14828,864,1278,-160,12,0,1 # cft deg6 r=0
7036672,-16336896,-29199360,59199488,99877248,22777344,-37011968,-42117120,11382480,19302784,16377504,-4811712,-2884680,-1440000,691416,236720,-55929,6624,-11438,1452,699,-212,54,-12,1 # cft deg6 r=0
5941369,44956548,131289774,120371144,116133795,68033184,96645842,15804060,30242067,-3041416,6553644,-2407728,-2483598,999024,-259644,-220296,123099,31332,-13338,-3192,147,80,42,12,1 # cft deg6 r=0
678424696,3587845824,4202414304,-6130091744,-11620634832,5969456640,12591517568,-5631471936,-6712799436,3834187696,1457642952,-1227678528,-86801516,202767768,-14889456,-18507568,2980341,936864,-219640,-24336,8058,248,-144,0,1 # cft deg6 r=16
-122959015583,-140183759712,27792707724,31568257328,10626634302,2506332240,2351189404,-3155584320,106173315,73302848,-67630776,-40275072,31538332,15070080,-5872824,-2280256,655011,199584,-55364,-9264,3006,176,-84,0,1 # cft deg6 r=8
29260512514,68867680560,-33910492536,-117404089768,18320223204,90000960120,-8096919556,-40583721048,3759140679,11789223624,-1432728864,-2265970272,365857340,284486064,-58704864,-22219560,5692122,990456,-317416,-22584,9828,200,-156,0,1 # cft deg6 r=8
49116868,-339236112,-1182644520,-1998203104,1446650340,2056836864,-166934312,-223886736,-765652644,-338494864,-126976200,-38555184,5642764,2223840,2364216,904304,127917,35172,-12206,-3504,-429,-280,6,12,1 # cft deg6 r=8
14807673,-134504388,-9689184,687257100,28845,-1448470872,-347023206,1331261676,620627091,-468796824,-320358168,42698280,56844334,3831936,-1135188,344648,-535077,-254724,38120,25740,-3,-968,-54,12,1 # cft deg6 r=16
9213796,-25562112,40023768,-23519936,-27292728,43960704,4771524,-17826048,1195833,3751648,-1508736,-2294544,-419356,696432,306072,-23968,-53706,-9600,5800,1104,-300,-48,-12,0,1 # cft deg6 r=8
47182611097,318836212488,1215890121150,2381899674708,2471931584343,1253885705148,21870780378,-365643024180,-188170510101,4177718736,36352819452,8209356024,-3125358838,-1281819528,131332740,97737192,-1329069,-4393464,-125082,119028,6279,-1812,-126,12,1 # cft deg6 r=8
-601856,84301824,154210560,-390074368,-544346688,791972352,1068720960,-43355136,-305352816,-35633920,24231744,-8687616,-752608,3698304,-273408,-2816,26136,-19008,448,-1536,108,0,12,0,1 # cft deg6 r=8
2787826873,-374385648,-2698593696,-4112608624,-2508990018,-709753824,-42500880,324492864,223724763,137980256,62537184,12326208,5102132,-559392,-695328,-139520,-137709,-7536,-3776,-144,630,0,48,0,1 # cft deg6 r=8
6536252626,-72163225056,197679624432,-55333158712,-283638717414,59491792464,203878969448,8772968160,-77262907665,-18269242776,14950542480,5716434120,-1537505605,-861143172,78676278,74907780,-741360,-3955752,-135724,123312,7455,-1996,-150,12,1 # cft deg6 r=8
2649346443721,-1958443251216,2149103639802,-668846570468,467193490755,-62783443908,94218514426,-19256367708,20358641871,-2240161472,1645807116,214690488,89568126,2775864,19935084,-3153640,1187151,21840,-15806,7068,-69,-292,66,-12,1 # cft deg6 r=0
913936,0,836487360,0,569335680,0,44315328,0,-32686488,0,1228704,0,3053432,0,248352,0,14793,0,5388,0,174,0,12,0,1 # cft deg6 r=0
190982416,180834432,92857440,426891776,194186880,183840960,400303152,-57116928,339131412,-79973056,163707072,-34658592,51798560,-8730240,11228640,-1377920,1649160,-131520,148552,-4368,6528,-48,132,0,1 # cft deg6 r=0
359725348,-1127483808,2716039992,-3851830944,3977454912,-3183771312,2271126220,-1424736576,750601449,-333067056,144671760,-43391088,11037900,-1859040,-736056,261024,-166266,40464,-3080,2064,948,48,60,0,1 # cft deg6 r=0
142995681,391232592,-16323480,-532097424,382090662,747886176,-155385960,22417344,130108971,-165711456,43703664,-12265152,-2784572,421152,-241872,560640,165627,48528,9224,1296,222,0,24,0,1 # cft deg6 r=0
6138870372,6748964064,5181176376,3004195536,656219340,-1086409584,-984481272,-113437584,248046720,120217728,-23036088,-33320016,-2219108,5543904,1197264,-689120,-219315,75624,21806,-7020,-1041,428,6,-12,1 # cft deg6 r=0
910032100,-2329333200,3167085648,-2938881232,1930353348,-923101056,264914488,46223856,-119911296,85605488,-25713072,-6176304,7764996,-2082960,-463872,530080,-114579,-41604,25492,-2004,-1443,328,18,-12,1 # cft deg6 r=0
-101512431,-739617048,122979024,2185856352,3268851138,1503115416,-1975719696,-2706539904,-717568773,626887440,457863408,14410560,-81895172,-23460624,5538000,3723904,119355,-277656,-42208,11232,2874,-232,-96,0,1 # cft deg6 r=12
233967616,0,-72228864,0,-140242944,0,-2057216,0,11293824,0,555648,0,383424,0,-6672,0,-35871,0,2044,0,-666,0,12,0,1 # cft deg6 r=8
-171873216,-1509485760,-271369296,995363280,450840204,-546671016,-476061156,85336704,204122049,26552784,-61899480,-26713632,7688140,9171840,1799040,-836096,-516894,-69552,23768,10128,792,-280,-60,0,1 # cft deg6 r=8
-132764,1360320,-3097536,2804704,-1353864,2004768,-4011504,4788672,-3409656,2261632,-1183104,604752,-184072,45264,-45480,-28000,-11187,-8592,-1904,-1008,6,0,24,0,1 # cft deg6 r=4
16384,0,0,0,-663552,0,2498560,0,43008,0,-6918144,0,-4683264,0,-1031424,0,-61104,0,5248,0,888,0,48,0,1 # cft deg6 r=4
-27884909681,22609387332,56044193304,-41636042528,-52934178951,35996896860,29264525686,-18671874444,-10232199441,6362766232,2298760920,-1458860496,-329781554,225908424,28793940,-23358152,-1277847,1560996,1216,-63216,2433,1372,-90,-12,1 # cft deg6 r=12
31404292,-66440352,-245266632,225182800,-449521596,-213929040,51013000,254351664,-6054660,262480,-13135656,-5379408,-915572,-767952,443832,32416,23085,720,-38,1932,-117,172,18,-12,1 # cft deg6 r=8
-978464,-48116736,-476233440,-1339302912,-1498231848,-684518784,-534849488,-1145834112,-1067760024,-371183712,73066560,117195360,13053636,-35005776,-13494648,3589872,2271612,-156912,-184700,240,7593,96,-150,0,1 # cft deg6 r=8
20842921348,53527574400,8593551288,-87624824944,-95032802292,-22803300720,27230301032,22390188816,3434779296,-2512916800,-712099992,268302768,152472004,6463200,-14740536,-3186800,771693,337152,-15874,-20604,219,748,-30,-12,1 # cft deg6 r=4
428955313,-192916080,-1401668592,3076243728,-2458422246,899754912,246218320,-468709056,215577099,-12403680,-43128576,23783616,-3948228,-1622304,1072224,-158592,-66933,28368,-2768,-2448,354,0,-48,0,1 # cft deg6 r=4
-1425159,66857400,-929804742,5217670296,-15192734229,26176401432,-27975960594,17232563088,-3466234317,-2749438224,2105800836,-413476992,-153531182,114449520,-15769188,-9754256,3170715,396312,-217534,-7704,7659,56,-138,0,1 # cft deg6 r=12
16996879519,-745066469376,-306345165600,50188155532,-390628256847,-210628736592,176933482410,259324829292,255472471191,173341953712,45276364152,-12677929176,-9784995346,-883262160,613094076,135650312,-15826047,-6684144,36760,168396,7113,-2208,-150,12,1 # cft deg6 r=12
203689984,0,-360271872,0,-1543260672,0,-427635968,0,18127632,0,10055040,0,2938272,0,633984,0,-23352,0,-3296,0,696,0,-48,0,1 # cft deg6 r=8
625771204,6339663264,21711388248,40036824368,47348020956,39519247536,25203821624,13616741808,7003921632,3500405504,1509345144,476120160,85917244,-174384,-4127808,-1113872,-341499,-136008,-26674,228,507,-116,18,12,1 # cft deg6 r=4
167547136,0,-1289900544,0,-2539866240,0,9350016,0,-86261616,0,5727744,0,926624,0,-254208,0,41880,0,-4896,0,384,0,-24,0,1 # cft deg6 r=4
-6573404,-4620528,64584360,133808864,-43907892,-431260128,-504760600,21783600,710107008,998035280,800034600,397336752,92965228,-17286912,-19212240,-4696592,191229,298836,60482,4848,-1977,-680,-18,12,1 # cft deg6 r=4
8456464,0,12687552,0,-8102208,0,-14083584,0,2504088,0,3141600,0,-1127944,0,56400,0,31161,0,-3972,0,-402,0,12,0,1 # cft deg6 r=4
1762656193,775185228,-481592034,-2206435752,-137662389,424077984,715299394,-187755900,-51112293,-55558696,55322748,-4449072,-1393006,-2368800,598644,386152,-108645,-38724,14982,2040,-1557,160,42,-12,1 # cft deg6 r=0
1981309777,2801642664,2451654198,1146936084,64734195,-618018660,-60545978,-227423724,213117339,-56697904,76195836,-38782344,16525442,-9854472,4169772,-1484936,571467,-182040,47886,-12300,2835,-500,78,-12,1 # cft deg6 r=0
1212585628,-6946361664,15014666640,-14528255600,4876688724,3917361888,-4713382088,1144539600,931542264,-678536288,41182080,104222112,-28165116,-8961504,4416816,657776,-580869,-6816,58588,-8724,-2103,632,-6,-12,1 # cft deg6 r=0
12086854492,-17128912608,-5739550752,21757575168,-5883081612,-10669707120,6503779176,2163180480,-2690576784,77326080,601005936,-136906992,-76375564,32785632,4629792,-4244544,128331,318840,-42480,-13656,3189,204,-90,0,1 # cft deg6 r=0
556393744,0,524908992,0,-186667008,0,-137238464,0,19357080,0,8357376,0,41448,0,227712,0,11193,0,52,0,414,0,-12,0,1 # cft deg6 r=0
151808,0,-10816320,0,96372900,0,-335568328,0,557492784,0,-435792768,0,111788017,0,23141802,0,-6166881,0,-253460,0,795,0,114,0,1 # cft deg6 r=16
-6862383296,-28943451984,-35732609828,22111421742,60956693919,-11143261548,-50696103305,16770588118,16769009605,-8626732932,-2107452338,1923268632,-15065364,-219106088,29670112,13923042,-3377595,-509788,222205,1156,-8654,1028,53,-18,1 # cft deg6 r=4
2189278125,0,-10467984375,0,-88233451875,0,128310834375,0,-42764547375,0,-4684999500,0,2573153325,0,132376275,0,-40403430,0,-3632220,0,-67380,0,435,0,1 # cft deg6 r=12
3065445,0,39544605,0,200809125,0,505708515,0,652746681,0,405379890,0,106113483,0,3291300,0,-2271141,0,-91035,0,9282,0,300,0,1 # cft deg6 r=4
3502845,0,-53129520,0,318842730,0,-958611915,0,1491858891,0,-1095238584,0,282114279,0,-28488078,0,653589,0,58419,0,-2439,0,-27,0,1 # cft deg6 r=20
3065445,0,-58261680,0,90077670,0,802588905,0,1089055611,0,416980224,0,-50362641,0,-30371382,0,5094729,0,-168849,0,-4659,0,57,0,1 # cft deg6 r=12
1022045,-4358260,5255719,-4084134,40168065,-152108228,274988643,-286494250,189179033,-76406012,10935848,4495336,-1095897,-1491284,1553568,-702096,210451,-60972,18751,-5542,1586,-396,82,-12,1 # cft deg6 r=0
-764640000,2787696000,-4412044800,4904756640,-4224805904,2963436512,-1853654672,954757800,-478260428,191547184,-82261704,25874294,-9409003,2100194,-596929,49320,-6674,-4614,-1009,224,-254,50,-1,-6,1 # cft deg6 r=4
-28497600,-800114400,-4074109200,-8414884800,-6728466080,586891800,3545951340,904639920,-858409284,-402744054,125640081,93022026,-9452256,-13430904,-344731,1357362,180729,-97728,-21471,3930,1437,-42,-60,0,1 # cft deg6 r=8
4322302720,15440658240,2694853356,-58840397234,39670265435,30321988658,-41999318740,4865431956,13920858735,-6725641592,-1096791988,1663741274,-278163541,-151742358,61956488,2354816,-5035623,564360,186624,-43286,-2043,1266,-56,-12,1 # cft deg6 r=8
-640185500,447648000,1103989075,-348930550,-692634345,14773730,166558635,58774840,5483721,-21953592,-11382820,899766,1176339,699946,367480,51910,23751,-4770,-10555,-2192,-844,-364,-32,6,1 # cft deg6 r=8
20848384,-99630784,284674608,-646941016,1163300516,-1666751268,1949481198,-1875102302,1499739713,-979515666,524136020,-228384144,83880953,-26604388,6956102,-1260696,46012,49776,-19816,5898,-1027,-22,56,-12,1 # cft deg6 r=0
112107789,832803642,2844647694,5653136424,6998290150,5481937098,2708554726,886840016,262748237,95350194,25809259,11948,-1348879,1179620,737743,-3584,-29418,3202,3359,-572,-148,138,-9,-6,1 # cft deg6 r=0
736256069,-15328840,-2931049299,-915767308,3337329808,1859625434,-1333805055,-1350955158,-145507252,305300756,173891005,11636528,-24788858,-9374506,681455,1308982,252508,-69164,-32885,-192,1776,154,-49,-6,1 # cft deg6 r=4
4530131,-1971485,-32236373,-35323834,22916513,52100392,14982488,-6461298,18391444,37955957,24022565,-1408834,-9340187,-3667212,904100,1043618,142288,-105705,-35873,2994,2661,118,-82,-6,1 # cft deg6 r=8
565075082896,236761140256,229667408784,59838105728,80209589104,95047749920,80773550352,32086053248,2620892860,-4445133688,-3040939036,-711007184,78082956,94842216,19813064,-1900888,-1596455,-192022,45407,13960,29,-432,-41,6,1 # cft deg6 r=4
-9547074671,10297494086,-3207040227,-10041502252,13278387348,-9878982126,4494627342,-34324596,-1097866584,1015511806,-452692833,112048300,-3965170,-11682034,4754202,-477132,57788,109074,-14063,-5060,-400,-74,32,12,1 # cft deg6 r=4
355520133296,-823708917984,331482414944,444212685248,-264662678816,-113062227520,59835224912,17341769568,-3747653740,-1247323128,-416059856,-42381744,47625576,6634896,3350264,1553312,-555465,-281142,9492,17820,1374,-522,-71,6,1 # cft deg6 r=4
10543851,-55359126,221086953,-413006598,642375394,-704758944,607669296,-436734424,240009826,-106667194,36194575,-4203618,-3104728,2693040,-1356336,309912,17618,-30966,13969,-2246,-902,292,18,-12,1 # cft deg6 r=4
7349521,0,24125922,0,95029129,0,397622774,0,308706770,0,-149939446,0,18709225,0,-647766,0,-39950,0,10134,0,-471,0,2,0,1 # cft deg6 r=0
2446469,-76956546,-987813631,-4467960110,-9575198246,-8360967036,3400661791,12758284514,8692399759,703744426,-1795680835,-735183034,141974746,135730608,-622940,-12611380,-1113020,849662,128362,-54012,-3347,1644,6,-20,1 # cft deg6 r=8
23572417456,-4921843584,-16392123056,15787101168,-7572530604,877686480,1674630808,-1848207720,1434118607,-843522078,390235543,-136049670,36067859,-7337010,1357448,-471300,188909,-81894,28088,-5052,1356,96,8,12,1 # cft deg6 r=4
-5974877551,8485101084,-6628460682,28605590616,-46417690864,41619103988,-23800722522,7958047512,-77131702,-1505936764,851395860,-205837936,-24844227,40344148,-14799478,2038696,495957,-331756,73954,-2408,-2547,732,-54,-8,1 # cft deg6 r=4
149981807045,-419800184720,437196774080,-51041100680,-243370895656,105261010884,69927894262,-46469179004,-9037056318,8948813460,1026924306,-1371171608,7120143,103789728,-19011554,2773460,2006311,-126120,63128,12588,-801,384,30,-4,1 # cft deg6 r=4
157351936,0,374112256,0,744673280,0,812603392,0,513100800,0,217951360,0,64952272,0,13257400,0,1735185,0,133108,0,5510,0,124,0,1 # cft deg6 r=0
8443845,-9469620,-29774456,9504816,58913958,5775128,25237718,-93075960,-9861357,91693052,-49299088,-14666580,36864477,-26396192,11654268,-3207260,409153,41372,-23748,-320,2147,-812,202,-24,1 # cft deg6 r=0
-62416248880,600685615680,-571549651280,-1966637001440,43917724864,1748492708096,568417866992,-549637145408,-298340585492,71236836256,66934845860,-1178883384,-8148757644,-712480712,587686900,90656568,-25368823,-5368280,605533,174738,-5410,-2976,-54,20,1 # cft deg6 r=8
