# IGP24 block wave: imprimitivity quotient steering of thin pairs.
48449615441348736580673,0,-93381075975397550276538,0,66353735854453137108014,0,-21570821054528095675876,0,3140133883473947056635,0,-164013958312181549666,0,3261694935781992048,0,-21818303517073822,0,66676589156474,0,-100144514966,0,68193414,0,-14892,0,1 # block t=6139 q=12T56 r=24 k=0
115251967256685785689087,0,-187035930101001982738398,0,112848960779813817989552,0,-31114953780386591286274,0,3845314126312640303909,0,-180496118415532762038,0,3360047271073734592,0,-22179936811454772,0,67416326256114,0,-100615433168,0,68038500,0,-14946,0,1 # block t=6139 q=12T56 r=24 k=0
255596059349122290599,0,460687745685563217466,0,-651154102781765001203,0,-763260790675892034146,0,198683806247709760161,0,340692820846497961584,0,72013669653096708909,0,-2159004909879918412,0,9008210108656409,0,-10837664369404,0,2376002889,0,-115636,0,1 # block t=6140 q=12T59 r=16 k=2
54652063019628339,0,273848294675188854,0,-72615628827618453,0,7129871335534757,0,-289072957516832,0,418795128332,0,337098392457,0,-8574395244,0,-11028977,0,2423676,0,-14386,0,-133,0,1 # block t=6140 q=12T59 r=16 k=2
5427783841654947973,0,-3421963720122731300,0,-13172330773335862347,0,16362882662338505826,0,-5392375540410923967,0,-460985979128932534,0,487277749455878179,0,-54006796499297850,0,-162933722828155,0,1505253654752,0,-401542915,0,-40328,0,1 # block t=6140 q=12T59 r=16 k=2
64074909445804269,0,405786974602741596,0,-176290796225504985,0,30396678788551172,0,-2649932840784243,0,114056344047578,0,-1294050572543,0,-72696268450,0,2392264075,0,-10316302,0,-190251,0,348,0,1 # block t=6140 q=12T59 r=16 k=2
9234012325,0,-14303932268070,0,773191167390403,0,-9109372195726238,0,-22800779494562390,0,179305644547115730,0,422698212215899179,0,-21167224296250636,0,-39758310273172,0,439488333880,0,-153499706,0,-24066,0,1 # block t=6140 q=12T59 r=16 k=2
79409176848145,0,117903278124286,0,-80655720595396,0,19725101105292,0,-2396135932200,0,138255109324,0,-593809106,0,-390664822,0,20189695,0,-242238,0,-7400,0,146,0,1 # block t=6140 q=12T59 r=16 k=2
479041625179556593713,0,359192414935211942088,0,-178107265321156861818,0,28908547850463735020,0,-2271941156183127703,0,91682460885933680,0,-1701704877956145,0,6632481827074,0,126975696545,0,-779577207,0,41329,0,1860,0,1 # block t=6140 q=12T59 r=16 k=2
955514880,0,85927005978624,0,13729685335326720,0,24255935607492608,0,-210656056432356352,0,78770465153377024,0,89207669018133568,0,-4635498548739072,0,51011521654016,0,-160633306976,0,116377988,0,-23416,0,1 # block t=6140 q=12T59 r=16 k=2
11642322269662307743936,0,257118755159271169215168,0,-28053523491248855520128,0,1237082174320370614352,0,-28780375858844031796,0,373380786414723908,0,-2414573835252379,0,1539409469454,0,78580709395,0,-401256858,0,175220,0,1952,0,1 # block t=6140 q=12T59 r=16 k=2
2366125316833,0,40681940991574130,0,4970892652642533683,0,2498077364478002684,0,-587550452692451744883,0,-1778171066568043142934,0,2878384594708587452775,0,-54715342757157395466,0,126197961690821045,0,-82419192329916,0,9316251551,0,-229822,0,1 # block t=6140 q=12T59 r=16 k=2
394135315310130504293,0,2720830652062002185624,0,-440286557846189664148,0,-7473676307194670965044,0,-2304206289701537757298,0,4893494584670020759364,0,2444219906537510257382,0,-52572067675666946308,0,123954812680159121,0,-82017207795832,0,9301639402,0,-229732,0,1 # block t=6140 q=12T59 r=16 k=2
1145309832749699072,0,1465620726627442688,0,-3287152186532130816,0,-4676458470562672640,0,-293485456661460480,0,1319616130125933568,0,351914878007660416,0,-14905430099993984,0,109416559363024,0,-255143251296,0,154160088,0,-26088,0,1 # block t=6140 q=12T59 r=16 k=2
1798316136701550133,0,-367362998243471714,0,-1138575657715057125,0,840527298436475332,0,-258277294005343619,0,41021554059339202,0,-3290846762855193,0,100627451668622,0,609851365237,0,-6919306540,0,-9555969,0,4046,0,1 # block t=6140 q=12T59 r=16 k=2
131221090426401,0,43654462801524,0,-158829500359902,0,95285123894756,0,-26872516896273,0,3992218291496,0,-283741293284,0,3722591144,0,501044431,0,-11157148,0,-109854,0,372,0,1 # block t=6140 q=12T59 r=16 k=2
223305413529973,0,-33383044964143980,0,455696641010629342,0,1078952436599219872,0,-2555954227204592038,0,674544312139782438,0,111492708663821205,0,-3143052184466240,0,-447167867828,0,44138090306,0,-25163951,0,-7300,0,1 # block t=6140 q=12T59 r=16 k=2
10860326264284821107789,0,24329890276012089733572,0,3553738704162626939948,0,210241851194644947996,0,6136460595641241348,0,80624512682430828,0,-36018866705410,0,-13229613239824,0,-116831425973,0,11224768,0,2413388,0,-4236,0,1 # block t=6141 q=12T66 r=8 k=1
10446341787726079,0,-13468358825255802,0,4298670239357804,0,-694794133600758,0,69535480630235,0,-4706665543204,0,224873292528,0,-7719226636,0,190362597,0,-3315266,0,39140,0,-286,0,1 # block t=6141 q=12T66 r=8 k=1
23669448872526023588631,0,-22876386491297363705424,0,4618633273472697020226,0,-431410250070019712055,0,22387652329883611697,0,-679098976411026505,0,11988319391195400,0,-119689516270125,0,674681069134,0,-2107285960,0,3398411,0,-2663,0,1 # block t=6141 q=12T66 r=8 k=1
407237662182464,0,1945247824505664,0,3393348510085520,0,2258042017123760,0,-313979428055076,0,-1178563672586796,0,-523658414993457,0,-56464776683265,0,5343869559128,0,30800266583,0,-6145660,0,-8621,0,1 # block t=6141 q=12T100 r=8 k=1
72926544878631862272,0,-92837744627331465216,0,46255092133660483584,0,-14368569494394302464,0,2748239504133142528,0,-308369686877526016,0,15138133798638336,0,-229413162366720,0,1288182960512,0,-3285972512,0,4493312,0,-3264,0,1 # block t=6141 q=12T66 r=8 k=1
4919959585414408,0,-6923230576003124,0,3402251614275626,0,-786362379921327,0,88028394665467,0,-3533589912038,0,-120524863521,0,10072889465,0,112694569,0,-6715337,0,37370,0,-118,0,1 # block t=6141 q=12T66 r=8 k=1
22392032459582934105736,0,-17786178373635639244980,0,1849108642103384457306,0,-90924691454830114043,0,2684468621902152735,0,-52428611201118489,0,709119832624242,0,-6769752036138,0,45605550465,0,-212587553,0,654165,0,-1200,0,1 # block t=6141 q=12T66 r=8 k=1
61496289857,0,3015210264448,0,12100646907896,0,7694163216596,0,-1556717172148,0,-65585669108,0,11737868878,0,500693304,0,-14942704,0,-796580,0,560,0,252,0,1 # block t=6141 q=12T100 r=8 k=1
1061654579992,0,-1452456055812,0,809483510334,0,-268232152567,0,55588412979,0,-7876275444,0,809458521,0,-64161243,0,4363857,0,-230629,0,7716,0,-138,0,1 # block t=6141 q=12T66 r=8 k=1
246229551139240313,0,323845762778848132,0,23044788093704144,0,-11387069264597428,0,-478170278975152,0,43122172463116,0,1312296146766,0,-56071160796,0,-1220357448,0,23084780,0,356300,0,1196,0,1 # block t=6141 q=12T100 r=8 k=1
259068349906451776,0,-247877491593532416,0,58211241424986560,0,-6648843330215424,0,448122402152016,0,-19503511257600,0,584546603808,0,-13019511552,0,235550372,0,-3546240,0,40120,0,-288,0,1 # block t=6141 q=12T66 r=8 k=1
1334558712608254881577,0,-905645746859390401884,0,-201437966861530508004,0,1976338148760408132,0,9391333184046910903,0,1466506962311584032,0,95704004693558028,0,-1260587389280640,0,5390275486887,0,-10029213876,0,9645976,0,-4788,0,1 # block t=6141 q=12T66 r=8 k=1
15390008403367232,0,-19480496618906672,0,6582451220560296,0,-1127897338715911,0,118420325635798,0,-8277819701765,0,400731770575,0,-13635612665,0,324920768,0,-5300800,0,56365,0,-353,0,1 # block t=6141 q=12T66 r=8 k=1
564242780269440,0,9228381513905664,0,12479294670631776,0,-72619645021817472,0,-166343545216771128,0,-113841096744543312,0,-21493259226300886,0,2272972551031662,0,112259165135112,0,861621063912,0,17465104,0,-19524,0,1 # block t=6141 q=12T66 r=8 k=1
250924427582156386662536,0,-163365815650289845561392,0,13916278158410433140056,0,-551310370219904917232,0,12856532853584368420,0,-194315667929269128,0,2000283319431332,0,-14466452978848,0,75230217414,0,-283993564,0,752302,0,-1244,0,1 # block t=6141 q=12T66 r=8 k=1
85277523404289180352,0,4132809971667600749376,0,266376974984792423360,0,-1517032472307687248,0,-424731126653743888,0,-8012293418645984,0,35243598624980,0,1500511762924,0,-3309468288,0,-95563367,0,607369,0,-1329,0,1 # block t=6141 q=12T100 r=12 k=2
646172017337536,0,-6891569565743392,0,24517625970521184,0,-34209573518336444,0,4979814381733668,0,34241971795904060,0,-31359998746826315,0,7081444948198165,0,991830877890794,0,2325769373917,0,664458834,0,56117,0,1 # block t=6141 q=12T100 r=12 k=2
729583139634020352,0,0,0,-831149824510154244096,0,0,0,13608850763828801323008,0,0,0,-3298876958172131328,0,0,0,18539849878016,0,0,0,-8688992,0,0,0,1 # block t=6141 q=12T100 r=12 k=2
3512435225137152247,0,6814612862435240110,0,-1107745687836093572,0,44949264328438130,0,337318329802811,0,-47893604803236,0,301597371552,0,17273972180,0,-119732403,0,-3198058,0,7780,0,282,0,1 # block t=6141 q=12T100 r=12 k=2
2218733342014149432106,0,224083038405223943450,0,-1869801143836155634274,0,156884056648717104573,0,1015094938949253133,0,-142648604682530256,0,1102409103632592,0,8176892041838,0,-41731727824,0,-266854818,0,-168150,0,813,0,1 # block t=6141 q=12T100 r=12 k=2
91245862112,0,375104459904,0,-427789190784,0,-724626182784,0,-182319167668,0,7445044632,0,4046089950,0,129784590,0,-13651959,0,-244202,0,22247,0,-322,0,1 # block t=6141 q=12T100 r=12 k=2
77766443199917,0,88219474747636,0,-307246054781026,0,-322631387066964,0,-94965686510713,0,-9853056141048,0,-220074690060,0,16049469016,0,344594091,0,-15207228,0,165518,0,-708,0,1 # block t=6141 q=12T100 r=12 k=2
12471325650625,0,-8321450126875,0,-151863146213375,0,341801834283040,0,-189719839785327,0,-54331989777409,0,39175006022642,0,8460795240799,0,291739831669,0,-3716936544,0,-2101291,0,3885,0,1 # block t=6141 q=12T100 r=12 k=2
332462365285554602774993,0,460742339566134953642636,0,30813015310491716648540,0,-665277163340436982220,0,-37207311440217290752,0,303331576526980640,0,13688288153847750,0,-17342759494092,0,-1778547460180,0,-6032376060,0,20647828,0,-10712,0,1 # block t=6141 q=12T100 r=12 k=2
563697093001216,0,388909493223424,0,-426533813010432,0,110750959222784,0,-6291831552000,0,-1535265473024,0,224026088960,0,-895744896,0,-1246505632,0,48771312,0,470568,0,1236,0,1 # block t=6141 q=12T66 r=12 k=2
229977352610944,0,639116995009152,0,-193467015196000,0,-314213683317568,0,60577402789592,0,24665519667872,0,-7681497269016,0,645863688164,0,-13692983173,0,105954876,0,-287353,0,-78,0,1 # block t=6141 q=12T100 r=16 k=1
69075242836117550918912,0,156010445661634951887872,0,101596403432988725922304,0,22751890038188179228672,0,246704633555817472256,0,-292414245108499297024,0,10496565740738708960,0,-89640802437840576,0,259198905965568,0,-286741239424,0,112918800,0,-18016,0,1 # block t=6141 q=12T100 r=16 k=1
76676462782571,0,-157024079620384,0,-141781241726722,0,456459046177628,0,-285959300704913,0,49603794867200,0,-71107227348,0,-64422898936,0,554256309,0,11100192,0,-43682,0,-308,0,1 # block t=6141 q=12T100 r=16 k=1
52072468625046897944498,0,66118075218849286487544,0,-1725203982497172555340,0,-317950833832385137114,0,4657563109244713235,0,439033312082131046,0,-5224536500670836,0,-154613808639046,0,2964069142509,0,-15904899344,0,24430636,0,-10676,0,1 # block t=6141 q=12T100 r=16 k=1
62697948753443048093952,0,91797985513403930829312,0,-9157574806231054159872,0,331965994830755691648,0,-4924983629066935808,0,5504289336012768,0,628766498320128,0,-5477910996040,0,1934935449,0,105637916,0,-178914,0,-492,0,1 # block t=6141 q=12T100 r=16 k=1
245820654030548,0,53010517180048,0,-242093014677008,0,75420608728344,0,16521423654553,0,-9605280883840,0,901965373804,0,52350377974,0,-6014417661,0,144602010,0,-852414,0,850,0,1 # block t=6141 q=12T100 r=16 k=1
64402423584918800,0,377598512350752176,0,502171492159276976,0,-176651492982939032,0,-583990644138980712,0,-133922320296846104,0,80756197826783617,0,-3631444849400106,0,54400739485967,0,-270532713724,0,140482967,0,-21354,0,1 # block t=6141 q=12T66 r=16 k=1
75814542403394273536,0,153303702794125624320,0,22451028162481385984,0,-15158486262271633152,0,-3785520376955176448,0,-69882980055352576,0,21816154504780640,0,-507794120380480,0,4124968998944,0,-13133809968,0,14554096,0,-6496,0,1 # block t=6141 q=12T100 r=16 k=1
614803337296,0,6172564120048,0,-10538878659648,0,-9596130714956,0,-1494507454203,0,222817857268,0,23027348382,0,-4606121416,0,278780167,0,-8175708,0,120042,0,-756,0,1 # block t=6141 q=12T100 r=16 k=1
18536716856899265,0,-167263611677233815,0,499152601434067009,0,-447573210986455542,0,-407945213766455703,0,968750186619020481,0,-522343668488143792,0,40697028117305535,0,17954413644985083,0,-16619488145664,0,-1570507551,0,76637,0,1 # block t=6141 q=12T100 r=16 k=1
239317113451384,0,-2151311199531280,0,-10887781551368760380,0,-218298874078818948964,0,-1398964401473429674022,0,-2643369212734263348748,0,1082153866590394923667,0,-27677054474253861356,0,220486237148774743,0,-508209462106182,0,25525691367,0,-296660,0,1 # block t=6141 q=12T66 r=16 k=1
105044193803992575783314,0,221077144003319154611750,0,25357124748303055435312,0,-123752618218955898917,0,-77275735146363629211,0,83443750754510112,0,73825609848513932,0,-1218733183475790,0,5449475464672,0,-10850455342,0,10833004,0,-5285,0,1 # block t=6141 q=12T100 r=16 k=1
1954901756571135809,0,4250093065913421432,0,968508587707616882,0,-146898758238826624,0,6889081025380319,0,-119579677941904,0,-768852650516,0,61887624488,0,-858194769,0,2053072,0,53626,0,-464,0,1 # block t=6141 q=12T100 r=16 k=1
83177893,0,-10842692002759,0,-8137574926931815,0,-826198121971573568,0,8017586557235913357,0,-21030895612144417799,0,13658703621065242662,0,-3051326910809528075,0,182424893996881387,0,-98457291879312,0,-5573481845,0,142025,0,1 # block t=6141 q=12T100 r=16 k=1
54284197821931008,0,-68961726214751232,0,-530773781173694016,0,1289623442918632736,0,-1093329405444169752,0,401211766365779472,0,-54674402459741407,0,99949550347782,0,92217537423621,0,-1181539231230,0,135132129,0,29106,0,1 # block t=6141 q=12T66 r=16 k=1
69491743693678728,0,-101447711380939536,0,52073679598738344,0,-13617714404023424,0,2087113179075460,0,-197153665499304,0,11347506786628,0,-368686363352,0,5644332102,0,-38177252,0,179958,0,-472,0,1 # block t=6142 q=12T66 r=8 k=1
848789504,0,9051758592,0,4317130752,0,-1807010560,0,-886025728,0,83142976,0,38346240,0,-186784,0,-473068,0,-23945,0,501,0,57,0,1 # block t=6142 q=12T100 r=8 k=1
62134828096818985064261,0,83891344618792568862450,0,2214945428222073101504,0,-542026532213589789644,0,116595936535990712,0,415991188551244840,0,-587838586864370,0,-109322544391958,0,12724337724,0,9666054440,0,21153250,0,10352,0,1 # block t=6142 q=12T100 r=8 k=1
12613085646892067537,0,-15712936277269035406,0,5044446030747713365,0,-728534988045013265,0,64291572038655414,0,-3649784895351684,0,118659331681932,0,-2083687667813,0,15959229159,0,-28160747,0,364788,0,1327,0,1 # block t=6142 q=12T66 r=8 k=1
16126276,0,-61963712,0,-250164500,0,-257550412,0,-90303775,0,2362074,0,6042181,0,371346,0,-104828,0,-9222,0,421,0,54,0,1 # block t=6142 q=12T100 r=8 k=1
1658807573325549568,0,2161484222673522688,0,-59223469453233152,0,-10470674322778368,0,155748821042176,0,18761365050240,0,-47260682640,0,-14728709024,0,-123245452,0,3721437,0,74031,0,471,0,1 # block t=6142 q=12T100 r=8 k=1
151291020662464,0,-204183980185680,0,83040455061060,0,-19394180770783,0,3058919053182,0,-330155421840,0,23807469633,0,-1109575341,0,33523515,0,-662551,0,8766,0,-105,0,1 # block t=6142 q=12T66 r=8 k=1
6430047610629894856936,0,16967829264259379471760,0,13523050199178302156568,0,-126118337957082666490,0,-5091485583747117441618,0,-2164919526214116760350,0,-149914022980750452057,0,48256213415279310810,0,1410301460698884297,0,-635473371941290,0,-9379679367,0,317340,0,1 # block t=6142 q=12T100 r=8 k=1
11781875524387181633536,0,15050332296650711486464,0,2077480100618883549184,0,50988558771928632832,0,-2843510299635725824,0,-56847985825003136,0,937649318533856,0,5429732899600,0,-36775795968,0,-247137522,0,-241772,0,656,0,1 # block t=6142 q=12T100 r=8 k=1
82064111875,0,1477397886875,0,3808376166575,0,4392834785050,0,2805302415499,0,1056999734179,0,231736535774,0,26318778647,0,917731611,0,-44759152,0,398337,0,-1151,0,1 # block t=6142 q=12T100 r=8 k=1
34542246379036637353408,0,-33035601339575355883344,0,-1329130992481180526988,0,162226951451802815945,0,3634254583222921182,0,-211041064336039416,0,15768045041997993,0,-77629176538461,0,33419828907,0,-1298196415,0,736566,0,2223,0,1 # block t=6142 q=12T66 r=8 k=1
751870660083887753,0,-30032174238657550346,0,-118975685249210528874,0,-161728255670897185006,0,-82287692627024906393,0,1129275579511688768,0,11713010130583563100,0,1867442897492010600,0,34514359810174351,0,-38242697839910,0,-1192833138,0,120694,0,1 # block t=6142 q=12T100 r=8 k=1
49829962415141374829568,0,254405535952863520143360,0,268223737349760650088960,0,102218309732442401948160,0,12719248987772550853184,0,-17410438894206731520,0,-1450253353628391360,0,132116577547008,0,8256603490224,0,-113767040,0,-5688176,0,24,0,1 # block t=6142 q=12T100 r=8 k=1
96350297029497366807577,0,333936407077739033044712,0,64507801330228240354850,0,4590451276252509393816,0,131652705612224480383,0,-303207523594667632,0,-119652119807805252,0,-3188837845998416,0,-36104410981369,0,-148340420344,0,106181762,0,-18888,0,1 # block t=6142 q=12T66 r=8 k=1
18975429405671104,0,-11432522580422976,0,2800403491498272,0,-1161549890073120,0,92668409002068,0,-7239188092820,0,1173277213995,0,-6253539604,0,-676999414,0,432421,0,66770,0,-161,0,1 # block t=6142 q=12T66 r=8 k=1
5643877,0,3774384,0,-25807986,0,-15259464,0,21708567,0,4486912,0,-3321484,0,67792,0,146851,0,-26608,0,2014,0,-72,0,1 # block t=6142 q=12T100 r=16 k=1
11904022127592965629964,0,138840582389594660196876,0,-244563785798927445363928,0,165470314624605079776804,0,-56743378034106219220148,0,10262631664652589932150,0,-884890485618573876749,0,23123920526161686054,0,292478970123219427,0,-3143491627358738,0,49560615817,0,498118,0,1 # block t=6142 q=12T66 r=16 k=1
26968134418394218744,0,23179769266871920128,0,-120391838322251034628,0,113488512703973163646,0,-41948557115231272564,0,3573901523483772378,0,1545584309031813265,0,-364087849879083927,0,18831379568666340,0,16923503230881,0,-1586858718,0,-76771,0,1 # block t=6142 q=12T100 r=16 k=1
47686409254872,0,-194442008996304,0,-239880486830292,0,475320892519548,0,-175882350611304,0,18448971113232,0,-464426732403,0,-16556469174,0,732983661,0,-2656584,0,-103644,0,318,0,1 # block t=6142 q=12T66 r=16 k=1
4793976955936712836,0,16318205061822894160,0,829319460224152588,0,-1330495166191264716,0,7599764260198737,0,21443678577994354,0,-1745908416192067,0,47928588355390,0,-392371831580,0,1226118154,0,-1321507,0,-334,0,1 # block t=6142 q=12T100 r=16 k=1
66743002616,0,83031883408,0,-13208344016,0,-9442399424,0,2500109788,0,-54276336,0,-43521840,0,5034096,0,-33142,0,-30652,0,2444,0,-80,0,1 # block t=6142 q=12T100 r=16 k=1
15055822030,0,69963006762,0,-57767883996,0,11699467430,0,351067464,0,-358452528,0,31423809,0,1588906,0,-382933,0,16468,0,401,0,-48,0,1 # block t=6142 q=12T66 r=16 k=1
29344472423757871021888,0,28704486236187051801280,0,-954438594836571162688,0,-157925963644299151512,0,2986321063741574793,0,250219364611138424,0,-3774638438553598,0,-99668406027376,0,2300487754899,0,-14103759144,0,23215934,0,-10520,0,1 # block t=6142 q=12T100 r=16 k=1
19986023627046955,0,-13700472436985060,0,-38781623599975206,0,61318179624949062,0,-35578460219551257,0,9528584217509576,0,-971528747344512,0,-26819783144732,0,7665820636997,0,-29334911692,0,-10832082,0,7422,0,1 # block t=6142 q=12T100 r=16 k=1
134883972115053236575,0,110624964104481691286,0,-37024135797074588257,0,4264659140899525642,0,-225453743670202112,0,4482198758321028,0,62942996284079,0,-3844849974772,0,29589935000,0,493497870,0,-4102542,0,-2398,0,1 # block t=6142 q=12T66 r=16 k=1
9631323989384173760,0,-87512749882878107200,0,67620734486221904896,0,561695646886014668580,0,176473046101301527980,0,-369134473961474956430,0,-143897134816623964923,0,1345511988403233241,0,3330987848649076968,0,-2048641460188557,0,74324744018,0,-713459,0,1 # block t=6142 q=12T100 r=16 k=1
1084258930225,0,-1939224232352,0,1314621783354,0,-488389823248,0,114694625711,0,-18256379008,0,2040371372,0,-162383840,0,9174463,0,-360032,0,9338,0,-144,0,1 # block t=6142 q=12T66 r=24 k=1
155409980832752703711925,0,-420689103282219888374580,0,462622877060866117209224,0,-264878169397625725572184,0,83807581296506173587275,0,-14209830311173978467502,0,1119713696256162197340,0,-26354563863118519614,0,206151825544441935,0,-509257170135014,0,26229621612,0,-301794,0,1 # block t=6142 q=12T66 r=24 k=1
3891839330065636263011,0,-8101317193374649813710,0,-3583071896725764098040,0,18115190717923169641638,0,-15003929870364312049581,0,5340569607324032460204,0,-870739821422293825264,0,51385237175322181836,0,359761828204464585,0,636998095598290,0,161544702360,0,1086846,0,1 # block t=6143 q=12T9 r=12 k=2
897891320657595618909,0,2604967244397452180052,0,2780200477703974973646,0,1343613505049787786268,0,294532310027909178343,0,27193126012924840840,0,615224876491632340,0,-21509574470771080,0,126281559221147,0,-160677841308,0,77732478,0,-15060,0,1 # block t=6143 q=12T68 r=12 k=2
15656857715113488,0,95286709610229504,0,27700966510257376,0,-894212841349504,0,-486766790640576,0,-14500538913760,0,1878375947480,0,105941753136,0,411694839,0,-33184816,0,280690,0,-896,0,1 # block t=6143 q=12T9 r=12 k=2
1375322653968046144,0,0,0,-17979832453322792768,0,0,0,28449595495199843624,0,0,0,-438467667681103608,0,0,0,12938092332225,0,0,0,-7399234,0,0,0,1 # block t=6143 q=12T68 r=12 k=2
5183343024674506010064,0,51009523661679479704800,0,39344051807623161859416,0,11215127021485263822776,0,1093496628259005951884,0,-76123559111436046574,0,-21693130720705482059,0,-1052886934406206192,0,8939853198021195,0,-19704546078382,0,8437197851,0,-221292,0,1 # block t=6143 q=12T9 r=12 k=2
3657173434503233606000,0,12336299918968634835200,0,14782659645920313304120,0,7896516463105098947448,0,1794949793077856827031,0,77082833164164445262,0,-21718761447512293409,0,-1475068751370715080,0,66771266996735000,0,-649075993506074,0,1723322830221,0,-2625436,0,1 # block t=6143 q=12T9 r=12 k=2
2018688061951791020304,0,7996279415791415331888,0,11367888659750639443452,0,6358147162766755886068,0,498811807516583312853,0,-471997210715313682774,0,804778497391989337,0,3746595877050035094,0,79951170233258472,0,-979914087794446,0,1488344800741,0,-2790478,0,1 # block t=6143 q=12T9 r=12 k=2
82806764237571,0,52932226403628,0,-128608167141270,0,63676501787484,0,-13405139359029,0,1145174416920,0,7122930652,0,-5849082168,0,80457585,0,10327036,0,152826,0,732,0,1 # block t=6143 q=12T9 r=12 k=2
20387748096,0,49708975104,0,18323702272,0,-3504166144,0,-2008612128,0,6399104,0,53238592,0,804176,0,-521623,0,4244,0,1962,0,-84,0,1 # block t=6143 q=12T9 r=12 k=2
262144,0,1838017937408,0,10221784655294464,0,-202831298819992469504,0,431236819020531114944,0,-95602859514466200608,0,-33234272399184311311,0,-1634478000081965050,0,154319960453555,0,25408742377788,0,-14101384297,0,186782,0,1 # block t=6143 q=12T9 r=12 k=2
5604618496,0,0,0,-14070377280,0,0,0,10481231392,0,0,0,-2783864076,0,0,0,187457985,0,0,0,-1366034,0,0,0,1 # block t=6143 q=12T9 r=12 k=2
16166912768,0,22165735152896,0,3531390311422080,0,143285682625131872,0,279792271441878688,0,117918911640688584,0,-5630968340709633,0,-285973027861487,0,18371331891318,0,-261529596677,0,595059260,0,-120969,0,1 # block t=6143 q=12T9 r=12 k=2
1018575,0,-3232440,0,1437642,0,3733536,0,-3228509,0,-116736,0,562612,0,-42192,0,-29667,0,696,0,658,0,48,0,1 # block t=6143 q=12T9 r=12 k=2
38738363873723225845568,0,-148245972923975078313600,0,-286468266837975026635968,0,949281780495134312283808,0,714596500017137008641600,0,-290626825753185803179552,0,-20029781248012820955788,0,-290587649241853459576,0,27148006875255028,0,605357059867428,0,-120452301844,0,550232,0,1 # block t=6143 q=12T9 r=12 k=2
12469791577381797888,0,247078383222886760448,0,1021457041054428561408,0,1286896202993855102976,0,-143641571955128451072,0,-749210582116701683712,0,143893209637310003200,0,467659969835529216,0,-19628577748297920,0,27402567540352,0,-3945024624,0,-110688,0,1 # block t=6143 q=12T9 r=12 k=2
140024433155758596,0,111176671276695708,0,-290997135418773528,0,-389430364363603796,0,-137899292518506464,0,-3993806027736706,0,2879452677687811,0,-159176374031363,0,2632014136156,0,-16434430331,0,33248550,0,-12091,0,1 # block t=6143 q=12T9 r=16 k=2
6635896101235156248512,0,48100528076379648226880,0,-3148770435437833023232,0,-217847106206450768448,0,29874398674658910492,0,-1289186583184702532,0,26388115750005254,0,-209543335571472,0,-1268173578925,0,34318022890,0,-178153169,0,30008,0,1 # block t=6143 q=12T9 r=16 k=2
77576157044233296449536,0,208478687693795197378560,0,-40439895808437771823104,0,-278407554770515920181248,0,-154117560904584780345600,0,-16008189917630663328768,0,3509592744243862238464,0,-21034924393771669248,0,34587533064687216,0,-19302285593760,0,3453030552,0,-115128,0,1 # block t=6143 q=12T9 r=16 k=2
111168510115965804,0,115908429137541840,0,-248542023244387620,0,126758702337782744,0,-28650860364101120,0,3116117516664090,0,-146915810286277,0,1568175777110,0,54315659855,0,-505493714,0,-4108583,0,-1526,0,1 # block t=6143 q=12T9 r=16 k=2
11150912677369348096,0,2337010170434911469568,0,-70393448629439475744768,0,345721784623714778742784,0,-521470077352897784315904,0,245567883216640863633408,0,-34930456460856441962496,0,-241736988599571972096,0,257152453157726208,0,116673664454656,0,-21941933568,0,-102048,0,1 # block t=6143 q=12T9 r=16 k=2
191898868176,0,-55075267296,0,-2286825740112,0,3231779553664,0,-184862499088,0,-57101289200,0,5323809096,0,50078152,0,-14684728,0,208072,0,7380,0,-180,0,1 # block t=6143 q=12T68 r=16 k=2
27324283940181,0,-553289572188909,0,-1808971516482741,0,-1188330657201338,0,-115872899100793,0,68249424160475,0,5612068556182,0,-1720822565879,0,82768887567,0,-1373574002,0,6948155,0,-5607,0,1 # block t=6143 q=12T9 r=16 k=2
2139455105423134978081,0,126696281671562487120144,0,-54196649470137459473046,0,9194279099953561348864,0,-774439148075633704433,0,32380499463636382112,0,-535924838652466036,0,-283690121563648,0,14087555645039,0,-2305571376,0,-7604886,0,640,0,1 # block t=6143 q=12T68 r=16 k=2
666340165661663424,0,4113196426142795520,0,398483299227927744,0,-4627678702792408512,0,-1967636614741487928,0,453301461813112416,0,220045809381538648,0,-4022219063465760,0,24299836787274,0,-56609976688,0,51282816,0,-13080,0,1 # block t=6143 q=12T9 r=16 k=2
30923028217518927265792,0,39491790108667791368192,0,-1336619424156895472128,0,-7461070353328708494720,0,-93704574114492315932,0,225529006597425605572,0,11079440857231731178,0,-609879113752364120,0,8090372259229849,0,-38875872956950,0,60938434068,0,-494694,0,1 # block t=6143 q=12T9 r=16 k=2
64809154604739243446272,0,88496320420696058142720,0,-139563481185130364298240,0,65099386926548392189952,0,-14145808886821468032192,0,1480974328850955209856,0,-60631553488450370208,0,56012818782428640,0,816363037242036,0,-184504161328,0,-419943948,0,4272,0,1 # block t=6143 q=12T9 r=16 k=2
788024345282018061257,0,6708423969673073733323,0,-2122778838836869192109,0,137266992074279517592,0,22806761998364381525,0,-4047283199468539019,0,228906648595851134,0,-4409027397025535,0,-12514321235531,0,240342667168,0,-323742725,0,20407,0,1 # block t=6143 q=12T9 r=16 k=2
8592729660654698689792,0,17834733970146486182912,0,-32891069921751391557568,0,6731812693603719184768,0,-506799263429626234432,0,13670740314450178704,0,88387128298915572,0,-8960387501741460,0,72235232111921,0,460318727608,0,-3603903958,0,-628,0,1 # block t=6143 q=12T9 r=16 k=2
1598680425903328663641,0,7764351623497535734836,0,320467275217316152266,0,-27323261988976214636,0,539458852406457503,0,-2440775509686712,0,-50332053184596,0,741945945320,0,-2504678169,0,-19817468,0,214442,0,-764,0,1 # block t=6143 q=12T68 r=16 k=2
355949441,0,3220812670,0,-55542210567,0,12787603860,0,5689235307,0,-1972396660,0,64577022,0,40451960,0,-5984549,0,320550,0,-5311,0,-60,0,1 # block t=6143 q=12T9 r=16 k=2
27512977022513152,0,47376985176915968,0,-8531795395445760,0,-15912866482667520,0,5495105397899520,0,-248694099750912,0,-68256750674944,0,2231612080128,0,399048966000,0,11401062080,0,96735716,0,19552,0,1 # block t=6144 q=12T9 r=8 k=1
21704795652904228307116,0,66652396533896479119632,0,27384251807045604499476,0,-84582886466895315329200,0,-95466446876601554508600,0,-31988431381586378738318,0,-2601649619869975099009,0,-54566231893699214166,0,4307075779741967,0,205888248991214,0,-56688678763,0,374038,0,1 # block t=6144 q=12T9 r=8 k=1
4887529089540503172544,0,47643466412252762456512,0,-20555594614512029686592,0,-8099507763491174004256,0,-854576200190885767300,0,-32479763784689268132,0,-161416643639571222,0,12611050459842460,0,124228200954537,0,-451905965626,0,-3891687292,0,170,0,1 # block t=6144 q=12T9 r=8 k=1
19027597047535023993,0,46393529818638175020,0,16538350362759955710,0,-8161097637925457868,0,-6053077060057978865,0,-1249243692130970920,0,-83046568234632924,0,1164811704180680,0,122026778601015,0,704823356,0,-33625570,0,-60,0,1 # block t=6144 q=12T9 r=8 k=1
198226888248974494927,0,297583883633834298941,0,91366009049181660943,0,12270222115973173158,0,850317337908554039,0,30422440031305417,0,421829619886248,0,-4586220619819,0,-178729333083,0,-363799870,0,17567933,0,-12387,0,1 # block t=6144 q=12T9 r=8 k=1
338453882980198345559808,0,411208058320994750231808,0,-317265119388367313627520,0,59155029518524425531648,0,-1877185270840115513952,0,-337003024014944193216,0,13258042635637341001,0,745997054112223056,0,4782135906973063,0,9529663342280,0,4522117015,0,160636,0,1 # block t=6144 q=12T9 r=8 k=1
5642567957684503,0,18630742231773993,0,21871807556934567,0,10203786892418098,0,1063643152743459,0,-290861361970263,0,-31202324888088,0,3167278100757,0,18499764537,0,-746466314,0,-4188579,0,-1455,0,1 # block t=6144 q=12T9 r=8 k=1
824326457822980776304,0,3234898538164714917264,0,2355225212086880527048,0,584808818738024830016,0,69931152917287051152,0,4388166756439042052,0,131955525685767274,0,671362474211176,0,-52810181048875,0,-715353259280,0,5202683120,0,-164900,0,1 # block t=6144 q=12T9 r=8 k=1
17583141465840520875472,0,26224636740371701309984,0,7355439766586497241904,0,-1163249722160527351168,0,-305112729460321898832,0,-18707566292626715472,0,-338493851640892840,0,839940637236024,0,9564719217000,0,-1243230664,0,-8826380,0,204,0,1 # block t=6144 q=12T68 r=8 k=1
25379331166587988,0,12578660588835312,0,-213878924609179068,0,-306278316489569088,0,-150004774846115700,0,-33940089945093702,0,-3700779993692959,0,-165942771149856,0,-803802915297,0,34799309290,0,-82608789,0,9324,0,1 # block t=6144 q=12T9 r=8 k=1
1654449633050172155072,0,4808464166535395044032,0,-20126097559142776192,0,-641391733623388999392,0,109708909544544687500,0,-961040045836695396,0,-706755328950950746,0,19010142229524716,0,989600889199431,0,10128860428568,0,25660073043,0,329790,0,1 # block t=6144 q=12T9 r=8 k=1
6010228618552569940175,0,30473573428825329452910,0,323289017838385902572,0,-251152440802299939326,0,-19040117782165547845,0,-639234061846539412,0,-11423195321840080,0,-101916895528604,0,-202501342283,0,3286807494,0,17431716,0,-9734,0,1 # block t=6144 q=12T9 r=8 k=1
101083177249,0,1209028799412,0,3489636232866,0,3535653208740,0,182185385775,0,-1767426826392,0,-840165594788,0,-43387002648,0,1205239695,0,25674468,0,-255966,0,-396,0,1 # block t=6144 q=12T9 r=8 k=1
81253344287499270304192,0,635712212004022624844864,0,62683457121469271091120,0,-583832537561569086064,0,-335843167431469476916,0,-18819929705317884492,0,-459118161877918166,0,-3954259838442522,0,43223538130625,0,1148188462132,0,6734861088,0,-164438,0,1 # block t=6144 q=12T9 r=8 k=1
18665484048576,0,-4072706092800,0,-116467991131968,0,-154720218247104,0,-79370804930616,0,-17595650271456,0,-1294218794792,0,36755012256,0,2259555882,0,-6271360,0,-313392,0,24,0,1 # block t=6144 q=12T9 r=8 k=1
113758357698155925619,0,789615811192923629333,0,259879642350125311587,0,20456671888582272980,0,-1940413455631651673,0,-379258566813598519,0,-18202529613991158,0,-120837547163433,0,6833921446217,0,-44532346126,0,71435343,0,-17887,0,1 # block t=6144 q=12T9 r=12 k=2
3369519949025333272576,0,12429145939803225554944,0,1937427024215281061888,0,40581346328401592320,0,-5855370936845658624,0,-280522875643991040,0,699437497257344,0,215233012893632,0,2515699018610,0,-9534550768,0,11510968,0,-5700,0,1 # block t=6144 q=12T9 r=12 k=2
278217519944854744064,0,808453359793738823680,0,800677408840318111872,0,354316418817088105408,0,73709514958427587852,0,5776696640864302724,0,-148189067817089350,0,-25160860591782024,0,901691712675101,0,-8917739239382,0,26946029392,0,-327982,0,1 # block t=6144 q=12T9 r=12 k=2
28277454662088256,0,0,0,-118591074865076352,0,0,0,156835931719134120,0,0,0,-63613900186120712,0,0,0,9552400367946,0,0,0,-46591656,0,0,0,1 # block t=6144 q=12T9 r=12 k=2
1217953501,0,1104242527,0,-6361266145,0,-11239524348,0,-6767296399,0,-1440089459,0,100051658,0,64079357,0,87629,0,-923068,0,41947,0,-401,0,1 # block t=6144 q=12T9 r=12 k=2
637607557823809003,0,5966708461485698388,0,6703877248825638735,0,1777908042112165160,0,134041457335284225,0,-5674937784272352,0,-813601266513888,0,10044540161712,0,1366710128955,0,-34131927700,0,217010409,0,-29304,0,1 # block t=6144 q=12T9 r=12 k=2
67108864,0,7097919995904,0,1917977769279488,0,-3190913197594640384,0,2957693919438274560,0,-200270260796195840,0,-101613643140783552,0,-4618243025111008,0,6934274663936,0,210672710520,0,-321814952,0,20494,0,1 # block t=6144 q=12T9 r=12 k=2
699907167808,0,8643531430656,0,16526884225472,0,-41596491057024,0,-3377864706136,0,6670231296384,0,-319734872872,0,-22272206256,0,306928633,0,5027844,0,-29170,0,-204,0,1 # block t=6144 q=12T68 r=12 k=2
15809606599699128019,0,28326652423464609576,0,13541349604996589784,0,1736590015978674016,0,-25894455150480885,0,-15950776394200752,0,-497142938924832,0,29281057557696,0,720393339105,0,-29782376120,0,216322056,0,-29280,0,1 # block t=6144 q=12T9 r=12 k=2
17252600203905181496625,0,-6290669817511944309900,0,-34732714469506370198190,0,16571833498774468165764,0,13678911986578490926287,0,-4501349672874883895448,0,-1833930758179131889988,0,463628290645859880,0,30684076256789727,0,-223947774428,0,-6200267502,0,84,0,1 # block t=6144 q=12T9 r=12 k=2
25057691502950803252284,0,53706920574923457971868,0,-33566742051115676838168,0,7606624375965606540556,0,-860945784545079787448,0,50968181744434558194,0,-1375184583704626407,0,4265382506557777,0,315012130312404,0,1516649584059,0,1302121566,0,84385,0,1 # block t=6144 q=12T9 r=12 k=2
19444891314989825437696,0,24815029178095207100416,0,-2522289729471956258816,0,-310649946115005460480,0,57073165672176235008,0,-3012643753032971520,0,46150780248359680,0,1142210400576832,0,-38448400921600,0,-26792612128,0,6778567752,0,164668,0,1 # block t=6144 q=12T9 r=12 k=2
689386593143887233024,0,4324820593040828006400,0,2773594401461885509632,0,723856566472337319936,0,91355695850611736640,0,5211433393762269312,0,64772246123691232,0,-2976592279528608,0,21567394310676,0,-54374211200,0,50319420,0,-13128,0,1 # block t=6144 q=12T9 r=12 k=2
5475408397412040260244,0,49687611951953539583136,0,-48171310187447608034652,0,967446354399337788624,0,569219121360782278092,0,-39593930656028434224,0,709655797748192516,0,160130110634888,0,-12309038324860,0,-1749126200,0,43242894,0,15000,0,1 # block t=6144 q=12T68 r=12 k=2
3696534699409,0,11053355649660,0,9125712262002,0,-80256552084,0,-2844509505393,0,-910011622536,0,8474925052,0,20320258104,0,-1179216705,0,7533324,0,170418,0,-1188,0,1 # block t=6144 q=12T9 r=12 k=2
1731748073225133064448,0,18275245353392281585152,0,-48488421761712811899392,0,-14190673763176725346048,0,27706396468687875156944,0,6281675637079072665664,0,185536810139074179520,0,-16056979692276277288,0,247293009437989457,0,-1240542023332136,0,1947273428238,0,-2790544,0,1 # block t=6144 q=12T9 r=16 k=2
9577628606090256175,0,28421604951872562015,0,3340273329172304859,0,-3126037327706713576,0,-526923079309131237,0,49656278077086789,0,6408077787609900,0,-507349745466723,0,7714590510969,0,-40408050172,0,64155189,0,-16941,0,1 # block t=6144 q=12T9 r=16 k=2
1571693711453840249,0,4260582262497483480,0,-1080417261970126,0,-8673718681891949160,0,-7450044740156896001,0,-771172324542014992,0,685306721462357404,0,-10279967245602384,0,46766432246695,0,-62592245192,0,36446482,0,-9800,0,1 # block t=6144 q=12T68 r=16 k=2
1069726212550656,0,4482346453972992,0,-5998631481730944,0,2599821544534112,0,-377973224319593,0,-49322350521020,0,24659664430981,0,-3261605243412,0,152767448532,0,2435538692,0,-311031397,0,1124,0,1 # block t=6144 q=12T9 r=16 k=2
4074689751167321505792,0,7180911046635738365952,0,-20578512797205894070272,0,15881934148832253345792,0,-5569551132581202831360,0,928096039330503118848,0,-59682615352465610240,0,-7282426979461632,0,839779179911520,0,-2645424320,0,-425020656,0,48,0,1 # block t=6144 q=12T9 r=16 k=2
164733839049318594714688,0,296621792603170910448576,0,141408816353295549578624,0,9178724604271428166272,0,-2708554245192585938588,0,-95710743315411345644,0,22217322092540854370,0,-786928329681299336,0,9321841454248025,0,-42340716479850,0,58067459548,0,-495938,0,1 # block t=6144 q=12T9 r=16 k=2
19647612012103634288,0,40485693923254037728,0,-26495440299615643488,0,5421021899861381760,0,-459933118904641696,0,16310905768472240,0,-132068068765664,0,-3619893919736,0,34241736304,0,60688024,0,-444072,0,-172,0,1 # block t=6144 q=12T68 r=16 k=2
847351176641950044928,0,2157434800355819189632,0,547688598067341374608,0,-388277067414362238376,0,52408046994116619619,0,-1742243109404267332,0,-80453779508758179,0,4345149684615176,0,10912065111380,0,-862182688328,0,3215842735,0,-164876,0,1 # block t=6144 q=12T9 r=16 k=2
1355335472807859736576,0,2728092836032698015744,0,-2593592364915633231872,0,829518237869305387008,0,-125043746075424747776,0,9007378349308756992,0,-244556827433155328,0,-403350707293440,0,8394086219696,0,502954080,0,-8380984,0,-72,0,1 # block t=6144 q=12T68 r=16 k=2
6233981615832130663644,0,9285398152663435387488,0,716468509282924983876,0,-2993178147491052610808,0,-1066545611731019601280,0,-29516319162646672136,0,16689325724032915589,0,-636353404255113270,0,4261671177878203,0,-9072207126988,0,4452599743,0,-158910,0,1 # block t=6144 q=12T9 r=16 k=2
28745867065681247451625,0,52234785780263072067900,0,-34166910707854696526010,0,-90184133642839481811836,0,-41341788534462302253681,0,-1832847848609908133736,0,1437027645305780936724,0,-9692191231769435832,0,19835509672765575,0,-12993841899668,0,2859444390,0,-102156,0,1 # block t=6144 q=12T9 r=16 k=2
3996353701347328,0,4955969876000768,0,-1487918536736768,0,-2460489550168064,0,243456079303680,0,260787521491968,0,-13264524318464,0,-5873820708736,0,497531182928,0,-12545853824,0,91624392,0,-19576,0,1 # block t=6144 q=12T9 r=16 k=2
3322929429028864,0,2274200710807552,0,-3768823303540736,0,664382663634944,0,-31180030879232,0,-1984604639744,0,296085396608,0,-14332772864,0,328775758,0,-2796064,0,-16052,0,268,0,1 # block t=6144 q=12T9 r=16 k=2
4987582460717178827216,0,27332330852464880324208,0,8719689228564881399360,0,-2748399148389392762392,0,-1095717870717574926952,0,2525933436931669836,0,14985710127841885473,0,-637456223971944025,0,4314176104264994,0,-9158251291361,0,4459867670,0,-158929,0,1 # block t=6144 q=12T9 r=16 k=2
3329359153007,0,12590912333364,0,13056062977799,0,-1847090280848,0,-6838591590595,0,595528374608,0,1324635101012,0,-421689602600,0,44371718923,0,-1796256228,0,23004045,0,-9800,0,1 # block t=6145 q=12T9 r=16 k=2
38512840092940712343616,0,82563569826333559252064,0,43471715964525733356968,0,1600523462956904110488,0,-1581160099228325190047,0,-39624023961122476370,0,18819124325167036501,0,-698060844370994186,0,8484356026845868,0,-39895327871146,0,59753908509,0,-494730,0,1 # block t=6145 q=12T9 r=16 k=2
21731741761893564416,0,7960238409953312768,0,-31086516677904695296,0,18936729974982180864,0,-5032806644582916096,0,623246379328094208,0,-28192545965299712,0,-159248678300160,0,2265031758384,0,1145570512,0,-3007636,0,-684,0,1 # block t=6145 q=12T68 r=16 k=2
514201268730841628675,0,582742344128937930375,0,-327022619011662323781,0,53010064163664386306,0,-1910755710681993285,0,-330237714695940225,0,37443837689697664,0,-1305494520215217,0,10357462794213,0,60184269690,0,-255051903,0,31119,0,1 # block t=6145 q=12T9 r=16 k=2
7153885674592430848,0,1116883225585846272,0,-12571183113497092544,0,8966793195643460160,0,-2585553468231284640,0,356490434280132576,0,-23881777791749628,0,635309778107244,0,2840817229537,0,-270114844902,0,-1357053885,0,31050,0,1 # block t=6145 q=12T9 r=16 k=2
721079868054546432,0,-324225286561308672,0,-4409746247276107776,0,7057235346947629056,0,-3887008853058588672,0,899677080216414720,0,-74231771670984320,0,-158835981992064,0,9921639651720,0,934869760,0,-46743312,0,-24,0,1 # block t=6145 q=12T9 r=16 k=2
1811484743551,0,377636442246,0,-1691696744212,0,884452740582,0,-177529402925,0,3504217684,0,4916006552,0,-962336060,0,83909741,0,-3513978,0,48316,0,502,0,1 # block t=6145 q=12T9 r=16 k=2
102017996491,0,-181392971208,0,-102584467688,0,279848586204,0,-114478028325,0,15001882488,0,45285196,0,-119428824,0,3713897,0,137880,0,-4200,0,-36,0,1 # block t=6145 q=12T68 r=16 k=2
278643215013527619,0,-556132530934854315,0,-250834778395498287,0,635008203047318614,0,-310327821997914391,0,62417523217818107,0,-5243001758551570,0,141033346725355,0,1207564977415,0,-24204277192,0,-80294483,0,-10281,0,1 # block t=6145 q=12T9 r=16 k=2
16671500000000,0,68965740000000,0,77222465200000,0,3989824544000,0,-24947756264400,0,-393108149280,0,3145988036624,0,-667233337548,0,54375428145,0,-1910723460,0,24399190,0,-9800,0,1 # block t=6145 q=12T9 r=16 k=2
46186843456549092552300,0,55990888972861412194920,0,-24368045141498108375304,0,2831518964165553483048,0,16712528016161106216,0,-25077953042527201740,0,1687864896254258901,0,-34330456128908358,0,-55811579281461,0,815852712672,0,-729570141,0,30498,0,1 # block t=6145 q=12T9 r=16 k=2
811344304408422656,0,1563240700450601984,0,521486671198261056,0,-196839532411996224,0,-44857394014665600,0,7865150685137248,0,793277785367508,0,-103682711898500,0,3539061688345,0,-47203241940,0,218927450,0,-29376,0,1 # block t=6145 q=12T9 r=16 k=2
8851820825510122881024,0,29506922632934923960320,0,16150476467618885140480,0,2529583293420185321472,0,-72500883469242974208,0,-25830377075738689536,0,1104320690821883904,0,-14868045569434624,0,69836015779296,0,-93883008960,0,51119088,0,-12024,0,1 # block t=6145 q=12T9 r=16 k=2
327978353365069960192,0,-46468161310719495680,0,-304986702525755342592,0,214697692047878822912,0,-59046074403191663536,0,7423304819006684144,0,-390303200659853273,0,6642909442575239,0,19319937391880,0,-233278840133,0,-346315646,0,-21031,0,1 # block t=6145 q=12T9 r=16 k=2
521215248748941147136,0,1737883534678898855936,0,-283412689190485747712,0,12929342430559857664,0,189319144689718144,0,-34139534965517568,0,1095748512453056,0,-14026019688128,0,52582773468,0,181379072,0,-577260,0,-384,0,1 # block t=6145 q=12T9 r=16 k=2
4766279,0,-8212008,0,4253354,0,-837012,0,138467,0,95508,0,71438,0,-152852,0,67081,0,-13646,0,1421,0,-70,0,1 # block t=6146 q=12T56 r=8 k=2
615334400855693,0,-1416223182745682,0,1400699947680387,0,-748138837931734,0,226401828799110,0,-39032441954994,0,3728706475010,0,-101817414822,0,1771385178,0,-18789634,0,135010,0,-576,0,1 # block t=6146 q=12T56 r=8 k=2
13122965335177457056963,0,10368927690647541990738,0,-34687723603911731775566,0,-30451320389750321580668,0,-9384815700051848902975,0,-1268908076734871014708,0,-64361057450938589641,0,-64254368062924270,0,216709268709740,0,83464866466,0,-114456119,0,-2538,0,1 # block t=6146 q=12T56 r=8 k=2
216788031421566821,0,-202082913085028814,0,55100297544132129,0,-7535208060169322,0,624794589209488,0,-34356855954254,0,1311395955995,0,-35450209340,0,679142381,0,-9043690,0,79786,0,-420,0,1 # block t=6146 q=12T56 r=8 k=2
2950728409,0,-6563676160,0,6123519808,0,-3589093714,0,1679527340,0,-626970556,0,168173095,0,-31892672,0,4439972,0,-422374,0,24376,0,-296,0,1 # block t=6146 q=12T56 r=8 k=2
2161983825721,0,-3521590079604,0,2334295012890,0,-768049824488,0,131619670209,0,-31806708768,0,11424472314,0,-1169979408,0,61189542,0,-1807844,0,30684,0,-276,0,1 # block t=6146 q=12T56 r=8 k=2
2347008802433,0,-3951255418029,0,2725923487225,0,-1044405448856,0,256120036640,0,-42183648784,0,4683652987,0,-353653262,0,19118042,0,-768187,0,20112,0,-290,0,1 # block t=6146 q=12T7 r=8 k=2
2174299,0,7882484,0,9211765,0,3676454,0,-621567,0,-912384,0,-214628,0,11150,0,9675,0,470,0,-150,0,-8,0,1 # block t=6146 q=12T56 r=8 k=2
219116563734119603,0,-379984577358018312,0,241893057135043465,0,-62207455746658354,0,3720735723732150,0,-322907801807738,0,325810205157081,0,6842873230546,0,46123410671,0,70994392,0,-317880,0,-654,0,1 # block t=6146 q=12T56 r=8 k=2
2832076960027,0,-1634246990138,0,-2804189028648,0,2502918196584,0,-218831770589,0,-248965262318,0,35809120731,0,5721183262,0,275757704,0,6359970,0,75845,0,444,0,1 # block t=6146 q=12T56 r=8 k=2
48123809,0,-22724064,0,-28365628,0,14068502,0,8033284,0,-8543216,0,3901939,0,-1315916,0,311432,0,-43562,0,3132,0,-96,0,1 # block t=6146 q=12T56 r=8 k=2
9710055893,0,-12775541018,0,7121067724,0,-2866512850,0,1037389582,0,-305912030,0,71730764,0,-14249674,0,2230666,0,-226536,0,11917,0,-220,0,1 # block t=6146 q=12T56 r=8 k=2
468041551241528393087,0,1731765496246377263602,0,2176090859679561002605,0,747896690537184945716,0,-515911241521083385715,0,-421725841530921659856,0,-70283134458842462928,0,1931049951306120,0,241377737279601,0,-1168877800,0,-116887736,0,12,0,1 # block t=6146 q=12T56 r=8 k=2
10791047,0,-20006326,0,34194840,0,-37442838,0,30150068,0,-19819284,0,9833963,0,-3757434,0,1087908,0,-192726,0,15496,0,-236,0,1 # block t=6146 q=12T56 r=8 k=2
42436611013,0,-77059739314,0,59338253119,0,-26517655430,0,7791771751,0,-1601323826,0,237430336,0,-25689038,0,2018027,0,-112436,0,4222,0,-96,0,1 # block t=6146 q=12T56 r=8 k=2
24983072343169817653363,0,86932822967449802061920,0,-66622012870566880992412,0,-184614540731830861803302,0,-76343151221118046396521,0,5633860293593701807086,0,5270667412238368675849,0,-14693719432476614768,0,14712988955768984,0,-6387395204798,0,1154555595,0,-61718,0,1 # block t=6146 q=12T56 r=16 k=0
28773013952495267749,0,24791477145028561058,0,-72422584059044344979,0,-105749391137164600720,0,-43939261423822313958,0,-3389737854050815750,0,908274555858070801,0,-8401889826460696,0,29496862016994,0,-47959353406,0,35828317,0,-10384,0,1 # block t=6146 q=12T56 r=16 k=0
19746424685551377190133,0,43363111070291932346114,0,28365076392243717663429,0,5925870490952977463238,0,24809766141261091162,0,-59924268519043991124,0,2314752734067650723,0,-18033652399942146,0,59418585211344,0,-94033513186,0,66661176,0,-14736,0,1 # block t=6146 q=12T56 r=16 k=0
815520662857817,0,1083117540934884,0,-5791533764323860,0,-7029533702481956,0,-2042498521361757,0,65585479362360,0,50716897554022,0,-2284953490676,0,37280522179,0,-283642786,0,1043345,0,-1720,0,1 # block t=6146 q=12T56 r=16 k=0
61905546687389887,0,545967363478752054,0,-281430784801831347,0,55371929492505600,0,-5201587399636276,0,220769938117116,0,-1948357062002,0,-98306494776,0,1116312909,0,9160110,0,-98215,0,-108,0,1 # block t=6146 q=12T56 r=16 k=0
1338047653507747,0,-119078966494670,0,-1587095336332408567,0,108789826270037688,0,27970251735950045188,0,-28043942398302190,0,-380671114836624927,0,-12052477862865348,0,98771464815620,0,-204978876434,0,132832905,0,-21820,0,1 # block t=6146 q=12T56 r=16 k=0
3621800856094109495023,0,4115844740886030410356,0,-6584276921796905388435,0,2985643520766536629138,0,-623206322572609944672,0,61725155325330256606,0,-2315510730182584778,0,-34397054550614,0,22324320418134,0,-1176867198,0,-32650926,0,168,0,1 # block t=6146 q=12T56 r=16 k=0
1949755223025232599943,0,1196002504825333892346,0,-4756060549837081121527,0,3492446879300456319044,0,-1122720300301378974423,0,166773590060161150092,0,-9018340511940335598,0,-19441612127355504,0,313823047847110,0,50849057666,0,-414678809,0,-284,0,1 # block t=6146 q=12T56 r=16 k=0
218668032894136964209,0,1033055388016233857732,0,717166690120271862510,0,121379892903267485600,0,-16425939806462663444,0,-3621344830848993996,0,204347127670943036,0,-2431116254029720,0,12121820067177,0,-28575357396,0,29843672,0,-9912,0,1 # block t=6146 q=12T56 r=16 k=0
5859676880427135846521,0,31582601831950586515266,0,-85387367480773619220827,0,76663065831205232201852,0,-32582044017475087729381,0,6723416067926019893980,0,-544127304413600661398,0,-3495912914043260,0,974421177632376,0,-1724354262,0,-241097347,0,28,0,1 # block t=6146 q=12T56 r=16 k=0
12944976786054063220141,0,10269101374719739127800,0,-11792518882491690754348,0,3892310085327091853132,0,-604741521239756172665,0,46035241876670470456,0,-1397191657421508753,0,599659929232720,0,16822863773092,0,-3830276282,0,-30046775,0,384,0,1 # block t=6146 q=12T56 r=16 k=0
68713,0,178105444,0,-623213934011,0,219942561863516,0,-9467670840657914,0,9051113749549704,0,-1200857393062900,0,-27119917517700,0,-25135388,0,934845280,0,-1218386,0,-1732,0,1 # block t=6146 q=12T56 r=16 k=0
67487584639153,0,-153984692655038,0,-283318363868085,0,1323960155839266,0,-1754758942783283,0,1045833468457918,0,-255201344644280,0,10034636410744,0,-51878064146,0,-634660452,0,-358603,0,2118,0,1 # block t=6146 q=12T56 r=16 k=0
29471854016056102264489,0,43038136386198848903080,0,-98590530711055067013838,0,60927565898749774622236,0,-16685382138959238219870,0,2036213867484238471264,0,-81523203300662535938,0,-62264035622049036,0,253822788292590,0,65229083558,0,-118906607,0,-1768,0,1 # block t=6146 q=12T56 r=16 k=0
780859224211277,0,-1907520178192808,0,1914876371530036,0,-1016658589800750,0,305791324463066,0,-51767158986002,0,4623461361956,0,-195884333138,0,4295375018,0,-50735180,0,314793,0,-922,0,1 # block t=6146 q=12T56 r=24 k=0
191572423094973319659968,0,-297803414426388754782272,0,180692376655805879975584,0,-56060471523962137573088,0,9530012075890507788672,0,-857223141035404286320,0,33675997419185603856,0,-206283723282932144,0,487677170363044,0,-506451557928,0,218359690,0,-26952,0,1 # block t=6146 q=12T56 r=24 k=0
13953546337590577577,0,-22738794355209035906,0,11175981261974143259,0,-2670799528589760368,0,360551655830877017,0,-28965393668099650,0,1385431159800419,0,-37702558608198,0,519818499993,0,-2813544736,0,6242603,0,-4974,0,1 # block t=6146 q=12T56 r=24 k=0
1415271131035039913537,0,-3126860989664028580740,0,2749460838185354296290,0,-1213394007604044679288,0,277739362071759743017,0,-30686180753387988440,0,1363413395119747328,0,-10779560186462472,0,34788918507107,0,-53220845324,0,37924175,0,-10648,0,1 # block t=6146 q=12T56 r=24 k=0
4853674477982279389567,0,-9455564814444666658294,0,6686151316257818539099,0,-2105536829018193220092,0,297794799672520784477,0,-17049429997796517206,0,403860022554197741,0,-3612841315888492,0,15293974804767,0,-32396713134,0,31553795,0,-10068,0,1 # block t=6146 q=12T56 r=24 k=0
7558497540415,0,10658529670782,0,6141800040159,0,1985401729048,0,408327195591,0,56867260608,0,5535084867,0,381089970,0,18481293,0,617242,0,13503,0,174,0,1 # block t=6147 q=12T66 r=0 k=1
64310654378014053088,0,82752009697549528672,0,32424424743482924432,0,6518661995549647616,0,795422055789101672,0,63194337520341744,0,3349246762919336,0,117452610012784,0,2609385237408,0,33112376924,0,181056258,0,-26752,0,1 # block t=6147 q=12T66 r=0 k=1
6050248,0,23524432,0,40387216,0,40569300,0,26600236,0,12011040,0,3835314,0,873928,0,141254,0,15819,0,1167,0,51,0,1 # block t=6147 q=12T100 r=0 k=1
268371250129,0,713230899836,0,775327321694,0,455825145926,0,157940547673,0,31968060696,0,3370627003,0,125803402,0,-1079336,0,-28414,0,4741,0,-82,0,1 # block t=6147 q=12T100 r=0 k=1
11680531692526297672,0,32079438588180979992,0,35891831656202530824,0,21150076432619802552,0,7096256051049484666,0,1379148951581462310,0,152459412735796903,0,7895418852618432,0,-163369352614343,0,1302108383802,0,364759808,0,83214,0,1 # block t=6147 q=12T66 r=0 k=1
106276891199625170131,0,116283682321452878892,0,8186012328346901070,0,-7831678095283800308,0,-763771281236580471,0,1717839013701189960,0,180937183026645108,0,4695163129577448,0,-6014015373471,0,92437402248,0,-173742078,0,82128,0,1 # block t=6147 q=12T66 r=0 k=1
24399140224562464,0,55406026291816288,0,53992314428218448,0,28657970817440768,0,8971736569850632,0,1736571546475760,0,212221950576168,0,16230035486000,0,740595663544,0,18087650172,0,178976986,0,-26848,0,1 # block t=6147 q=12T66 r=0 k=1
1765263427541,0,3515673998614,0,2690169918921,0,1192420412762,0,414840790430,0,113050622542,0,18855456569,0,1284600342,0,58647174,0,-94254,0,15729,0,-34,0,1 # block t=6147 q=12T100 r=0 k=1
106939065745486895701,0,94575124123428894700,0,6090993490837492918,0,1983961574986446556,0,210789396887721093,0,10207658738659654,0,275540353898023,0,4445251400340,0,42724646330,0,225316706,0,498047,0,74,0,1 # block t=6147 q=12T100 r=0 k=1
3457540518800756349704,0,2841612349824425370056,0,326791110097326674328,0,18063679113981351880,0,607928248394802326,0,13719016718150706,0,217311709891395,0,2462212783118,0,19941284047,0,113089458,0,427600,0,970,0,1 # block t=6147 q=12T66 r=0 k=1
4096,0,319057920,0,6706003856384,0,-82156830001152,0,223998765487360,0,227100572130560,0,318896091584,0,-92659468480,0,39142793552,0,1837885536,0,1133836,0,5276,0,1 # block t=6147 q=12T66 r=0 k=1
19050496,0,57610240,0,78592000,0,64598016,0,35814912,0,14137856,0,4072896,0,861440,0,132576,0,14480,0,1068,0,48,0,1 # block t=6147 q=12T66 r=0 k=1
83233346635051517,0,151144367838402008,0,96274720919886878,0,31829542778285680,0,6210970468017991,0,747283685819280,0,54944883384724,0,2280087235456,0,42957749403,0,306913368,0,1018990,0,1616,0,1 # block t=6147 q=12T66 r=0 k=1
163463817475476877,0,139603995016233012,0,6610909926602535,0,-31946685284335,0,-213656027105889,0,-15047422290216,0,1114875751974,0,79852003578,0,162112635,0,-4137028,0,157707,0,813,0,1 # block t=6147 q=12T66 r=0 k=1
12579448733982104501873,0,8129611137136949515364,0,836670344392413988114,0,41778983337624053908,0,1274325126693804623,0,26110876444472776,0,376042725863228,0,3878252888392,0,28621094431,0,148058068,0,511186,0,1060,0,1 # block t=6147 q=12T66 r=0 k=1
444508506620908207537,0,-163677770133659223119,0,-34146133343250964351,0,-3114285077403804700,0,-114858103090025954,0,-5030611890883675,0,729058697325192,0,-1071944826153,0,-16836622703,0,-283475949,0,122570,0,976,0,1 # block t=6147 q=12T66 r=8 k=0
206338308989708816,0,6374828267188640160,0,798084556370128304,0,-137366116929569840,0,-5265994632027812,0,335380242116456,0,7691041939716,0,-274204493020,0,-4110429003,0,70304740,0,733686,0,1720,0,1 # block t=6147 q=12T100 r=8 k=0
75485364411400,0,2166290657148688,0,-154632963726860,0,-1261015502694100,0,-346490924023484,0,-32438260480580,0,-1032950651371,0,7542148306,0,857944181,0,7341316,0,-89744,0,-442,0,1 # block t=6147 q=12T66 r=8 k=0
5729376721943872,0,-5881696260846336,0,2063368350027328,0,-374266954859392,0,40597407630608,0,-2806039892096,0,127349859872,0,-3889511360,0,84326756,0,-1422400,0,18784,0,-168,0,1 # block t=6147 q=12T66 r=8 k=0
261095864795773291321,0,-257372975260587716624,0,34173722508397296774,0,-2054534416755424824,0,70041606144655423,0,-1478371773391024,0,20408619059668,0,-202382806208,0,1754685863,0,-14940800,0,103110,0,-456,0,1 # block t=6147 q=12T66 r=8 k=0
42534028156549429,0,-42190820076644440,0,12519871925289806,0,-1922962214467765,0,182606927037373,0,-11623783102303,0,516062931598,0,-16241673455,0,361822740,0,-5594400,0,57345,0,-353,0,1 # block t=6147 q=12T66 r=8 k=0
778479911905792,0,-711392346164352,0,208485382750880,0,-37108948731096,0,4776478492116,0,-439676208892,0,28631455903,0,-1250424787,0,37622904,0,-800681,0,11656,0,-132,0,1 # block t=6147 q=12T66 r=8 k=0
7385797945213,0,12823181589612,0,3621900354228,0,-611299585876,0,-128918574090,0,10618904844,0,1415457366,0,-64637856,0,-6417171,0,71252,0,11526,0,216,0,1 # block t=6147 q=12T100 r=8 k=0
316794758819524679667712,0,408823571787724490891264,0,31050591283593936332800,0,898070690651386787840,0,10945851189349760768,0,18051099049421824,0,-813526351201536,0,-6156875744512,0,2863681648,0,134689760,0,56680,0,-1128,0,1 # block t=6147 q=12T100 r=8 k=0
155190282250,0,471949686450,0,471236875530,0,104331866548,0,-100240804854,0,-56030709186,0,-4795134483,0,1179451368,0,30754719,0,-4076552,0,-5787,0,276,0,1 # block t=6147 q=12T66 r=8 k=0
99409521529,0,-154860414172,0,103981479048,0,-41251822076,0,10996743439,0,-2096553232,0,293985420,0,-30505936,0,2317247,0,-125220,0,4556,0,-100,0,1 # block t=6147 q=12T66 r=8 k=0
1084667191177561,0,12184242592766040,0,6946379673238242,0,1168755247216936,0,12632484606463,0,-18039248072976,0,-2335317056708,0,-131062247216,0,-3339943609,0,-19918024,0,376130,0,-1144,0,1 # block t=6147 q=12T66 r=8 k=0
5624609855784125628416,0,-5518851766159382839296,0,808527849865734447104,0,-50542912949553684480,0,1732486509753295872,0,-36017759491337216,0,475023926396672,0,-4074421792256,0,23617317408,0,-99984288,0,316008,0,-632,0,1 # block t=6147 q=12T66 r=8 k=0
2318217135336181,0,-2059102084169562,0,-7899063629373573,0,-3900218267234102,0,-665271549918747,0,-48573608270004,0,-1343334604521,0,8075263986,0,957974643,0,8784508,0,-84543,0,-492,0,1 # block t=6147 q=12T66 r=8 k=0
7616866184672595776,0,-7427746357564491520,0,1744634768586125376,0,-195626938831928320,0,12823598038212112,0,-537336569736128,0,15024787105568,0,-285531913056,0,3697846052,0,-32303776,0,184576,0,-632,0,1 # block t=6147 q=12T66 r=8 k=0
598410701608586989,0,12688370956571303748,0,-25093408353644766626,0,12903420342755210764,0,-2960200953983210041,0,333478929615996072,0,-15918714671272140,0,-14289416145640,0,16648950080555,0,137210999636,0,81008014,0,15772,0,1 # block t=6147 q=12T66 r=12 k=1
609361541,0,64308767276,0,1235619198028,0,2728510289700,0,1834600997658,0,307727275088,0,-66611603210,0,-11761032072,0,1639339429,0,-49191768,0,466686,0,-1532,0,1 # block t=6147 q=12T66 r=12 k=1
75239424,0,149594112,0,-11544576,0,-42227712,0,67328,0,4271104,0,57600,0,-187648,0,-1936,0,3488,0,-40,0,-24,0,1 # block t=6147 q=12T100 r=12 k=1
5883730081,0,65802172666,0,-77182563436,0,7515608632,0,4648686051,0,-616903892,0,-52004212,0,6766840,0,313619,0,-25198,0,-1048,0,24,0,1 # block t=6147 q=12T100 r=12 k=1
1268,0,46932,0,-8719408,0,116448456,0,1683411280,0,2589705892,0,-1065647207,0,-50533602,0,22845643,0,-915964,0,-8921,0,122,0,1 # block t=6147 q=12T66 r=12 k=1
81318537819520832,0,487580388723618368,0,-30525674575370968,0,-120588795891030564,0,-23443547709312627,0,-1392157876645324,0,-20858691887716,0,431353773164,0,6144676978,0,-114307924,0,605692,0,-1320,0,1 # block t=6147 q=12T100 r=12 k=1
73069544805247105,0,519449038877669624,0,-281606332379281042,0,36314361858394968,0,5748169761513487,0,-2024450187587380,0,190883008242108,0,-3322209791804,0,-466548810817,0,20270666492,0,26857862,0,9444,0,1 # block t=6147 q=12T66 r=12 k=1
872016355655726582464,0,3560441371015417762560,0,-2198195616149144060816,0,395299306287910038800,0,-28863270726099876444,0,903859797293131576,0,-9641761715479348,0,-49682740347784,0,880189889705,0,4545927400,0,7634334,0,5040,0,1 # block t=6147 q=12T100 r=12 k=1
708855229438129,0,5710412418350744,0,-1740940000326784,0,-24000330496888596,0,889552925964079,0,10831517512407770,0,-1284489983342592,0,5043700413802,0,993365310671,0,-11625044698,0,1750928,0,4914,0,1 # block t=6147 q=12T66 r=12 k=1
15894556,0,-5086056,0,-75827736,0,-20755040,0,92524212,0,83057940,0,23107812,0,638352,0,-530226,0,-24722,0,4524,0,-126,0,1 # block t=6147 q=12T66 r=12 k=1
634402,0,1100692,0,-4702964,0,-861542,0,7051879,0,-1580298,0,-1822620,0,162450,0,59737,0,-5056,0,-440,0,28,0,1 # block t=6147 q=12T100 r=12 k=1
42575840,0,136109533184,0,83240997821600,0,-6308154148947632,0,94329750721392576,0,-333825331947593876,0,-159296512411713806,0,14647653407131902,0,241268533086668,0,-6665953969054,0,497172314,0,54084,0,1 # block t=6147 q=12T66 r=12 k=1
55753480944732604131972,0,126408772972180636291368,0,-112870978507970253914040,0,30190083449651968659372,0,-3680685516934210791447,0,226814536651410472860,0,-6795866603115435960,0,72938985491279556,0,219377380838562,0,200971163772,0,80911440,0,14832,0,1 # block t=6147 q=12T100 r=12 k=1
11459588295622868,0,53733958143560076,0,6924801530925744,0,-12257462589939362,0,-546067636625787,0,540489977000932,0,-57431619307782,0,2243018204644,0,-31152452678,0,174827728,0,-339982,0,-210,0,1 # block t=6147 q=12T100 r=16 k=0
148035507036695392,0,3270392716044092448,0,-151762519193249600,0,-10927968752606368,0,882595812826104,0,-12371401484944,0,-622330950280,0,28497938996,0,-476363914,0,3033416,0,10966,0,-254,0,1 # block t=6147 q=12T100 r=16 k=0
117040825359775,0,-889702659366570,0,-6413120167362806,0,42570033970479668,0,-11912425810889498,0,264994834724380,0,15710049092584,0,-404019294530,0,-1555233637,0,78499654,0,-472464,0,554,0,1 # block t=6147 q=12T100 r=16 k=0
4462112075010230169118,0,81112741251607492252764,0,-10110111191775731527214,0,299242195256038920249,0,-1905698062907217509,0,-42119250172368524,0,701412299257406,0,-2377270298806,0,-19529601398,0,180863964,0,-462092,0,33,0,1 # block t=6147 q=12T100 r=16 k=0
26459,0,104620,0,-88528,0,-502366,0,-38769,0,450380,0,-55700,0,-113940,0,55025,0,-10952,0,1100,0,-54,0,1 # block t=6147 q=12T66 r=16 k=0
778438458916,0,291494438008,0,-1896190417754,0,-1131241173970,0,222154403015,0,94119535630,0,-27095118861,0,2443494990,0,-88715528,0,1254282,0,153,0,-156,0,1 # block t=6147 q=12T100 r=16 k=0
236921541521340415811,0,-741371871787530944468,0,-197879960466655724628,0,2903316292076876283124,0,-3550808294955860939933,0,1467998818256358252656,0,-117816758970728369584,0,-372403379143879776,0,12708569367991289,0,-29472114544700,0,220666084,0,64268,0,1 # block t=6147 q=12T66 r=16 k=0
29005719781778434907,0,9870599883696550377118,0,-123934121224669588045438,0,118719643639381053797596,0,-4636659773532514500182,0,-155443101539206409600,0,1393353378554610196,0,8282531193328838,0,-69535831094633,0,118709836950,0,-67298224,0,8846,0,1 # block t=6147 q=12T100 r=16 k=0
2617080820433465955697,0,2370943200367680125140,0,-427168129458880360974,0,26972581922979994148,0,-727275149718702129,0,4973864846051880,0,127634720186236,0,-2077308736408,0,3088492191,0,58355716,0,-137550,0,-396,0,1 # block t=6147 q=12T100 r=16 k=0
20576302143478197220561,0,-37265699909053079203240,0,23172081913684118796096,0,-5695983544467558552954,0,501491965416045898317,0,-18175239089691779888,0,307350327387220108,0,-2618350979508134,0,11350223193474,0,-24083481522,0,23921142,0,-9658,0,1 # block t=6147 q=12T100 r=24 k=1
2770378460074450959984,0,-3347318807956648271808,0,771783569480795967216,0,-65585559092003216184,0,2783167118786000905,0,-67806032454055336,0,1032291989414344,0,-10295802679416,0,68570422862,0,-302932792,0,853832,0,-1392,0,1 # block t=6147 q=12T100 r=24 k=1
45389493644846749117,0,-57274547992961784056,0,24816471334588744148,0,-5390168909937911118,0,669488150491057872,0,-50022813648672292,0,2268771108034028,0,-61043952548188,0,915031736328,0,-6569695086,0,14640956,0,-8684,0,1 # block t=6147 q=12T100 r=24 k=1
115183984641583593728,0,-255138126396385906560,0,232217773164753218432,0,-112112201751832724576,0,30761063338040223440,0,-4729615065691210988,0,369263663705307565,0,-11519456843255010,0,146959444114311,0,-658087697920,0,259022323,0,-29102,0,1 # block t=6147 q=12T66 r=24 k=1
22349039392372275753347,0,27088218673808027411618,0,10087261044696764353080,0,1463989136931937656374,0,47547948030116629158,0,-5849278697572441554,0,-184404805855238912,0,16609594183331660,0,-339661736416757,0,2557345124758,0,-866640376,0,88196,0,1 # block t=6148 q=12T66 r=0 k=0
319893692828262666089,0,244259431964218232196,0,44298384005349435482,0,3821256190879616644,0,187776758602776319,0,5584413793542728,0,100698677984716,0,1052349394664,0,5875235063,0,19032500,0,76410,0,276,0,1 # block t=6148 q=12T66 r=0 k=0
1338641,0,867852,0,558530,0,105308,0,-2417,0,-23528,0,-8804,0,-1640,0,191,0,220,0,66,0,12,0,1 # block t=6148 q=12T66 r=0 k=0
24011886205570044389,0,22050930646343142950,0,775766934714205971,0,-71513994787637182,0,-2986874808408585,0,182063945886790,0,16176563855324,0,516026067478,0,8736820411,0,81497028,0,382682,0,732,0,1 # block t=6148 q=12T100 r=0 k=0
60451508278106203,0,54984144063516156,0,-4493184877129404,0,-664772398311164,0,36646851837411,0,11704680568512,0,870719093952,0,42270554160,0,1317280257,0,29222980,0,369468,0,1932,0,1 # block t=6148 q=12T66 r=0 k=0
15625547414644327,0,-39322971399457368,0,33320178411712056,0,-3457319588768828,0,-10196077873246069,0,4402627293928600,0,-106124718920,0,-2700002798272,0,151438949005,0,6204826080,0,2472336,0,7900,0,1 # block t=6148 q=12T66 r=0 k=0
5812665936687104,0,16434233983467520,0,22685294287439872,0,16702370238093312,0,6962276373354240,0,1662900998273024,0,200288604135168,0,7905187147520,0,-221169669424,0,406461696,0,8040552,0,16024,0,1 # block t=6148 q=12T66 r=0 k=0
27493717,0,57620566,0,72837159,0,77002080,0,55550728,0,28574094,0,11281174,0,3022652,0,400612,0,14450,0,1250,0,16,0,1 # block t=6148 q=12T100 r=0 k=0
39564523,0,112998648,0,146656944,0,114638904,0,60209394,0,22410636,0,6067049,0,1204492,0,174130,0,17884,0,1239,0,52,0,1 # block t=6148 q=12T66 r=0 k=0
124008059404032452,0,107250236268192496,0,26813496735075832,0,-4111282500913888,0,-3643969278128428,0,-342247815041632,0,32922216686588,0,34884559717880,0,-73847489732,0,1400747072,0,-5779112,0,21272,0,1 # block t=6148 q=12T66 r=0 k=0
50879612047931663,0,252554591404884291,0,522827900947238247,0,583884056260524912,0,379994674910767571,0,145205587372850433,0,31118863971288640,0,3301892575818349,0,125493693542781,0,418160070192,0,205698729,0,30655,0,1 # block t=6148 q=12T100 r=0 k=0
1699657703073,0,6274263135726,0,8838088174683,0,5580462980370,0,1167463451999,0,-246389555122,0,-86225804832,0,8550319274,0,305431555,0,8155612,0,328834,0,1120,0,1 # block t=6148 q=12T100 r=0 k=0
472773673,0,56614230,0,-181478724,0,63482724,0,-4110012,0,-2065626,0,541991,0,-29654,0,-2318,0,580,0,-3,0,10,0,1 # block t=6148 q=12T66 r=0 k=0
39995149147621746581281,0,31561362662982691589924,0,2926273625675664510002,0,129342175837376868938,0,3477213655081983463,0,62724293281911408,0,795232855066412,0,7223304573978,0,46983328834,0,214401538,0,653630,0,1198,0,1 # block t=6148 q=12T66 r=0 k=0
7220962454991461,0,9505200180004720,0,4686754193806830,0,1229182397180456,0,195340455558487,0,19925957389376,0,1335036117236,0,58879482480,0,1679729251,0,29101200,0,249598,0,808,0,1 # block t=6148 q=12T66 r=0 k=0
11615342822242399,0,-11141567101240382,0,3658326261431856,0,-633671098952997,0,67203309660105,0,-4677206532913,0,223009612220,0,-7582434215,0,192048378,0,-3652128,0,45453,0,-265,0,1 # block t=6148 q=12T66 r=8 k=0
45050497981892,0,136009655050800,0,124086172044096,0,8248073406808,0,-37923615662732,0,-14014540098896,0,-947870673220,0,23257732296,0,1244753790,0,-19982856,0,-87280,0,304,0,1 # block t=6148 q=12T100 r=8 k=0
3274765778284207,0,56680063714504830,0,12336695634775695,0,-94305858781047082,0,-65804990029578348,0,-12661748063853276,0,-737771131543841,0,-9223028365488,0,131846045244,0,1931705430,0,-3481014,0,-5358,0,1 # block t=6148 q=12T66 r=8 k=0
705663969631378936384,0,-412014481900978063488,0,-174451436419023173376,0,371663814283090560,0,7106991617283943216,0,899553283102751136,0,58662074311668432,0,-929463398932368,0,3897862965804,0,-7364136432,0,8552752,0,-4788,0,1 # block t=6148 q=12T66 r=8 k=0
365243019996513022721519,0,-381967740603042012978319,0,61252611978709040292568,0,-3805904731772466351953,0,140908729387827311475,0,-5818598939540869799,0,167313065510290294,0,-1335072123339020,0,4925395514972,0,-10650205055,0,9539495,0,-3386,0,1 # block t=6148 q=12T66 r=8 k=0
226869972776622544,0,482369821539500808,0,-155730153316044252,0,71262431687101,0,901874997358569,0,-3451920687324,0,-1552094796324,0,-10128573018,0,818277678,0,18291436,0,159768,0,645,0,1 # block t=6148 q=12T100 r=8 k=0
23522280893429,0,1085849540295714,0,687705052036355,0,24633525052014,0,-27151067035191,0,-2583870889320,0,150242568539,0,15040584490,0,-347129645,0,-12745228,0,-7879,0,624,0,1 # block t=6148 q=12T66 r=8 k=0
25051490221339678397375,0,82552173320019963065500,0,77926089905540548856950,0,-19449070316237810839682,0,-75729323818229449011753,0,-43688067566642295722722,0,-7662075593444155301280,0,171343001073657767658,0,193176662141399097,0,-4541523585746338,0,99425699226,0,672768,0,1 # block t=6148 q=12T66 r=8 k=0
897142696537264676271,0,-1281768312331057288149,0,587563198329682458603,0,-145580197581238096158,0,20513251010957063374,0,-1602270236835397035,0,59091918350489872,0,-656971118140279,0,3815752352839,0,-11574746255,0,10508980,0,-2280,0,1 # block t=6148 q=12T66 r=8 k=0
4660655816704,0,225809484742656,0,349136708960256,0,191612395548672,0,43144611235840,0,3304677358080,0,6048641216,0,-5244791232,0,-14050896,0,2752995,0,-20893,0,-105,0,1 # block t=6148 q=12T100 r=8 k=0
150431089835638784,0,-122151731667795968,0,25234577759715328,0,-1506384693059584,0,109970182656000,0,-1871072620032,0,609485813952,0,-34698918016,0,417633792,0,-5555032,0,89472,0,-466,0,1 # block t=6148 q=12T66 r=8 k=0
32473591945000,0,2519911740604000,0,11184845836200000,0,10429111314086750,0,-3091702086294386,0,-8357392685697480,0,-3736204918800163,0,-469122886144022,0,19648940460465,0,110483816756,0,-2481733,0,-14880,0,1 # block t=6148 q=12T100 r=8 k=0
76252633504343689,0,341427670673926244,0,158263380395307406,0,26400321954158668,0,1492092168080735,0,-29079106503928,0,-3937894185884,0,6050520888,0,1675942455,0,4149652,0,-84946,0,-132,0,1 # block t=6148 q=12T100 r=8 k=0
308833622915809,0,5526696612658244,0,18591552119542509,0,15460990539438102,0,-5357170788430457,0,-3521484351323422,0,-178401875645999,0,2850441930048,0,144165038167,0,720957510,0,-4567925,0,-3752,0,1 # block t=6148 q=12T66 r=8 k=0
4507508590957,0,-6070147169016,0,3119592963648,0,-849387043048,0,134844100119,0,-12155648976,0,476958732,0,3189744,0,-85149,0,-40504,0,84,0,24,0,1 # block t=6148 q=12T66 r=8 k=0
547544193741,0,-303211325626776,0,-2397056374623114,0,-594412155354888,0,91868947368615,0,-1161747522000,0,-189317739564,0,3517868232,0,147146139,0,-1781568,0,-46962,0,-72,0,1 # block t=6148 q=12T100 r=12 k=0
1096593613972870391800,0,-2525433069525799395760,0,-1210838017424308952312,0,3437181850061464594274,0,-1383125563525649555620,0,-142288633279462898660,0,194597073469687680045,0,-40199567732187266724,0,2603269630038111683,0,1773866081004316,0,68061533523,0,688110,0,1 # block t=6148 q=12T100 r=12 k=0
38349892160618184,0,55498431243474432,0,14154727352172336,0,648696964949712,0,-45377267888908,0,-2753492690824,0,63036868052,0,3427548184,0,-65877859,0,-1203156,0,38874,0,-340,0,1 # block t=6148 q=12T100 r=12 k=0
113289425279203778834732,0,373099456673526839031224,0,-173710893371127124425582,0,24473412220648652368454,0,-1464888767340125276137,0,40316103225005494238,0,-458475410656347253,0,505498479581678,0,15662428479624,0,34406942706,0,28238981,0,9500,0,1 # block t=6148 q=12T100 r=12 k=0
1242690492682041408,0,-8223262728292763136,0,-18123999445055029440,0,-5428339000693486656,0,3184901316644679712,0,28538530599607424,0,-1446311462235320,0,-3018956601784,0,60399727609,0,42481972,0,-469290,0,-132,0,1 # block t=6148 q=12T100 r=12 k=0
42423053339206822180,0,507067239537096901580,0,-578601067103883826612,0,259656052126758146416,0,-59502827650849146506,0,7134438840972424706,0,-370307588654536753,0,-1692669801923696,0,606974438098205,0,2866026636014,0,848936909,0,69604,0,1 # block t=6148 q=12T100 r=12 k=0
10959551426059413185,0,20166934271604756188,0,9802605485219091318,0,1885062573684034640,0,99262431679101871,0,-13776322464535596,0,-1759048264475524,0,-22223326622940,0,2485932425151,0,-22328756656,0,22899806,0,-8244,0,1 # block t=6148 q=12T66 r=12 k=0
7034147602437697081,0,9638931360287455744,0,-3233362519062183072,0,350364542622414484,0,-14272769193586356,0,17173948171228,0,11898551268870,0,-142711721752,0,-3314818712,0,32868780,0,425616,0,1212,0,1 # block t=6148 q=12T100 r=12 k=0
151848519405616329592,0,-85116318982462299880,0,-3718811708324074441040,0,-6472530562264441044762,0,-102254469083465198016,0,920939787687093443250,0,8010452284626400067,0,-13703805227272661489,0,283280403092749630,0,191536488033211,0,-4163014044,0,-212265,0,1 # block t=6148 q=12T100 r=12 k=0
2909285262528785990,0,7951165795627383578,0,7989935715935003024,0,3803388097569900718,0,872038501110557340,0,73534109885198680,0,-3079484796070799,0,-478815539115150,0,19592801256911,0,-188651066860,0,114016061,0,-19344,0,1 # block t=6148 q=12T66 r=12 k=0
1101858094109900709760,0,-1042505545136550833728,0,-5114922302426130265536,0,5436132865633250203008,0,2779241676977125691912,0,-2655467056972339090736,0,-521277718036734426983,0,52036824198493981438,0,-126479127990245195,0,-3571208186526792,0,91604166433,0,641860,0,1 # block t=6148 q=12T66 r=12 k=0
89138218140815881891184,0,61044860345145986616704,0,-49843875705587469168244,0,9253570128258886208236,0,-710492852354203661271,0,25486362188828873402,0,-397137360343588227,0,1222823275554398,0,16958416160616,0,35232452342,0,28402249,0,9494,0,1 # block t=6148 q=12T100 r=12 k=0
1859497812631726309593,0,6856937753424055724538,0,-384671315942554778469,0,-94576938700593753132,0,7983308727480087997,0,109774917064671686,0,-27589658500400337,0,862962439076994,0,-7306781993211,0,-20779402420,0,17241995,0,18830,0,1 # block t=6148 q=12T66 r=12 k=0
16639791695475793477,0,74289665173428824071,0,-198480596341498308269,0,182662291803413660092,0,-84794308481480703775,0,21180914092457644913,0,-2607941623117122186,0,91625654479178681,0,5627218330015949,0,9928132473656,0,1782914403,0,95227,0,1 # block t=6148 q=12T100 r=12 k=0
124708185000238608,0,356943967780141728,0,-1444953254510537352,0,-98437945521020760,0,-570467744532855,0,77488588293768,0,970527624888,0,-24938406408,0,-292859090,0,4397112,0,24272,0,-384,0,1 # block t=6148 q=12T100 r=12 k=0
34806838743361120,0,-42483396744565360,0,-54190576567266344,0,69553588933441084,0,-23336419466096316,0,1713928439730680,0,536779653692579,0,-110360938727924,0,5834646281239,0,11403766032,0,-16448359,0,-3264,0,1 # block t=6148 q=12T100 r=16 k=0
84739377701900,0,-1333141599031552,0,2031348863743352,0,2635179743538436,0,-4907923594676724,0,2217951131925076,0,-326390486879732,0,6294984780444,0,426709156070,0,-9290462152,0,2241878,0,4800,0,1 # block t=6148 q=12T66 r=16 k=0
903509035136,0,1263636380643456,0,-91165004329824,0,-74024344160960,0,11071434472116,0,269027214592,0,-163578306102,0,14863306654,0,-666680927,0,16493326,0,-213664,0,1080,0,1 # block t=6148 q=12T100 r=16 k=0
10887441116810010512,0,24854609904233364576,0,-9330612924631560976,0,1377516680345298008,0,-110167606816489504,0,5267108592092648,0,-153107446883471,0,2554752193206,0,-19178499297,0,-24699524,0,800911,0,1790,0,1 # block t=6148 q=12T66 r=16 k=0
20515336522231,0,-324928924596280218,0,77870893725746933386,0,-3524147460792254100956,0,19824809181958450992951,0,1033755669027725827324,0,-55411122423018649841216,0,24759186570882908315136,0,696987646081652484601,0,-162793252474466186,0,-441478648402,0,3064068,0,1 # block t=6148 q=12T100 r=16 k=0
2828051024980197654784,0,-12440952627910911606272,0,8545996659188349482240,0,10512689066089775223680,0,-11489763672008054968192,0,3219104022431204616928,0,-230732998159212793168,0,-20835172458578600,0,801664864774001,0,2569902140,0,-60071514,0,-60,0,1 # block t=6148 q=12T100 r=16 k=0
426677627090462284,0,417660721775653644,0,-1491254371671356832,0,1231804590576464856,0,-478037401932914222,0,94135775647223732,0,-7989419965811559,0,-20320237957618,0,30428409371327,0,-100115693842,0,-17307911,0,12260,0,1 # block t=6148 q=12T100 r=16 k=0
10462906432512,0,17439410073600,0,-6688001710080,0,388517168640,0,104465694784,0,-14618320640,0,229178944,0,56738560,0,-3085232,0,-8800,0,4488,0,-120,0,1 # block t=6148 q=12T100 r=16 k=0
2600891618208371,0,-4902726787894024,0,3642742942010792,0,-1400999427404008,0,305958579180560,0,-39276304208918,0,3001887840228,0,-136711502964,0,3651454469,0,-54471322,0,404158,0,-1138,0,1 # block t=6148 q=12T66 r=24 k=0
85414887268594252154,0,-122268193846441175060,0,60315191637781632730,0,-12781885575042607839,0,1231708086311086237,0,-55477519644792048,0,1292290784809888,0,-16808669598358,0,127013782896,0,-562055604,0,1418686,0,-1875,0,1 # block t=6148 q=12T100 r=24 k=0
706770348329200,0,-2884310627576960,0,4788335376622488,0,-4165775297709096,0,2047429194271188,0,-575510007538690,0,90042970549501,0,-7216708277996,0,242455161383,0,-1990481654,0,4694639,0,-4004,0,1 # block t=6148 q=12T100 r=24 k=0
61762938797233361425,0,-291075947996701562040,0,564812205318084885346,0,-578840904770643549484,0,332957814349454934695,0,-104603884601423155568,0,15767579260953724916,0,-792411623532075944,0,12676039550317079,0,-63733943095192,0,6619861738,0,-151788,0,1 # block t=6148 q=12T66 r=24 k=0
17681820975927088,0,-19552512056555616,0,6369693108157980,0,-1065650656806436,0,109613009867337,0,-7528055975298,0,359683906965,0,-12163979214,0,290860416,0,-4818070,0,52665,0,-342,0,1 # block t=6148 q=12T100 r=24 k=0
911839201858415,0,-2423604726894796,0,2520043113358364,0,-1324065341761528,0,378489773066027,0,-59810732185196,0,5271472944666,0,-259462007016,0,7011121658,0,-98322856,0,637666,0,-1660,0,1 # block t=6148 q=12T66 r=24 k=0
824179622237833997288,0,2026841887327632992080,0,-34127771511822025884,0,-182739737464012877556,0,-26958101296886383410,0,-1432023016782370972,0,-29354269251264662,0,-85230137899398,0,2387813836739,0,-7998967662,0,10394483,0,-5664,0,1 # block t=6149 q=12T100 r=12 k=2
64,0,-4663233568,0,-153698176306544,0,-416312516866757284,0,24720399741480521296,0,-117495357875957587042,0,-4028448114059864827277,0,7677661851719902821015,0,546939870258947115128,0,-134665748486965773,0,-438134508198,0,2902167,0,1 # block t=6149 q=12T100 r=12 k=2
6214356758893,0,-4604510245650,0,-7891666592556,0,9269034216984,0,-3258155868509,0,263429008556,0,86795245764,0,-18252675856,0,597539495,0,51458558,0,453040,0,1280,0,1 # block t=6149 q=12T100 r=12 k=2
20249790955375715,0,142989121639115228,0,-322336256581436642,0,138946014138331156,0,20457728891160503,0,-2114982271891624,0,-114336900909664,0,718189170000,0,27595443249,0,-168620668,0,-393198,0,596,0,1 # block t=6149 q=12T100 r=12 k=2
1062739671794653,0,3193324316815166,0,-8964154389781089,0,1003722611441054,0,5183749745453978,0,-1143809826663688,0,-422957261932627,0,-17882921719776,0,-76828615936,0,2712416690,0,-1397708,0,-6870,0,1 # block t=6149 q=12T66 r=12 k=2
726028694305455767792,0,-395041631397615315168,0,-1184143730425148898304,0,439818221945795671384,0,51037214766431279979,0,1852272338724383056,0,24177591577982915,0,4968454489612,0,-1242955626170,0,3839664202,0,-3444125,0,-162,0,1 # block t=6149 q=12T100 r=12 k=2
52838114401325173,0,-86802438599719668404,0,-1617339426553668425866,0,-539690660604775442844,0,28481906743200058887,0,-308853888065882264,0,-3206819781223564,0,50221650138480,0,151810198995,0,-1964401260,0,-5391826,0,-1964,0,1 # block t=6149 q=12T100 r=12 k=2
252041561286931816723251,0,549761195724670988669304,0,394967799013105774821114,0,134370513829178676237686,0,23373474380289675370715,0,1876153648207472780066,0,29197300741585383044,0,-2620617077822331498,0,31520446373522721,0,-95256108155554,0,8076520466,0,-166020,0,1 # block t=6149 q=12T66 r=12 k=2
176564287575247163392,0,303097652641133654016,0,-384375939320848660480,0,-898077182815224124416,0,-330238863975682953472,0,52110476196696311296,0,34386715689280814848,0,3257629718538214784,0,-4028035803831056,0,1372749174064,0,-140459064,0,-4612,0,1 # block t=6149 q=12T100 r=12 k=2
11226742200805312,0,21219400697613824,0,1502057685985856,0,-336037939432816,0,-36634819926480,0,-196551994880,0,69152438804,0,680625112,0,-58855472,0,-32745,0,22403,0,-275,0,1 # block t=6149 q=12T100 r=12 k=2
72430081572673977806575,0,189365608094495649547130,0,4305352430097957860698,0,-3975554469273228067688,0,40402402304779565734,0,17627164522226506136,0,-647184674041267738,0,6037375366692470,0,-5129279988763,0,-76856117650,0,-11078732,0,20902,0,1 # block t=6149 q=12T66 r=12 k=2
97311830313532569923,0,243412794417286773932,0,-164778787582522124355,0,30943933374283100912,0,-2307511329528359345,0,68043422630521442,0,-274295551090026,0,-18464141583586,0,135124342725,0,1649864658,0,4672693,0,4594,0,1 # block t=6149 q=12T100 r=12 k=2
69723166915160116040,0,235475908650719238448,0,312558678477473420940,0,204135994314960769676,0,63797159841461251258,0,5286155906728222780,0,-1604701171556625583,0,-256239383518982968,0,9185464785534313,0,-68500982917892,0,8660389127,0,-177660,0,1 # block t=6149 q=12T66 r=12 k=2
2442035630110866320,0,-540407361856000922688,0,-3558245185277290492704,0,28614860582753893568,0,2627866053754976688864,0,62246924449229657408,0,-44692490296761120776,0,143532421318868304,0,1361866080760588,0,1499440440240,0,-125628380,0,-16104,0,1 # block t=6149 q=12T100 r=12 k=2
273913222154019230,0,659637777749331986,0,-629575912792995956,0,-2652370581215030666,0,-2034513046964310980,0,-317788937948890676,0,89764772016733747,0,-3361259471123946,0,36550790803893,0,-97591431826,0,-47410407,0,-1160,0,1 # block t=6149 q=12T66 r=12 k=2
39268352,0,269033472,0,-267159552,0,-11732992,0,77305600,0,-27157504,0,2643968,0,333312,0,-84720,0,3552,0,392,0,-40,0,1 # block t=6149 q=12T100 r=16 k=2
379189262609678592,0,565314663515496192,0,-634998051783796128,0,208392466146399600,0,-27112350156451807,0,911643507917352,0,49118050075932,0,-665072718216,0,-7017016218,0,44346904,0,160636,0,-936,0,1 # block t=6149 q=12T100 r=16 k=2
383960383,0,4683316984,0,-36320088,0,-3745644148,0,290187247,0,211485500,0,-36410156,0,-688236,0,670913,0,-72868,0,3732,0,-96,0,1 # block t=6149 q=12T100 r=16 k=2
20085104137969343794,0,92430447014195311992,0,13235072412313982300,0,-4119418359976400806,0,326301900289005929,0,-11733753893371556,0,197127540291860,0,-944151034928,0,-13833496080,0,174432124,0,-300408,0,-2114,0,1 # block t=6149 q=12T100 r=16 k=2
96186190604494749469,0,8968348993834595396,0,-252560488704373954726,0,275085249714660452504,0,-133166893582730981113,0,32922971894902246264,0,-3726893693881097524,0,56012192598903296,0,15816212578690587,0,-24161422670556,0,-933490022,0,108424,0,1 # block t=6149 q=12T100 r=16 k=2
5396341329117135228484,0,8991826038785595787632,0,960105780071000760512,0,-852427816412979781752,0,-191428541212134695132,0,-5124304405127492576,0,755265944987789228,0,-10689763118863736,0,49043816212814,0,-84787760136,0,50505856,0,-12080,0,1 # block t=6149 q=12T100 r=16 k=2
1810102168516756,0,2104392511377096,0,-6831940205784960,0,-9237463623987844,0,-2127864114318900,0,874049545516944,0,197217719247660,0,-36721255271084,0,1730022745070,0,-24304402712,0,28674014,0,-9678,0,1 # block t=6149 q=12T66 r=16 k=2
180452450080242224748288,0,331777005721563620579328,0,-33479909097433575870144,0,1252656257090199450192,0,-20366214782732730767,0,82621345103200640,0,1463972870931664,0,-15506726137408,0,18894058390,0,183103360,0,-330960,0,-528,0,1 # block t=6149 q=12T100 r=16 k=2
35698184298831861173,0,-115172335557082416926,0,103437768647041910750,0,39845262849319784162,0,-123154824169223476521,0,75193112389531141916,0,-16345821158418311564,0,497795846409581484,0,642357580834259,0,-33784601471390,0,2235574478,0,106770,0,1 # block t=6149 q=12T66 r=16 k=2
49260167449840381,0,18103456960748544,0,-70706539578292082,0,-744083720379072,0,495130659340879,0,-2013376807152,0,-1168383107300,0,21935580408,0,800520499,0,-30674040,0,347230,0,-1344,0,1 # block t=6149 q=12T100 r=16 k=2
518970115491427616,0,816060808578398688,0,-28853206520780288,0,-3650987367741181,0,233498411339025,0,-1585403769948,0,-212075037668,0,6365858738,0,-26810954,0,-1797116,0,38140,0,-317,0,1 # block t=6149 q=12T100 r=16 k=2
10055265566741,0,13698858017434,0,-10733532317269,0,575581941574,0,463307137193,0,-62140722424,0,-1993015549,0,742784930,0,-41224157,0,521764,0,13025,0,-288,0,1 # block t=6149 q=12T66 r=16 k=2
29009249034233083810573,0,19520122053711848834246,0,1877232563942729652767,0,86938835742866705826,0,2453607422336955413,0,46459643234419886,0,617769027656631,0,5877697048964,0,39984559441,0,190509214,0,605295,0,1154,0,1 # block t=6150 q=12T66 r=0 k=2
3922739844043260618769,0,3653895222913206441324,0,966934788197580340114,0,141007621493623546396,0,14016780260946814223,0,1017386917567479896,0,53303164170216380,0,1922895614038040,0,44674733191871,0,598741507900,0,3522021586,0,204,0,1 # block t=6150 q=12T66 r=0 k=2
1009517261376739,0,1920627051760092,0,1380710305251507,0,415444203214564,0,13081699263546,0,-18069492337996,0,-1386277497398,0,734117864694,0,107440304323,0,-186867784,0,734701,0,-572,0,1 # block t=6150 q=12T100 r=0 k=2
132519739962360832,0,243213558654737408,0,185184241479080704,0,77334499756809472,0,19679213476894528,0,3196865346479872,0,335798062280256,0,22441627951936,0,906883677296,0,19876825712,0,178683508,0,-26836,0,1 # block t=6150 q=12T66 r=0 k=2
2783436874692401,0,-408809286797292,0,206304136447410,0,-1869621775708,0,430318787023,0,21898588328,0,-3355263364,0,-126211480,0,15774431,0,580,0,-14,0,-12,0,1 # block t=6150 q=12T66 r=0 k=2
49832776362130922685267,0,61529881554300343638636,0,27403505313095750118516,0,5420500600787435768430,0,465932783747264830514,0,15440381629553130246,0,242515459787293382,0,1988097945990042,0,8738930898623,0,20257831952,0,23060522,0,10622,0,1 # block t=6150 q=12T100 r=0 k=2
38850321504419299584,0,58638218518678473216,0,33323832864690003456,0,8895300154052632704,0,1136423145099806848,0,64802576303800416,0,1765601834804640,0,24283242699512,0,179971017705,0,743284652,0,1710702,0,2052,0,1 # block t=6150 q=12T100 r=0 k=2
25754076116137,0,73981583397132,0,89193038981170,0,58474522174842,0,22339882249913,0,4913657532150,0,577380749586,0,34335798936,0,1645050146,0,-37433046,0,272612,0,-856,0,1 # block t=6150 q=12T100 r=0 k=2
134647873,0,294148214,0,4458758269,0,14028699832,0,14211373664,0,-1566108344,0,1131721790,0,2592187990,0,251310836,0,8323612,0,80344,0,-40,0,1 # block t=6150 q=12T100 r=0 k=2
12674810104,0,15626090904,0,4484675736,0,940543888,0,116663994,0,1314846,0,-1133787,0,-321012,0,-40257,0,-584,0,258,0,36,0,1 # block t=6150 q=12T66 r=0 k=2
58810201,0,171218556,0,214145880,0,157037708,0,76699759,0,26628720,0,6792748,0,1287920,0,180287,0,18148,0,1244,0,52,0,1 # block t=6150 q=12T66 r=0 k=2
2215592779312305169408,0,2960549980546523729920,0,1333554216231155415808,0,306915645908064477952,0,40795296656822678336,0,3269576692297467392,0,159814826062289472,0,4823710868895296,0,90275603328112,0,967912250144,0,4899061204,0,-11564,0,1 # block t=6150 q=12T66 r=0 k=2
12943071912031176016,0,30505276167395721312,0,23059474893882748056,0,6028775396705348392,0,556537106405448441,0,25641483527678220,0,675021267696642,0,10685454426648,0,102023402643,0,565392640,0,1665498,0,2244,0,1 # block t=6150 q=12T100 r=0 k=2
4498662250827985858560,0,8951639196729509240832,0,6931958092342591739904,0,2594523813164592076800,0,470058384194974704384,0,36273436056999054336,0,1163545322535930368,0,13206696770785280,0,53236702608848,0,83965005984,0,49291720,0,11864,0,1 # block t=6150 q=12T100 r=0 k=2
1454102777673053,0,2911404265496604,0,2411847518018462,0,1065980952633176,0,269257459402297,0,38616476909950,0,3016986783546,0,142231421898,0,5918995198,0,-88029876,0,458660,0,-1082,0,1 # block t=6150 q=12T100 r=0 k=2
1873861044567051266281,0,-1169487110439253890732,0,-162190653277641180648,0,11410117510391683844,0,-530236645486333137,0,-596582541488056176,0,70528377274537164,0,-1137190051743696,0,5317318668591,0,-10641095284,0,10276284,0,-4836,0,1 # block t=6150 q=12T66 r=8 k=2
165794550226494222102529,0,-140069724166807927829556,0,13390013693541199179940,0,-507542860681244776452,0,9480033902368591799,0,-85866764661424560,0,220090898462796,0,1689415843920,0,-6249662769,0,-42856524,0,73520,0,612,0,1 # block t=6150 q=12T66 r=8 k=2
511286,0,-25128738,0,-103523854,0,-153047396,0,-91459678,0,-4104722,0,17019157,0,4446216,0,-534477,0,-152956,0,61,0,100,0,1 # block t=6150 q=12T66 r=8 k=2
85543422618853483482661,0,-53940866179758144955312,0,5594358859893312701936,0,-259626120888376967512,0,6858530194848476839,0,-114439218867531152,0,1273959304163836,0,-9788330692464,0,53218729755,0,-207511456,0,568884,0,-1016,0,1 # block t=6150 q=12T66 r=8 k=2
16208241904,0,48787609808,0,55481566312,0,29781224920,0,7477081808,0,597497376,0,-73789670,0,-11799588,0,332197,0,60600,0,-2432,0,-12,0,1 # block t=6150 q=12T100 r=8 k=2
1178962127548558,0,3609185355144206,0,3630346216731870,0,887545034630324,0,-679797625366860,0,-419509965826856,0,-54512452976011,0,3583102104722,0,91751729203,0,-3400390766,0,1006695,0,3364,0,1 # block t=6150 q=12T66 r=8 k=2
164710840946847725421376,0,-188347318862393508792064,0,41632662334243978007684,0,-3958040877852543654391,0,236167055960003735836,0,-8398019377096794858,0,154709137664311311,0,-1290280145997595,0,5277907893497,0,-11191421361,0,11306088,0,-4977,0,1 # block t=6150 q=12T66 r=8 k=2
489615999134910092261,0,-199571438310119930248,0,-33295039228241705528,0,-10030125458884659976,0,4088628174279865079,0,611243306362391296,0,105445199728111084,0,-1294135519637408,0,5442684655595,0,-10076500632,0,9670636,0,-4792,0,1 # block t=6150 q=12T66 r=8 k=2
304468248578991593,0,31787470429746645320,0,459444927378298550600,0,1857369521925263582470,0,-470397977544132185693,0,-14958409562631742915560,0,-24433090003288569133396,0,-10901763986050479727100,0,171714048323642188491,0,173156052691381112,0,413581271252,0,-4442850,0,1 # block t=6150 q=12T100 r=8 k=2
24985600,0,4774327992320,0,-6244283086987264,0,1220173278964273152,0,8733461837892381696,0,15721171269499159040,0,10154583347358649024,0,2536829617275312768,0,214641526813446704,0,109073818355360,0,-5811875164,0,-145688,0,1 # block t=6150 q=12T100 r=8 k=2
290511631021403605837,0,2344988775749233875808,0,-69666365137215458410,0,-28891114190701148328,0,19213170424992999,0,99848712613350688,0,1511118280888260,0,-67360879073072,0,-977610369301,0,-4052082496,0,-4911738,0,-360,0,1 # block t=6150 q=12T100 r=8 k=2
1312981508755456,0,3421894134648832,0,-751614155346944,0,-3860160966840320,0,1497561736248576,0,-104685343336192,0,-10038556902208,0,540693207232,0,35262077456,0,476969760,0,2083916,0,3188,0,1 # block t=6150 q=12T66 r=8 k=2
5491459975429,0,-9290014121927,0,5978613088747,0,-2030724234702,0,410708664468,0,-51671680129,0,4019737188,0,-181138403,0,3808143,0,-1629,0,-308,0,-46,0,1 # block t=6150 q=12T66 r=8 k=2
83181568,0,194863104,0,-42946560,0,-342523904,0,-275410944,0,-96546816,0,-15993792,0,-781120,0,105008,0,11360,0,-244,0,-36,0,1 # block t=6150 q=12T66 r=8 k=2
31637823548893,0,-145966647856072,0,72397084549814,0,342371913973344,0,-258107135874745,0,-17108317218288,0,825897079620,0,47265734240,0,-114468485,0,-20091272,0,-200346,0,-384,0,1 # block t=6150 q=12T100 r=12 k=1
18368963786021239,0,43616326753754511,0,-524972860681687809,0,1349879888581561112,0,-1657687378987613421,0,1078658436434390181,0,-344276384083299768,0,31506853272110865,0,4898361236469309,0,7792232588168,0,1489633761,0,84075,0,1 # block t=6150 q=12T100 r=12 k=1
25722148822511182303,0,481759835246867362930,0,1598019987504518923194,0,79487786487976282268,0,-6882288190737825874545,0,-11379217040578948366716,0,-7086641798332972183768,0,-1475546651691329213776,0,49712570281611611465,0,-15540290733066398,0,287303040582,0,-1405988,0,1 # block t=6150 q=12T100 r=12 k=1
31868624991846660125716,0,178142452156395298351644,0,-13976822685846859551624,0,-497235637567431176368,0,85753005475305828876,0,-3144838811533904460,0,26100582154273917,0,988055706093382,0,-24824319215653,0,161267964400,0,109417559,0,19110,0,1 # block t=6150 q=12T66 r=12 k=1
2422014641373568,0,13054062298996352,0,-10166085464536192,0,2309312965385248,0,-92838876484448,0,-22086688409920,0,1656808252568,0,-2417138520,0,-942526520,0,-8653290,0,13378,0,372,0,1 # block t=6150 q=12T100 r=12 k=1
198369440061853317883,0,-551536668926435701798,0,-1608172191285414807404,0,-824042579866648041754,0,1844195600773105667,0,2950387693052108540,0,50551106366734152,0,32252761049676,0,-1353971260191,0,2753520362,0,-678380,0,-1810,0,1 # block t=6150 q=12T100 r=12 k=1
3452453147026853569,0,14529400905302577552,0,2715936836329354872,0,-56234380684102268,0,-14038767469395144,0,57599579269152,0,17876799571686,0,31240397664,0,-7604917272,0,-32402300,0,651144,0,-1680,0,1 # block t=6150 q=12T100 r=12 k=1
18338103715223664923,0,-9526136154506514360,0,-62482124673541040934,0,102805839249531443080,0,-65864009173680314509,0,19878859755984619738,0,-2555789132197000436,0,60107294708597466,0,5423171797868449,0,59773069425974,0,6307526570,0,148038,0,1 # block t=6150 q=12T66 r=12 k=1
534972026735367481,0,4322443872839798724,0,5903146826520607002,0,-8054755521474355996,0,2001673215321662943,0,7208157542578632,0,-1200325040850036,0,-443356656984,0,55405998279,0,4527860,0,-452742,0,-12,0,1 # block t=6150 q=12T100 r=12 k=1
76205739158,0,-57483136446,0,-242308152838,0,2175462248,0,106392814280,0,10603989740,0,-6643108295,0,193164426,0,36905019,0,-1561514,0,-7925,0,176,0,1 # block t=6150 q=12T66 r=12 k=1
70919415917024201192,0,96564414037523100096,0,-10208540696816492700,0,-5830886554835609068,0,-352024829364738519,0,3991530506052424,0,611881211732333,0,10336445922862,0,-13791735768,0,-747078876,0,3376125,0,-4390,0,1 # block t=6150 q=12T100 r=12 k=1
2218574861264526217016,0,6972728545302113334544,0,6925646486676089107824,0,1060667375587121630102,0,-2517489866146011297882,0,-1762005035088406891796,0,-428415542177027531701,0,-22496585997432870394,0,3683780546903907613,0,-2118004056749792,0,75650466429,0,-717464,0,1 # block t=6150 q=12T100 r=12 k=1
427476015025,0,9972475133642,0,18887260662267,0,9641477277472,0,-102203217535,0,-399329003762,0,9867411947,0,4495294562,0,-277214903,0,1343036,0,71039,0,-654,0,1 # block t=6150 q=12T66 r=12 k=1
515517930966829891981,0,601428124242028461320,0,83381612889472593054,0,125290217033185744,0,-208374514539603487,0,-4025510199442516,0,96228825788966,0,2302474938596,0,-12969918442,0,-253149248,0,1876896,0,-3340,0,1 # block t=6150 q=12T100 r=12 k=1
178032735,0,339059358,0,117566559,0,-81723816,0,-31236921,0,9447840,0,1232739,0,-402894,0,-2835,0,5562,0,-225,0,-18,0,1 # block t=6150 q=12T66 r=12 k=1
5570450198097728,0,16408948040625088832,0,-1236435920878334181984,0,24347738907917789676460,0,-169025559576068014588080,0,411409716538258126255186,0,-179962589554131721982675,0,15382386413604894129028,0,551982960765368450799,0,-182891405753068438,0,-115884408749,0,3721700,0,1 # block t=6150 q=12T100 r=16 k=0
14828909197,0,44745183739,0,-133638279429,0,101958136428,0,-12461175879,0,-19878123471,0,10469706278,0,-1943158743,0,105596113,0,3345584,0,-33737,0,-193,0,1 # block t=6150 q=12T100 r=16 k=0
643539640388533495137,0,-4214672963937504462708,0,-23770714615604475473406,0,-36648724483412164555652,0,-19022888200615033963089,0,1692811369665089327128,0,2920487987698221515804,0,-58634376294132686504,0,354105653626940367,0,-628801201175460,0,29079896834,0,-316116,0,1 # block t=6150 q=12T66 r=16 k=0
264014281385425,0,179740954904925,0,-364694219990745,0,157482398089660,0,-25874822272131,0,552833728461,0,332307694536,0,-38820570345,0,1476227925,0,-10486562,0,-94659,0,309,0,1 # block t=6150 q=12T100 r=16 k=0
1383074968021302003100,0,4254953419245864049800,0,-3456035588566848431472,0,-18931725231317627120700,0,-10785333567064380551028,0,4364812998730396924640,0,3066972497767805018380,0,-112773305839505585064,0,869771173552006026,0,-1858298114715256,0,77947340774,0,-532864,0,1 # block t=6150 q=12T66 r=16 k=0
4682496105464011589632,0,9995256014313006249984,0,-1987206274918004065536,0,138752459130011481472,0,-3856567792095839736,0,13756639702577760,0,1012754291089920,0,-8579928363120,0,-24738151284,0,202267384,0,80748,0,-1128,0,1 # block t=6150 q=12T100 r=16 k=0
8122720448,0,-21117354144,0,23933256688,0,-15602067932,0,6500441449,0,-1818613942,0,349176742,0,-46161014,0,4143682,0,-243646,0,8718,0,-162,0,1 # block t=6150 q=12T100 r=24 k=2
10110493560391327144,0,-18815139158509813360,0,12866792636160419568,0,-4052331603441252528,0,613852699823422460,0,-43930931060593680,0,1436439231662640,0,-23439294392096,0,202274400126,0,-934936284,0,2235996,0,-2508,0,1 # block t=6150 q=12T100 r=24 k=2
2125771586737805150717,0,-4086095505436941888952,0,2234972851378523099396,0,-290337390584565215382,0,16148881378963328447,0,-465877617074188232,0,7798861338344808,0,-79973051989396,0,508716856435,0,-1955812880,0,4200292,0,-4166,0,1 # block t=6150 q=12T100 r=24 k=2
309570370180672,0,1602636066704512,0,2266551068326016,0,929103770191552,0,-126769322651856,0,-69314530836416,0,15378771573056,0,-1190430774944,0,41419346540,0,-629662648,0,3531720,0,-3732,0,1 # block t=6154 q=12T48 r=16 k=2
2791,0,109091846,0,1036917328095,0,1316433728409326,0,-1265952650875719507,0,150305000198947625800,0,-137488007660024817900,0,9327401897452103581,0,-2455874105925321,0,-1556103482011,0,522504846,0,-45586,0,1 # block t=6154 q=12T139 r=16 k=2
1240512194261,0,75013569975400,0,-98495831094188939,0,811191885981909844,0,-1753716971883556135,0,674234421896558992,0,153998174926405185,0,-88911874810185268,0,4805899887160713,0,140286601256,0,-977885231,0,-540,0,1 # block t=6154 q=12T48 r=16 k=2
2775336649,0,-7362954932,0,-53649312766,0,159237485428,0,30734467103,0,-443779637288,0,454281406844,0,-158273962360,0,17072320055,0,270912412,0,-1983390,0,-1212,0,1 # block t=6154 q=12T48 r=16 k=2
179786730524808143125,0,431227955493236968950,0,-2161044350952974493171,0,2708975084585850508794,0,-1464688884104058238346,0,331070418632826578190,0,-15546427554678403307,0,-1822712888991286746,0,80251597736431774,0,108790256994,0,-1824800587,0,-114,0,1 # block t=6154 q=12T48 r=16 k=2
21601221937929,0,843246050794668,0,6028391566387011,0,-20767605154196763,0,23613131151813850,0,-12528974065570971,0,3134942085933144,0,-278739079650372,0,-5925301039064,0,-12681062985,0,28077553,0,-10326,0,1 # block t=6154 q=12T139 r=16 k=2
314247553362004897,0,371077596555797806,0,-476390733395798588759,0,-284080105278134104038,0,3195555337543134852330,0,-1564541067985646108058,0,272234908244211735073,0,-19116483822583135570,0,463571916638145930,0,64235310093474,0,-42649247511,0,-29226,0,1 # block t=6154 q=12T48 r=16 k=2
17493235373216050017953,0,84532165028479541566116,0,31512734278149296124898,0,-17907306598830146940748,0,3012701851420262930255,0,-253645746657250084536,0,11733047647195139484,0,-286237692206471384,0,2895333420860671,0,-130625874540,0,-402182110,0,1828,0,1 # block t=6154 q=12T48 r=16 k=2
72324223412741600867456,0,156785319741945192771584,0,-15094073610281733545984,0,-1162665195027171882496,0,224326620154012511488,0,-12613407509815404672,0,339955956606993296,0,-4526192012961120,0,25183630951792,0,-9396780312,0,-204895480,0,-11440,0,1 # block t=6154 q=12T48 r=16 k=2
2659995570017296,0,-29307299919117472,0,-213595976069568024,0,-78070103684494968,0,44147942216866185,0,7347151820245804,0,-3890564921613003,0,392804416444924,0,-13195348463943,0,110183813148,0,-189733575,0,-26212,0,1 # block t=6154 q=12T139 r=16 k=2
45996256686157,0,-166074647719179,0,-348735417142643,0,1189844825208609,0,1336692957193385,0,-2096055723172249,0,-2636173264025965,0,-691614372912520,0,12622124959801,0,-51033029768,0,45424875,0,-12321,0,1 # block t=6154 q=12T139 r=16 k=2
5950628590826591461529,0,4386648257134276778788,0,-3738967523156718333456,0,767145914575601822292,0,-69719057713315625301,0,3396680152267854444,0,-95334434478891160,0,1542369457192352,0,-13207343384039,0,43004975000,0,40928352,0,11372,0,1 # block t=6154 q=12T48 r=16 k=2
1634872343108461,0,1346666723903152,0,-7270279635446330,0,-6137091206705880,0,2357077261026279,0,2573924371273504,0,78244205836644,0,-138975067358128,0,11251797517899,0,-57710192400,0,82849846,0,-17464,0,1 # block t=6154 q=12T48 r=16 k=2
36505352366937691001,0,35269172333688815508,0,-24113583861204867544,0,2654067947905594272,0,676361410572306599,0,-178435209261523120,0,14362440958673440,0,-427753022037208,0,4496886080707,0,-2630663804,0,-90926424,0,-8032,0,1 # block t=6154 q=12T48 r=16 k=2
187696365568,0,-628355889586176,0,-127880257254993708672,0,-10036424185195575712,0,7610275324584053071,0,409012332499364608,0,-118770162533505784,0,-3129379651189778,0,163214360140841,0,-1431125146698,0,2617930146,0,-102586,0,1 # block t=6154 q=12T139 r=16 k=2
245129,0,1285696,0,3829442,0,5010784,0,2850719,0,332928,0,-308932,0,46528,0,55287,0,-7616,0,738,0,-32,0,1 # block t=6156 q=12T100 r=0 k=1
23812498074630833344,0,23951568811607083904,0,4240448329798094432,0,365772928972140896,0,19237163421339696,0,677339179854304,0,16693443833880,0,293268838920,0,3668371024,0,31994028,0,185192,0,640,0,1 # block t=6156 q=12T49 r=0 k=1
192228688006144,0,873806791209216,0,1635488040840768,0,1627112395521904,0,928698515980488,0,307342700226504,0,57052030630767,0,5414517604557,0,210972746232,0,1847608453,0,4501608,0,3933,0,1 # block t=6156 q=12T100 r=0 k=1
17954925025,0,38297443200,0,36536572390,0,20842821490,0,7841344073,0,1982919924,0,332353859,0,36350282,0,2604612,0,120322,0,3953,0,78,0,1 # block t=6156 q=12T100 r=0 k=1
154363752833,0,15190176340730,0,512868704149720,0,4069864562827732,0,26787118103806427,0,19449327761140624,0,-2289120163357346,0,58872678523522,0,247073744557,0,793434690,0,6542383,0,806,0,1 # block t=6156 q=12T100 r=0 k=1
6185516621741559808,0,4887101254332420096,0,943517814314099712,0,91998093186463744,0,5537068005282816,0,224574195521280,0,6405048977664,0,130729126464,0,1906912320,0,19467616,0,132420,0,540,0,1 # block t=6156 q=12T49 r=0 k=1
77391779915200909,0,216113435844006798,0,262283438520463101,0,178840687710423740,0,73326995105049612,0,17766481112253432,0,2289451561310454,0,120029054909508,0,2195970270660,0,1985698928,0,3332790,0,1308,0,1 # block t=6156 q=12T100 r=0 k=1
58953834146383,0,99367115955340,0,62650482592091,0,18150012024600,0,2657741974523,0,479720336856,0,150895184610,0,22623875754,0,976959039,0,15756758,0,249122,0,830,0,1 # block t=6156 q=12T100 r=0 k=1
221298444731154409,0,184278528199583628,0,45692937359706702,0,5909171642742972,0,477205252300903,0,26117861537640,0,1008568950236,0,27932865144,0,553745791,0,7691916,0,71254,0,396,0,1 # block t=6156 q=12T49 r=0 k=1
3732932859169,0,10942711803796,0,13634303367658,0,9318907061190,0,3759844443061,0,896531388364,0,119905693243,0,8148644350,0,258073664,0,-1920386,0,38905,0,-142,0,1 # block t=6156 q=12T100 r=0 k=1
6276113,0,15736380,0,19660450,0,15328284,0,7733327,0,2581560,0,615324,0,119384,0,18687,0,1804,0,98,0,12,0,1 # block t=6156 q=12T100 r=0 k=1
4621499764438635822105,0,3261887360446664273292,0,369409692722254309674,0,20254867416449466156,0,676592346969756767,0,15141745338784856,0,237541585702380,0,2661602973560,0,21284972007,0,119012252,0,443018,0,988,0,1 # block t=6156 q=12T100 r=0 k=1
24582593144,0,67159763568,0,77536634512,0,49516200896,0,19313745756,0,4825447024,0,792902256,0,86734672,0,6304394,0,298492,0,8772,0,144,0,1 # block t=6156 q=12T100 r=0 k=1
3700139536332352,0,4842155376011328,0,2464188265991712,0,657342276544256,0,101123774498160,0,9456702933456,0,625443684144,0,38901564000,0,1768962384,0,14803196,0,109902,0,348,0,1 # block t=6156 q=12T100 r=0 k=1
263215366143629,0,239101935155382,0,53625428966239,0,17099963059402,0,5369132262803,0,955388922314,0,98436627436,0,6172750914,0,237152735,0,5336048,0,62098,0,292,0,1 # block t=6156 q=12T100 r=0 k=1
211170437767,0,1286697186353,0,2695878151752,0,2279409503384,0,352680392759,0,-505396759070,0,-178875954892,0,30136057504,0,10106469425,0,108414213,0,-4483564,0,-16848,0,1 # block t=6156 q=12T49 r=8 k=0
523960144852513,0,225016930856708,0,-393925809449454,0,96756023475940,0,5601762171471,0,-3022439326968,0,-65824657892,0,28424452392,0,2085532143,0,53440244,0,518770,0,1780,0,1 # block t=6156 q=12T49 r=8 k=0
372268752,0,1464046272,0,-1119644064,0,-1087916832,0,385463790,0,174612240,0,-39422616,0,-7097688,0,472032,0,119040,0,6660,0,144,0,1 # block t=6156 q=12T49 r=8 k=0
664801005251670348964,0,5512503530705816508400,0,-30838522085346207066636,0,40496646191884489986696,0,-15735655085002523260290,0,1271847693133959399144,0,171051999013299168826,0,1269756134598638606,0,3427768334412769,0,3958444797740,0,1891521567,0,269962,0,1 # block t=6156 q=12T49 r=8 k=0
1144117235968,0,3068733192960,0,1096982226528,0,-479502308816,0,-416559369615,0,-118306525608,0,-16955195916,0,-1213060074,0,-25797666,0,1471156,0,57405,0,-762,0,1 # block t=6156 q=12T49 r=8 k=0
1094028351075680275,0,-11203424202674472950,0,4292304307982846060,0,70144702518781707730,0,-3247292030867148173,0,-109466722325132829084,0,-5991971054458250144,0,50566831916748204740,0,3656105330776063001,0,2113810228310546,0,75575887252,0,717290,0,1 # block t=6156 q=12T100 r=8 k=0
1908505166236789005631,0,8202202545602776281574,0,2060411870713228326359,0,-5613575436115689950222,0,-1748529901935693094817,0,622848810550681052372,0,278530549551249156354,0,25571783541128223564,0,-75722313693057207,0,-66568929807770,0,-16325874241,0,-1232606,0,1 # block t=6156 q=12T49 r=8 k=0
2641649955456064,0,6162523202106048,0,-4995890542718256,0,-16821672572493440,0,-11230397133749013,0,-2472824153070564,0,-59380924898862,0,8689481999724,0,92609418843,0,-3395462456,0,-8680176,0,9660,0,1 # block t=6156 q=12T49 r=8 k=0
5758705012,0,28987044384,0,-67695215576,0,-139787799120,0,72423748860,0,211167454776,0,111117278532,0,18998673912,0,418799600,0,-7200360,0,-27412,0,276,0,1 # block t=6156 q=12T49 r=8 k=0
498531423203213521,0,-20109672839898328164,0,-312034991830573159374,0,-1585379423588255719412,0,-3665923196863034247921,0,-3979760348727538408008,0,-1653634986860442534276,0,-4362228656654002056,0,115813095264259839,0,4167108222892,0,-14399514510,0,-2436,0,1 # block t=6156 q=12T49 r=8 k=0
18344296864637959,0,3936130067835063650,0,46144740315849172501,0,125468894218812596186,0,121267459341898476719,0,37093408288298172760,0,2164699098402519270,0,-332428545158503560,0,-785978591441863,0,1767189433174,0,-966384343,0,159358,0,1 # block t=6156 q=12T49 r=8 k=0
2568808889936747359116,0,-12342200193412789997664,0,-10038136171817180925144,0,101394570669926972758032,0,-138312399061229706488895,0,53404790326543612996770,0,3684407922414641341437,0,53570705986722997836,0,252745360886984571,0,381150194277108,0,68327279025,0,1494018,0,1 # block t=6156 q=12T49 r=8 k=0
1988352748741917913,0,6854433886822495932,0,4666054552201983410,0,-6961431167314624524,0,-9517855973377717157,0,-1560159401697849064,0,1477902433499455948,0,280245604490508728,0,-1365987344667565,0,-1983463689060,0,-821549862,0,-101116,0,1 # block t=6156 q=12T49 r=8 k=0
630795220866980032,0,-93847055109543756288,0,-1475598120852750149504,0,-7630482609098156826720,0,-15787594350584800262592,0,-11135221234644275254576,0,-797210598211332427432,0,223990358564350108,0,7737365980516701,0,2374674967808,0,-4441539742,0,-700580,0,1 # block t=6156 q=12T49 r=8 k=0
227978593,0,198029624,0,-1344226150,0,-2244985336,0,-67025073,0,1550209264,0,617732140,0,-81342640,0,-11636625,0,878680,0,-16870,0,40,0,1 # block t=6156 q=12T49 r=12 k=1
74712440267569694836,0,204286779455373248500,0,-19964692529780355038,0,448982211196074286,0,12195316709724535,0,-573124639902296,0,1295082313404,0,180315749576,0,-1350677189,0,-20509754,0,124598,0,1164,0,1 # block t=6156 q=12T49 r=12 k=1
16384,0,0,0,-65536,0,22528,0,54784,0,-13312,0,-17664,0,1024,0,1936,0,16,0,-80,0,-2,0,1 # block t=6156 q=12T49 r=12 k=1
107630392801180813,0,0,0,-463306541815742195062,0,0,0,55200637372794017702495,0,0,0,-211556092072816044178080,0,0,0,2922349042385838135,0,0,0,-3534577754,0,0,0,1 # block t=6156 q=12T49 r=12 k=1
4194304,0,-1572864000,0,-130459631616,0,-2113407418368,0,-4886404243456,0,19248345853952,0,-3371600856064,0,7990014336,0,3049320496,0,-19013056,0,-425820,0,2252,0,1 # block t=6156 q=12T49 r=12 k=1
252615949,0,-4018666128,0,14993240142,0,17220179552,0,-90916904190,0,-86608575156,0,7960521462,0,16605578076,0,370073814,0,-118789840,0,-929202,0,3216,0,1 # block t=6156 q=12T49 r=12 k=1
35034700519038132857008,0,71445761160159405131904,0,2378047397420838040176,0,-590716383710205794288,0,-45933767460777324690,0,-834789459259369296,0,19169410384452696,0,778910206643640,0,4913694376416,0,-37735575152,0,55918812,0,-19320,0,1 # block t=6156 q=12T49 r=12 k=1
54770982541352395776,0,954847469834481143808,0,6580114577807349627072,0,22783597798662878970240,0,41606558758207404838449,0,38044439984033153629056,0,13472265038524195838556,0,-282859616972774501568,0,1469598238012140630,0,-693833356210944,0,88149644604,0,-585792,0,1 # block t=6156 q=12T49 r=12 k=1
4191983442600192,0,2704672030164480,0,-4147851809711232,0,844509078400896,0,-34819623099504,0,-4913007647616,0,494778991008,0,-8725041792,0,-387082584,0,6834816,0,186768,0,936,0,1 # block t=6156 q=12T49 r=12 k=1
2288800,0,16386800,0,-171527880,0,176438380,0,438173904,0,-193510582,0,-157921891,0,38835235,0,11166960,0,-546931,0,-8446,0,123,0,1 # block t=6156 q=12T100 r=12 k=1
823936943973596203,0,628469975290816660,0,-601983014492984822,0,171595445289466280,0,-23408358831373841,0,1604404481315096,0,-45090284345084,0,-199915101744,0,19884702581,0,234389604,0,956810,0,1640,0,1 # block t=6156 q=12T100 r=12 k=1
119197774381056,0,71214689157120,0,-93058649948160,0,23352904237056,0,-256018493184,0,-598302796800,0,63652332288,0,1478530368,0,-468067872,0,12077472,0,367956,0,1620,0,1 # block t=6156 q=12T49 r=12 k=1
207474688,0,0,0,-22037215232,0,0,0,264222140160,0,0,0,-393898268160,0,0,0,1140481520,0,0,0,-67624,0,0,0,1 # block t=6156 q=12T49 r=12 k=1
554080827786352,0,2495283184922784,0,4429641318772440,0,3915296475994376,0,1772908806570417,0,361219572573408,0,11451171659244,0,-3614843860560,0,124674613542,0,-1164982336,0,3842004,0,-3576,0,1 # block t=6156 q=12T49 r=12 k=1
6469553302880400025,0,-20530034494316739395,0,-47782863778941369143,0,130885721344402047330,0,33526775168664500349,0,-168478512669871632579,0,23647232826492036136,0,41329067057604419131,0,1005161418261703047,0,-612519606723148,0,-6406074007,0,339669,0,1 # block t=6156 q=12T100 r=12 k=1
3905441947009024,0,11254714452934656,0,-4561144494759936,0,-33540478514397184,0,-25574322293918976,0,-1196023143992064,0,2506642223316672,0,-213056274994560,0,5868733477536,0,-55744819696,0,107812392,0,-38568,0,1 # block t=6156 q=12T49 r=16 k=0
696781646108787535159,0,11853315460566394645348,0,34223242892747390321327,0,33758920852206254501514,0,8869246871757241544853,0,-1739897286462513728284,0,81909492353964976476,0,-1155298257496062460,0,3210004477782163,0,-2471526302104,0,740303539,0,-79754,0,1 # block t=6156 q=12T49 r=16 k=0
1260195205342823897872,0,1954852016325886296384,0,-2452481192360118400704,0,-5086506084000371229760,0,-198690736585372597752,0,2816339338979746143616,0,1026315727665402043464,0,-51207100428379723488,0,134495794770233717,0,-69967367214660,0,12968072686,0,-802164,0,1 # block t=6156 q=12T49 r=16 k=0
20383381223223552,0,56103645599937792,0,34056772865204256,0,4311848928372048,0,-1164878154301743,0,-136146670392708,0,23170301310114,0,-959906902824,0,17799156027,0,-168130728,0,809010,0,-1740,0,1 # block t=6156 q=12T49 r=16 k=0
6819336694812076712803,0,6508011565318333827162,0,-2477908819325672515941,0,316244998060570833800,0,-18059606785785080961,0,413802985869367380,0,-77178640058238,0,-81309260367504,0,207902572965,0,1565171906,0,-3585189,0,-1128,0,1 # block t=6156 q=12T49 r=16 k=0
17851992405098272000,0,173408655677614223360,0,470329895636586678272,0,443667397525100094976,0,85183299222012764544,0,-25926932542606134912,0,993396931756880416,0,-13992135257063552,0,88027579859888,0,-240329429696,0,215731800,0,-59096,0,1 # block t=6156 q=12T49 r=16 k=0
20828009390063337186979,0,37437667382910298588788,0,-4223667928261101139174,0,182422002814887678276,0,-3547826221462681009,0,15390112306266376,0,586513497254840,0,-9957178175672,0,32525207345,0,510610364,0,-4995690,0,12860,0,1 # block t=6156 q=12T49 r=16 k=0
2410771544771750393978,0,9776483842294323787676,0,14219559565915540365098,0,8127241288580483544448,0,694787974919048230468,0,-532684008215662438420,0,45028948316298404442,0,-890214075221795244,0,2872350256114983,0,-2318492833962,0,713483927,0,-78368,0,1 # block t=6156 q=12T49 r=16 k=0
25840635332638677104,0,33142976338979196320,0,-1748455988076924784,0,-94875936776892352,0,8830013396678168,0,-159767354275808,0,-4892102969520,0,285345175384,0,-5939643165,0,64531390,0,-355093,0,658,0,1 # block t=6156 q=12T49 r=16 k=0
471632351874872872,0,2589802108636044076,0,-67019042798525734,0,-10223101792909631,0,537447164274545,0,-1953514589332,0,-433884775376,0,10798475406,0,-26847266,0,-2736512,0,49278,0,-359,0,1 # block t=6156 q=12T100 r=16 k=0
41277430571951184974217,0,-18539606389180665260934,0,-37713359765465206412499,0,40189505518484214369300,0,-15818631776799980961609,0,2856819578719211438724,0,-195448784539525730235,0,-1074232033068170016,0,87270360562075581,0,329842213448118,0,-92265872676,0,-2297664,0,1 # block t=6156 q=12T49 r=16 k=0
1477566563632187952551,0,1637626024843443803560,0,-49060054145419003466,0,-1400753640305631374,0,73017193818494183,0,-726300047256328,0,-9524641555232,0,247328669876,0,-1321236999,0,-9469464,0,147010,0,-654,0,1 # block t=6156 q=12T100 r=16 k=0
5131371267811,0,7976939883990,0,-5956632812193,0,1213354699340,0,-35783909649,0,-15788832948,0,1710636378,0,-16569000,0,-5249259,0,233870,0,-1185,0,-84,0,1 # block t=6156 q=12T49 r=16 k=0
156512084297176162749661,0,-251999502289753731756108,0,116061831519015592939464,0,-20855759896361209732024,0,1433179391231172986190,0,-38592788696602073316,0,504639786266057310,0,-3505209377365692,0,13235575290777,0,-26546419648,0,26354310,0,-10800,0,1 # block t=6156 q=12T100 r=24 k=1
126238533700889889,0,-175788804566022804,0,62124836898672162,0,-9804239383489668,0,879734177467695,0,-50226061243176,0,1930992560988,0,-51311411112,0,946247567,0,-11902020,0,97442,0,-468,0,1 # block t=6156 q=12T100 r=24 k=1
83845365492699136,0,-227307448361043968,0,253429968464566272,0,-149201688795646976,0,49338003753650944,0,-8936995789715712,0,788330853808640,0,-25867351499648,0,385363999472,0,-2777870952,0,9210696,0,-11052,0,1 # block t=6156 q=12T49 r=24 k=1
2296920205911623977,0,-2957610091457280036,0,888784109679888606,0,-115536148130851060,0,8387738361857655,0,-381834112397688,0,11541305944500,0,-237603444696,0,3341969775,0,-31525060,0,190110,0,-660,0,1 # block t=6156 q=12T100 r=24 k=1
46425557662972767892,0,-104373478348730877872,0,74837177736696732454,0,-18648373173950388775,0,1843397484572175449,0,-86320636280897628,0,2072155968594648,0,-26743941198706,0,190982589834,0,-772361020,0,1753738,0,-2079,0,1 # block t=6156 q=12T100 r=24 k=1
170867991373552315804873,0,-235227293630608783832240,0,111642675437755082355482,0,-20442115852759796499684,0,1071080937888095330791,0,-26394967378744623424,0,358550073683077308,0,-2824937891100416,0,12758033137247,0,-30542122664,0,32205250,0,-11828,0,1 # block t=6156 q=12T100 r=24 k=1
808782420537076,0,2876329604531556,0,3790072673985214,0,2177645953487270,0,437656746683731,0,-26231922947626,0,-8700210864078,0,73205820956,0,4987563569,0,5960690,0,-399152,0,-1478,0,1 # block t=6157 q=12T49 r=8 k=1
4772720167659554452240,0,19651903584637453845184,0,-181331644659222559595424,0,54787288879345841665120,0,178250373121239498393200,0,-134840970662716770423520,0,26232498203392500145784,0,209792686916534124176,0,427816718607541400,0,65367102696360,0,3854241320,0,101424,0,1 # block t=6157 q=12T49 r=8 k=1
4189020597729,0,28196263422036,0,-4190791348638,0,-12455616415932,0,-3723647659857,0,-355051451736,0,1580285916,0,1721308968,0,53772111,0,-903420,0,-33822,0,-108,0,1 # block t=6157 q=12T49 r=8 k=1
3623703629373896446052,0,6544658419236031942568,0,-938883371469340455118,0,-814871015058029122634,0,227670665980718892149,0,-16816419850990072332,0,-219856717778590752,0,44284348185649940,0,272990352863096,0,395493198788,0,217229930,0,42650,0,1 # block t=6157 q=12T49 r=8 k=1
12259937038754726656,0,35491153053237648896,0,27058093958128123776,0,3106345979783120640,0,130839281077105424,0,1276711410873408,0,-62199653274472,0,-1712953008536,0,-3157008645,0,288466276,0,1832104,0,-9319,0,1 # block t=6157 q=12T49 r=8 k=1
969604269025775051008,0,6289399730166799567872,0,1046825278567258914048,0,71552313306136090624,0,2493741564394553952,0,42829622932655232,0,172481744202288,0,-5198819649984,0,-63489984975,0,46821388,0,2438598,0,-3156,0,1 # block t=6157 q=12T49 r=8 k=1
228168987384537856609,0,668246357345383017054,0,444740506428829346438,0,132096487629853133053,0,19909566744731475099,0,1367288709479309172,0,1580811643485776,0,-4922452996774326,0,-187904550769517,0,329254865670,0,663413274,0,-528031,0,1 # block t=6157 q=12T49 r=8 k=1
8007818323000,0,8861377153455200,0,-471994902821360940,0,4633895142439570570,0,1449415536554261766,0,-4487893474288412478,0,762635004380516733,0,248484768916972765,0,4942963801367928,0,10044477968765,0,1847013728,0,99237,0,1 # block t=6157 q=12T100 r=8 k=1
3676420480322685673,0,10970369995830225852,0,-14057604212744963166,0,-26671097448092126372,0,6099556350035464335,0,18411249261034044504,0,6119523731875651260,0,306433480872650616,0,-846265685291577,0,-1804795477844,0,-973307166,0,-159252,0,1 # block t=6157 q=12T49 r=8 k=1
7370955321,0,30988590768,0,46057150746,0,22383827982,0,-9740067909,0,-12859215336,0,-2873149665,0,347080188,0,45577005,0,207588,0,-44355,0,-222,0,1 # block t=6157 q=12T49 r=8 k=1
463172,0,1055808,0,-4480116,0,-893404,0,3908021,0,1480940,0,-419702,0,-346300,0,-79985,0,-8128,0,-246,0,16,0,1 # block t=6157 q=12T100 r=8 k=1
16236480021526817,0,69634553885484876,0,109144143005974754,0,73978032867706844,0,18058570350294575,0,-261417646082408,0,-43448720247844,0,51801418264,0,6470501519,0,-1558500,0,-155806,0,12,0,1 # block t=6157 q=12T100 r=8 k=1
5128199706911056,0,205991085329965568,0,-25559709899734620,0,-4571971044321748,0,756651213336525,0,-9755814083808,0,-1889860877522,0,8584585604,0,2155078763,0,44036224,0,360122,0,1196,0,1 # block t=6157 q=12T49 r=8 k=1
1822147969,0,-16726684020,0,20688219282,0,67128364124,0,-79395789393,0,-37849211880,0,31327652988,0,11610697752,0,1243752495,0,45732188,0,521106,0,1932,0,1 # block t=6157 q=12T49 r=8 k=1
3615982974004,0,-29899874837112144,0,104174086356223368,0,44236887475862432,0,-102538016158431825,0,17184187347959598,0,5144378744003529,0,322185752504676,0,7307799090138,0,60698371658,0,110515290,0,38724,0,1 # block t=6157 q=12T49 r=8 k=1
31531761,0,109839780,0,32695002,0,-64938888,0,-11308891,0,16890808,0,-1242534,0,-1483760,0,455550,0,-56876,0,3488,0,-100,0,1 # block t=6157 q=12T100 r=16 k=1
6538811523563469628,0,540295647476701984,0,-13725762019025907816,0,5833788935684549640,0,5589933986106750816,0,-4687364244269927984,0,1050081033966005432,0,-46815971270211364,0,-175061526564429,0,557301169056,0,-442314408,0,106328,0,1 # block t=6157 q=12T49 r=16 k=1
415774064078910578944,0,1065436136677895579904,0,-109987041890232849664,0,1557844117587915392,0,232340439688645024,0,-14007752797177792,0,362855662149888,0,-4952661121272,0,31568126861,0,6797843,0,-1202229,0,4557,0,1 # block t=6157 q=12T49 r=16 k=1
32826214449,0,123825922236,0,-37998157806,0,-12428599572,0,7304534991,0,-1278620424,0,80583996,0,3572280,0,-857889,0,47436,0,-558,0,-36,0,1 # block t=6157 q=12T49 r=16 k=1
205793161721745365213,0,172311832581205671230,0,-1126939901266833447867,0,207635479345038839022,0,1631070110389329783755,0,-1493130596921422329196,0,428710062607663172222,0,-25378105211328273324,0,-73598280398692545,0,65410620692974,0,-16174034219,0,1230718,0,1 # block t=6157 q=12T49 r=16 k=1
12951849498989312060,0,-14033195875792386120,0,-71158633829976619132,0,128991451949920526896,0,-83786154319049378780,0,25551344068761752714,0,-3499187926617090713,0,109938082323170542,0,11437912168028333,0,-27421743834200,0,-119294025,0,135344,0,1 # block t=6157 q=12T100 r=16 k=1
4730117868258103792,0,26076660259835613088,0,-14618358198544202256,0,3295759001042320736,0,-393777477704830728,0,26472159362996144,0,-951556550678368,0,14041350250480,0,34224185475,0,-1085807006,0,-5352807,0,-6394,0,1 # block t=6157 q=12T49 r=16 k=1
20796508468,0,9764786868,0,-16836227088,0,5372729672,0,-213422706,0,-202474494,0,41449380,0,-2052414,0,-263781,0,39947,0,-1752,0,6,0,1 # block t=6157 q=12T49 r=16 k=1
8692992902923,0,-36508630155153,0,62230980480453,0,-54979563347239,0,26620738943391,0,-6878368998666,0,874914023670,0,-54704263374,0,1808494317,0,-32327893,0,297645,0,-1179,0,1 # block t=6157 q=12T49 r=24 k=1
735995598498692366729,0,-3445807317367611140216,0,6631627478796878499202,0,-6726360483627143565848,0,3817196918394612869151,0,-1175810761692774505008,0,170236775177843589564,0,-7104925762701757616,0,26738317638539895,0,-20741195459928,0,5761103010,0,-534840,0,1 # block t=6157 q=12T49 r=24 k=1
48272731588327,0,-121856640192566,0,130672843244889,0,-77396914974106,0,27542535011431,0,-5996791023464,0,779462092878,0,-56810551920,0,2135462129,0,-39709330,0,356557,0,-1334,0,1 # block t=6157 q=12T49 r=24 k=1
823607428,0,-1971197520,0,2102748200,0,-1328865404,0,556102486,0,-162767560,0,34233756,0,-5220944,0,573709,0,-44342,0,2290,0,-71,0,1 # block t=6157 q=12T49 r=24 k=1
9361411743987859456,0,-9972410732052971520,0,2376790807847505920,0,-263155433105309696,0,16880296573775104,0,-693393889833728,0,19170810475392,0,-364413139776,0,4761472880,0,-41820656,0,234024,0,-744,0,1 # block t=6157 q=12T49 r=24 k=1
93868394320508608460767,0,-130179514924789212839298,0,68587170426707935480080,0,-17460750046212675336814,0,2237281455089408357763,0,-133213845964966621884,0,2846077100601694992,0,-23175067786126980,0,79777266896157,0,-123002496802,0,78397536,0,-16302,0,1 # block t=6157 q=12T49 r=24 k=1
134768,0,-147985235968,0,-67179884740128,0,-252548943189344,0,4815018631960,0,292507910726128,0,-55043692754072,0,-32629756201976,0,-1812278449341,0,18027349276,0,-52156772,0,46672,0,1 # block t=6158 q=12T49 r=12 k=2
86320433802721867,0,-171201947579798370,0,-586642297624324188,0,923142757054052642,0,669589860268037835,0,-138946661063713404,0,-3167476598596728,0,52057530504540,0,231835007529,0,-1276568578,0,-3408492,0,1122,0,1 # block t=6158 q=12T49 r=12 k=2
54481,0,294036,0,402546,0,-154204,0,-379377,0,148392,0,54012,0,-27288,0,-513,0,1220,0,-78,0,-12,0,1 # block t=6158 q=12T49 r=12 k=2
1478958513282152396800,0,10823624599624224128000,0,30157472509756378510080,0,39946057138568594522160,0,23046407047990444548744,0,-201223755721856603888,0,-5897485269300034921815,0,-1724844628949420747655,0,58243693785167796046,0,-16857768138055699,0,301752009998,0,-1433663,0,1 # block t=6158 q=12T100 r=12 k=2
4,0,0,0,-64,0,-44,0,214,0,104,0,-276,0,-32,0,121,0,-2,0,-20,0,1,0,1 # block t=6158 q=12T49 r=12 k=2
46629695548528,0,141150469112544,0,113698274439000,0,-7344998266184,0,-21322816490511,0,4635874996776,0,-162428531940,0,-19209339288,0,648682470,0,5968312,0,-124476,0,-96,0,1 # block t=6158 q=12T49 r=12 k=2
4194304,0,1572864000,0,-130459631616,0,2113407418368,0,-4886404243456,0,-19248345853952,0,-3371600856064,0,-7990014336,0,3049320496,0,19013056,0,-425820,0,-2252,0,1 # block t=6158 q=12T49 r=12 k=2
24096072569262960133,0,471001961145704037342,0,-3407416896698522161467,0,2411489934518213524352,0,3381250038287811830451,0,-2835231785144287451388,0,-49402113451844884905,0,7816992313681543680,0,15288678027360549,0,-402093461621038,0,-84844586130,0,2340708,0,1 # block t=6158 q=12T49 r=12 k=2
2362355315105712554041,0,8885605613220930254928,0,-4240191046338851192838,0,795002451199328803360,0,-76876131115251359793,0,3969052977532304160,0,-94695598130568564,0,246332098082880,0,18339847661943,0,68134084624,0,86278650,0,37152,0,1 # block t=6158 q=12T49 r=12 k=2
403991161,0,1076723931,0,344957247,0,-138411283,0,-56028141,0,6990894,0,3152598,0,-214830,0,-77517,0,5111,0,699,0,-63,0,1 # block t=6158 q=12T49 r=12 k=2
16390469625376753,0,31591802840890868,0,3858945203764546,0,-1441863881793740,0,-2026501443729,0,19959990688872,0,-1740875959172,0,57709223112,0,-466251777,0,-12913756,0,153570,0,1540,0,1 # block t=6158 q=12T49 r=12 k=2
144441059984433226137088,0,520352327229017512068096,0,-50841402779341544679168,0,-912054426042689696512,0,317205399675259212768,0,-17168300565529213440,0,422486009227156032,0,-4676282318769984,0,10083328984368,0,123938974592,0,175187280,0,25728,0,1 # block t=6158 q=12T49 r=12 k=2
131,0,-2764,0,-19346,0,-20468,0,34343,0,18248,0,-14800,0,-3456,0,1857,0,236,0,-78,0,-4,0,1 # block t=6158 q=12T100 r=12 k=2
67108864,0,427366023168,0,-183587739533312,0,12745798127714304,0,-122614231900323840,0,-544024786109743104,0,-62552509833517056,0,-68213099787264,0,5039311438256,0,7941655080,0,-42433744,0,-40476,0,1 # block t=6158 q=12T49 r=12 k=2
109906598224,0,287488979232,0,-262862143512,0,-904680794296,0,-267226125423,0,527248665972,0,409296920676,0,82691820042,0,-4272131874,0,-1818608716,0,15739473,0,-16758,0,1 # block t=6158 q=12T49 r=12 k=2
18038903896844443,0,20364030311493811,0,-8881143549523018,0,1215492760429644,0,-35945928485573,0,-8226462858894,0,1099551621852,0,-62613878684,0,1823037369,0,-21297613,0,-132130,0,4088,0,1 # block t=6158 q=12T49 r=16 k=1
50217029632,0,-781180723200,0,-32802575382528,0,115741522454528,0,125250539597568,0,33880038810624,0,211982681856,0,-532761954048,0,27244026864,0,-369720928,0,1770888,0,-2424,0,1 # block t=6158 q=12T49 r=16 k=1
2856934044103436972957,0,32297245511106136859356,0,-308180307470846056858438,0,827491466482900174620356,0,-911155860836732391026769,0,365635973926184670599880,0,-8562680760938496515620,0,-253158159935772608232,0,-26010967322520413,0,49592737576764,0,-9227106950,0,467396,0,1 # block t=6158 q=12T49 r=16 k=1
1625424440593575231703,0,-45824008933866556762368,0,-155221831346483978633380,0,159960785429606066811306,0,-37603475959385247651470,0,1032445602396787941986,0,-2969306101180110262,0,-36509794165794414,0,62421193468147,0,85830532636,0,-152232970,0,41086,0,1 # block t=6158 q=12T100 r=16 k=1
169726494355456,0,-69517453320192,0,-266594610399232,0,315981727656448,0,-142688610639104,0,28672203228160,0,-1797647278848,0,-93388984128,0,1677339152,0,38383264,0,-267912,0,-2358,0,1 # block t=6158 q=12T49 r=16 k=1
112202546787994993872,0,951915251172619588608,0,1788512328554852125872,0,-1043106062200022330352,0,-4047122707287482738328,0,-1871675046079578874728,0,179033473292472801462,0,-4353013972528789356,0,34805800810904757,0,-90568196802780,0,26963695428,0,-960264,0,1 # block t=6158 q=12T49 r=16 k=1
683881198472236,0,-112171219843315739576,0,35521403301655816954284,0,-120886856140938475921552,0,-186157856324306950259312,0,225803105404519634470296,0,231781585331249705323068,0,-6830243884841115847916,0,-6302179772745997317,0,1836293992475482,0,-148542724203,0,3697566,0,1 # block t=6158 q=12T49 r=16 k=1
8392052485822019523,0,1452444852903790464,0,-7224353655324109938,0,4086790673121491250,0,-1082391946630148751,0,155317142277802380,0,-11751080709287385,0,358662762970800,0,3384476191617,0,-254038578408,0,-192555651,0,106962,0,1 # block t=6158 q=12T49 r=16 k=1
14467072,0,-1114112,0,-13664256,0,5877760,0,1583104,0,-1326080,0,127744,0,64256,0,-15136,0,0,0,304,0,-32,0,1 # block t=6158 q=12T49 r=16 k=1
109882439755482400,0,10955040546967238800,0,113067146851254219960,0,19872844275558651780,0,-1704374850867555235828,0,-1077650852513372206668,0,2302674493281654435537,0,-411369416546502224021,0,8563060029403769110,0,-3393459769226317,0,100563197478,0,-805357,0,1 # block t=6158 q=12T100 r=16 k=1
7961143879549140625,0,-15897131912600812500,0,-7104819415373718750,0,31905526449190167500,0,-23618304326302340625,0,7103951288770335000,0,-833160826453754500,0,16221524119073400,0,145086879364575,0,-63138776900,0,-18478590,0,5052,0,1 # block t=6158 q=12T49 r=16 k=1
31598748915992915551,0,496557005680986227124,0,849190446986173275435,0,-1015742007516238063620,0,171685542069429329993,0,25865700703272018956,0,-1781873591390105956,0,5848564230368340,0,231754392412855,0,-254053955656,0,99844647,0,-16696,0,1 # block t=6158 q=12T49 r=16 k=1
145339837981041664,0,-212382739913938944,0,-306452868768741888,0,630823710833325824,0,-75717741728995520,0,-345083526519803904,0,183237623856056192,0,-19753914330659096,0,-10596981328175,0,216136428370,0,-318322029,0,130386,0,1 # block t=6158 q=12T49 r=16 k=1
7901201334437,0,16032896294020,0,13754020024572,0,6749320807200,0,2154801565124,0,473069996224,0,71312029754,0,7146389240,0,463184976,0,18149484,0,9127,0,1148,0,1 # block t=6160 q=12T148 r=0 k=2
416209030746981788801033,0,277401956130701835821590,0,17545451728761957056589,0,443650811619629591838,0,4688932749371325309,0,-1970630793808050,0,-492345082040950,0,-3698870353246,0,320671615,0,117752460,0,515044,0,858,0,1 # block t=6160 q=12T148 r=0 k=2
19799426453,0,53637311638,0,60802902453,0,37955658116,0,13961720972,0,3017744196,0,365929070,0,27957410,0,1481204,0,47192,0,600,0,-24,0,1 # block t=6160 q=12T148 r=0 k=2
25382710825,0,53008198030,0,48589276027,0,26028517750,0,9103098659,0,2190726466,0,371289996,0,44447374,0,3698911,0,205764,0,7098,0,132,0,1 # block t=6160 q=12T148 r=0 k=2
37,0,222,0,6998712,0,34991525,0,87891287,0,141618440,0,152248987,0,108044384,0,48775691,0,12717093,0,1454631,0,-2319,0,1 # block t=6160 q=12T148 r=0 k=2
56591056,0,-167244384,0,192399744,0,-129148240,0,69162912,0,-28692288,0,9535920,0,-2505312,0,494352,0,-66640,0,4224,0,96,0,1 # block t=6160 q=12T148 r=0 k=2
2753373409701308928,0,2835456592873573632,0,567900306687080320,0,56393540058818080,0,3458742120592648,0,143819885906248,0,4241115625159,0,90376848574,0,1390747676,0,15137130,0,110913,0,492,0,1 # block t=6160 q=12T148 r=0 k=2
104,0,-856,0,1492,0,1688,0,4548,0,1016,0,-1139,0,132,0,231,0,16,0,22,0,12,0,1 # block t=6160 q=12T148 r=0 k=2
30814553750977,0,117291583188992,0,182959277627596,0,149854288054568,0,68575522712693,0,17286591992708,0,2261783117128,0,149515201276,0,4953456077,0,81947156,0,640816,0,1924,0,1 # block t=6160 q=12T52 r=0 k=2
6071320650203,0,20252800061032,0,28236532245659,0,20425528151924,0,8211278077664,0,2032012536916,0,314083311726,0,29771478834,0,1576343322,0,43712210,0,330278,0,970,0,1 # block t=6160 q=12T148 r=0 k=2
1358344661857560445,0,1085028358991834396,0,226570052686004067,0,24345308001754548,0,1637780043028825,0,75264686671860,0,2465922143640,0,58594759162,0,1006512900,0,12185982,0,98259,0,470,0,1 # block t=6160 q=12T148 r=0 k=2
14478720910330241,0,45036275628255298,0,59442911242990827,0,33646992968607782,0,5318201011767697,0,456235084652824,0,10896436239290,0,-7816859710,0,892405905,0,-32059086,0,337450,0,678,0,1 # block t=6160 q=12T148 r=0 k=2
1494569,0,3733040,0,3932081,0,2339736,0,998038,0,427074,0,184920,0,57848,0,10004,0,510,0,-86,0,-6,0,1 # block t=6160 q=12T148 r=0 k=2
9932111872,0,-29796335616,0,48016392192,0,-51757711360,0,38804652032,0,-20457717760,0,7592509440,0,-1953415168,0,333670400,0,-34183168,0,1586560,0,1600,0,1 # block t=6160 q=12T148 r=0 k=2
4096,0,12288,0,65536,0,135680,0,148224,0,101376,0,46784,0,14976,0,3376,0,552,0,76,0,10,0,1 # block t=6160 q=12T148 r=0 k=2
2934083773,0,11268434496,0,16467789576,0,11894566000,0,4696501959,0,1031516928,0,113668512,0,2507616,0,-684261,0,-57920,0,-744,0,48,0,1 # block t=6160 q=12T52 r=4 k=2
10471280322380271616,0,-8171843623796723712,0,1495112082074342400,0,-137510523630341120,0,7801022589493760,0,-298420280338688,0,8040863860544,0,-155468313920,0,2156905760,0,-21061360,0,138068,0,-548,0,1 # block t=6160 q=12T148 r=4 k=2
83761,0,-333948,0,510274,0,-458908,0,365647,0,-241336,0,119068,0,-45784,0,7135,0,-1356,0,-446,0,-12,0,1 # block t=6160 q=12T148 r=4 k=2
990050291046925,0,-1794525623004526,0,1049928092689982,0,-261222787754852,0,22989710551217,0,884099851268,0,-132142448565,0,-9121146276,0,-117733172,0,1687622,0,47785,0,362,0,1 # block t=6160 q=12T148 r=4 k=2
1112070360140822811329,0,-1032776350798359349066,0,179979321383877701852,0,-14518357130122163618,0,670747265417863439,0,-19519990239683862,0,378904787743965,0,-5030144471692,0,43099155946,0,-188571746,0,221163,0,384,0,1 # block t=6160 q=12T148 r=4 k=2
2917988575,0,-5230245840,0,3656628927,0,-1401111886,0,401501898,0,-123375258,0,36923145,0,-7937370,0,1086183,0,-91126,0,4452,0,-108,0,1 # block t=6160 q=12T148 r=4 k=2
346511188253,0,-1821215016336,0,4061367478182,0,-4998031491544,0,3695971027975,0,-1676889408256,0,458358375268,0,-71801576656,0,5969348859,0,-240960048,0,1040086,0,-1688,0,1 # block t=6160 q=12T148 r=4 k=2
23,0,-138,0,425,0,-860,0,1274,0,-1454,0,1313,0,-944,0,531,0,-224,0,66,0,-12,0,1 # block t=6160 q=12T148 r=4 k=2
590137799734375,0,-1224255524444874,0,11535461899359537,0,3724511098040792,0,158491373045663307,0,-98867782766004546,0,485028012166292,0,-4463658935518,0,94906265300,0,-15072238,0,452931,0,646,0,1 # block t=6160 q=12T148 r=4 k=2
317299387992883702957475,0,-230278105058765543015436,0,27202949647266177989055,0,-1358598245151122118918,0,33340408979925538786,0,-374105494865134444,0,908137097997566,0,11813387618346,0,-96737208561,0,729624758,0,5971187,0,4208,0,1 # block t=6160 q=12T148 r=4 k=2
17391500935558777,0,45130965390417176,0,32309462013973874,0,-6554106082038504,0,-15723822143901185,0,-4597907112205456,0,-15597831919076,0,-41219172084816,0,933033793447,0,-19009433480,0,191152210,0,15928,0,1 # block t=6160 q=12T148 r=4 k=2
2794836077386057574683,0,-7343520048107852973024,0,6102352796024113977106,0,-1358028611837348548556,0,-189466082060687946176,0,-6038772326218847270,0,-35740928209236953,0,-139190665740964,0,4320677399844,0,1522041450,0,9153159,0,-628,0,1 # block t=6160 q=12T148 r=4 k=2
14064288841,0,-38131870488,0,40805903028,0,-22188433568,0,7235658972,0,-1887502410,0,250681722,0,-14183604,0,2149452,0,-258044,0,525,0,-6,0,1 # block t=6160 q=12T148 r=4 k=2
391464174721,0,-554000112668,0,62556065082,0,141567165708,0,18890523260,0,-41898276282,0,1605919357,0,969975776,0,-4741158,0,-35560068,0,-144404,0,-1100,0,1 # block t=6160 q=12T148 r=4 k=2
32513161,0,-39143700,0,45433887,0,-37326082,0,22944735,0,-14048226,0,3724260,0,-913356,0,114957,0,-14560,0,990,0,-42,0,1 # block t=6160 q=12T148 r=4 k=2
8200253461603575361,0,85120766636949811308,0,248141284258172922786,0,242583474219698858908,0,-45364538017026392769,0,-203328001103985565992,0,-86757238650245250756,0,-126789129167411880,0,9514967721834879,0,1539418118524,0,-32158696542,0,-564,0,1 # block t=6160 q=12T52 r=8 k=1
503908,0,-122976,0,-2115916,0,1059272,0,2226761,0,-1131340,0,-722306,0,144612,0,128452,0,25512,0,2166,0,80,0,1 # block t=6160 q=12T52 r=8 k=1
966536628407179521397,0,2811774593583608035192,0,-929200832505536132658,0,-6554929830993016314632,0,-4406017416597337576705,0,-1075900992639754738480,0,-89619098438575481956,0,8424911108305328,0,526465678735979,0,-15210921480,0,-760545898,0,24,0,1 # block t=6160 q=12T52 r=8 k=1
1738911618718153816,0,4346120627236073760,0,-21434413208931423312,0,-1037937481764657424,0,26981104059177036660,0,-15999368631919694064,0,2179426610454981420,0,186508128038943888,0,3840098992137369,0,21657309086912,0,36694367256,0,382524,0,1 # block t=6160 q=12T52 r=8 k=1
26401170784,0,2134614720,0,-44285948928,0,-944282080,0,11466985896,0,3799788000,0,455973600,0,13801200,0,-1387470,0,-104500,0,-990,0,60,0,1 # block t=6160 q=12T52 r=8 k=1
142774147371552768,0,21061387716970457088,0,931987405914818085504,0,11138796323142668939520,0,19372063345697039291982,0,-51534420790881518163288,0,-79809324799482654360948,0,-964887032926370072016,0,3787177048726407066,0,5653950425922960,0,-3408768710100,0,-1141560,0,1 # block t=6160 q=12T52 r=8 k=1
13625233993430737,0,37929832954987062,0,13477536238828812,0,-2858950569560542,0,-807842623868377,0,16235530387860,0,10653328845279,0,385146009446,0,-15097822979,0,-621368014,0,-213817,0,2796,0,1 # block t=6160 q=12T52 r=8 k=1
416914930326914,0,1629243992096392,0,2147440462682800,0,921373719597492,0,-147644756323018,0,-145774950305060,0,-11364366408502,0,606998674460,0,19315854321,0,-70100000,0,-1695216,0,4540,0,1 # block t=6160 q=12T52 r=8 k=1
368726560669141,0,-659442454939592,0,-1343990992122294,0,1592810356805154,0,-18408297189589,0,-188022403881168,0,-2518153243435,0,6735280638164,0,706709004285,0,17655667220,0,29783755,0,14134,0,1 # block t=6160 q=12T52 r=8 k=1
157831316109664,0,686580630461440,0,834632775532800,0,335956257850176,0,63043029252448,0,6016767197520,0,263963709896,0,1462163424,0,-218758080,0,-1922200,0,99056,0,-732,0,1 # block t=6160 q=12T52 r=8 k=1
1064442778497984612169,0,3588796878842744538924,0,181191907899474363282,0,-60636457419584986148,0,-8870794464331634211,0,-531401606008219872,0,-16678738997586192,0,-260385932772288,0,-916099733835,0,25697042140,0,252405714,0,-33396,0,1 # block t=6160 q=12T52 r=8 k=1
632974832192,0,2640842321920,0,1193076686352,0,-9084483662560,0,-17047860133255,0,-11182111806640,0,-2150207911860,0,257195558320,0,6075852462,0,-269128208,0,-2198836,0,-2704,0,1 # block t=6160 q=12T52 r=8 k=1
1280010946896748033,0,6547337198951879748,0,6865947235185215970,0,-10377156249061789604,0,-25974412100113773483,0,-18423757659980692512,0,-4430241883703952408,0,-3594369774621168,0,1351124655321285,0,244559646388,0,-12916132566,0,-276,0,1 # block t=6160 q=12T52 r=8 k=1
20601307704847257782416,0,273704082718001027204832,0,277485987880148626335720,0,33302788802725551538928,0,-52528505626429281521586,0,-21918856107107156146776,0,-2900093843986247303292,0,-102636241444997574768,0,-9623471053468878,0,2386606214278112,0,-1332511923048,0,-1147584,0,1 # block t=6160 q=12T52 r=8 k=1
5115585972547527373,0,9436076248027722778,0,4772303027687769067,0,1133828877849723334,0,144873794924285899,0,9729064101968780,0,231016507616611,0,-9953910485220,0,-726561377331,0,-11727759426,0,38163428,0,-18982,0,1 # block t=6160 q=12T52 r=8 k=1
3105687217,0,4021290936,0,-232146929928,0,602200853708,0,359103413097,0,-57341888676,0,-12190650996,0,457901748,0,42721497,0,-562156,0,-26280,0,264,0,1 # block t=6160 q=12T52 r=12 k=2
128691714053557992676,0,3639537231522724354856,0,-7114842720036176012356,0,-7402958840926424331280,0,14749602693272715270569,0,-1546608161099629008544,0,-210544542165496311220,0,17329334793596947840,0,101955799116701978,0,-2159458835513704,0,-4587535200,0,1290672,0,1 # block t=6160 q=12T52 r=12 k=2
1588,0,-40440,0,264,0,125708,0,79641,0,-22680,0,-25560,0,-864,0,2646,0,320,0,-96,0,-12,0,1 # block t=6160 q=12T52 r=12 k=2
132196773910649457728,0,-654399204239818988928,0,171054131307753474032,0,3196900902979094162512,0,-4463332495403201367303,0,920713883163118333272,0,179359449354357826404,0,2774020945294921048,0,-10585484706865074,0,-190326775641528,0,-53829332316,0,-1562696,0,1 # block t=6160 q=12T52 r=12 k=2
1042247315741072272,0,38038880671259810368,0,-5887568265557412632,0,-5959510356500371640,0,63664232288927985,0,194961195638903706,0,2636796958389973,0,-1377470650632164,0,44104195014120,0,-268729795196,0,-183682896,0,27032,0,1 # block t=6160 q=12T52 r=12 k=2
4827815845730646443581,0,92087203832154678636520,0,113050137396745308118702,0,32404230516863491794312,0,3844947265142542210207,0,198742595041770829456,0,3012038880054839244,0,-41115460474449680,0,163554927718915,0,-280527578936,0,193850630,0,-26296,0,1 # block t=6160 q=12T52 r=12 k=2
1700604057153176461,0,8643746480585122524,0,17776937007077584170,0,18708821997104931916,0,10342473604926274989,0,2601000670428008280,0,85968411957611016,0,-45613252454491800,0,1935975732892137,0,-15638996148332,0,35516618202,0,-376476,0,1 # block t=6160 q=12T52 r=12 k=2
517096903751033856,0,1382325551217229824,0,243536841325969920,0,-175541056110339072,0,-39887745113308992,0,1684701749937792,0,985642825298016,0,80435544582240,0,1890908945940,0,-9507841320,0,13891560,0,-6636,0,1 # block t=6160 q=12T52 r=12 k=2
26068337885184,0,0,0,-192505302614016,0,0,0,18705042925824,0,0,0,-422421969408,0,0,0,2768407392,0,0,0,-208608,0,0,0,1 # block t=6160 q=12T52 r=12 k=2
21120305905736,0,-33809753903008,0,-13037202938552,0,64259588435248,0,-56676430211486,0,22446099226872,0,-3826451275992,0,75048456692,0,31185260680,0,809991112,0,6373086,0,11620,0,1 # block t=6160 q=12T52 r=12 k=2
1482547057150112101,0,8579803718996126088,0,3123777757806509950,0,259346018706994984,0,-12287017975650561,0,-770866518694672,0,55302263577180,0,-1333079176496,0,15184558971,0,-72001720,0,-24794,0,840,0,1 # block t=6160 q=12T52 r=12 k=2
19995371533787483494,0,55483413619559160720,0,53203349887743014490,0,22722853958539142224,0,4423815534839677065,0,300170093931677808,0,-11330937434515764,0,-1251361566375840,0,47939134422762,0,-430704839552,0,1151414958,0,-67488,0,1 # block t=6160 q=12T52 r=12 k=2
34542592502920000000000,0,0,0,-64361929605015200000000,0,0,0,4202509999396766560000,0,0,0,-69069877368723769600,0,0,0,443240421958576,0,0,0,-700199304,0,0,0,1 # block t=6160 q=12T52 r=12 k=2
6283718758391580928,0,-2166900316553295743232,0,-4319512946435477656320,0,453792042481033092128,0,5695171019239922226756,0,3761638713126680149296,0,613036387969823749128,0,-52753740975347840352,0,-286282149689624256,0,2496587447160824,0,-1329415301580,0,-1148448,0,1 # block t=6160 q=12T52 r=12 k=2
186032628474336564557908,0,313579008270379835816704,0,-87117152626690825738828,0,1853692962818957159892,0,1372930736522418935873,0,-168982857086135863308,0,8128137144564364278,0,-145172663848146540,0,-826127436479793,0,41669711241464,0,6843539842,0,291408,0,1 # block t=6160 q=12T52 r=12 k=2
3760749076511051104,0,2782057553898381312,0,-963080877509501280,0,120692654548984880,0,-7725828642909858,0,257079521900376,0,-2915394689124,0,-79222452336,0,2990385738,0,-26901184,0,-154068,0,2688,0,1 # block t=6160 q=12T52 r=16 k=0
9301586789785261508,0,11150610181396776864,0,-7976747449941318324,0,1915736390695452072,0,-221738451736434479,0,12533023429603316,0,-250413396064636,0,-3712805962068,0,126515510786,0,154834124,0,-4869832,0,6860,0,1 # block t=6160 q=12T52 r=16 k=0
35544202197568,0,38173175419462912,0,11991619774431541888,0,907530866638641244864,0,-122907961002625089968,0,-10823795426612695590080,0,6594270969294129371752,0,-279159955341083514760,0,854807497688894585,0,-677356113706156,0,168944803906,0,-7182076,0,1 # block t=6160 q=12T52 r=16 k=0
291822012098452297,0,-1570571628756006324,0,1954966541008803510,0,3366968461641813740,0,-10844334937855865709,0,9898125025545239688,0,-3111019104307515636,0,12706854163930728,0,1190407139941707,0,-79022889796,0,-12664463946,0,-24708,0,1 # block t=6160 q=12T52 r=16 k=0
14308842342202835044,0,-15445133509840220208,0,-15725128400690228916,0,15739489548900773864,0,-4160734132191245550,0,422462127294479304,0,-12562509396883176,0,-276119743955688,0,6839754198624,0,12054275960,0,-226413078,0,-84,0,1 # block t=6160 q=12T52 r=16 k=0
277869353297012003704,0,1941311625227140690896,0,-3406625960773177047768,0,2082948087699154020680,0,-605840627175895718874,0,86267371814819449560,0,-5007361662454659372,0,20636309691152712,0,1290449677117518,0,-1594511742136,0,-12833635488,0,6036,0,1 # block t=6160 q=12T52 r=16 k=0
103991011223934304,0,129902229940614720,0,-52958964230450880,0,-5748476698287328,0,2383994214390888,0,62338880416320,0,-23048253972048,0,706603334832,0,6226229682,0,-383065420,0,2524638,0,-3648,0,1 # block t=6160 q=12T52 r=16 k=0
107671814994911075623936,0,192267230626128912398336,0,66968994230609138641920,0,-13259656762608406836736,0,-4338514173577029401344,0,237840684777189442816,0,62426207629066107392,0,-392837383576599296,0,927232167399056,0,-995565302064,0,441052040,0,-39576,0,1 # block t=6160 q=12T52 r=16 k=0
35583112650934409472,0,-194945126711848042752,0,147848236869220792128,0,831598888903012779552,0,-1719282496606622328348,0,995525726305510208160,0,-164613637216848981120,0,-184684771313852544,0,12803971050264204,0,903563912304,0,-34128679248,0,-72,0,1 # block t=6160 q=12T52 r=16 k=0
16315744193180896,0,71968900635716768,0,-59489809091700560,0,16662343822858252,0,-1881578086616167,0,25476674113954,0,13083334815168,0,-1181623499330,0,40256217193,0,-470086166,0,-524576,0,2544,0,1 # block t=6160 q=12T52 r=16 k=0
2427949897034114308,0,32000351123364626352,0,-261481448299703878516,0,685223679568392920936,0,-842332556815495452303,0,499431964644238534488,0,-114335112983391975572,0,-951194362755463128,0,16377362826483090,0,-10123889172520,0,-15114480256,0,-1210864,0,1 # block t=6160 q=12T52 r=16 k=0
805588539215986287136,0,7845962138665993400896,0,-19351538572886735778672,0,17131744840306094330480,0,-7219976793962973906862,0,1434499173681573163232,0,-97331340524954091084,0,-2381568735724228668,0,16383326188026212,0,-2662151193868,0,-13606439898,0,-1235432,0,1 # block t=6160 q=12T52 r=16 k=0
1081710479636483896,0,1119226909233979200,0,-4908708917105642952,0,-387208135312380896,0,2758911476200489332,0,-1187284289126057856,0,181346781200616096,0,-6815316687217056,0,-364292392044762,0,126434673328,0,16572109782,0,-281256,0,1 # block t=6160 q=12T52 r=16 k=0
12193630336,0,24180425869312,0,14066535496144256,0,2006143232938298112,0,8256741843969935200,0,-52215513494355895296,0,23992764756567654000,0,-669872158135644272,0,4450664375532036,0,-8144890915024,0,4752837440,0,-519340,0,1 # block t=6160 q=12T52 r=16 k=0
6418859757688,0,-14260716970752,0,-47811047539488,0,195180053961200,0,-255286584946620,0,150805251469152,0,-36666774086700,0,1532875589856,0,90471053637,0,-1784607340,0,-26914398,0,3012,0,1 # block t=6160 q=12T52 r=16 k=0
1130516184241873,0,-4899402307408044,0,8752210189938534,0,-8295526779316996,0,4462315932120957,0,-1344308475663432,0,207235564334232,0,-13412384616744,0,383650620813,0,-4754858548,0,21490230,0,-9084,0,1 # block t=6160 q=12T52 r=24 k=0
1796090723700655621437,0,-4011562767575536311420,0,3703051811997936599274,0,-1827303504382948851396,0,518984740259894552805,0,-84628460202190294680,0,7395227714114592480,0,-294732155519952696,0,4443387989886225,0,-23104549861380,0,36681504210,0,-382572,0,1 # block t=6160 q=12T52 r=24 k=0
3133066510742966272,0,-6640341675243446272,0,5808758268265757696,0,-2722545142139986944,0,744288248747313664,0,-121416168896514560,0,11636777681890176,0,-618323281968384,0,16074051282272,0,-160652706688,0,141657780,0,-33164,0,1 # block t=6160 q=12T52 r=24 k=0
5566703504,0,-29361141664,0,65219921048,0,-79155130344,0,56999386041,0,-24817542528,0,6430377692,0,-958524752,0,79377566,0,-3501728,0,75828,0,-648,0,1 # block t=6160 q=12T52 r=24 k=0
68362481617999270081,0,-180531617297356713164,0,183854084116693373362,0,-90744214592298576396,0,22493919667633383215,0,-2683209603368488792,0,136899272598372796,0,-2007373807396280,0,12849523626607,0,-38969327708,0,49612338,0,-13244,0,1 # block t=6160 q=12T52 r=24 k=0
4203744092057168993089,0,-11935726136934939141306,0,12393278021962000873629,0,-5944475334513328979256,0,1461598972862536612356,0,-191199563818031420378,0,13244843288339390188,0,-471757547093713038,0,7805118156095604,0,-43286989699752,0,6921484357,0,-291718,0,1 # block t=6160 q=12T52 r=24 k=0
388342795718656,0,-776703641911296,0,637497943941120,0,-279061996716032,0,71177046181632,0,-10907034918912,0,1004190406656,0,-54385781760,0,1658530224,0,-26557952,0,210720,0,-768,0,1 # block t=6160 q=12T52 r=24 k=0
4228072101621,0,-10232096303304,0,10360041606144,0,-5743903900932,0,1924230341691,0,-406896629472,0,55123047288,0,-4749489000,0,252253863,0,-7711224,0,117144,0,-612,0,1 # block t=6160 q=12T52 r=24 k=0
202773673928504258254,0,-516415903113298246248,0,534757941108169190256,0,-288989320813848184288,0,86794406534355629688,0,-14174175253259954016,0,1125628890458278596,0,-33111349654051080,0,386233107314211,0,-1738874900704,0,2604264438,0,-101424,0,1 # block t=6160 q=12T52 r=24 k=0
322119050522778210496693,0,-191320464459305084172672,0,15697052829697177460880,0,-612908611945790474896,0,14437124727731090487,0,-226033955205246336,0,2462903640843504,0,-19034361202080,0,104264133171,0,-396482560,0,996288,0,-1488,0,1 # block t=6160 q=12T52 r=24 k=0
498252905464147984,0,-1100926001957664720,0,946126415627034496,0,-410593522902882812,0,100005986214235821,0,-14419175463141834,0,1248305489424879,0,-63175167899832,0,1708929562373,0,-19425242988,0,30673259,0,-14194,0,1 # block t=6160 q=12T52 r=24 k=0
459269933329090242458756,0,-771294766097043738242552,0,377646530580698994061606,0,-62898883271601091417554,0,2973830206754667158957,0,-64831235397083940006,0,754786946839132441,0,-4875833063162488,0,17155713150348,0,-31361254290,0,28392779,0,-10990,0,1 # block t=6161 q=12T100 r=24 k=2
40230887780800,0,-106198938803520,0,119926755704752,0,-75613409103440,0,29119106480484,0,-7034643447012,0,1052377809197,0,-92422268545,0,4249141002,0,-81623725,0,539694,0,-1349,0,1 # block t=6161 q=12T100 r=24 k=2
6393156889024,0,-24822744692928,0,40256129831952,0,-35297411744480,0,18109804701969,0,-5511800816046,0,971938265181,0,-95007774816,0,4841096742,0,-115049066,0,977376,0,-2436,0,1 # block t=6161 q=12T49 r=24 k=2
16564105336,0,-46065160672,0,53791362328,0,-34762273028,0,13816233380,0,-3551579352,0,604768158,0,-68755064,0,5193552,0,-255503,0,7825,0,-135,0,1 # block t=6161 q=12T100 r=24 k=2
1140571871696,0,-3990855470816,0,5635642119024,0,-4164356027936,0,1753485573048,0,-431209264880,0,61566510760,0,-5010430624,0,223945445,0,-5257134,0,65211,0,-406,0,1 # block t=6161 q=12T49 r=24 k=2
75263959449765537088272,0,-266340578264521056178848,0,378361937774267503330392,0,-272702524542682776223032,0,102849613698660547514817,0,-18409069457815879639836,0,1121385655599328686288,0,-21661916057920492710,0,139080569577244926,0,-283972920416160,0,59420068701,0,-1436298,0,1 # block t=6161 q=12T49 r=24 k=2
12742867869878642,0,36988986944363512,0,8268371055699068,0,761086925181584,0,32098029876217,0,208808437216,0,-38588901100,0,-1641657528,0,-20627286,0,365392,0,15896,0,208,0,1 # block t=6162 q=12T54 r=4 k=1
14881601961119,0,-15964136427736,0,35916862954740,0,-40534744613344,0,19073900224963,0,-4687243438428,0,635477825753,0,-44163281826,0,974402905,0,26320960,0,154940,0,314,0,1 # block t=6162 q=12T54 r=4 k=1
16401230921808,0,-15484781822112,0,-2730161850336,0,3728494932192,0,1130868035532,0,-973377106272,0,126271716264,0,9209505276,0,1535704461,0,2164860,0,-50346,0,-144,0,1 # block t=6162 q=12T54 r=4 k=1
857154105680,0,2672902754848,0,-429522358304,0,-810975479792,0,-270380710396,0,-46289090912,0,-4804123528,0,-316173616,0,-12937212,0,-291816,0,-1796,0,60,0,1 # block t=6162 q=12T152 r=4 k=1
65536,0,-393216,0,1015808,0,-1474560,0,1313792,0,-733184,0,248064,0,-45824,0,3972,0,-520,0,153,0,-21,0,1 # block t=6162 q=12T152 r=4 k=1
1097154362204,0,-2062669320272,0,1354295006692,0,-296336817768,0,-35909356483,0,19149440248,0,-456104714,0,-244062320,0,15207191,0,7080,0,-178,0,-24,0,1 # block t=6162 q=12T152 r=4 k=1
93551394316288,0,-139988189814784,0,64385601421312,0,-15894081803264,0,2495393935232,0,-267907112704,0,20330902912,0,-1103062208,0,42561416,0,-1140800,0,20188,0,-212,0,1 # block t=6162 q=12T152 r=4 k=1
6629273450701613125,0,-2346568744013311875,0,-45981488735553840750,0,26213818296168222125,0,13582261491730806375,0,1810794845834151075,0,90613668027801120,0,1599893255009385,0,11906407600911,0,40878130337,0,64315644,0,38088,0,1 # block t=6162 q=12T54 r=4 k=1
279182909237,0,-585713584366,0,496161247413,0,-218120914666,0,55070436035,0,-9453933028,0,1508056963,0,-213730334,0,19812464,0,-640996,0,7606,0,62,0,1 # block t=6162 q=12T54 r=4 k=1
69546425557496610448,0,-75378406055312997024,0,24410049250834936632,0,-2911880157628304840,0,445531640509064169,0,-25040746007926056,0,2327046674204238,0,-51497315514288,0,3218780805579,0,-33098360,0,1655094,0,-24,0,1 # block t=6162 q=12T54 r=4 k=1
47897663900,0,73289923760,0,18228291756,0,-10490510928,0,-7630764902,0,-2177234584,0,-357466468,0,-36535472,0,-2299964,0,-79124,0,-706,0,40,0,1 # block t=6162 q=12T152 r=4 k=1
406414289428480,0,14181087615451136,0,185793715275498240,0,1132757936429963776,0,3238805375529390950,0,3872123777571179480,0,1922533323396809860,0,351881441861937944,0,18214845854050746,0,-6500789268720,0,145600420,0,45856,0,1 # block t=6162 q=12T152 r=4 k=1
62274088110181878848,0,-45664504216694683072,0,7221774267978558400,0,-571999886280498944,0,28007869730422464,0,-927107794918608,0,21644941446204,0,-362379175996,0,4339075168,0,-36328752,0,202054,0,-670,0,1 # block t=6162 q=12T152 r=4 k=1
528653596233045176,0,-647084096654505216,0,149123101875225508,0,-16894336145241564,0,1175487750196164,0,-55256639444136,0,1839971084912,0,-44337683928,0,774611986,0,-9631924,0,81273,0,-419,0,1 # block t=6162 q=12T152 r=4 k=1
1197157913744,0,-2291455779680,0,1565156395624,0,-398191812552,0,-8146610599,0,15067477168,0,-295120292,0,-205097696,0,12594062,0,36720,0,-1660,0,-24,0,1 # block t=6162 q=12T152 r=4 k=1
4457638104517328,0,77285608629922592,0,366885737006398880,0,510268553155742736,0,272790683800492708,0,46523118336585184,0,-2422629896326344,0,-309580911057824,0,15603900873748,0,-78687410152,0,-480409948,0,177556,0,1 # block t=6162 q=12T152 r=8 k=1
9961281617735249022097,0,34295416088247018690492,0,33739156925805376541514,0,-7654348940803508783732,0,-32087397987922171199301,0,-17917475316315105422664,0,-2830569940287346492308,0,66718262137899533688,0,8339782559182397307,0,-69351681380,0,-6935168094,0,12,0,1 # block t=6162 q=12T152 r=8 k=1
29193894323617173841601,0,64511351078436563656367,0,45592335176343060172125,0,10784660736913973461842,0,-24711331385884070824,0,-126971379877550971112,0,1586485068575629610,0,56952361999963050,0,301414965159837,0,430907709738,0,4976137,0,-187923,0,1 # block t=6162 q=12T54 r=8 k=1
180368877955589262470,0,769013164665017359792,0,412173905721383002216,0,-1794687260668058277728,0,-1738619259308719001816,0,1001917678111559513024,0,785850803676091171348,0,-385722234587755588816,0,35884057776443427075,0,1983582776651572,0,39387919002,0,331092,0,1 # block t=6162 q=12T152 r=8 k=1
374448080603897902120,0,35001244401565905632,0,-1330138686539784889188,0,-328728028191769762600,0,918634082910997116489,0,688744545007958341520,0,192913668945420655980,0,23500280395956038512,0,996775706719049364,0,-23434942506024,0,-2299990640,0,22896,0,1 # block t=6162 q=12T152 r=8 k=1
24025405,0,92151045,0,61404234,0,-41182304,0,-21312531,0,1232190,0,1502160,0,106839,0,-29763,0,-4322,0,-9,0,24,0,1 # block t=6162 q=12T54 r=8 k=1
397899181937200898117,0,2434145532885087682592,0,5400088800386689857306,0,5660238568728489775688,0,2889205413069412427679,0,612643027655254416912,0,18743999057961720940,0,-1086344295382046016,0,10977953671371755,0,-14491237002000,0,-35056906262,0,2510168,0,1 # block t=6162 q=12T152 r=8 k=1
431932938592774677008,0,2061124710474330464608,0,-1055611896714513041448,0,182343723498639202392,0,-11518199325900230207,0,-138620201094240,0,15113868314010548,0,227563379081328,0,1288830423094,0,3569032960,0,5131644,0,3640,0,1 # block t=6162 q=12T54 r=8 k=1
107073136230400,0,-10210800509911040,0,-1039503991958577152,0,-27678698460228990080,0,-289339912373267226903,0,-1055288316769590391392,0,-405406106565989419256,0,61880901137877366592,0,5358306763514019732,0,-12927865187984,0,-5599074384,0,5216,0,1 # block t=6162 q=12T152 r=8 k=1
102400,0,-174080,0,-802816,0,445952,0,1091840,0,423296,0,-30848,0,-54720,0,-12304,0,-560,0,160,0,24,0,1 # block t=6162 q=12T54 r=8 k=1
200195871644875625,0,-313937397647039500,0,-423531524025527350,0,1162711658356898900,0,-782512204689720193,0,139005183900645224,0,17422909650320236,0,620308057292488,0,9236065127799,0,57393869860,0,128077162,0,58212,0,1 # block t=6162 q=12T152 r=8 k=1
31392692032275902255,0,47248166042786536450,0,-20783926544423222294,0,-4771739447199540982,0,-218720075717131108,0,4582426511445023,0,284375497586136,0,-3706851298662,0,-56566815840,0,348341533,0,5043438,0,12571,0,1 # block t=6162 q=12T54 r=8 k=1
3347125039424,0,-33374776868288,0,74044089865664,0,63927535803080,0,-209457688574031,0,-50485075011032,0,130907525248792,0,41669323814816,0,2556163765830,0,8324314728,0,10052360,0,5256,0,1 # block t=6162 q=12T152 r=8 k=1
13514247209250905520275,0,61296410484510686098530,0,61951588556040070544179,0,-8936151654864743325872,0,108151916042536316785,0,11421873397103783576,0,189053064032387805,0,1215668606056308,0,1718397231862,0,-14767554937,0,-60337099,0,-51308,0,1 # block t=6162 q=12T54 r=8 k=1
2345214711040,0,4271937608557056,0,1782067172814201344,0,1319218381803259392,0,-3635743680679562864,0,-3113129474003979136,0,14240452965337728,0,17815946790128832,0,339588335623312,0,-8072916551440,0,-23342608584,0,2316688,0,1 # block t=6162 q=12T152 r=8 k=1
531441,0,885735,0,-22674816,0,-29642598,0,-5373459,0,3741957,0,734103,0,-187596,0,-22842,0,4131,0,135,0,-33,0,1 # block t=6162 q=12T152 r=12 k=2
12934724861600000,0,21878416677280000,0,-2877170777200000,0,-18554672664300000,0,-10923611872548540,0,-2414091926578752,0,-81970523152320,0,43187414898560,0,4524934820156,0,-16477561568,0,19120992,0,-7816,0,1 # block t=6162 q=12T152 r=12 k=2
14047499946766415750,0,1278899844542455200,0,-27487386519726356960,0,5780008390095880824,0,13906892787442677636,0,-4458177989983957368,0,-1838710015140640520,0,531633992529419424,0,66213229430440687,0,-289337210940,0,-622866410,0,996,0,1 # block t=6162 q=12T152 r=12 k=2
170699545,0,405122440,0,-139951454,0,-133346536,0,14827487,0,13466160,0,-372196,0,-537072,0,-4057,0,8008,0,34,0,-40,0,1 # block t=6162 q=12T54 r=12 k=2
738507110602888446569,0,1562103298592506695980,0,-3876750761544890685310,0,2316242018285104800900,0,-71910213029900206539,0,-451158512219136539560,0,195778845907892989952,0,-34433680796060137736,0,2280344612759664013,0,304349590906740,0,12711013762,0,200124,0,1 # block t=6162 q=12T152 r=12 k=2
2072411567089113609,0,5162373837376238655,0,1978378789741186977,0,244767546264771378,0,4787419868801712,0,-1008127769762763,0,-53290371639456,0,261000880209,0,33494600151,0,-358963758,0,1282917,0,-1899,0,1 # block t=6162 q=12T152 r=12 k=2
8589934592,0,0,0,-10450530443591680,0,0,0,454217642131509021593,0,0,0,-8472272349129726387696,0,0,0,362421914234257323812,0,0,0,-50259622136,0,0,0,1 # block t=6162 q=12T152 r=12 k=2
217596805890417137657584,0,686699202716843607875200,0,5518888567735054165728,0,-679025419818078253952,0,8712769911808105362,0,-3974128927728904,0,-503232616451692,0,1673410633808,0,11367212802,0,-44807584,0,-142960,0,384,0,1 # block t=6162 q=12T54 r=12 k=2
36278628352,0,68021010432,0,-185864765952,0,-238656851456,0,90762024032,0,135608514496,0,5312210240,0,-8455616512,0,786617688,0,-5744432,0,-707048,0,3400,0,1 # block t=6162 q=12T152 r=12 k=2
758182362382755963392,0,-3488367893787553981440,0,-1144612532341552023520,0,16108523354992581307904,0,-1714850359344639884183,0,-16994498926910044251904,0,231398926918658563784,0,2285296511270600412272,0,221285511248747438148,0,-11179016038624,0,-39748580192,0,608,0,1 # block t=6162 q=12T152 r=12 k=2
8048064847529251,0,12915261460336727,0,-24028620318383794,0,9880641638425967,0,-694937285627287,0,-251625219742439,0,22693363403434,0,1566416440614,0,24444940979,0,53503958,0,-1062856,0,-4780,0,1 # block t=6162 q=12T54 r=12 k=2
14977030015606625,0,352273444338664900,0,540321242719880370,0,-181449861216486636,0,21127946257881583,0,-995215546097912,0,1802153325820,0,1465378651464,0,-39247421809,0,-128540108,0,10569842,0,19108,0,1 # block t=6162 q=12T152 r=12 k=2
7725893822279034521275,0,61231269183866468661000,0,97304228814117946811535,0,-182448042207034192590,0,-5715168483418677485674,0,429565177484639410827,0,6721403946863265016,0,-14117803028949827,0,-116074284264634,0,343957578573,0,-226616899,0,23892,0,1 # block t=6162 q=12T54 r=12 k=2
598566024003632769,0,1399927358054217734685,0,-155356838720936321717502,0,-111627223324410473338425,0,73973730600548435110141,0,-799526066118722712599,0,-43451827953756268507,0,308101826299287852,0,713264757862319,0,240734673162,0,-120179710,0,2767,0,1 # block t=6162 q=12T152 r=12 k=2
2076545920532480000,0,0,0,-315848107024006246400,0,0,0,7933316048325358952388,0,0,0,-32407781613078427696848,0,0,0,17791055126647457370900,0,0,0,-356620403496,0,0,0,1 # block t=6162 q=12T152 r=12 k=2
204043549933568,0,114987876867899392,0,11816756363059527680,0,-121761782517672837120,0,-391893112805169885184,0,-259921472829679935488,0,19038117702385635328,0,-441702842885797888,0,4024226768457472,0,-12480998498816,0,10626864224,0,-999104,0,1 # block t=6162 q=12T152 r=16 k=1
26189707987897815040,0,86437597352385355776,0,-588363865327386531840,0,1057867439338942515200,0,-880768118140555424512,0,350481399895562910720,0,-47581751544410079744,0,-5273238144117975296,0,1059974498413632208,0,-60170249120,0,-2492951416,0,56,0,1 # block t=6162 q=12T152 r=16 k=1
59893303377113660125,0,85568350660658120325,0,-8286231969829738995,0,105984229895261095,0,13441996809551871,0,-585940349342313,0,5187217532550,0,208824236982,0,-6805908486,0,86749348,0,-525300,0,1128,0,1 # block t=6162 q=12T54 r=16 k=1
10643368158595851417656,0,15861974989669492961664,0,-2199846025857871456856,0,114444331403143338912,0,-2760617669395753654,0,25770441979843224,0,103086887406996,0,-3138971975136,0,8775053558,0,58471320,0,-198676,0,-288,0,1 # block t=6162 q=12T54 r=16 k=1
110155317310119366291949,0,521042391168851250934080,0,531962639533261478302738,0,114871138657015027339840,0,-47631525893834016732369,0,-14332078264927074786128,0,540063114462362354940,0,-6229789973644535056,0,28560377389340211,0,-48281502165776,0,25158482146,0,-1491344,0,1 # block t=6162 q=12T152 r=16 k=1
2110445730202745223520,0,-5671682215133222862464,0,2953914513647816191984,0,5122217289695742999616,0,-7645572949122046176554,0,3831705593489169553528,0,-706803048942940829292,0,-858768044466973024,0,5366004358054990510,0,-1612597873424,0,-5608998112,0,624,0,1 # block t=6162 q=12T152 r=16 k=1
60249011518024604234464,0,129372994264328215692288,0,-17401074422445939779584,0,886990725990345661312,0,-21172229592086037360,0,209741072079574912,0,138858180784672,0,-13864800346592,0,35586264382,0,147396800,0,-382656,0,-408,0,1 # block t=6162 q=12T54 r=16 k=1
7704586731081648571,0,22918012618919150499,0,17086403992010513661,0,972749794566322351,0,-1876584962666963481,0,-45627383407308660,0,56875436819172641,0,-3168812700818394,0,51739855089858,0,-167092027468,0,114635745,0,-19953,0,1 # block t=6162 q=12T152 r=16 k=1
3045063946575933,0,4098869487756540,0,-2412656560786122,0,377885080113084,0,-7366322589561,0,-3030161206536,0,245529579588,0,-3408462504,0,-200341541,0,4287628,0,25062,0,-404,0,1 # block t=6162 q=12T152 r=16 k=1
2555015340689992333,0,16278061147701562928,0,-304415781010115669982,0,-798503179797434764656,0,-624345116275658113681,0,-132353288577583129776,0,11458331353315776060,0,-305230352711351888,0,3262539374065299,0,-12060337345696,0,9527368146,0,-1181216,0,1 # block t=6162 q=12T152 r=16 k=1
7036972180506290593,0,2176377130901812764,0,-86221359958779803994,0,-177131159233212095980,0,-91579725412632884169,0,30654684143768395144,0,22950214040453077668,0,-3403652462258535944,0,112518649714581719,0,-25505839975812,0,2118551750,0,-76140,0,1 # block t=6162 q=12T152 r=16 k=1
177636308483453025787,0,162717200031376019526,0,-28641302204617332012,0,1978009067208043490,0,-71328859733201517,0,1361283800503554,0,-9416727046308,0,-121705702227,0,2818529487,0,-14840173,0,-48462,0,417,0,1 # block t=6162 q=12T152 r=16 k=1
6482144923775765120000,0,-1794625495709873792000,0,-5457091765053140550400,0,4421991532732152010240,0,-1315374321585311914492,0,151161176291386714016,0,1918302504755493488,0,-1576896732629273472,0,75180508372112692,0,-2742051824,0,-660429256,0,32,0,1 # block t=6162 q=12T152 r=16 k=1
14281034787599492,0,22190554480778288,0,6881473752182708,0,-85421290693160,0,-196606530892007,0,-1881427593136,0,1516689091640,0,-81308292288,0,1946125974,0,-25031200,0,178628,0,-664,0,1 # block t=6162 q=12T54 r=16 k=1
4822026178469,0,16911032305503,0,12138404619395,0,-4635660449280,0,476330536672,0,1536598321,0,-3767334845,0,289995132,0,-8122500,0,-43864,0,7827,0,-162,0,1 # block t=6162 q=12T54 r=16 k=1
7848216518089,0,14247410549920,0,19963814253282,0,19489911606726,0,9928964286537,0,2442754313784,0,261096953491,0,18587539774,0,2529369368,0,42177450,0,281521,0,858,0,1 # block t=6163 q=12T100 r=0 k=0
4019611140718987913,0,3422396436483190056,0,677501740945574828,0,67542780871201946,0,4163588923626632,0,173385197179444,0,5087723929999,0,106947582900,0,1606666416,0,16890046,0,118564,0,504,0,1 # block t=6163 q=12T100 r=0 k=0
482629309813964967833089,0,341069667406762239433020,0,25881172399175174250798,0,930519364373234866102,0,20284407605372195223,0,295943089122595728,0,3027464181585195,0,22137189263244,0,115643214297,0,422836600,0,1030413,0,1506,0,1 # block t=6163 q=12T49 r=0 k=0
2440880262943,0,6994204620816,0,8621117172504,0,5900252314262,0,2410245134442,0,585173901312,0,78364705983,0,4736791422,0,64811934,0,-2071540,0,35268,0,-234,0,1 # block t=6163 q=12T100 r=0 k=0
7837739237022181312,0,8082843011620104384,0,1738812185752234560,0,182206182929537056,0,11496100412481120,0,477889548345216,0,13654936567464,0,272434766364,0,3777367869,0,35441863,0,212193,0,717,0,1 # block t=6163 q=12T49 r=0 k=0
143977,0,634464,0,1273342,0,1542622,0,1259177,0,731184,0,310463,0,97382,0,22464,0,3730,0,425,0,30,0,1 # block t=6163 q=12T100 r=0 k=0
1320229793,0,2943262996,0,2745035495,0,1404313848,0,438652516,0,88627280,0,11596538,0,838524,0,5044,0,-3948,0,-288,0,2,0,1 # block t=6163 q=12T100 r=0 k=0
5098615890138300194953,0,8878525957866908323086,0,5835918572810688659580,0,1799534833227247645592,0,262054404457820405868,0,16333470443082154088,0,424004719150252250,0,4216116889058910,0,18985012956092,0,41487473884,0,43163044,0,17824,0,1 # block t=6163 q=12T49 r=0 k=0
14681793175939,0,16897882706624,0,10159001726056,0,7602370282840,0,2366501588010,0,252686601728,0,-238493297103,0,-47756711904,0,10797072604,0,-44311472,0,250540,0,-426,0,1 # block t=6163 q=12T100 r=0 k=0
314147540992,0,985389072384,0,1297532351488,0,929803874304,0,392885483520,0,99228852480,0,14560925248,0,1166685568,0,46911280,0,950960,0,1392,0,-216,0,1 # block t=6163 q=12T100 r=0 k=0
1204111,0,5172832,0,9918991,0,11226640,0,8355949,0,4310620,0,1581252,0,415804,0,77827,0,10116,0,867,0,44,0,1 # block t=6163 q=12T49 r=0 k=0
1407542664536959833,0,3556784565390621402,0,3665420252261725995,0,1975480728244520724,0,593841943812217590,0,98682416756750430,0,8598677704892280,0,372133027180206,0,7443329025726,0,60044306292,0,108470043,0,38826,0,1 # block t=6163 q=12T49 r=0 k=0
330754986361693897777,0,706237220638470799452,0,538782299203699124130,0,197056416413634493900,0,37124420717092540239,0,3489122235573643320,0,145418713171380636,0,2719715385296376,0,21304853061471,0,60437030764,0,64273890,0,20028,0,1 # block t=6163 q=12T49 r=0 k=0
898666731,0,-4433635116,0,3935733948,0,11429918100,0,6187934979,0,1623746898,0,265210200,0,30544614,0,2695923,0,137052,0,4653,0,90,0,1 # block t=6163 q=12T100 r=0 k=0
598396783961,0,1401627119964,0,1354468393674,0,704451723488,0,213918869368,0,38357108324,0,4014015298,0,252028428,0,7487432,0,352028,0,14105,0,158,0,1 # block t=6163 q=12T100 r=0 k=0
1176452150723411968,0,195754174445621608448,0,6962797195784423956480,0,86701345128068531994624,0,408048439220943102236416,0,581104708793636511333632,0,-162863456270817781841376,0,447013647177389829200,0,351914111778116245,0,-429261506898217,0,-60280760770,0,7530118,0,1 # block t=6163 q=12T49 r=8 k=0
17752110034269184,0,98647849773539328,0,40781766284304384,0,7067515005349888,0,622214305806816,0,26002803481344,0,126411020736,0,-28540770624,0,-724397760,0,6035680,0,257304,0,-1032,0,1 # block t=6163 q=12T49 r=8 k=0
109783679251931136,0,103077089787691008,0,-70108928597403648,0,-10325375222183424,0,-305731605233664,0,11566653748992,0,686853512352,0,5885522208,0,-205427016,0,-4545018,0,-23022,0,114,0,1 # block t=6163 q=12T100 r=8 k=0
112699122658978225,0,68545334467973285,0,-434056290817976331,0,27802135524453904,0,382627284094767079,0,-137303451635100681,0,-54002637125384522,0,20615724300330933,0,1417223281254235,0,2552726440348,0,692896849,0,55123,0,1 # block t=6163 q=12T100 r=8 k=0
256976214750128404,0,1836801644608512344,0,690682622873196036,0,94192773417221096,0,3962127953458788,0,-266603878780792,0,-33360123183908,0,-1115732000344,0,-6758189039,0,161112842,0,-571117,0,210,0,1 # block t=6163 q=12T49 r=8 k=0
52393077000300172,0,314805258488702348,0,633594091380780892,0,481448122772689356,0,82976366589747218,0,-26774374236984242,0,-6712238201293538,0,24852301046264,0,930437889673,0,-2422033435,0,-15155613,0,22511,0,1 # block t=6163 q=12T49 r=8 k=0
7943140396191834112,0,-109217743886006943744,0,-3244306595857370861568,0,4635254578852000090112,0,17855403667116304154112,0,-39784948593342375050496,0,20706849648805438572000,0,372311725068919957392,0,1601721153773388801,0,726121447106780,0,88965845670,0,588300,0,1 # block t=6163 q=12T49 r=8 k=0
422367194764590192640,0,1616167676320767610880,0,2072319367137245387072,0,710447959319085161928,0,-491559810824696458620,0,-364063820342108456614,0,-31560895519372202953,0,9136591828086230336,0,289223091501775635,0,-190966932266862,0,-4194402327,0,211984,0,1 # block t=6163 q=12T100 r=8 k=0
441815277584,0,5299651592160,0,15475330004112,0,-8674641259104,0,-47078813930904,0,8099893584544,0,24864044247872,0,1773832809840,0,-35222813815,0,-655471102,0,-3050377,0,-4138,0,1 # block t=6163 q=12T49 r=8 k=0
150018729502984768,0,-4426805167677796032,0,-238312997382474352128,0,-2910347499400794073440,0,-13625198186330107415424,0,-21522181559960628519408,0,-1129695177399821843488,0,995537227204666836,0,9342082153717359,0,1308391504839,0,-4938799485,0,-693081,0,1 # block t=6163 q=12T49 r=8 k=0
2397020134775253776,0,8245130470997531728,0,-1448818571312740648,0,-120393557020453880,0,15823068865272792,0,1006414717422104,0,-37361367201450,0,-3292727901156,0,-60910238531,0,-423635840,0,-1172524,0,-764,0,1 # block t=6163 q=12T100 r=8 k=0
54184377429675850781696,0,257121196423934332899328,0,488541376449553068443136,0,468302996077947454504192,0,231456975638112155370432,0,51000282589166999598016,0,1570697326733993990656,0,-671627521379574935208,0,-578906379546540271,0,367968544074822,0,-57763167273,0,2732906,0,1 # block t=6163 q=12T49 r=8 k=0
52701073863136857589833,0,56059887319747185727827,0,2559513023079003513144,0,-47887669299254889762,0,-5550887268218716569,0,-143215283519980074,0,-1494156161845368,0,-1243321730568,0,97969277439,0,556537527,0,-1210320,0,-12198,0,1 # block t=6163 q=12T49 r=8 k=0
45761111166976,0,190023550537728,0,140696265160704,0,42271858158080,0,6284607971904,0,451754845632,0,8225957616,0,-774739152,0,-34641027,0,389006,0,22947,0,-354,0,1 # block t=6163 q=12T49 r=8 k=0
37074131510048538051092,0,155927166758012441790712,0,220100927717698613085044,0,142796664645671113152168,0,44009319112152635626820,0,5093151329823720925096,0,-115760139630164460724,0,-23398409267764146336,0,-18723733893142383,0,17792112381306,0,-3942269801,0,253582,0,1 # block t=6163 q=12T49 r=8 k=0
6564377842331267341,0,162928446144657138488,0,-179244067511803509926,0,-1530326361597010603440,0,1841273721136405723311,0,1133788861134039441888,0,-34984984193155317028,0,-18423953508708403120,0,-25630155172352589,0,18825158225704,0,-3695618918,0,213216,0,1 # block t=6163 q=12T49 r=12 k=2
11170398985869568,0,16634114088758272,0,2823368939747328,0,-138003040738048,0,-48289818756480,0,-634392640896,0,267652969696,0,7476945408,0,-563070576,0,-14520464,0,347896,0,-1672,0,1 # block t=6163 q=12T49 r=12 k=2
8659836738033667136,0,62629342369596012224,0,4220701573855533024,0,-10443075572783740504,0,-2523371621959922383,0,-211976111000230732,0,-6976845887082940,0,-44037044401252,0,1138244326182,0,-4614969204,0,7301060,0,-4804,0,1 # block t=6163 q=12T100 r=12 k=2
117040941145396,0,-197294268416802084656,0,-114566955612909146186270,0,-340739828114910873689212,0,263793732731307014562745,0,825177529361387013641072,0,-151583870160991729006552,0,-495381370098335490047560,0,-448146461538275359190,0,61293194568306976,0,-2375331921586,0,28055588,0,1 # block t=6163 q=12T49 r=12 k=2
263633720176201,0,-2135767865457468,0,-7720296353947638,0,2586094927442020,0,-285036730321281,0,8972920342984,0,409829177708,0,-24936360024,0,-160071145,0,13913588,0,202666,0,884,0,1 # block t=6163 q=12T49 r=12 k=2
25101852014224,0,120314523627840,0,202083930699744,0,152404183053920,0,44877427533040,0,-4770716439968,0,-5432546444520,0,-742919261648,0,31871428760,0,-297758360,0,1106696,0,-1760,0,1 # block t=6163 q=12T49 r=12 k=2
9758634976,0,172926644352,0,791729258880,0,352780911680,0,-1618222836096,0,905855346720,0,-140847156552,0,-4335272424,0,538400529,0,1169420,0,-116898,0,-12,0,1 # block t=6163 q=12T49 r=12 k=2
108868637190793856,0,-4816697336715968,0,-358935605458101536,0,52642243464052936,0,27294748424285833,0,-3640066323263402,0,123139264501808,0,268534783064,0,-41234956869,0,-317508128,0,-264004,0,1010,0,1 # block t=6163 q=12T100 r=12 k=2
31255420971264869376,0,120182149272236428800,0,-188229164058595443456,0,-401252360718304290240,0,400633918995904079040,0,223870399682138107200,0,-137746163788037806320,0,-46514659852908352800,0,1394176734365069232,0,635726698102620,0,-9342516420,0,-317520,0,1 # block t=6163 q=12T100 r=12 k=2
27692086820864853476556,0,72021738636058111558560,0,-67877575153214633683416,0,-3764175128148019975704,0,13163144682527117871768,0,-2385173553657234188016,0,-23314625597379552140,0,258203670566776400,0,271152922675178,0,-2155541300640,0,30324752,0,29264,0,1 # block t=6163 q=12T100 r=12 k=2
291268,0,-3261640,0,5718764,0,28312352,0,-68177896,0,5698272,0,24482452,0,-2919428,0,-1849335,0,-106710,0,-679,0,62,0,1 # block t=6163 q=12T49 r=12 k=2
65536,0,720896,0,2441216,0,2490368,0,-645120,0,-1943552,0,-424960,0,234752,0,27536,0,-15440,0,1756,0,-76,0,1 # block t=6163 q=12T49 r=12 k=2
69343957,0,0,0,-1371466592162,0,0,0,850265593700635,0,0,0,-20603497425065320,0,0,0,11844325627075,0,0,0,-7006086,0,0,0,1 # block t=6163 q=12T49 r=12 k=2
17362578728476816,0,64766005259711872,0,10212241281025120,0,-428156605310496,0,-126805750765280,0,-994192150400,0,523971736968,0,10529383696,0,-827105300,0,-15470984,0,375668,0,-1720,0,1 # block t=6163 q=12T49 r=12 k=2
21808443441873420288,0,7383651171850454040576,0,-361401918989489160192,0,-329023277951367186432,0,14693260514894029728,0,2686209531950491776,0,-76304608730877888,0,84693253216320,0,6447749196816,0,564366528,0,-20951784,0,7560,0,1 # block t=6163 q=12T49 r=12 k=2
232226370448,0,547208316960,0,-10111131504,0,-69712488896,0,10413020520,0,1508163408,0,-570938736,0,68560632,0,-4177359,0,124210,0,-669,0,-54,0,1 # block t=6163 q=12T49 r=16 k=0
1033688022212929,0,-8799122163774956,0,23345822126603102,0,-9937719345858340,0,-51522344156808745,0,82147229097315832,0,-37036412294147108,0,195779785883736,0,14344362273495,0,-710679020,0,-7698138,0,172,0,1 # block t=6163 q=12T49 r=16 k=0
5004894950887096,0,7296344433003696,0,-915913479763088,0,-1235814099703944,0,94565918696264,0,11393346053432,0,-1585162453136,0,69695844704,0,-1365919616,0,11526512,0,-16636,0,-268,0,1 # block t=6163 q=12T100 r=16 k=0
275082141808777417,0,-128049657430218965,0,-227342539051382740,0,240073433444904018,0,-91628513147213317,0,15708623108921862,0,-939796465979220,0,-17712357867516,0,257926225083,0,1932023207,0,-8448344,0,-20718,0,1 # block t=6163 q=12T49 r=16 k=0
29073760129,0,-1007768534046,0,-5838126239787,0,-10943514062168,0,-7459157907756,0,-339247510110,0,846591452412,0,-124360825626,0,6714624420,0,-148295048,0,1129917,0,-2562,0,1 # block t=6163 q=12T49 r=16 k=0
20885597591,0,-709453966680960186,0,1747969613682898787001,0,-645283242946156811166,0,-28673314201279641186929,0,-13639677086438788523984,0,50677677978471088861598,0,-1315518777052728194824,0,-1919451438686120087,0,715948646463274,0,-75937431171,0,2493686,0,1 # block t=6163 q=12T49 r=16 k=0
511755268730927168,0,7913714682916274176,0,-47477828704618773440,0,10437785484754283776,0,48806237368950036048,0,-4629522363974005456,0,-11129990163452231288,0,136520936941802480,0,6612298068428513,0,-5323722185894,0,1379643835,0,-120598,0,1 # block t=6163 q=12T49 r=16 k=0
21636563421103744,0,1106142616723218048,0,-202331248869653600,0,-256756719676855744,0,22158055495736164,0,18283628171717600,0,-615071799364458,0,-401268490163454,0,3061940649777,0,-7968294810,0,9335469,0,-5026,0,1 # block t=6163 q=12T100 r=16 k=0
458752,0,-786432,0,-540672,0,1122304,0,-107520,0,-276480,0,73728,0,16128,0,-7632,0,400,0,156,0,-24,0,1 # block t=6163 q=12T49 r=16 k=0
1597888231038084525841,0,4882032930843168924444,0,-4062936997432995625086,0,1248851522124722751850,0,-192004069932071404161,0,15263056674222420420,0,-537217725405858597,0,1808290396827960,0,210041369166801,0,-1617964206692,0,-1177632423,0,175290,0,1 # block t=6163 q=12T49 r=16 k=0
20872493748519235107328,0,37302657057589444002816,0,-19980150625010160690432,0,3289155924593615560448,0,-232536504395140191072,0,7082510504117821056,0,-64271192587687488,0,-426555880148160,0,6301430731296,0,2700904928,0,-21776784,0,7440,0,1 # block t=6163 q=12T49 r=16 k=0
3003196126234619315200,0,-3932188734333082124800,0,1764400850117029181440,0,-404819821169567606080,0,54386513843564782464,0,-4480284863223344160,0,224372353345271056,0,-6362682348664656,0,83117098945744,0,-196748385284,0,130159196,0,-21902,0,1 # block t=6163 q=12T100 r=24 k=1
96205948647155392945456,0,-99737790363805994344896,0,18485908775747830278480,0,-1460344661509886283632,0,62828470192317123420,0,-1623310600395920544,0,26085862167745632,0,-259554533039280,0,1537960829247,0,-5047855322,0,8424723,0,-6036,0,1 # block t=6163 q=12T49 r=24 k=1
423511493,0,-1202962532,0,1500757814,0,-1087502524,0,510296631,0,-163608744,0,36817124,0,-5869368,0,658915,0,-50868,0,2566,0,-76,0,1 # block t=6163 q=12T49 r=24 k=1
13121156541665795761,0,-36618971792004042788,0,41560959636443880496,0,-24618011058323282023,0,8073119542016327963,0,-1416960476990773372,0,114512363019986708,0,-2699856761831622,0,25841272882243,0,-106815187328,0,181107404,0,-87459,0,1 # block t=6163 q=12T49 r=24 k=1
22287134691124,0,-35369012118760,0,18852827100860,0,-5346648941736,0,950349244617,0,-114374340908,0,9687289622,0,-586625108,0,25343955,0,-764700,0,15338,0,-184,0,1 # block t=6163 q=12T100 r=24 k=1
9614800043661168,0,-10401490670422464,0,3959572909827888,0,-776751123718296,0,91144458690425,0,-6912278615944,0,353943382952,0,-12506232680,0,305968478,0,-5097816,0,55272,0,-352,0,1 # block t=6163 q=12T100 r=24 k=1
165294205044660847,0,15680319122582430,0,-156391244685009606,0,93558899818450684,0,-23371035493321566,0,2551504518870753,0,-57379514945836,0,-7449645412461,0,202104632802,0,2184821558,0,1645194,0,-3447,0,1 # block t=6165 q=12T152 r=16 k=1
15555689125886511,0,1639550181845162727,0,22163683445497476540,0,72823574323220351283,0,49884504270592334056,0,-6645417319833712050,0,266817701915880967,0,-3803990304060556,0,17777316882287,0,-33828386198,0,26519424,0,-8759,0,1 # block t=6165 q=12T152 r=16 k=1
183944211155464891631,0,639682793182752724624,0,456459448406360030842,0,-95394045127309098967,0,-145500511051637424681,0,-13184780537255268133,0,6247664076697365182,0,-98913764926380206,0,488483410750647,0,-985809893075,0,863072530,0,-274216,0,1 # block t=6165 q=12T54 r=16 k=1
3047343064861,0,1946655325014,0,-1373227422113,0,247125618475,0,-8729746902,0,-2196748185,0,252592603,0,-3717354,0,-791870,0,41342,0,138,0,-53,0,1 # block t=6165 q=12T152 r=16 k=1
3841222729165105,0,-37434196702140396,0,93195820582513250,0,42348368086910980,0,-299639451799492401,0,243775395771202536,0,-45072710697240100,0,-401874802933144,0,389895243939423,0,4396568671492,0,-20473604254,0,-2232172,0,1 # block t=6165 q=12T152 r=16 k=1
24025,0,17980,0,-129846,0,-59348,0,150815,0,23736,0,-60948,0,8440,0,7271,0,-3060,0,490,0,-36,0,1 # block t=6165 q=12T54 r=16 k=1
419359284801348245659,0,1211208374469478888535,0,1160106846400525267086,0,348463304117093591034,0,-43650888470887615257,0,-22520925986977441196,0,1531716011125752236,0,-27915703189655083,0,180201693259695,0,-330381864324,0,163803699,0,-23456,0,1 # block t=6165 q=12T152 r=16 k=1
2276370677469799,0,995129219017335119,0,-27078789687792938,0,-18052063961787954,0,1005768761900368,0,84428309551866,0,-7711668604681,0,18802486513,0,15409968977,0,-563353983,0,6939412,0,-16568,0,1 # block t=6165 q=12T54 r=16 k=1
66805700815299616,0,240152390504525952,0,-456843563496634256,0,262202431862052032,0,-57313982165336348,0,491899350286144,0,1763974498432176,0,-264650961713344,0,12242167920212,0,-1965659520,0,-7790100,0,560,0,1 # block t=6165 q=12T152 r=16 k=1
378414878231496206317,0,450329315211013509180,0,-149480200951920710283,0,15991253057378250283,0,-574956419749705188,0,-12715924081260150,0,1419081383220882,0,-31065569176212,0,170464471560,0,2337397,0,-1201140,0,-318,0,1 # block t=6165 q=12T152 r=16 k=1
28154671616000,0,-64064384409600,0,-13214931322880,0,100662583363584,0,-56786559555840,0,6558564330496,0,2245869417728,0,-598217207552,0,37339281968,0,8214880,0,-410568,0,-24,0,1 # block t=6165 q=12T152 r=16 k=1
130207764517,0,178134355195,0,-817534390022,0,794374846260,0,-290619880125,0,13519280051,0,14766075573,0,-2155748192,0,-97079310,0,3260979,0,52357,0,-505,0,1 # block t=6165 q=12T152 r=16 k=1
4530443562891545891125,0,8135912078466299533250,0,-29224454974535022554251,0,11597621094270487826437,0,326896211349017803199,0,-727706023104940073432,0,92070744543948744103,0,-1697077969767021387,0,6797428288040045,0,-6359541494069,0,-478746400,0,1276048,0,1 # block t=6165 q=12T54 r=16 k=1
15479886647055145539856,0,-21501745259729135356192,0,-8771980827663934398056,0,33457396108382807297464,0,-24981711235156095005871,0,8207434539449283436320,0,-1098358674125971594680,0,7205772391387841424,0,5447114426198980674,0,-19430126351360,0,-5633771424,0,7800,0,1 # block t=6165 q=12T152 r=16 k=1
1981631919622,0,-10059349145984,0,6024355459680,0,22920749428600,0,-34268499360300,0,17276432736648,0,-2858145815384,0,-276190204704,0,95869441999,0,-287206476,0,-457418,0,916,0,1 # block t=6165 q=12T152 r=16 k=1
42384374491834901,0,-90037619368426548,0,76931211826538383,0,-33652696667316407,0,7918250133181869,0,-962832882641378,0,54786261352872,0,-1608556434038,0,25798210385,0,-225114455,0,993216,0,-1856,0,1 # block t=6165 q=12T54 r=24 k=1
108521408513528,0,-175858578897920,0,98279334200448,0,-27476410878400,0,4566087327980,0,-492984399360,0,36246449728,0,-1854281280,0,66117258,0,-1612800,0,25664,0,-240,0,1 # block t=6165 q=12T54 r=24 k=1
435629833639987,0,-589791860447881,0,306557987568344,0,-87012457396868,0,15415672051866,0,-1811832011720,0,144783229771,0,-7861868551,0,283034268,0,-6387853,0,81191,0,-476,0,1 # block t=6165 q=12T152 r=24 k=1
13590343987525,0,-28304676449675,0,24618309014120,0,-11708749558245,0,3352862783861,0,-601565701077,0,68573724354,0,-4964151134,0,225431355,0,-6212122,0,96066,0,-684,0,1 # block t=6165 q=12T54 r=24 k=1
6132483281303821056089,0,-12669842843341252465548,0,10323682504959163715274,0,-4206739938770225903564,0,895663416858560255967,0,-94362135283570748120,0,4235869502869996268,0,-83847066685641912,0,748307278026151,0,-2726245742108,0,3320057450,0,-516348,0,1 # block t=6165 q=12T152 r=24 k=1
9517109053391274997333,0,-23535423048928701271062,0,19967512488335761967418,0,-6720354644709403490512,0,818143015000628831598,0,-38389586759676369054,0,783467615853144492,0,-6972616767864564,0,26130472689798,0,-43411854514,0,30761931,0,-9354,0,1 # block t=6165 q=12T152 r=24 k=1
17053743187857569,0,-36210863550133666,0,27431704068218602,0,-9951314207292707,0,1942264429157636,0,-213968062978284,0,13460094349294,0,-481029849170,0,9831800242,0,-113793095,0,702541,0,-1918,0,1 # block t=6165 q=12T54 r=24 k=1
14799974043526148491225,0,-53140950170443199769036,0,74611606780103140678682,0,-51449091382412517085868,0,17746045472501885083087,0,-2661557365167276883992,0,95306741095127174860,0,-1280785007493694200,0,7294084741400919,0,-16195067580764,0,11452646810,0,-999836,0,1 # block t=6165 q=12T152 r=24 k=1
192822605,0,-829924156,0,1546496954,0,-1643613196,0,1104656915,0,-491716576,0,147449692,0,-29662112,0,3900951,0,-317060,0,14242,0,-276,0,1 # block t=6165 q=12T152 r=24 k=1
344266619074625242496763,0,220345412503824939077460,0,14791231039880538282033,0,407105170681771307502,0,4977387920198872044,0,9417784882471560,0,-405742583740876,0,-3800423579438,0,-3950036312,0,98494426,0,481172,0,810,0,1 # block t=6166 q=12T148 r=0 k=1
14605568985858302528,0,-3930322063548275776,0,-2657112284096584352,0,6482598773615467008,0,-1287636348475183488,0,164798329543225360,0,5873687035453568,0,14774302033592,0,457418995208,0,-1470773604,0,11210836,0,-3126,0,1 # block t=6166 q=12T148 r=0 k=1
7932598025,0,83013990910,0,703707285943,0,748161090566,0,360094625532,0,105476200478,0,18946625902,0,2613833402,0,231930223,0,10746250,0,319689,0,1032,0,1 # block t=6166 q=12T148 r=0 k=1
151552,0,-454656,0,22904832,0,-56220160,0,91750144,0,-99482624,0,75671744,0,-41139968,0,15320752,0,-3685928,0,452764,0,-626,0,1 # block t=6166 q=12T148 r=0 k=1
1,0,6,0,48,0,185,0,623,0,1448,0,2535,0,3248,0,2531,0,1001,0,151,0,1,0,1 # block t=6166 q=12T148 r=0 k=1
47790884012539528897864,0,53561466300019228875528,0,20162150715679395357528,0,3103589803636762003444,0,186396195800942718858,0,5405883827465261502,0,77097258011792409,0,479822742377622,0,506029408002,0,-3991840784,0,1085487,0,3546,0,1 # block t=6166 q=12T148 r=0 k=1
121012062109424929,0,267500234431720248,0,236604635468837310,0,107939001615225800,0,27537703457038911,0,4035400215363504,0,335210958123396,0,14847768848016,0,302249240991,0,1844432024,0,4282302,0,3624,0,1 # block t=6166 q=12T52 r=0 k=1
56707541,0,163170624,0,211604542,0,164234616,0,85168951,0,31129184,0,8227604,0,1584656,0,220691,0,21664,0,1422,0,56,0,1 # block t=6166 q=12T148 r=0 k=1
232033519,0,482488126,0,1451413523,0,4238895920,0,8042616884,0,8053228056,0,4508446704,0,1483882828,0,270659404,0,24561752,0,374668,0,1740,0,1 # block t=6166 q=12T148 r=0 k=1
823786165,0,1754815032,0,1570533454,0,785011408,0,251208887,0,57712912,0,10373876,0,1464512,0,160051,0,14584,0,1054,0,48,0,1 # block t=6166 q=12T148 r=0 k=1
381367,0,-107688,0,192909,0,200606,0,-146520,0,6228,0,3084,0,990,0,360,0,86,0,12,0,6,0,1 # block t=6166 q=12T148 r=0 k=1
885106415947,0,-2245116624561,0,2528506452282,0,-1677023789090,0,730020174939,0,-218948497074,0,45966182739,0,-6683630598,0,644762367,0,-37232318,0,968724,0,879,0,1 # block t=6166 q=12T148 r=0 k=1
37,0,222,0,10006,0,47995,0,158419,0,348148,0,472997,0,399610,0,208691,0,62769,0,8621,0,27,0,1 # block t=6166 q=12T148 r=0 k=1
207834183471574528,0,-1009021554770735360,0,14632719609747605312,0,6773400061257401536,0,-827256484680859392,0,31214513926260160,0,1081624091315237,0,-36983486980050,0,400440461114,0,-1165493888,0,1414021,0,-210,0,1 # block t=6166 q=12T148 r=0 k=1
5133553,0,7025910,0,3778821,0,5790226,0,6589152,0,2195478,0,193263,0,107424,0,-32967,0,12142,0,834,0,36,0,1 # block t=6166 q=12T148 r=0 k=1
20636253546798505528,0,42924460729178656272,0,-617470510709731546896,0,1127219840820393249352,0,-383880951653523433866,0,-344480506757976402360,0,171628544603167704348,0,6691873097740411512,0,63405706129253910,0,178821293510488,0,146611361172,0,765156,0,1 # block t=6166 q=12T52 r=8 k=1
264235645657474093408,0,2427809198180190079488,0,6832999399669646654352,0,5192443637109711789632,0,-2979210288384237066498,0,-5097185434625746636152,0,-1735309998856396346220,0,-95138015306582851848,0,764218256937906582,0,1030835653668896,0,-1619395173168,0,-101352,0,1 # block t=6166 q=12T52 r=8 k=1
81763668854638220512,0,103205078475583040832,0,16148116166777998080,0,177519547838590816,0,-103001747772252600,0,-5329398330019872,0,88367914195872,0,11323875017808,0,208966595706,0,212692756,0,-1738806,0,-588,0,1 # block t=6166 q=12T52 r=8 k=1
3402925117944790571104,0,3658419444774497018368,0,76179574029189601280,0,-90133979461548909228,0,-12564888188616233747,0,-790462886130489916,0,-27771852725598771,0,-559771773962868,0,-5944199024974,0,-22884802316,0,44326440,0,-18424,0,1 # block t=6166 q=12T52 r=8 k=1
225902257215313351608,0,3785572007211268784880,0,22093781540031968933520,0,44730373373091995120568,0,-29690554110200023948362,0,-197511019296748369514424,0,-162349064580282384987708,0,-637842816040136282568,0,6656356488167638758,0,2460218842169856,0,-3698218089396,0,-385524,0,1 # block t=6166 q=12T52 r=8 k=1
1203025427574277791433,0,3927077591709767372952,0,2791607650414667427654,0,-3592592736636408850168,0,-6301965620469482023473,0,-3072884752241237446640,0,-426975605169484130436,0,4120600735574442288,0,28850926105103863,0,5709300693048,0,-16442629170,0,1287400,0,1 # block t=6166 q=12T52 r=8 k=1
2512425336644,0,5794459574592,0,4326088072812,0,1048236241224,0,-136102348655,0,-90931226852,0,-8654233156,0,321289620,0,39169202,0,-118988,0,-30760,0,-236,0,1 # block t=6166 q=12T52 r=8 k=1
13016183480516,0,70077699386928,0,31851086674460,0,-85630554096880,0,-101453970391639,0,-41476161798292,0,-6415538173314,0,-138210075836,0,14257168908,0,18189008,0,-1705610,0,-4504,0,1 # block t=6166 q=12T52 r=8 k=1
30185427657831212512,0,35795789109874374720,0,-1204540835959634112,0,-5339326708645905440,0,-430388555159112120,0,166444795712385120,0,22810591741986672,0,897109463491824,0,10541329360458,0,-17028658940,0,-21128202,0,3648,0,1 # block t=6166 q=12T52 r=8 k=1
19857450327492440152,0,180405686249175245376,0,-2111490746536057323936,0,-6948336284209368773744,0,-6993845473408310296764,0,-2751002639073595943712,0,-349813223465183031900,0,7918703032115906352,0,291780395618279049,0,-106992505322924,0,-1251697429410,0,3036,0,1 # block t=6166 q=12T52 r=8 k=1
3373869144162285764,0,291144741432914190672,0,7732170053534082182776,0,42899114854735562751208,0,-549883062548115294443768,0,-233391179297295559966976,0,32633351025483548176444,0,6211951372189645356,0,-793871175116764363,0,817094329752284,0,148383629838,0,2256800,0,1 # block t=6166 q=12T52 r=8 k=1
1702465908845962696416,0,66592860333456161147328,0,688325708660484670496640,0,715681216917216978908256,0,4899110480548992485640,0,-5063730519897288859392,0,-15245601860971549728,0,6009734506677285456,0,87056186449214682,0,-1110682762308,0,-3244354614,0,1116,0,1 # block t=6166 q=12T52 r=8 k=1
33095789278,0,97902275664,0,1719091542,0,-63307418612,0,-35707632939,0,-7592114016,0,-479447508,0,49135680,0,6634836,0,21568,0,-13650,0,-60,0,1 # block t=6166 q=12T52 r=8 k=1
29040414208311729124,0,72619113032755981824,0,-149500282163326684188,0,-111716719482966289952,0,118139543985206065842,0,-27042562170180474264,0,945873618532055952,0,156419725125433392,0,3647333452265280,0,21290392646752,0,36690161214,0,382512,0,1 # block t=6166 q=12T52 r=8 k=1
597394717,0,6090926928,0,7935225384,0,-707128948,0,-3424656501,0,226112688,0,469687752,0,-80800200,0,-6307569,0,1083008,0,62976,0,492,0,1 # block t=6166 q=12T52 r=8 k=1
2583351443987326,0,-24871550060284224,0,-61059729767263368,0,472526043936448,0,79305787128091932,0,55524133468403136,0,8424803977303200,0,-1309245015164328,0,38940797075607,0,-384492133004,0,958470654,0,-67524,0,1 # block t=6166 q=12T52 r=16 k=1
92580036605216,0,65509295701440,0,-210190871706464,0,140817845398624,0,-41940657701344,0,5702720173152,0,-206208410244,0,-21208786452,0,1282215233,0,9454244,0,-524378,0,2224,0,1 # block t=6166 q=12T52 r=16 k=1
484976087615781,0,346850311089240,0,-291114599157648,0,74056732479468,0,-8760877315173,0,404177191200,0,16954341336,0,-3175103880,0,165695319,0,-3677592,0,15624,0,396,0,1 # block t=6166 q=12T52 r=16 k=1
68754832,0,-142670016,0,44976848,0,115255840,0,-133517628,0,58006752,0,-9227096,0,-753264,0,357420,0,-15248,0,-2224,0,112,0,1 # block t=6166 q=12T52 r=16 k=1
1199877134467300518624,0,6874106719471378082496,0,2883144963270066307200,0,-52200972750991201632,0,-81311548664440875192,0,2686176923836709088,0,705303255440865504,0,-55917771198273360,0,1197438987049386,0,-1288216187172,0,423031098,0,-37668,0,1 # block t=6166 q=12T52 r=16 k=1
3051240737518176773281,0,1769352553700697000536,0,-1498041396627837409270,0,253513559309570848892,0,9310572907126458807,0,-6371891112196871936,0,596569881940887252,0,-16579616252448456,0,-174164228331641,0,6396804513960,0,117722882,0,-122420,0,1 # block t=6166 q=12T52 r=16 k=1
157,0,1384,0,-3247,0,-2410,0,10242,0,-8360,0,1334,0,1568,0,-870,0,102,0,37,0,-12,0,1 # block t=6166 q=12T52 r=16 k=1
4031664614201926,0,-165168860550408336,0,200078139682525872,0,205015012009772000,0,-362185667137606932,0,127275589439342208,0,-2866324748793024,0,-2377789986075192,0,-36896285347677,0,958955912420,0,-2203731150,0,-67548,0,1 # block t=6166 q=12T52 r=16 k=1
11113666012846261448,0,-462008867707836509424,0,5868520273443425608456,0,-19779875565637598101504,0,-19975044396786989781360,0,22592758198985167890320,0,-826896274199374833348,0,-13565882625778684900,0,46548104552306049,0,477553034348,0,-18118410230,0,-1345088,0,1 # block t=6166 q=12T52 r=16 k=1
12438074973267386488,0,63120779745828325016,0,-23147486676417984720,0,-1837341204289325676,0,657254012491348913,0,27316668733185180,0,-4719937591935013,0,-79048307801414,0,10918268140377,0,-124915097372,0,108477793,0,-25816,0,1 # block t=6166 q=12T52 r=16 k=1
235954917,0,32221800,0,-2804682672,0,2658909564,0,-513490725,0,-121647744,0,47155608,0,-2591784,0,-545193,0,70200,0,-1944,0,-36,0,1 # block t=6166 q=12T52 r=16 k=1
34820757438243805867032,0,-31042013084105422622976,0,-23950271697246642366720,0,33943088244954443515344,0,-13354453947695035423212,0,2203983876748210604640,0,-131807631988184212044,0,-40799587516773552,0,10840247633459241,0,-1472390358588,0,-32354878050,0,2988,0,1 # block t=6166 q=12T52 r=16 k=1
180533154472644569791357,0,87008377809909764890836,0,-86348810838389026649650,0,19991509090396753915964,0,-1900260221176318074329,0,73308773131742924424,0,-181548392811498796,0,-58116940636137800,0,1257226776401723,0,-6638157938204,0,-196344194,0,110540,0,1 # block t=6166 q=12T52 r=16 k=1
9668136997998500209,0,10861451517945849050,0,-8394350719859417802,0,2136626772698914486,0,-262668520415253414,0,15802150031833560,0,-291047274682310,0,-14535504729258,0,771920515518,0,-9809891062,0,935422,0,8656,0,1 # block t=6166 q=12T52 r=16 k=1
27514952237992849942,0,6489745385389375944,0,-1505996960452102411224,0,-4206160011649168524104,0,-2009862730426877834292,0,3285327276544292283528,0,2572028899723496191032,0,-52958450869963612992,0,327964444575137667,0,-595742985149216,0,330302835030,0,-1147632,0,1 # block t=6166 q=12T52 r=16 k=1
841110226103306034704,0,-1764171929319328093088,0,1482440194902531359640,0,-648946313357132882728,0,159421542191581073169,0,-21880504820753933792,0,1564898742166117124,0,-49745479082973824,0,429418852785350,0,-1233880434848,0,1257816548,0,-269528,0,1 # block t=6166 q=12T52 r=24 k=1
438732218024553440006208,0,-367089955393895935104960,0,92577137213241797707152,0,-11721331839531611709000,0,875691226658531104425,0,-41090431499706740328,0,1226631385028926368,0,-22665574792961496,0,239404555737900,0,-1209406173264,0,1920102840,0,-92520,0,1 # block t=6166 q=12T52 r=24 k=1
359187314806416923827974,0,-831634890440266666130976,0,760991830856210016267552,0,-352735742702921235395184,0,88072362716761282639212,0,-11529865498483173319200,0,693809384956318501632,0,-13038364358081612424,0,89602102794391803,0,-205854563763396,0,149203181178,0,-771156,0,1 # block t=6166 q=12T52 r=24 k=1
187593929852096091136,0,-268701162564761444352,0,142038534034012859904,0,-35516135038661851136,0,4782718547007466176,0,-367562778343499520,0,16252628227468512,0,-393700749197760,0,4466490745572,0,-14208865328,0,16829772,0,-7224,0,1 # block t=6166 q=12T52 r=24 k=1
7872218359373319319513,0,-13871651680640088468286,0,8038754117621228199367,0,-1922104564712060690114,0,229230804455192869191,0,-14981806570779183300,0,554727934787935879,0,-11461944924425508,0,121594502295309,0,-518754063850,0,275607996,0,-42542,0,1 # block t=6166 q=12T52 r=24 k=1
247341950336813125,0,-405163156297200000,0,255766516464371350,0,-81518702498472800,0,14375481762950479,0,-1429759125262496,0,77867738855772,0,-2193092698016,0,33087991307,0,-267788000,0,1082062,0,-1792,0,1 # block t=6166 q=12T52 r=24 k=1
148996341285872154696157,0,-205886657200127136582720,0,106338838929216193705014,0,-27001414502465039625920,0,3653204895739824701071,0,-258125151862689734944,0,8159714529404827020,0,-62099717634808288,0,201400578490163,0,-308155094944,0,197972606,0,-26464,0,1 # block t=6166 q=12T52 r=24 k=1
12837496838385410001032,0,-33442037862736224739920,0,35647980093918141019224,0,-19841903066750992492544,0,6068665543953577302088,0,-972572825138167323680,0,68336588778928418660,0,-1262726388775161260,0,6474505807366545,0,-10050823641308,0,5206499238,0,-533864,0,1 # block t=6166 q=12T52 r=24 k=1
233766448887591074837632,0,-614253794489249068065024,0,651057445257844666995456,0,-352371845518474328697344,0,100704163909293165477024,0,-13869713405039970091392,0,676568873458491128304,0,-9830984793479139600,0,32439143845485396,0,-32780809257968,0,11384873280,0,-807708,0,1 # block t=6166 q=12T52 r=24 k=1
4069525142686,0,-18745223109168,0,36182963637912,0,-37915484720152,0,23341704653232,0,-8531823515400,0,1786909188588,0,-199292496696,0,11102062347,0,-287467972,0,2756154,0,-3324,0,1 # block t=6166 q=12T52 r=24 k=1
15035840176384,0,-65553204036864,0,116012189189280,0,-106638140549488,0,54089023687209,0,-14893135726320,0,2085686414844,0,-143017992720,0,4848026238,0,-81323536,0,639948,0,-1920,0,1 # block t=6166 q=12T52 r=24 k=1
3048206485190985864,0,13530123294314020704,0,20832787624691832264,0,12319038251260103232,0,1810454684680289322,0,-39400298287081704,0,-1644607306217844,0,3460787948016,0,58534778142,0,-46173024,0,-455940,0,144,0,1 # block t=6167 q=12T54 r=8 k=1
20265356446021612038208,0,78990124434718626187648,0,96718276100801633120352,0,36018236772560466442464,0,-8920447745117266196668,0,-8348229878298396868320,0,-1302265542816840291760,0,26867849261926571072,0,5400714419454872196,0,135773562800,0,-5625059312,0,-56,0,1 # block t=6167 q=12T152 r=8 k=1
41949780831157022720,0,105999968425557340160,0,68392537057682620416,0,17876977686542049792,0,2080570087673326848,0,92646678326587520,0,247695915220352,0,-20753545498912,0,-481943024,0,1222474104,0,-4018296,0,1978,0,1 # block t=6167 q=12T54 r=8 k=1
28777031537001030139,0,33110565545630782795,0,2707091533023233163,0,2564095717861218,0,-5554705647773683,0,-147191565445385,0,1432724159298,0,102250052050,0,880494482,0,-15029667,0,-298200,0,-1336,0,1 # block t=6167 q=12T54 r=8 k=1
5468348171768840,0,-58815339769143424,0,-183379989838597508,0,487389652552304512,0,2369763546145331337,0,3320082775406638016,0,2074279147669797016,0,579053662160695792,0,56068769542745644,0,-164573049056,0,-577180868,0,608,0,1 # block t=6167 q=12T152 r=8 k=1
573576080954934533892899,0,781319196218835706934390,0,231177237601167435844042,0,28448185710090141977121,0,1594451870900890273557,0,32300835836278364780,0,-250831461591969323,0,-9855195864128595,0,69572459794287,0,-98772482816,0,-59037160,0,115198,0,1 # block t=6167 q=12T54 r=8 k=1
510192951817875046129,0,-490697045486556776363,0,-2079467209205581967283,0,-901041086685423883098,0,237443430647394786894,0,178938914537429864216,0,25802745162181972695,0,631326289507419000,0,3287073216818061,0,3854530205375,0,-428811909,0,-1217273,0,1 # block t=6167 q=12T54 r=8 k=1
6742201381,0,-69007533267,0,102807929067,0,175008342105,0,-365734243882,0,102945307504,0,42070312625,0,4890136426,0,271023879,0,7802226,0,111894,0,666,0,1 # block t=6167 q=12T54 r=8 k=1
581229291423760360265,0,2886915142105830070716,0,5959694093073713510434,0,6616600165323199134452,0,4268058214559403628629,0,1611374297270330321256,0,340591890121027706976,0,36087865779389326120,0,1458906403446638189,0,-180536945093132,0,7996145954,0,-149380,0,1 # block t=6167 q=12T152 r=8 k=1
2550240460331,0,764046640110,0,-35531467078270,0,50938852971236,0,3996793278815,0,-36590581350720,0,12183304759136,0,1629129609415,0,58736248125,0,850731446,0,5308210,0,12040,0,1 # block t=6167 q=12T54 r=8 k=1
58147931782562081,0,189358376914115788,0,130980868316809122,0,-181417967542339620,0,-312685953800827089,0,-153653542118749800,0,-19987813024015268,0,2409045563874840,0,301129531180431,0,-388101220,0,-38810078,0,12,0,1 # block t=6167 q=12T152 r=8 k=1
665077867090484861974,0,3000711406261233321792,0,4050542263327263703264,0,707722869535437398880,0,-2104747271791248200912,0,-1339044519782290679880,0,-198205525328525586580,0,10700811852721115256,0,1337601397972213323,0,-27872641940,0,-2787264150,0,12,0,1 # block t=6167 q=12T152 r=8 k=1
7251316242931101092932,0,31124115266435464665360,0,48757553709384259891416,0,29971308548022593168848,0,-315416906526194984592,0,-7736473354423323165264,0,-2430989313020699106648,0,-89790441025922172144,0,6851970902733650541,0,182292778434244,0,-5229316122,0,-68316,0,1 # block t=6167 q=12T152 r=8 k=1
227611838017556720178631,0,58956670063395998885308,0,-211167971307453299135090,0,83487775587512417955762,0,-9700478609650465278640,0,-217484298103633585429,0,63472068067180378644,0,1005496911319581516,0,4167184667791828,0,6143497975307,0,3464361586,0,620221,0,1 # block t=6167 q=12T54 r=8 k=1
786244180673371213064,0,2434814852102958373696,0,2652337517610099700632,0,1232323982153437963088,0,207658295868833376154,0,-883399508220379752,0,-199277515537589180,0,-5552999071360,0,2004564911966,0,36729448,0,-2804012,0,-24,0,1 # block t=6167 q=12T54 r=8 k=1
386995359030848608,0,-406080989049466944,0,-762173041432246320,0,1689928544977570192,0,-1291922453106365562,0,476280907682870664,0,-77252162018832156,0,1034775009739008,0,765626198490774,0,-220194308720,0,-48033720,0,7800,0,1 # block t=6167 q=12T152 r=16 k=2
97386890246123726497,0,-526210988730722193452,0,833668973127140891418,0,251134807898494018212,0,-2026387171235201379091,0,2008913733040188243000,0,-628891159721889194632,0,-13347888683816782024,0,5366121752531366829,0,-67691537908,0,-5609142878,0,28,0,1 # block t=6167 q=12T152 r=16 k=2
5773082733883031833969,0,275383380195705956359342,0,-19213147637520171259116,0,452838201506871206120,0,-1478529621339282281,0,-122341980367917700,0,2343387278399885,0,-14661806727739,0,-45036970304,0,1167250727,0,-6280857,0,11602,0,1 # block t=6167 q=12T54 r=16 k=2
478521153260422558471,0,611052005205852046391,0,-75385917864097444006,0,2514943378482883583,0,33447314582696885,0,-3740790378817655,0,65979406018690,0,275871757638,0,-17247106213,0,85149398,0,915560,0,-5212,0,1 # block t=6167 q=12T54 r=16 k=2
3268349035269801211396,0,5224798827624488668560,0,-854584480006405775244,0,53695982925072781544,0,-1657938386347228839,0,24425536378149328,0,-91577757248904,0,-1512913951360,0,13093155158,0,4691520,0,-212540,0,88,0,1 # block t=6167 q=12T54 r=16 k=2
58054792433,0,340456433284,0,-263529092042,0,71738897700,0,-7239981207,0,-277126712,0,115814272,0,-6768056,0,-216999,0,32076,0,-466,0,-36,0,1 # block t=6167 q=12T54 r=16 k=2
2012676562433499245,0,2512414976903196220,0,-1269636072912566454,0,-1262148159641905495,0,522493225295200983,0,-2983857956462819,0,-3265409441582336,0,132545059163756,0,-1110830935369,0,3372524417,0,-3324768,0,-402,0,1 # block t=6167 q=12T54 r=16 k=2
1477443584,0,-189526048768,0,-2113957404672,0,152615800732416,0,1494518964699556,0,-705057423828304,0,-2603405347592664,0,-102632122418976,0,86663121983856,0,-196481302568,0,117069652,0,-20168,0,1 # block t=6167 q=12T152 r=16 k=2
1399090629015527491,0,1115617158529879816,0,-960397041351490817,0,193431686940319926,0,-4337430314670859,0,-2530531524975409,0,264594876686681,0,-9101954901910,0,124216596747,0,-555778009,0,-943309,0,8482,0,1 # block t=6167 q=12T54 r=16 k=2
61470598929930051808,0,53212016847714707200,0,-13400475576078792480,0,1168201420913320240,0,-45106482750600503,0,588248151953920,0,8092990558784,0,-247559463680,0,599534648,0,15091200,0,-57856,0,-240,0,1 # block t=6167 q=12T54 r=16 k=2
6293989296297529,0,11545564000943503,0,4748729246619916,0,-1095974795058070,0,-743288071389472,0,31002401074190,0,24405213549421,0,-2606430255055,0,86468342267,0,-1157861385,0,6520736,0,-12856,0,1 # block t=6167 q=12T54 r=16 k=2
166539688526891345340679,0,208871489073013036666308,0,-26315389312902461647246,0,1235163666166437926884,0,-26855161493756428317,0,234270073611022936,0,387116390368564,0,-15593288603240,0,34076255461,0,163144100,0,-380694,0,-444,0,1 # block t=6167 q=12T54 r=16 k=2
3242194576,0,-1300516512,0,-2704849344,0,2115142448,0,-362688444,0,-96728256,0,45025224,0,-6230160,0,248292,0,20312,0,-2100,0,36,0,1 # block t=6167 q=12T152 r=16 k=2
760404237605146880,0,5830999413025049856,0,-64154051424031861376,0,201416547727964769696,0,-295263983957419217820,0,210220895262316125168,0,-58659884469735090824,0,-1109277491163473136,0,1059892020598865968,0,-902267574936,0,-2492719268,0,792,0,1 # block t=6167 q=12T152 r=16 k=2
8828152107427548625,0,32021089135185023325,0,-74074908748484506555,0,-13158198827709528645,0,45291841747203271341,0,2553477222160378201,0,-1450050115159511947,0,117931681354846,0,109105934830128,0,-377543070076,0,380450618,0,-114031,0,1 # block t=6167 q=12T54 r=16 k=2
56690548946738944,0,-40335850479067904,0,-174195439222551232,0,9592681230742016,0,58398526125190896,0,5684648281224864,0,-327701074074208,0,-19044765154728,0,1249613611548,0,-21268962780,0,115776504,0,-21334,0,1 # block t=6168 q=12T9 r=16 k=2
923728766963665093,0,-6266342792830769278,0,-10706537535910818283,0,4995400335832640412,0,-708006622065333653,0,30035630908682980,0,1066170043985614,0,-102330617687480,0,1226545425271,0,28608876170,0,-408696075,0,-84,0,1 # block t=6168 q=12T9 r=16 k=2
15078369946716736,0,25193446810292992,0,-18469586678117952,0,4602862753475968,0,-535924280222424,0,27879021888512,0,-241324207144,0,-26507324336,0,538933513,0,1781588,0,-46338,0,-28,0,1 # block t=6168 q=12T68 r=16 k=2
276503554152903736319504,0,676536001595222397296416,0,-66198999454822912751976,0,1471935957176144101944,0,69954476395269742545,0,-5089613075903264116,0,140926502968112484,0,-2171290833650428,0,19548883930390,0,-96236718060,0,196945292,0,28548,0,1 # block t=6168 q=12T9 r=16 k=2
27512977022513152,0,-29631126037080064,0,-6827792849119308800,0,26701233550469729056,0,-31480336787891401827,0,13345049751665379582,0,-1761838514838380399,0,-38931042584728666,0,2140225871330948,0,4139611700350,0,-114722037219,0,-610,0,1 # block t=6168 q=12T9 r=16 k=2
124513249498614800183296,0,617810872171361321041920,0,-70808295685610665846784,0,2842231246416407676928,0,-32610721954075025664,0,-897189920103031296,0,32842399067391808,0,-386025365646816,0,1619774610001,0,191317004,0,-3095238,0,196,0,1 # block t=6168 q=12T9 r=16 k=2
357057536,0,7668780032,0,4978021632,0,-5547326208,0,-3429137856,0,914002816,0,308769120,0,-95211488,0,9695032,0,-487056,0,13076,0,-180,0,1 # block t=6168 q=12T68 r=16 k=2
28870848974556765961412,0,17609265374352176064008,0,-38251006228036938961968,0,8408216447699556890540,0,-730655846107690414731,0,28334579701686945984,0,-354297139163611024,0,-5025715128430192,0,120684251585710,0,-109828744824,0,-3650925992,0,19444,0,1 # block t=6168 q=12T9 r=16 k=2
2260442915997057,0,21352011727861872,0,3416777635151202,0,-11527309329729872,0,-4870584938217489,0,-142634913592128,0,96491022294492,0,-3952799253504,0,56445480303,0,-359443760,0,1128930,0,-1712,0,1 # block t=6168 q=12T68 r=16 k=2
921412653144756544,0,1556280757979928128,0,-10819877970700409856,0,4529966299654057088,0,-638341172500380268,0,25377680782599940,0,1229782820444642,0,-102602836665042,0,1064125665929,0,31110257576,0,-408692688,0,-122,0,1 # block t=6168 q=12T9 r=16 k=2
4176873,0,14466060,0,22478364,0,20764558,0,12747275,0,5505796,0,1723692,0,395028,0,65735,0,7764,0,632,0,34,0,1 # block t=6169 q=12T68 r=0 k=2
26555436409,0,-93090414256,0,141137265142,0,-120794755212,0,63876238183,0,-21454959232,0,4522558892,0,-564777080,0,35799535,0,-720448,0,24894,0,-172,0,1 # block t=6169 q=12T68 r=0 k=2
21763025149,0,-38453260026,0,41109062290,0,-30064239150,0,12518478753,0,-2391891752,0,100772036,0,3998654,0,2847674,0,110960,0,1378,0,20,0,1 # block t=6169 q=12T68 r=0 k=2
1307470141,0,929208588,0,-1138238781,0,-919701760,0,494217432,0,709068132,0,276383859,0,45565056,0,2537712,0,-50980,0,-2373,0,24,0,1 # block t=6169 q=12T68 r=0 k=2
350561,0,371788,0,352098,0,215004,0,124719,0,57752,0,24156,0,8216,0,2383,0,540,0,98,0,12,0,1 # block t=6169 q=12T68 r=0 k=2
56937013171901,0,208411721283948,0,338223200889483,0,317814102041240,0,189056935172131,0,72875850858200,0,17772058054130,0,2507145766640,0,156759765911,0,10526620,0,526507,0,24,0,1 # block t=6169 q=12T68 r=0 k=2
2218691112597,0,5391121631850,0,5411308706316,0,2908619584364,0,914605236407,0,175498592368,0,21277056092,0,1656083964,0,82141575,0,2497722,0,42592,0,340,0,1 # block t=6169 q=12T9 r=0 k=2
5861,0,5556,0,8118,0,8380,0,6967,0,4744,0,2852,0,1528,0,707,0,260,0,70,0,12,0,1 # block t=6169 q=12T9 r=0 k=2
17742263296,0,53193940992,0,57148548864,0,25766788864,0,5056200576,0,2662594272,0,2518359756,0,1022147748,0,197999280,0,18082708,0,712602,0,-1650,0,1 # block t=6169 q=12T9 r=0 k=2
708588,0,4251528,0,11363652,0,17845920,0,18158256,0,12324312,0,5468212,0,1455600,0,177306,0,-1460,0,-102,0,12,0,1 # block t=6169 q=12T9 r=0 k=2
274432,0,643072,0,715776,0,505856,0,260096,0,107520,0,39104,0,13120,0,3968,0,992,0,180,0,20,0,1 # block t=6169 q=12T68 r=0 k=2
356958866201350144,0,1206988892214120448,0,1718549972709934080,0,1329692110028614656,0,600181766922975744,0,156925167576689408,0,22006957657901120,0,1398862243043008,0,37763847912096,0,10797564240,0,58220916,0,11948,0,1 # block t=6169 q=12T68 r=0 k=2
6859,0,-41154,0,111321,0,-179360,0,190266,0,-137598,0,67685,0,-22080,0,4686,0,-730,0,117,0,-12,0,1 # block t=6169 q=12T68 r=0 k=2
209951041699655090176,0,409269383802511982592,0,312911053170101444608,0,117027414565916262400,0,21538120345307960320,0,1696273360876861440,0,45576171268568320,0,-83258064812672,0,-690730299136,0,102110944,0,3008352,0,3248,0,1 # block t=6169 q=12T68 r=0 k=2
7607957497984,0,26951369850624,0,30435822469632,0,4874270938240,0,-12017412364320,0,-5321715221376,0,1296242451744,0,935622618912,0,116932592340,0,-6744920,0,-674448,0,12,0,1 # block t=6169 q=12T68 r=0 k=2
3854462122989,0,40439311851303,0,-393471776026995,0,542317933957766,0,500999519720253,0,-1135864402913823,0,321607119459172,0,110109346284027,0,-8732012706423,0,-63394488524,0,-72426069,0,495,0,1 # block t=6169 q=12T9 r=12 k=2
624934518784,0,0,0,-56432458396348416,0,0,0,551659423692209759,0,0,0,-1051090829529257926,0,0,0,1664344110551096,0,0,0,-113268325986,0,0,0,1 # block t=6169 q=12T9 r=12 k=2
429505927285845044772864,0,597314801834020399693824,0,162634555673086610386944,0,18795307702748793892864,0,1051100399411023874048,0,25767973522139314176,0,91219648117902592,0,-3747450148322688,0,17822901991872,0,-30168521888,0,22884064,0,-7872,0,1 # block t=6169 q=12T68 r=12 k=2
153605992324055253512961,0,87893022587896726209180,0,-666821433913856208482814,0,-325881107462781877523604,0,836505163161145847640303,0,305379388274829777293112,0,-261581936747882414720996,0,-40241232630981917256,0,756430449414153711,0,5286273275948,0,-28747544574,0,-804,0,1 # block t=6169 q=12T9 r=12 k=2
705508607433744,0,1285794394204320,0,217023337054224,0,-363838101995840,0,-7492387585536,0,26294532920944,0,-2605299626648,0,-34644253512,0,1807421328,0,3466072,0,-101256,0,-52,0,1 # block t=6169 q=12T68 r=12 k=2
323155491467619375,0,1279398964240538325,0,1962947946815003763,0,1439672714429855860,0,487596783392765615,0,49534187153263351,0,-5443035720155392,0,-326285792923341,0,22145684181853,0,-247725835540,0,667153009,0,-99903,0,1 # block t=6169 q=12T9 r=12 k=2
105616515050881,0,335619156208716,0,289764073698978,0,103466476984284,0,14904191698287,0,103502469528,0,-138411868196,0,-2223889128,0,575066607,0,-17115108,0,187554,0,-756,0,1 # block t=6169 q=12T9 r=12 k=2
71353455588810777979,0,26438074838870987730,0,-245411503395699359392,0,237367353559446585330,0,-89706608505838202981,0,12279381245138607084,0,365557801685837968,0,-186894666242112516,0,7251799015259881,0,240609638411682,0,1513826279952,0,2460594,0,1 # block t=6169 q=12T9 r=12 k=2
3313623023121838656,0,22558019092962384384,0,13991241245835457152,0,1917773874379563648,0,-343741736703738456,0,-85707447172844544,0,-1614419649062600,0,334840233573120,0,-5469658147254,0,16788241456,0,1809240,0,-13056,0,1 # block t=6169 q=12T9 r=12 k=2
2257146722478913504704,0,116875890567637404935616,0,90171768265426092443088,0,-43260114903764873071136,0,2380029618808520641364,0,1046392779026206504108,0,-182995295921908992037,0,11055829366354363616,0,-226316715591719729,0,-298464500512144,0,-46360099515,0,-125084,0,1 # block t=6169 q=12T9 r=12 k=2
3407531820027155802129,0,-3614603490297910526076,0,-16441425053504992807758,0,9143248612929910175508,0,18754216561935728353935,0,-6068707010864152726392,0,-5189983278717081051524,0,2754197565218380488,0,51648644573749311,0,-1344877859084,0,-7312569870,0,804,0,1 # block t=6169 q=12T9 r=12 k=2
40282095616,0,0,0,-24160191684722688,0,0,0,9187857954045296,0,0,0,-1030897633430620,0,0,0,30209346864455,0,0,0,-78442401096,0,0,0,1 # block t=6169 q=12T9 r=12 k=2
1048576,0,0,0,-3342336,0,0,0,3646464,0,0,0,-1480448,0,0,0,131064,0,0,0,-1464,0,0,0,1 # block t=6169 q=12T9 r=12 k=2
11435700033364,0,70448499114636,0,26819403369304,0,77541390780,0,-1045715650952,0,-79203159722,0,11525686951,0,1050029949,0,-49453872,0,-3190503,0,130310,0,-827,0,1 # block t=6169 q=12T9 r=12 k=2
1733320505708065373184,0,5056428776594253912576,0,-359783118090243693504,0,-31686562883409193600,0,3975350725444581756,0,-122062382584821020,0,-541675889005862,0,90307207950702,0,-1068837769049,0,-11968231912,0,217064078,0,29614,0,1 # block t=6169 q=12T9 r=12 k=2
34081359975433,0,-1052815155261932,0,4909498452277746,0,-13151609636252,0,-5456522077189985,0,3272226272063208,0,-542321322213924,0,-1306984248408,0,163348062327,0,8322820,0,-832238,0,-12,0,1 # block t=6169 q=12T68 r=16 k=2
9227172629946642550528,0,6442639609800507337216,0,-20311738169751857533632,0,-11623182719778947581568,0,5528378703996125061136,0,3311746382919814128928,0,310062756056254249680,0,-16958308609292457048,0,247196932420229508,0,-1224444935650236,0,1947519210016,0,-2790442,0,1 # block t=6169 q=12T9 r=16 k=2
267199674568893705501,0,171821552241245139936,0,-468633860375661694266,0,244669513422308083576,0,-55009478401752018937,0,5887837210217340576,0,-278990804074236636,0,4402281823755408,0,16797890229499,0,-195728326208,0,-321045002,0,-20552,0,1 # block t=6169 q=12T9 r=16 k=2
255727781642502144,0,-2727413411028664320,0,6091455633234591744,0,15003175439730475008,0,-57032214918365970432,0,37781410734445953024,0,-5217313878961455104,0,-10496885232427008,0,164608496943360,0,36976096000,0,-188803488,0,-816,0,1 # block t=6169 q=12T9 r=16 k=2
160351762630560204544,0,-48081731536897369344,0,-665043867726707959872,0,329710259217801695232,0,-57793039417972701728,0,4078866249122678352,0,-68149861014928212,0,-3189245647720752,0,62703479634945,0,207729871320,0,-3462162938,0,-72,0,1 # block t=6169 q=12T9 r=16 k=2
117009603203072,0,515695834497024,0,-1557517770943744,0,731344045596416,0,-138802707198736,0,11055818394256,0,-42542977372,0,-45897851992,0,2079357421,0,11022612,0,-1599801,0,1124,0,1 # block t=6169 q=12T9 r=16 k=2
411401590081,0,21117890996916,0,-268100256785694,0,759128684185892,0,-816263071485201,0,375183937334376,0,-61943545659300,0,-251560268568,0,31408443567,0,12196580,0,-1219614,0,-12,0,1 # block t=6169 q=12T9 r=16 k=2
62433540440064,0,-163425149779968,0,-328733612310528,0,1484390190809088,0,-1642632561082368,0,638792165670912,0,-71855698577408,0,-803615917056,0,33064445760,0,57722752,0,-1233264,0,-96,0,1 # block t=6169 q=12T9 r=16 k=2
27224174797409478348864,0,53838847954311432966144,0,-209441088081658988895120,0,209054717031810930528656,0,-92498011951212666258820,0,18626310730544941007176,0,-1402239768900560561815,0,31982077220486157033,0,2810318151102492,0,-169637827595637,0,-52142926370,0,-363341,0,1 # block t=6169 q=12T9 r=16 k=2
3754261705344185362707,0,5873152546278661344840,0,-2448599194812802023036,0,313886461856475200508,0,-15820401953964319317,0,310592094566175744,0,-653164171346972,0,-37388410334024,0,156490289473,0,358836304,0,-944716,0,-548,0,1 # block t=6169 q=12T68 r=16 k=2
145433822121250782783676,0,656371958977680588185228,0,15129547754870849264566,0,-96892718674306330163492,0,22032879875314316262339,0,-1906251475244779326144,0,56807593130403604345,0,495834325357119440,0,-27532901453964646,0,-51080825389904,0,1314142426767,0,-2295808,0,1 # block t=6169 q=12T9 r=16 k=2
337459234638954516487237,0,243482969843571447208956,0,-126178644276092798048170,0,19646736351610831409700,0,-1351834402341165969033,0,41883587552746721944,0,-421985252940357020,0,-2290062753897720,0,11267435834659,0,7618288044,0,-9015450,0,-1900,0,1 # block t=6169 q=12T68 r=16 k=2
11745580795597888,0,13963794284502528,0,-4692858044165440,0,318449797893888,0,39203014720432,0,-7149882744576,0,412312287968,0,-9174421632,0,-6485332,0,2682720,0,-16020,0,-144,0,1 # block t=6169 q=12T9 r=16 k=2
8682787097766165238156,0,9087583793359494727540,0,158476121837962976378,0,-204646792389178816830,0,20486091177401653915,0,-998726772741098932,0,28699711317287686,0,-511285918592560,0,5566496228464,0,-33890584256,0,86559720,0,18990,0,1 # block t=6169 q=12T9 r=16 k=2
6767315471824697860352,0,-3537414985449428836864,0,-22027152307035075132048,0,11387563505740286571168,0,597434085889865507087,0,-476062039394011274534,0,-37971180659645596374,0,825911576268460182,0,44422036629032376,0,-759321762576402,0,1902804338958,0,-2761054,0,1 # block t=6169 q=12T9 r=16 k=2
1130409982298798941,0,-2445782859408575548,0,1978433030440380074,0,-784182797998046122,0,173208318646597215,0,-22602238342706772,0,1766883300742561,0,-80592757153248,0,1968264692697,0,-20448778036,0,31473479,0,-14298,0,1 # block t=6170 q=12T52 r=24 k=1
171870984743619958066153,0,-606296166061489152225204,0,858447310424221682090598,0,-622575209256808886797252,0,243798675056239124920275,0,-49289330329924350188520,0,4249997169499604712012,0,-67396314461194497672,0,363493100660964939,0,-621589928108404,0,327788736294,0,-1148484,0,1 # block t=6170 q=12T52 r=24 k=1
8119691832295177587856,0,-27294842355041398099776,0,38013225553975627179336,0,-28153621673047555090736,0,11770451079734884961502,0,-2682608032556896424904,0,282334266243405742308,0,-7214845491393434136,0,64157314739732334,0,-174772483929560,0,146689761972,0,-764808,0,1 # block t=6170 q=12T52 r=24 k=1
4173636125,0,8333810700,0,-1040205545,0,-6401574036,0,1727711159,0,1329585480,0,-803269866,0,210814338,0,-22270082,0,936288,0,26417,0,404,0,1 # block t=6171 q=12T148 r=0 k=0
950267557853365,0,1137838914738626,0,414583079309249,0,77617973090680,0,8902914223784,0,681269388700,0,36595705374,0,1432087078,0,42066656,0,941840,0,15696,0,176,0,1 # block t=6171 q=12T148 r=0 k=0
516381844673295680,0,385137252793585472,0,8009341553759744,0,-28094614290054144,0,-1579846219555952,0,562309622758256,0,17073090764256,0,-238086343856,0,8559181868,0,-69833052,0,710342,0,-1502,0,1 # block t=6171 q=12T148 r=0 k=0
1043807321,0,3251456180,0,4188368742,0,2823183344,0,1014528981,0,154879156,0,-10067024,0,-6215086,0,-467437,0,49760,0,8535,0,40,0,1 # block t=6171 q=12T148 r=0 k=0
37,0,-222,0,28144,0,-138685,0,361411,0,-615976,0,699803,0,-523528,0,249983,0,-69909,0,9011,0,-69,0,1 # block t=6171 q=12T148 r=0 k=0
3979075,0,2191185,0,2105916,0,2236910,0,1351701,0,779202,0,412251,0,168534,0,50265,0,9794,0,1134,0,57,0,1 # block t=6171 q=12T148 r=0 k=0
102267265250136064,0,18684227721359360,0,-12342252951280640,0,2089522648265728,0,-187044587231744,0,10225923190784,0,-352670268992,0,7283569472,0,-65809408,0,-616848,0,24000,0,-256,0,1 # block t=6171 q=12T148 r=0 k=0
111793,0,-216562,0,110422,0,87724,0,-127236,0,93924,0,-65043,0,25296,0,-4896,0,1328,0,-6,0,-6,0,1 # block t=6171 q=12T148 r=0 k=0
10177359762025,0,13205923104270,0,6760574817321,0,1948002743470,0,362947725864,0,46802267622,0,4322880231,0,289879920,0,14063013,0,482746,0,11154,0,156,0,1 # block t=6171 q=12T148 r=0 k=0
24290669532676376875,0,30183198066547909870,0,6875421599491873994,0,734152947187644320,0,45480960332058253,0,1781602487343376,0,45864851017846,0,787241888896,0,8994766612,0,67230070,0,316250,0,850,0,1 # block t=6171 q=12T148 r=0 k=0
444663199,0,1690739379,0,2903749498,0,2967526610,0,1999280743,0,928347998,0,301173311,0,67538306,0,10066243,0,912950,0,40752,0,379,0,1 # block t=6171 q=12T148 r=0 k=0
1893163,0,3452466,0,2056984,0,1601878,0,2038099,0,1711252,0,1296456,0,769228,0,326977,0,83546,0,10976,0,190,0,1 # block t=6171 q=12T148 r=0 k=0
129362301413698816368832,0,323765577925013760248448,0,253944748768699200512256,0,54215446424473055999776,0,-5209543616366478161268,0,116198624712899020716,0,-268743568861993791,0,1080521357986620,0,16464337272630,0,-4907499122,0,19138257,0,438,0,1 # block t=6171 q=12T148 r=0 k=0
329305104169081387687289,0,196128974768577158100634,0,16065146673798433837195,0,627914406514342965538,0,14831115716438021241,0,232980080120459176,0,2545838559819238,0,19701290572126,0,107793728710,0,408134928,0,1017639,0,1504,0,1 # block t=6171 q=12T148 r=0 k=0
23,0,138,0,425,0,860,0,1274,0,1454,0,1313,0,944,0,531,0,224,0,66,0,12,0,1 # block t=6171 q=12T148 r=0 k=0
443493983339,0,-1661390797084,0,2483410268882,0,-1911855639220,0,881593146204,0,-325394381354,0,120370409329,0,-31926125540,0,3460672218,0,-137310910,0,753212,0,-1484,0,1 # block t=6171 q=12T148 r=4 k=2
34424275,0,-113757258,0,184676605,0,-193746148,0,140452194,0,-72462994,0,26524101,0,-6802316,0,1150623,0,-114316,0,4650,0,-144,0,1 # block t=6171 q=12T148 r=4 k=2
244383347863159387,0,325197036585053638,0,50197881760940679,0,-102872056120034922,0,-52641135293329016,0,-6396687186375912,0,349278396917616,0,10044387558134,0,101527903335,0,492540318,0,1287417,0,1762,0,1 # block t=6171 q=12T148 r=4 k=2
223846082983408309571629,0,-192186844454412355441434,0,19874132014135427582250,0,-938180382902119779584,0,25815016050623757666,0,-461657678845134078,0,5720006674920273,0,-50644541244942,0,316275802074,0,-1320218294,0,3340524,0,-2994,0,1 # block t=6171 q=12T148 r=4 k=2
49652230666137425,0,-252135310002665270,0,280092453738337483,0,202211103723962878,0,-7816580647611147,0,-135468853007752810,0,-798122429245008,0,-168705565269176,0,5891491922454,0,-70965021504,0,444420809,0,27846,0,1 # block t=6171 q=12T148 r=4 k=2
88892748434849,0,-281183340906162,0,376206318311339,0,-277581918747742,0,123472230711637,0,-34010277470780,0,5743949130878,0,-571050171290,0,31110643733,0,-818162896,0,2348420,0,-2536,0,1 # block t=6171 q=12T148 r=4 k=2
1857617167075,0,-4846287214860,0,6030963644283,0,-4755177177826,0,2503977715332,0,-877225896756,0,208998813462,0,-33211351584,0,2731914783,0,-159392224,0,-354135,0,-2088,0,1 # block t=6171 q=12T148 r=4 k=2
20305549273,0,-37737493262,0,28008154779,0,-11816806146,0,3271967227,0,-641018994,0,92714112,0,-10120198,0,838083,0,-51984,0,2322,0,-68,0,1 # block t=6171 q=12T148 r=4 k=2
2084532069087771769,0,-4396384025595965542,0,3379530769887041606,0,-1254630684727024196,0,226460077807999326,0,-17702288529633324,0,389995156077384,0,-6571600126466,0,162541526875,0,-1398323082,0,4426394,0,-3370,0,1 # block t=6171 q=12T148 r=4 k=2
60263819276288,0,-150128327303168,0,149940151705600,0,-75541318899712,0,19730981070592,0,-2514747186176,0,188788815616,0,-21140306496,0,-331871792,0,85781168,0,3429220,0,-2316,0,1 # block t=6171 q=12T148 r=4 k=2
22974617317,0,-48238349844,0,40610683522,0,-18325759008,0,5174495822,0,-1026879920,0,156804985,0,-21898420,0,2210480,0,-136696,0,5153,0,-104,0,1 # block t=6171 q=12T148 r=4 k=2
6420680464826104,0,-5744895104944080,0,1624965961066060,0,-241551098919904,0,22822623812174,0,-1536073390428,0,79891343435,0,-3332090430,0,108603234,0,-2562744,0,39229,0,-328,0,1 # block t=6171 q=12T148 r=4 k=2
974859610711177816,0,-918980431926691160,0,222515256250155428,0,-27189243627464816,0,2034629813919748,0,-101445933979236,0,3506542418623,0,-85243742470,0,1450067100,0,-16823598,0,125925,0,-542,0,1 # block t=6171 q=12T148 r=4 k=2
1328588298169605884053,0,1932103415412803849906,0,264211737493065903169,0,-83997506357746481212,0,-12152948082613068728,0,612056916281211758,0,126804562434127440,0,5556108127363990,0,94138217184448,0,534808061024,0,284474309,0,43254,0,1 # block t=6171 q=12T52 r=4 k=2
563895414473,0,-1669895672340,0,2228678130404,0,-1748488442890,0,873336019108,0,-280941942428,0,56713091687,0,-6806795900,0,444263780,0,-14128642,0,148568,0,-640,0,1 # block t=6171 q=12T148 r=4 k=2
48294856,0,507914160,0,102108184,0,-12421063456,0,-33614617512,0,-14665557760,0,1432719300,0,428037556,0,-18255,0,-934828,0,-5514,0,360,0,1 # block t=6171 q=12T52 r=8 k=0
1342215745064157637,0,2560106442855389718,0,1197650283377377134,0,-90627962599766570,0,-80863868192196330,0,-9585901462537332,0,-277213802062098,0,12374344279026,0,744244509942,0,8651103106,0,-2590710,0,-7188,0,1 # block t=6171 q=12T52 r=8 k=0
9174229651714277376,0,19843388225702461440,0,4870144519664394240,0,451376882890629120,0,13453346779467264,0,-593402935772160,0,-54824660566272,0,-1221743692800,0,9660180384,0,754891200,0,8027136,0,-5760,0,1 # block t=6171 q=12T52 r=8 k=0
128,0,4829184,0,50341397440,0,94025508624064,0,1446559138478368,0,-11180674925184368,0,-3567554585977880,0,170673169531592,0,4106281527385,0,-743276436,0,-76086222,0,53708,0,1 # block t=6171 q=12T52 r=8 k=0
23898399068057507424,0,70266671925132066624,0,42127297599553332480,0,8521137681396770592,0,274000139912467368,0,-76058743967066304,0,-4970876008759488,0,148419809462160,0,12183156045090,0,13853637972,0,-21722022,0,-3420,0,1 # block t=6171 q=12T52 r=8 k=0
121822019441046528238,0,386787760140241564752,0,60175790929842558168,0,-972187681089045217424,0,-1291595757026607978948,0,-628900888632454473552,0,-104626471806436179936,0,81574005547627416,0,10195781221551303,0,-323157300620,0,-32315730018,0,12,0,1 # block t=6171 q=12T52 r=8 k=0
93316,0,20608,0,-344520,0,-275624,0,156456,0,274856,0,121060,0,13252,0,-5763,0,-2076,0,-222,0,0,0,1 # block t=6171 q=12T52 r=8 k=0
816913736991073,0,96972039113704260,0,-213019792387686366,0,30701898696515252,0,211246484002216623,0,-158566898488462200,0,28090775501874780,0,2537615599311240,0,59931123321807,0,465272184884,0,1153636770,0,67524,0,1 # block t=6171 q=12T52 r=8 k=0
28495278935608165264,0,141648226417967843776,0,156857401851486779104,0,-255396423398366066944,0,-678253680351294260840,0,-495045046015887132032,0,-122018272763230224608,0,-2113483790396423344,0,15624099663462193,0,-1542951767276,0,-13213419654,0,-1245908,0,1 # block t=6171 q=12T52 r=8 k=0
51059294683729,0,297263837779188,0,367132451050146,0,170516613660772,0,39092316102735,0,4780398916200,0,295559281692,0,6107953128,0,-165963585,0,-4822364,0,105954,0,-588,0,1 # block t=6171 q=12T52 r=8 k=0
303509864960929,0,2092594950634764,0,2567738215135218,0,-1396608300173300,0,-3990009045233925,0,-2175129384608232,0,-354702795830148,0,3349004370552,0,417440348235,0,-395065940,0,-39506550,0,12,0,1 # block t=6171 q=12T52 r=8 k=0
9283511604963744587809,0,-15566866376061200501940,0,-199131433627925890027806,0,-437496237500876048519204,0,-417030801529501383643089,0,-184554069505799027853672,0,-30725698509583761036324,0,14276951095256891928,0,1784568308207774607,0,-16859566445540,0,-1685956644510,0,12,0,1 # block t=6171 q=12T52 r=8 k=0
4577219190913177,0,34303808088375976,0,69006404015952150,0,-56685995944056248,0,-349223091856643713,0,-373296988680229136,0,-101169103985392300,0,2711871319288432,0,47830837662343,0,14826834536,0,-289634762,0,104520,0,1 # block t=6171 q=12T52 r=8 k=0
8906354085997013882809,0,7242653646985819109596,0,-14746790135633536567302,0,-17186242808851232616116,0,-5186607801689080778017,0,-591530738067416025800,0,-21871232751592420532,0,116903881277907960,0,109327584431175,0,-596231796500,0,-633468454,0,13244,0,1 # block t=6171 q=12T52 r=8 k=0
1626791002570752,0,2599566867431424,0,802619410857984,0,9607350755328,0,-27245395700736,0,-3221304646656,0,97333430016,0,36048915456,0,1899753552,0,21802944,0,-100872,0,-576,0,1 # block t=6171 q=12T52 r=8 k=0
95688232528507316535296,0,353263779728450817490944,0,518685414060092227829760,0,391294264381852493152256,0,159724723265837727339520,0,32618293667082171523072,0,2156359090105228194816,0,-128655874904304033024,0,649838134882996096,0,-621768136057600,0,169685847712,0,-5696440,0,1 # block t=6171 q=12T52 r=12 k=2
4096,0,-24576,0,37888,0,19456,0,-75264,0,20480,0,28032,0,-5120,0,-4704,0,-304,0,148,0,24,0,1 # block t=6171 q=12T52 r=12 k=2
387203512418416917528,0,-330295244006302042752,0,-2290825277067862839672,0,1762508653790763100608,0,2244196988290784782620,0,-1072588375713257021376,0,-609081175413062221464,0,9760991665697467776,0,112970548493261514,0,-179302323310272,0,-426821912334,0,67536,0,1 # block t=6171 q=12T52 r=12 k=2
1030302421368048809,0,254048767528907332,0,-5289750351261405954,0,-3494127276790044484,0,4575694213751109407,0,2396947044393172232,0,-1222104198960496956,0,8567915113937368,0,220106637090519,0,136010292532,0,-668248354,0,154604,0,1 # block t=6171 q=12T52 r=12 k=2
298674643604682629472,0,-273756650350398807168,0,-617940410296860435384,0,479380977417357350496,0,376819077626358676137,0,-179727332716759113360,0,-84729774314077666236,0,5653155801406635360,0,63978821015175468,0,-173864528843760,0,-413892836100,0,67536,0,1 # block t=6171 q=12T52 r=12 k=2
24962060512370047888,0,242223896301006746784,0,602870670303466287192,0,547722012114475615144,0,79452049872696183497,0,-127727098519516104304,0,-38625237213978933436,0,6484069667788559200,0,43218719351180142,0,-115521195934000,0,63484522780,0,-9504264,0,1 # block t=6171 q=12T52 r=12 k=2
25036826477144096,0,91525270020034752,0,-147178510401216064,0,84174296639022656,0,-24132586281855864,0,3626394468456656,0,-246968721235480,0,1612757886592,0,379127626716,0,5217787792,0,22393968,0,22956,0,1 # block t=6171 q=12T52 r=12 k=2
25984165239240592337329,0,36945643331986069496162,0,-11006704106167409119456,0,-1797427840449569865570,0,555607349471068376439,0,-5918067300454312704,0,-2867688184163810177,0,-35975916532918618,0,1121443381192249,0,8977256953630,0,-222714281,0,-117572,0,1 # block t=6171 q=12T52 r=12 k=2
3718146554537423885341,0,18057112945884124204440,0,-2715883485450311783034,0,-198717960576477756226,0,57298840073090886231,0,-3942730015466543028,0,108586838289917445,0,-471331671913332,0,-31379936921055,0,418857578720,0,257824455,0,42138,0,1 # block t=6171 q=12T52 r=12 k=2
284785453,0,-1093221592,0,-2984775274,0,-768577704,0,1404866911,0,414638656,0,-208007940,0,-27242976,0,1491539,0,138968,0,-5394,0,-56,0,1 # block t=6171 q=12T52 r=12 k=2
87755878285461605666014,0,125550440727101720151288,0,9932148013838872976130,0,-3749227162067507278216,0,293258203159998268953,0,-10193942964350105568,0,152135614621877388,0,-13793026347072,0,-21959739620910,0,88618623800,0,1129203462,0,67128,0,1 # block t=6171 q=12T52 r=12 k=2
148769467776,0,0,0,-1223213557693392,0,0,0,9620189194171113,0,0,0,-7031351632952484,0,0,0,5233604382828,0,0,0,-222653124,0,0,0,1 # block t=6171 q=12T52 r=12 k=2
4341913157632,0,10268877324288,0,-2930276737024,0,-4320115806208,0,-356240244480,0,365785546752,0,86421981952,0,3034589376,0,-648315168,0,-41472928,0,471092,0,-1444,0,1 # block t=6171 q=12T52 r=12 k=2
6424638300625117969,0,-23901884091018967260,0,17833865154817140858,0,32752710162994972964,0,-63594146445643486341,0,38580309815411495880,0,-8097912022259177652,0,-17421082143591672,0,19734763763283579,0,138000991533764,0,116233634514,0,765060,0,1 # block t=6171 q=12T52 r=12 k=2
4340281873445874800677,0,19865702494070207649924,0,-1415730634033671667104,0,-413066142404323241980,0,67653818705525381991,0,-4179600699319623096,0,127599797353531488,0,-1860163051887288,0,8461049849235,0,34454456564,0,33568896,0,10356,0,1 # block t=6171 q=12T52 r=12 k=2
2692498980406816144,0,380308964345481629568,0,-874140461122302534912,0,749178014315890656712,0,-299311114432465531863,0,54955279871637547392,0,-3515409961558444020,0,-37445999614200720,0,621446026639788,0,906181924720,0,-5295729156,0,-6072,0,1 # block t=6171 q=12T52 r=16 k=0
70819778703810853,0,213850826752782376,0,-113170991407987778,0,24223339804477200,0,-2857402484381353,0,203409087146480,0,-8825355214316,0,217935892288,0,-2292753629,0,-9624920,0,257166,0,1264,0,1 # block t=6171 q=12T52 r=16 k=0
1371008230800987901256,0,7526624180299096661360,0,13380793499731715908040,0,6242606171238793733824,0,-4151567072708584557640,0,-2632908898127631087896,0,295571552732024478332,0,-7225751654361960004,0,24258332743014985,0,-26518842074508,0,10174240314,0,-961920,0,1 # block t=6171 q=12T52 r=16 k=0
5391370741977088,0,-18570816522682368,0,-22156910665027584,0,65527642162554880,0,-40484368497192192,0,9487586987587584,0,-707192943135744,0,-17841799901952,0,1103221449648,0,1981840000,0,-99091824,0,-24,0,1 # block t=6171 q=12T52 r=16 k=0
684765133,0,-106838382,0,-2770720374,0,1161063240,0,1727409883,0,-770184798,0,-4810285,0,37962960,0,-5286491,0,197616,0,2797,0,-156,0,1 # block t=6171 q=12T52 r=16 k=0
20319826694482688581,0,122860665565530771176,0,79497919192798794574,0,-62183939853459963240,0,11583790000980699103,0,-747653258854281712,0,9920978273206236,0,337879239652304,0,362221960891,0,-9369462328,0,20214998,0,-11816,0,1 # block t=6171 q=12T52 r=16 k=0
888735196161786622,0,19053252974170018488,0,14119047990239581272,0,-239353393515555843224,0,-328001330035280055780,0,202456263289221642816,0,311393707502756537448,0,-8771964287372639136,0,74067948792599823,0,-189152236626440,0,147969845562,0,-768120,0,1 # block t=6171 q=12T52 r=16 k=0
138044362578064,0,787278376707584,0,-688393123713016,0,243455710941552,0,-47194351566519,0,5483434389012,0,-385017443696,0,15179887190,0,-243693182,0,-2287016,0,77725,0,694,0,1 # block t=6171 q=12T52 r=16 k=0
11319880852559500000,0,-131508652656698800000,0,-162463866441381240000,0,127178919666058424000,0,-29346634332529211200,0,2751159076390342000,0,-90478609120102600,0,-105032985823040,0,2611804091576,0,934692600,0,-18692752,0,-60,0,1 # block t=6171 q=12T52 r=16 k=0
20140620056836255881,0,91023019746231441420,0,-18209572167962722266,0,-7243871413880148732,0,2946114562370626863,0,-421851864772339560,0,29920657131098676,0,-1051904198767320,0,14548281984711,0,2277660060,0,-25303770,0,-108,0,1 # block t=6171 q=12T52 r=16 k=0
293200722150176,0,37145158830805184,0,1459654961561705472,0,16431328746917733760,0,-17881486318182683000,0,-118355815802934688592,0,40002635072873514280,0,-1016006476900130400,0,5851861822897900,0,-9566779168592,0,5124028376,0,-533204,0,1 # block t=6171 q=12T52 r=16 k=0
60199795159549141177,0,-191561011304776912884,0,-53096320460677144110,0,685839036736140321884,0,-796629243688252770771,0,344743131684678529824,0,-49060559365638666384,0,-335818343957800320,0,6571835813556981,0,6355811905916,0,-28846931118,0,-33780,0,1 # block t=6171 q=12T52 r=16 k=0
366665176639245270544,0,-1195528701335830622016,0,-783385703241016742304,0,3054096510655549987768,0,-1950776102166581683863,0,469592942893842270960,0,-38669738804640243732,0,-99204590192709312,0,6196826020039308,0,576811166800,0,-28840558164,0,-24,0,1 # block t=6171 q=12T52 r=16 k=0
1433596327292460712189,0,-21223736222457175936,0,-3392804579149693559578,0,928259911937227821232,0,-96947938564456859729,0,4657180591069502656,0,-93727844698813812,0,375205445116768,0,1797478234867,0,-6571245504,0,-16933682,0,2416,0,1 # block t=6171 q=12T52 r=16 k=0
17725783715686,0,12182869076016,0,-53528743632192,0,-50748263124080,0,10277619373404,0,16966920269808,0,1185454910832,0,-797386669272,0,54446450139,0,-1259453300,0,9511770,0,-6036,0,1 # block t=6171 q=12T52 r=16 k=0
41039031623189791521501,0,-40932845451191096723556,0,3964180593584614792464,0,-179514498439764588492,0,4879702192285964727,0,-87962340527543592,0,1101860442305472,0,-9777145735512,0,61408721931,0,-267360564,0,767856,0,-1308,0,1 # block t=6171 q=12T52 r=24 k=1
15676497547413208,0,-38453941299248544,0,36719480491808268,0,-17825447588517184,0,4868990040645657,0,-782170424674128,0,74375988644292,0,-4068974253456,0,120062762964,0,-1741861408,0,9843600,0,-6096,0,1 # block t=6171 q=12T52 r=24 k=1
369820481435491976192,0,-910170593409118268416,0,916528674969175068032,0,-482781030994039744192,0,140679822261974646244,0,-21962316692027725488,0,1636053327784985264,0,-48825607515039496,0,439866456050772,0,-1286545274056,0,1299859844,0,-267212,0,1 # block t=6171 q=12T52 r=24 k=1
1915764112,0,-7376534112,0,11908108776,0,-10532305912,0,5620074417,0,-1888112196,0,406931100,0,-56563956,0,5034186,0,-279652,0,9156,0,-156,0,1 # block t=6171 q=12T52 r=24 k=1
1944790024,0,-7550797824,0,12397543512,0,-11227674560,0,6152453010,0,-2117129112,0,463706736,0,-64740492,0,5696964,0,-307064,0,9594,0,-156,0,1 # block t=6171 q=12T52 r=24 k=1
