# IGP24 block wave: imprimitivity quotient steering of thin pairs.
1478161,0,1224816,0,-9184974,0,7643696,0,-514179,0,-2242008,0,1450473,0,-470592,0,94482,0,-12280,0,1011,0,-48,0,1 # block t=3612 q=12T58 r=12 k=1
4194304,0,0,0,-127509167341568,0,0,0,214902923687247872,0,0,0,-170186026930176,0,0,0,17907045584,0,0,0,-257696,0,0,0,1 # block t=3612 q=12T60 r=12 k=1
1617049161862021,0,-196487299788748,0,-1946403917732189,0,1873357186856727,0,-861850981358210,0,227759577586523,0,-32514341873566,0,1842584167016,0,7791317866,0,-232986197,0,3194457,0,-4600,0,1 # block t=3612 q=12T58 r=12 k=1
268435456,0,0,0,-200015027033489801216,0,0,0,361269588899128185216,0,0,0,-47580838129432155648,0,0,0,8450761260287101,0,0,0,-63183817638,0,0,0,1 # block t=3612 q=12T60 r=12 k=1
167802106276192934729,0,280721855945998480800,0,-47349502953177746850,0,3310043307352314880,0,-126934357403944517,0,2834667498163204,0,-33556328003482,0,63986180770,0,3961752281,0,-57953302,0,363295,0,-1032,0,1 # block t=3612 q=12T58 r=12 k=1
14154722017957161,0,0,0,-46108445889216132,0,0,0,1682919928928187,0,0,0,-3317124617370,0,0,0,1587928581,0,0,0,-142659,0,0,0,1 # block t=3612 q=12T60 r=12 k=1
46537249710211831537613,0,68176478989554173998980,0,8049333928124610623340,0,-612549417209708375444,0,14460365657217081099,0,-138883170889340360,0,219404066057392,0,4645671500424,0,-16302915905,0,-83038572,0,188836,0,1020,0,1 # block t=3612 q=12T60 r=12 k=1
2993560148794439473024,0,-460340900898061625984,0,-145852607503212165717088,0,19027031378362171606656,0,892536435431520801880788,0,-5927569518942555853312,0,-26351082417223550848,0,67504787870146944,0,80395273047860,0,-49286311648,0,-14010376,0,4512,0,1 # block t=3612 q=12T60 r=12 k=1
738499990165062054616,0,5192372197686507853352,0,-3991955408937274285704,0,1161489786935026748404,0,-165425289114790602047,0,11477415179156406968,0,-264165876264011652,0,-7661593720411744,0,287891118476078,0,3517888791360,0,6454339268,0,165836,0,1 # block t=3612 q=12T60 r=12 k=1
18654560123960923,0,-827585431080890692,0,-2989025080815759598,0,-2380060171731886126,0,336908195993777360,0,112899587205446804,0,-1996769570813923,0,-40250250084338,0,46402131416,0,1232273756,0,-2595027,0,-1428,0,1 # block t=3613 q=12T56 r=12 k=1
2634716558761,0,0,0,-35001362881642759,0,0,0,15190942930678029732,0,0,0,-29506994015917823196,0,0,0,146956783791019,0,0,0,-97784419,0,0,0,1 # block t=3613 q=12T56 r=12 k=1
11445219616359109,0,10243340366533092,0,-30314885411533996,0,-15652927920196384,0,13455283282953050,0,1518968584412396,0,-263322849056282,0,-667894613492,0,31879704989,0,28482880,0,-756366,0,-64,0,1 # block t=3613 q=12T56 r=12 k=1
331199625007294849,0,0,0,-449793389755781435,0,0,0,69112180593173717,0,0,0,-368094795473769,0,0,0,44639558479,0,0,0,-1384663,0,0,0,1 # block t=3613 q=12T56 r=12 k=1
19283802642773721837,0,114429004267293298944,0,51087887138993071176,0,8977955537881962486,0,731731048821263646,0,23746663917487026,0,-81704016838224,0,-11588148366966,0,164707133238,0,-907892280,0,2306853,0,-2550,0,1 # block t=3613 q=12T56 r=12 k=1
268309,0,-442994,0,-371117,0,974368,0,-345323,0,-188078,0,94115,0,14622,0,-7639,0,-816,0,195,0,30,0,1 # block t=3613 q=12T56 r=12 k=1
750266881,0,0,0,-2951832534597492,0,0,0,6585755100119528298,0,0,0,-135762148369004102,0,0,0,2227126742685,0,0,0,-6715162,0,0,0,1 # block t=3613 q=12T56 r=12 k=1
253009,0,0,0,-1176883523384,0,0,0,4471067362464638,0,0,0,-400754450686170,0,0,0,43664367589,0,0,0,-897982,0,0,0,1 # block t=3613 q=12T56 r=12 k=1
220886916317671904671,0,323171424273307242094,0,112670398087617907754,0,16913149776361192542,0,1206195474317979321,0,34093096452890454,0,-157704518911358,0,-14261389501340,0,196929488851,0,-1038243802,0,2518033,0,-2662,0,1 # block t=3613 q=12T56 r=12 k=1
28999223602626838479689,0,90903049365006508706412,0,39254251439942538092334,0,7123333869187151533988,0,641037716575903596781,0,27210809363246134136,0,330872513202741566,0,-5536906624593820,0,23590474096650,0,-42676465720,0,33985416,0,-10192,0,1 # block t=3613 q=12T56 r=12 k=1
1184111273565022339333,0,232562009233683892866,0,-964178312760801612887,0,480727115505992052456,0,-104685068392788131736,0,10925039506303894392,0,-448046843111122886,0,-1909525657778270,0,265794883875016,0,413241956492,0,195794288,0,32124,0,1 # block t=3613 q=12T56 r=12 k=1
18531772527779413,0,20202594112388170,0,412765653853875,0,-249678835655810,0,3247904614467,0,889563728298,0,-29833257572,0,-745198710,0,44703255,0,-287232,0,-10178,0,76,0,1 # block t=3613 q=12T56 r=12 k=1
750266881,0,0,0,-1419858227321204034,0,0,0,97835578934562872125436,0,0,0,-1434641669712220121307,0,0,0,1706752138301488,0,0,0,-296579478,0,0,0,1 # block t=3613 q=12T56 r=12 k=1
2274390439,0,-41307508650,0,-2540246987616,0,10454210661408,0,43528958979627,0,-15172848175074,0,-967091514893,0,65600423718,0,-200317704,0,-13784994,0,-12787,0,468,0,1 # block t=3613 q=12T56 r=12 k=1
10458268391779133594353,0,36045716651164037523634,0,37000438202765251721137,0,17667565310839833800448,0,4376913296865223465951,0,541139454530886596794,0,24800800170899145932,0,-271360911008558264,0,740313524771965,0,-733068515188,0,268946982,0,-32084,0,1 # block t=3613 q=12T56 r=12 k=1
628035010597,0,158628365494800,0,194716402913503,0,22741938262724,0,-35864247210810,0,-5791191700952,0,1476648384753,0,-100691059210,0,3043248540,0,-43816232,0,305776,0,-954,0,1 # block t=3613 q=12T56 r=16 k=2
17204236939099,0,31930484661096,0,-80872196445789,0,39544994046480,0,-8024675406657,0,817134306870,0,-41416854308,0,666678138,0,24743145,0,-970182,0,-1036,0,252,0,1 # block t=3613 q=12T56 r=16 k=2
1265883727479598559557,0,1295790833320445545320,0,-2244266679442012463056,0,1076571088113388950972,0,-241723938077560313922,0,26591184219578297704,0,-1180430057357837530,0,2678118715374396,0,14009072618197,0,-13670493332,0,-28899906,0,1672,0,1 # block t=3613 q=12T56 r=16 k=2
361704099578149563487,0,-2255604158075687964230,0,2830059058665447889448,0,4405591461309277093862,0,-13081428401402244033822,0,10733483446191821662956,0,-2993538106835369630544,0,-272975481253231876,0,5378204003921203,0,128824858644,0,-977516164,0,-566,0,1 # block t=3613 q=12T56 r=16 k=2
21537557927308347876763,0,30243677253442764124720,0,-354760061484799973006998,0,676370266542251417502836,0,-529104755835889923967156,0,167691839846180393990312,0,-11968208159944035541318,0,-9180580277866875116,0,10933833391778208,0,2707425180274,0,-1316094841,0,-10324,0,1 # block t=3613 q=12T56 r=16 k=2
37311865041388115942231,0,95003393711673242262506,0,-38000160909249333538696,0,5708827972894366039056,0,-420042632035900660461,0,15209170427177683488,0,-213744767820605447,0,-215923470019806,0,2947757183220,0,551629004,0,-7488243,0,-60,0,1 # block t=3613 q=12T56 r=16 k=2
73199581570170929,0,-82694570243885598,0,-205683270259521907,0,448151131179586116,0,-315050157623952120,0,90170431031222924,0,-7781388611062962,0,-2588994439130,0,341280769616,0,-3415652,0,-2701708,0,48,0,1 # block t=3613 q=12T56 r=16 k=2
354685015483162049,0,1858153207195629498,0,1697673919270653870,0,-24334217080337836,0,-219382872449388725,0,-21986712405413350,0,2663466321604544,0,-69339466481946,0,739060759914,0,-3554635354,0,7365446,0,-5004,0,1 # block t=3613 q=12T56 r=16 k=2
1942585011149671,0,-458614685122258,0,-2790431333027583,0,2739176245823564,0,-1044315528087466,0,168805810106438,0,-5383874240511,0,-852186232376,0,-8338215575,0,122248980,0,11500,0,-1392,0,1 # block t=3613 q=12T56 r=16 k=2
34834151211310233864256,0,-26931653553656907736576,0,-441577238668746521202848,0,-799686516585054126850144,0,-541470453512314029083984,0,-106561139583356336172352,0,15000256335041889237984,0,-33947271064186018376,0,27631776706762840,0,-9840783513736,0,1476610262,0,-69408,0,1 # block t=3613 q=12T56 r=16 k=2
119663088860747404253,0,597008559995216219404,0,1044420819376859565927,0,672955967497650581550,0,-628146314562797392,0,-97825518448238687982,0,9164472693911496020,0,-58359805951738388,0,140778113406982,0,-156280824988,0,79065902,0,-15520,0,1 # block t=3613 q=12T56 r=16 k=2
6184127042818198413541,0,2709939669727543383228,0,-102277143815476843293962,0,244252757373413693041220,0,-235399341743029419131001,0,96233180108821905224502,0,-11689449806208158289771,0,-8592539959574739126,0,10907338868556984,0,2591799748514,0,-1314840471,0,-10136,0,1 # block t=3613 q=12T56 r=16 k=2
418872696081419922413,0,120584980200233170660,0,-5495730967661887973623,0,5314559713538005364212,0,-1974256871684791802522,0,330790399163918863940,0,-21465322188920497952,0,91461474344835984,0,38984161620000,0,-184209874976,0,-76804194,0,10264,0,1 # block t=3613 q=12T56 r=16 k=2
1287398100418054555273,0,-3031375482474908200492,0,1030902838769527230234,0,2711599552807978009764,0,-2873062078289744607617,0,957907523203862135656,0,-82224791152043414644,0,-7450286690725976,0,261926938676311,0,5640173252,0,-119571462,0,-76,0,1 # block t=3613 q=12T56 r=16 k=2
13359410509304608995049,0,-18670011752651664368324,0,9513602493145220360903,0,-2240951102010225259128,0,257864919161541122042,0,-14091970290189657228,0,339536823150723541,0,-3145221653312410,0,13827070811796,0,-30400079000,0,30619172,0,-9942,0,1 # block t=3613 q=12T56 r=24 k=2
1308774492550424399872,0,-2473138095494356803584,0,1796384865049945098240,0,-624699233287782531072,0,105801981818548036096,0,-8049092559455573248,0,228517569155405568,0,-2472664507273856,0,12202821439472,0,-28499323312,0,29340984,0,-9972,0,1 # block t=3613 q=12T56 r=24 k=2
154301985640536559,0,-151131397574209248,0,42495103748538308,0,-6090731876066040,0,533887695283908,0,-31079020960414,0,1250828167925,0,-35366599044,0,700690060,0,-9514084,0,84174,0,-436,0,1 # block t=3613 q=12T56 r=24 k=2
7866910043040933487723,0,364937881490627287434874,0,186936440399857645100467,0,38121067337268107888802,0,3826850077220680898602,0,184488523778029664280,0,2957915849212885865,0,-28301908474122078,0,82446458852535,0,-106594840780,0,63235954,0,-15348,0,1 # block t=3614 q=12T56 r=12 k=0
21783925070252986753,0,-26988807734780153430,0,-63751154164445632892,0,42683897567570840664,0,43079223986347900514,0,261688282751054466,0,-1346322867281573486,0,-1013056043601438,0,16554798842669,0,4242465780,0,-29936950,0,-372,0,1 # block t=3614 q=12T56 r=12 k=0
23151175950020130893,0,51636231838215653800,0,29221438515789732096,0,7030438310892188938,0,802000904489694124,0,38063668075848482,0,45876941642710,0,-29373287340298,0,454375948143,0,-2741689428,0,6813260,0,-4770,0,1 # block t=3614 q=12T56 r=12 k=0
33806351970079527961933,0,455102465981134067994086,0,429031126508891498121395,0,166173290177370772317394,0,32253839401510570486087,0,3098040478523505724298,0,112732425257334597868,0,-619742216496301710,0,1158720562869883,0,-932782726056,0,313949542,0,-32072,0,1 # block t=3614 q=12T56 r=12 k=0
10179629960635086659,0,17331343948061942772,0,8290568891671067763,0,1709705664867033772,0,166340109564841935,0,6458925948137074,0,-27495977769124,0,-4554631302654,0,77026039197,0,-505537978,0,1539824,0,-2080,0,1 # block t=3614 q=12T56 r=12 k=0
10238797889836124776,0,25996264059303249656,0,4279149000186589680,0,-1964183200474183480,0,-436667066052946190,0,-16028105255405406,0,389608821902447,0,15874495485416,0,32012017886,0,-1122479460,0,4162797,0,-4950,0,1 # block t=3614 q=12T56 r=12 k=0
65852861563999,0,33767602193826,0,-403614376231595,0,-192993077508908,0,379789836020042,0,145391384786466,0,-48483248927742,0,-416782555288,0,12817301284,0,40101030,0,-593812,0,-156,0,1 # block t=3614 q=12T56 r=12 k=0
1155339131241827131937,0,1640394385242328235222,0,371659081861845961548,0,32991933855601083242,0,1141142089592765145,0,-2706347871522718,0,-854713029340664,0,-1816085116560,0,267086053628,0,-2266206724,0,6316998,0,-4758,0,1 # block t=3614 q=12T56 r=12 k=0
5599414882389831859,0,9131217193810302384,0,4246292697791839491,0,881482281172173904,0,86890519580359086,0,3096156741460524,0,-66828555354000,0,-4042462259952,0,90032564835,0,-637754918,0,1913079,0,-2418,0,1 # block t=3614 q=12T56 r=12 k=0
2812994261115573328249,0,2111681073672071120076,0,-54103940160900317449130,0,-27674072859865346357916,0,112720632769992299540417,0,8778216017375156977674,0,-1014198567580863581300,0,-125747786427272730,0,1373886904410179,0,53477546538,0,-270913117,0,-468,0,1 # block t=3614 q=12T56 r=12 k=0
66955542579162026293,0,1376843567700412038934,0,2130832768998550043112,0,-34389190621087325623102,0,31012874585328859131285,0,8437397739560353318482,0,-937078964237311877757,0,-168737089183480836,0,1321096548175056,0,79389289496,0,-268819193,0,-930,0,1 # block t=3614 q=12T56 r=12 k=0
18826921,0,0,0,-48183524539,0,0,0,1717174240854,0,0,0,-103327415792,0,0,0,109894824,0,0,0,-28110,0,0,0,1 # block t=3614 q=12T56 r=12 k=0
2659575460976056792,0,22724455058253838760,0,-25772858281647180808,0,-43319424014857237312,0,11669093294845987774,0,4437699580715940466,0,-677688252242100453,0,-218427825989458,0,12574918320407,0,1647910910,0,-58438532,0,-54,0,1 # block t=3614 q=12T56 r=12 k=0
37115849,0,196348652,0,-15812329,0,-66032780,0,-1354667,0,7332180,0,506653,0,-290212,0,-17995,0,5108,0,129,0,-36,0,1 # block t=3614 q=12T56 r=12 k=0
37544730917,0,-40547628484,0,-1273993896947,0,1058834153926,0,8907892336942,0,-3135683807348,0,-991038784996,0,18886823504,0,476593853,0,-4985964,0,-63547,0,156,0,1 # block t=3614 q=12T56 r=12 k=0
35819520919,0,9635133326,0,-50493221954,0,27371412552,0,-3569121778,0,-798392480,0,181686610,0,7487318,0,-2274074,0,-24238,0,6687,0,-160,0,1 # block t=3614 q=12T56 r=16 k=1
117093093379132496446597,0,456503635767019302935144,0,-118128982638725092896484,0,-827618699888985434113832,0,-520848105628428022009194,0,-75665596849746602876772,0,8743033488617650926070,0,-21545136639803025032,0,19354439201741945,0,-7622861044676,0,1265296662,0,-64316,0,1 # block t=3614 q=12T56 r=16 k=1
5819255128992089,0,189491119096363926,0,-277705148999328369,0,152994503271929264,0,-38380120400222492,0,3637361144912918,0,112349767481150,0,-29398010862568,0,223414483951,0,1946220492,0,-8908573,0,-746,0,1 # block t=3614 q=12T56 r=16 k=1
88536270096976547,0,1441852033369066400,0,-1183814364011926174,0,383048938353641828,0,-62419130813509503,0,5243696420025842,0,-197882463659573,0,1658146526748,0,17228841866,0,-135839930,0,-524535,0,794,0,1 # block t=3614 q=12T56 r=16 k=1
1672529866496609,0,10803255989248298,0,11875002569981191,0,-4229544929000796,0,-5305714811371039,0,-7613370275342,0,136435770397363,0,-6905864095870,0,131853505961,0,-1135086916,0,4081047,0,-3738,0,1 # block t=3614 q=12T56 r=16 k=1
9263571537887278891,0,69356231375924515626,0,-116381018945246700819,0,71242858132868634564,0,-21056843676968373595,0,3021177030734173392,0,-167062477047706240,0,-111504461696664,0,4641254528137,0,529409760,0,-17646596,0,-36,0,1 # block t=3614 q=12T56 r=16 k=1
3618034210119986489,0,5293675448502228606,0,-9800352550279752223,0,5288349886737493974,0,-1326765231120126420,0,159421279119071582,0,-7252959881832813,0,-21354706817468,0,325360380917,0,319348282,0,-2674162,0,-264,0,1 # block t=3614 q=12T56 r=16 k=1
223435196281100699120911,0,380824765920826143887586,0,-934156742161700642494007,0,635965760893058484782580,0,-197051864970494634158295,0,28809818230703713612200,0,-1600232843147296675052,0,-44658754785001656,0,1860697207546845,0,9360200760,0,-312006296,0,-36,0,1 # block t=3614 q=12T56 r=16 k=1
650426289337652685656,0,2697735732733464941856,0,-686028121692393323984,0,66673177080177050676,0,-3099111708944465338,0,64849731547874276,0,-245821641303105,0,-8532317196418,0,50669378729,0,258116422,0,-1589120,0,-174,0,1 # block t=3614 q=12T56 r=16 k=1
14782220940239603145421,0,47184491372702558574714,0,39835446878195487453046,0,-14728693762264167846994,0,-33046719566993404867806,0,-9798252370414224989774,0,1082893258472481928212,0,-3699347060530912888,0,4536005881442643,0,-2445611364734,0,561066910,0,-42588,0,1 # block t=3614 q=12T56 r=16 k=1
62371533221031980397319,0,94351454880241207458474,0,38279588048932852189694,0,7057204277531089036606,0,663484057044901109224,0,30005690527625347432,0,412696168484150166,0,-6089524122837090,0,24814627205936,0,-43752940178,0,34391361,0,-10224,0,1 # block t=3615 q=12T56 r=12 k=2
15890662417,0,45030354964,0,-77511851431,0,-197772708372,0,76202112114,0,106098403408,0,-15147842696,0,-766544820,0,29541668,0,661924,0,-16126,0,-64,0,1 # block t=3615 q=12T56 r=12 k=2
5429833576365536598037,0,10245323738221828245914,0,-3294472212979656836449,0,-1818740143132527857796,0,442873415218496842511,0,7086593383439926446,0,-1180783104041639637,0,-135337022875128,0,16915303313217,0,608181970,0,-60818153,0,-12,0,1 # block t=3615 q=12T56 r=12 k=2
3847833679674623317,0,13765656510790222136,0,19264109926258866634,0,13423110936448349576,0,4870645523126444667,0,855901612725285878,0,51741307525514764,0,-974704009874806,0,6003938023095,0,-16131681202,0,18853147,0,-7690,0,1 # block t=3615 q=12T56 r=12 k=2
83704764817223440969,0,0,0,-64163611420423301606638,0,0,0,410716743285262121331263,0,0,0,-421449018029625014996,0,0,0,908651321534967,0,0,0,-490608510,0,0,0,1 # block t=3615 q=12T56 r=12 k=2
8775120205111,0,-18315191405784,0,-54058276203612,0,66526650260500,0,77508022354821,0,-310083404292,0,-1813678849941,0,-79868875578,0,-577212832,0,12339590,0,78569,0,-802,0,1 # block t=3615 q=12T56 r=12 k=2
155503993,0,508154468,0,177931623,0,-70251240,0,-28726832,0,3768254,0,1533330,0,-130942,0,-34750,0,3210,0,260,0,-36,0,1 # block t=3615 q=12T56 r=12 k=2
24012488557,0,88509858094,0,104710930845,0,15135012956,0,-56657539786,0,-36543601528,0,-2676259096,0,2752191414,0,446685777,0,-16955722,0,198075,0,-854,0,1 # block t=3615 q=12T56 r=12 k=2
38564711641,0,0,0,-265819436235,0,0,0,303544333962,0,0,0,-21245711780,0,0,0,40079260,0,0,0,-17862,0,0,0,1 # block t=3615 q=12T56 r=12 k=2
4868152099432935181049,0,16005018852740710211256,0,11231436151190647339523,0,3161812088053149787652,0,425091703480395027128,0,26689693377848978126,0,540802238576177178,0,-6857184959851954,0,26590956948906,0,-45497367522,0,35036348,0,-10300,0,1 # block t=3615 q=12T56 r=12 k=2
134448454326481,0,0,0,-160348154546607998,0,0,0,3071411997414603182,0,0,0,-1016941274737888982,0,0,0,14694025265348,0,0,0,-29278315,0,0,0,1 # block t=3615 q=12T56 r=12 k=2
78392808422610901591,0,-171838280512756022514,0,-2080666684580626017905,0,3776474518297803755868,0,8737444261014389080463,0,-8024815341237502475718,0,-928206068514250346174,0,120565136488006008,0,1318955890020617,0,-53049222570,0,-268858738,0,468,0,1 # block t=3615 q=12T56 r=12 k=2
83518569177926346625,0,151978897038476171650,0,88203202465100790865,0,24072141239552012474,0,3365820402959916608,0,221227859709776150,0,3537560277609427,0,-154796808270416,0,1400304917245,0,-5212520898,0,8412902,0,-5084,0,1 # block t=3615 q=12T56 r=12 k=2
8264970590734696,0,51768572272777656,0,17183889657546884,0,-41935684685530232,0,9068716612967756,0,848549714691150,0,-140947491840389,0,-204569618376,0,25535979573,0,11740820,0,-1174038,0,-12,0,1 # block t=3615 q=12T56 r=12 k=2
10021439040828607,0,18805985388585388,0,8875644605435293,0,1708692881982724,0,123995240739126,0,-1930361781468,0,-526447031075,0,1395985860,0,828491283,0,-21665844,0,207306,0,-782,0,1 # block t=3615 q=12T56 r=12 k=2
1992142294324742291647,0,27055575824851630903572,0,27375722670775223996792,0,8593897638153625356156,0,498801738839947106834,0,-90875122818414474078,0,2629893357493108372,0,-19572820153698912,0,62964867124179,0,-97234031418,0,67218120,0,-14886,0,1 # block t=3615 q=12T56 r=16 k=2
6127997388309457472,0,20084489440537595136,0,-23480291399316883488,0,9789143492132363360,0,-2007750656701919024,0,210268829373139712,0,-9899353539891232,0,119902708833320,0,-291672538584,0,-1330602592,0,2484006,0,5096,0,1 # block t=3615 q=12T56 r=16 k=2
762201645827951,0,-344841596530340,0,-763554702771889,0,788107902178624,0,-298501999800534,0,51779367964702,0,-3499931283407,0,-3297052028,0,2759328553,0,-5190522,0,-326368,0,48,0,1 # block t=3615 q=12T56 r=16 k=2
17559851880588546943,0,15818894624950275534,0,-23457799039048440980,0,9661420389855165312,0,-1860901549713657645,0,175646975500060986,0,-6718301401720469,0,14264964773358,0,296472448708,0,-371357718,0,-2580603,0,396,0,1 # block t=3615 q=12T56 r=16 k=2
104551827356189144265859,0,367526241226902479311842,0,418998492145498446816957,0,110770506503769737807260,0,-79989548974361834308842,0,-26649583140057817255586,0,8067925755011222952985,0,-20602907670768181732,0,18868852393845057,0,-7528477680420,0,1257424996,0,-64252,0,1 # block t=3615 q=12T56 r=16 k=2
848477438366725189841,0,22401449219792212456614,0,186648877802243893090705,0,481278990199423658052824,0,31215946633499123759840,0,-785229957419167350519584,0,94882233851770522265374,0,-158669459192383424246,0,96118824997305696,0,-25457468628228,0,2833820264,0,-96332,0,1 # block t=3615 q=12T56 r=16 k=2
1773589084963902088,0,3529836615630764576,0,955226981756279860,0,-521870182013608592,0,-207383170722548672,0,-3846905484195538,0,2809757735355935,0,-72974794167788,0,741519245450,0,-3537166368,0,7484379,0,-4938,0,1 # block t=3615 q=12T56 r=16 k=2
9490932902271509611,0,-1408837648510609512,0,-8142633290800654643,0,5912582649186532306,0,-1703630225929303020,0,225332188042400362,0,-11894242809811109,0,133401060959468,0,-255580516641,0,-1492952388,0,2174004,0,5024,0,1 # block t=3615 q=12T56 r=16 k=2
1185882300131639201,0,-6875932180628040894,0,1783823045745096034,0,11286226677337321394,0,-12085687091251043926,0,4641781377253076256,0,-618540210184711003,0,-3439870124555472,0,6705709667638,0,21736890088,0,-22271646,0,-4712,0,1 # block t=3615 q=12T56 r=16 k=2
5988107492118132948637,0,9305260509846677574408,0,-26881208219808101158524,0,20611093430207101592658,0,-7251068538741348947856,0,1225256491727284582872,0,-80708305794155926453,0,-3582442154227496,0,259911040251072,0,1363585510,0,-119445532,0,-4,0,1 # block t=3615 q=12T56 r=16 k=2
555321939112560390541,0,1354599570787928101206,0,-367258986475491748645,0,37731651149078750984,0,-1874159911904939035,0,43250550158977794,0,-238489807454021,0,-5548905889566,0,45365589513,0,169584820,0,-1479945,0,-78,0,1 # block t=3615 q=12T56 r=16 k=2
12743960809,0,13821997019228,0,4096366876796605,0,250944918027394484,0,3723332841631405499,0,-3127824377989871980,0,647638713541571508,0,-6514808117119118,0,24630854459941,0,-42699068262,0,33588712,0,-10156,0,1 # block t=3615 q=12T56 r=16 k=2
32569326121881932677,0,194254528266236652340,0,-422239968441132947952,0,318883342280326986616,0,-114995376312367371483,0,20158274541734906412,0,-1388826332875807575,0,1404496046373836,0,16578934683064,0,-6863286592,0,-29966937,0,830,0,1 # block t=3615 q=12T56 r=16 k=2
1355413157617795249,0,26870447259071676150,0,62454662604929750027,0,31079443058217352230,0,-7967280805622063951,0,-4587569633478381510,0,694744900592894052,0,-6625358023847320,0,24315346087890,0,-41485263560,0,32560417,0,-9902,0,1 # block t=3615 q=12T56 r=16 k=2
2882712709120735684157,0,25576967270563388888160,0,52461870577270123830654,0,28837675222449644952328,0,-1917675075156749837473,0,-2673006507820205958614,0,319090630996295419100,0,-1296587160810427138,0,1948853540593199,0,-1303337078590,0,374336691,0,-34718,0,1 # block t=3615 q=12T56 r=16 k=2
28383982443040217792,0,206233310572336523856,0,337790085723044383028,0,161369606865560407543,0,3838541729509050593,0,-3594095860060444886,0,235153295859400192,0,-5478667661603969,0,54333218698389,0,-216651050761,0,252182089,0,-59803,0,1 # block t=3616 q=12T6 r=16 k=2
1010894328186569928704,0,11240707004832587843584,0,3059945042514216282112,0,-17585770651579382532096,0,-7305796039056266805248,0,4081030873033870348032,0,1787761990960577274048,0,-11623837348709886208,0,21270267973587424,0,-8170676793400,0,1144991436,0,-59026,0,1 # block t=3616 q=12T6 r=16 k=2
12301471904279831,0,34822328613218202,0,3869903429584717,0,-13674757711102075,0,-1860961712432172,0,1330696180108820,0,128563518149214,0,-30866498406399,0,803286578357,0,-5873965481,0,12305736,0,-7647,0,1 # block t=3616 q=12T6 r=16 k=2
19880111,0,-104365486815,0,132302907896219,0,-16818320965871452,0,715336353321254159,0,-8326155723259635429,0,-64038407258849374560,0,-16700721606666016609,0,-16277735586059395,0,90196770512716,0,-56006780119,0,-268843,0,1 # block t=3616 q=12T6 r=16 k=2
45886434081684664,0,117490528782928044,0,82371395564033406,0,-2511640604816815,0,-13990060453699755,0,-193726895582673,0,634896062200680,0,-46396752471738,0,782563759965,0,-4520649085,0,9596799,0,-6684,0,1 # block t=3616 q=12T6 r=16 k=2
2130230847840528757871,0,166932703149073594050,0,-32337047759403841706536,0,22624315223157374146782,0,53958166914422762162807,0,15197916051540978519841,0,-4010392765367567499948,0,-1479712776657632930777,0,4070928262012746480,0,-3197507581108241,0,769031393233,0,-2054688,0,1 # block t=3616 q=12T6 r=16 k=2
10065250947776361544,0,31952829219036920400,0,-25478209073368145188,0,6763965377557950412,0,-717982183699183095,0,13735465130748138,0,2206733170278315,0,-94594787355220,0,907685894520,0,595410118,0,-2228489,0,-448,0,1 # block t=3616 q=12T6 r=16 k=2
19564386076195241,0,15533493015234588,0,-7643205562653556,0,166304775672944,0,334474637904020,0,-62788294209424,0,4730294888005,0,-138640693996,0,-933180546,0,122612860,0,-1549709,0,3700,0,1 # block t=3616 q=12T6 r=16 k=2
31516810556515648,0,-5353535246902752,0,-70711037937717408,0,10863333277208544,0,-110898781082340,0,-39038449493030,0,982346981055,0,23819181818,0,-732607089,0,-2148770,0,137354,0,-748,0,1 # block t=3616 q=12T6 r=16 k=2
128368274569,0,-121992827468,0,-1448668801334,0,601155317108,0,500039387903,0,87618703272,0,3284570860,0,-317390520,0,-11567273,0,758820,0,-8342,0,-60,0,1 # block t=3617 q=12T100 r=12 k=1
2305843009213693952,0,0,0,-39531046347268599840768,0,0,0,84065436671900848427264,0,0,0,-9246589868802941952,0,0,0,33355365127008,0,0,0,-11577536,0,0,0,1 # block t=3617 q=12T100 r=12 k=1
223112077029880,0,408297149249160,0,137989530391824,0,-100122444856170,0,-82841459602268,0,-20489981252860,0,-1219641356691,0,221653574033,0,23216444888,0,-472052905,0,1896820,0,-2587,0,1 # block t=3617 q=12T100 r=12 k=1
3567062542384374728791,0,6190400981198796124266,0,2851300816623715950114,0,569863738098105951658,0,51566662937016186795,0,1274960260141268544,0,-81902495947709064,0,-2653282944052200,0,96797763630621,0,-636431234510,0,256004946,0,-28974,0,1 # block t=3617 q=12T66 r=12 k=1
11951184511225,0,45925669166790,0,62513747044843,0,35507360581340,0,7141819982141,0,-362054833566,0,-218319967525,0,-1349995666,0,1690470401,0,-54498880,0,503511,0,-1582,0,1 # block t=3617 q=12T66 r=12 k=1
2589501091824924416,0,-8460471953241101184,0,-9163126870382467936,0,31688622293538830560,0,6150199025989864212,0,413539065760047964,0,10984775840034482,0,60717130503208,0,-1062490142015,0,3147441952,0,-2881580,0,-228,0,1 # block t=3617 q=12T100 r=12 k=1
9018315701233,0,22597281783924,0,7623545696690,0,137625402948,0,-220347527729,0,-17668712600,0,1765977596,0,162572200,0,-7006177,0,-386268,0,18034,0,-236,0,1 # block t=3617 q=12T100 r=12 k=1
1168797122288519981,0,6694330355968515346,0,-65700117264840049717,0,11662026272528065580,0,3869523496921265153,0,-400242116633414582,0,-41233962318879925,0,-695068281743062,0,-1022238187651,0,22306014152,0,-5535949,0,-13802,0,1 # block t=3617 q=12T66 r=12 k=1
102453306619284611,0,103780524464339470,0,-27616462399901744,0,1703896160234666,0,15550010180547,0,-3704051494676,0,34620929208,0,2781208756,0,-27394695,0,-1071386,0,3512,0,194,0,1 # block t=3617 q=12T100 r=12 k=1
50592184090920000,0,-37609965400884264000,0,-1391786694696630927600,0,-8798051480200020979920,0,11732117362307696293884,0,2643100531190518936428,0,-656980663554336057129,0,-59763386733417439713,0,1442059670711626326,0,641965937424975,0,-9398104110,0,-317889,0,1 # block t=3617 q=12T100 r=12 k=1
1850200767553975,0,213236296023034082,0,81104880645056214,0,-27699442856052000,0,-8838278107686186,0,643910144737984,0,-816200645468,0,-406970530634,0,3267527367,0,37752306,0,-429768,0,794,0,1 # block t=3617 q=12T100 r=12 k=1
751850929,0,533134983508,0,-624746482062,0,-37349492252,0,33513169743,0,-1892163032,0,-247254148,0,19000552,0,633055,0,-53884,0,-974,0,52,0,1 # block t=3617 q=12T100 r=12 k=1
16215001289994240,0,52579704076701696,0,-34993622021511168,0,6043222612377600,0,-9820906809856,0,-50524586449920,0,-71475966208,0,68023058880,0,461101040,0,-17137456,0,-204016,0,-412,0,1 # block t=3617 q=12T100 r=12 k=1
58812588737536,0,584984198206976,0,1867623757783040,0,2123379800020800,0,-487278986752384,0,-2979538133940800,0,-2157890128702096,0,-362174406529920,0,85036932967616,0,-347109022420,0,184671600,0,-29324,0,1 # block t=3617 q=12T100 r=12 k=1
317,0,9828,0,18158,0,-50644,0,-43225,0,70184,0,-2156,0,-13416,0,2427,0,436,0,-98,0,-4,0,1 # block t=3617 q=12T66 r=12 k=1
21364879961614647296,0,25069379128624414720,0,-1440722889186213888,0,-1758624667840331776,0,57429451381549824,0,20362415155061248,0,-1726704063733824,0,46457992406272,0,-382408210592,0,1211508656,0,-1337956,0,-300,0,1 # block t=3617 q=12T100 r=16 k=2
589206862937407697956,0,2127749086268400067368,0,124792506748398848286,0,-69609925497063108622,0,-575208010164943575,0,473437910200946670,0,-22192321593344763,0,368425471764636,0,-1972876534848,0,4118920754,0,-3005385,0,-462,0,1 # block t=3617 q=12T100 r=16 k=2
62024703626226976,0,-184685584198048,0,-184596143591819952,0,202182220042902504,0,-79129697095859232,0,5430526552828048,0,3885699816126436,0,-820076914505848,0,30499506877808,0,91893901646,0,-22957072,0,-10942,0,1 # block t=3617 q=12T100 r=16 k=2
8199766087177152115,0,-42295780397741078728,0,69108794423038615134,0,-14512534949769481790,0,-71712374920988162273,0,73451704740258467294,0,-22883716519475126052,0,643877119035060110,0,298732172068469,0,-34253184166902,0,2281847294,0,107696,0,1 # block t=3617 q=12T66 r=16 k=2
5253233298210985,0,3821692230216226,0,-7047416783144585,0,-2988791507919132,0,365794636329701,0,187088859529740,0,943995676967,0,-1189011149602,0,44132534179,0,-517546738,0,2149043,0,-3206,0,1 # block t=3617 q=12T66 r=16 k=2
617,0,3606,0,1076,0,-13800,0,4380,0,11744,0,-8946,0,-50,0,2336,0,-1088,0,230,0,-24,0,1 # block t=3617 q=12T100 r=16 k=2
244261,0,9496,0,-2250098,0,3622400,0,-1863593,0,-6512,0,266036,0,-48032,0,-9309,0,2584,0,30,0,-32,0,1 # block t=3617 q=12T100 r=16 k=2
1109751816305003056,0,5856033387194250560,0,274698447484429508,0,-627966930268044688,0,16473236050059041,0,13363046155145874,0,-1419417171829915,0,47629247921118,0,-401176869320,0,1241185574,0,-1290415,0,-390,0,1 # block t=3617 q=12T100 r=16 k=2
4904462839762089870901,0,2019686118006256568348,0,-3307144085910032939818,0,862485989828403818196,0,-89446345706496591465,0,4343543681816955032,0,-97749601801235676,0,827456524759080,0,303540030099,0,-22479517172,0,-5726810,0,13892,0,1 # block t=3617 q=12T66 r=16 k=2
823356401610412398976012,0,852639197805145878937224,0,-5091066291551118668622,0,-4924878283666662581358,0,93330702199476087951,0,4752966554257455594,0,-187300886814377583,0,2473717258935414,0,-14254072099858,0,35174970338,0,-36806101,0,12572,0,1 # block t=3617 q=12T100 r=16 k=2
9967152572740284452,0,15415416336044909064,0,-2655860612475167956,0,16135738714002344,0,10894304744831053,0,-185934050297684,0,-13542819384204,0,297193117708,0,4468678302,0,-144159460,0,909312,0,-1828,0,1 # block t=3617 q=12T100 r=16 k=2
1154193269095098,0,55755025200839286,0,-227237522057310618,0,348516355054098276,0,-256171237526213154,0,88182021815841618,0,-9316502231725307,0,-1006332696734386,0,29943421562785,0,941121677464,0,125324659,0,-27564,0,1 # block t=3617 q=12T66 r=16 k=2
4591837988398938836992,0,45728925151076531372032,0,439989457621086091264,0,-465080259846132633600,0,17754643263810251776,0,-15569853601723136,0,-9448346221248384,0,181420548882944,0,-1382313512640,0,4664119104,0,-5986592,0,1316,0,1 # block t=3617 q=12T100 r=16 k=2
1829893493870783483,0,6893153158164719136,0,7288207219454109454,0,-566346382002829978,0,-3691270456995127841,0,-196578165594005904,0,622117160252163984,0,-82879528607270748,0,2234273299614893,0,-3612595685896,0,863013658,0,-62578,0,1 # block t=3617 q=12T100 r=16 k=2
3618876163922238133435,0,8238339143092687925844,0,-1556526138196968941754,0,107150227366944102628,0,-3062715343557966189,0,7906992181605000,0,1516521636506616,0,-31579225743312,0,208596286197,0,-274917332,0,-1020942,0,564,0,1 # block t=3617 q=12T100 r=16 k=2
812952365119625,0,-2024940963946025,0,1126074669738955,0,1215361942611720,0,-1874706371681663,0,898004435193385,0,-136689093094490,0,-19683988420299,0,5977889778313,0,12157622280,0,-16248805,0,-3429,0,1 # block t=3618 q=12T100 r=16 k=2
223571711522393069173225,0,373020720980042211437026,0,106063555990588578862747,0,-31821393555652080206518,0,-8390802599139850886447,0,-114201004637314969148,0,29242239506470591451,0,-414105732417676598,0,1801068875679071,0,-2442940873460,0,864046381,0,-93088,0,1 # block t=3618 q=12T66 r=16 k=2
9268683916824,0,40272012269136,0,6249227237388,0,-20233725222420,0,-2054762281737,0,1815154835112,0,-256610690010,0,14818755276,0,-370488168,0,3731400,0,-1098,0,-216,0,1 # block t=3618 q=12T100 r=16 k=2
207880,0,-46760,0,-2939192,0,483822,0,9326108,0,3625584,0,-4618169,0,-1151793,0,827406,0,-116187,0,6094,0,-133,0,1 # block t=3618 q=12T100 r=16 k=2
2261745109119168734,0,8288774237189133362,0,-565400956341598822,0,-11285588900816963,0,1280568214392451,0,-11953028338488,0,-753250688474,0,18579373258,0,-11877662,0,-4649446,0,69412,0,-427,0,1 # block t=3618 q=12T100 r=16 k=2
608035007974899446,0,633611288475146160,0,-43470954236703724,0,-1452635345976508,0,172026529071081,0,-2047609576102,0,-169325627329,0,5653818158,0,-10054202,0,-2331976,0,46207,0,-360,0,1 # block t=3618 q=12T100 r=16 k=2
796786705540964608,0,557394827377945472,0,-350441346080581904,0,27466110269696568,0,4054020418821961,0,-236861735497838,0,-21793423323023,0,-9309492182,0,10635655164,0,-131105414,0,631713,0,-1334,0,1 # block t=3618 q=12T100 r=16 k=2
153705176520509800,0,-3369586725398557248,0,-45329122090366856496,0,162472641559002183016,0,-189284086157662300992,0,92751963046377600624,0,-16938656407380530754,0,245514213168095582,0,3374612704727792,0,-27420637895260,0,1169057282,0,84456,0,1 # block t=3618 q=12T66 r=16 k=2
3944276336803906168235,0,10297549278567323217574,0,10158400949000112209930,0,4972217377565601674452,0,1265033959511385047679,0,146863464411762598362,0,2294364649170283444,0,-566321748790574114,0,12241742959978293,0,-63371776313656,0,6374096818,0,-148250,0,1 # block t=3619 q=12T66 r=12 k=1
16,0,1040,0,1116,0,-7208,0,-10651,0,4054,0,6909,0,-1946,0,-1292,0,418,0,49,0,-22,0,1 # block t=3619 q=12T100 r=12 k=1
91873013131229053,0,-173610384469169137,0,-155152956589883595,0,665002718400592318,0,-682262002322612451,0,308628902319130735,0,-53135714055626644,0,-2624541769422695,0,1300757796248731,0,2717740598212,0,730142353,0,58327,0,1 # block t=3619 q=12T100 r=12 k=1
599995187200,0,4148900659200,0,-6593070366720,0,-45134552227840,0,53628137947136,0,83488791562240,0,-64358247098560,0,-55251262872960,0,5964241361712,0,27056332640,0,-10031940,0,-7320,0,1 # block t=3619 q=12T100 r=12 k=1
57014526398339853648,0,62410150907626976352,0,-3762430024428786024,0,-363265129960623576,0,26542847335164921,0,148112627983884,0,-42975805173246,0,1001432939544,0,-5414882157,0,-52669440,0,356058,0,1476,0,1 # block t=3619 q=12T100 r=12 k=1
17690377887523231956019,0,-72657303782232458236552,0,-373207158415175127595470,0,-381155197803110962759646,0,66663159573360713815247,0,216583147640482678820016,0,15454256378208780662008,0,-35530833777842096693732,0,639341484625937015973,0,164630772734176928,0,-415843038130,0,-3096006,0,1 # block t=3619 q=12T100 r=12 k=1
15093785484501125895634,0,24953854188720840865578,0,9280532227279337491092,0,1445336064472412318476,0,97792579064520392256,0,1282625469498899106,0,-133127811182774361,0,-2436980599714320,0,101724299433999,0,-647242761890,0,258414543,0,-29100,0,1 # block t=3619 q=12T66 r=12 k=1
14374546525,0,54062198870,0,15190527147,0,-36194738750,0,-2792991259,0,7658639668,0,-1634846857,0,69601370,0,7236835,0,-434044,0,-6871,0,180,0,1 # block t=3619 q=12T66 r=12 k=1
158989830927884800,0,8613413057547170560,0,-12672476346572176512,0,7324883251815713088,0,-2088100980886872256,0,282352690692106848,0,-8345097920290800,0,-1856004641319856,0,141157885921208,0,479703888644,0,224964108,0,31890,0,1 # block t=3619 q=12T100 r=12 k=1
87009999544448,0,0,0,-16906082004748680,0,0,0,95732203128546737,0,0,0,-114825693287904,0,0,0,11418551190,0,0,0,-205208,0,0,0,1 # block t=3619 q=12T100 r=12 k=1
776149714512035796825,0,1689279330109646134350,0,-228933579188620993725,0,7331569823662764300,0,296497127596199661,0,-25488457576062822,0,583861960164915,0,-2453814197802,0,-74111526639,0,531198000,0,3316671,0,4458,0,1 # block t=3619 q=12T66 r=12 k=1
374443359863376624731,0,8263355867291394292204,0,-4671127422108469679752,0,-258341805705377391858226,0,304097777388626500327895,0,202941592089320583855456,0,-238125807658897623859396,0,-1385807001858980035216,0,10228898271067230225,0,26398575433085628,0,190878509476,0,-986926,0,1 # block t=3619 q=12T66 r=12 k=1
62274399198596336,0,343985994483543152,0,-1969992559828344208,0,535784071036153040,0,48748116934853688,0,-282283419333808,0,-23776862744848,0,91751840108,0,3125640708,0,-10700972,0,-128066,0,372,0,1 # block t=3619 q=12T100 r=12 k=1
524288,0,0,0,-925696,0,0,0,389376,0,0,0,-55296,0,0,0,3424,0,0,0,-96,0,0,0,1 # block t=3619 q=12T100 r=12 k=1
1999427006883804344096,0,14430818093541356787968,0,-34148890901020431229520,0,9088072259461182286712,0,45633564235971621832,0,-12817767099197698568,0,138776366052587420,0,54739953720304,0,-2227903398408,0,-4174069874,0,-970858,0,2044,0,1 # block t=3619 q=12T100 r=12 k=1
572656477079920,0,-1577089380152960,0,279622697194736,0,3411031786717072,0,-4762777222475028,0,2661032396117296,0,-616156816087015,0,26003458847890,0,5708203856927,0,-30600846568,0,-6514933,0,8550,0,1 # block t=3619 q=12T100 r=16 k=2
126170100993756233728,0,1416939821782848765952,0,498508423953563779072,0,12486238168829394944,0,-10503593348761124864,0,-689168608040845312,0,27465125986041856,0,-340177510465536,0,1899936041984,0,-5165015040,0,6955328,0,-4384,0,1 # block t=3619 q=12T100 r=16 k=2
1139323,0,-24690924,0,56354952,0,114709518,0,-377573733,0,291187214,0,-59306000,0,-6937782,0,2768985,0,-166066,0,-2248,0,80,0,1 # block t=3619 q=12T66 r=16 k=2
464123381,0,1282025698,0,-1491517641,0,-1773757788,0,99427969,0,250117928,0,-28385677,0,-10187170,0,2573231,0,-227110,0,9215,0,-166,0,1 # block t=3619 q=12T66 r=16 k=2
2402977539867391,0,3159388375830962,0,74191848299940,0,-61882316387690,0,2080518276187,0,265507460116,0,-19681805792,0,148379724,0,29313317,0,-1341350,0,26556,0,-258,0,1 # block t=3619 q=12T100 r=16 k=2
2375792852581788471603,0,39167136051368905125954,0,18409435633999276091508,0,2548349934411411277248,0,42953779989414787538,0,-7084680496443834582,0,167502290252916698,0,-1673799533944674,0,8174612697695,0,-19825712024,0,22714292,0,-10328,0,1 # block t=3619 q=12T100 r=16 k=2
3625790712285400,0,-2692885227209297760,0,-101692485401026893124,0,-691983714423612884454,0,559519582371934006874,0,898282060320576331468,0,20618560881114561853,0,-103006365130339726969,0,3637365363936235526,0,-2119681924795871,0,75669060294,0,-717851,0,1 # block t=3619 q=12T100 r=16 k=2
44941264096,0,-116899297877088,0,78957665426685504,0,-4357126297628383456,0,53011431905404711000,0,183215013945452702592,0,-48545343150922649126,0,331317436261482926,0,6349522041843968,0,-31860709778150,0,1201785032,0,87004,0,1 # block t=3619 q=12T66 r=16 k=2
11574914667664,0,-18477677767040,0,-113772032272416,0,394301000961672,0,-488877898478552,0,276197864815696,0,-64213082028779,0,3206226482078,0,64316695975,0,-3633360676,0,2306059,0,3998,0,1 # block t=3619 q=12T66 r=16 k=2
331692283625194367,0,546119447347549126,0,-159229528310759690,0,16976045349990326,0,-741494261071857,0,-6250227232922,0,2213308072256,0,-107066297526,0,2498140977,0,-27569476,0,65018,0,760,0,1 # block t=3619 q=12T66 r=16 k=2
5576363665033265736052,0,7088187590743338432800,0,-66745374387928604011056,0,103007505386471439632684,0,-67092130284466662815692,0,19782245654822474874344,0,-2053868026261710384899,0,-39713603364326389348,0,558426242678979339,0,3286484086513632,0,47697557455,0,-493192,0,1 # block t=3619 q=12T66 r=16 k=2
2076580684,0,2824133352,0,-2469903468,0,-443235595,0,302734917,0,-479772,0,-12370152,0,1281438,0,103878,0,-28372,0,2172,0,-75,0,1 # block t=3619 q=12T100 r=16 k=2
1070437214598952639,0,1242349850669125572,0,-150794510002224852,0,-155321489814883024,0,12898869338697075,0,2205772548688548,0,-73134262182414,0,-5152816672920,0,193109528970,0,-1667193352,0,4764474,0,-4812,0,1 # block t=3619 q=12T66 r=16 k=2
304468248578991593,0,-1054704271690509341,0,-1147338623477162517,0,6032604758686958744,0,-7192006341026684121,0,3934491958061205163,0,-1019695652759498406,0,90991652127916147,0,3627919198674073,0,-26059889829732,0,1142884185,0,164491,0,1 # block t=3619 q=12T100 r=16 k=2
2661620084129,0,-10902218152732,0,18572498928253,0,-17083400393392,0,9222588561472,0,-2949717425988,0,531163063512,0,-47996427036,0,2011905239,0,-32460776,0,237173,0,-796,0,1 # block t=3621 q=12T56 r=8 k=0
62806688417848455637957,0,-102095332358461534462632,0,57940878347260414598244,0,-12969885127798230292328,0,961511898630701306619,0,-69779498793610729428,0,3557936743362756132,0,-27207789768759924,0,76755371743791,0,-84600605372,0,25017600,0,5412,0,1 # block t=3621 q=12T7 r=8 k=0
8196593,0,-21067082,0,33956512,0,-44174972,0,39078210,0,-21197040,0,7005820,0,-1482136,0,217646,0,-22592,0,1573,0,-62,0,1 # block t=3621 q=12T56 r=8 k=0
109813139704548667954189,0,309845816464307805657822,0,42727086946315793808409,0,651188651665565995164,0,-5287841034708224674,0,-162997614865031592,0,-618289738331468,0,8108589510138,0,77768968061,0,176925990,0,-271225,0,-906,0,1 # block t=3621 q=12T56 r=8 k=0
2637667045594909,0,-6209408654779448,0,6252861605511726,0,-3477432417537936,0,1128118222570977,0,-199213372535508,0,13660621732618,0,273109858748,0,20574690778,0,-791828272,0,-17256,0,940,0,1 # block t=3621 q=12T56 r=8 k=0
8077121285293949,0,60083850896863696,0,170821694913398956,0,228356331425915498,0,136497260229464244,0,19207661990018984,0,-7735273882581701,0,-7828969527304,0,339002638600,0,124888126,0,-2699316,0,-84,0,1 # block t=3621 q=12T56 r=8 k=0
17547089456752353,0,-17924974236529686,0,6421169734219347,0,-1138279540019374,0,120046858910714,0,-8282060037878,0,392846620019,0,-13107009002,0,308346802,0,-5022594,0,54035,0,-346,0,1 # block t=3621 q=12T56 r=8 k=0
116093689904597,0,373597736984384,0,-216939584372638,0,10431299162620,0,7251874449365,0,-630051385860,0,-52329934490,0,2231209456,0,252957702,0,7532988,0,97228,0,528,0,1 # block t=3621 q=12T56 r=8 k=0
584807624279983,0,-661712399087532,0,268524812448255,0,-59113351496706,0,8224355857787,0,-777316504110,0,51698708246,0,-2450665416,0,82349900,0,-1912626,0,29067,0,-258,0,1 # block t=3621 q=12T56 r=8 k=0
340144576221988412191,0,-772835449766114581751,0,692563789488301957471,0,-329802441087466715518,0,91894840680863743688,0,-15160544773188154900,0,1385105474894951835,0,-55237709289569270,0,129781105711237,0,-119222746208,0,53275389,0,-11640,0,1 # block t=3621 q=12T7 r=8 k=0
32983,0,-145394,0,309991,0,-419024,0,394855,0,-270100,0,136388,0,-50954,0,13930,0,-2710,0,355,0,-28,0,1 # block t=3621 q=12T56 r=8 k=0
265789411472402531,0,-273237835935008910,0,68713171366497413,0,-8735182216532800,0,685837151713770,0,-36292792635330,0,1350162844673,0,-35918392440,0,682028973,0,-9046800,0,79748,0,-420,0,1 # block t=3621 q=12T56 r=8 k=0
200318131,0,-458498586,0,575132492,0,-480247492,0,268381626,0,-101821182,0,26996276,0,-5099850,0,677827,0,-60048,0,3240,0,-92,0,1 # block t=3621 q=12T56 r=8 k=0
117479233216947445249,0,-90771168493996964400,0,13972295472927710170,0,-1060842650487672480,0,49327656005441302,0,-1539334440115560,0,33680230318721,0,-525931834560,0,5852659322,0,-45435600,0,234126,0,-720,0,1 # block t=3621 q=12T56 r=8 k=0
153582925869373601,0,-350880343982430512,0,327770862938109553,0,-158998359937692166,0,41420834600476824,0,-5126262060441298,0,124275571700707,0,18547642674728,0,239122938373,0,-1423414442,0,596430,0,2580,0,1 # block t=3621 q=12T56 r=8 k=0
169560836134394391449,0,1400759900971906687002,0,1271666065865203398621,0,481543372548930198968,0,91215655518434716982,0,8415526011234680180,0,270313552787886468,0,-3763091123425598,0,16735862403497,0,-32864052858,0,28784571,0,-9386,0,1 # block t=3621 q=12T56 r=12 k=0
29876036667760194808,0,-109423547308539586512,0,-212919223150734531184,0,26912669183668571108,0,11798708843310170362,0,-88628593166136508,0,-13108722771720681,0,7796045848530,0,444387796664,0,-111238576,0,-3889023,0,54,0,1 # block t=3621 q=12T56 r=12 k=0
1180491537526784,0,-5292035180658688,0,-3487755446134227968,0,11800441731344670720,0,208067132117557489408,0,-414892299303095677696,0,-61739641549544764800,0,47963462999105728,0,218634892646672,0,-58940268960,0,-113953112,0,1732,0,1 # block t=3621 q=12T56 r=12 k=0
4540682321667926945792,0,13421862533753308299264,0,7234042773776653819904,0,1679191528107715438592,0,194850387046229881600,0,10702402417477788672,0,167671405200529408,0,-3773679263700992,0,18927664565328,0,-37703204608,0,31654880,0,-10216,0,1 # block t=3621 q=12T56 r=12 k=0
462678346162302029824,0,0,0,-3189850479774151070720,0,0,0,3593001057537902288896,0,0,0,-83915415614063706560,0,0,0,264174989056080,0,0,0,-119702560,0,0,0,1 # block t=3621 q=12T56 r=12 k=0
16177940560483289,0,37501098603146934,0,20224425785783051,0,4549122281287170,0,442773766569897,0,9020037530858,0,-1059601237472,0,-20651604424,0,1802850334,0,-33614916,0,262877,0,-866,0,1 # block t=3621 q=12T56 r=12 k=0
18796302633793,0,119018829584652,0,108334466207270,0,-294223481429986,0,-81195812129053,0,92396690971176,0,-5506487078120,0,-134992448166,0,2495538666,0,27674998,0,-361110,0,-150,0,1 # block t=3621 q=12T56 r=12 k=0
521759202518401,0,0,0,-5680546856236747844,0,0,0,1129915293723442564514,0,0,0,-213803411509557354428,0,0,0,560952452465630,0,0,0,-195057085,0,0,0,1 # block t=3621 q=12T56 r=12 k=0
299542708864253,0,577327943445188,0,232646024206242,0,26421045765246,0,-1200061998180,0,-322598406840,0,-632558504,0,1346853198,0,-3917031,0,-2259942,0,55844,0,-444,0,1 # block t=3621 q=12T56 r=12 k=0
62509575500359,0,856726404950546,0,-166534374561500919,0,-472509973174599460,0,6724351791900142434,0,314832137486673442,0,-108140884244672042,0,-60532891851016,0,1914528874288,0,424105046,0,-6264956,0,-156,0,1 # block t=3621 q=12T56 r=12 k=0
117852253583318540453293,0,219640096488615593240100,0,120534886804281579570332,0,30758238446564594855826,0,4072184926501573187268,0,268129168084058849332,0,6382393424206992311,0,-49780202333981544,0,128601423409264,0,-148508007770,0,77355744,0,-15320,0,1 # block t=3621 q=12T56 r=12 k=0
2061874031362630753877,0,35975405380626210420208,0,10776434536622825810047,0,1201981824651480444368,0,54803882348603532927,0,281247786275838340,0,-47502724007384428,0,-716226972977176,0,10264645179938,0,-28022865744,0,27461365,0,-10144,0,1 # block t=3621 q=12T56 r=12 k=0
6343535017,0,61595475770,0,-47491354913,0,6482465422,0,1971995852,0,-506341904,0,2841317,0,6412332,0,-215939,0,-31576,0,668,0,72,0,1 # block t=3621 q=12T56 r=12 k=0
105269567470193,0,-171803029646500,0,-132250335147112,0,401364776802618,0,-210500064445108,0,-29982001444612,0,46225348343651,0,-8483485705728,0,296517623952,0,2373359374,0,5792924,0,5080,0,1 # block t=3621 q=12T56 r=12 k=0
474186022877,0,-27199360690516,0,-5134406673316466,0,74498769859392880,0,1310343046801338715,0,37573617731523598,0,-76273002402379892,0,-129768906553782,0,1532398381666,0,1203288660,0,-5805634,0,-710,0,1 # block t=3621 q=12T56 r=12 k=0
185212484451457821323,0,403933963321418400416,0,-208531959055839488993,0,-1127655546533187377068,0,-870226705140605603712,0,-100460023729414636312,0,68912012743227376464,0,-451605329300074944,0,956855698270082,0,-834769762670,0,289139356,0,-32276,0,1 # block t=3621 q=12T56 r=16 k=0
68713,0,-533896,0,-6122229,0,45137212,0,-82582204,0,40801984,0,7975145,0,-3028836,0,-259719,0,31240,0,300,0,-64,0,1 # block t=3621 q=12T56 r=16 k=0
32920368196321381,0,-24894099225854546,0,-807098503171776815,0,255769392097835334,0,4161628317733547816,0,3198433144986050226,0,478349720039026731,0,-5339345525059244,0,21468775663625,0,-39122199394,0,32138230,0,-9904,0,1 # block t=3621 q=12T56 r=16 k=0
422572710568191569,0,3145098048986046480,0,-1460343389601901924,0,257478713368667960,0,-21487308732212699,0,785976828164560,0,-3553106326476,0,-388433291840,0,3562626148,0,43005000,0,-425650,0,-120,0,1 # block t=3621 q=12T56 r=16 k=0
17682578092907672587,0,14566083502627005508,0,-22503271295126529206,0,9416713436241741424,0,-1843728918696381455,0,177814325873658872,0,-7075723921946233,0,26751061419012,0,273837502330,0,-638220602,0,-2432293,0,858,0,1 # block t=3621 q=12T56 r=16 k=0
12655568154253877144377,0,334022933013527327440780,0,-650141680369054050377582,0,470059156014953480239180,0,-157060490695249589408542,0,22883911618354057042044,0,-935234318591247091242,0,-332058178917824744,0,1307808021081260,0,154204151528,0,-268442003,0,-1820,0,1 # block t=3621 q=12T56 r=16 k=0
107261347817611,0,469686363785496,0,-556024876309746,0,246964379630958,0,-56719158268288,0,7237843554702,0,-495218075087,0,14762950452,0,3355956,0,-5906100,0,-4750,0,396,0,1 # block t=3621 q=12T56 r=16 k=0
59212173153129167155573,0,139768645737115729641832,0,-528520699288191862547177,0,398919862925263769681020,0,-66222836445446989520817,0,-3290154324159159993444,0,35085383468127316201,0,358194324671848030,0,415972579800609,0,-937708724462,0,432719841,0,-59338,0,1 # block t=3621 q=12T56 r=16 k=0
147039775680523803161,0,537439305193952156786,0,649831245268021933634,0,216824275012314565826,0,-93368732241276414594,0,-42964162889739897988,0,7756574527956089062,0,-52296572314739410,0,130761076582528,0,-149160663648,0,77033537,0,-15456,0,1 # block t=3621 q=12T56 r=16 k=0
21710850346168696,0,-12728961203910312,0,-23509106351223364,0,24839572318929048,0,-8836189670579524,0,1342151349083946,0,-71486741805125,0,-438148196856,0,17953069305,0,33676020,0,-1122138,0,-36,0,1 # block t=3621 q=12T56 r=16 k=0
16395194802611989321,0,23520825886792900696,0,4845398124100459669,0,-947260875694115800,0,60464969735421917,0,-1984538813469356,0,36731733538339,0,-364595819740,0,1225470531,0,9412428,0,-86003,0,36,0,1 # block t=3621 q=12T56 r=16 k=0
291688771669,0,8905414043436,0,-5895826596589,0,1437559749552,0,-141784772964,0,200094734,0,967851074,0,-52151022,0,-881294,0,122930,0,-1608,0,-52,0,1 # block t=3621 q=12T56 r=16 k=0
3202385760764430935617,0,9693317965070970769136,0,-5214045789149473784418,0,1048882169444850188118,0,-103507091784184018787,0,5047015405915957712,0,-96532488054218355,0,-89350334698678,0,1820212020560,0,270205002,0,-6176905,0,-24,0,1 # block t=3621 q=12T56 r=16 k=0
93203358725833043390849,0,76031259788276428482388,0,-16941131072652210946470,0,1341666228298879215744,0,-49968121794532360064,0,838195964456252112,0,-3045473235426976,0,-54380458770168,0,239883292353,0,805634800,0,-3479484,0,-276,0,1 # block t=3621 q=12T56 r=16 k=0
185440365657508402473733,0,85325811221640573136400,0,-90174117455987934996530,0,24418764416974951296120,0,-3050889668594321502576,0,184498845522317750388,0,-4382614950425060479,0,-94484148746224,0,33786953226756,0,-2055164308,0,-39582726,0,216,0,1 # block t=3621 q=12T56 r=16 k=0
270848965777451865784,0,-534111003063275201336,0,397967250738244550764,0,-138473234265370445808,0,22490724072308226890,0,-1530448376396155702,0,44596761749992277,0,-530684024715884,0,3072848253126,0,-9063098370,0,12617621,0,-6276,0,1 # block t=3621 q=12T56 r=24 k=1
12203756751597038248669,0,-18089041945460372323990,0,9598646458281117710012,0,-2290670173267394511646,0,262611917059974020379,0,-14199042388700830194,0,341088226035599230,0,-3153068868288360,0,13841620912608,0,-30408488224,0,30622448,0,-9942,0,1 # block t=3621 q=12T56 r=24 k=1
8087323803523058503493,0,-18544837274515922744906,0,17034651969701028202729,0,-7925835160241842015318,0,1936353909013725406605,0,-230661721179874384630,0,10591654014576336148,0,-62235978213078808,0,144968556869167,0,-158093456072,0,79475256,0,-15492,0,1 # block t=3621 q=12T56 r=24 k=1
33650580250626928385909,0,-58573506766511451980062,0,34139297213752878639548,0,-9367456008626750462056,0,1348046901002869993982,0,-101254915361180886858,0,3467711406972925766,0,-32723297394391870,0,124857730004973,0,-204760790392,0,133778946,0,-21448,0,1 # block t=3621 q=12T56 r=24 k=1
2805606895014027,0,3006430827872940,0,1086885155377656,0,207656981318754,0,24722857042434,0,1985012117964,0,111887176608,0,4503085974,0,129242223,0,2591190,0,34560,0,276,0,1 # block t=3622 q=12T56 r=0 k=0
610579791119675064485419,0,395392227534128529316242,0,29653505883507483882897,0,1057596109695984001680,0,22885778726822563278,0,331360480247075478,0,3360977958047745,0,24331345915464,0,125585150553,0,452495880,0,1082976,0,1548,0,1 # block t=3622 q=12T56 r=0 k=0
176660498278729,0,-285545329912392,0,172703875344258,0,-103240950314360,0,105920840619279,0,-70013410422480,0,23381533876380,0,-3760986166128,0,235341934119,0,-46717160,0,2336034,0,-24,0,1 # block t=3622 q=12T56 r=0 k=0
8,0,48,0,168,0,400,0,660,0,768,0,668,0,468,0,276,0,132,0,46,0,10,0,1 # block t=3622 q=12T7 r=0 k=0
33912877764262924976389,0,7675093469016576198489,0,772157151198493120683,0,43771439325316416071,0,1006908683900451876,0,-23968486504194498,0,-980674122595467,0,9678421068750,0,461510199342,0,2694684770,0,9093210,0,3825,0,1 # block t=3622 q=12T7 r=0 k=0
25992,0,-155952,0,536904,0,-1254960,0,1952424,0,-1995408,0,1301372,0,-475548,0,54066,0,8656,0,2526,0,-72,0,1 # block t=3622 q=12T7 r=0 k=0
79062913189,0,219204195496,0,228451887015,0,124225511533,0,46290640856,0,12246451587,0,2060627848,0,201771627,0,12379883,0,533438,0,15150,0,260,0,1 # block t=3622 q=12T7 r=0 k=0
7942408846111389668809,0,20157932386225665770760,0,17774357961584450428188,0,6131069953969791669664,0,744794710879734607554,0,64676190123429420816,0,1548711604276450314,0,12754711043402616,0,44033911171209,0,52321666552,0,1958958,0,-4584,0,1 # block t=3622 q=12T7 r=0 k=0
38925526625,0,65046333300,0,40156093800,0,14181300674,0,4263709116,0,980672856,0,216783651,0,40906752,0,6134196,0,670766,0,50592,0,444,0,1 # block t=3622 q=12T56 r=0 k=0
60249349103987,0,321360015774192,0,720601521248477,0,864079236499008,0,577376815966486,0,197052842247874,0,21872612605623,0,-2350154199366,0,46760210135,0,933069174,0,65620,0,-992,0,1 # block t=3622 q=12T56 r=0 k=0
765873049153256424582607,0,627916240906015395488106,0,46601978535102918514477,0,1620951069583255164976,0,33976396147567385440,0,474151530380031324,0,4615897212552882,0,31950749546712,0,157127706873,0,537655130,0,1218285,0,1644,0,1 # block t=3622 q=12T56 r=0 k=0
198339499,0,568389477,0,684079122,0,489722683,0,235776321,0,72637974,0,15074160,0,2200401,0,229752,0,17941,0,1110,0,48,0,1 # block t=3622 q=12T7 r=0 k=0
52290389368877379752761,0,78455699420497638662502,0,41240397727319132507658,0,9302995439451962103398,0,855658939798829280714,0,43229485165799106012,0,1026367721795506734,0,8916653476725336,0,35396197451109,0,47925400548,0,3292362,0,-5598,0,1 # block t=3622 q=12T7 r=0 k=0
582261236416,0,-1895279108736,0,2348951672064,0,-1322451463360,0,315608463216,0,-108956548800,0,117897563616,0,-44183730240,0,6422224896,0,-299752960,0,29975340,0,-12,0,1 # block t=3622 q=12T56 r=0 k=0
3908437,0,771954,0,-1340874,0,-451850,0,607059,0,-616464,0,473388,0,-223056,0,69471,0,-13202,0,1374,0,-54,0,1 # block t=3622 q=12T7 r=0 k=0
204514224824881,0,-311875425832158,0,138814709303301,0,-32112461105466,0,4633575713018,0,-452903038374,0,31226684957,0,-1543913574,0,54632426,0,-1354410,0,22389,0,-222,0,1 # block t=3622 q=12T56 r=8 k=0
2617374884876011,0,-2627853528920502,0,852235052710725,0,-148641678310636,0,16592748901364,0,-1285643354316,0,71975384316,0,-2957589676,0,88894882,0,-1908760,0,27788,0,-246,0,1 # block t=3622 q=12T56 r=8 k=0
387358076267096689,0,-982661056457942356,0,998803982545735732,0,-543133034016669982,0,173063728642614514,0,-32544308775189082,0,3352307801311639,0,-144663278322534,0,-259019703214,0,298410114,0,1472022,0,1998,0,1 # block t=3622 q=12T7 r=8 k=0
424423,0,-1762926,0,3344029,0,-3831000,0,2952452,0,-1612602,0,640077,0,-186024,0,39287,0,-5880,0,592,0,-36,0,1 # block t=3622 q=12T56 r=8 k=0
594474258250305451313,0,-413290620843523944976,0,57609981336181040458,0,-3912453196549737632,0,160058290900349202,0,-4305449482830392,0,79214138009569,0,-1010743253312,0,8925339058,0,-54012400,0,222846,0,-624,0,1 # block t=3622 q=12T56 r=8 k=0
400777,0,-1615744,0,2762210,0,-2706448,0,2193567,0,-1798912,0,1119996,0,-452640,0,120055,0,-20736,0,2050,0,-80,0,1 # block t=3622 q=12T56 r=8 k=0
55992455007603292532129,0,-36596264001071207072264,0,3273708888691477593996,0,-141331193680574190952,0,3733586278962604926,0,-66459566777364372,0,834068865091742,0,-7516070182056,0,48564859173,0,-220246660,0,666910,0,-1212,0,1 # block t=3622 q=12T56 r=8 k=0
196691429215555,0,-242062190416845,0,111566332348074,0,-26814780674217,0,3735172160839,0,-303357503849,0,12657182299,0,-84009611,0,-13135263,0,343236,0,3321,0,-149,0,1 # block t=3622 q=12T7 r=8 k=0
1146279544469569729017,0,-814373905511889964134,0,132948179949905764605,0,-9640700961907745574,0,399178254408113916,0,-10568989752336720,0,189221861661147,0,-2348138898234,0,20249239329,0,-119057580,0,454608,0,-1014,0,1 # block t=3622 q=12T56 r=8 k=0
1693829546208026005,0,-4736301140525376195,0,5337940629481181706,0,-3206341026691006515,0,1114506415584587668,0,-223978118550149536,0,24058742091688177,0,-1063237198172377,0,-453632305872,0,2782751730,0,4758363,0,3446,0,1 # block t=3622 q=12T7 r=8 k=0
43716838686546017551,0,-35812110487584891564,0,3653056930401832398,0,1338568236784428844,0,145180071930857436,0,7762483553845311,0,238792770243024,0,-5322786246504,0,-11465533890,0,258435034,0,76329,0,-3369,0,1 # block t=3622 q=12T7 r=8 k=0
28041367874563,0,-39416683430736,0,19736008954791,0,-5369748139392,0,927387558338,0,-109476999018,0,9166483805,0,-552483516,0,23902709,0,-726306,0,14748,0,-180,0,1 # block t=3622 q=12T56 r=8 k=0
98300399591265566450161,0,-63713826338530509818138,0,5680757024899824984893,0,-242471625447795988630,0,6277104690903327012,0,-108504103681016418,0,1310156198710887,0,-11252207603680,0,68619684481,0,-290693578,0,813090,0,-1348,0,1 # block t=3622 q=12T56 r=8 k=0
613292709572507,0,-917716889057876,0,527366487939936,0,-155391451593278,0,25395487783462,0,-2200942008298,0,67761793767,0,3095424510,0,-169613296,0,-6594550,0,-65860,0,-102,0,1 # block t=3622 q=12T56 r=8 k=0
2941142097011,0,-15013900379103,0,32153906383995,0,-37152320730043,0,24924378465427,0,-9730506364738,0,2071404508360,0,-195388635235,0,2868026730,0,-19949643,0,107824,0,-461,0,1 # block t=3622 q=12T7 r=8 k=0
9932407118890677161,0,279129019912077644660,0,1486696637573286144044,0,-5640592145913729305366,0,-3443781121061529593976,0,-139911066090237057814,0,1859125534174705587,0,97120713364462028,0,654539078842374,0,-1188906449650,0,552774985,0,-53890,0,1 # block t=3622 q=12T56 r=12 k=0
54160471136187143,0,-3423971495464670150,0,-576472189246206412166,0,10819962046392924216392,0,156220716869869188091677,0,-6005356169975920492806,0,-2084668182510611872391,0,65281342502310232,0,2139088124575190,0,-21396080496,0,-324776149,0,156,0,1 # block t=3622 q=12T56 r=12 k=0
13360020062315809,0,0,0,-546871015646088668,0,0,0,5101611483393495870,0,0,0,-106074975620130838,0,0,0,1902905771869,0,0,0,-6258782,0,0,0,1 # block t=3622 q=12T56 r=12 k=0
216948246796662345352037,0,591199909476981860543254,0,273080440403794189636393,0,54000899702470488685670,0,5358108572705565867684,0,257061424254484726586,0,4097536821642958987,0,-40379431040377408,0,114912023945449,0,-140123093342,0,74938662,0,-15348,0,1 # block t=3622 q=12T56 r=12 k=0
19659823576861471208731,0,52877808142858727794062,0,25007526141165960997849,0,5082105914628374367808,0,517353967355724628065,0,25156707144037968388,0,372761943424485124,0,-5740013835820792,0,23996886241953,0,-43027323312,0,34100208,0,-10204,0,1 # block t=3622 q=12T56 r=12 k=0
7875125770251171601,0,0,0,-68077032008913834907,0,0,0,22453548133598359235,0,0,0,-679147177979557707,0,0,0,12594415842459,0,0,0,-58439759,0,0,0,1 # block t=3622 q=12T56 r=12 k=0
2056084762108808929,0,0,0,-2454471517951170455064,0,0,0,46511565547751729897126,0,0,0,-642758203391487770964,0,0,0,1052112750657418,0,0,0,-244619217,0,0,0,1 # block t=3622 q=12T56 r=12 k=0
57372179402911959741169,0,0,0,-211979200191149266339170,0,0,0,161726573289252759975782,0,0,0,-14192435082529129277755,0,0,0,13088676563959230,0,0,0,-1352201630,0,0,0,1 # block t=3622 q=12T56 r=12 k=0
29203360314468649,0,0,0,-196239716448330080,0,0,0,202607162021089542,0,0,0,-2727443983320602,0,0,0,140796284445,0,0,0,-1454798,0,0,0,1 # block t=3622 q=12T56 r=12 k=0
26218324462976727703,0,94174458800792402134,0,76124386951697224759,0,25784334264622327732,0,4230806833603455903,0,319824254502734086,0,6660004314202618,0,-207266586981980,0,1662279710529,0,-5729826266,0,8816386,0,-5168,0,1 # block t=3622 q=12T56 r=12 k=0
33284320469,0,157568560946,0,-171466194324115343,0,-464383542321474296,0,1112439005030168835611,0,283166973312037888522,0,-58300136724340210344,0,-255350543468259928,0,-151150213823279,0,228162927332,0,50712738,0,-32132,0,1 # block t=3622 q=12T56 r=12 k=0
19117399917101592625,0,48784852866519474700,0,30061838483477206450,0,8203785101377429472,0,1114161925382213059,0,68690090123782026,0,791679277035408,0,-55450010081542,0,639867288787,0,-2982027914,0,5971503,0,-4302,0,1 # block t=3622 q=12T56 r=12 k=0
21184814435101681,0,0,0,-174544426868522489478,0,0,0,12345659340557705946126,0,0,0,-212140922708476638031,0,0,0,1396176046363342,0,0,0,-646741674,0,0,0,1 # block t=3622 q=12T56 r=12 k=0
469810172329,0,0,0,-3656870110986,0,0,0,5642913248213,0,0,0,-1039170759424,0,0,0,575297875,0,0,0,-71297,0,0,0,1 # block t=3622 q=12T56 r=12 k=0
7015147844300737919597,0,-934641440148560938344,0,-49620856186067551658911,0,6524468554082656145860,0,60355308425493631627106,0,-7555340412733862732036,0,-940171777930270970400,0,1040955987219981580,0,1050564963741948,0,-549176043252,0,-245887798,0,10312,0,1 # block t=3622 q=12T56 r=12 k=0
5188252495535389,0,19369159180443730,0,18729916573196556,0,-4881606352670956,0,-12942741455990440,0,-2765542803805644,0,850971159949204,0,-21207817589814,0,209764394064,0,-1008065454,0,2400731,0,-2586,0,1 # block t=3622 q=12T56 r=16 k=0
40154837896992632083375,0,16138456662964667809050,0,-77908976536323855583815,0,56148145513248941370576,0,-17626479911806575156138,0,2589270937238646703494,0,-143786547074226381955,0,-8833868944140696,0,368040809834305,0,4118090760,0,-137269296,0,-36,0,1 # block t=3622 q=12T56 r=16 k=0
3720087,0,-62001450,0,247179114,0,348743394,0,-2873114388,0,2749102740,0,61817742,0,-50561010,0,-1152468,0,147042,0,9,0,-96,0,1 # block t=3622 q=12T56 r=16 k=0
14558095948394125,0,-38208518763624900,0,-67935822786008545,0,165931641587562264,0,-111500397318864312,0,30522359256548078,0,-2816116926507238,0,-44461738947274,0,56505662270,0,1128451302,0,-1610156,0,-1712,0,1 # block t=3622 q=12T56 r=16 k=0
12647541922814393,0,29507245690375124,0,-59910294022503904,0,37874969190336844,0,-11280479308570966,0,1643137436314388,0,-98051470285754,0,569074998816,0,17156948813,0,-61349476,0,-634546,0,264,0,1 # block t=3622 q=12T56 r=16 k=0
93661408563971358524401,0,85763763267379804118044,0,-64227640314571502578646,0,15404757819744553729222,0,-1769878231939476161771,0,100502876692856733070,0,-2308286507366528158,0,2135905955535638,0,21322543988593,0,-9768570412,0,-32255177,0,1070,0,1 # block t=3622 q=12T56 r=16 k=0
2049835613619458436421,0,15855116653144516120776,0,-71562916755871769626177,0,77065410149893161854936,0,-18417266927946436223741,0,-2112516613647544411412,0,20740570397854632381,0,296833508909146580,0,500005492511785,0,-979058363338,0,441176629,0,-59380,0,1 # block t=3622 q=12T56 r=16 k=0
117423106139469459553,0,578516455799693419792,0,-353069020274630750545,0,80755865137750386912,0,-8926496894390587207,0,475748203798322880,0,-9446605985201316,0,-24832039133952,0,382629157644,0,223765520,0,-2794253,0,-96,0,1 # block t=3622 q=12T56 r=16 k=0
2266797311689,0,-7596277577712,0,-3599397127732,0,13859253638936,0,-8577333342979,0,1984512696432,0,-136805494580,0,-6039778752,0,351711468,0,4295080,0,-214578,0,-24,0,1 # block t=3622 q=12T56 r=16 k=0
52755214471554211471,0,11802101226273887904,0,-47153919392515704444,0,24152226741348304168,0,-5384437527961808944,0,568948030454876350,0,-23283839307394079,0,-12878827093596,0,667480883428,0,44226500,0,-3556074,0,4,0,1 # block t=3622 q=12T56 r=16 k=0
23413944797984421437,0,121787734448042837786,0,78999940051108172959,0,-8651809018059500056,0,-15399525444971317731,0,-2222992322216712218,0,139385539602656231,0,-1900427864110458,0,10545117964221,0,-26434938896,0,28487147,0,-9870,0,1 # block t=3622 q=12T56 r=16 k=0
9098763449977601,0,-17007406292269744,0,12488925363960467,0,-4638124927802396,0,937942439247377,0,-105282548894052,0,6600924214213,0,-231812941364,0,4661129517,0,-53371596,0,328801,0,-948,0,1 # block t=3622 q=12T56 r=24 k=0
5002841842501,0,-15336833869662,0,20119387559503,0,-14704949460834,0,6528107149801,0,-1798868414858,0,301650486024,0,-28962529288,0,1417190222,0,-28392292,0,250545,0,-922,0,1 # block t=3622 q=12T56 r=24 k=0
1691970200380789525441,0,-3250691691305210184340,0,2368395973966642609626,0,-865722879894631354840,0,170366431524127556617,0,-17414681043027919072,0,769438162621440256,0,-6816330536078408,0,24765187922903,0,-42376196664,0,33343951,0,-10048,0,1 # block t=3622 q=12T56 r=24 k=0
10294608605230645403,0,-25525056729427619018,0,24530431712468351476,0,-11672899026607663596,0,2927363051201970051,0,-376105999522893962,0,21375921873944534,0,-320455315888274,0,2058465444082,0,-6358805806,0,9196706,0,-5244,0,1 # block t=3622 q=12T56 r=24 k=0
220007292449416307621141,0,-360127707255186940410910,0,203722645038450785658949,0,-50460406759725353508162,0,5473210674394109653250,0,-232763674501199389484,0,4012714309431212563,0,-24985988551782562,0,72701748559352,0,-105292349626,0,69816792,0,-15000,0,1 # block t=3622 q=12T56 r=24 k=0
19459537509391366723,0,-84797887573456984486,0,148816955954881100369,0,-132774439296710633050,0,61892899478560699994,0,-13489446451672313836,0,900744892082234186,0,-8129652069273986,0,28739176896326,0,-47201203132,0,35495754,0,-10356,0,1 # block t=3622 q=12T56 r=24 k=0
1961759540085127,0,5508001244589868,0,-11265170647259931,0,-40159184667838980,0,-26183967258242666,0,-2648869532376188,0,908192606567253,0,-22138147947956,0,215281830755,0,-1022442972,0,2416634,0,-2586,0,1 # block t=3623 q=12T56 r=16 k=0
2361254710528375416313,0,-10178561719313411248812,0,-19150315792878087698214,0,131409649913704809476660,0,-166814774484603632174035,0,80377130805350472005226,0,-13395949802326468100311,0,-102285034693531392,0,12785588892318150,0,13481457670,0,-1348145723,0,-12,0,1 # block t=3623 q=12T56 r=16 k=0
32776992654114451273,0,240739006628028953118,0,102139549368170943766,0,-670116921666586628302,0,-457570164583915722554,0,143999837301991965912,0,106357807795040021185,0,-569938879362033484,0,1077706555236386,0,-883089683912,0,300632398,0,-32120,0,1 # block t=3623 q=12T56 r=16 k=0
159436913956591174034873,0,-23655685501627677235192,0,-105203169127071131376897,0,67220335772645612480512,0,-16756567344932076383328,0,1882927507957988752200,0,-78378867227879410339,0,-8190235006614816,0,255887751769449,0,4757676640,0,-118941212,0,-48,0,1 # block t=3623 q=12T56 r=16 k=0
3716436429026964097,0,7917611163310468620,0,-9819808600256237730,0,-32902299020065993778,0,-19142184070468508836,0,3044477831634872724,0,3436326353900020344,0,-26915652100624134,0,78052010643517,0,-103219652054,0,61588044,0,-13724,0,1 # block t=3623 q=12T56 r=16 k=0
19701657341397861473,0,18332401436202499828,0,-17891490926273468126,0,5456199298619210420,0,-817436743480627917,0,64756098397617146,0,-2547089111905940,0,38428427491778,0,-78698183297,0,-1130373254,0,-480441,0,2502,0,1 # block t=3623 q=12T56 r=16 k=0
492026191,0,3955442028,0,-9598165076,0,8959207226,0,-4495322827,0,1323028222,0,-226494745,0,19667746,0,-298718,0,-67436,0,2011,0,120,0,1 # block t=3623 q=12T56 r=16 k=0
22719277968703901696,0,135983393053491568640,0,201093640430447126528,0,93874033005320739840,0,1833327441821246976,0,-3591764743050393600,0,169843679530399808,0,-2132566145692288,0,11267205680576,0,-27380353184,0,28923060,0,-9924,0,1 # block t=3623 q=12T56 r=16 k=0
46928401126980620288,0,81673682732528869376,0,20490770431978989568,0,-2807836757029651456,0,137565938974255360,0,-3496060228149760,0,48709551624320,0,-313252669632,0,-441666336,0,19568976,0,-91376,0,-60,0,1 # block t=3623 q=12T56 r=16 k=0
312539346212803969,0,2987636284222130632,0,5529256186198852296,0,1418601606429898806,0,-1696727030029826176,0,-483087091882536288,0,115266110711691143,0,-1423227574850576,0,6787232293216,0,-15228491942,0,16054476,0,-6876,0,1 # block t=3623 q=12T56 r=16 k=0
151221380320857203,0,539851397760438862,0,244298965945319593,0,-1037832547554893292,0,-1238342217052289560,0,-149165358275231280,0,194548004586021030,0,-2470535231958256,0,11670470196349,0,-25099045202,0,24239121,0,-8632,0,1 # block t=3623 q=12T56 r=16 k=0
842978134555916069909113,0,-759718272422400406510302,0,64248179291645940716489,0,-2519962142888068143990,0,58733019628932923555,0,-895828965624601728,0,9331943160563779,0,-67314039929940,0,333434673483,0,-1098080310,0,2244513,0,-2466,0,1 # block t=3623 q=12T56 r=24 k=0
580989737156923236931411,0,-747579838750357004843570,0,372681199229256815667028,0,-94994043591789938012192,0,13311524356796731708531,0,-993717819124397723202,0,32970209385800702410,0,-203500698254713314,0,484567851219998,0,-505882119306,0,217980686,0,-26964,0,1 # block t=3623 q=12T56 r=24 k=0
98724285620632425448997,0,-149834424807093821181060,0,77135746134342962387146,0,-17392342797061400444290,0,1758395461157090511192,0,-72193663047781555846,0,1258578735633093636,0,-8803098516820086,0,29760836575301,0,-50997300248,0,40887768,0,-11358,0,1 # block t=3623 q=12T56 r=24 k=0
5151038545671561103721,0,-12091283798737724041722,0,11430939303064094763111,0,-5521070439014973153824,0,1420688009615917841786,0,-182875423436024149702,0,9447505794543429368,0,-57301250382741700,0,136778333127026,0,-152283946484,0,77872492,0,-15336,0,1 # block t=3623 q=12T56 r=24 k=0
131898038078134356223208,0,-121920151696251945051704,0,34248007337915676575764,0,-4428149001570861881808,0,299344940047942452836,0,-10943423253966815350,0,214762132505856985,0,-2242259570814512,0,11830349220413,0,-27942128540,0,28289712,0,-10104,0,1 # block t=3623 q=12T56 r=24 k=0
44118435019427486269,0,-34653294684128351364,0,6017904952036366954,0,-515586687356556744,0,26848828717377902,0,-929991926222676,0,22384342874830,0,-381222424128,0,4589174414,0,-38245290,0,210053,0,-684,0,1 # block t=3623 q=12T56 r=24 k=0
23122160487287225714659,0,-52025819769027801021784,0,48118352745675167590837,0,-23505963734449088691650,0,6424343852777761530559,0,-939136369455950299130,0,59311624851948654522,0,-390660318047209042,0,860479189039222,0,-781568522226,0,279795379,0,-31856,0,1 # block t=3623 q=12T56 r=24 k=0
602085305095870121287,0,-1522309242809258616382,0,1479456409475327364331,0,-702011748912766581974,0,170418478139833747798,0,-20130145519691805528,0,983433194485792429,0,-9776697241536846,0,37380466899243,0,-63797449020,0,49847042,0,-15492,0,1 # block t=3623 q=12T56 r=24 k=0
39913,0,55376,0,-94702,0,-65216,0,30312,0,13004,0,-7056,0,-388,0,1042,0,-8,0,-23,0,12,0,1 # block t=3626 q=12T56 r=4 k=2
3554713,0,7793016,0,1462602,0,-4252304,0,-464449,0,791280,0,-18724,0,-99904,0,9703,0,7896,0,218,0,-112,0,1 # block t=3626 q=12T56 r=4 k=2
2398584205417,0,-35546343595312,0,74720986081922,0,404379188277072,0,473538629978655,0,230269465667680,0,51350499059068,0,3399858392544,0,79227416215,0,-298654768,0,-342302,0,976,0,1 # block t=3626 q=12T56 r=4 k=2
1,0,0,0,-667077250,0,0,0,-95071226975,0,0,0,-35495023382,0,0,0,-15970042,0,0,0,-15540,0,0,0,1 # block t=3626 q=12T56 r=4 k=2
531441,0,16120377,0,-144020511,0,165809592,0,-81494181,0,6823440,0,9347967,0,-3585465,0,5832,0,8424,0,-306,0,0,0,1 # block t=3626 q=12T7 r=4 k=2
68191996776593641,0,244475640743578818,0,208263873943096524,0,72189491443018348,0,9644442730269921,0,356353635159522,0,-27376289892174,0,-249829211502,0,-7112006928,0,-85769522,0,29796,0,828,0,1 # block t=3626 q=12T7 r=4 k=2
6383,0,-17784,0,-201346,0,-406046,0,-321266,0,-164500,0,-58373,0,-14572,0,-2140,0,-40,0,60,0,12,0,1 # block t=3626 q=12T56 r=4 k=2
308422940164683049,0,68827966000957892,0,-280356344830395874,0,-48911067504081996,0,-29812582076442797,0,-19841114358127620,0,-5128141430012625,0,-77513388049192,0,-4313191154772,0,-516991232,0,4359227,0,76,0,1 # block t=3626 q=12T56 r=4 k=2
4096,0,0,0,-81758208,0,0,0,-333466368,0,0,0,-48989696,0,0,0,-355856,0,0,0,-420,0,0,0,1 # block t=3626 q=12T56 r=4 k=2
1,0,61104,0,-55601316,0,-88863522,0,-409365656,0,-688390804,0,-5218089801,0,-4868386472,0,161925796,0,-2296638,0,24872,0,-220,0,1 # block t=3626 q=12T7 r=4 k=2
1506255129,0,12383638668,0,-17827093062,0,10664769736,0,-3549664523,0,713657952,0,-87475842,0,6102600,0,-159830,0,-9252,0,1020,0,-44,0,1 # block t=3626 q=12T7 r=4 k=2
424423,0,572634,0,-625886,0,-175676,0,15083,0,44822,0,9128,0,-2914,0,-1288,0,-554,0,-116,0,0,0,1 # block t=3626 q=12T56 r=4 k=2
498648703,0,817339572,0,-1334811618,0,1281285552,0,-826172990,0,395526942,0,-150588949,0,44273904,0,-10526442,0,1663980,0,-166354,0,-12,0,1 # block t=3626 q=12T56 r=4 k=2
1860309919,0,-114911414880,0,-132517799108580,0,231821298628776,0,-173668628479278,0,55760741283852,0,-14319484474033,0,-871345770282,0,-28857818964,0,199969632,0,834658,0,1158,0,1 # block t=3626 q=12T56 r=4 k=2
4096,0,0,0,-683087104000,0,0,0,-24338234105600,0,0,0,-2271681496448,0,0,0,-255520672,0,0,0,-62160,0,0,0,1 # block t=3626 q=12T56 r=4 k=2
122404804522800001,0,-106832147321361520,0,27782334019323879,0,-3769631396000132,0,319504698891292,0,-18359399485090,0,744614071530,0,-21667634974,0,451496198,0,-6595026,0,64274,0,-376,0,1 # block t=3626 q=12T56 r=8 k=0
6730200757,0,-14508604656,0,13638573571,0,-7495593064,0,2700673957,0,-674630260,0,120083082,0,-15366238,0,1403516,0,-89176,0,3733,0,-92,0,1 # block t=3626 q=12T56 r=8 k=0
17598593496340244547487,0,-18959659787752105529728,0,2691016482670406014216,0,-178514259464531302262,0,6977120136582828153,0,-175342245721205724,0,2924171455712976,0,-32233271218526,0,225585320529,0,-908728722,0,1665047,0,-670,0,1 # block t=3626 q=12T56 r=8 k=0
1202974598450795,0,-5005853763552305,0,8913832206672314,0,-8748697571277965,0,5081607597568076,0,-1730400242484253,0,314948164244322,0,-23015201694045,0,-2668364864,0,37136981,0,10610,0,282,0,1 # block t=3626 q=12T7 r=8 k=0
790182975549794506930321,0,-514795972109392173352314,0,38190698199257782437906,0,-1297097375237660952240,0,25341190913327524365,0,-305625311774741812,0,2250809530246446,0,-8799618641380,0,4818908586,0,96600110,0,-265630,0,-206,0,1 # block t=3626 q=12T7 r=8 k=0
783423378231169024,0,2236508196263743488,0,1980880393187738624,0,678994291725899776,0,64961559197455616,0,-5964187389004032,0,-493003923926720,0,859079271168,0,53514651024,0,-29633200,0,-1481484,0,24,0,1 # block t=3626 q=12T56 r=8 k=0
957051668161,0,-1501540921176,0,972368620696,0,-358776153066,0,85641939908,0,-14071351008,0,1640329347,0,-137040600,0,8148560,0,-335946,0,9088,0,-144,0,1 # block t=3626 q=12T56 r=8 k=0
420314451538895809827289,0,-359811948094935004360256,0,41281214465508239632791,0,-2185895720647013263204,0,66965001131020030160,0,-1286813938489156288,0,15839065297153433,0,-121829704894524,0,534481083065,0,-1004192644,0,-262696,0,872,0,1 # block t=3626 q=12T56 r=8 k=0
3363001103180691205,0,-10976094907995821060,0,38009147340012977609,0,-40359900218954865327,0,18390201086352162193,0,-4123040905228535683,0,448120074445217949,0,-18562520588617565,0,22158369127370,0,-15884231342,0,9909106,0,-2795,0,1 # block t=3626 q=12T7 r=8 k=0
465749795696680984433,0,-527204547655055800180,0,74960847112421806662,0,-5027573857457520222,0,202199118853172371,0,-5374589722531652,0,98906735734038,0,-1285897201466,0,11833115352,0,-75822522,0,324104,0,-838,0,1 # block t=3626 q=12T7 r=8 k=0
90255428330290481,0,-103047499901092514,0,30569110206278365,0,-4464288876316538,0,393149628273300,0,-22915857995806,0,926478124107,0,-26522227656,0,538111821,0,-7590634,0,70962,0,-396,0,1 # block t=3626 q=12T56 r=8 k=0
285674572049,0,-564690914956,0,406006902826,0,-159402988936,0,39806608029,0,-6809315072,0,829205700,0,-73129944,0,4670647,0,-211812,0,6487,0,-120,0,1 # block t=3626 q=12T56 r=8 k=0
4728611,0,-38880384,0,113637766,0,-146663976,0,99376178,0,-41714782,0,11838327,0,-2353972,0,328686,0,-31428,0,1938,0,-68,0,1 # block t=3626 q=12T56 r=8 k=0
125756723,0,-66897966,0,-24033915,0,428572,0,11310792,0,-2898042,0,517161,0,-558964,0,297643,0,-58656,0,5184,0,-156,0,1 # block t=3626 q=12T56 r=8 k=0
25005598625113,0,-35703893651548,0,77088157991194,0,-72399079711596,0,21586156606367,0,-2801487263288,0,134028643596,0,-2375179576,0,124272615,0,-5470060,0,65786,0,-348,0,1 # block t=3626 q=12T7 r=8 k=0
95977495927817,0,-1174596245993926,0,-4812336196270295,0,-5004022484500556,0,-580230662913809,0,808901279542616,0,-53940499331058,0,-1876615068436,0,6583701001,0,155814526,0,-559518,0,-552,0,1 # block t=3626 q=12T56 r=12 k=0
31685641,0,0,0,-283907167954,0,0,0,26068271610681,0,0,0,-1390076629256,0,0,0,674273739,0,0,0,-75009,0,0,0,1 # block t=3626 q=12T56 r=12 k=0
428293956021574085563,0,1003585238479229921522,0,135332271448110647829,0,-975038434416743156012,0,-492890462600527002699,0,40483526705526457994,0,-21584146396206933,0,-17631511683362514,0,-105809557346063,0,261932012314,0,-125155855,0,-14448,0,1 # block t=3626 q=12T56 r=12 k=0
16701578477060569,0,0,0,-71841638950094220,0,0,0,88653041268472554,0,0,0,-30903191324626334,0,0,0,939360795225,0,0,0,-4865074,0,0,0,1 # block t=3626 q=12T56 r=12 k=0
486832678490413507,0,2131669247184814512,0,2167897030371024946,0,882335283201049488,0,168140836133374481,0,14212574404474260,0,280890871699375,0,-14489363706348,0,172244819858,0,-905528106,0,2276159,0,-2526,0,1 # block t=3626 q=12T56 r=12 k=0
50968749362541450858496,0,0,0,-825034477428675152497664,0,0,0,107671949265444299537152,0,0,0,-80884544324602729152,0,0,0,281346819894960,0,0,0,-245533436,0,0,0,1 # block t=3626 q=12T56 r=12 k=0
200704,0,0,0,-64826181744142336,0,0,0,121576252372726052837376,0,0,0,-191860218287431651817728,0,0,0,86154049007999328,0,0,0,-3910506220,0,0,0,1 # block t=3626 q=12T56 r=12 k=0
373870425513859567,0,577332488455288942,0,192903430646276575,0,-4828537277364660,0,-875926101881219,0,34284633122758,0,707070339289,0,-61100770556,0,1219703139,0,-7560506,0,-33005,0,336,0,1 # block t=3626 q=12T56 r=12 k=0
49987981,0,143382342,0,-182617367,0,-60848058,0,27065132,0,8656230,0,-724613,0,-304176,0,9209,0,4374,0,-118,0,-24,0,1 # block t=3626 q=12T56 r=12 k=0
356030897250463009,0,0,0,-2638936336779180659,0,0,0,3429495816135201168,0,0,0,-84143335588110820,0,0,0,1675127628019,0,0,0,-6014747,0,0,0,1 # block t=3626 q=12T56 r=12 k=0
102533709047449,0,0,0,-2935310505993884,0,0,0,14797343304956890,0,0,0,-1020863908669262,0,0,0,77848708825,0,0,0,-1145666,0,0,0,1 # block t=3626 q=12T56 r=12 k=0
26115612964141,0,103957811405344,0,145700768811786,0,95334220800344,0,30197828540063,0,3841278950018,0,-37291832932,0,-25120734274,0,1255092323,0,-24173906,0,210979,0,-778,0,1 # block t=3626 q=12T56 r=12 k=0
59414577383991359551,0,224840428673384582282,0,139037159012434462913,0,36486419772510650480,0,4722724788242147072,0,280019440964747602,0,3630212764557217,0,-178515763766860,0,1591393293416,0,-5730486378,0,8887305,0,-5228,0,1 # block t=3626 q=12T56 r=12 k=0
35133630410340198577,0,-202755831116355589120,0,109102385607287396669,0,545469161217693303180,0,180223605305468489825,0,-14824660996965188448,0,-1078468951218628263,0,713513927614842,0,16098343627137,0,-4525205078,0,-60630671,0,150,0,1 # block t=3626 q=12T56 r=12 k=0
68275830400561,0,0,0,-181756913210661446,0,0,0,6986315642171980436,0,0,0,-108725712626392163,0,0,0,1925707302476,0,0,0,-6274546,0,0,0,1 # block t=3626 q=12T56 r=12 k=0
37607808556728017315443,0,31230054251627075446472,0,-111460729640946722980018,0,67719511027753852499046,0,-15132695668101207384565,0,1192740177594255143892,0,-10018141717063951128,0,-110137990931418726,0,-92536949085048,0,386512531822,0,-173181944,0,-14934,0,1 # block t=3626 q=12T56 r=16 k=0
4454982751573183614625,0,78119759220986341093950,0,430489991656796130540060,0,721769306329157512414542,0,-6959931961494148548532,0,-524509500594373893135300,0,95035825285811187975333,0,-158670263219792183922,0,96050116992292864,0,-25433787798462,0,2833383510,0,-96300,0,1 # block t=3626 q=12T56 r=16 k=0
1795465262817586423,0,1869727068456472876,0,-1236263233694017816,0,267686015193491238,0,-27286602746434421,0,1308696189838338,0,-20122262829885,0,-288210516422,0,4391902902,0,13732286,0,-192283,0,-76,0,1 # block t=3626 q=12T56 r=16 k=0
198833474833,0,-161420653450,0,-272917863876,0,375983302814,0,-182844798598,0,44784710656,0,-5716979857,0,316040812,0,1542446,0,-612616,0,-1994,0,180,0,1 # block t=3626 q=12T56 r=16 k=0
21306227432378468030248,0,670854764734917298561200,0,-285204750605811521514204,0,46091824219226740909500,0,-3470764619324489939676,0,115311824846601376812,0,-1076619383636475099,0,-5054971828962156,0,14293993256494,0,29764119978,0,-61988227,0,-1494,0,1 # block t=3626 q=12T56 r=16 k=0
23794560811626794565187,0,64913911767275692262008,0,-95575535035371739147254,0,47373320915026577477784,0,-11226881572963184965975,0,1295487339062875785828,0,-57833444609812099029,0,-106952916863821752,0,168920288764342,0,147105317198,0,-100146593,0,-7762,0,1 # block t=3626 q=12T56 r=16 k=0
8741442359656201,0,18140166201096004,0,8567726657473242,0,-2458421755017420,0,-1959292107427723,0,42063065224816,0,95078831121140,0,-3464399695344,0,48776979299,0,-333878868,0,1139723,0,-1772,0,1 # block t=3626 q=12T56 r=16 k=0
263875820775151304722477,0,-317287438372540972739676,0,-280573582538896483861366,0,446993672326690266163784,0,-110908843202266976021330,0,-2271916023983302384748,0,57273498271921369200,0,218851827542139404,0,-34969349063057,0,-367152244204,0,266508502,0,-54364,0,1 # block t=3626 q=12T56 r=16 k=0
13,0,182,0,-34911,0,-107830,0,1659396,0,333874,0,-4439849,0,-1394680,0,1130989,0,-157690,0,7858,0,-156,0,1 # block t=3626 q=12T56 r=16 k=0
949456499826853748759,0,2087526466177438651406,0,931761410213365448848,0,-360913105059072546200,0,-228591177949819416924,0,2807348197135560814,0,8391598084147606411,0,-55667904513658622,0,136500086868832,0,-153279036676,0,78335508,0,-15444,0,1 # block t=3626 q=12T56 r=16 k=0
26909348192286271778009,0,28137975805994379520196,0,-71804721221029869512790,0,44536356975276371482820,0,-12066980739418394085729,0,1434113690135965442952,0,-52490254201087091796,0,-165454441662645464,0,96032090639847,0,221156767796,0,-89441462,0,-10348,0,1 # block t=3626 q=12T56 r=16 k=0
72122277176574842383249,0,76105520312884171485414,0,-51108159415799489109439,0,11386066510926649925682,0,-1219908737189706784500,0,64582088455259627336,0,-1378807637542873936,0,963156932965242,0,16346068781641,0,-6386339278,0,-29745879,0,842,0,1 # block t=3626 q=12T56 r=16 k=0
370822289181298138625,0,-720035697466838557700,0,-778902193379076223310,0,3035353552791214227532,0,-2789870712108276524753,0,964549363154329315448,0,-81898789008282387652,0,-18011371333523208,0,261096342354223,0,16919786380,0,-119532110,0,-324,0,1 # block t=3626 q=12T56 r=16 k=0
15492701263067029,0,63591693912424184,0,-103047195330468586,0,58809657486525276,0,-16314545506958756,0,2237005991432332,0,-121223370099903,0,-241840090208,0,21366539448,0,1693768,0,-675582,0,16,0,1 # block t=3626 q=12T56 r=16 k=0
435396201357564297179,0,553722646738867765096,0,-2778507809534373224980,0,2928423165561797402450,0,-1308675597917910387907,0,246010015535864234382,0,-12121537602913685836,0,-106138244920743980,0,-79813392758950,0,230253131206,0,-43412764,0,-15428,0,1 # block t=3626 q=12T56 r=16 k=0
84498583615004501747671,0,-371404955522370374568856,0,661302300824756014567336,0,-605209838799113370448572,0,296022246367815226395964,0,-71536035135477233403196,0,6345583576513162956961,0,-16773992175590249836,0,16148113327779410,0,-6779507215822,0,1190077906,0,-62576,0,1 # block t=3626 q=12T56 r=24 k=1
59555003258806788011,0,-98643035531389800612,0,65358703254653727320,0,-22383200220352147482,0,4219078100734237813,0,-424437700706607298,0,19792812555872488,0,-296273882790144,0,1942444202382,0,-6131709450,0,9014896,0,-5204,0,1 # block t=3626 q=12T56 r=24 k=1
508877259687844080347077,0,-388059995587216261990024,0,30190504189091328140339,0,-1104220199581958208136,0,24327248312651004602,0,-356389289870689336,0,3636462828523265,0,-26336554671674,0,135254590520,0,-482294920,0,1136220,0,-1590,0,1 # block t=3626 q=12T56 r=24 k=1
88067334173,0,-326054696058,0,493838096577,0,-395220151348,0,181055165308,0,-48651239512,0,7738270302,0,-736736934,0,42035152,0,-1414728,0,26980,0,-264,0,1 # block t=3626 q=12T56 r=24 k=1
3420390422424661,0,-8000428329719168,0,7350010470350044,0,-3406212933047126,0,858255677697690,0,-118500377468382,0,8655059763652,0,-315118279326,0,6095261958,0,-64524048,0,363861,0,-986,0,1 # block t=3626 q=12T56 r=24 k=1
2740506004389501650701,0,-4297610064773933759208,0,2312116648355730723388,0,-599133985772877886772,0,82291977967190154702,0,-5955796850490999176,0,207466177016099350,0,-2950473789339508,0,16155266314809,0,-34026608892,0,29816742,0,-10384,0,1 # block t=3626 q=12T56 r=24 k=1
13876516896745659391375,0,-17732148404197225472600,0,8641390109220178579570,0,-2111765010928507488112,0,277715616108945089237,0,-19099748623248400808,0,591420897610418379,0,-5242621459974616,0,19887419447130,0,-35910899266,0,29860391,0,-9518,0,1 # block t=3626 q=12T56 r=24 k=1
10930831106191571202048,0,24864374342131803113472,0,11864911022573920207872,0,-7673205944757096951808,0,-9487081042693639297280,0,-3633266626376522410624,0,-617160254953123142976,0,-37876736252167397056,0,352460336545582992,0,-475021123967096,0,173151134884,0,-1159050,0,1 # block t=3627 q=12T6 r=12 k=1
4752957600597569536,0,-101751809072866163712,0,235882416653279864832,0,2589203486546339011136,0,2566647428984621603136,0,659978857596006677556,0,17154256637629019709,0,-641351412417702744,0,2676365342631135,0,-2311295094946,0,6161184,0,31344,0,1 # block t=3627 q=12T6 r=12 k=1
3951369554307800576,0,44238583856895705984,0,4584619365271169504,0,-3719591029593783288,0,327708930397511740,0,2025513253136310,0,-647715065132365,0,2873632753374,0,329363143239,0,-1039061710,0,-12371735,0,-11022,0,1 # block t=3627 q=12T6 r=12 k=1
12151259733142299526441,0,14865135917944194935211,0,1035571839572957907600,0,-72864951710786817439,0,-1631763004549790997,0,165955762705062645,0,-3757933441416342,0,32729091050619,0,-19845480033,0,-1256592448,0,4577010,0,4644,0,1 # block t=3627 q=12T6 r=12 k=1
3537096434089,0,0,0,-15107524500496888336,0,0,0,43588201943915910226755,0,0,0,-6406612024193690485477,0,0,0,8835464476688748,0,0,0,-1223367601,0,0,0,1 # block t=3627 q=12T56 r=12 k=1
200704,0,45860864,0,-24631799808,0,-620986179072,0,5224691413760,0,127067677840768,0,-444617596098304,0,-606596103435680,0,-787949870672,0,71925288896,0,-265118496,0,-14400,0,1 # block t=3627 q=12T6 r=12 k=1
38499978536234407,0,84744126751886547,0,-27098641020330258,0,2598877316421860,0,-33288761659167,0,-8332363079145,0,406424482611,0,766780821,0,-328654035,0,1501988,0,82290,0,537,0,1 # block t=3627 q=12T6 r=12 k=1
4096,0,0,0,-363520,0,0,0,244992,0,0,0,-52416,0,0,0,3856,0,0,0,-108,0,0,0,1 # block t=3627 q=12T6 r=12 k=1
6757463423961803323,0,9385709764079563802,0,-2685369106208566877,0,3512006778992554,0,60998844640721028,0,-7283251087804242,0,327862346409871,0,-3288054806550,0,-159249481500,0,2846057336,0,23332650,0,22060,0,1 # block t=3627 q=12T6 r=12 k=1
1050911159705013952,0,1262923920701124608,0,-5624487855363876224,0,4613626504820038256,0,-1011371767382928592,0,-204904206774620248,0,61728766586532723,0,6018483196509272,0,121268176894015,0,-220225019352,0,-1633078707,0,840,0,1 # block t=3627 q=12T6 r=12 k=1
8410173825901763384,0,25866747559232139252,0,13803386255536390310,0,2177413492221264619,0,50692645534010669,0,-14144041000087775,0,-1011730884553536,0,-7738574738230,0,533149904161,0,-3934636887,0,9161515,0,-6624,0,1 # block t=3627 q=12T6 r=12 k=1
40282809286915269487,0,65481516921980416894,0,-12647960073039856299,0,768761355548240298,0,-7072778829298066,0,-1055183030150172,0,41127060155546,0,-364175361922,0,-5123618058,0,49904252,0,554218,0,1480,0,1 # block t=3627 q=12T56 r=12 k=1
1058583765625,0,0,0,-11571339898273738750,0,0,0,1940747156662265690175,0,0,0,-2522866031281682351748,0,0,0,12033474407837671,0,0,0,-436995102,0,0,0,1 # block t=3627 q=12T6 r=12 k=1
299159552,0,19458570240,0,-19408249233024,0,-24026919262880,0,-223351931275,0,1455028289936,0,111249185073,0,-5908086364,0,-100882408,0,3531568,0,22025,0,-388,0,1 # block t=3627 q=12T6 r=12 k=1
23699919315548736,0,368496541055006208,0,748868198337973440,0,-600069554450053488,0,94141906265470680,0,618160845494406,0,-267051554616113,0,-3215795694992,0,96208479301,0,757089638,0,-3845039,0,3261,0,1 # block t=3627 q=12T6 r=12 k=1
1493051456,0,3474008512,0,3770647488,0,2481332192,0,1132537568,0,392208736,0,103286784,0,19865208,0,2782336,0,285624,0,18002,0,344,0,1 # block t=3629 q=12T56 r=0 k=2
19631221,0,50046698,0,63882842,0,52760686,0,30244344,0,12395420,0,3690953,0,802294,0,126324,0,14064,0,1054,0,48,0,1 # block t=3629 q=12T56 r=0 k=2
5481227803521120463,0,-1413841986405977597,0,417334435988821437,0,-67067368163188771,0,8486447397060770,0,-434404736290280,0,26953428926201,0,-1072337533386,0,32304860688,0,349288716,0,3232170,0,-2219,0,1 # block t=3629 q=12T7 r=0 k=2
36560897766297,0,-115481097440676,0,106076383004250,0,-6042942346500,0,113978217375,0,-64770643383048,0,64379937959180,0,-25302101374824,0,4500865163175,0,-35415706580,0,138128826,0,16620,0,1 # block t=3629 q=12T7 r=0 k=2
111,0,-639,0,1836,0,-3585,0,5379,0,-6462,0,6052,0,-4179,0,2034,0,-673,0,144,0,-18,0,1 # block t=3629 q=12T7 r=0 k=2
10301611392025774723657,0,22819621537838107176936,0,18392779961972019248814,0,6856439738625842251914,0,1201566707909995121317,0,87194088922512322362,0,2034275163907111202,0,16025215193490444,0,55688618485602,0,90503818422,0,64314972,0,14796,0,1 # block t=3629 q=12T56 r=0 k=2
462918879289,0,-1670506456872,0,2352554200848,0,-1573497089356,0,464165846343,0,-43239931740,0,7844127378,0,-273185064,0,34137459,0,3470,0,-303,0,-12,0,1 # block t=3629 q=12T56 r=0 k=2
391920367,0,956338022,0,1001336800,0,630903346,0,270796840,0,83802460,0,19171383,0,3252748,0,402824,0,35114,0,2020,0,68,0,1 # block t=3629 q=12T56 r=0 k=2
8272568116342159483,0,9211684406225620844,0,1745612876123955671,0,161315197491539344,0,9118984448020790,0,346478500119818,0,9254927228581,0,177040062048,0,2423233125,0,23246474,0,148812,0,572,0,1 # block t=3629 q=12T56 r=0 k=2
21402913971505120069,0,4019064510340735605,0,301402188510878724,0,28078822361826976,0,4579403800228254,0,431536095431280,0,21760159062363,0,609616246554,0,9358479090,0,80780065,0,577485,0,465,0,1 # block t=3629 q=12T7 r=0 k=2
53217,0,-206307,0,247131,0,-24597,0,-101871,0,6669,0,27163,0,-7914,0,6513,0,74,0,-75,0,-3,0,1 # block t=3629 q=12T7 r=0 k=2
5021673261221,0,11712682700488,0,10669087812538,0,4922815462740,0,1226105913677,0,156602335456,0,7417042886,0,-218326724,0,-16966830,0,809900,0,22884,0,84,0,1 # block t=3629 q=12T7 r=0 k=2
15890662417,0,55986777014,0,81783114301,0,64522504334,0,30137460668,0,8646052250,0,1544069015,0,172533056,0,12057505,0,519434,0,13222,0,180,0,1 # block t=3629 q=12T56 r=0 k=2
6240193,0,17707452,0,24643839,0,22465268,0,14657112,0,7011816,0,2466643,0,633780,0,116827,0,14896,0,1224,0,56,0,1 # block t=3629 q=12T56 r=0 k=2
4690310969,0,9966427716,0,9377464978,0,5201126252,0,1901732745,0,484268764,0,88243302,0,11611600,0,1096406,0,72520,0,3192,0,84,0,1 # block t=3629 q=12T56 r=0 k=2
4491697941201857751,0,36039457690019595810,0,18815277517516018782,0,3928904698368882402,0,389246461728522840,0,16143683764092948,0,6001597833939,0,-10363040426214,0,147117713184,0,-835184520,0,2190438,0,-2490,0,1 # block t=3629 q=12T56 r=12 k=1
21012889508893451,0,-12818223105149592,0,-174948176625361568,0,121518134170680624,0,14925483043812692,0,-12144487565050958,0,-1553854643880851,0,41430602404516,0,-59050451092,0,-1261365188,0,-1156446,0,2032,0,1 # block t=3629 q=12T56 r=12 k=1
220309129069806049,0,0,0,-1773678640509400450,0,0,0,3152245352158822374,0,0,0,-1335108162153223046,0,0,0,16695224897200,0,0,0,-30035771,0,0,0,1 # block t=3629 q=12T56 r=12 k=1
279390641059385885119,0,582953150605328508062,0,208364289494556231076,0,30173741613792082754,0,1982495618379539329,0,45311853248690054,0,-661359544015192,0,-22133570750676,0,431856195902,0,-2747277000,0,6895356,0,-4806,0,1 # block t=3629 q=12T56 r=12 k=1
84157592029301,0,39275287373588,0,-265972930272875,0,-116086531791026,0,156634077648926,0,53544571919924,0,-17429207230043,0,-225294724554,0,6813305469,0,31224676,0,-462950,0,-156,0,1 # block t=3629 q=12T56 r=12 k=1
2216515562409919,0,6289674111572294,0,3628515032870693,0,833765789168010,0,72554833108462,0,-1212916782924,0,-444978141243,0,-1793220310,0,917292939,0,-22895090,0,213122,0,-794,0,1 # block t=3629 q=12T56 r=12 k=1
309997037453108639740561,0,0,0,-956145980040049491708834,0,0,0,494436089953246046244947,0,0,0,-13804909720768187029681,0,0,0,12926394694594260,0,0,0,-1349383937,0,0,0,1 # block t=3629 q=12T56 r=12 k=1
253009,0,0,0,-272362733945911466,0,0,0,986714016078700529104708,0,0,0,-44761651757235471201892,0,0,0,26079312296824926,0,0,0,-1779689867,0,0,0,1 # block t=3629 q=12T56 r=12 k=1
205432296797,0,2282663383000,0,2698708854303,0,1202815280696,0,209901690412,0,977437092,0,-2891920007,0,-12404544,0,20040481,0,-1118292,0,25672,0,-264,0,1 # block t=3629 q=12T56 r=12 k=1
100315443394013939,0,-211986589170719090,0,-12971869289528965186,0,78233578622719497566,0,-135856297035769365335,0,33381396710070864698,0,39086578475990717678,0,331447132258943644,0,-6848442691592895,0,-3620149843164,0,-90618131,0,64168,0,1 # block t=3629 q=12T56 r=12 k=1
42642041489357892707161,0,0,0,-137996237325814666850720,0,0,0,88340277102251679240805,0,0,0,-12401572149014825923902,0,0,0,12346825163018205,0,0,0,-1339210289,0,0,0,1 # block t=3629 q=12T56 r=12 k=1
324708623330074201,0,0,0,-2268930346665540070,0,0,0,3188698138350690110,0,0,0,-1144739914361008238,0,0,0,15544348869164,0,0,0,-29623679,0,0,0,1 # block t=3629 q=12T56 r=12 k=1
239673431656,0,-2506469692992,0,-8444525547840,0,-5876505265748,0,671344338114,0,404247866868,0,-6806813097,0,-1759879242,0,5224185,0,1485598,0,-13056,0,-150,0,1 # block t=3629 q=12T56 r=12 k=1
86735053,0,51551604,0,-1668144755,0,-861908198,0,3368520086,0,1301311532,0,5855780,0,-33268744,0,-2484095,0,63092,0,5209,0,-156,0,1 # block t=3629 q=12T56 r=12 k=1
1189306901,0,33392072426,0,-188493963685,0,-279831177980,0,-122535162423,0,-16101566866,0,1790008367,0,524614542,0,12479433,0,-1952732,0,47839,0,-414,0,1 # block t=3629 q=12T56 r=12 k=1
115483479469240644704627,0,264913956079631216968896,0,147367194767765819394392,0,-40858107557047233085686,0,-44102401404863474617464,0,-5067379684691032844666,0,149411485312838354081,0,-1178626122609949778,0,3373872219092116,0,-2947674003814,0,896770199,0,-64288,0,1 # block t=3629 q=12T56 r=16 k=1
83855317,0,-52721942,0,-103378527,0,87583866,0,18002996,0,-30968838,0,5170375,0,1544720,0,-324211,0,-22858,0,3630,0,-116,0,1 # block t=3629 q=12T56 r=16 k=1
2205765211889861,0,4052642352643652,0,-14684606938577006,0,14173438366491732,0,-6350294934212228,0,1385463696509060,0,-121330551347431,0,547308440072,0,19945352556,0,-51681968,0,-657158,0,224,0,1 # block t=3629 q=12T56 r=16 k=1
2550302814185287,0,4681645505390798,0,-2664565816069703,0,282246377095192,0,-690057904464,0,-1260029787040,0,66937317538,0,-930949760,0,-22774267,0,824114,0,-4751,0,-92,0,1 # block t=3629 q=12T56 r=16 k=1
105645347404451669172709,0,163696454439943234224142,0,64352873896979931553,0,-469160532533096162812,0,17471553484601773474,0,-290129382218299170,0,2559411325033773,0,-11407497513420,0,12516588154,0,92663302,0,-301535,0,-92,0,1 # block t=3629 q=12T56 r=16 k=1
78672076670029527097,0,272340208114150528674,0,280703535752967449283,0,17710485226702201142,0,-100807699377200371385,0,-23529723351716786156,0,8307580422156221976,0,-54169633799228636,0,132824504202157,0,-150014940250,0,77381628,0,-15300,0,1 # block t=3629 q=12T56 r=16 k=1
62081540915381,0,50368028154288,0,-67888489644768,0,26933006321468,0,-5407310966950,0,607684469884,0,-36806069854,0,872043244,0,16419449,0,-973120,0,-1238,0,228,0,1 # block t=3629 q=12T56 r=16 k=1
4025763905341404428111,0,102720263679354916401716,0,-413761083060803561170304,0,584133126542181727111832,0,-380910731745156855474491,0,116331799020674683173098,0,-13442575895048362052640,0,1112911381402162234,0,12782604388146518,0,-313460234520,0,-1348099056,0,842,0,1 # block t=3629 q=12T56 r=16 k=1
28289745671175608667921,0,88319298661553440671588,0,-16619105801169083470302,0,1203592595901291479178,0,-42156984369697975125,0,683050587384853008,0,-2609327127686868,0,-42135613778538,0,221954715918,0,614514330,0,-3322890,0,-162,0,1 # block t=3629 q=12T56 r=16 k=1
627443506054122469666816,0,848491318279663053471744,0,-858072200884323584073728,0,276167537508895636279296,0,-41697358591865454531584,0,3017759736001840236288,0,-83649159803300797376,0,-12677296790495232,0,263981071550400,0,7182106080,0,-119700184,0,-72,0,1 # block t=3629 q=12T56 r=16 k=1
252306221539681,0,273338684668672208,0,80572759308004620640,0,4871561211474061593080,0,69068417430634667413420,0,-45454264468707391862726,0,7109003842709427442589,0,-18841999492929472622,0,17744281249303164,0,-7242209504036,0,1226995732,0,-64108,0,1 # block t=3629 q=12T56 r=16 k=1
111609437901367,0,-115785477712212,0,-55621945318919,0,122370019336062,0,-60720978276483,0,11958101956080,0,-718777835808,0,-12889646714,0,457440767,0,2565678,0,-64610,0,-56,0,1 # block t=3629 q=12T56 r=16 k=1
254363676278350401,0,0,0,-303391910060088688314,0,0,0,5799829999983182543142,0,0,0,-868134127666774913406,0,0,0,1280010993120216,0,0,0,-267188103,0,0,0,1 # block t=3630 q=12T56 r=12 k=0
8509622227081211041,0,0,0,-26667192983490031635,0,0,0,2954669614835401150,0,0,0,-5988457579538683,0,0,0,279865383240,0,0,0,-3348882,0,0,0,1 # block t=3630 q=12T56 r=12 k=0
2401,0,0,0,-7076810339445,0,0,0,2559197982807012498,0,0,0,-660837399602931929085,0,0,0,2258818930785058,0,0,0,-708829589,0,0,0,1 # block t=3630 q=12T56 r=12 k=0
148897310058419526577,0,-33813153904448314146,0,-1009059849738123888631,0,226989004760832705570,0,1072783947141398666856,0,-231598892723523474534,0,-17442118262406164865,0,125566364072026080,0,-73915174830767,0,-240983462058,0,-45838978,0,15468,0,1 # block t=3630 q=12T56 r=12 k=0
17608187549,0,-388453438756,0,-679286333985,0,207010189392,0,502720070290,0,129916330524,0,-6593705983,0,-1008619806,0,5309232,0,1142240,0,-11976,0,-138,0,1 # block t=3630 q=12T56 r=12 k=0
3840528703312456423801,0,0,0,-55865943406488880723227,0,0,0,39791467154770677051654,0,0,0,-50615896326978587475,0,0,0,214005352753984,0,0,0,-226792906,0,0,0,1 # block t=3630 q=12T56 r=12 k=0
1036324864,0,0,0,-6284764160,0,0,0,5499711744,0,0,0,-262359040,0,0,0,1450432,0,0,0,-2420,0,0,0,1 # block t=3630 q=12T56 r=12 k=0
1806935473729,0,0,0,-4857394724560706,0,0,0,231655970072273181,0,0,0,-1101226941387053326,0,0,0,15241519564258,0,0,0,-29482508,0,0,0,1 # block t=3630 q=12T56 r=12 k=0
212521,0,0,0,-1310101795127,0,0,0,16896149489124578,0,0,0,-3846668903868132,0,0,0,225065134960,0,0,0,-2305582,0,0,0,1 # block t=3630 q=12T56 r=12 k=0
2693511080110124569,0,10627723434370007292,0,5052524541915184302,0,-673107111279793822,0,27720232408091961,0,-306743925645468,0,-7309391171034,0,186828527502,0,-86957622,0,-24052666,0,82560,0,798,0,1 # block t=3630 q=12T56 r=12 k=0
497262392983161,0,0,0,-589815738521455095,0,0,0,10392806831590228032,0,0,0,-120018836094643800,0,0,0,2030657167575,0,0,0,-6373107,0,0,0,1 # block t=3630 q=12T56 r=12 k=0
315169009,0,0,0,-193090139981718111,0,0,0,8149910062764334913791,0,0,0,-7001230786845745054156,0,0,0,9184761978477408,0,0,0,-1231892983,0,0,0,1 # block t=3630 q=12T56 r=12 k=0
9373886919399639839497,0,91049389038080224159344,0,43896980483154924096435,0,5861516287024482452520,0,322104854202853153289,0,6792898770766152844,0,-4092027809155223,0,-1082488115288444,0,8174760827249,0,-23673299900,0,28228113,0,-9684,0,1 # block t=3630 q=12T56 r=12 k=0
1053200444268356383,0,920443681506611236,0,-9868137989138981412,0,-6558352011839311120,0,10084592926694440828,0,284773225870843086,0,-1201822280443843479,0,840031384963064,0,15817459031968,0,-3617877236,0,-29762246,0,300,0,1 # block t=3630 q=12T56 r=12 k=0
497262392983161,0,0,0,-279850519002773572191,0,0,0,154294192339706122919514,0,0,0,-1267512362701390963584,0,0,0,1554386038399512,0,0,0,-281346066,0,0,0,1 # block t=3630 q=12T56 r=12 k=0
14726403817547346307069,0,326576535541164120817232,0,-325050563660979447230196,0,125854302479207902036270,0,-23953756906976281259852,0,2239155247851522932004,0,-81795596866681741653,0,-18366890454174452,0,261245940066460,0,15036947210,0,-119542928,0,-276,0,1 # block t=3630 q=12T56 r=16 k=0
27317417118237145381,0,24276040458863910138,0,-168013529080859817786,0,-367094149343727733598,0,-260468334990108485190,0,-49242356251643316258,0,9045812837837598684,0,-58029093860562288,0,140096398206663,0,-155715972158,0,79021098,0,-15456,0,1 # block t=3630 q=12T56 r=16 k=0
71026792050236191,0,126196634259240870,0,35346293650400958,0,-32592311423197546,0,-12618081785247102,0,1922768738544834,0,756924662009697,0,-20367100007928,0,205622033382,0,-996953554,0,2386662,0,-2574,0,1 # block t=3630 q=12T56 r=16 k=0
9843365475850339077659,0,174666776069507861798946,0,-123894936128860916816503,0,34568991982037208629928,0,-4798772064177170070875,0,332247175365991475520,0,-9193411724200406968,0,284521210105516,0,54084878141897,0,-3025017220,0,-48738716,0,228,0,1 # block t=3630 q=12T56 r=16 k=0
1779326227,0,1199434698,0,-4194984759,0,2659294224,0,-596304168,0,-2476260,0,18753098,0,-1720872,0,-114651,0,18330,0,-215,0,-36,0,1 # block t=3630 q=12T56 r=16 k=0
9512450894367393869603,0,28094669443057059138282,0,-53529294810746849993542,0,33426509408547437976912,0,-9903634057079256523874,0,1421427168118944673144,0,-79232542718144897334,0,-982081628147918,0,257416840003482,0,-2045576646,0,-119159285,0,88,0,1 # block t=3630 q=12T56 r=16 k=0
9762398443395921967,0,240757130240558389738,0,-434394787808800713377,0,-3011689983116974811784,0,-3082521206325981118081,0,31790901205481280178,0,755675175098316554966,0,-3100301241739346424,0,4523439371038325,0,-2811267356674,0,710091262,0,-48880,0,1 # block t=3630 q=12T56 r=16 k=0
1442584778003158358401,0,2932421982482736657158,0,-673531220774032587897,0,60119298991671411100,0,-2710265176183130139,0,62728844814782846,0,-590156049784701,0,-1822185042778,0,56017578477,0,-69724296,0,-1360037,0,678,0,1 # block t=3630 q=12T56 r=16 k=0
367653084863897,0,-890621877109048,0,-7111848876820772,0,-11745416094228382,0,-7005015448239644,0,-600565300537484,0,474804142466143,0,-37050280125616,0,750057356980,0,-3770678678,0,7287088,0,-5456,0,1 # block t=3630 q=12T56 r=16 k=0
168460658953154324465827,0,729243505985365536484896,0,-704915105449403910720956,0,243290932671062286324232,0,-39521979995426235951872,0,3014158142616109817438,0,-84313886216058531067,0,-16022806667940964,0,264845377408432,0,10439990076,0,-119759998,0,-124,0,1 # block t=3630 q=12T56 r=16 k=0
31207561237425075654941,0,-58128590874016922776820,0,38559545126993409504122,0,-11723677767357568326822,0,1694766300859196893017,0,-107770658326130102822,0,2241543109614182682,0,-17121164338769420,0,58657974150338,0,-93636593478,0,65208384,0,-14904,0,1 # block t=3630 q=12T56 r=24 k=0
11805163091691875857,0,-26410224336695705940,0,23625165914308769734,0,-10784328007315326226,0,2652606451993486884,0,-338401709237220496,0,19090470314035000,0,-292313138281454,0,1924283851941,0,-6086159250,0,8985684,0,-5192,0,1 # block t=3630 q=12T56 r=24 k=0
116156994381,0,-460249428798,0,488830118157,0,208683416360,0,-674220668391,0,337610917132,0,17629141592,0,-34681192151,0,223356069,0,37609467,0,-548723,0,-493,0,1 # block t=3631 q=12T6 r=16 k=0
302653471977,0,-192428725800528,0,-188534453406201567,0,963043679783907972,0,-1168232162489211222,0,364211452129054842,0,40841019604036801,0,-724571031287322,0,2588368622688,0,-225097082,0,-4838742,0,-90,0,1 # block t=3631 q=12T6 r=16 k=0
59062913183688053681,0,435975677872867400298,0,-215565489711676931849,0,-533823017863816234779,0,-103580889794295451961,0,55987017445733496427,0,11130214085780344925,0,-1346517382092091244,0,8115624129675180,0,-15700355880527,0,9869865368,0,-217801,0,1 # block t=3631 q=12T6 r=16 k=0
78552633901573,0,2330028033782384,0,6982875816726259,0,6177147776918234,0,354390893424963,0,-935257143984598,0,134137381439354,0,-4148831276800,0,54758757655,0,-359876732,0,1191180,0,-1816,0,1 # block t=3631 q=12T56 r=16 k=0
766310904953192549,0,8873409011247036962,0,-7626064701897511865,0,1784745863494605190,0,-52743709308194874,0,-14477641301570466,0,257810750224961,0,8213825664382,0,-26094686892,0,-523595872,0,2971456,0,-4548,0,1 # block t=3631 q=12T56 r=16 k=0
14047763270943832671,0,528011588023783916058,0,-67080471765702865425,0,3067480639507694430,0,-44797789591088871,0,-909570360645720,0,40004554991224,0,-408807645147,0,-1370727111,0,43358425,0,-140865,0,-249,0,1 # block t=3631 q=12T6 r=16 k=0
2013470449621481,0,2637663829098654,0,-1013761271364922,0,67245301390042,0,16082434751775,0,-3187290097668,0,227917086564,0,-7025540700,0,43524279,0,1825350,0,-18666,0,-94,0,1 # block t=3631 q=12T6 r=16 k=0
46708416506826752,0,46353293929033728,0,-4822782901163008,0,-653433054737408,0,86546318333440,0,320536700672,0,-393808251200,0,16699119488,0,-83926912,0,-8135488,0,155880,0,-732,0,1 # block t=3631 q=12T6 r=16 k=0
59769089309053252813,0,-289628642647271337156,0,440346331823794091610,0,35146162050346788826,0,-843406605286400252636,0,1005514496387348632253,0,-503776373000723464811,0,96098333483524156946,0,-61992845229141371,0,-271382057776236,0,-125039708809,0,395221,0,1 # block t=3631 q=12T6 r=16 k=0
3882088714249025491,0,558688774190775972,0,-9303457566754157209,0,1661019483623807082,0,2665506646781412801,0,-54069723208475220,0,-127972676024103807,0,4184342605271202,0,-34811006223407,0,37038977598,0,46721703,0,-17160,0,1 # block t=3631 q=12T6 r=16 k=0
9224221184,0,182677296640,0,-269141566208,0,132379425536,0,-15958382496,0,-8054489248,0,3299491872,0,-466123312,0,23159732,0,163972,0,-10794,0,-10,0,1 # block t=3631 q=12T6 r=16 k=0
13375017286548918461,0,79103989150292902858,0,-37899277251804875853,0,6763399852428880920,0,-560145155348673759,0,19847255216500434,0,-104645333517173,0,-5914799294054,0,22035858297,0,317773840,0,-1353605,0,-570,0,1 # block t=3631 q=12T56 r=16 k=0
452902904543945024,0,691927723545654960,0,103788723865017068,0,-81585435279125431,0,-14605756520108431,0,2883919872268793,0,355996854397170,0,-37890755265236,0,686126909671,0,-4124751873,0,9108061,0,-6558,0,1 # block t=3631 q=12T6 r=16 k=0
275005545336951965341,0,2280147804410145859475,0,1813775201174198382062,0,213920414164887556984,0,-64148315360981130625,0,-8070783784626084423,0,436131040504778429,0,-5682026029441303,0,30741545462685,0,-77209907708,0,89708604,0,-39461,0,1 # block t=3631 q=12T6 r=16 k=0
46742235453511124924629,0,12471225675229278724980,0,-197372535720160309471599,0,241939408396605842843320,0,-123895249768920592743561,0,27283523324184598510746,0,-1103941432565226385122,0,-295219278168601503087,0,-72055112826302433,0,399181729203265,0,-146143747743,0,-418245,0,1 # block t=3631 q=12T6 r=16 k=0
9050296037,0,-14447410620,0,5490642278,0,753400552,0,-340868160,0,-99752442,0,26180084,0,3350364,0,-811140,0,-81762,0,18143,0,-282,0,1 # block t=3632 q=12T56 r=8 k=2
25558148103670909,0,-29924272311643246,0,8695584265555603,0,1352937471402140,0,-803884783593784,0,-11476350800,0,24401738354301,0,-101435113046,0,-6469124672,0,22626664,0,368302,0,-2191,0,1 # block t=3632 q=12T7 r=8 k=2
207575417,0,-629876576,0,831170046,0,-628633754,0,303238271,0,-98601412,0,22344428,0,-3596578,0,412686,0,-33354,0,1828,0,-62,0,1 # block t=3632 q=12T7 r=8 k=2
39958249843,0,-48275871866,0,16231246386,0,-1046610658,0,-934406848,0,283061784,0,-4438568,0,-13505298,0,3313790,0,-361486,0,17529,0,-242,0,1 # block t=3632 q=12T56 r=8 k=2
1087756514629821,0,-1214069016507966,0,465720994224201,0,-95416292663726,0,12264494521688,0,-1067996949442,0,65495802795,0,-2874304604,0,90094593,0,-1974922,0,28822,0,-252,0,1 # block t=3632 q=12T56 r=8 k=2
12987367288842196655371,0,230162131806194735933352,0,752855925466634023730729,0,917916509530760327963494,0,450971760412362612692708,0,57338470508080385979292,0,-9638920926463053563100,0,-12208872215611533182,0,8398620334853738,0,3938241265182,0,-1271363668,0,-15456,0,1 # block t=3632 q=12T56 r=8 k=2
1908173,0,-6586636,0,8323322,0,-4297440,0,468236,0,165088,0,43869,0,-15540,0,-3824,0,-532,0,266,0,-56,0,1 # block t=3632 q=12T56 r=8 k=2
6600721,0,-12210386,0,21121649,0,-24080100,0,11589191,0,-7475122,0,2350522,0,1175432,0,792401,0,142402,0,22306,0,-456,0,1 # block t=3632 q=12T56 r=8 k=2
1631489872117,0,-2408867038872,0,1462947054450,0,-501273011848,0,110249889561,0,-16630412148,0,1782372642,0,-137862108,0,7689942,0,-303568,0,8100,0,-132,0,1 # block t=3632 q=12T7 r=8 k=2
1024090887483,0,-1912751779320,0,1297565327448,0,-476345535128,0,110189418835,0,-17295833640,0,1912887452,0,-151401094,0,8557131,0,-338118,0,8891,0,-140,0,1 # block t=3632 q=12T56 r=8 k=2
7955785408188934081,0,-24742383004426418617,0,32661308625032025427,0,-23554332182488509230,0,9960262416554754186,0,-2455485120778123645,0,324904894709714721,0,-17732144675077159,0,21632157580380,0,-15521861676,0,9766612,0,-2740,0,1 # block t=3632 q=12T7 r=8 k=2
475348341694603,0,-561758210881400,0,228271985261797,0,-49869421267430,0,6875198895961,0,-644919634366,0,42720765032,0,-2027519474,0,68703052,0,-1624774,0,25483,0,-238,0,1 # block t=3632 q=12T56 r=8 k=2
1114362067,0,5054979748,0,8832061588,0,7287920198,0,2639600681,0,127240430,0,-144795385,0,-30567066,0,-1556246,0,67960,0,4043,0,-144,0,1 # block t=3632 q=12T56 r=8 k=2
2800121107208862687928,0,4899798346298796772528,0,1488219341462904561472,0,62850385491745356748,0,283089370520952470,0,-29377803961492492,0,-534013593139365,0,373581138706,0,87695262889,0,791711956,0,1799725,0,-3198,0,1 # block t=3632 q=12T56 r=8 k=2
118778714119378882073651,0,-99015236470045178611030,0,8545363905519788742937,0,-344075635769974954540,0,8268047332606026433,0,-130835003531395340,0,1429616611014862,0,-11037425185760,0,60735350126,0,-237597850,0,647203,0,-1140,0,1 # block t=3632 q=12T56 r=8 k=2
283127959406622924503,0,835527207365847118668,0,552124599188308651274,0,-483908986895917856132,0,-656293958631166473532,0,-131409984357916303424,0,41063522095088875334,0,-193080336185493424,0,-6962660120889296,0,3622819082814,0,-86604021,0,-64252,0,1 # block t=3632 q=12T56 r=12 k=0
52154676063256742347,0,134589021460660056278,0,43124055167006664789,0,-60739736037249231716,0,-14928555201329907843,0,10160433925483331594,0,-614058732156499245,0,-1585526798297700,0,11187664480819,0,14417458606,0,-58141621,0,-912,0,1 # block t=3632 q=12T56 r=12 k=0
2453664153158443,0,255268909634749392,0,151367890776494952,0,-496104989231004872,0,134553438649483506,0,28286508188246400,0,-1999605537613425,0,-6677758247922,0,146638764162,0,212243152,0,-2813055,0,-150,0,1 # block t=3632 q=12T56 r=12 k=0
296997279164881,0,0,0,-377625115456471987259,0,0,0,496376425991360674492099,0,0,0,-15797974848360283868688,0,0,0,13767793042070604,0,0,0,-1366737311,0,0,0,1 # block t=3632 q=12T56 r=12 k=0
3644398949668232096999,0,134281736467372379234314,0,97539816768120140830332,0,27717669501379450625514,0,3832789452358302839373,0,254488907150118902724,0,5936036190919404982,0,-48279259797370152,0,126944291644467,0,-147855561048,0,77117687,0,-15372,0,1 # block t=3632 q=12T56 r=12 k=0
887879625504855143537,0,2041138245335374199196,0,1682145441772107065151,0,681321770097074168582,0,146646911882148629043,0,15927608888444965102,0,638682058627669426,0,-7164350259687894,0,27053857635682,0,-45875992952,0,35204513,0,-10324,0,1 # block t=3632 q=12T56 r=12 k=0
356114641,0,0,0,-195264596610324,0,0,0,102130617421942874,0,0,0,-2498065702105014,0,0,0,134702954173,0,0,0,-1439226,0,0,0,1 # block t=3632 q=12T56 r=12 k=0
54846361249,0,0,0,-67406799018934,0,0,0,1400329710428550,0,0,0,-81180099593502,0,0,0,15759635380,0,0,0,-570091,0,0,0,1 # block t=3632 q=12T56 r=12 k=0
3591244069130955601,0,0,0,-87422651833155375373,0,0,0,312083324097928900293,0,0,0,-78445880905107340388,0,0,0,256362422857840,0,0,0,-119097593,0,0,0,1 # block t=3632 q=12T56 r=12 k=0
1874149498109,0,-7138624517066,0,-7774402896309,0,30588469834238,0,17407921469391,0,-5408818815846,0,-1009857198980,0,-1081570366,0,539226551,0,998368,0,-66674,0,-60,0,1 # block t=3632 q=12T56 r=12 k=0
94544190241943451857,0,408810498924211617486,0,284816157122578525883,0,80748849107382874652,0,11017435465270728330,0,688917135606937866,0,11452119039339124,0,-331463174889256,0,2378735383774,0,-7339001408,0,10188576,0,-5528,0,1 # block t=3632 q=12T56 r=12 k=0
356114641,0,0,0,-411396947511,0,0,0,6888918809856,0,0,0,-241125613064,0,0,0,186518919,0,0,0,-35431,0,0,0,1 # block t=3632 q=12T56 r=12 k=0
49683267347849689,0,3958090399512678014,0,3402377413103933079,0,1147310320498282826,0,185654738991903009,0,13518113072178162,0,207502243476844,0,-12804015433776,0,159093355830,0,-860800020,0,2211913,0,-2494,0,1 # block t=3632 q=12T56 r=12 k=0
145973704008901,0,1097175913482276,0,1159581912150810,0,498899724136084,0,98993308771631,0,7154281153890,0,-243762793512,0,-29938558782,0,1565118355,0,-28663430,0,234687,0,-818,0,1 # block t=3632 q=12T56 r=12 k=0
28397858502935620038677,0,92909614580859099250658,0,21095727712281570365368,0,-1371607595775484701842,0,27975586523641009845,0,-149148876632958402,0,-2129201035981464,0,28367070518480,0,-25120183492,0,-948870876,0,2976738,0,3918,0,1 # block t=3632 q=12T56 r=12 k=0
3288272743,0,9143368150,0,-24843893711,0,-98280222040,0,-90051760008,0,-10239959016,0,10614307906,0,-1600342800,0,101163261,0,-3112718,0,48633,0,-364,0,1 # block t=3632 q=12T56 r=16 k=0
507474537579004543891,0,1648317509695306850400,0,1529360693157330076379,0,-144155794972732364380,0,-737425797973330505828,0,-122175339180441854376,0,82082641125824420224,0,-493305309107833456,0,996755027821598,0,-848584858982,0,291777324,0,-32276,0,1 # block t=3632 q=12T56 r=16 k=0
1495647378953607061,0,1283986061746106628,0,-3972643570113509102,0,2744333375219975160,0,-849718280935642158,0,124011468266343732,0,-6835842330585114,0,-7665665303904,0,318687638362,0,79451250,0,-2647979,0,-36,0,1 # block t=3632 q=12T56 r=16 k=0
624901295389,0,1406275714522,0,-2588050149489,0,-3982433168946,0,-1197186162056,0,108285130936,0,41602304961,0,-5721998660,0,279665729,0,-6551664,0,78416,0,-456,0,1 # block t=3632 q=12T56 r=16 k=0
31709365597664384753179,0,-78797490920154948797450,0,80154245258754997336545,0,-42599504510681604979884,0,12441974198356715836743,0,-1893217307867342618196,0,119609559209993633110,0,-619288040378159140,0,1154411021766769,0,-933082017610,0,312056658,0,-32156,0,1 # block t=3632 q=12T56 r=24 k=0
54741082781789015996489,0,-133972491829310081467996,0,133129668768777831161942,0,-68341148046216977877868,0,18938600901444519715567,0,-2647793343356171149976,0,144016853315772583796,0,-686172708319875928,0,1220688212652935,0,-957456586892,0,316566326,0,-32188,0,1 # block t=3632 q=12T56 r=24 k=0
39549696503835604819907,0,-72207692159682896284086,0,49590122770423961688358,0,-16751235540989515923516,0,2942711532267562857048,0,-252164402431931692890,0,8214487129854573610,0,-52544506622279856,0,131215822498122,0,-149862956126,0,77107705,0,-15516,0,1 # block t=3632 q=12T56 r=24 k=0
118170461656254844928,0,-393352475447510319104,0,512469841882670013440,0,-330457771202064310272,0,109413683742714011904,0,-17205354232089853184,0,972051377195406592,0,-8388506407394304,0,29048144505152,0,-47253690400,0,35485052,0,-10336,0,1 # block t=3632 q=12T56 r=24 k=0
2289854726459,0,-5491780615022,0,5139783323994,0,-2598311710922,0,802272576830,0,-159570313582,0,20784065309,0,-1754349498,0,92562858,0,-2866732,0,47869,0,-372,0,1 # block t=3632 q=12T56 r=24 k=0
17670765353166198699187,0,-41384920175080393065286,0,36557569973123203078340,0,-15318775488970961763500,0,3172279687716449628795,0,-306007724949828569838,0,11568723777935283966,0,-65888941817777582,0,150621607671946,0,-161919098202,0,80475698,0,-15556,0,1 # block t=3632 q=12T56 r=24 k=0
125739961346071354023673,0,-257670647158457288038348,0,212722374295635873121959,0,-90516493043401356855972,0,20866472899385279578974,0,-2457771799625629956592,0,116732509344534276479,0,-610583978997696404,0,1148007954289650,0,-932450723220,0,311785179,0,-32168,0,1 # block t=3632 q=12T56 r=24 k=0
38834723046671,0,317285795521924,0,-2701306274648857,0,5832944261647288,0,-4282240535067002,0,172312416099604,0,590771616487287,0,32950186125784,0,521780941926,0,2532879552,0,5073742,0,4184,0,1 # block t=3633 q=12T144 r=8 k=1
6566386889368133,0,403030721601022516748,0,4629729677907547123465,0,14620745422903137885038,0,7397045530748548953452,0,-2265348331065221602032,0,225483265616886989421,0,-7979067690054897010,0,48605630091592678,0,-13820903351376,0,948255250,0,-33768,0,1 # block t=3633 q=12T57 r=8 k=1
549179147511003903759,0,-861069285181297295496,0,519265081338367619592,0,-151789339210002689646,0,21493174982430536523,0,-1141373594094043500,0,-7534302328691163,0,-81122462903952,0,1194992400672,0,-2061670636,0,3881793,0,-1794,0,1 # block t=3633 q=12T144 r=8 k=1
19484520452275568407,0,125093147426999177974,0,266928214025093898755,0,188418961019131926524,0,-20824094297302493193,0,-45191498424419136628,0,-3373119193995014478,0,377377698639312863,0,-290930967115317,0,-620395770969,0,-104144520,0,40416,0,1 # block t=3633 q=12T57 r=8 k=1
313611263795965,0,3950809763592377,0,4860638793276338,0,1368025806857066,0,161747311745599,0,8211342938000,0,26797616405,0,-14299469497,0,-471598568,0,-464797,0,113696,0,-688,0,1 # block t=3633 q=12T57 r=8 k=1
970474375,0,-9954775375,0,-1562877144425,0,15078829992105,0,19848750503861,0,2104807090189,0,-327557669080,0,-49013479842,0,1115622061,0,31862858,0,224599,0,698,0,1 # block t=3633 q=12T57 r=8 k=1
4193664727138125849,0,4834874123668412568,0,57680007929556822,0,-80405925152047632,0,-3423052590979410,0,149972618392272,0,11470531585212,0,216880124400,0,713648151,0,-14162040,0,-64422,0,216,0,1 # block t=3633 q=12T144 r=8 k=1
12941893832201,0,-16049634951660,0,7972399225338,0,-2239261878188,0,407436585471,0,-51362378712,0,4642759116,0,-305119800,0,14536791,0,-491452,0,11226,0,-156,0,1 # block t=3633 q=12T144 r=8 k=1
155514756446515693,0,-150364381215990126,0,50034525584279862,0,-8627195453236078,0,901775110977216,0,-61605380180484,0,2852699131671,0,-90590272974,0,1953127818,0,-27553882,0,234075,0,-984,0,1 # block t=3633 q=12T144 r=8 k=1
6378043835560000,0,22413033571665600,0,13323121075133264,0,1592490583306992,0,-171967400538164,0,47738924559572,0,-4064544945073,0,-5136084367447,0,182832365810,0,-558814890,0,129448,0,-244,0,1 # block t=3633 q=12T57 r=8 k=1
18489726745168003991,0,-51968431410628026046,0,65388748313824273812,0,-46593484482137904788,0,19700714879923374109,0,-4790545221649695520,0,599155957070544548,0,-28723640063057048,0,222966778101274,0,-627069191034,0,389756048,0,-576406,0,1 # block t=3633 q=12T144 r=8 k=1
2466718360997018697,0,1116119207540802348,0,-1114176397631717124,0,-1864321282101491538,0,-287167351887263808,0,-13663762729209570,0,2497104613126519,0,-127254973064868,0,2339811938022,0,-19296850918,0,72252477,0,-99342,0,1 # block t=3633 q=12T144 r=8 k=1
1762061987289861771264,0,2718585971630857469952,0,183764181502324546560,0,3326253518340780544,0,-48569854487037184,0,-2429964761658752,0,-22004946235072,0,206296534752,0,4561102464,0,14741680,0,-134080,0,-654,0,1 # block t=3633 q=12T57 r=8 k=1
6398725289438217749213,0,-5500290050018418803428,0,590639023485194536500,0,-30782037767916645260,0,983119173737024722,0,-21068433113683260,0,315661982615846,0,-3359983784416,0,25374488341,0,-133482996,0,468662,0,-1000,0,1 # block t=3633 q=12T57 r=8 k=1
6636265644569897760857,0,-20119770123106150519666,0,24253133992891688854289,0,-14951736598420064304682,0,5324777050462882523984,0,-1227684772454696654614,0,168970625656356384727,0,-4083089418503546136,0,14843667676209973,0,-19600122410870,0,7609243422,0,-1672904,0,1 # block t=3633 q=12T144 r=8 k=1
30100044245391,0,2433954759437142,0,32715925077301407,0,-333880500385302689,0,10099347486877978,0,83085955733056438,0,-13237631807257890,0,364523232725661,0,911569347968,0,-3528261259,0,-6616675,0,3402,0,1 # block t=3633 q=12T57 r=12 k=2
124407527171800552,0,561959677568197112,0,883709064156319268,0,662531102031590728,0,255053012692149386,0,46879884750378630,0,2529473919731059,0,-169577347731642,0,2136198553805,0,-7466038660,0,10557942,0,-6088,0,1 # block t=3633 q=12T144 r=12 k=2
1224704,0,2838528,0,935936,0,-1516544,0,-549632,0,395264,0,61120,0,-46528,0,992,0,1520,0,-108,0,-12,0,1 # block t=3633 q=12T57 r=12 k=2
42845606719488,0,1581124352403456,0,-6194550476827385856,0,-274343621638970454016,0,982284586430136914176,0,-210424113709840572800,0,-89581438585755468096,0,6029170942574927392,0,-3138608563256400,0,-3663395730672,0,-364607000,0,76642,0,1 # block t=3633 q=12T57 r=12 k=2
110874967703136832,0,25165292013718855168,0,138480210442210864432,0,287320997259182099872,0,278618127139506540940,0,126149314373885489312,0,20456122458605905141,0,-595613906489186030,0,3270302680506979,0,-2409331805268,0,624418731,0,-58302,0,1 # block t=3633 q=12T144 r=12 k=2
34395150219656213,0,-257587750613123450,0,-2252314372146165195,0,-4273139676648805298,0,-1288326234782468170,0,2542388345542665092,0,1488104903351652043,0,-28952686136416726,0,116514065801836,0,31788543514,0,-46398104,0,-12604,0,1 # block t=3633 q=12T144 r=12 k=2
23386202431725663,0,58620852447532596,0,15954123646734336,0,-2505486140371710,0,-294323705862786,0,51006447258048,0,-1359272431044,0,-69176728728,0,3124758546,0,-12183372,0,-192573,0,270,0,1 # block t=3633 q=12T57 r=12 k=2
161299526336981775,0,536849830962033867,0,-1316458840016173063077,0,-16486037245656479496661,0,66073019390928076287406,0,-27394672537136591522258,0,-17495454571453904304379,0,-1859622283572488037650,0,122354707837101688,0,238540817902385,0,-28702190471,0,-518309,0,1 # block t=3633 q=12T57 r=12 k=2
23833962975804992,0,116390897015886976,0,212559887803264224,0,180241819573390264,0,67959563109592056,0,5004952063938680,0,-3132941287496127,0,-562065609477402,0,6584520054978,0,-21182653648,0,26194459,0,-11762,0,1 # block t=3633 q=12T57 r=12 k=2
157590240165625856,0,591330605726564352,0,600271647868108800,0,273378288337485824,0,61332187266714624,0,5887726186601984,0,9327755553088,0,-21890440727616,0,459245790480,0,-2388563120,0,4940600,0,-4152,0,1 # block t=3633 q=12T144 r=12 k=2
425984,0,23707648,0,4034560,0,-26935296,0,13885952,0,-1237248,0,-906560,0,294912,0,-27728,0,-1696,0,544,0,-40,0,1 # block t=3633 q=12T144 r=16 k=1
2311572885337,0,-3896923323171,0,2572721231844,0,-922509913009,0,206477965764,0,-30998513385,0,3242559714,0,-240230133,0,12588894,0,-457141,0,10956,0,-156,0,1 # block t=3633 q=12T57 r=16 k=1
182486896640,0,802431082496,0,-1336342538240,0,670148130304,0,-100917368576,0,-18530717568,0,7585648960,0,-720264288,0,7019920,0,737368,0,-12072,0,-104,0,1 # block t=3633 q=12T57 r=16 k=1
7970154341587,0,36831714743286,0,-49539552216006,0,18089064984238,0,-881009680990,0,-725730107582,0,136315106654,0,-6291912148,0,-108486280,0,4112200,0,-6487,0,-312,0,1 # block t=3633 q=12T57 r=16 k=1
248437997038842403,0,963730514757663754,0,1027434351414715793,0,-37106329566606716,0,-332005679328152825,0,58164734143304744,0,-3890350867347662,0,121694432432874,0,-1710079385049,0,7548695770,0,6477636,0,-9748,0,1 # block t=3633 q=12T57 r=16 k=1
8919137162157098345675,0,-11859219058106410909425,0,5835444003590807847485,0,-1349025903328556104955,0,145360153486257284391,0,-5656526410122830049,0,98608343086001648,0,-24555398998474576,0,829669384975219,0,-413954647658,0,39091961,0,-5584,0,1 # block t=3633 q=12T57 r=16 k=1
296225595048122498515,0,741048008117923056159,0,-521322929591461989996,0,134373801533578100518,0,-17429141723929357887,0,1211278801004082882,0,-42773763202298256,0,600201053874351,0,-109546308234,0,-6178331234,0,-3693141,0,5397,0,1 # block t=3633 q=12T57 r=16 k=1
1083784576402397940529,0,1912188885745495801762,0,-318837406357704214979,0,21798608163499870720,0,-806070593293570636,0,17086219188848260,0,-190910249979951,0,527760671088,0,11093398039,0,-102970400,0,43200,0,1648,0,1 # block t=3633 q=12T57 r=16 k=1
15894558600940711,0,-47290302546755653,0,55270205312452807,0,-32547296494617775,0,10227521991470587,0,-1680058857058433,0,139602294770014,0,-6800979333570,0,161948998739,0,-687574564,0,360831,0,218,0,1 # block t=3633 q=12T57 r=16 k=1
282429536481,0,-1335972979764378,0,1407887321774617260,0,-127762596103742810578,0,-5047718185973439197652,0,273957185360381922084619,0,12619407423232549975602,0,-14599459656156065766362,0,-8389554391788694886,0,978894166871620,0,-4318543657,0,-1014017,0,1 # block t=3633 q=12T57 r=16 k=1
19252941827112814450429,0,-56514368165653641603303,0,57867476206110572714828,0,-22772605727704269000141,0,1957081827825534290720,0,213040367439342488898,0,-3304441816168133505,0,-260226922162112481,0,1915668446756429,0,-983452468587,0,135443021,0,-11934,0,1 # block t=3633 q=12T57 r=16 k=1
111275639754793,0,-301068102384405,0,307241511205291,0,-147628614796855,0,34888365674095,0,-4351048225255,0,422339914532,0,-28187993944,0,968307611,0,-15585846,0,126263,0,-534,0,1 # block t=3633 q=12T57 r=16 k=1
1882724071755364713,0,6238579755368241,0,-2732472791113545144,0,2293595718529497509,0,-835019481215478275,0,154145687739248015,0,-13781020374691719,0,453579054466509,0,-395488355437,0,-5698372124,0,-3190225,0,5361,0,1 # block t=3633 q=12T57 r=16 k=1
9004217933162246917,0,-8643595004875770923,0,1746699488472479404,0,-170129232128300291,0,9933582394694401,0,-382722817827541,0,10208644152202,0,-192698368461,0,2581656737,0,-24154292,0,151074,0,-572,0,1 # block t=3633 q=12T57 r=16 k=1
3284263900721152,0,5402487830670336,0,3626202522528768,0,1262236020650752,0,240658302480624,0,24859710178884,0,1372693000479,0,38024955531,0,717441930,0,8271670,0,68394,0,300,0,1 # block t=3634 q=12T57 r=0 k=1
32819933,0,-52824000,0,16950310,0,5068632,0,612871,0,-1122464,0,-134812,0,18000,0,13371,0,2720,0,342,0,24,0,1 # block t=3634 q=12T144 r=0 k=1
522073357,0,535712820,0,345726558,0,-122181944,0,-12515211,0,-4989384,0,486618,0,357120,0,77922,0,9460,0,744,0,36,0,1 # block t=3634 q=12T144 r=0 k=1
1402155627061116023867,0,1124798593719587770094,0,88924333579562746161,0,-48114036372810811874,0,7400924941489647946,0,303943660749359020,0,-27188290446797740,0,924379225804550,0,1549142173712,0,10582773556,0,-29495108,0,133524,0,1 # block t=3634 q=12T144 r=0 k=1
7499648178808659341,0,5044208235312599132,0,584584122836709107,0,1230550258138585912,0,462192642963154128,0,7623528416973074,0,63683314779304898,0,5209639608240368,0,-34276009441594,0,31919411574,0,69701094,0,139836,0,1 # block t=3634 q=12T144 r=0 k=1
19869,0,7380,0,-8610,0,-7556,0,5223,0,8712,0,6644,0,3384,0,1371,0,356,0,78,0,12,0,1 # block t=3634 q=12T144 r=0 k=1
9778273361487424,0,-15962837413229376,0,11585429697824688,0,-5062905633708032,0,1351854103293324,0,-194197918058244,0,15109756861749,0,-587746125450,0,7376054517,0,103637218,0,500934,0,1128,0,1 # block t=3634 q=12T144 r=0 k=1
266732249956589376,0,519113790949883904,0,378247480783981344,0,213163770559132752,0,105460676447002884,0,19890220338073596,0,1814101928357909,0,79782542168466,0,1784321091675,0,20648608904,0,100189515,0,167610,0,1 # block t=3634 q=12T144 r=0 k=1
775675739753583193262119,0,566877513108924332060111,0,40981487876063638237788,0,1377701616263833491585,0,27853772580654505611,0,376602518639644875,0,3588185202541680,0,24668340125335,0,122686301229,0,433155762,0,1033940,0,1500,0,1 # block t=3634 q=12T57 r=0 k=1
3173525,0,4557119,0,1054444,0,-358997,0,155693,0,-636,0,-34559,0,1082,0,2389,0,-3,0,-52,0,-5,0,1 # block t=3634 q=12T57 r=0 k=1
46986955,0,-173454249,0,289927395,0,-283591331,0,177872509,0,-74260447,0,20969000,0,-4013920,0,518033,0,-44238,0,2391,0,-74,0,1 # block t=3634 q=12T57 r=0 k=1
68394126508560242200061,0,83467938309036203662800,0,34118130612296775040158,0,5837996952009516951298,0,613190011229839610226,0,35388879726910190188,0,1480136635736641600,0,861269273379330,0,3701521087735,0,2578408242,0,5135134,0,2796,0,1 # block t=3634 q=12T144 r=0 k=1
267251300309813,0,414329662300800,0,169853156083716,0,2823873316446,0,-2427922091793,0,1471052457908,0,-131485391304,0,8404722296,0,-63345361,0,-1746662,0,52135,0,932,0,1 # block t=3634 q=12T144 r=0 k=1
366857,0,1545966,0,2919231,0,3253822,0,2386257,0,1219890,0,450828,0,123492,0,25422,0,3908,0,429,0,30,0,1 # block t=3634 q=12T144 r=0 k=1
289529389,0,633167112,0,544411452,0,225094738,0,75393864,0,20945502,0,4512435,0,735084,0,116946,0,10174,0,777,0,30,0,1 # block t=3634 q=12T144 r=0 k=1
1837133,0,8348244,0,9119966,0,-1594648,0,-4709319,0,70880,0,837750,0,-24736,0,-52094,0,852,0,940,0,60,0,1 # block t=3634 q=12T57 r=8 k=1
18355443871429458513344,0,74834983812823952734368,0,47179707657324977850944,0,4693920778273068820376,0,-1539998726133133251488,0,96556349113071053598,0,52059271613566210033,0,-6601768431826905517,0,48696705124509598,0,-13840252026280,0,949126676,0,-33912,0,1 # block t=3634 q=12T57 r=8 k=1
68124419901118215248657,0,-167085319377442369594676,0,154412943756832566491433,0,-70939945862545822887096,0,18118398112419689592342,0,-2625047469600327374072,0,228469576541430586400,0,-6796510081896571196,0,22126593171868600,0,-21444055749152,0,4294452406,0,-1685272,0,1 # block t=3634 q=12T144 r=8 k=1
491499383186755675,0,236904294479298825,0,-224634921982975985,0,57374941866013255,0,-7980745476404329,0,794462922795625,0,-45882514536686,0,-589672053722,0,146767303339,0,605018796,0,217427,0,22,0,1 # block t=3634 q=12T57 r=8 k=1
23793540919,0,-2072301474,0,-8338265325,0,-784607396,0,841020831,0,211027248,0,4482996,0,-3264714,0,-347571,0,-14624,0,-1146,0,-72,0,1 # block t=3634 q=12T144 r=8 k=1
35824350758102638093521,0,-162042188630243556601872,0,288558322159845594772026,0,-251478645594215953841280,0,106212852075365354421423,0,-16829437087673770546656,0,-243954665278089710868,0,-1074575591840358720,0,-1286499691616481,0,-564920208784,0,-71810502,0,4416,0,1 # block t=3634 q=12T144 r=8 k=1
227999776056475454811603,0,-181690731016469336746260,0,22651523404582213174131,0,-1308676148047331902962,0,44488175352662726658,0,-982882240497195102,0,14770428422006303,0,-153233719556052,0,1085936097474,0,-5042519986,0,13904694,0,-17526,0,1 # block t=3634 q=12T144 r=8 k=1
3283080903895,0,15396926468594,0,25146894523414,0,15858800723516,0,2721909451034,0,22088543175,0,-22507538593,0,-451053591,0,65613242,0,-511332,0,-16829,0,77,0,1 # block t=3634 q=12T57 r=8 k=1
1354906656361,0,-9342683294484,0,-58017292814633,0,-104551147633953,0,-77319881710938,0,-16054185398335,0,6184158970304,0,2140724506696,0,-9405450118,0,-237210575,0,-330881,0,1840,0,1 # block t=3634 q=12T57 r=8 k=1
106967319988943580115,0,-173344655053099487124,0,63547932495090458679,0,3991226348947021637,0,1081664456107446351,0,90290410853446404,0,3579392868966474,0,-56415420193698,0,610385950341,0,1182321416,0,48139479,0,-29211,0,1 # block t=3634 q=12T57 r=8 k=1
32729048186500294021,0,-85222651614286950006,0,88626055732516923087,0,-45961566554223918032,0,11850933366186983505,0,-1199285071329764196,0,-4255012812906966,0,-480695195859264,0,2367268511040,0,-6333459746,0,7049523,0,-4254,0,1 # block t=3634 q=12T144 r=8 k=1
100315173529,0,-77423240046,0,6509374725,0,-26429989126,0,227160918,0,-890414784,0,-135127137,0,3217122,0,720288,0,-101830,0,8940,0,-264,0,1 # block t=3634 q=12T144 r=8 k=1
4521961216258327,0,26624149863778024,0,58102347456400243,0,60012880978353817,0,29959308863158581,0,5976369874605311,0,-50166370710845,0,-93709824742635,0,-919355614852,0,2021264282,0,2982088,0,-5987,0,1 # block t=3634 q=12T57 r=8 k=1
8868631682645485262173,0,35467908011585515289337,0,47083759258703176614217,0,25791983429563373850875,0,5402411245282372648771,0,186706902666004621607,0,-6717778010719751824,0,-243264360350339908,0,1884573102712385,0,-975930399306,0,134991695,0,-11898,0,1 # block t=3634 q=12T57 r=8 k=1
2415763975434178823,0,-8305947266851531398,0,11043759702662715519,0,-6975882733327933646,0,2006406777595827732,0,-202050204400731004,0,34488784657909574,0,-16297710929154816,0,-12596179682394,0,-125941530416,0,383107922,0,-244918,0,1 # block t=3634 q=12T144 r=8 k=1
2097152,0,17919639552,0,-233931603968,0,776840937472,0,-118669707264,0,-1181644980736,0,258112131392,0,33584307392,0,745003072,0,-5570976,0,-73372,0,296,0,1 # block t=3634 q=12T144 r=12 k=2
232728295,0,-471030561,0,-15781898892,0,469742665,0,1707509430,0,165545901,0,-28783200,0,-4058991,0,92736,0,23047,0,-198,0,-48,0,1 # block t=3634 q=12T57 r=12 k=2
2183286572078175,0,4670047946083383,0,2589323713024257,0,528624709286572,0,13608628145168,0,-8951142419234,0,-948200576890,0,221941914,0,2001201129,0,-47592227,0,387158,0,-1113,0,1 # block t=3634 q=12T57 r=12 k=2
168418662643041311,0,608967292070749114,0,776400642686071065,0,367351183779037722,0,2692920905474024,0,-25647170711995504,0,3055651084394808,0,-101826061880160,0,135306559458,0,12161837964,0,-7475904,0,-6188,0,1 # block t=3634 q=12T57 r=12 k=2
17081671,0,12687191,0,-48024245,0,32968133,0,-4540475,0,-5092307,0,3325756,0,-1001052,0,180881,0,-20626,0,1455,0,-58,0,1 # block t=3634 q=12T57 r=12 k=2
48967036221271781376,0,42258925267445329920,0,-11964799545573853440,0,1208636381282505984,0,-56995142616159408,0,988008509447100,0,19986210174285,0,-1232527525605,0,21792960414,0,-165737718,0,582390,0,-1038,0,1 # block t=3634 q=12T57 r=12 k=2
29177050318673392656704,0,205795305742748610386944,0,379588866544905809913328,0,318052222845331321544224,0,137427581744687166503324,0,29737542005180274184688,0,2468093882283538701741,0,-25496463614539141086,0,56024036241880576,0,-19877961368008,0,2536362141,0,-117600,0,1 # block t=3634 q=12T144 r=12 k=2
87483761,0,-22781208,0,-678464134,0,967450072,0,-375107025,0,-14150000,0,29871660,0,-2685392,0,-498689,0,33288,0,4282,0,120,0,1 # block t=3634 q=12T57 r=12 k=2
2097152,0,-17919639552,0,-233931603968,0,-776840937472,0,-118669707264,0,1181644980736,0,258112131392,0,-33584307392,0,745003072,0,5570976,0,-73372,0,-296,0,1 # block t=3634 q=12T144 r=12 k=2
9125593919,0,6243301072,0,-9998467280,0,-900416794,0,2029957206,0,94976696,0,-156852512,0,-9812716,0,4271738,0,349224,0,-10777,0,-102,0,1 # block t=3634 q=12T57 r=12 k=2
965617136758683,0,-2928936195033687,0,-77195957585234868,0,232611738491897236,0,328684056766064437,0,-539726112756390465,0,-408219341314337423,0,161865996279562369,0,-188159808341799,0,-436903865282,0,-89740104,0,38147,0,1 # block t=3634 q=12T57 r=12 k=2
60132672501543600073,0,306008323163604821852,0,-101399071670595631165,0,13132332545666688682,0,-824657995877495429,0,21505589926686110,0,217145766607634,0,-25270319447101,0,446014924789,0,-986452431,0,-1005731,0,1185,0,1 # block t=3634 q=12T57 r=12 k=2
7518092481329539373519,0,3336681488311067777286,0,-4549913317612308113723,0,1516618206378518767733,0,-243732068281781067551,0,20941745524584521996,0,-911325945375987958,0,14271281549852113,0,90915001793648,0,155008596059,0,100477645,0,22909,0,1 # block t=3634 q=12T57 r=12 k=2
4341392896,0,82730237696,0,12713340672,0,-15125766272,0,1586664872,0,487405524,0,-144118247,0,15658774,0,-742199,0,-734,0,1710,0,-72,0,1 # block t=3634 q=12T144 r=16 k=2
105304493264240973042409,0,161452296430022844467143,0,-365896263684188089356112,0,-892333575662115077791205,0,-506848904104337575211920,0,6403716451529210382301,0,40499309454198126462458,0,-1341495993637717740987,0,1017007304030916886,0,-225006921975669,0,17630805020,0,-400288,0,1 # block t=3634 q=12T57 r=16 k=2
969922823164161275,0,10935990546710980828,0,20700354474478132211,0,-8255801142180551888,0,-22774595919634868782,0,9489319970864406838,0,-1119138771566006399,0,42738523471176574,0,-205771092916392,0,-523650802866,0,414881490,0,-73025,0,1 # block t=3634 q=12T57 r=16 k=2
35065923742699186688,0,83206738980977250560,0,-11957243055291311936,0,454517499166761728,0,13088747588165336,0,-1611855422860700,0,53526598404285,0,-785556941154,0,3401535820,0,30475108,0,-258879,0,252,0,1 # block t=3634 q=12T144 r=16 k=2
223993831483955,0,-1444311118885103,0,-5823214339903902,0,-3263368539880883,0,6726898629102669,0,7858751706814058,0,1371785270169204,0,-645178611656652,0,6410010569526,0,-20396752576,0,25626379,0,-11501,0,1 # block t=3634 q=12T57 r=16 k=2
56099185,0,267607578,0,-41515371,0,-370891813,0,-6053463,0,147349692,0,-4009908,0,-17023005,0,3213054,0,-240913,0,8781,0,-153,0,1 # block t=3634 q=12T57 r=16 k=2
1088533591694471,0,-3342438955625877,0,3962383686560069,0,-2307646578938884,0,709454670281484,0,-122443579619282,0,12905464395419,0,-711154665464,0,15526413440,0,-83374593,0,68172,0,-156,0,1 # block t=3634 q=12T57 r=16 k=2
68528741361133248,0,291442308286294080,0,-105431015615708016,0,12025072207614528,0,-95586039856044,0,-89291001118500,0,7703765918415,0,-254459794464,0,2325092850,0,32077188,0,-216549,0,12,0,1 # block t=3634 q=12T144 r=16 k=2
841798714459260625,0,-1726458604029244000,0,1042623170746088925,0,-56795700981298560,0,-98718561871795313,0,-960145117333310,0,9225436520531090,0,-683373194030627,0,8861417445655,0,-22765600147,0,16753149,0,-4861,0,1 # block t=3634 q=12T57 r=16 k=2
4087597592,0,62627733688,0,-32677268276,0,-317158448,0,3650997662,0,-1031031082,0,123982677,0,-5140272,0,-326903,0,43598,0,-1374,0,-12,0,1 # block t=3634 q=12T144 r=16 k=2
9681345441433265530223,0,5690526396501620829911,0,-9970532361985422544257,0,4414702854602730020511,0,-961692373743635086902,0,114725011638613995222,0,-7242482000344417917,0,193676335709709028,0,-307430875178618,0,-486802724937,0,-60466626,0,40409,0,1 # block t=3634 q=12T57 r=16 k=2
18783944908721724924307,0,-22029011323664699275459,0,4260424871780571746512,0,-379464232687247777138,0,19190791083891593569,0,-590318379216553557,0,11073979133145613,0,-119143225514601,0,607325004165,0,-585755742,0,-1324828,0,633,0,1 # block t=3634 q=12T57 r=16 k=2
56985703882466888816456,0,69192689708248696565368,0,-16310228420900193981972,0,1400150898726844554280,0,-53817418686152115802,0,558578186323057382,0,24518192534344285,0,-825141093814006,0,7523283923752,0,262632754,0,-13705559,0,5840,0,1 # block t=3634 q=12T144 r=16 k=2
489668227591970461,0,-1040625847945621310,0,902486762780764210,0,-412232921428328326,0,107479912541809175,0,-16332947651332516,0,1390727632881372,0,-52117218729396,0,503007923243,0,-1457725790,0,-19335662,0,-59526,0,1 # block t=3635 q=12T59 r=8 k=0
1571321817809843688,0,-1331699847709876560,0,318138709640111784,0,-38592468023381280,0,2838286839919896,0,-137133326948400,0,4532384493720,0,-104283333360,0,1669672926,0,-18241200,0,129636,0,-540,0,1 # block t=3635 q=12T59 r=8 k=0
10131349009002543271936,0,-23216076248214640852992,0,20651614183826455459840,0,-8781979614859435765760,0,1766413125718691116800,0,-176672051823550058496,0,34280937694192252160,0,-6664668055101841920,0,482487734734128,0,467016337408,0,59332920,0,6032,0,1 # block t=3635 q=12T88 r=8 k=0
3578321529709849,0,-11619863926122460,0,16106577596092766,0,-12349450999512316,0,5657291336331593,0,-1551199652557180,0,237790151239730,0,-16543580802472,0,203535459910,0,-1307553208,0,4395132,0,-6324,0,1 # block t=3635 q=12T59 r=8 k=0
472321132219647275607,0,-462652092786002905800,0,58766260115656251270,0,-3670348205063410640,0,143703727371375038,0,-3874697276251200,0,74655008475760,0,-1035737204880,0,10237056723,0,-70124600,0,315778,0,-840,0,1 # block t=3635 q=12T59 r=8 k=0
196964985360724677473,0,-141149082558827882548,0,20813657233659528348,0,-1519632035385912064,0,68001384148199882,0,-2041508646706704,0,42936953512986,0,-643911808780,0,6876489801,0,-51212108,0,253218,0,-748,0,1 # block t=3635 q=12T88 r=8 k=0
2752332939,0,-6813250767,0,7079620806,0,-4210016553,0,1621183734,0,-429804549,0,80900046,0,-10932570,0,1055187,0,-71037,0,3168,0,-84,0,1 # block t=3635 q=12T88 r=8 k=0
124469809335966396583,0,-126987209864114599568,0,52818632233221531039,0,-8484496707496841208,0,-2017527637433362877,0,-1114460321331438340,0,664126690886275625,0,-55220117421406980,0,-318281145094389,0,-284914543874,0,406200759,0,-245558,0,1 # block t=3635 q=12T59 r=8 k=0
4819024398004271671,0,-3625185325985319972,0,321875035171579384,0,48637233799301568,0,1953555050975751,0,6977479760388,0,-764733122804,0,2121898980,0,153198470,0,-3194076,0,37284,0,-324,0,1 # block t=3635 q=12T59 r=8 k=0
30400195546141,0,-44402749649850,0,25088149980936,0,-7788458491880,0,1521189305352,0,-199551220191,0,18145921803,0,-1154924361,0,50959152,0,-1508714,0,27951,0,-279,0,1 # block t=3635 q=12T88 r=8 k=0
4653426618050112,0,-13522957819918848,0,16214246386240896,0,-10314271418689728,0,3711723360099552,0,-739942170371040,0,73164061420304,0,-2660045004672,0,-13363402044,0,1024136,0,253744,0,820,0,1 # block t=3635 q=12T88 r=8 k=0
222608018929390878931,0,-223745879208504962344,0,100442272941497101839,0,-19808951326256267092,0,-7049671523702649625,0,1404587261388389432,0,236803514440742373,0,-18444636722836348,0,-139988804201593,0,-195843016306,0,253778663,0,-359722,0,1 # block t=3635 q=12T59 r=8 k=0
25774186620216707,0,-31106406398488478,0,13862569928819770,0,-3118281377624168,0,383473755352445,0,-24376085551800,0,517570463840,0,16844089884,0,-503194638,0,-15526226,0,8346,0,-690,0,1 # block t=3635 q=12T59 r=8 k=0
4094126520223167,0,-6443554761571392,0,2846091828101616,0,-300257702149528,0,25651993745338,0,-1317817852528,0,57623228312,0,-1706719716,0,45162105,0,-884972,0,13184,0,-164,0,1 # block t=3635 q=12T59 r=8 k=0
3796875427177,0,-7211121115212,0,5181101625994,0,-2052615769548,0,578181344575,0,-122353001688,0,19181721324,0,-2096730808,0,154449207,0,-6979420,0,163498,0,-764,0,1 # block t=3635 q=12T59 r=8 k=0
1,0,-14,0,23,0,82,0,-89,0,-188,0,69,0,164,0,5,0,-48,0,-9,0,4,0,1 # block t=3635 q=12T59 r=12 k=0
2175449055649,0,3331002083268230,0,123665929387747325,0,254595049378317134,0,-519880022244558977,0,59096643550967600,0,50659828196076483,0,-1369852068716096,0,-2280440093233,0,32816225208,0,-18693903,0,-7180,0,1 # block t=3635 q=12T59 r=12 k=0
4139469203978077,0,3635098900762522,0,-1477295394345804,0,147145749684660,0,4285564702344,0,-1536761905564,0,72175604410,0,1045388622,0,-127328845,0,426830,0,55580,0,478,0,1 # block t=3635 q=12T59 r=12 k=0
4584356769457195140600,0,21039564952404981754848,0,10533251923513841734272,0,-12905421551370532144224,0,-3964538279124183950010,0,1997359936732718853696,0,218467255313156909571,0,-5370325655350898502,0,-279563455534572,0,10957728762054,0,-1491887889,0,-67620,0,1 # block t=3635 q=12T59 r=12 k=0
125582006726889629569416,0,395413906471437751204284,0,-38591092349333485605522,0,1379766369890679543893,0,-19310685411660980698,0,-26741750922009780,0,3224492369284710,0,-17462886649393,0,-136866131312,0,706015359,0,3763109,0,3909,0,1 # block t=3635 q=12T59 r=12 k=0
656782236428833505950632,0,801963373707322368408216,0,108223784436486536467686,0,4118256131696807692367,0,-26833876092533440552,0,-3497838899737320764,0,-6831694626877408,0,932602965931211,0,-2088602986829,0,-28137739744,0,41372673,0,-13266,0,1 # block t=3635 q=12T59 r=12 k=0
220430451630033403849,0,16562335595852953935640,0,-4831463775790640842798,0,569236021285512863648,0,-33749247216710667735,0,975464309798421652,0,-7694787185432854,0,-203107727297916,0,2500270865146,0,26715902280,0,37118324,0,12988,0,1 # block t=3635 q=12T59 r=12 k=0
10272162711779735909,0,53513260351350644472,0,35190570952986409196,0,1482627383810774686,0,-5155439872517413472,0,-1841401866122102018,0,-250615681054320401,0,-11463870472417352,0,128550907254154,0,-342874638954,0,220452181,0,-29666,0,1 # block t=3635 q=12T59 r=12 k=0
2211234796888,0,-15842854375021648,0,42171761182081076,0,-4479974465525688,0,-48306662222289658,0,20053496372182076,0,6042852763700495,0,357320565388586,0,2076100804009,0,-74202288600,0,-109241931,0,10810,0,1 # block t=3635 q=12T59 r=12 k=0
109194847055746630645,0,271614822165400129618,0,-96982303629794209225,0,13195713407346166480,0,-881892559459829387,0,27720717751794682,0,-177982018381605,0,-9281868118114,0,93292338701,0,1780680480,0,5184099,0,4402,0,1 # block t=3635 q=12T59 r=12 k=0
1490922887188112481085,0,9722083561437134803244,0,10512079892137359937341,0,4543036713944231012462,0,928976728680138316111,0,85358874094250006040,0,1922576019247739443,0,-103128419182841398,0,542555287757077,0,-862878854752,0,348203651,0,-39224,0,1 # block t=3635 q=12T59 r=12 k=0
58319798339812703052280,0,-44228028816633313009712,0,-94375747340843288439040,0,102787397756254572757800,0,-12255437007193477671242,0,-10619427903291827497512,0,1488851970969377795649,0,13719765108612519440,0,-7787172962995842,0,-18295711873726,0,-1681116967,0,80984,0,1 # block t=3635 q=12T59 r=12 k=0
12984519206053913545845,0,19332184259671808415354,0,-30374369184955059423525,0,15146698441422823785212,0,-3789446820719120694959,0,516292227131800812526,0,-36268342579041162057,0,969412915959367354,0,5907246231816505,0,8926474495760,0,2268073367,0,110118,0,1 # block t=3635 q=12T59 r=12 k=0
547555752051309,0,256129545336443694,0,2446367968668955860,0,355841383283222292,0,-2053686068769241854,0,210193604639869320,0,90236732396107923,0,-1272790664254800,0,-10294233901020,0,40204071522,0,-5480955,0,-11292,0,1 # block t=3635 q=12T59 r=12 k=0
1340840976229443316120,0,6770569495709489028528,0,7520586797781689811156,0,3230291275810292454968,0,641355702277700499238,0,56882798043756674268,0,1344865342781304703,0,-50356589184301938,0,338458856349353,0,-629944165888,0,402710085,0,-63762,0,1 # block t=3635 q=12T59 r=12 k=0
1581822761,0,-4289232464847214,0,16544930579646600139,0,661164983864930982064,0,-1012075399382011628563,0,-37167586412110614962,0,143569286793519285947,0,-1781301288515956714,0,-1736183590738127,0,5481968384392,0,-737163881,0,-54514,0,1 # block t=3635 q=12T59 r=16 k=1
81208284573325484960605,0,591297054166110714675682,0,-130712952525827595589864,0,11866425596480502656410,0,-569519431557803955852,0,15139674945174057790,0,-204828656602279511,0,854622755424780,0,6144465809026,0,-27644819492,0,-22335757,0,6782,0,1 # block t=3635 q=12T59 r=16 k=1
54334071277709159969837,0,55012727080187405830868,0,-2421716345470159726674,0,26815943259089933340,0,261247833632964199,0,-7490639442317528,0,32714894610420,0,415251311512,0,-4605066933,0,6133956,0,115838,0,-628,0,1 # block t=3635 q=12T59 r=16 k=1
366278269686894197361,0,443548416897312735195,0,46288731098150759643,0,-25257064919264903429,0,-4278369435143568113,0,85968527685020015,0,26330027828138847,0,-542840075131788,0,3495488953426,0,-8844237803,0,10013855,0,-5178,0,1 # block t=3635 q=12T59 r=16 k=1
14826371598269785,0,217762511441991394,0,-147762261059371179,0,-249394561203748376,0,31321960720879253,0,78171982593532800,0,14076444509199615,0,-870821846756954,0,10271007404307,0,-39772842378,0,43113589,0,-13620,0,1 # block t=3635 q=12T59 r=16 k=1
130658711832323716207505,0,-440263719050931903317504,0,-124414021677662899722278,0,706945189771254188779314,0,-151815512851583241556637,0,-27910571881941510557822,0,6670741612202249288672,0,-103307588509146307668,0,-67556859551155022,0,169334872197702,0,-11427983058,0,-245012,0,1 # block t=3635 q=12T59 r=16 k=1
16420683610619018047000,0,31690838578699120638800,0,-6242596917126480672240,0,492820517432035540224,0,-20438649354309370518,0,464727381915417120,0,-5096449273522685,0,5676621332714,0,364909373117,0,-2013022620,0,-2086771,0,3874,0,1 # block t=3635 q=12T59 r=16 k=1
130043959631653280525,0,656624872688320559660,0,707900824326820818512,0,-457967493414246433240,0,-892781348103941656622,0,-86270433028854055200,0,163623713330766426330,0,-3587300664902906716,0,12483846370317625,0,-12894761864404,0,2599872422,0,-119676,0,1 # block t=3635 q=12T59 r=16 k=1
104137832253575016,0,684568933357789368,0,-494685639476011170,0,137244333545479397,0,-18867352977497608,0,1289813381244347,0,-33659977980035,0,-273689419965,0,13008246968,0,44089120,0,-245445,0,-261,0,1 # block t=3635 q=12T59 r=16 k=1
7959736159315050490249,0,7763424966436944761952,0,-18684013595354343502937,0,-25385613749225242523462,0,-6765455381828824355740,0,1906793052528433931264,0,708810286565672655111,0,-24235062279932754196,0,66283062241682462,0,-49271404525296,0,7689860230,0,-182678,0,1 # block t=3635 q=12T59 r=16 k=1
537353599729319305073725,0,462323808313646510344100,0,-93589410075233527483058,0,7246911371412129488940,0,-290538529321123571161,0,6327874574453263272,0,-66613608773196460,0,119210025438360,0,2887578334331,0,-10549682956,0,-12066178,0,4860,0,1 # block t=3635 q=12T59 r=16 k=1
123731363021468483425,0,289676164854276488880,0,72421662288107011866,0,-153680300509184045032,0,-75557782574832605895,0,8132841540277411932,0,6056149565943783618,0,-139938511029594732,0,630886602215466,0,-922339056760,0,359145972,0,-39660,0,1 # block t=3635 q=12T59 r=16 k=1
908206921332443,0,13919768996370994,0,-5469542077108192,0,790678442771560,0,-38813926753474,0,-2510851862180,0,460918323571,0,-27848392464,0,846703130,0,-11969342,0,28761,0,632,0,1 # block t=3635 q=12T59 r=16 k=1
47456085899207646196648,0,431920966758128849147188,0,-436038747091270821204322,0,159512488004064090564375,0,-26205768354138950579254,0,1732465661035033354997,0,-17290463123205629785,0,-113801958213926102,0,288940060186212,0,-62790437992,0,-38972278,0,2495,0,1 # block t=3635 q=12T59 r=16 k=1
268433449216733125,0,-3256228831857880060,0,1732124929497800526,0,4181586123115310220,0,-1627281083804632661,0,-59607974796937930,0,50885680322322288,0,-1345631716589970,0,-1573734482330,0,31544146188,0,-19229202,0,-6970,0,1 # block t=3635 q=12T59 r=16 k=1
30273204710497,0,-38915910877620,0,18429697209154,0,-4891809714660,0,842091604911,0,-100383702120,0,8545050268,0,-524843880,0,23125199,0,-713700,0,14658,0,-180,0,1 # block t=3636 q=12T59 r=8 k=0
15027454222929,0,-60919088294772,0,147584047646466,0,-177387405937956,0,85519765915983,0,-5562207739368,0,-4150951362340,0,107843250200,0,45718366911,0,-255780004,0,768450,0,-1268,0,1 # block t=3636 q=12T88 r=8 k=0
310248346090376771609,0,-295432898450759869436,0,42278992097518089802,0,-2914846257856015804,0,122179196035844447,0,-3425255911185336,0,67185050862124,0,-939003096728,0,9338955239,0,-64698572,0,297002,0,-812,0,1 # block t=3636 q=12T59 r=8 k=0
898847719078401,0,-1438214901718752,0,921142630405170,0,-315706506897384,0,64271220595119,0,-7859190742848,0,563134394556,0,-23999251536,0,454470831,0,-5666976,0,45234,0,-264,0,1 # block t=3636 q=12T88 r=8 k=0
42939639454403,0,-101663703733748,0,98867273519811,0,-51145380974064,0,15346827835749,0,-2773943541016,0,307030391177,0,-19819314340,0,747965511,0,-19671852,0,332541,0,-2510,0,1 # block t=3636 q=12T59 r=8 k=0
31303568613883,0,-80253913693550,0,84421045425336,0,-47028083888088,0,14675095561638,0,-2486636604788,0,200493529664,0,-5003614030,0,330985017,0,-1326882,0,-122158,0,-602,0,1 # block t=3636 q=12T59 r=8 k=0
11160660380099229,0,-14935619358058932,0,3804218797999338,0,744072650078924,0,67349972468520,0,2259364713032,0,7097605306,0,-687316236,0,29998061,0,-933328,0,12918,0,-160,0,1 # block t=3636 q=12T59 r=8 k=0
72595326491323646641,0,-55867309310862656032,0,10349416916118886488,0,-892257501599119604,0,45060160061459947,0,-1481508280072576,0,33443515603632,0,-530985938728,0,5947391435,0,-46159488,0,236840,0,-724,0,1 # block t=3636 q=12T59 r=8 k=0
205281030350641,0,-125830971400176,0,-25310346416796,0,42705114601668,0,-2654005750754,0,-9122697959596,0,1033610787690,0,-682129484004,0,21609121109,0,-198007408,0,810958,0,-1572,0,1 # block t=3636 q=12T88 r=8 k=0
1021884289,0,-2404825904,0,2483005364,0,-1821789483,0,1063082087,0,-441982596,0,123106594,0,-23503639,0,3005506,0,-250737,0,16930,0,-443,0,1 # block t=3636 q=12T88 r=8 k=0
1760282130829312,0,-5157295264907264,0,6486865388288000,0,-4563403883192320,0,1952898841036544,0,-513118374279168,0,77503472129280,0,-5276343537664,0,10388239536,0,-49528384,0,156280,0,-224,0,1 # block t=3636 q=12T88 r=8 k=0
572964894387257,0,-3567905975878214,0,-4274510078572877,0,3095159274465156,0,464187676651397,0,-457936883766738,0,37802288927483,0,4748112484618,0,112228035201,0,951215792,0,2907807,0,3190,0,1 # block t=3636 q=12T59 r=8 k=0
5936855567213213,0,-17876805183549094,0,25011243993369883,0,-20407004030872992,0,9694918217726669,0,-2776655957826814,0,475435345562395,0,-29943219055494,0,312435956261,0,-2000622092,0,-20904621,0,-59434,0,1 # block t=3636 q=12T59 r=8 k=0
2311016948594522573083,0,-1736595983650207305220,0,190870191335483453374,0,-10357578913986897060,0,351275563009159286,0,-8192671419734284,0,137107349102662,0,-1668476880152,0,14654508803,0,-90415212,0,371098,0,-908,0,1 # block t=3636 q=12T59 r=8 k=0
659928431681,0,-1253057932676,0,852084280802,0,-316000689268,0,74595219183,0,-12061401352,0,1385291356,0,-114628360,0,6810031,0,-284020,0,7906,0,-132,0,1 # block t=3636 q=12T59 r=8 k=0
6040314016148992,0,-200245704685636096,0,-2045130313137904512,0,-1600782529790784768,0,2025739744339718592,0,2314820337951697408,0,528829576584499816,0,-22221142544032656,0,-48936010993300,0,448999075552,0,-152680114,0,-24172,0,1 # block t=3636 q=12T59 r=12 k=0
245785371451777,0,913641600918922,0,967679426441358,0,58885855899150,0,-284076741913491,0,-24373272622762,0,17075447706442,0,-508440509220,0,-5675049118,0,128488640,0,-236332,0,-878,0,1 # block t=3636 q=12T59 r=12 k=0
104869531345311,0,5860363041799524,0,29297351433147675,0,60177994829455360,0,61323011079627431,0,30179622798158300,0,5051902222308739,0,-432507430476212,0,8301833766109,0,-37096539280,0,42187033,0,-15394,0,1 # block t=3636 q=12T59 r=12 k=0
1078410599290432000,0,13578139117591505664,0,-14255083161437889024,0,-6778579870050230592,0,12536065904092721728,0,-4624770727724866592,0,423787682926744600,0,25789831878250960,0,-25830579564788,0,-441300130712,0,-158373878,0,23816,0,1 # block t=3636 q=12T59 r=12 k=0
121814789648105,0,5161536929036758,0,-2078158171644581,0,-386319098614700,0,303471425061045,0,-48783885104854,0,2026571473779,0,87941414670,0,-3435805767,0,-40006828,0,122739,0,1122,0,1 # block t=3636 q=12T59 r=12 k=0
149546025365885,0,-2014745950537122,0,3142841435771743,0,7534719627554632,0,-9840629834299847,0,-9956281266304930,0,2479731926475463,0,170274282430370,0,-182647249427,0,-9163567936,0,-8529985,0,4678,0,1 # block t=3636 q=12T59 r=12 k=0
812606569928566389248,0,13119424649561901574912,0,52412205580524027095424,0,45098381437934616003136,0,2966001140891751954336,0,-8391257819607577302576,0,-2070554925874214848952,0,53280289617693829824,0,-298319309308182560,0,118756382337908,0,4902572422,0,-476018,0,1 # block t=3636 q=12T59 r=12 k=0
64583991517030972039,0,-70124884428011943380,0,-248094522434105274506,0,473586957269560527556,0,-198050848281980963114,0,-68585340079239569978,0,46091315988759063710,0,594945153017026776,0,-1636457803490019,0,-3867495629342,0,-528504180,0,52662,0,1 # block t=3636 q=12T59 r=12 k=0
426214940388883779037,0,-1482490751042180891658,0,-770855436370056816001,0,1857945811605846070192,0,-968991789051945390119,0,228569158773862863058,0,-25608876047097950689,0,1063678098248043874,0,6107841396440165,0,8975195138008,0,2273100579,0,110142,0,1 # block t=3636 q=12T59 r=12 k=0
629219628862859,0,279679394427140,0,-1056260255086924,0,339378048607625,0,112703981234130,0,-42914047930810,0,-2447939420387,0,379820795188,0,-1892703701,0,-81845911,0,242748,0,1213,0,1 # block t=3636 q=12T59 r=12 k=0
2756722010957,0,23713296137955724,0,1578924689762693251,0,9763923680334127834,0,18581024775038882241,0,12392261078232624022,0,1852521414362934165,0,-196856413117624608,0,4217203276309553,0,-7186461322504,0,1797312191,0,-125674,0,1 # block t=3636 q=12T59 r=12 k=0
95809897765388198033,0,621615731808729023232,0,1061380227538470842924,0,723482721606377661646,0,232944046503462619437,0,34687428168092601296,0,1637316486835744488,0,-53244746682791086,0,286513459746268,0,-483619530518,0,224344554,0,-31130,0,1 # block t=3636 q=12T59 r=12 k=0
182837975337763,0,-1952424415250114,0,-3902351013038382,0,7511555536737510,0,3948216501483290,0,-8105889592659284,0,1765106941057058,0,418318852039412,0,15188361579325,0,-16297081384,0,-127655348,0,1942,0,1 # block t=3636 q=12T59 r=12 k=0
5402381494433167089,0,6475338004109874840,0,-1112367722425981674,0,-545084838606137956,0,114370393364518073,0,-528124655128504,0,-745371031789257,0,14802315267490,0,43589757629,0,-759506367,0,296353,0,2004,0,1 # block t=3636 q=12T59 r=12 k=0
1215373157175292441,0,5181957956830883928,0,2720433788172032200,0,523122264140699938,0,29002330616889089,0,-3042740623042796,0,-414442760445280,0,-8751088247406,0,323400866032,0,-2475846306,0,5848226,0,-4562,0,1 # block t=3636 q=12T59 r=12 k=0
16520283122656661555,0,27670143322793875104,0,-10312063844866332718,0,1238355901515590676,0,-73804362802640075,0,2444584153023926,0,-43934745533410,0,311024132370,0,2173618092,0,-45647900,0,94658,0,1062,0,1 # block t=3636 q=12T59 r=16 k=1
10141408038832763303,0,-25919099376402509628,0,10708627137292247579,0,22975838853945330540,0,-26386573137771114783,0,9813614589071461290,0,-1391788333624122105,0,58010597092349042,0,-37171366738955,0,-1447223261238,0,-411105869,0,39880,0,1 # block t=3636 q=12T59 r=16 k=1
722071328964543169,0,521454604761740778,0,-258787596026282957,0,44148002964436410,0,-3830913927838031,0,177985927076578,0,-3677601846725,0,-17931027652,0,2084796523,0,-22741786,0,-95931,0,692,0,1 # block t=3636 q=12T59 r=16 k=1
1035024302864213017,0,18018192119071736000,0,79323667437309585851,0,37308189909949695556,0,-126873633722955254687,0,-38614295322222961772,0,56147634192251007793,0,-1858468731187025112,0,8476952156670919,0,-10735340770436,0,2353100973,0,-116918,0,1 # block t=3636 q=12T59 r=16 k=1
386841252041288519607205,0,471128264019590632774608,0,-186524621825992218886692,0,27643860704777700225226,0,-2127465602997831589357,0,90640858292271086498,0,-2009399935196609690,0,16632361856231628,0,58280109601052,0,-360622693238,0,-174143756,0,21380,0,1 # block t=3636 q=12T59 r=16 k=1
694059411083701,0,8602486653766538,0,-6403463088447204,0,1918149120999916,0,-298264943731802,0,24771917472276,0,-918796439314,0,-3689947078,0,1124229973,0,-14425574,0,-140714,0,402,0,1 # block t=3636 q=12T59 r=16 k=1
95734991791301437903,0,18187435052926078109,0,-91546272339352071621,0,47449131123374063545,0,-9741476747915303181,0,776537622408891520,0,-9492107810110164,0,-185137092012565,0,1030762020198,0,-84288240,0,-2241184,0,71,0,1 # block t=3636 q=12T59 r=16 k=1
1511678361601,0,1727998521666,0,-7221336969921,0,6922254250136,0,-3075824356703,0,669840867794,0,-53424240093,0,-3091508906,0,524751277,0,1966864,0,-140101,0,-98,0,1 # block t=3636 q=12T59 r=16 k=1
88628362416859,0,344517872613002,0,-2877838860527385,0,5838920844141606,0,-4991215169871531,0,1666745813373334,0,-15757796803127,0,-52021081814628,0,-2059142822629,0,79225282102,0,-65972521,0,-16954,0,1 # block t=3636 q=12T59 r=16 k=1
928082586093894283,0,4323839035544587208,0,761993227257905487,0,-9793564835762511400,0,-5571449003924230181,0,5140891377394762852,0,3455298269815978387,0,-96756736360619192,0,482945247139529,0,-779906353436,0,329548505,0,-37158,0,1 # block t=3636 q=12T59 r=16 k=1
4082430807834628473115,0,70252005248031659955634,0,-35936808552824993764403,0,7536154174623926985448,0,-835790666803952320479,0,51709626610526223808,0,-1685268123417259173,0,21998620464709586,0,35559061205657,0,-403367373126,0,-163075201,0,23464,0,1 # block t=3636 q=12T59 r=16 k=1
698894088074398528,0,98247305427562442944,0,887891458158665934272,0,-2403489012171458423536,0,-13482343377140159393708,0,-4273521638773194429772,0,5659527602708769566475,0,-69273442283665558802,0,156369204693658333,0,-92582743722066,0,9640993978,0,-238704,0,1 # block t=3636 q=12T59 r=16 k=1
1483662245281,0,574269943890,0,-3221051707085,0,-1605107986444,0,748402062461,0,452104751190,0,13725544083,0,-9602568238,0,588426913,0,-13921328,0,144895,0,-650,0,1 # block t=3636 q=12T59 r=16 k=1
50342036452005152183051,0,184252641518565595484576,0,125445446197611229840015,0,-178897038430694056550664,0,-194418689839234500147705,0,29908774073840532955136,0,53374673926696652666523,0,-520124431235546997740,0,785680361118724403,0,-315674945591518,0,21976252827,0,-370682,0,1 # block t=3636 q=12T59 r=16 k=1
952595998809610429,0,5070501917152407040,0,1803281412204902728,0,-1884838378950192786,0,-731552737921295644,0,125697898725473126,0,44780390366220171,0,-1929251854564360,0,18127388623134,0,-57736485466,0,53903885,0,-15058,0,1 # block t=3636 q=12T59 r=16 k=1
30891248941,0,623853038116,0,987510563088,0,-542762677626,0,-980928667808,0,-82225135532,0,87761508579,0,-8446538048,0,343783352,0,-7226058,0,81164,0,-456,0,1 # block t=3637 q=12T56 r=16 k=2
6627015453153744679681,0,7266263899220957389584,0,-4544139449333597185149,0,951379468848638276166,0,-95707267082803620300,0,4797191245745589194,0,-104126163226200980,0,520714025418636,0,236227446294,0,-3878691204,0,-29498,0,4984,0,1 # block t=3637 q=12T56 r=16 k=2
5926293318697560437,0,2645970434832475034,0,-8272804024032786699,0,4727144176095848776,0,-1203807881215990590,0,146149271412731458,0,-6853453691353151,0,-6927740810760,0,319262591354,0,56311890,0,-2648491,0,-16,0,1 # block t=3637 q=12T56 r=16 k=2
38528327733807990488221,0,-106957214714641176441024,0,35566940104298897844102,0,156701654168992793854930,0,-191862337315118083801019,0,74955969464962609356340,0,-6921245429960752706036,0,-12098597859838512190,0,4583767554571975,0,4710528038766,0,-1041664547,0,-32144,0,1 # block t=3637 q=12T56 r=16 k=2
6578587631794779457009,0,10020273113453112063072,0,-4430023201299249083613,0,736912667531361877868,0,-64338426263520286705,0,3218543448416217964,0,-91902035919270815,0,1346186236250796,0,-6262860838513,0,-32252602692,0,-23980193,0,9612,0,1 # block t=3637 q=12T56 r=16 k=2
177460367567858800537,0,1837116626547074900384,0,-2270066441820492347060,0,1049086400946403233952,0,-233939098825345063690,0,25234697272938769024,0,-1047074710966500720,0,-468233821176512,0,14618471980342,0,1152905320,0,-28821929,0,-48,0,1 # block t=3637 q=12T56 r=16 k=2
42518735485426498207,0,37836889108660308576,0,-34711845884473147600,0,9623229351408684816,0,-1241392909659316456,0,76113695143035340,0,-1713265277445310,0,-6038108387360,0,105947967166,0,89274430,0,-1273193,0,-84,0,1 # block t=3637 q=12T56 r=16 k=2
9053972569409807427529,0,32115124869371108405244,0,28483737183097338132098,0,8654101844603913735360,0,482732704657738560182,0,-96405706646209046862,0,2785799508807057028,0,-20366352688033068,0,64579731373107,0,-98852056674,0,67995858,0,-14886,0,1 # block t=3637 q=12T56 r=16 k=2
1716706666616423667913,0,5346311731823527804430,0,734497094610958074753,0,-11175335435573484596478,0,-11138001582851114619750,0,-2606565334350687334556,0,315827834519645981176,0,-1290482140763855434,0,1944924478085111,0,-1302612045504,0,374250347,0,-34718,0,1 # block t=3637 q=12T56 r=16 k=2
11440355089665009143671,0,18803899965487766988236,0,-15398979594315285142825,0,4332091168905698282644,0,-592138514798599991642,0,40480376187172963748,0,-1158336189934795794,0,3827606393330858,0,11764788205384,0,-20043991108,0,-27878492,0,2502,0,1 # block t=3637 q=12T56 r=16 k=2
9982153992904527220849,0,-319131100752302337182,0,-44243312934276732712245,0,48665333401822008837712,0,-15667641718881295337627,0,1460970506369127362982,0,-10832678092412426561,0,-116927246719437222,0,-89852991020691,0,389830093552,0,-173610729,0,-14946,0,1 # block t=3637 q=12T56 r=16 k=2
24207184839781486781,0,-7007803799600691766,0,-52711924889739606029,0,61977544393554318712,0,-27895904515030151410,0,5416276061596975030,0,-344291582755397229,0,-918193062079508,0,7137719955019,0,6084155148,0,-21850346,0,-890,0,1 # block t=3637 q=12T56 r=16 k=2
33355331183738557,0,50701894366003202,0,-301132411109865349,0,-621208660454596278,0,-319252224558387825,0,-7792140953946252,0,16787466515327896,0,-302834780915692,0,2055878861809,0,-6463915934,0,9364144,0,-5300,0,1 # block t=3637 q=12T56 r=16 k=2
209106058531573,0,25136607641712,0,-337843567992672,0,247538011001162,0,-70658147567364,0,7781642627892,0,-56657783041,0,-23639564804,0,-29506332,0,7825846,0,-27416,0,-316,0,1 # block t=3637 q=12T56 r=16 k=2
221708188512696571,0,-5315185528753685830,0,-15202959312543196096,0,-12551992231816045140,0,-3129481542666452953,0,188370532906791150,0,105405661190281878,0,-1369131578844738,0,6650317064478,0,-15067987922,0,15978826,0,-6864,0,1 # block t=3637 q=12T56 r=16 k=2
13267827,0,-5232132,0,3248442,0,-5164378,0,999050,0,335086,0,-24031,0,-30032,0,2782,0,900,0,14,0,-22,0,1 # block t=3638 q=12T56 r=8 k=0
6289735717,0,-5758270131,0,-98456198181,0,-81151951252,0,121557290310,0,58964342220,0,-70778674875,0,10819880982,0,1299404520,0,39464663,0,426252,0,1230,0,1 # block t=3638 q=12T6 r=8 k=0
2248070172558637216777,0,8488579997007404973770,0,11402658003141070026170,0,5685534358764001270662,0,-194308985243901891442,0,-788774877836643177620,0,-70786757779718352575,0,292803171552337964,0,-151818584510618,0,-248765955256,0,47028974,0,32144,0,1 # block t=3638 q=12T56 r=8 k=0
8103992346442657,0,-7831897835724144,0,2537066317090067,0,-438879263867310,0,47760591775519,0,-3529506409534,0,183921940292,0,-6858280810,0,182397929,0,-3382416,0,41566,0,-304,0,1 # block t=3638 q=12T56 r=8 k=0
28451495591936,0,69260441735168,0,56593772143616,0,16441285374976,0,120052323328,0,-536135661248,0,-26308440592,0,3871754560,0,221807236,0,-3362200,0,-167934,0,24,0,1 # block t=3638 q=12T6 r=8 k=0
253063,0,-626352,0,859300,0,-1110000,0,1263771,0,-1030512,0,567504,0,-210816,0,52669,0,-8640,0,876,0,-48,0,1 # block t=3638 q=12T56 r=8 k=0
133973,0,-256592,0,317394,0,-416702,0,387862,0,-319816,0,202910,0,-76430,0,36080,0,-9892,0,1415,0,-76,0,1 # block t=3638 q=12T56 r=8 k=0
831384818115306950656,0,-688855199343227650048,0,90909041154325223424,0,-5804101426827336704,0,225569231888430080,0,-5865868504403456,0,106736257689088,0,-1383715191232,0,12760342992,0,-81917744,0,348144,0,-880,0,1 # block t=3638 q=12T56 r=8 k=0
106215163069429,0,-131093332374676,0,58910097714054,0,-14461059455740,0,2256187412119,0,-240520237896,0,18163037700,0,-985377528,0,38273619,0,-1040740,0,18838,0,-204,0,1 # block t=3638 q=12T56 r=8 k=0
161626498439,0,-87900224412,0,-13429688384,0,3616969250,0,1658269678,0,382577348,0,22954375,0,-11497112,0,-1031790,0,-157808,0,59310,0,-596,0,1 # block t=3638 q=12T56 r=8 k=0
116263633770402846239,0,-385646403527214157065,0,-226795044136263632773,0,2077429564483349932603,0,-2190692297187677917883,0,109558080189919184623,0,471053735669338887148,0,52310577186947238980,0,270111711168793833,0,410319278165208,0,192232033271,0,1027828,0,1 # block t=3638 q=12T6 r=8 k=0
1018341591106887,0,1024966612224351792,0,218015142744136254381,0,1662341023764105917094,0,3292022193692502511575,0,1802360307186332084142,0,-191761334717615215316,0,-1516836985967218899,0,17767647844260663,0,-21928941535465,0,1523625189,0,100407,0,1 # block t=3638 q=12T6 r=8 k=0
1678936219782326569,0,24397290536736760662,0,3534786900116290667,0,129625705317490652,0,-2203450990891850,0,-230224625585945,0,-3531833072978,0,55974554207,0,2098162749,0,16180650,0,-46992,0,-679,0,1 # block t=3638 q=12T6 r=8 k=0
239051263877376091,0,360764115164812026,0,-28266176688661368,0,-18837163139779326,0,3019636254955057,0,-95467153335822,0,-4649908519432,0,112008482976,0,6010452402,0,86037624,0,520056,0,1242,0,1 # block t=3638 q=12T56 r=8 k=0
230218312985765424576,0,376005671269343899488,0,-345320047435000188960,0,-683557758230004577512,0,-306054011859268085064,0,-40462239055658129010,0,854922395286738099,0,23515840583787006,0,104926862372220,0,111351422412,0,-10203705,0,-9180,0,1 # block t=3638 q=12T6 r=8 k=0
507124201759357,0,5034368768253279,0,2863957499034996,0,102199894174469,0,-134994503201705,0,-763584698303,0,2460482263478,0,-220626646073,0,8187478415,0,-140511696,0,982290,0,-1852,0,1 # block t=3638 q=12T6 r=16 k=0
253040353292142055424,0,521775671045532476928,0,-55082160927237881920,0,1409707030131429576,0,57518368976170156,0,-4757279028312426,0,138287302985945,0,-2089557074094,0,15372622632,0,-14514730,0,-501011,0,2166,0,1 # block t=3638 q=12T6 r=16 k=0
323402327994011778616,0,4536594287938157362604,0,-544031120132495471670,0,26227824610128624145,0,-613944331142831676,0,5287692784454158,0,68079077016797,0,-2191894396147,0,21315098169,0,-65560255,0,-245562,0,1441,0,1 # block t=3638 q=12T6 r=16 k=0
393215306625,0,-1950026881050,0,102996121635,0,14988434201024,0,-35748867465759,0,37306171908586,0,-18908099736000,0,3832575711517,0,-11561546381,0,-4781444405,0,-56191567,0,6757,0,1 # block t=3638 q=12T6 r=16 k=0
336287865200953,0,1371807168185300,0,-2723622038355158,0,-828855623125824,0,2714945747716376,0,-915664237307218,0,35309392664924,0,9646193874632,0,147648063709,0,-2123537598,0,6620744,0,-5250,0,1 # block t=3638 q=12T6 r=16 k=0
16959270593278328604368,0,57723939556035643512440,0,71987750296681738566332,0,38037788221403009368424,0,6232905632336458830112,0,-565260367469453582514,0,16185487803521317389,0,-207798302878640328,0,1197846332459607,0,-2519798725394,0,1764276687,0,-82548,0,1 # block t=3638 q=12T6 r=16 k=0
321740992,0,-9702816,0,-812955840,0,335426080,0,112571136,0,-65205180,0,7804545,0,384327,0,-135828,0,6376,0,390,0,-42,0,1 # block t=3638 q=12T6 r=16 k=0
8807,0,-445482,0,1850380,0,11539416,0,-99769849,0,270716881,0,-322244658,0,148488295,0,-9299907,0,-954015,0,-10950,0,185,0,1 # block t=3638 q=12T6 r=16 k=0
551827849390783,0,1990041353975430,0,-3987066086778845,0,2699232209733212,0,-894147051764723,0,152772114744510,0,-11840928344778,0,119869434091,0,25179521667,0,-442723819,0,-2694911,0,-2989,0,1 # block t=3638 q=12T6 r=16 k=0
17136056650661563,0,8048069315599574,0,-41469655072428703,0,-21353970331730421,0,25925978224360598,0,12959439877124495,0,-4966626913833096,0,-2284162646334205,0,57765708086687,0,-418234299482,0,943992670,0,-67874,0,1 # block t=3638 q=12T6 r=16 k=0
616527980743941,0,8347214523695292,0,-3902262117238674,0,598137828803388,0,-23615694340809,0,-2437315292520,0,256848827668,0,-6912947464,0,-22098589,0,2899884,0,-13602,0,-308,0,1 # block t=3638 q=12T6 r=16 k=0
167655043,0,-463768623,0,572125698,0,-417286980,0,200919789,0,-67435749,0,16210729,0,-2817045,0,351747,0,-30816,0,1800,0,-63,0,1 # block t=3638 q=12T6 r=24 k=2
664573899761057865641,0,-2630450701695500800948,0,4231000453099928838990,0,-3515037263267411327164,0,1572924391747967267055,0,-352716929502903687560,0,30227869671120210404,0,-246705479089542232,0,632938031747111,0,-645917829636,0,251835982,0,-30508,0,1 # block t=3638 q=12T56 r=24 k=2
1238428079454649,0,-1449624951019702,0,570861335321671,0,-118492852125520,0,15275148711583,0,-1322836485130,0,80085150803,0,-3446665788,0,105306305,0,-2237358,0,31479,0,-264,0,1 # block t=3638 q=12T56 r=24 k=2
49971011478060955068928,0,-96548804483167161920448,0,68324897858183222184472,0,-22312076378148637253001,0,3635809848502445879331,0,-300127056476791111229,0,12806436418047253625,0,-276627971241256805,0,2689237342147817,0,-8081656875428,0,6161776382,0,-592717,0,1 # block t=3638 q=12T6 r=24 k=2
2628220736933540903867,0,-4985949167334269680126,0,3947083414063597521119,0,-1701297234354856085530,0,433778493445356397861,0,-65937477325727978950,0,5626140785411612474,0,-222435652757138819,0,1814038058860651,0,-4944639580887,0,4380182649,0,-145527,0,1 # block t=3638 q=12T6 r=24 k=2
11253730143405536648,0,-17150171701933729676,0,10156976910742082402,0,-3021798779028104649,0,495462965355359509,0,-46530594680243842,0,2545513103437354,0,-79891992878453,0,1349223185683,0,-10642488185,0,32117943,0,-23303,0,1 # block t=3638 q=12T6 r=24 k=2
497841507315608911,0,-537584620664532168,0,135337265698189212,0,-16912333179420120,0,1286767351979220,0,-65159924942970,0,2293250144297,0,-57107969568,0,1005163200,0,-12246780,0,98326,0,-468,0,1 # block t=3638 q=12T56 r=24 k=2
4788634711,0,-12344035018,0,12368779801,0,-6057188654,0,1387666286,0,-51899116,0,-36131751,0,4673354,0,359906,0,-89322,0,4974,0,-268,0,1 # block t=3639 q=12T59 r=8 k=0
51476470591151557,0,-95171170417206478,0,65728582116309294,0,-23201253256415982,0,4623268569244296,0,-527557765539844,0,32882013372332,0,-1017589877636,0,16363851555,0,-146430708,0,757394,0,-2062,0,1 # block t=3639 q=12T59 r=8 k=0
1909555720383244941,0,-1823876659822606452,0,392512998705117570,0,-41478560720951984,0,2680161777285076,0,-116653806654532,0,3585281452024,0,-79354365252,0,1264073333,0,-14189256,0,106766,0,-484,0,1 # block t=3639 q=12T59 r=8 k=0
50471303111601896,0,-65455179552310112,0,29751488793854360,0,-6029466565320224,0,699773302854844,0,-53087620041088,0,2803325649824,0,-103823888736,0,2633098198,0,-42571384,0,377606,0,-1128,0,1 # block t=3639 q=12T59 r=8 k=0
122301481,0,-331194932,0,366536936,0,-218000980,0,74377327,0,-13574128,0,883616,0,93320,0,-8345,0,-2212,0,-112,0,4,0,1 # block t=3639 q=12T88 r=8 k=0
1644158381604237732352,0,-2213715656906120862208,0,2008111792202778820096,0,-955378232546386849152,0,114355060136119927584,0,4249739677047283968,0,4160503421971363672,0,-129508732754727632,0,-686917041944548,0,-669753829936,0,571655060,0,-539726,0,1 # block t=3639 q=12T59 r=8 k=0
31139914010103808,0,-97822306683695104,0,128391402836594688,0,-90096567114516480,0,35638205211275520,0,-7528065921279232,0,660743007930368,0,1058989360960,0,-94211703936,0,-1036249296,0,-3271072,0,-6232,0,1 # block t=3639 q=12T59 r=8 k=0
3457508901915268809,0,-2845120011778445688,0,582947931654179028,0,-60442195352539636,0,3865289067551750,0,-166216315306748,0,5010987464946,0,-107708665236,0,1647704389,0,-17563344,0,124174,0,-524,0,1 # block t=3639 q=12T59 r=8 k=0
188269646229504,0,-449606037823488,0,422817105715200,0,-204018731513856,0,55259885522688,0,-8528516516352,0,694505329664,0,-30863360384,0,518461008,0,-5065408,0,46080,0,-160,0,1 # block t=3639 q=12T88 r=8 k=0
827338953687228207616,0,-4660436336743429822976,0,-25075142305172366082848,0,-14009978080055294925736,0,24413924791539198482564,0,21486329152229956969064,0,4609919161758035764971,0,92522415411055142986,0,-63732463005467439,0,-166661412898154,0,-11386061072,0,244684,0,1 # block t=3639 q=12T59 r=8 k=0
254291968,0,-885104640,0,1291379712,0,-1030242304,0,494185216,0,-148981504,0,29083328,0,-3843904,0,384080,0,-33232,0,2276,0,-88,0,1 # block t=3639 q=12T59 r=8 k=0
57241008572531009477,0,-164292672744805533144,0,199014988333226997824,0,-131211081012166298214,0,50049873456823273590,0,-10569801855603334078,0,989918043931499796,0,-7405780754243546,0,7457539847151,0,-16888438588,0,-64621672,0,-32666,0,1 # block t=3639 q=12T59 r=8 k=0
22952643373729,0,10891384891100,0,-9980347659072,0,-10391420349952,0,-2234241117138,0,-133812432012,0,-5958923914,0,-3321529556,0,343143361,0,-8856296,0,101510,0,-528,0,1 # block t=3639 q=12T88 r=8 k=0
452044502947199,0,-1894429256469735,0,3774961239048541,0,-3404384615231061,0,1408328546584788,0,-274687621123920,0,25923052139213,0,-1234911702468,0,58380670728,0,861142627,0,8430082,0,-258643,0,1 # block t=3639 q=12T88 r=8 k=0
909026110413,0,-1448788767885,0,924845278464,0,-332927178399,0,77317632108,0,-12375167931,0,1411252146,0,-116135046,0,6868233,0,-285363,0,7920,0,-132,0,1 # block t=3639 q=12T88 r=8 k=0
149546025365885,0,2014745950537122,0,3142841435771743,0,-7534719627554632,0,-9840629834299847,0,9956281266304930,0,2479731926475463,0,-170274282430370,0,-182647249427,0,9163567936,0,-8529985,0,-4678,0,1 # block t=3639 q=12T59 r=12 k=0
10610500697289,0,2396709927999018,0,-1051578632390373,0,162820776082860,0,-7758728468091,0,-501195992850,0,58080309903,0,-390436362,0,-99704763,0,1209492,0,60291,0,474,0,1 # block t=3639 q=12T59 r=12 k=0
348713878369,0,-2963753807818869498,0,4406548610583092649137,0,-47644444223342563383012,0,-122080894072454865112993,0,-22704914141583755160828,0,15096359488671298162789,0,187775177575884785500,0,-92344060185970891,0,-202692501012456,0,-12353468805,0,252060,0,1 # block t=3639 q=12T59 r=12 k=0
8355067994727235251049,0,170373589184500492263456,0,-146277413321579549596707,0,50894395887009489354674,0,-9280320388138203413233,0,933068600904860407994,0,-48331424379679158725,0,924210397475061252,0,5976456389764613,0,9257365323516,0,2272452557,0,112078,0,1 # block t=3639 q=12T59 r=12 k=0
3644265566100495141,0,8704021671506392722,0,5554155724882980120,0,907202214848968925,0,48317936347592055,0,118981324221746,0,-44239138455826,0,-107427304887,0,17391895404,0,-188237579,0,795339,0,-1474,0,1 # block t=3639 q=12T59 r=12 k=0
28135864489,0,208931579782,0,260235668095,0,-111971881456,0,-149830239627,0,31039944680,0,15287353267,0,-2021692752,0,-24137711,0,3800068,0,-28939,0,-252,0,1 # block t=3639 q=12T59 r=12 k=0
15929589193524089,0,-297986476060782604,0,-1768848890835769399,0,-3215749658066021728,0,-2454924254373705275,0,-774424494629593950,0,-79153623564114345,0,1302257745283346,0,91685567083381,0,-1545944814562,0,850898693,0,-75852,0,1 # block t=3639 q=12T59 r=12 k=0
1,0,293662606,0,4818981824989,0,951525337245910,0,57597902264785490,0,1188339733776287020,0,7528904953846802219,0,-529238074888776858,0,3507098053453148,0,-6343985427598,0,1764917256,0,-101992,0,1 # block t=3639 q=12T59 r=12 k=0
1314655016200825,0,3941410269072250,0,-408369569452786617,0,2018776320426197766,0,4117290706017213915,0,-32137975135176375664,0,28092428190798521137,0,683130070505496012,0,-639864097128139,0,-3519467912740,0,-614035921,0,48136,0,1 # block t=3639 q=12T59 r=12 k=0
171009364219581349489,0,529149012956955177800,0,-624976954724567759145,0,-2489345778840264500746,0,-1267150735685222305571,0,638155090650729072746,0,391055414169396686181,0,-5445896144888588900,0,-3522061369900007,0,12030445813456,0,-1382225001,0,-72338,0,1 # block t=3639 q=12T59 r=12 k=0
98025205,0,1015435766,0,1378265952,0,222713828,0,-426086195,0,-166689804,0,13857364,0,10063352,0,-66104,0,-140950,0,8882,0,-170,0,1 # block t=3639 q=12T59 r=12 k=0
348498938080567429,0,4604264233543922482,0,10621604346647669124,0,10432091024845140520,0,5067955748119719216,0,1144623412126901924,0,65948405315315058,0,-8823206005852798,0,81346128166827,0,-221415649926,0,144250836,0,-25442,0,1 # block t=3639 q=12T59 r=12 k=0
67488689666844646592,0,-197176497779237386144,0,-729861475952358832992,0,1104572321559414399608,0,561757213889381601560,0,-359598273945147715632,0,-10842858417497383131,0,46380870906025583,0,191555886429588,0,65317871467,0,-31016889,0,-3240,0,1 # block t=3639 q=12T59 r=12 k=0
7857577736791978251609,0,52503942710803923773847,0,113986617097580243471910,0,99479623007612661574201,0,34385969201015052905725,0,4691473928182895785148,0,188650208956009202366,0,-2735724112474862898,0,6130090996532582,0,-3082571787668,0,539268099,0,-38963,0,1 # block t=3639 q=12T59 r=12 k=0
2445236015104,0,1873069408481280,0,35358385629262848,0,35827151098772480,0,-69837226462963968,0,5942180951008256,0,6004167353774528,0,-210339775603584,0,-500574735312,0,10171362016,0,-8438476,0,-4824,0,1 # block t=3639 q=12T59 r=12 k=0
90323951955505,0,899346869932654,0,-16317195571449,0,-2963471988845052,0,-2172254437652019,0,533265243273566,0,535475662586599,0,-31354625926194,0,503128408301,0,-2972441368,0,6259475,0,-4718,0,1 # block t=3639 q=12T59 r=16 k=0
1988573555257159848665,0,15135433933688197188136,0,9632971897036793059568,0,-21686555998346848763864,0,-17776316340393456667594,0,1632580753555264917612,0,2443490895072916802422,0,-51914593208036671104,0,122653564237746625,0,-81517430091164,0,9274551990,0,-229492,0,1 # block t=3639 q=12T59 r=16 k=0
27906794678386688,0,435625786151010304,0,1921474440470593536,0,1765125355223089152,0,-1301482570402439168,0,-927539590458550272,0,428266540464070144,0,-14970470429982976,0,108366797003328,0,-253365995072,0,153533392,0,-26052,0,1 # block t=3639 q=12T59 r=16 k=0
447385872253,0,74409357385002606,0,18834471182833660150,0,3361755695860809394,0,-3201185364154132627059,0,-12611520921988283775774,0,27137791099982418208874,0,-363320396689583595764,0,588717198962080758,0,-267186660041104,0,20517744760,0,-342170,0,1 # block t=3639 q=12T59 r=16 k=0
148599756549397662237,0,126772614677671674732,0,-189553759240757609916,0,-179778773586103682760,0,-7521711254515008630,0,22546878723323568072,0,4008530407306006926,0,-113188109821829316,0,553921331775309,0,-861108473124,0,346860198,0,-39132,0,1 # block t=3639 q=12T59 r=16 k=0
3049104014578896448,0,20643485035624273536,0,-10667690124473639680,0,1382344566125787472,0,-83973567112550132,0,2769326457355472,0,-48866189439339,0,332293722270,0,2453689605,0,-48263898,0,93702,0,1068,0,1 # block t=3639 q=12T59 r=16 k=0
729828140370185,0,-2959390662978622,0,1347269555618809,0,2987496723313342,0,-2176645889191949,0,297795122044758,0,48942911174325,0,-7283175145348,0,54792747907,0,960623798,0,-2776239,0,-1842,0,1 # block t=3639 q=12T59 r=16 k=0
259966765443427067695104,0,683309570632194142328832,0,149525637008690566938624,0,-1003109047536086156800,0,-1971008826458751021568,0,-66044910995140156288,0,3696340632622628416,0,-29573931204466400,0,81235287599952,0,-91265029816,0,46967784,0,-11174,0,1 # block t=3639 q=12T59 r=16 k=0
330707404887702164419,0,75508491335950461715,0,-526751958462344992150,0,339448786804961562757,0,-91912231126144163401,0,11782402798937579701,0,-623763562721578735,0,4899745339399869,0,46211752149412,0,29632051875,0,-15878818,0,-2701,0,1 # block t=3639 q=12T59 r=16 k=0
686425,0,54250050,0,606491947,0,1172430712,0,-6417055267,0,-10562875854,0,19968203187,0,-4055669858,0,274545145,0,-7951036,0,101587,0,-550,0,1 # block t=3639 q=12T59 r=16 k=0
316041248151621305,0,-484165962697671079706,0,18348454660089737119750,0,-50649438366393990326486,0,-59119719667604630223089,0,53702244290445014174180,0,31456332211194873641172,0,-1556694118734861168612,0,215709364068705015,0,909290195409654,0,-48348835994,0,-367622,0,1 # block t=3639 q=12T59 r=16 k=0
515097863677504264,0,572406081106638144,0,-336282220047270276,0,67845340379802992,0,-6622996082380568,0,306130452673116,0,-3051000281635,0,-246952830584,0,6835479848,0,1842666,0,-425945,0,60,0,1 # block t=3639 q=12T59 r=16 k=0
3137819812928,0,-5001056659584,0,-245751093504,0,4976061077616,0,-3842247110572,0,1220992768180,0,-143890997387,0,-8546159140,0,3255195523,0,-180390662,0,-938416,0,1624,0,1 # block t=3639 q=12T59 r=16 k=0
964948165485269,0,-941148035064335,0,-1912407521503605,0,3540603542544180,0,-2073529957121462,0,476512806420532,0,-27234476592259,0,-633454281170,0,16078662812,0,-28976606,0,-265275,0,201,0,1 # block t=3639 q=12T59 r=16 k=0
19036876947290934901,0,43128578747949642057,0,26462089921940356260,0,981272536400506985,0,-3099982687199611686,0,-486311682281545781,0,49058963191669521,0,-817729820130971,0,4667175526129,0,-10781860363,0,11338658,0,-5495,0,1 # block t=3639 q=12T59 r=16 k=0
42935919562829,0,-114213296903288,0,124557398904565,0,-71731232437296,0,23339212185616,0,-4142235947340,0,287952942713,0,17733663506,0,-1616173974,0,-95032728,0,-1420758,0,-6438,0,1 # block t=3640 q=12T59 r=8 k=1
91190375860618731409,0,-369154538865775539216,0,602483774111219330610,0,-511803789413146795674,0,244627946686183317986,0,-65295870817571055288,0,8012731085112655498,0,-47587739810257714,0,28142955891281,0,-89774986794,0,-159104322,0,-50476,0,1 # block t=3640 q=12T59 r=8 k=1
13774034031848623,0,-14516477553191640,0,4322852397035454,0,-680631653132600,0,68150911399587,0,-4695848567280,0,230751767364,0,-8183464848,0,208259757,0,-3712280,0,44022,0,-312,0,1 # block t=3640 q=12T59 r=8 k=1
29927116785543867,0,11018784783383533863,0,484912390819850981073,0,4168297560293006651888,0,3073767260974577078426,0,473642907787914724637,0,-5946662836559858995,0,-86646550288034019,0,156904166974236,0,10147893810,0,-31580168,0,-1766,0,1 # block t=3640 q=12T59 r=8 k=1
1760427319651496559,0,-1932416154920646360,0,419422986334917054,0,-44932583926783728,0,2951801643209958,0,-130327982330112,0,4040417420192,0,-89529528816,0,1415815827,0,-15641640,0,114858,0,-504,0,1 # block t=3640 q=12T59 r=8 k=1
81094367578068609344,0,-60159295237198179456,0,9453332552009158720,0,-738170146477853248,0,35414246899191920,0,-1142811298524800,0,25907773868416,0,-420005547584,0,4862518156,0,-39363736,0,212076,0,-684,0,1 # block t=3640 q=12T59 r=8 k=1
307234649,0,-854450868,0,1035431434,0,-730863924,0,337058719,0,-107547624,0,24441196,0,-3998216,0,468327,0,-38372,0,2090,0,-68,0,1 # block t=3640 q=12T88 r=8 k=1
1981673952304348058112,0,-4634990691506762678784,0,4315429054681075395072,0,-2055910464599039331840,0,531386550507349085760,0,-72447620351888863104,0,4832738203122630688,0,-169545274622330880,0,-40363840749856,0,16907921896,0,20517332,0,7572,0,1 # block t=3640 q=12T88 r=8 k=1
133293902493611,0,-286173036813616,0,276941876414123,0,-162600720263332,0,62847200939567,0,-15518947109664,0,2211369719437,0,-151507691940,0,3838702847,0,-87213454,0,997395,0,-4586,0,1 # block t=3640 q=12T59 r=8 k=1
204495146271543393,0,-174886594318345896,0,10391339918281140,0,-173304668428828,0,71581143629830,0,-10603942932068,0,695549624314,0,-26255964444,0,621062909,0,-9352272,0,86870,0,-452,0,1 # block t=3640 q=12T59 r=8 k=1
8495620549961,0,-7150230689644,0,755789736602,0,72882145460,0,5795880255,0,-7197604888,0,1462020300,0,-166588856,0,12546519,0,-662012,0,22586,0,-380,0,1 # block t=3640 q=12T59 r=8 k=1
14086925824909833,0,-18308816871353820,0,8294675041080666,0,-1451521886794812,0,14234845489599,0,10861887369480,0,3596230262092,0,-628624835352,0,2709581975,0,19754324,0,-38662,0,-300,0,1 # block t=3640 q=12T88 r=8 k=1
32183581,0,406423262,0,465897179,0,51478580,0,-193918507,0,-139102290,0,-42905653,0,-6259958,0,-244203,0,33608,0,2035,0,-114,0,1 # block t=3640 q=12T59 r=8 k=1
3869842939509982169,0,-8293828858946357650,0,6516826786984350550,0,-2263652156902439050,0,334670408188350239,0,-32876678307352444,0,7965666335370964,0,-418760186594476,0,4685499275367,0,-30446451506,0,76141686,0,-63114,0,1 # block t=3640 q=12T59 r=8 k=1
188522863335571883,0,-749203569327895242,0,1238075543310889784,0,-1008458081411685914,0,427349294937465942,0,-90576735086320430,0,7441709742734482,0,1892426271980,0,-477457770273,0,-3446694578,0,-7245440,0,-9368,0,1 # block t=3640 q=12T59 r=8 k=1
190161,0,684207,0,277092,0,-518116,0,-299717,0,96068,0,62595,0,-8352,0,-4538,0,603,0,107,0,-22,0,1 # block t=3640 q=12T59 r=12 k=0
12752045545,0,175950869159344424,0,471494985944843476305,0,9705548252321985988160,0,-11864525174895565850007,0,-1603290330675964556052,0,1369488580187417273047,0,-9335941940584773200,0,-16302682631120423,0,18608247515752,0,-1046216733,0,-103094,0,1 # block t=3640 q=12T59 r=12 k=0
241533672916731466545,0,2853049438455693799932,0,5384186499547654093740,0,4226915409605382947104,0,1601347114055112705086,0,271041081525304540468,0,9432274367969651682,0,-1479152251012829564,0,7434763584982085,0,-10128236387744,0,2318131918,0,-114728,0,1 # block t=3640 q=12T59 r=12 k=0
1170802838197,0,1029341852926,0,-7466352045205,0,6054362850136,0,949756145957,0,-2265147691810,0,486321089063,0,36046696754,0,-784996763,0,-29247072,0,-83925,0,566,0,1 # block t=3640 q=12T59 r=12 k=0
372973,0,-3057615,0,-6382902,0,12974864,0,10705581,0,552132,0,-779043,0,-59076,0,21132,0,1109,0,-243,0,-6,0,1 # block t=3640 q=12T59 r=12 k=0
22554435759890210305,0,149700941401166546784,0,215687531292422507461,0,134827065459709960296,0,41935549823519238617,0,6153617523202730134,0,265030776119132369,0,-13844220072026936,0,114444648391973,0,-267795536378,0,156468231,0,-26740,0,1 # block t=3640 q=12T59 r=12 k=0
296018872962509,0,6266268018207848,0,11840104463834758,0,8096158693680336,0,2425953978772583,0,267348549734448,0,-8987163524956,0,-2298786744448,0,78149989995,0,-794885336,0,2666550,0,-3088,0,1 # block t=3640 q=12T59 r=12 k=0
26930208604183303,0,68130228150686028,0,-9528002784779151,0,-1475047072112659,0,237895442705300,0,728885498108,0,-1492626427545,0,84058245348,0,-1523476485,0,-3613330,0,233956,0,1033,0,1 # block t=3640 q=12T59 r=12 k=0
4365772312373938264,0,12620828032187667304,0,-106843241768171934254,0,108366240241770186525,0,7840521717630667933,0,-447231620671679417,0,-21904062379334155,0,115777048032009,0,808629606582,0,-2537297935,0,-984899,0,2173,0,1 # block t=3640 q=12T59 r=12 k=0
50991559454293588480,0,26116175434403790262016,0,357711981834406381398944,0,483851020436763578805128,0,-208018706123991671308156,0,-66850706355928698619700,0,17039081197480003004367,0,-151024310537886009896,0,-137307069868531484,0,199824699362990,0,-11639791943,0,-254434,0,1 # block t=3640 q=12T59 r=12 k=0
18507634081,0,270655900764,0,745531458238,0,818927958628,0,399321849269,0,63496009408,0,-9689450038,0,-2258194980,0,241207678,0,-7898568,0,103916,0,-560,0,1 # block t=3640 q=12T59 r=12 k=0
58567177815017269,0,571752611821287528,0,846716912522345396,0,-787050894293318582,0,-1624395119976668286,0,3735410890627472,0,491743368231610931,0,-15880132498061326,0,-69942691609508,0,438741413700,0,-142744003,0,-24456,0,1 # block t=3640 q=12T59 r=12 k=0
5387789440748603305,0,26431094952248250386,0,52821831020634924018,0,54916995655903188170,0,31160477676958031633,0,9006163186891682214,0,950306082108171410,0,-33446525472117160,0,202771867922558,0,-386839116260,0,197200740,0,-29290,0,1 # block t=3640 q=12T59 r=12 k=0
42600292675805929,0,5491298290000841296,0,-2252257933000477778,0,364992067170254364,0,-28272358398935147,0,883488531535588,0,9541049581770,0,-1070893470240,0,4215861902,0,395485980,0,1991020,0,2776,0,1 # block t=3640 q=12T59 r=12 k=0
11824082598267274655,0,6325347783187110892,0,-62686080560153186376,0,49883329875231921426,0,6192360506961279476,0,-13224800011449932490,0,1640366853031871583,0,45846663496204632,0,-58078513235700,0,-541023917078,0,-166572407,0,24842,0,1 # block t=3640 q=12T59 r=12 k=0
514476915091589,0,-76588470698068776,0,1161349456417396440,0,9510943855896341940,0,-185256118553664196929,0,326267591721095264734,0,477544637770452712122,0,-59082412830741352326,0,-24307169511686764,0,142389761726632,0,-11070654728,0,-237058,0,1 # block t=3640 q=12T59 r=16 k=1
308923497,0,4812595038,0,-4772990481,0,-17017343762,0,-918975767,0,10137400158,0,2156546899,0,-914942480,0,85756339,0,-3277918,0,55469,0,-404,0,1 # block t=3640 q=12T59 r=16 k=1
5335702633716051393,0,8699966888838549561,0,-1203484424469719040,0,58922495317135024,0,-980129696241271,0,-15341880227771,0,793246768628,0,-6958103999,0,-114378368,0,2357570,0,-4053,0,-168,0,1 # block t=3640 q=12T59 r=16 k=1
208811674016215819071808,0,112657458242224431377120,0,-699587896715934228262512,0,-749049338655842319887976,0,-197356951074382606026996,0,21036687190421010899338,0,9735324117546564805327,0,-213837250998109936596,0,372078940254738635,0,-176368500048050,0,17790088040,0,-277414,0,1 # block t=3640 q=12T59 r=16 k=1
443253600147673151831,0,-764072541413680786231,0,-193531330407346626005,0,1089702499409117043211,0,-732551809639728534034,0,166202651608112738404,0,-8229371349930480177,0,-28766696916533945,0,164900332993997,0,-70317097258,0,-28201973,0,3755,0,1 # block t=3640 q=12T59 r=16 k=1
92803406660316576349,0,21234188950144897498,0,-114878961624354341640,0,75075616365586468656,0,-22725281014269738861,0,3676159020797344028,0,-309496930368960422,0,10806459886456884,0,-9778733088616,0,-354603564178,0,-143628736,0,23302,0,1 # block t=3640 q=12T59 r=16 k=1
12127865905961,0,-503396888956,0,-22296601755506,0,11751095579276,0,4086298329367,0,-5100570870424,0,1697758855100,0,-253451829080,0,15173253567,0,-85892556,0,-1805386,0,684,0,1 # block t=3640 q=12T59 r=16 k=1
204032193627289,0,265373722786954,0,-266879437956225,0,86894187595600,0,-13451466107403,0,951022455432,0,-6213825229,0,-3096167152,0,146861425,0,-710548,0,-46891,0,156,0,1 # block t=3640 q=12T59 r=16 k=1
3099028453,0,-3102948364,0,-41158201584,0,-42830840128,0,33438640642,0,59681319176,0,13557291522,0,-4484860364,0,317063905,0,-8968748,0,110142,0,-572,0,1 # block t=3640 q=12T59 r=16 k=1
2307966923247569,0,2185569333551132,0,-1652637810831111,0,425505683713968,0,-56520167729839,0,4145142925358,0,-148320144319,0,273974560,0,157430581,0,-3939486,0,775,0,500,0,1 # block t=3640 q=12T59 r=16 k=1
26982425708789,0,13581075685824,0,-310341849111874,0,-501526771317144,0,-138542901042185,0,79212069052256,0,23481820232468,0,-3314342680848,0,87905481267,0,-824881760,0,2704142,0,-3096,0,1 # block t=3640 q=12T59 r=16 k=1
633999667533544677997,0,462000571221139258218,0,-166055662181950935371,0,21246477851211890770,0,-1380841657592530231,0,47789034731711908,0,-746510249964883,0,-862013485698,0,155625471865,0,-960971286,0,-2562853,0,2278,0,1 # block t=3640 q=12T59 r=16 k=1
91893059112830573,0,3758430070835498344,0,5448268158737057745,0,-13279695331014829124,0,-19945596974588981015,0,6141434139876337478,0,10498271513249825647,0,-567736577171252302,0,3632323738595029,0,-6407779050394,0,1769481621,0,-102076,0,1 # block t=3640 q=12T59 r=16 k=1
181534408519135736,0,1594368871669476356,0,2935107172779759572,0,1499230605665616369,0,-337450159955747911,0,-286344416333619635,0,27122988639786724,0,-506257165741269,0,3245035010705,0,-8299284944,0,9566682,0,-5055,0,1 # block t=3640 q=12T59 r=16 k=1
8485657322143683053,0,-27653485474970227824,0,22433614407757373290,0,18578970859079455670,0,-41382132420384881212,0,24907079559269245766,0,-5632643133903564952,0,265148309761253490,0,-2179383462311947,0,-30040447938604,0,-4842261216,0,172614,0,1 # block t=3640 q=12T59 r=16 k=1
111136768,0,-115023872,0,23926784,0,68065280,0,10471168,0,-713728,0,928000,0,-55552,0,1456,0,1376,0,-40,0,-8,0,1 # block t=3641 q=12T59 r=0 k=2
8130496823296,0,-15490374172672,0,12914686820352,0,-6341468225536,0,2123216125952,0,-554498949120,0,115078299136,0,-14482872576,0,711395648,0,4695136,0,32592,0,184,0,1 # block t=3641 q=12T59 r=0 k=2
71102886124969467,0,44788517580969720,0,1041810729602568,0,-995108121753308,0,74959704982025,0,-1164254245596,0,-29245381558,0,186672752,0,24929982,0,990572,0,19226,0,228,0,1 # block t=3641 q=12T59 r=0 k=2
3156312420352,0,-3327756730368,0,1006170009600,0,-72630745088,0,170272512,0,2570250240,0,-170591232,0,-9826560,0,767376,0,-26240,0,1488,0,-24,0,1 # block t=3641 q=12T59 r=0 k=2
10513645460129,0,13945581785128,0,6738819360966,0,1744637819784,0,327395064367,0,46818127920,0,5548215924,0,547144560,0,43314255,0,2344616,0,70118,0,520,0,1 # block t=3641 q=12T59 r=0 k=2
618545328827,0,-3747481181318,0,9494835800832,0,-12906160785850,0,9977335381939,0,-4221216365596,0,816554872216,0,-33012047124,0,603524113,0,-4544510,0,20712,0,-146,0,1 # block t=3641 q=12T88 r=0 k=2
252219196784100018253523,0,257239530114974730832105,0,33908209505869300567518,0,2117795383749114645637,0,79440334070823961401,0,1965839073273383493,0,33439981994472112,0,395521253232367,0,3210137269099,0,17106950690,0,54066602,0,77140,0,1 # block t=3641 q=12T88 r=0 k=2
24650578907136,0,-80518838206464,0,110901060716544,0,-82779095748608,0,35488551624960,0,-8252559415296,0,773646922880,0,14942506752,0,-486738784,0,-2178944,0,139664,0,160,0,1 # block t=3641 q=12T88 r=0 k=2
325166239,0,270634944,0,105129480,0,-29992136,0,-7144110,0,360108,0,175722,0,42264,0,819,0,-1400,0,-96,0,12,0,1 # block t=3641 q=12T88 r=0 k=2
13932153890012329,0,12734524756537842,0,3860027057648367,0,625287573877748,0,63917444494665,0,4454844500250,0,219967055187,0,7813613142,0,199151973,0,3563828,0,42603,0,306,0,1 # block t=3641 q=12T59 r=0 k=2
569489625088,0,613167472640,0,290370062336,0,85394532352,0,18468089600,0,2996446208,0,352933632,0,29829376,0,1841392,0,85152,0,2952,0,72,0,1 # block t=3641 q=12T59 r=0 k=2
598672170972427,0,1830963470029614,0,2364796020531264,0,1663226181423194,0,680508243890163,0,158383669786416,0,18497022144036,0,760376436480,0,14111524665,0,134450570,0,710892,0,2046,0,1 # block t=3641 q=12T59 r=0 k=2
5165056,0,-10143744,0,9682944,0,-6361088,0,2893312,0,-736768,0,36032,0,29120,0,-5728,0,-360,0,228,0,-26,0,1 # block t=3641 q=12T59 r=0 k=2
1120267108352,0,2708532592640,0,2832918896640,0,1632224280576,0,540721127424,0,94224695296,0,5064410112,0,-578000384,0,-30075488,0,1008960,0,50624,0,24,0,1 # block t=3641 q=12T59 r=0 k=2
14739821999343,0,16199247153600,0,5686728579000,0,566608547744,0,-59996061894,0,-9661591568,0,524324394,0,88959712,0,1191767,0,-126720,0,-2464,0,48,0,1 # block t=3641 q=12T59 r=0 k=2
31358010927693801609,0,-24261346249732340208,0,4478284465549008084,0,-408844622984319980,0,22577210955801910,0,-823664705285644,0,20721708365330,0,-365870956420,0,4526868501,0,-38420992,0,212830,0,-692,0,1 # block t=3641 q=12T59 r=8 k=2
2173240410552,0,-3331236832488,0,1996932911400,0,-669616777620,0,144357106974,0,-21412548144,0,2260982989,0,-172189903,0,9420704,0,-361978,0,9287,0,-143,0,1 # block t=3641 q=12T88 r=8 k=2
820362895381,0,-3799552349681,0,6817250191731,0,-5580474170090,0,1499129734316,0,563273643273,0,-315254719761,0,-23457748795,0,19285768842,0,-597457440,0,34478612,0,-266388,0,1 # block t=3641 q=12T88 r=8 k=2
4943280339709868024584,0,4933841304918422354416,0,-4961937842404483393108,0,599624346976913647872,0,302870979772476347840,0,-77971096569362830632,0,4129599775192651323,0,111649410133787520,0,579857606438355,0,895809083338,0,350746550,0,39826,0,1 # block t=3641 q=12T59 r=8 k=2
3696134652428288,0,-7087099547222016,0,4446761953263616,0,-1201498240319488,0,194123035246592,0,-20638563958784,0,1505590689792,0,-75822309376,0,2541979392,0,-51799808,0,525984,0,-1424,0,1 # block t=3641 q=12T59 r=8 k=2
571982477009,0,-3595569725232,0,10385607499220,0,-11087172917348,0,7537020503526,0,-3822983573788,0,599504452042,0,-92204824796,0,4118925965,0,-56756264,0,353686,0,-1060,0,1 # block t=3641 q=12T88 r=8 k=2
240309896310784,0,-351886573553664,0,153945268569088,0,-35151194635264,0,5013673618944,0,-484750984448,0,33074223808,0,-1618690496,0,56712096,0,-1392392,0,22800,0,-224,0,1 # block t=3641 q=12T88 r=8 k=2
792961,0,-27291472,0,-75470694,0,-50012464,0,-8868209,0,2442080,0,1137324,0,104992,0,-15089,0,-3344,0,-102,0,16,0,1 # block t=3641 q=12T59 r=8 k=2
67370564082236929109,0,45657648591097360596,0,-71782826336871943584,0,23402406718998177534,0,-2144748895594948052,0,-135555318959021592,0,19214289787877491,0,463494136918928,0,3172960739731,0,8270845261,0,9583609,0,5065,0,1 # block t=3641 q=12T59 r=8 k=2
943880806977973789,0,-3448803783609410870,0,4700802389932037143,0,-2815519027851041160,0,614329090848615941,0,-2837095533290458,0,8544120845493791,0,-398757057577398,0,2262027747685,0,-3168285484,0,33812203,0,-154390,0,1 # block t=3641 q=12T59 r=8 k=2
1282123953542599,0,-3957092781448638,0,5161001689419622,0,-3525562676027206,0,1316502539894829,0,-255975311902682,0,21321369638140,0,-444608503780,0,15812659334,0,-224076248,0,97620,0,-4490,0,1 # block t=3641 q=12T59 r=8 k=2
7794672295512188008,0,-6898260259160748912,0,1395159239174526472,0,-141667020552770592,0,8777397975381352,0,-360359714822832,0,10202455611592,0,-202506947664,0,2814081254,0,-26821920,0,167036,0,-612,0,1 # block t=3641 q=12T59 r=8 k=2
27241829234033,0,-95092545156668,0,172451641295186,0,-173763924912812,0,71384399739471,0,4061696548616,0,-5016398815812,0,-1210338554040,0,-379939553,0,6466100,0,-72686,0,100,0,1 # block t=3641 q=12T88 r=8 k=2
85947295725,0,243998734860,0,237503403909,0,96990462558,0,11845800207,0,-2672885790,0,-789850359,0,-30868290,0,4492989,0,133164,0,-5661,0,-48,0,1 # block t=3641 q=12T59 r=8 k=2
2488248668878183,0,-2434152490562496,0,810980389475040,0,-148946882365336,0,17642079234441,0,-1443272531976,0,84178733442,0,-3538437408,0,106597494,0,-2247520,0,31512,0,-264,0,1 # block t=3641 q=12T59 r=8 k=2
15646135805935839125,0,93308565348017935000,0,143233470822255363150,0,92950600069372237248,0,29061017643634859191,0,4113113363349520080,0,140623068881360692,0,-12451261132293856,0,101587980138579,0,-248772883112,0,152674270,0,-26016,0,1 # block t=3641 q=12T59 r=12 k=0
81675675001211,0,121464238252824116,0,-5593052564729144597,0,-657948246833154486922,0,-4132324355199035504972,0,-4967563614500490088028,0,3934792248365436748407,0,-46295727123247392828,0,-245315346283071420,0,195181332280224,0,-5555707286,0,-359218,0,1 # block t=3641 q=12T59 r=12 k=0
1,0,14,0,23,0,-82,0,-89,0,188,0,69,0,-164,0,5,0,48,0,-9,0,-4,0,1 # block t=3641 q=12T59 r=12 k=0
20753231939973,0,61028045136297,0,57136450522998,0,21770995709155,0,3156665416602,0,-22074343874,0,-35748481763,0,-281027413,0,154594760,0,-5308948,0,72239,0,-440,0,1 # block t=3641 q=12T59 r=12 k=0
13947361225408,0,37501900322016,0,8715768112272,0,-52661013629288,0,-44153543325924,0,691821501210,0,6987712956207,0,-45487068984,0,-9981833139,0,95583226,0,103458,0,-1338,0,1 # block t=3641 q=12T59 r=12 k=0
32086250921992825,0,79296692697740634,0,56549478444225838,0,16751525064983188,0,2067175822206158,0,36315038860056,0,-10885015586289,0,-346937339912,0,22115168836,0,-294571546,0,1313239,0,-2116,0,1 # block t=3641 q=12T59 r=12 k=0
198213144093,0,995795349013953,0,872095075084930617,0,-48608838166035978767,0,16302651649401883925,0,-939063208332384884,0,-26966276170623838,0,206329821599905,0,1349495359996,0,219884462,0,-2543250,0,-141,0,1 # block t=3641 q=12T59 r=12 k=0
590465538476835489593,0,-5101785177853897656891,0,-7867726564441447338030,0,23017897440238334305819,0,6813429763939270348719,0,301731823855378393862,0,-12884992930220848793,0,-42182486557810698,0,193108313737636,0,-67735545419,0,-31036302,0,3342,0,1 # block t=3641 q=12T59 r=12 k=0
301053219455232765,0,1487502639179463024,0,944366516059203396,0,220978090608566238,0,15271903956984381,0,-1802786038638084,0,-310144169572776,0,-8857325067714,0,305709835176,0,-2377900638,0,5715990,0,-4518,0,1 # block t=3641 q=12T59 r=12 k=0
12193425205003,0,27271698638268,0,21109767295638,0,7168043437681,0,923766047337,0,-37121339962,0,-15196801542,0,66351053,0,87014890,0,-3672399,0,57709,0,-396,0,1 # block t=3641 q=12T59 r=12 k=0
14252722280669733367,0,52228448557357420842,0,68642387512823424755,0,37532152108901881742,0,3541308720867279787,0,-4770402316889805870,0,-1873359907843813099,0,-202206069088340504,0,2362735956000135,0,-3888175862158,0,1680377461,0,-79820,0,1 # block t=3641 q=12T59 r=12 k=0
531441,0,34638261498,0,4754942159787,0,14715556963884,0,-32025148379739,0,3978821714616,0,4981980327651,0,-300658880592,0,-1442037735,0,88643916,0,-249651,0,-732,0,1 # block t=3641 q=12T59 r=12 k=0
73591874070133467560,0,-250793778753385829792,0,232073625469300126308,0,112365760759830294616,0,-338461292555665631100,0,230979673572395147036,0,-66711795377923925277,0,6924430975335742984,0,31463913853727047,0,37249254385742,0,6018004718,0,190218,0,1 # block t=3641 q=12T59 r=12 k=0
1581938665,0,3523100231629854,0,4354231885099920901,0,299431676277879434,0,-883660996326450477424,0,1013120972185245272856,0,316327450042809189573,0,-5461266380106338890,0,-2271799942978970,0,11656651180174,0,-1421856554,0,-70724,0,1 # block t=3641 q=12T59 r=12 k=0
6115810564541206528,0,30016459141131780096,0,27033570996206410752,0,9097946639766537216,0,758579481525976832,0,-249103018577383680,0,-59983027417942208,0,-3481650360582016,0,45976299891824,0,-143161033760,0,119994324,0,-21228,0,1 # block t=3641 q=12T59 r=12 k=0
8570337431611694341,0,23771988748148239017,0,24185247004615476660,0,11680904602535472832,0,3079411535740154832,0,421634173837081302,0,42093288814558191,0,2664434412364176,0,102600159980256,0,-97949819297,0,41995305,0,-9885,0,1 # block t=3642 q=12T59 r=0 k=1
1741104841700100968,0,1846087927826942688,0,402452830977866648,0,43429164247235424,0,2874034937327036,0,127747651747968,0,3983551010208,0,88698120672,0,1408049398,0,15599640,0,114758,0,504,0,1 # block t=3642 q=12T59 r=0 k=1
724631551729,0,-1343434862368,0,553294224836,0,31785873900,0,62868996038,0,-28286702876,0,-632605030,0,568217764,0,21892733,0,-870152,0,14262,0,-116,0,1 # block t=3642 q=12T88 r=0 k=1
42737752660180936,0,256284543103739340,0,640651669748649070,0,854811468632855145,0,642600421361136642,0,258675535256482160,0,44082050722855703,0,302078336468319,0,1733173073841,0,2339938781,0,3589252,0,1699,0,1 # block t=3642 q=12T88 r=0 k=1
10981966614082045099,0,10478761930277810218,0,2480810582373027464,0,296045143445576818,0,21675247669583793,0,1058927475229243,0,35843561558584,0,849214941069,0,13897444951,0,150544891,0,980652,0,3009,0,1 # block t=3642 q=12T88 r=0 k=1
123738817,0,-195337602,0,150233964,0,-72304988,0,24270651,0,-6079032,0,1215528,0,-207900,0,31716,0,-4178,0,432,0,-30,0,1 # block t=3642 q=12T88 r=0 k=1
27421146691665521152,0,50424088384801993216,0,37608835973028717568,0,18079817825250903552,0,5685966393621960512,0,598952379967479808,0,-24767822067233120,0,6210896270820032,0,-4863760515680,0,-1059037176,0,4885372,0,-3444,0,1 # block t=3642 q=12T88 r=0 k=1
2646293,0,4276964,0,219178,0,-1823352,0,-321994,0,101500,0,37234,0,11464,0,3269,0,700,0,114,0,12,0,1 # block t=3642 q=12T88 r=0 k=1
7401472,0,-2097152,0,-2646016,0,724992,0,524800,0,-189952,0,-14720,0,19712,0,-3536,0,-320,0,192,0,-24,0,1 # block t=3642 q=12T88 r=0 k=1
128813981108169469,0,115258543929021080,0,-49181995747834278,0,-43304102193623188,0,34684082540066023,0,33095244442009334,0,8137804096409860,0,488693014228042,0,-8232199565906,0,24813631608,0,64255966,0,179862,0,1 # block t=3642 q=12T59 r=0 k=1
193906816697078521,0,1031303730929480520,0,2462905368498296610,0,3371819040276742896,0,2745896126935321193,0,1238212792474547548,0,241979215428018346,0,3370073151432564,0,18158385669342,0,49149487400,0,58888816,0,28460,0,1 # block t=3642 q=12T59 r=0 k=1
4647546781696,0,5110431219712,0,684153372672,0,-1080332320768,0,-406548783104,0,50994823168,0,55347147264,0,11252848384,0,905956544,0,6174816,0,41744,0,232,0,1 # block t=3642 q=12T59 r=0 k=1
9156202387941593088,0,5986837622831357952,0,803547480780103680,0,61916453353662464,0,3543184567793152,0,155937089836544,0,5061539504000,0,116871604608,0,1874332272,0,20303296,0,141248,0,568,0,1 # block t=3642 q=12T59 r=0 k=1
32100596158464,0,40589606117376,0,18558785120256,0,4133156829184,0,476538478336,0,-8369464320,0,830497536,0,328403712,0,20834928,0,52320,0,2792,0,24,0,1 # block t=3642 q=12T59 r=0 k=1
276357069353,0,-404060272686,0,220585351070,0,-54737549770,0,4774380943,0,509789644,0,-42832232,0,-26647196,0,2976711,0,139378,0,530,0,6,0,1 # block t=3642 q=12T88 r=0 k=1
1819810218644848289,0,-3636029394723380402,0,3424932671637755951,0,-2202826747903220576,0,738528298254791213,0,-137022806661971622,0,21470213381138531,0,-938755146761770,0,4892831574281,0,-17191235736,0,-85511861,0,-118842,0,1 # block t=3642 q=12T59 r=8 k=0
51841051897769,0,-239689786850814,0,458867846351994,0,-469401276464506,0,275791650549044,0,-91968051099008,0,15247031565036,0,-692018160296,0,13437628679,0,-130670684,0,695418,0,-2042,0,1 # block t=3642 q=12T59 r=8 k=0
1727930137473,0,-1912683151116,0,772281232578,0,-165569094940,0,23786361199,0,-2672718104,0,254305052,0,-20132504,0,1263855,0,-63452,0,2626,0,-76,0,1 # block t=3642 q=12T59 r=8 k=0
25166713861761121,0,-43451964030814972,0,31789932897527712,0,-12838020632784484,0,2995718648560774,0,-389705092599728,0,26445760007074,0,-1041998917376,0,39446321537,0,-320019880,0,1103718,0,-2364,0,1 # block t=3642 q=12T88 r=8 k=0
31618481938632,0,-56218157400168,0,41004005166972,0,-16440611772996,0,4043224175688,0,-645701007456,0,69429879081,0,-5146817274,0,264587634,0,-9184320,0,199035,0,-2130,0,1 # block t=3642 q=12T88 r=8 k=0
1488233214911108911104,0,-4895850012854325166080,0,6500184590880927995904,0,-4317634183816224313344,0,1265914602090828955392,0,27735189342237210624,0,-60354319353291075328,0,-6507531556031994368,0,-715893044035728,0,226279958464,0,34286232,0,6704,0,1 # block t=3642 q=12T88 r=8 k=0
534085479242020757,0,8688292154831778934,0,14180703835913326963,0,4898275759628166876,0,-3378070466677442211,0,-2269096017113797130,0,-146115145332843945,0,78263246298788390,0,643837505203973,0,-602253554780,0,-652439109,0,9086,0,1 # block t=3642 q=12T59 r=8 k=0
7595743,0,-27866728,0,45329488,0,-43209252,0,26902785,0,-11557982,0,3532458,0,-780082,0,124656,0,-14156,0,1086,0,-50,0,1 # block t=3642 q=12T59 r=8 k=0
225710545659751208,0,-167595526965014288,0,58195825852537464,0,-38855796842591000,0,3573666808079156,0,-447489861738624,0,45841273534044,0,-2405604424160,0,56683567056,0,-385250728,0,1350546,0,-2024,0,1 # block t=3642 q=12T88 r=8 k=0
285396107484481,0,-321351379096692,0,130878591863292,0,-29132442303152,0,4131741002058,0,-401775655572,0,27786645834,0,-1386686124,0,49778685,0,-1257200,0,21246,0,-216,0,1 # block t=3642 q=12T59 r=8 k=0
109179565635087298233,0,-106785297128396214612,0,26839936874066879268,0,-2302398063640846540,0,105705567669293262,0,-3063923018777816,0,60495992198088,0,-842609310560,0,8353832489,0,-58120728,0,271406,0,-768,0,1 # block t=3642 q=12T59 r=8 k=0
27690818049012622934773,0,-18816444093085830857176,0,1835808971945663948030,0,-86196531867869738608,0,2462447329415247543,0,-47097025457854992,0,630944215971156,0,-6030881826240,0,41090457203,0,-195449688,0,617870,0,-1168,0,1 # block t=3642 q=12T88 r=8 k=0
6365179117742887,0,-7549655672028639,0,4268265921730173,0,-1750788779133901,0,476370243547236,0,-80191693474758,0,8384847531261,0,-545877824058,0,21618524088,0,-492469879,0,5874618,0,-24285,0,1 # block t=3642 q=12T88 r=8 k=0
30698405131561,0,-62186914675284,0,103565834717562,0,-158689506371188,0,103011037560063,0,-8174080899432,0,-7489299504756,0,-599686063560,0,3513978423,0,10221884,0,-25446,0,-324,0,1 # block t=3642 q=12T88 r=8 k=0
223862884392391,0,-727047766107934,0,995863352675242,0,-738206950125186,0,314168256999538,0,-73987628942752,0,8052808513324,0,-152103792664,0,-9713294543,0,-148462868,0,-951954,0,-2418,0,1 # block t=3642 q=12T59 r=8 k=0
66870560791,0,314841985799,0,-239060367614,0,27986397918,0,4388078965,0,-719121634,0,-30048745,0,6252174,0,127770,0,-24527,0,-479,0,38,0,1 # block t=3642 q=12T59 r=12 k=0
313490253376139399299,0,307742493490529656704,0,-116320883953906874814,0,15524434416996914396,0,-995581304750452635,0,29307561517270386,0,-136554681963522,0,-10211929657578,0,86334567372,0,1796263340,0,5210562,0,4434,0,1 # block t=3642 q=12T59 r=12 k=0
154796217356593129,0,554294842388781534,0,566001620170630080,0,260078799098881678,0,58623824562200379,0,5607742788762246,0,4047314120394,0,-20437577518068,0,514845920736,0,-3260052164,0,6926544,0,-5358,0,1 # block t=3642 q=12T59 r=12 k=0
5137733669451051248593,0,8186999752280945941690,0,2400783735618851216451,0,293128579198294720569,0,16387950245686244976,0,298157577574808758,0,-6392429842946813,0,-178981280347912,0,2161972682227,0,-6782503854,0,8625276,0,-4841,0,1 # block t=3642 q=12T59 r=12 k=0
4096,0,135168,0,572416,0,649216,0,-35584,0,-323840,0,-37696,0,53952,0,16,0,-3744,0,668,0,-44,0,1 # block t=3642 q=12T59 r=12 k=0
1496724267529,0,216844109245135,0,154395625381332,0,36333093979916,0,2066221020659,0,-340144819940,0,-35501366545,0,1075399288,0,103272118,0,-4528069,0,66843,0,-426,0,1 # block t=3642 q=12T59 r=12 k=0
3439217018827985473,0,3987990305212285112,0,-1279291291156916557,0,139937652102186258,0,-6180642949256715,0,19080087063596,0,6514632756023,0,-109405057150,0,-2601610661,0,37526014,0,668403,0,2462,0,1 # block t=3642 q=12T59 r=12 k=0
1493117813608693,0,14656474190005752,0,26399971675982823,0,17769427030794018,0,2963201099710847,0,-1946117332635810,0,-937234803405347,0,-108801573768188,0,2873518743239,0,-17895129220,0,29998581,0,-10614,0,1 # block t=3642 q=12T59 r=12 k=0
15205,0,28874567862,0,24096100042443,0,-1074665233188,0,-2508632781053063,0,4507452097292662,0,1534564209922599,0,-131295375075586,0,327593307213,0,6799947636,0,-10022413,0,-3210,0,1 # block t=3642 q=12T59 r=12 k=0
7584256870037905803175,0,28031164875262816835658,0,-4488760702176835184214,0,272327330833148723522,0,-7313641265293571196,0,49024692054256968,0,1537522527936318,0,-24970566352500,0,-68824348101,0,1935067352,0,5946834,0,4794,0,1 # block t=3642 q=12T59 r=12 k=0
1877847978002787817,0,-1437213229662064796968,0,26149757773875647586870,0,-5489693769943622052666,0,-86138597384632589481999,0,-38983683360792178555248,0,8367116365011106012846,0,223571615368644698134,0,15058142317310866,0,-216873939115758,0,-15606644824,0,243014,0,1 # block t=3642 q=12T59 r=12 k=0
856603986600442323101,0,-114910777424420874800,0,-1550564055782708752586,0,751267443318742551096,0,364100854203618550471,0,-256883831668145861056,0,30195829569604693060,0,737630594187882960,0,-637268064835781,0,-3555953765456,0,-616105498,0,48184,0,1 # block t=3642 q=12T59 r=12 k=0
42729711279793,0,9639665233916114,0,-6779929499610645,0,1878208796626760,0,-246655316140235,0,12569512230494,0,336132668535,0,-50776669058,0,206634397,0,58340092,0,555543,0,1462,0,1 # block t=3642 q=12T59 r=12 k=0
1162466926786521,0,12209008214002005,0,-3931711181308428,0,398179460903320,0,-5084333825083,0,-1512540535219,0,77191031128,0,290765225,0,-70808436,0,-73478,0,26127,0,304,0,1 # block t=3642 q=12T59 r=12 k=0
32390256905757171101,0,241580609567949101126,0,-1141189600171705462229,0,1176088253315392157484,0,-255560190350765851259,0,-139510575846595103962,0,48694603267443029879,0,582914261774899450,0,-1870050909415335,0,-3993192160088,0,-523866517,0,53242,0,1 # block t=3642 q=12T59 r=12 k=0
3173264346332019997,0,226313157277511702,0,-46172983845811617745,0,-82419424866692759748,0,-37604375275964792031,0,4205599109563090902,0,3677709412508778411,0,-106903442053160626,0,534802038603161,0,-847622826048,0,344600695,0,-39046,0,1 # block t=3642 q=12T59 r=16 k=0
25961635389858561599296,0,112646595801861750545056,0,28236336723999571681712,0,-98813550516635068632456,0,-19572003547934730114996,0,18003621380441715623442,0,3322626897961937748767,0,-55920893466065334160,0,146396061788795135,0,-92422547581150,0,9659355597,0,-253516,0,1 # block t=3642 q=12T59 r=16 k=0
336434472907,0,3519573341544,0,-684429430646,0,-6666092964376,0,879947007989,0,1331413960094,0,-132184309114,0,-70129698858,0,4716002188,0,-96705072,0,659858,0,-1534,0,1 # block t=3642 q=12T59 r=16 k=0
180908813061833755735637,0,666848571539110658332218,0,558915517110462407269071,0,-440501466561303632161996,0,-703621360631983312594291,0,-99689278560677969833918,0,89630176112418496536695,0,-823649740186210455634,0,1030651440462704669,0,-372764713479356,0,24830012539,0,-371074,0,1 # block t=3642 q=12T59 r=16 k=0
765826959808,0,-1162376190106944,0,40599027180798928,0,-74492292473434192,0,-270048747588215888,0,83895096600704964,0,234130042662589881,0,-16455865034371168,0,-34273943282312,0,411016012738,0,-149607175,0,-23822,0,1 # block t=3642 q=12T59 r=16 k=0
606659751329,0,7013987698918,0,2261532391172,0,-2229018214028,0,561968348744,0,-71084005916,0,4997515702,0,-179112678,0,1155239,0,134298,0,-3496,0,-14,0,1 # block t=3642 q=12T59 r=16 k=0
669028175661515605,0,5644512987409757474,0,-3533604538760173527,0,538511047537719426,0,-38460279061728790,0,1502445949778324,0,-32143427701689,0,299570319990,0,1063264264,0,-40508810,0,126632,0,1084,0,1 # block t=3642 q=12T59 r=16 k=0
48519858349530174233367,0,145610951207744851748118,0,20794958846102367198306,0,-2170998342882546297974,0,-359642723441569450694,0,7320394534063926790,0,1344896019910086699,0,-14614700666431656,0,49907819048119,0,-65967353199,0,38485739,0,-10175,0,1 # block t=3642 q=12T59 r=16 k=0
87199414820185,0,-17837763069046716,0,-57905012252676544,0,-52826705062377732,0,8600764054260126,0,33118007368122732,0,11023992221040278,0,-637617853025712,0,8940529471201,0,-37376157188,0,41185806,0,-13704,0,1 # block t=3642 q=12T59 r=16 k=0
145034779576469570781761,0,-11736671567354156956752,0,-168122859675728172512514,0,93342919034988163151332,0,-1008154608113874181350,0,-8665869276095935030930,0,1680380104678814607749,0,-77371458306254471096,0,-49719593182480264,0,161015518306934,0,-11359180567,0,-243704,0,1 # block t=3642 q=12T59 r=16 k=0
329752974013,0,2549651413468,0,-1198279775437,0,-1080650284478,0,145625554223,0,112951142844,0,-1688334031,0,-2052230266,0,170943819,0,-5368370,0,75313,0,-462,0,1 # block t=3642 q=12T59 r=16 k=0
3323213843263488,0,7824733570492416,0,-806345938913280,0,-1042675762376704,0,-5686279766784,0,35299865058176,0,1435553505280,0,-190637082272,0,5267095136,0,-61598864,0,349412,0,-952,0,1 # block t=3642 q=12T59 r=16 k=0
600918059633152,0,2675604507563520,0,958093768614144,0,-2080249433169088,0,-363237439441472,0,457373730067440,0,7475920067112,0,-20830201775208,0,906734091244,0,-10049778552,0,20204108,0,-9918,0,1 # block t=3642 q=12T59 r=16 k=0
34230756370757350198475,0,134520875793413040268330,0,-62953691315321051622074,0,11744388344262459268650,0,-1154810634598211023130,0,63454624158824656708,0,-1843969758384945778,0,21574172064962756,0,33219778148541,0,-404951476552,0,-162136528,0,23522,0,1 # block t=3642 q=12T59 r=16 k=0
2638400095867827694168,0,2638138461736978092960,0,-19106463217847497774480,0,25850845338460282181736,0,-16415814210888412802470,0,5530079958255757683888,0,-954681988157975854379,0,66251313367792509916,0,57296713103126369,0,-125472017370600,0,-13160771097,0,205908,0,1 # block t=3642 q=12T59 r=16 k=0
28647266012132352961,0,-82669547912843547206,0,99617244546266302439,0,-64401511411362606640,0,23765709023817797721,0,-4865645375542300514,0,479382405086686247,0,-14237298092006850,0,102640271219641,0,-244682738856,0,150740831,0,-25862,0,1 # block t=3642 q=12T59 r=24 k=2
447019513199628008615405,0,-714500459059651977697872,0,446221819203761971606353,0,-140623691813096980669042,0,24245523669149269680369,0,-2287146994524257922734,0,108884042298557282819,0,-2074349744062922072,0,8438655608637811,0,-10455718878284,0,2340942383,0,-115034,0,1 # block t=3642 q=12T59 r=24 k=2
10970148984385695337987,0,-25300770591162903147402,0,21446796128142689950932,0,-8791988603272273055110,0,1872005226753443851971,0,-202202945563087046412,0,9776386250126669184,0,-144519255908128116,0,739163510239833,0,-1029891835306,0,383463564,0,-46278,0,1 # block t=3642 q=12T59 r=24 k=2
7314351177778603227160,0,-17009956650487642673648,0,15359888130330316605556,0,-7212831016126159934336,0,1929066426720452553300,0,-295605076531839359828,0,24151731042821716991,0,-842141220914318608,0,4903218603176191,0,-8181120908212,0,2086726177,0,-110200,0,1 # block t=3642 q=12T59 r=24 k=2
1083568772490265859395,0,-4451675827458293222178,0,7469393313702480769037,0,-6554361521457155851866,0,3182576456130831826645,0,-821210984903472360476,0,93855577453449781607,0,-2132955242326232762,0,10481546919641247,0,-12224490132838,0,2475616697,0,-136770,0,1 # block t=3642 q=12T59 r=24 k=2
32572479058651648,0,-125706420427859968,0,193456025538077568,0,-151323651820233664,0,63595447383995992,0,-13980244914503904,0,1437816162791773,0,-52120780796350,0,674338762813,0,-3512606590,0,6882062,0,-4892,0,1 # block t=3642 q=12T59 r=24 k=2
34030769659845197,0,-94799668904670284,0,96688310073247910,0,-43960513407864300,0,8934341255783751,0,-879390390405880,0,43853846753604,0,-1140605522328,0,16033028491,0,-124251324,0,527606,0,-1148,0,1 # block t=3642 q=12T59 r=24 k=2
2639275121323537,0,-5261411358993446,0,4277063624072094,0,-1853549192265656,0,471450533276014,0,-72679462015436,0,6727795451016,0,-356021083678,0,9842018803,0,-131834722,0,745878,0,-1594,0,1 # block t=3642 q=12T59 r=24 k=2
582003159268743,0,841283027118864,0,366661791438066,0,66137165235666,0,3955100425677,0,-230090298408,0,-33455333610,0,-412778754,0,77403276,0,5310954,0,92430,0,642,0,1 # block t=3643 q=12T66 r=0 k=2
587000,0,2327800,0,4229660,0,4657552,0,3461512,0,1828846,0,704209,0,199120,0,41046,0,6020,0,597,0,36,0,1 # block t=3643 q=12T66 r=0 k=2
2211529365433,0,2686906387260,0,1171683741930,0,244219588092,0,23175889567,0,595512,0,-203785620,0,-15173352,0,151815,0,77580,0,4426,0,108,0,1 # block t=3643 q=12T66 r=0 k=2
14012797301113952019761,0,44512140276130151988292,0,79412320466168898885954,0,80367377714252233123252,0,39986093896506299620079,0,9139990055512801464264,0,621781794682017582140,0,13492646188521241608,0,9007230170633663,0,18024917961076,0,-4839621214,0,1057988,0,1 # block t=3643 q=12T66 r=0 k=2
282971338333538,0,563345442524736,0,466214838829532,0,209612170339982,0,56059336869175,0,9165219842336,0,905164004920,0,51546434044,0,1575268609,0,25177958,0,201454,0,744,0,1 # block t=3643 q=12T100 r=0 k=2
35168454366910548322663,0,22821405120679929857672,0,2206289714549532519614,0,102580993919189752226,0,2896403664897709495,0,54649631319981544,0,720992384701440,0,6775416010900,0,45306235993,0,211098728,0,652266,0,1202,0,1 # block t=3643 q=12T100 r=0 k=2
1115505683378753536,0,1287535288248905728,0,267156952496135168,0,31785833286810624,0,2634133556461312,0,153332122035968,0,6113184004608,0,162965929408,0,2812931120,0,29676928,0,172472,0,488,0,1 # block t=3643 q=12T100 r=0 k=2
5298817723845324121,0,5020802516929015274,0,978912538639840427,0,94806135495089444,0,5651850639785869,0,227175694425558,0,6431534574695,0,130557422862,0,1897891789,0,19347100,0,131651,0,538,0,1 # block t=3643 q=12T66 r=0 k=2
15083051634184,0,21687482067252,0,8173252161562,0,1686279606199,0,313150150695,0,82378068264,0,15716741463,0,962159133,0,32684589,0,1214573,0,27112,0,264,0,1 # block t=3643 q=12T66 r=0 k=2
1502400468200711701,0,1476837396668508740,0,346085475560305974,0,65047241753407020,0,10472526661139351,0,1124415200557480,0,84089347062116,0,4716963459160,0,208164156979,0,6016015700,0,120321414,0,60,0,1 # block t=3643 q=12T66 r=0 k=2
58517430166391309,0,25679281433264592,0,6596519502824004,0,77835228513704,0,3217783988653,0,-1911575233948,0,-141820949485,0,3752182064,0,236736155,0,371500,0,18751,0,24,0,1 # block t=3643 q=12T66 r=0 k=2
64389835652986378059408,0,137951478990972082620576,0,102475674337774838163000,0,31279965862471176525960,0,3623002717338519216625,0,96376751198476805584,0,1034231936468867308,0,5165103845778304,0,13412240446054,0,19052626640,0,14937396,0,6072,0,1 # block t=3643 q=12T100 r=0 k=2
2284641855481,0,5908210399918,0,6734792439254,0,4343572522728,0,1704400252095,0,408852385526,0,57587662340,0,4427382440,0,127910053,0,-4096978,0,53961,0,-328,0,1 # block t=3643 q=12T100 r=0 k=2
153126501276409,0,188109098393738,0,72323375354095,0,14004723714778,0,1579043091327,0,107222764254,0,4104819404,0,59610274,0,-1094297,0,-16180,0,2466,0,92,0,1 # block t=3643 q=12T100 r=0 k=2
492727054336,0,661396217856,0,198943059456,0,25326199552,0,3433452912,0,654236568,0,52110537,0,-2252592,0,-450522,0,-386,0,2049,0,90,0,1 # block t=3643 q=12T66 r=0 k=2
849310292777073311,0,523172869972957142,0,-328809347989103479,0,-430221860131829180,0,-176116397126984073,0,-36421362855906764,0,-4381621476003581,0,-354473099160876,0,-16577868554563,0,-319677895108,0,-221262631,0,-43656,0,1 # block t=3643 q=12T66 r=4 k=0
97140468576508309504,0,430834478319471714304,0,200448538234277310464,0,39958652600814157824,0,4219910787331859200,0,224791008449923072,0,3205689118333440,0,-133104820600576,0,1024526008784,0,-2985362912,0,4340912,0,-3216,0,1 # block t=3643 q=12T66 r=4 k=0
280351538709885376,0,500371910935921008,0,179004079571929140,0,25073132481389081,0,2493881713612873,0,252084328285875,0,11368277095910,0,-340476752222,0,-955665861,0,-42275585,0,113881,0,784,0,1 # block t=3643 q=12T66 r=4 k=0
89089605998026601,0,-165079814649775036,0,128019241652036922,0,-61796940193659748,0,13247460203954691,0,-3959623165664496,0,593246499178520,0,-28827569164504,0,61128530215,0,-2387603940,0,-17611778,0,-27860,0,1 # block t=3643 q=12T66 r=4 k=0
8356704015329,0,-16493343838618,0,12519185977365,0,-4814351057898,0,929314494336,0,-47345834662,0,-11193606541,0,1074240328,0,69593227,0,-603522,0,19062,0,-82,0,1 # block t=3643 q=12T100 r=4 k=0
433959178865176,0,-223327434211944,0,-15082495805544,0,6038229862840,0,738761216886,0,-60390224694,0,-6393999297,0,-344472336,0,3610557,0,283846,0,5772,0,-240,0,1 # block t=3643 q=12T66 r=4 k=0
23119635391,0,-27939656832,0,7524846909,0,1836357566,0,-1021532265,0,27124146,0,50652591,0,-10506366,0,868995,0,-32896,0,1023,0,-72,0,1 # block t=3643 q=12T66 r=4 k=0
137128234823363377790912,0,125703086501101974720240,0,-12579955754504808456588,0,468284481622362421969,0,-8015150155504718037,0,53583884286740165,0,27691826504498,0,654302428439,0,-32909416788,0,38299231,0,1043138,0,1476,0,1 # block t=3643 q=12T66 r=4 k=0
16415488988632081664,0,-42309710941352437760,0,47663415998187085824,0,-28990891848878563328,0,10059911395479143808,0,-1939334179898867328,0,177124078730157728,0,-5900180007545216,0,-12299600959280,0,-106003643712,0,-180815192,0,-80776,0,1 # block t=3643 q=12T66 r=4 k=0
255685113504870268192,0,-233401759689677460128,0,22625732546342953936,0,4717883872570452192,0,-63937637137120568,0,-17730889251047120,0,485408648273160,0,42270133655392,0,-1149748230344,0,-34644266804,0,1685245226,0,82124,0,1 # block t=3643 q=12T66 r=4 k=0
3352956928,0,-8116772864,0,8374768640,0,-4823252992,0,1715491072,0,-397300224,0,61557888,0,-6060032,0,265248,0,96,0,1236,0,20,0,1 # block t=3643 q=12T100 r=4 k=0
151488875474526043,0,-205286588620295562,0,63814553540658130,0,-9781793812242566,0,904176464748332,0,-54825638822456,0,2262613708513,0,-64146301236,0,1233297508,0,-15498000,0,118890,0,-500,0,1 # block t=3643 q=12T100 r=4 k=0
2109181147836019,0,-1574722722677712,0,-450041837745753,0,-68453537335654,0,-7662048060582,0,-708252676902,0,-57057645513,0,-3678888906,0,-166680990,0,-4847122,0,-81102,0,-576,0,1 # block t=3643 q=12T66 r=4 k=0
32890952894390977,0,-35962716530976540,0,9884053016674386,0,-877021878379980,0,-607216088008145,0,-21519813474360,0,25357104468988,0,2976087456648,0,146361135727,0,3519615060,0,35206226,0,-11964,0,1 # block t=3643 q=12T66 r=4 k=0
68775159592583168,0,247481378107195392,0,-2167526936682496,0,-3514936225255424,0,-174349758584832,0,5910295591936,0,855402104960,0,36770302336,0,867771472,0,12389440,0,106432,0,504,0,1 # block t=3643 q=12T100 r=4 k=0
1133453964331256,0,-1223616004526220,0,296648147977302,0,-7083315038697,0,2189758826205,0,-51863391968,0,-11246795237,0,-1473600035,0,41050043,0,-4195,0,18310,0,-184,0,1 # block t=3643 q=12T66 r=8 k=2
6320663669008,0,68820991607328,0,79421765691288,0,29716418926472,0,2851125853041,0,-254505791808,0,-19331526576,0,398807136,0,23843142,0,-179680,0,-8808,0,24,0,1 # block t=3643 q=12T100 r=8 k=2
85616472404431631225,0,254413732628092537110,0,56594969500065067727,0,5145391295776601572,0,232842179776714837,0,4870578323326948,0,5802623538479,0,-1622168068182,0,-23155972997,0,-3989358,0,1094387,0,-2834,0,1 # block t=3643 q=12T66 r=8 k=2
26890902214805253639997,0,49621735175301469994048,0,-1739954009032137519386,0,-194414956950995271960,0,1662488673662314951,0,241353472678587296,0,2151341310475236,0,-50920309198544,0,-812513770725,0,-3783158304,0,-5754602,0,-1496,0,1 # block t=3643 q=12T100 r=8 k=2
69589868178713384,0,-68375757349761776,0,19999727168702856,0,-3020244502400608,0,281300974572324,0,-17513310880440,0,757875445340,0,-23144621240,0,497168738,0,-7342172,0,70802,0,-400,0,1 # block t=3643 q=12T66 r=8 k=2
7254488619090469384,0,53309262646318144672,0,7013356026794351440,0,-108666128863030004,0,-30710894731389740,0,-2648585562216,0,24794094616074,0,40758373396,0,-4152476438,0,-29100731,0,7573,0,495,0,1 # block t=3643 q=12T100 r=8 k=2
296662871221,0,-445680296016,0,246949611912,0,-72176558784,0,12192480247,0,-1151753664,0,47098396,0,-60288,0,85723,0,-10416,0,-100,0,0,0,1 # block t=3643 q=12T66 r=8 k=2
23983459,0,10423362,0,-5504552,0,-6644674,0,-1993149,0,146100,0,215112,0,26844,0,-3495,0,-1046,0,-32,0,6,0,1 # block t=3643 q=12T66 r=8 k=2
1397763745353,0,2311024330692,0,865850366778,0,50605828164,0,-24725443265,0,-4093422136,0,-46502644,0,29629544,0,1794519,0,-16908,0,-3494,0,-44,0,1 # block t=3643 q=12T100 r=8 k=2
242575,0,-830090,0,-1641828,0,3640938,0,3149691,0,-4627588,0,-2519984,0,1570420,0,896693,0,117166,0,5972,0,130,0,1 # block t=3643 q=12T100 r=8 k=2
291393315106562856189952,0,-187338736864682177986560,0,18371929666225332748288,0,-819206149961358704640,0,20499554750232743936,0,-307230371416719360,0,2743342596581376,0,-13509653821440,0,29717592128,0,-27744000,0,204640,0,-720,0,1 # block t=3643 q=12T66 r=8 k=2
1841153023944,0,13819118465088,0,26807820521712,0,18395086434864,0,2722977462676,0,-1121033181592,0,-183137435324,0,1584999752,0,197295925,0,-276260,0,-27582,0,12,0,1 # block t=3643 q=12T100 r=8 k=2
16273794723800663709757,0,-16784709376175548073472,0,1647743439936634983948,0,-72556233948854521600,0,1824006760478350479,0,-28778269304812032,0,301387320586572,0,-2246016185856,0,13410467739,0,-70067200,0,289704,0,-768,0,1 # block t=3643 q=12T66 r=8 k=2
3112,0,4452,0,3526,0,-901,0,-2178,0,-3960,0,135,0,693,0,249,0,-77,0,-8,0,-3,0,1 # block t=3643 q=12T66 r=8 k=2
1754103472644918638,0,2700444578394770178,0,735529586489043556,0,80862266512832115,0,3906310619825581,0,53796725794520,0,-1538213673756,0,-37675904478,0,269021244,0,6223646,0,-41888,0,-141,0,1 # block t=3643 q=12T100 r=8 k=2
8589934592,0,0,0,-259314417664,0,0,0,162002063616,0,0,0,-1944892416,0,0,0,5030752,0,0,0,-4032,0,0,0,1 # block t=3643 q=12T100 r=12 k=0
335,0,1914,0,1991,0,-4152,0,-4761,0,4320,0,1691,0,-1658,0,-35,0,206,0,-25,0,-6,0,1 # block t=3643 q=12T66 r=12 k=0
1585292860,0,5480815308,0,128233020,0,-2402861440,0,603384156,0,119833956,0,-66348579,0,8699742,0,-178137,0,-35680,0,903,0,78,0,1 # block t=3643 q=12T66 r=12 k=0
36943734794345425,0,147539803533269130,0,180671020338964591,0,68101908904515808,0,7867276490001725,0,-29985253709034,0,-34991627501701,0,-108765692462,0,41755508777,0,-573187544,0,2354355,0,-3350,0,1 # block t=3643 q=12T66 r=12 k=0
578207808,0,-90699264,0,-982575360,0,-193680720,0,86395248,0,14486688,0,-3023892,0,-336312,0,49572,0,2997,0,-369,0,-9,0,1 # block t=3643 q=12T100 r=12 k=0
228780893705377069997,0,568174384861999622926,0,-3841538824515574372874,0,-2387657168962392601450,0,7043933627229534304423,0,1956150653942917162634,0,-3464272190477873091104,0,-52798006625340068130,0,558239302815062331,0,3297531816921400,0,47775919698,0,-493636,0,1 # block t=3643 q=12T66 r=12 k=0
391897444558562344904,0,141875831379025334718048,0,-473177021385253644188684,0,-186004549373544529221738,0,478624691108234648128114,0,11518836666225959254768,0,-82992603427181567069017,0,10573355390490470707365,0,761252122173621603264,0,-159392634340149067,0,-482056900302,0,3007869,0,1 # block t=3643 q=12T100 r=12 k=0
1731644597284290476225,0,1546356641787515664550,0,-830992422246152697675,0,145127722851506922570,0,-11088207029491280162,0,236305592176756868,0,17180851567371887,0,-1068487675342330,0,13984025063072,0,132018801026,0,141917756,0,41828,0,1 # block t=3643 q=12T66 r=12 k=0
250806272,0,960331776,0,-355024896,0,-166117376,0,78292992,0,-1160192,0,-2712064,0,170368,0,39616,0,-2592,0,-296,0,12,0,1 # block t=3643 q=12T100 r=12 k=0
19647675843704810768,0,144868867030706098048,0,-137658777024613628440,0,40248034039570769648,0,-5072817533606611191,0,298896684960912364,0,-7468957942874772,0,26482707069892,0,1056482737950,0,4470003124,0,7195636,0,4780,0,1 # block t=3643 q=12T100 r=12 k=0
