# IGP24 class field sweep: deg6.
10071,40725,44436,-42457,-116812,-29336,34971,-10126,30625,43058,12540,-2107,8325,4436,-4073,178,961,-255,206,98,-3,28,0,-2,1 # cft deg6 r=0
216379,211715,349434,342873,258003,305379,288159,167485,224715,99678,62767,47555,14625,663,10843,-5446,3636,-1535,720,-274,108,-24,10,-2,1 # cft deg6 r=0
100467,338733,40062,-657257,-138266,791678,1517425,1164986,665285,333654,202288,140881,105581,68624,38307,19812,8873,3541,1344,506,123,42,14,0,1 # cft deg6 r=0
75163511,-528496308,1179873674,-784363594,-177641936,439565336,-106901868,-115107160,84112782,-4585376,-16250360,5804642,1552567,-1550106,238796,104692,-30119,-7762,4010,-398,189,-182,68,-12,1 # cft deg6 r=0
68,0,-398,116,1239,-429,-1829,576,2193,-506,-1291,111,589,457,-121,-389,213,225,-91,-28,42,-6,-9,0,1 # cft deg6 r=0
1046844164,-1871084132,1193214866,-128178094,-175426873,39167140,121799138,-103500128,27180022,-1147716,373950,-2390262,2514635,-962062,32476,48184,14170,-16966,5156,-854,351,-210,68,-12,1 # cft deg6 r=0
10124,7820,45886,25086,84745,32216,94758,27814,80807,24224,52066,21022,25230,12876,9809,4660,3015,1228,646,238,95,34,11,2,1 # cft deg6 r=0
211280723,-534507500,837595202,-477784174,-35341268,177887884,-67689876,-50067704,86931082,-46044476,513696,9171298,-3637345,427086,68928,-54012,44305,-27862,10958,-2966,753,-238,68,-12,1 # cft deg6 r=0
8896,50400,87488,31152,76164,140992,84538,135616,115179,105701,107609,51776,67656,14453,27671,770,7181,-481,1063,-98,92,-4,8,0,1 # cft deg6 r=0
1419857,0,-3846879,0,5124259,0,-4633537,0,2943754,0,-1161151,0,233223,0,6729,0,-11362,0,259,0,295,0,25,0,1 # cft deg6 r=0
78608,0,-609212,0,2217497,0,-2526727,0,3191053,0,4648140,0,2845330,0,696478,0,124738,0,15272,0,1141,0,49,0,1 # cft deg6 r=0
4913,0,-93347,0,425119,0,719032,0,555917,0,253827,0,130638,0,80895,0,42141,0,12936,0,1943,0,1,0,1 # cft deg6 r=0
28550591,187289724,622981237,1033568122,886029392,89300654,218237329,152316528,-39757825,-30448566,-13285219,1721226,94872,538624,1369394,-612628,187982,-84850,39618,-14306,3701,-758,112,-12,1 # cft deg6 r=0
90697531136,-154689216512,144671308224,-81937989440,31181251584,-10709238864,7466445896,-7047533144,5229863321,-2963282974,1343034931,-503919182,160706841,-44356510,10875486,-2465926,575929,-156344,48786,-14320,3584,-714,112,-12,1 # cft deg6 r=0
22863471889,19984877532,23260965081,13914358272,7567910737,2372078874,876975622,-194901134,104909694,-99217402,56168527,-23828004,17100391,-5886004,3317492,-1137714,491796,-169702,58134,-16144,3836,-738,112,-12,1 # cft deg6 r=0
729,0,-1701,0,-810,0,-2079,0,6588,0,6075,0,1156,0,-9,0,152,0,113,0,34,0,7,0,1 # cft deg6 r=0
76033,298180,607223,769960,635213,457030,538214,777854,825415,574166,292463,195022,207594,187896,111425,36228,-657,-7694,-4410,-1314,-111,86,45,10,1 # cft deg6 r=0
4544,6976,-18752,-65632,-60424,90096,405424,777564,1047807,1070794,925797,751748,552775,346954,195248,104262,48924,19274,7248,2626,761,184,47,10,1 # cft deg6 r=0
435125,0,1305375,0,2076800,0,2104825,0,1444855,0,684585,0,234394,0,63230,0,14634,0,2808,0,381,0,30,0,1 # cft deg6 r=0
949184,2251072,1835808,1137760,2190200,2318520,123092,-757480,419267,438665,-676454,-725323,-32998,168948,32032,-10381,4519,3603,1431,1388,523,38,3,6,1 # cft deg6 r=0
623281,751156,4358941,-1850078,10143339,-7933160,10746156,-6878740,6612782,-4345578,3559303,-2303458,1579709,-906424,501967,-239646,107050,-41600,14906,-4636,1303,-310,65,-10,1 # cft deg6 r=0
16525456,-30402688,14669680,3625424,8620360,-10804040,2540516,-242948,718185,344682,-848960,83600,54932,20768,11475,-10288,3576,-2018,1449,-254,8,24,10,-6,1 # cft deg6 r=0
10256,70064,225904,437936,677364,850308,919800,893744,776967,611593,444910,294353,180604,102914,52646,25543,11381,4367,1709,574,157,58,13,2,1 # cft deg6 r=0
1593,-3186,5331,9008,-8068,9306,26198,-19654,38078,-10648,18285,6070,5117,1068,4476,-1188,1757,82,163,180,21,32,7,2,1 # cft deg6 r=0
2057,759,14361,-45294,81936,-161381,257526,-246117,184569,-125972,61136,-26805,24285,-13493,5604,-3255,835,283,-25,-122,22,4,-7,2,1 # cft deg6 r=0
16,120,564,470,-301,2219,7100,2571,-2173,3383,12338,-1960,-2131,5621,1153,-1619,814,613,-256,-52,142,-52,13,-2,1 # cft deg6 r=0
2749,7820,2974,104,723,-5932,17765,9094,11079,-3822,-7819,-11126,-1803,-1020,1380,1358,1183,178,318,-126,42,-38,7,-2,1 # cft deg6 r=0
71056,-1336,-46484,-5978,179453,-17161,-191850,-122825,97595,99155,18541,-10599,11117,6702,580,864,1678,-121,-148,132,53,0,-4,2,1 # cft deg6 r=0
36288,217728,737856,1568448,2935024,4623488,6069024,6510480,6055768,4964200,3545348,2260756,1289221,653250,297994,120913,44725,15331,4887,1555,473,131,34,6,1 # cft deg6 r=0
95383,131103,55296,-412307,-247051,90528,486874,9410,-87862,-141150,-952,10711,22726,2400,1054,-3587,-165,-259,912,495,308,101,34,6,1 # cft deg6 r=0
53,-128,286,-498,1034,-2178,3429,-3720,2483,390,-1642,2244,-494,-560,1259,-848,80,314,-243,70,28,-36,19,-6,1 # cft deg6 r=0
101203,-373302,781244,-1165084,1409647,-993774,-53499,343900,241183,-282276,-213109,320996,-112155,-2468,21201,-25060,20971,-12148,5224,-1592,385,-138,55,-12,1 # cft deg6 r=0
30625,0,-78750,0,50625,0,20850,0,-22750,0,-1500,0,4091,0,258,0,-164,0,62,0,36,0,8,0,1 # cft deg6 r=0
625,0,2500,0,2750,0,1300,0,4725,0,3860,0,3906,0,2032,0,966,0,328,0,76,0,12,0,1 # cft deg6 r=0
4957,50656,252358,733068,1274783,1185048,178316,-798812,-672907,109376,409598,193788,45559,12340,-18238,-22428,-3815,4488,1588,-668,-421,0,46,12,1 # cft deg6 r=0
4096,0,0,0,7168,0,0,0,5376,0,0,0,1472,0,0,0,336,0,0,0,28,0,0,0,1 # cft deg6 r=0
625,0,6250,0,26625,0,47950,0,41750,0,20260,0,8991,0,4478,0,1976,0,542,0,96,0,8,0,1 # cft deg6 r=0
1,0,0,0,-38,0,0,0,911,0,0,0,2348,0,0,0,911,0,0,0,-38,0,0,0,1 # cft deg6 r=0
4817,24896,68338,-127992,-9557,109288,117376,-227532,69753,145376,-41102,-45532,34799,32700,-3678,-9788,1185,4468,1128,-748,-421,0,46,12,1 # cft deg6 r=0
11393,19662,30416,-147612,316486,-554358,1155425,-1173428,487617,-298844,638516,-532368,119648,51314,-6869,-34804,25544,-5732,-2281,1928,-434,-60,55,-12,1 # cft deg6 r=0
9,0,36,0,192,0,429,0,599,0,218,0,-838,0,-409,0,506,0,-3,0,-33,0,2,0,1 # cft deg6 r=0
89461,-624438,2257579,-1070164,1045444,-250646,96645,-552525,-58183,-149789,106059,16161,60584,32607,37017,12891,7085,2143,1074,159,88,43,26,6,1 # cft deg6 r=0
9,0,18,0,12,0,135,0,575,0,548,0,346,0,49,0,-10,0,5,0,22,0,9,0,1 # cft deg6 r=0
1,-2,4,24,59,-234,1135,-3470,7837,-11196,12939,-9606,5329,-632,-563,174,725,-808,304,36,-87,22,11,-6,1 # cft deg6 r=0
81,0,0,0,252,0,1254,0,1576,0,937,0,505,0,-13,0,-116,0,24,0,29,0,-11,0,1 # cft deg6 r=0
11411,29677,1764,-14824,53619,22834,-31005,985,-19113,38606,21334,-44074,12259,6257,-893,1641,-1485,263,1019,-161,43,13,26,6,1 # cft deg6 r=0
34349,0,0,0,-26208,0,45633,0,33490,0,-26004,0,-2663,0,14232,0,4317,0,-375,0,-100,0,3,0,1 # cft deg6 r=0
15625,-78125,93750,15625,-3750,18125,13950,-26800,-8875,5125,-8350,-7825,4086,2440,1816,2835,3410,1490,720,235,120,15,6,0,1 # cft deg6 r=0
6057,0,6057,0,50667,0,22938,0,53393,0,94071,0,62529,0,12464,0,567,0,-57,0,57,0,5,0,1 # cft deg6 r=0
34911,-149985,487881,-830205,861109,-366460,33740,-27640,188875,-110180,33406,-6630,13741,-5090,-1456,220,1220,-695,25,-40,69,0,-6,0,1 # cft deg6 r=0
1918225,0,-2216000,0,678200,0,143750,0,-167350,0,69625,0,13655,0,-8350,0,605,0,100,0,-25,0,5,0,1 # cft deg6 r=0
625,-2500,625,11875,-16875,-17500,51750,-8625,-44750,125,38875,10250,-21500,-13175,5200,5025,775,175,-120,-170,-10,10,-5,0,1 # cft deg6 r=0
5625,26250,59375,69375,43125,17500,16500,35125,39250,21125,9375,8250,8150,8275,3900,-775,-375,-175,330,140,20,-10,-5,0,1 # cft deg6 r=0
1471,375,-124,1930,-7416,-6925,11215,6220,-6610,-135,2156,-3065,-1754,2040,1719,-50,45,235,20,20,-21,-20,4,0,1 # cft deg6 r=0
1611,-2445,-2884,8910,-856,-2195,615,-9850,12390,-11125,12026,-11495,9066,-4520,1999,-960,395,-325,20,50,-21,20,4,0,1 # cft deg6 r=0
625,0,1875,0,2500,0,750,0,2750,0,375,0,1600,0,350,0,475,0,105,0,45,0,5,0,1 # cft deg6 r=0
1,-6,48,-573,3654,-13166,30176,-46478,48158,-29649,3478,11152,-10956,4736,2852,-2048,1058,416,-201,68,4,6,2,-2,1 # cft deg6 r=0
136345861,-77814212,-269539737,465857468,-237178664,-185794752,545362994,-615169616,442885264,-247740262,124258488,-52885376,15757079,-1905796,-823232,590218,-221006,63524,-11246,-82,721,-222,58,-12,1 # cft deg6 r=0
77191,-210423,371689,-469568,178766,-104838,1459224,-3342192,3361014,-1322968,-592451,975178,-383424,-120757,198959,-81083,-4326,18913,-7721,92,1206,-578,139,-18,1 # cft deg6 r=0
44579971,-293494132,882920173,-1230086682,697569196,-16675672,-41797841,-26258356,-251301,5266458,871898,-3581706,1245084,667834,-427197,92058,42804,-39516,4649,3218,-1064,8,58,-12,1 # cft deg6 r=0
49,-637,4823,-23996,86682,-240687,520951,-889794,1221583,-1341601,1150413,-756289,381916,-157052,63459,-28966,12543,-4972,3024,-2508,1542,-596,139,-18,1 # cft deg6 r=0
2088025,0,-859775,0,151725,0,-139400,0,131950,0,-67000,0,290,0,-3395,0,1160,0,340,0,240,0,20,0,1 # cft deg6 r=0
59373,0,-98955,0,-43935,0,134655,0,246337,0,181650,0,71335,0,-32960,0,27011,0,-3235,0,630,0,20,0,1 # cft deg6 r=0
4809213,0,9618426,0,10964349,0,8091234,0,4230678,0,1614198,0,463633,0,101086,0,17074,0,2230,0,233,0,18,0,1 # cft deg6 r=0
534357,0,3503007,0,7854942,0,9082686,0,11162815,0,7472486,0,4826679,0,1015946,0,126623,0,10378,0,670,0,27,0,1 # cft deg6 r=0
47817117,0,-20027736,0,23177754,0,-31806852,0,18536167,0,-5451296,0,1178028,0,-286520,0,53051,0,-5800,0,634,0,-36,0,1 # cft deg6 r=0
6561,0,-65610,0,199017,0,196830,0,164106,0,89910,0,58833,0,34110,0,12766,0,2910,0,397,0,30,0,1 # cft deg6 r=0
10000,0,0,0,-8000,0,-38400,0,65600,0,-60240,0,76024,0,-54336,0,20576,0,-4416,0,544,0,-36,0,1 # cft deg6 r=0
236800,1331200,3833600,4968960,2378880,-1806080,-2951552,-1280384,80448,37632,-191104,-26432,159680,121984,24176,-9216,-3816,880,928,232,24,0,8,4,1 # cft deg6 r=0
6211237,15145740,20044896,12476340,4926230,1088972,1736664,1608820,654695,-323560,-497680,-297304,-77228,4792,15008,5896,1939,604,304,36,-10,-4,8,4,1 # cft deg6 r=0
1,0,-30,0,397,0,-2910,0,10106,0,-5790,0,-8507,0,5790,0,10106,0,2910,0,397,0,30,0,1 # cft deg6 r=0
509661,2343024,4847094,7876980,10650673,5637284,-5820198,-14745716,-15376410,-9229640,-1198306,3987124,5351949,4284988,2593426,1281500,530150,188088,57518,15172,3473,660,106,12,1 # cft deg6 r=0
1805200,2625600,6835200,6131680,6578000,6370400,7454288,5257056,2256208,-96528,-467744,-206992,44120,39184,4576,-11016,-3796,-200,508,-8,-56,-20,8,4,1 # cft deg6 r=0
5913,0,0,0,260262,0,357660,0,312643,0,77140,0,12168,0,-12180,0,2899,0,60,0,738,0,-40,0,1 # cft deg6 r=0
5913,0,11826,0,35541,0,28998,0,10,0,-2270,0,2685,0,378,0,-446,0,54,0,33,0,-10,0,1 # cft deg6 r=0
73,0,1898,0,19597,0,72470,0,138278,0,116990,0,50269,0,11518,0,1046,0,-194,0,-23,0,-2,0,1 # cft deg6 r=0
4113,-16722,24642,-27036,8079,149724,-201216,-179484,376114,83602,-321626,-33404,197547,4644,-88668,4812,28630,-4386,-5490,1140,603,-128,-32,4,1 # cft deg6 r=0
333,-126,-360,-108,-1488,2898,7629,-9924,-575,-7600,12232,-4510,5247,-6702,7284,-1020,853,-2310,1359,-72,-75,-40,37,-10,1 # cft deg6 r=0
21136,71104,179824,296896,232864,-68352,-293248,-210912,-1952,85760,47704,-8608,-18616,-176,8356,3640,-20,-888,-520,132,88,-4,-2,-4,1 # cft deg6 r=0
2647,1850,-5583,-2714,10948,-14420,11794,-7034,-3613,8152,-6804,6098,-785,-1564,1812,-1310,563,166,-152,58,-2,-56,39,-10,1 # cft deg6 r=0
220783,1373144,4232534,8449120,12108212,13121576,11731878,9177444,6349939,3988320,2457988,1538832,890608,416880,148924,45144,17053,8472,3222,688,140,56,14,4,1 # cft deg6 r=0
4969,11432,92752,185476,404574,357964,536504,493964,390843,300344,123724,-60416,-83920,12704,39004,3648,-10565,-4320,948,1068,82,-108,-20,4,1 # cft deg6 r=0
270768,-900384,2021376,-3512160,5024512,-6254000,6957072,-6883328,6297488,-5164928,3974856,-2749808,1791256,-1043208,569088,-273552,122812,-47612,17328,-5228,1484,-320,66,-8,1 # cft deg6 r=0
8752,37312,82368,85760,6992,-38848,-44384,-20304,32272,3728,29520,-17952,10560,-8904,10008,1936,5188,2160,1396,748,284,100,36,8,1 # cft deg6 r=0
432,-6048,29088,-48000,58192,-78848,40736,-14224,8832,37568,280,-512,-4240,-9984,-3312,2136,1388,-40,-164,-32,24,40,26,8,1 # cft deg6 r=0
576,-2880,0,13824,5856,-45696,960,121152,-69056,-41264,98624,-89648,58344,-5648,-16808,11072,-2640,-508,1196,-452,-58,84,-10,-4,1 # cft deg6 r=0
3,12,426,2556,12244,48132,129154,227468,315707,364864,355052,295120,241872,153040,105844,52928,30865,11780,5802,1604,668,124,42,4,1 # cft deg6 r=0
333,-648,780,8592,-1250,-15744,4376,18840,5559,-8336,-6136,1552,5620,224,1568,-32,-197,-296,204,224,174,96,40,8,1 # cft deg6 r=0
25243,188932,362370,17732,187580,212996,-120794,101160,17899,-146416,41484,-63288,-3840,4224,-132,3088,1033,444,274,244,164,76,30,8,1 # cft deg6 r=0
6906384,-4604256,-15859104,5371632,19465888,3351576,-4541184,-15985248,402472,10039884,-2356448,-300978,906071,-1114146,542868,-271476,106371,-29592,12160,-1674,909,-42,44,0,1 # cft deg6 r=0
767376,0,511584,0,-100448,0,296088,0,288764,0,35412,0,24329,0,10543,0,2014,0,427,0,82,0,11,0,1 # cft deg6 r=0
1585545168,91565376,879022432,-1665120640,204070336,615421672,-69823904,58614944,-194573280,61700160,43884164,-28980278,4670767,-1134654,859216,-133976,-63901,21852,-148,138,-291,-22,48,-12,1 # cft deg6 r=0
1404225,0,-2932875,0,2540475,0,-856500,0,-149075,0,187375,0,-29170,0,-9425,0,3565,0,-100,0,-85,0,5,0,1 # cft deg6 r=0
4258081,28453444,88875391,172736734,234307651,234963804,178608191,102059604,40506391,6871304,-4686224,-5446366,-3285109,-1392656,-373844,2464,71971,50784,23951,8754,2536,584,106,14,1 # cft deg6 r=0
1404225,0,2755125,0,2609775,0,1770000,0,887125,0,308875,0,97430,0,25675,0,4885,0,800,0,95,0,5,0,1 # cft deg6 r=0
1245001,5152858,9539889,10619822,9082841,7644788,5888149,3058452,520201,-553582,-523296,-255498,-117549,-52872,-2076,18892,13051,4578,2029,1342,506,58,-6,2,1 # cft deg6 r=0
59061901,237131614,510696561,720842804,712009931,524821604,325789951,205693404,141208801,92609294,53097906,27631794,13994721,6799704,2959296,1121104,383941,124224,37471,9934,2276,484,96,14,1 # cft deg6 r=0
1404225,0,177750,0,626625,0,263250,0,164050,0,-37250,0,29105,0,-1250,0,850,0,50,0,65,0,-10,0,1 # cft deg6 r=0
98671,-787946,1898892,-368794,5301266,-7603216,10355221,-4841772,4455859,612764,985812,406848,836289,-247758,440922,-141194,111439,-29058,15811,-3134,1301,-176,57,-4,1 # cft deg6 r=0
158341,343024,2812961,8893694,18872391,23983604,6203301,-22795356,-27898529,-7702276,9142316,10227834,4731991,1197624,266276,162184,101611,39144,9861,2194,756,304,86,14,1 # cft deg6 r=0
135391,1321606,4362877,1645354,9204361,12238716,16494641,23272572,23004439,14649866,8463292,6774122,5291939,2795488,956812,266944,110629,54438,18581,4014,796,266,82,14,1 # cft deg6 r=0
53577,0,125013,0,333799,0,123132,0,-30315,0,-45841,0,-15458,0,-341,0,1645,0,676,0,143,0,17,0,1 # cft deg6 r=0
53577,0,-446475,0,1264531,0,903600,0,3091533,0,1066435,0,-534674,0,-241225,0,181,0,13280,0,2579,0,-95,0,1 # cft deg6 r=0
5953,0,-416710,0,7213273,0,21879110,0,16150478,0,-4160710,0,-1374083,0,208870,0,146294,0,24970,0,2017,0,70,0,1 # cft deg6 r=0
5157025,-29706200,134138850,-59137000,-69420275,110766900,-5468150,-47453200,23707950,11066600,-8845150,-560600,1812985,10660,-54310,34160,-9570,-6840,-590,680,365,20,10,0,1 # cft deg6 r=0
153369,996354,3063639,5821164,7512133,6889704,4665394,2365574,898699,265468,172259,26444,115114,-8556,29603,-9176,3639,-1206,494,28,33,-12,3,-2,1 # cft deg6 r=0
59373,0,98955,0,-18258,0,-152250,0,154663,0,-263850,0,143203,0,12730,0,-781,0,4670,0,918,0,35,0,1 # cft deg6 r=0
4809213,0,-4809213,0,8967186,0,-5498766,0,295335,0,705594,0,-73541,0,-132354,0,60575,0,-11618,0,1138,0,-53,0,1 # cft deg6 r=0
6597,0,-39582,0,203541,0,-591366,0,878482,0,-713362,0,349437,0,-108310,0,21566,0,-2750,0,241,0,-18,0,1 # cft deg6 r=0
59373,0,316656,0,974514,0,970329,0,321763,0,47568,0,109483,0,80026,0,15869,0,95,0,273,0,-7,0,1 # cft deg6 r=0
15199488,0,25332480,0,46822656,0,34226496,0,26624896,0,6402048,0,1742032,0,97552,0,17744,0,-604,0,456,0,44,0,1 # cft deg6 r=0
59373,0,98955,0,501366,0,-480726,0,-14009,0,257022,0,-70433,0,-29402,0,21239,0,-466,0,-174,0,11,0,1 # cft deg6 r=0
534357,0,2137428,0,5704074,0,6549525,0,4289743,0,1701036,0,484579,0,67342,0,10421,0,179,0,177,0,-31,0,1 # cft deg6 r=0
175696,987584,3788704,10198976,21073584,34213728,43981152,44509248,34821408,20374240,8585504,2482672,588424,139024,10856,1600,11100,-1368,2400,-648,348,-64,28,-4,1 # cft deg6 r=0
30821376,34025472,-102853632,-109059072,173473792,313077760,117113344,-146229760,-188932480,-37065472,63895040,40272512,-232960,-5736640,-147616,929120,154064,-61648,-12544,3920,764,-208,-44,4,1 # cft deg6 r=0
21904,229696,1530176,6065600,17221488,32277888,43644256,40355872,24891440,6775936,-2349424,-3194864,-867880,337456,334544,47872,-38068,-15728,1624,1776,120,-112,-16,4,1 # cft deg6 r=0
347889,2094576,5353440,6952488,3270838,-3828168,-7976816,-5761696,-201681,3163472,2491864,447408,-399596,-204512,42072,54016,8671,-4512,-1496,392,198,8,-8,0,1 # cft deg6 r=0
6912,55296,124416,124416,429696,343296,493056,1329408,1194432,1473792,1730688,-643968,-2021408,-509280,658656,262496,-115752,-34416,18096,864,-1560,200,48,-12,1 # cft deg6 r=0
993,2592,3030,10020,26029,34332,57318,100744,92570,40736,36750,53988,36069,-812,-13758,-9552,-9174,-7528,-1918,1420,1357,532,122,16,1 # cft deg6 r=0
624441,-3945612,7174104,-184716,-5767538,203892,4092216,-6893828,3109319,1680344,1370592,-2233608,2183532,-1146680,595200,-331560,177855,-85804,39848,-16364,5302,-1244,200,-20,1 # cft deg6 r=0
78768,-391104,507120,-108480,-212336,1097056,995872,793008,1523920,1294688,673920,533776,404864,190864,113108,103296,70936,29256,6608,820,292,196,68,12,1 # cft deg6 r=0
1873152,9027072,25982208,44444160,47655936,31115520,8512128,-4285440,-5141568,-1688448,299328,317568,-37856,-70496,6576,23840,8704,-528,-1064,0,156,16,-8,0,1 # cft deg6 r=0
21312,217728,695808,757440,1472352,2798208,2604576,1916064,1343392,247872,-240880,752,48200,-34896,-8152,12384,-2192,-2880,1276,232,-246,40,16,-8,1 # cft deg6 r=0
1793392,3423776,3612880,3202944,2044352,795040,1293568,1596400,-66880,-483872,438192,213264,-216504,-16152,66732,-14120,-12112,5320,952,-896,44,84,-14,-4,1 # cft deg6 r=0
10800,21600,0,-33600,-15440,-22160,9344,34208,18872,-40544,-20880,22368,25272,1392,-13752,-1800,7892,3452,-932,-972,-210,36,38,8,1 # cft deg6 r=0
102384,396576,961200,68256,-568800,454608,1237104,-473472,-735168,394128,734616,36816,-303968,9776,137620,856,-35912,-2524,4376,-4,-272,-32,28,8,1 # cft deg6 r=0
24740272,82761728,121604448,115032640,90798832,60922928,30838176,11336544,4278712,2746032,1783360,767712,231400,40464,13888,18504,3268,-780,1176,-68,-206,80,6,-8,1 # cft deg6 r=0
344601,717984,1258128,762120,839638,782524,1935592,1219476,1121707,-229648,211764,-237920,243872,-236216,137396,-61272,25243,-8064,1868,-536,394,-212,68,-12,1 # cft deg6 r=0
15552,-93312,373248,-915840,1670688,-2684736,4593600,-5861376,5283456,-4654464,5462256,-5693520,3573304,-793728,-482528,394264,-69744,-33336,18268,-1716,-950,284,-6,-8,1 # cft deg6 r=0
26973,0,-71928,0,190566,0,-196416,0,340615,0,-238736,0,120164,0,-14624,0,-4805,0,-568,0,278,0,32,0,1 # cft deg6 r=0
333,0,1998,0,10881,0,29286,0,41710,0,35026,0,25089,0,9034,0,2270,0,578,0,133,0,18,0,1 # cft deg6 r=0
47952,0,-79920,0,20016,0,19008,0,15408,0,-12384,0,-7640,0,1860,0,1280,0,76,0,-8,0,-8,0,1 # cft deg6 r=0
2997,0,21978,0,24429,0,-54450,0,42778,0,-74634,0,55509,0,-12438,0,5006,0,-1386,0,117,0,-6,0,1 # cft deg6 r=0
26973,0,95904,0,141894,0,73656,0,-29817,0,-47328,0,-5852,0,2064,0,3899,0,640,0,118,0,-8,0,1 # cft deg6 r=0
2997,0,13986,0,49473,0,49338,0,26262,0,-132942,0,98113,0,-31542,0,8318,0,-2314,0,361,0,-22,0,1 # cft deg6 r=0
2997,0,-13986,0,36729,0,-59742,0,67122,0,-51966,0,28513,0,-11210,0,2926,0,-410,0,29,0,-6,0,1 # cft deg6 r=0
2997,0,-15984,0,83262,0,-132132,0,107227,0,-89628,0,77832,0,-30660,0,4943,0,-612,0,186,0,-24,0,1 # cft deg6 r=0
333,0,-3330,0,12177,0,-22794,0,36358,0,-30674,0,7857,0,3190,0,-1054,0,50,0,25,0,-6,0,1 # cft deg6 r=0
333,0,5328,0,20346,0,-14784,0,12595,0,-10164,0,-1656,0,2844,0,-145,0,-252,0,78,0,-12,0,1 # cft deg6 r=0
2997,0,9990,0,15561,0,25002,0,41958,0,48594,0,36085,0,17590,0,5770,0,1294,0,197,0,18,0,1 # cft deg6 r=0
2387025,0,-9501750,0,15606225,0,-13822050,0,7801450,0,-3169950,0,988665,0,-231750,0,39530,0,-4890,0,465,0,-30,0,1 # cft deg6 r=0
225,-1575,6300,8325,-34175,11475,51290,-48240,5615,4065,800,3750,-7256,2250,2382,-1920,-50,885,-385,-120,125,-30,2,0,1 # cft deg6 r=0
2387025,0,-9362700,0,13307850,0,-7616100,0,3949375,0,-1322200,0,476540,0,-119560,0,27535,0,-3740,0,410,0,-20,0,1 # cft deg6 r=0
26149,-9432,-9039,-43434,29183,-22832,71181,21452,115547,49936,127766,53332,88429,38054,45182,18896,16597,5804,3799,972,488,76,32,2,1 # cft deg6 r=0
2387025,0,5608350,0,13852125,0,18793650,0,14204950,0,6595550,0,1959065,0,363530,0,37630,0,1510,0,5,0,10,0,1 # cft deg6 r=0
34519,113954,73749,-245312,-433043,73014,978114,199174,-1158147,-331148,1030269,95874,-571436,45158,193587,-34972,-46077,14718,5346,-3126,327,32,7,-6,1 # cft deg6 r=0
2387025,0,-3847050,0,4153725,0,-3969750,0,3438550,0,-2284650,0,1041465,0,-267390,0,54110,0,-6690,0,645,0,-30,0,1 # cft deg6 r=0
349,-1462,3531,-8244,12833,-15542,21781,-19078,24727,-35254,37916,-41228,36869,-25676,15622,-5684,4457,-196,639,112,148,16,12,2,1 # cft deg6 r=0
2387025,0,4519125,0,3704175,0,-271800,0,-143075,0,-36225,0,79890,0,-23025,0,9965,0,-1740,0,195,0,-15,0,1 # cft deg6 r=0
202801,-902064,1289385,-130654,-1267804,749716,566786,-579870,-126899,247416,16810,-98690,30365,11480,-10790,1626,2081,-1000,-254,266,-44,-4,5,-4,1 # cft deg6 r=0
2387025,0,3754350,0,742725,0,-5359950,0,4889350,0,-2367250,0,685265,0,-121270,0,10510,0,310,0,-115,0,10,0,1 # cft deg6 r=0
2809,-16324,86523,-309676,687687,-982244,955199,-614338,188271,74868,-123582,76432,-41479,2938,10734,3444,7941,3068,1769,742,252,68,24,2,1 # cft deg6 r=0
793881,0,5586570,0,19636353,0,34728870,0,33110746,0,12936930,0,2683617,0,327210,0,61946,0,270,0,753,0,-30,0,1 # cft deg6 r=0
793881,0,-215622,0,5641009,0,-10098770,0,29508730,0,-8961982,0,-4168271,0,516002,0,306650,0,38190,0,1889,0,42,0,1 # cft deg6 r=0
1089,0,5808,0,41998,0,-22352,0,143059,0,-263836,0,210568,0,-90508,0,21611,0,-3204,0,458,0,-36,0,1 # cft deg6 r=0
7921,0,-110894,0,1052069,0,-854578,0,4186698,0,863690,0,463693,0,201010,0,46458,0,6502,0,629,0,26,0,1 # cft deg6 r=0
126736,0,0,0,4272,0,-231400,0,-43644,0,1440,0,107813,0,40335,0,10266,0,1195,0,102,0,15,0,1 # cft deg6 r=0
484416,1002240,1108800,897408,93456,-614880,-145248,442800,580512,432120,-101952,-332988,10909,212040,77274,-32684,-20217,5928,6780,1452,-117,-8,42,12,1 # cft deg6 r=0
14400,-190080,1067904,-3005568,4751280,-4218048,1600416,777024,-1627428,1377432,-716328,148056,111217,-138840,85650,-35464,12477,-5988,3822,-2148,942,-304,72,-12,1 # cft deg6 r=0
1600,0,-3840,0,17184,0,-28896,0,55524,0,-59724,0,46301,0,-20634,0,6363,0,-1320,0,195,0,-18,0,1 # cft deg6 r=0
87068281,-250314648,508362234,-790120436,1032354645,-1116486024,999572770,-729491328,427528458,-195754796,67962216,-18562872,6505903,-4752444,3648054,-2184968,1041588,-415836,143410,-42612,10500,-2012,276,-24,1 # cft deg6 r=0
1600,0,-7680,0,8976,0,-3888,0,11208,0,984,0,3185,0,1446,0,585,0,234,0,78,0,12,0,1 # cft deg6 r=0
13929,61632,49614,65184,284523,53928,335680,304284,254553,290056,250206,203556,168635,122484,84450,55252,33789,18468,8756,3564,1239,352,78,12,1 # cft deg6 r=0
1,0,0,0,60,0,0,0,7830,0,0,0,2522,0,0,0,165,0,0,0,30,0,0,0,1 # cft deg6 r=0
18225,0,-21870,0,-8019,0,16902,0,1026,0,-4716,0,379,0,702,0,-84,0,-10,0,24,0,0,0,1 # cft deg6 r=0
1600,0,-2880,0,13776,0,27264,0,45096,0,24456,0,16169,0,-1188,0,894,0,-654,0,81,0,-6,0,1 # cft deg6 r=0
84465,385020,764316,409644,-1255914,-2944584,-2713104,-451980,2212593,3698364,3714348,2784252,1630942,745188,255012,55984,3630,-1572,612,1224,744,280,72,12,1 # cft deg6 r=0
81,0,-648,0,4158,0,-26856,0,96093,0,-155784,0,155458,0,-59808,0,15702,0,-2672,0,324,0,-24,0,1 # cft deg6 r=0
86085,-312120,1342044,1361160,2103228,9317088,17961702,19941372,16380120,11892120,7924590,4572156,2234155,952356,352872,100624,14874,-3144,-2862,-924,-63,100,54,12,1 # cft deg6 r=0
141376,-288768,621120,-1118144,1494048,-1918464,2225648,-2180880,2082924,-1853432,1473324,-1086900,746029,-434580,188274,-46888,-5931,12960,-6862,1884,-102,-136,60,-12,1 # cft deg6 r=0
2025,0,599400,0,46276596,0,38361060,0,956934,0,-727380,0,178866,0,22932,0,4149,0,1344,0,126,0,12,0,1 # cft deg6 r=0
189949,31896,-259944,-897560,2887644,-5193996,7682900,-9046296,8648442,-6978620,4905252,-3012828,1603846,-727548,269292,-71464,7029,4752,-3016,756,78,-148,60,-12,1 # cft deg6 r=0
194481,0,-87318,0,-67041,0,62028,0,-9243,0,-9390,0,6955,0,-2502,0,537,0,-68,0,15,0,-6,0,1 # cft deg6 r=0
46549,-99684,587622,-799256,358905,178212,-158170,-94500,374598,-608792,663192,-500208,296827,-155400,69042,-18832,-1188,3852,-1618,72,276,-172,60,-12,1 # cft deg6 r=0
2001600,4095360,-6788736,-8995392,17392320,-9202464,5648784,-7721568,6990420,-5210928,4118064,-2764056,1440985,-672924,292464,-97528,22650,-5280,1506,-180,45,-100,54,-12,1 # cft deg6 r=0
1600,0,6720,0,8016,0,-1728,0,-9096,0,-3804,0,3401,0,4506,0,2361,0,666,0,114,0,12,0,1 # cft deg6 r=0
81,0,-324,0,270,0,396,0,1485,0,-2148,0,3946,0,-2352,0,1158,0,-376,0,84,0,-12,0,1 # cft deg6 r=0
222669,166212,-193914,-192132,716931,557496,-563124,-1037952,-148791,854196,608814,-210432,-398753,-102624,68550,53572,20001,8004,1620,-1056,-657,-56,42,12,1 # cft deg6 r=0
545085,1797120,3748896,113544,-4471848,-2821896,2665170,934452,129228,-1087944,403110,65892,43615,-85812,11220,17600,-5298,-624,-546,876,-207,-76,54,-12,1 # cft deg6 r=0
55225,0,-261270,0,489651,0,-348036,0,152241,0,-58614,0,15959,0,-918,0,-951,0,336,0,-9,0,-6,0,1 # cft deg6 r=0
225,0,-2790,0,13599,0,-32748,0,40845,0,-28290,0,14707,0,-1494,0,1809,0,-284,0,51,0,-6,0,1 # cft deg6 r=0
1,0,0,0,-6,0,0,0,783,0,0,0,2540,0,0,0,783,0,0,0,-6,0,0,0,1 # cft deg6 r=0
58816,-57984,1270272,-358976,1135488,-1366944,745616,-655200,879156,-676064,356160,-230136,160129,-67992,10362,3080,-2727,2556,-2026,780,6,-136,60,-12,1 # cft deg6 r=0
22801,0,68682,0,55743,0,-5604,0,-11643,0,6498,0,815,0,-762,0,597,0,-384,0,123,0,-18,0,1 # cft deg6 r=0
800385,2701620,7023966,3108300,4370403,6274824,915148,-935940,2531949,2492188,-359718,-1096896,-135925,283416,103542,-20180,-9027,5868,2120,-960,-609,-44,42,12,1 # cft deg6 r=0
2401,4116,10143,-11102,-31734,-57384,21662,110214,109971,-1346,-122910,-29592,42061,37818,2241,-30274,10674,198,-985,474,0,-46,0,0,1 # cft deg6 r=0
23491,-23946,20604,-347392,1012824,-1444926,1500199,-1449570,1265223,-953668,690867,-478338,283065,-152838,84519,-43934,21303,-10854,5305,-2214,828,-278,72,-12,1 # cft deg6 r=0
1,-36,576,-5164,27999,-94602,215638,-367086,515295,-633916,696000,-682314,597204,-466032,322755,-197456,106077,-49662,20107,-6954,2022,-482,90,-12,1 # cft deg6 r=0
25,0,585,-3490,17766,-48828,89056,-101184,50967,48710,-131850,137478,-66837,-24420,81609,-89438,66708,-38124,17467,-6492,1968,-476,90,-12,1 # cft deg6 r=0
625,-6000,29475,-97510,242766,-482574,795907,-1119150,1367388,-1470466,1404093,-1197456,915642,-629370,389445,-216938,108516,-48456,19135,-6600,1950,-476,90,-12,1 # cft deg6 r=0
28771,-22752,-181257,213794,217098,-380010,219466,-296790,356637,-241090,183510,-159126,112779,-81768,57285,-33920,19890,-11250,5203,-2100,828,-284,72,-12,1 # cft deg6 r=0
22975,94200,112935,-52390,-131076,138210,85390,-223758,100857,123878,-168246,20766,96003,-76992,8955,21460,-15570,4122,781,-1284,720,-272,72,-12,1 # cft deg6 r=0
8761,-90036,446700,-1403768,3094275,-5036376,6237274,-5985222,4493967,-2648000,1224882,-453810,151908,-60534,29529,-12988,4731,-2142,1603,-1194,672,-268,72,-12,1 # cft deg6 r=0
753709,-2442198,7206258,-18112280,35930361,-54615675,64196857,-59530401,44611062,-27911615,15368076,-8004000,4158591,-2115309,980298,-387916,127743,-36585,10663,-3636,1275,-373,81,-12,1 # cft deg6 r=0
1282909,-10727358,42738384,-105975233,183813123,-238152918,239638477,-191179137,121260426,-59665106,20692206,-2922870,-2055060,1940925,-900792,249122,-17085,-23364,15286,-5934,1743,-415,81,-12,1 # cft deg6 r=0
17181025,0,25864800,0,19730520,0,8743385,0,2341716,0,262371,0,-50929,0,-17736,0,1383,0,1462,0,294,0,27,0,1 # cft deg6 r=0
17181025,0,7896225,0,7357695,0,1405325,0,711306,0,28956,0,58781,0,-3516,0,3558,0,-203,0,99,0,-3,0,1 # cft deg6 r=0
17682025,0,9145875,0,9864930,0,1245985,0,647856,0,-226257,0,-21106,0,-2292,0,-1077,0,-19,0,21,0,9,0,1 # cft deg6 r=0
17682025,0,-20120925,0,6206580,0,-1418825,0,1577451,0,-741228,0,212084,0,-47373,0,10188,0,-1981,0,276,0,-24,0,1 # cft deg6 r=0
3264064,93847776,665970960,-186158408,91976340,540555270,-798061879,266640546,341036331,-407631296,192700014,-92809152,53302267,-18521886,4519113,-1773964,665469,-150450,33533,-9360,1698,-214,54,-12,1 # cft deg6 r=0
1155625,1451250,3648750,408125,-261750,4063875,6984875,-3813750,1467450,964700,174375,-628125,34195,-14100,57855,-20390,2889,2574,-1441,72,-33,40,3,-6,1 # cft deg6 r=0
4225,0,12675,0,19500,0,11050,0,7920,0,8760,0,5525,0,1740,0,186,0,53,0,39,0,-3,0,1 # cft deg6 r=0
2640625,0,4753125,0,3144375,0,2640625,0,2990250,0,1492200,0,227885,0,31140,0,11760,0,-3310,0,516,0,-33,0,1 # cft deg6 r=0
2640625,0,1584375,0,6483750,0,6841250,0,5198625,0,2908875,0,1140140,0,270915,0,40665,0,1870,0,354,0,-21,0,1 # cft deg6 r=0
4225,0,-38025,0,358800,0,1151150,0,1681020,0,1211760,0,593285,0,196560,0,90486,0,17485,0,1743,0,45,0,1 # cft deg6 r=0
19123129,0,2427015,0,6953700,0,540275,0,795075,0,82740,0,39404,0,7695,0,1140,0,175,0,60,0,0,0,1 # cft deg6 r=0
19123129,0,-26224881,0,15061242,0,-4543771,0,888216,0,-252861,0,139142,0,-57852,0,15819,0,-2903,0,357,0,-27,0,1 # cft deg6 r=0
19123129,0,23797866,0,10928757,0,986126,0,-823854,0,-239604,0,16967,0,24642,0,8664,0,2038,0,312,0,27,0,1 # cft deg6 r=0
40401,0,-282807,0,668727,0,-590739,0,211422,0,66228,0,-20939,0,14004,0,708,0,-1058,0,336,0,-33,0,1 # cft deg6 r=0
102871,-321120,783645,-1354244,2045757,-2634078,3098806,-3307662,3287412,-3015632,2562420,-1996914,1425951,-926730,547068,-291508,139671,-59634,22510,-7392,2079,-484,90,-12,1 # cft deg6 r=0
680503818601,-441865194342,585853854546,-257919249814,53251352847,92559039882,-34045176680,3256740522,-1096764057,-367205038,597347808,-243803370,3417457,19230246,-3730056,-75940,318663,-117612,13258,3108,-1743,308,18,-12,1 # cft deg6 r=0
4975,-9750,32235,-56120,57459,-33996,-9713,62364,-82422,49186,25773,-112584,180498,-206418,187140,-139108,85890,-44298,19096,-6852,2025,-484,90,-12,1 # cft deg6 r=0
40401,0,-202005,0,2244366,0,-2160750,0,23070549,0,-14472645,0,4019152,0,-237045,0,86421,0,1610,0,390,0,-45,0,1 # cft deg6 r=0
287296,0,-430944,0,1621668,0,-2545933,0,1665927,0,-400905,0,8016,0,33228,0,-585,0,-451,0,87,0,6,0,1 # cft deg6 r=0
6859,-55233,217626,-547487,1099737,-2006940,3320785,-4528104,5219613,-5125613,4534212,-3595215,2628762,-1729851,1034139,-547492,258132,-105966,38083,-11622,3033,-634,108,-12,1 # cft deg6 r=0
287296,0,-1508304,0,3076104,0,-2958653,0,1363422,0,-253785,0,10344,0,18492,0,-1464,0,688,0,117,0,-18,0,1 # cft deg6 r=0
20187049,0,-3315834,0,3286617,0,260246,0,569616,0,164166,0,95147,0,23712,0,6729,0,1018,0,162,0,12,0,1 # cft deg6 r=0
20187049,0,35193669,0,25661757,0,9852914,0,1937916,0,18024,0,-106903,0,-30792,0,-3021,0,352,0,147,0,18,0,1 # cft deg6 r=0
20187049,0,-31877835,0,27171405,0,-15639550,0,6354660,0,-1810920,0,367289,0,-62760,0,12555,0,-2600,0,375,0,-30,0,1 # cft deg6 r=0
1699,-20385,92928,-244885,554793,-1010028,1558861,-1908747,2003556,-1819207,1334085,-690729,175710,59778,-85266,41395,-7467,-4140,4525,-2490,1008,-317,75,-12,1 # cft deg6 r=0
169,195,6798,-10129,74862,-168807,276826,-256701,117570,33635,-91419,49053,15066,-47196,39762,-15992,1446,756,772,-1284,810,-305,75,-12,1 # cft deg6 r=0
139,-765,1002,2978,-10464,10563,10843,-55524,76692,-10987,-70122,32403,62124,-66972,8793,24436,-19371,5463,1618,-2238,1161,-374,84,-12,1 # cft deg6 r=0
32491,160092,455160,835444,1181961,1349175,1275535,1029333,753690,521221,357624,248622,175839,121227,76896,41954,19605,8343,3739,1800,819,293,75,12,1 # cft deg6 r=0
2401,11319,55272,95200,69618,-46041,-141371,-138324,-19644,110911,171072,139479,71106,14760,-9045,-9100,-1701,3087,3772,2490,1143,374,84,12,1 # cft deg6 r=0
39229,-198621,473187,-897622,1730130,-2995176,4318924,-5199618,5159559,-4122631,2613729,-1299381,500676,-153693,48087,-25331,18540,-12249,6640,-2982,1107,-329,75,-12,1 # cft deg6 r=0
81,0,-972,0,6318,0,-23004,0,72333,0,-140076,0,156138,0,-85392,0,26502,0,-4968,0,564,0,-36,0,1 # cft deg6 r=0
789,1386,1368,6603,17772,12735,-19935,-47166,-32628,10950,39471,30927,6127,-7575,-7320,-3137,-282,549,381,153,63,-5,-12,0,1 # cft deg6 r=0
137521,-75534,9621,-278386,112062,-19170,267070,-110994,22311,-128344,41601,15534,16168,2376,-16497,5684,-1122,792,274,-522,189,2,-12,0,1 # cft deg6 r=0
225,-1215,7344,-21672,46674,-70425,77859,-73287,75267,-85383,85113,-70047,48900,-30906,19296,-12648,8274,-4524,2403,-975,384,-117,30,-6,1 # cft deg6 r=0
5625,0,0,0,-3375,0,3375,0,900,0,-1350,0,540,0,225,0,-156,0,27,0,15,0,-6,0,1 # cft deg6 r=0
43335,1215,160380,12555,270054,-40743,98226,-167562,-10935,-186291,31410,-94905,40506,-6948,31536,6381,13884,2502,3042,399,366,27,24,0,1 # cft deg6 r=0
39715,-97110,47685,199680,-234111,-11496,252713,-176790,-107766,178326,31836,-84030,-9783,22194,10656,-6462,-5292,2328,1454,-816,-102,120,-9,-6,1 # cft deg6 r=0
225,675,8775,-75375,226980,-606510,1314405,-2003085,2829726,-2845827,2801799,-1909314,1352703,-740871,432918,-185655,93810,-32199,12960,-3468,1095,-192,45,-6,1 # cft deg6 r=0
146875,-226500,354465,-336730,-190914,97722,255667,244074,-234198,-249352,44787,127890,24886,-34866,-16326,6188,4269,-810,-623,-162,198,-4,-12,0,1 # cft deg6 r=0
5625,0,0,0,0,0,3375,0,225,0,-225,0,675,0,45,0,-21,0,45,0,6,0,0,0,1 # cft deg6 r=0
5625,0,0,0,3375,0,3375,0,900,0,1575,0,810,0,270,0,204,0,63,0,15,0,6,0,1 # cft deg6 r=0
27109,3495,42015,126692,87375,-19533,188488,-141126,16110,-319633,-34854,-145161,125640,25209,114951,27484,39855,6378,7417,654,807,28,48,0,1 # cft deg6 r=0
49,315,3093,7524,29679,75687,142392,195852,229776,222645,195450,146247,105446,63363,39165,18924,10311,3774,1953,450,267,24,24,0,1 # cft deg6 r=0
39739,-131502,230892,-173079,31446,-237,158904,-179052,25458,71319,-1581,-69996,31688,-29781,22416,-14487,11457,-3876,3597,-414,555,-15,39,0,1 # cft deg6 r=0
169,-390,1614,-2900,5040,-7386,11755,-5133,-3474,-11240,16857,-6957,-4872,12762,309,3725,3402,318,1561,-6,294,-1,27,0,1 # cft deg6 r=0
23539,43992,53382,74209,87255,64839,67837,9885,19683,-26717,1023,-12708,4212,3135,6141,3146,4002,624,1468,30,285,-1,27,0,1 # cft deg6 r=0
49,231,-258,-1270,4581,-5943,7930,-5943,10800,-14014,18813,-12141,18201,-2775,18084,-476,10917,-651,3031,-168,438,-11,33,0,1 # cft deg6 r=0
24137569,0,0,0,0,0,1523030,0,0,0,0,0,33959,0,0,0,0,0,310,0,0,0,0,0,1 # cft deg6 r=0
121,-2574,24459,-56630,90336,-203055,367538,-440739,469527,-343934,166278,-9453,-54014,53415,-30807,9632,969,-3132,2369,-1212,456,-142,36,-6,1 # cft deg6 r=0
829,-2031,4317,-4250,-3,5715,-3133,-16503,54270,-96782,125499,-130209,114685,-89943,65133,-44224,27849,-15858,7937,-3402,1218,-352,78,-12,1 # cft deg6 r=0
49,-1554,13218,1174,47886,-60768,131393,-163152,220923,-256706,286125,-275154,249313,-205788,157617,-108586,67797,-37494,17879,-7032,2208,-532,96,-12,1 # cft deg6 r=0
29269,-77661,66210,-75529,77616,-38505,54014,-12735,42846,2783,10479,-13587,-12710,-16836,-4896,-3890,2904,1530,2084,834,456,127,39,6,1 # cft deg6 r=0
107059,478182,1303980,769543,773115,819813,36095,37629,-134499,-221633,45519,-100128,48172,-7863,15975,-6352,8736,-6516,3620,-1908,681,-205,51,-6,1 # cft deg6 r=0
358525,-987900,1800015,-2259575,2437854,-2221434,1793066,-1374096,1191150,-1260800,1313469,-1270536,1074574,-795402,521424,-299866,152781,-67527,26054,-8520,2370,-532,96,-12,1 # cft deg6 r=0
15061,-9453,42774,-37620,351525,172641,858216,230703,848004,-9984,533073,-89601,289559,-47949,115332,-19284,29631,-4665,5031,-702,582,-33,39,0,1 # cft deg6 r=0
352579,-1045869,721125,703716,-324423,-620574,-95562,437577,213993,-141018,-74019,-45696,43226,3915,6975,-7665,810,-147,618,-234,27,-15,15,-6,1 # cft deg6 r=0
60025,180075,-90405,-547155,84489,769971,-91797,-648930,153261,353166,-141330,-119964,73298,25605,-25713,-2454,6540,-741,-783,252,-54,3,15,-6,1 # cft deg6 r=0
139,-306,-237,1854,2412,-21432,63012,-118749,158649,-165429,133374,-96087,57752,-18366,8997,-3921,3888,291,1458,210,321,9,39,0,1 # cft deg6 r=0
25,-525,12480,47715,97551,146748,165291,176970,172761,155367,125844,80373,54848,21495,16629,2766,4788,96,1245,-12,231,0,24,0,1 # cft deg6 r=0
24691,45129,-48870,-53316,147561,60330,-139089,-2763,17892,-9909,88428,-39153,-82564,50580,30330,-28950,1482,4614,-1536,102,27,-12,12,-6,1 # cft deg6 r=0
40621,-68775,-72774,240942,638169,644496,465672,521910,543366,337359,180774,171273,120329,36618,18621,15981,5046,795,702,384,72,3,9,6,1 # cft deg6 r=0
100609,141336,423924,773925,892023,995547,1652379,656007,2063643,458439,1755639,370308,992192,198789,359961,59976,81924,9690,11424,756,951,21,45,0,1 # cft deg6 r=0
625,-1875,4875,-11250,16275,-22875,26280,-20670,20256,-14019,10608,-14667,11936,-11787,10833,-6558,4611,-2604,1131,-516,213,-36,24,0,1 # cft deg6 r=0
36775,11400,212490,-1156815,1694124,-1206978,850470,-969285,851139,-454317,220494,-162066,106151,-45591,21780,-13728,5382,-1263,903,-558,117,-6,12,-6,1 # cft deg6 r=0
208519,-277161,-141093,100236,191403,-1965,-35361,40482,-33651,-142839,-15327,106635,60692,-33393,-35253,360,7875,2271,-345,-390,-117,-15,9,6,1 # cft deg6 r=0
25,450,4920,26250,117276,459300,1386927,2961789,4448796,4703214,3654765,2273799,1335656,702726,317481,135525,59442,15288,8619,900,834,21,45,0,1 # cft deg6 r=0
27426169,0,21351249,0,2084235,0,-3139898,0,-1076277,0,56205,0,98129,0,18165,0,-453,0,-589,0,-60,0,3,0,1 # cft deg6 r=0
27426169,0,-12348846,0,8965653,0,-3651440,0,1270266,0,-392832,0,99668,0,-18654,0,3525,0,-562,0,39,0,-6,0,1 # cft deg6 r=0
15885,0,-47655,0,124515,0,-173610,0,196299,0,-122823,0,41547,0,90,0,1470,0,369,0,63,0,9,0,1 # cft deg6 r=0
15885,0,-47655,0,206055,0,-350190,0,297819,0,-218241,0,150033,0,-61821,0,19299,0,-5805,0,1143,0,-54,0,1 # cft deg6 r=0
3574125,0,9292725,0,10348965,0,5433075,0,529335,0,-1068750,0,-17949,0,79326,0,-7230,0,-2034,0,468,0,-36,0,1 # cft deg6 r=0
28058209,0,18846726,0,8150883,0,3347800,0,1079091,0,195972,0,58493,0,12444,0,2820,0,842,0,189,0,21,0,1 # cft deg6 r=0
28058209,0,35500494,0,21817143,0,9367720,0,3067971,0,631788,0,40853,0,-8724,0,-660,0,338,0,69,0,9,0,1 # cft deg6 r=0
28058209,0,-54347220,0,51453858,0,-30990170,0,13318113,0,-4340640,0,1110935,0,-225750,0,36432,0,-4630,0,453,0,-30,0,1 # cft deg6 r=0
28569025,0,-6574350,0,5775765,0,1194730,0,-333504,0,244578,0,-11713,0,-5808,0,4713,0,-898,0,162,0,-12,0,1 # cft deg6 r=0
28569025,0,51231825,0,39513405,0,18348730,0,6540996,0,2063784,0,520889,0,85668,0,7743,0,524,0,111,0,18,0,1 # cft deg6 r=0
28569025,0,-44657475,0,36306405,0,-17972030,0,5930556,0,-1268232,0,157361,0,-516,0,-3537,0,668,0,-21,0,-6,0,1 # cft deg6 r=0
33930625,0,27960000,0,19817250,0,8375125,0,2819925,0,592275,0,86765,0,-525,0,-1491,0,-475,0,-6,0,0,0,1 # cft deg6 r=0
33930625,0,35823750,0,19555125,0,5708875,0,785250,0,-179475,0,-107770,0,-25680,0,-1356,0,551,0,165,0,18,0,1 # cft deg6 r=0
33930625,0,-63783750,0,51010125,0,-22384625,0,6034500,0,-1233600,0,286430,0,-70995,0,12594,0,-1501,0,165,0,-18,0,1 # cft deg6 r=0
148225,0,-711480,0,1452066,0,-1681757,0,1381983,0,-827349,0,373536,0,-124773,0,30192,0,-4946,0,489,0,-27,0,1 # cft deg6 r=0
9319,-23811,-58686,53440,313428,-77523,405286,128550,604413,495031,519387,332937,190728,74910,23835,1418,1173,-150,1186,294,303,29,27,0,1 # cft deg6 r=0
379456,0,569184,0,13860,0,675983,0,2656074,0,2649459,0,1076376,0,273900,0,91020,0,14144,0,897,0,30,0,1 # cft deg6 r=0
74146915,215834280,372576099,-427840962,6265835145,-10813958328,9296512648,-4539798690,1734643842,-852316508,389182287,-56825916,-20935408,4868652,2269485,-1392340,403533,-71334,7623,1008,-624,-10,54,-12,1 # cft deg6 r=0
274831,-357780,1259289,-965069,1368480,-323127,-1082,-292056,-287832,-199481,148404,35088,27579,34335,-633,-4576,-618,-1593,-278,99,9,23,12,0,1 # cft deg6 r=0
94478040571,-91858151430,26028340608,23708056292,-20990620605,6962153910,280691290,219293118,-609485445,328402772,158925348,-233409072,152831293,-64935312,24049866,-7887706,2436165,-607932,127354,-21798,4035,-694,114,-12,1 # cft deg6 r=0
4322241,0,38900169,0,94846059,0,305613,0,-15546978,0,501660,0,3702249,0,1070748,0,641376,0,131262,0,11352,0,63,0,1 # cft deg6 r=0
38578232731,16269530184,45325201728,-17923511386,26608104591,-22412970696,14290199434,-9857261268,5427595161,-2735291674,1301430546,-545448342,210581323,-77718030,25223448,-7609174,2191059,-540108,121540,-24966,5169,-802,114,-12,1 # cft deg6 r=0
625,0,-1875,0,2325,0,6525,0,1401,0,-5199,0,-1969,0,3246,0,3744,0,1629,0,333,0,30,0,1 # cft deg6 r=0
1,0,-48,0,1074,0,-3438,0,32127,0,56028,0,45569,0,25656,0,10269,0,2619,0,387,0,30,0,1 # cft deg6 r=0
6811,-1260,52089,2220,566709,-703620,698412,-636465,-134589,168075,-296628,385245,36419,152865,108006,25980,45309,2025,8895,60,918,0,48,0,1 # cft deg6 r=0
625,7500,-3000,-136125,556200,-1379250,2209140,-2509515,2388039,-1971759,1524342,-665928,804281,-65553,305340,11376,73806,3033,11007,234,981,6,48,0,1 # cft deg6 r=0
59209,238707,680730,1389882,1943187,2487294,2802453,2623791,2417280,1891665,1390548,941643,587336,314244,188358,68988,44994,9342,7674,660,837,18,48,0,1 # cft deg6 r=0
4051,38226,174759,479799,919035,1311192,1475577,1546056,1423797,1114485,910866,537246,417197,173451,143259,34812,37338,3546,6948,54,810,-12,48,0,1 # cft deg6 r=0
30625,0,0,0,299250,0,-6125,0,42975,0,-81825,0,41900,0,-11925,0,3780,0,-730,0,105,0,-15,0,1 # cft deg6 r=0
156361,-646260,1079049,-760444,-117438,-687690,5793614,-14147442,21745293,-24693982,22213548,-16570380,10477657,-5699664,2710635,-1123268,417102,-132678,39371,-9330,2250,-362,72,-6,1 # cft deg6 r=0
25519,-310596,1648317,-5189110,11212356,-18315234,24241913,-26838360,25461762,-20974696,15374745,-9981732,5909914,-3119436,1526091,-655718,265740,-90612,30011,-7656,2034,-344,72,-6,1 # cft deg6 r=0
49,-4032,161715,-598609,1538562,-2671164,3924908,-4621068,4969140,-4481332,3830925,-2771184,1946002,-1140678,662208,-311612,148641,-54657,21146,-5736,1764,-314,72,-6,1 # cft deg6 r=0
121,693,2010,6724,32421,143694,444626,961551,1569867,2015431,2143677,1907454,1459822,959625,553776,276980,123342,47313,16403,4746,1278,260,54,6,1 # cft deg6 r=0
49,1722,24825,77629,684822,1577520,4157936,7587306,11556240,13594606,13351029,10707402,7375678,4258134,2168124,931640,364533,118305,36698,8802,2196,356,72,6,1 # cft deg6 r=0
2389,18021,79500,254047,627366,1233837,1959848,2572686,2862240,2749534,2326488,1750071,1176163,714609,389607,192434,85974,33876,12452,3726,1116,230,54,6,1 # cft deg6 r=0
42680089,0,-71477553,0,67623300,0,-42871921,0,20112603,0,-7192875,0,1999481,0,-430575,0,70947,0,-8642,0,735,0,-39,0,1 # cft deg6 r=0
42680089,0,22578048,0,160452,0,-4531505,0,-1845684,0,-167769,0,173792,0,89388,0,22635,0,3551,0,396,0,27,0,1 # cft deg6 r=0
42680089,0,-70497603,0,51713565,0,-20709956,0,4693758,0,-665940,0,160106,0,-69495,0,19632,0,-3292,0,360,0,-24,0,1 # cft deg6 r=0
42680089,0,38198451,0,11256576,0,3429407,0,2091195,0,688209,0,153977,0,44517,0,10239,0,1510,0,207,0,21,0,1 # cft deg6 r=0
42680089,0,10936242,0,-9587583,0,-1900165,0,1841436,0,579924,0,-898,0,-423,0,6750,0,1579,0,261,0,18,0,1 # cft deg6 r=0
42680089,0,28673337,0,15808197,0,6901540,0,2114946,0,518424,0,142502,0,5997,0,5760,0,-556,0,156,0,-12,0,1 # cft deg6 r=0
42680089,0,-5056542,0,-180063,0,840875,0,405126,0,-439299,0,227522,0,-47052,0,9900,0,-689,0,81,0,-18,0,1 # cft deg6 r=0
42680089,0,33279102,0,11040987,0,5418650,0,2705601,0,697254,0,146012,0,48972,0,12810,0,1924,0,201,0,18,0,1 # cft deg6 r=0
42680089,0,-52623315,0,38084517,0,-22801055,0,11150703,0,-4334040,0,1382150,0,-359685,0,71352,0,-9895,0,882,0,-45,0,1 # cft deg6 r=0
67411,56055,61509,273779,628026,552723,342539,34629,-85620,-22324,73974,78597,35974,-4983,-13041,-1784,4335,999,-721,-282,81,4,-6,0,1 # cft deg6 r=0
16525,-70950,377940,-615505,209274,676572,519590,-582930,207366,-255175,85116,82854,-39146,1422,3672,-6074,1578,882,-379,42,18,-8,-6,0,1 # cft deg6 r=0
506551,1793547,1470513,-1498340,-2402670,67440,1098311,217914,-47073,21316,-14604,126,-22925,-12768,18378,4370,-5643,-72,923,-114,-36,20,-6,0,1 # cft deg6 r=0
59671,-370230,1119900,-2037434,2321628,-1453374,-143137,1354485,-1404594,621040,108663,-328887,234850,-118026,79923,-54343,27978,-10470,4163,-1440,510,-139,39,-6,1 # cft deg6 r=0
15625,46875,103125,143750,148125,129375,129125,158625,199800,223400,210315,169515,117781,71901,40233,20578,9597,4026,1499,492,168,64,24,6,1 # cft deg6 r=0
199,483,-582,-2155,972,6237,1778,-7647,-4968,3833,3855,549,814,-54,-1860,-776,1062,1074,356,24,6,37,27,6,1 # cft deg6 r=0
45118089,0,-9249309,0,-7174872,0,1722060,0,391986,0,-129573,0,-4617,0,3159,0,330,0,-108,0,24,0,-9,0,1 # cft deg6 r=0
45118089,0,22367610,0,15495003,0,5970915,0,2420793,0,692595,0,193725,0,41355,0,8232,0,1260,0,168,0,15,0,1 # cft deg6 r=0
45118089,0,-13118301,0,79488,0,468180,0,157896,0,4383,0,-22707,0,-369,0,1185,0,63,0,-21,0,-6,0,1 # cft deg6 r=0
11449,0,21507,0,23928,0,14623,0,6021,0,642,0,-472,0,-399,0,-66,0,11,0,18,0,6,0,1 # cft deg6 r=0
11449,0,-19581,0,15423,0,-5290,0,486,0,-732,0,1103,0,-564,0,105,0,-2,0,9,0,-6,0,1 # cft deg6 r=0
11449,0,-36915,0,53460,0,-49475,0,36150,0,-22695,0,11786,0,-4890,0,1665,0,-475,0,105,0,-15,0,1 # cft deg6 r=0
11449,0,14445,0,9003,0,5690,0,2298,0,690,0,185,0,-60,0,-33,0,-20,0,3,0,0,0,1 # cft deg6 r=0
11449,0,15408,0,12693,0,2752,0,-3444,0,-3642,0,-1147,0,204,0,354,0,164,0,48,0,9,0,1 # cft deg6 r=0
11449,0,5136,0,2583,0,2810,0,816,0,-48,0,-247,0,-96,0,45,0,52,0,24,0,6,0,1 # cft deg6 r=0
256909,148923,284613,-201114,163194,-297942,256453,-257949,259413,-218724,192198,-144954,106644,-73305,45120,-27408,14946,-7281,3403,-1350,471,-150,36,-6,1 # cft deg6 r=0
20275,-8850,88230,15365,-9054,-104025,207632,-221397,215691,-179569,132528,-78705,42958,-16470,9936,-4646,1767,-675,530,66,117,-2,6,0,1 # cft deg6 r=0
139,1176,2040,-19296,58302,-105852,127636,-124074,91212,-64974,44067,-23427,21657,-4176,12000,1425,5217,1152,1603,420,345,87,39,6,1 # cft deg6 r=0
32275,-42150,80490,4360,96984,-141216,303026,-163203,64293,62926,-46170,25290,-1658,-2778,3231,-2422,1260,72,-328,108,18,-7,-3,0,1 # cft deg6 r=0
661,-3243,15072,-51324,113979,-185358,249604,-222768,186630,-96933,62472,-23373,19695,-3546,7563,1551,3660,1899,1396,636,354,117,33,6,1 # cft deg6 r=0
1580911,-6409755,10389450,-8532595,4505643,-2783910,2601944,-3489300,4001118,-2648950,1235121,-713205,374125,-101490,25659,-14270,3003,-675,1061,-300,63,-65,15,0,1 # cft deg6 r=0
47844889,0,10375500,0,1604370,0,835445,0,317985,0,96855,0,10181,0,3735,0,885,0,85,0,30,0,0,0,1 # cft deg6 r=0
47844889,0,4606722,0,5609313,0,1176023,0,496926,0,120417,0,26498,0,7596,0,1404,0,211,0,33,0,6,0,1 # cft deg6 r=0
47844889,0,-14982222,0,-3521127,0,2242487,0,-377124,0,-91812,0,48998,0,-3411,0,-1146,0,319,0,-27,0,-6,0,1 # cft deg6 r=0
26821,145875,302505,273749,17508,-219021,-229447,-86355,17226,21980,19788,17247,11470,5541,1833,-2342,-2007,-855,-97,150,165,64,24,6,1 # cft deg6 r=0
3775,-25350,17160,59180,112449,129207,136424,210051,313641,426683,381372,248187,165295,97179,46419,21442,9495,3789,1487,564,219,82,24,6,1 # cft deg6 r=0
261475,268200,28905,677695,453696,-989184,2467505,-2593953,2543733,-1809332,1225863,-822468,484867,-286698,136905,-63418,31635,-12951,4661,-1494,516,-181,39,-6,1 # cft deg6 r=0
49,693,9708,44810,131292,230457,212498,110268,111357,46763,-14445,-3831,1684,-16614,-7725,-776,207,774,1106,684,291,97,27,6,1 # cft deg6 r=0
15625,-140625,740625,-2215625,4959375,-7741875,8581625,-7394625,5441625,-3415250,1355535,474270,-833999,460644,-182037,40277,8127,-10521,6014,-2412,723,-199,39,-6,1 # cft deg6 r=0
20725,-7500,-34365,54430,18171,-63201,14492,15903,-10701,4807,-9507,7683,1183,-3951,5361,-3181,1458,-927,278,-168,174,-67,27,-6,1 # cft deg6 r=0
50594769,0,-68114088,0,46478772,0,-19920060,0,6110136,0,-1385451,0,248562,0,-44748,0,10230,0,-2196,0,321,0,-27,0,1 # cft deg6 r=0
50594769,0,-2816748,0,9604980,0,970164,0,362808,0,134910,0,42066,0,12960,0,3552,0,468,0,105,0,6,0,1 # cft deg6 r=0
50594769,0,70930836,0,39564936,0,10499652,0,1120320,0,-99891,0,-72738,0,-19728,0,-1686,0,540,0,177,0,21,0,1 # cft deg6 r=0
479296,0,-718944,0,450996,0,-255761,0,382332,0,-319554,0,96311,0,15111,0,-9369,0,-325,0,288,0,27,0,1 # cft deg6 r=0
63259,350154,935016,999800,414540,239064,-787796,218358,1648356,-736540,209286,-254292,206640,-17370,18444,-32840,456,2610,2404,-474,-285,-50,24,6,1 # cft deg6 r=0
15165225,0,12132180,0,17248626,0,7970427,0,6741495,0,2715363,0,1274256,0,398799,0,102888,0,18762,0,2097,0,57,0,1 # cft deg6 r=0
6619,-24072,34884,-27314,7308,18570,-17582,-64926,259704,-529874,775719,-898821,861375,-698730,485946,-291559,151239,-67692,26017,-8502,2331,-523,93,-12,1 # cft deg6 r=0
25,-75,-585,365,17679,96549,303145,668616,1136781,1558358,1772022,1700910,1395780,989055,610173,330250,157656,66567,24781,8040,2232,511,93,12,1 # cft deg6 r=0
8581,-86919,475488,-1748102,4738512,-9963951,16780282,-23257239,27070560,-26781395,22874283,-16950717,11041908,-6320463,3214359,-1441402,576048,-201693,62650,-16668,3870,-724,114,-12,1 # cft deg6 r=0
126475,-1134000,4514310,-11087315,20395521,-30584049,39110263,-43862388,43747560,-38953823,31043085,-22091616,14039184,-7943493,4000239,-1783246,704103,-243102,73726,-19062,4266,-769,117,-12,1 # cft deg6 r=0
571456,-3282144,9277920,-17275448,24108900,-27337632,26840563,-24323709,21508155,-18853904,15982419,-12617091,8970897,-5636529,3099672,-1482124,616350,-221142,68689,-18114,4086,-748,114,-12,1 # cft deg6 r=0
541,-246,-1998,-12908,170880,-707298,1858204,-3552270,5362326,-6602816,6828333,-6015375,4587711,-3048636,1780524,-912673,411561,-161526,55039,-15870,3861,-745,117,-12,1 # cft deg6 r=0
16591,15939,18903,17080,82581,15921,-75038,-125040,23733,60082,4866,-27240,19723,3549,-3906,-1274,1569,-54,-245,48,21,-2,-9,0,1 # cft deg6 r=0
625,0,-1500,0,70650,0,98600,0,230505,0,83460,0,-30966,0,-1404,0,4458,0,-1492,0,252,0,-24,0,1 # cft deg6 r=0
77899,276288,475473,367894,45624,-215838,-152494,79290,38952,85954,50766,-19104,24049,-11148,6138,278,324,630,-253,48,33,8,-3,0,1 # cft deg6 r=0
3640375,-2998875,-541950,6344100,-3398565,213735,2830615,-2242380,1551309,458217,-876018,807792,-190476,-60069,164532,-100770,60867,-23574,9592,-2784,873,-186,45,-6,1 # cft deg6 r=0
14400,0,-21600,0,6480,0,4320,0,-144,0,-2934,0,1809,0,72,0,-237,0,81,0,6,0,-3,0,1 # cft deg6 r=0
17725,122070,1279911,-1385024,3484431,-3077202,3794153,-3217422,3107103,-2357702,1848381,-1141458,766195,-366624,217632,-78736,43857,-10548,6470,-762,657,-22,39,0,1 # cft deg6 r=0
89235,-153900,1236816,-3131568,4001373,-4225122,4633893,-4404726,3258648,-2044260,1182915,-532962,98268,67878,-63612,22836,-1101,-3054,1899,-882,456,-210,66,-12,1 # cft deg6 r=0
453304,-1429560,1254306,-1273267,1802652,-130437,475004,-115479,-47988,81215,10161,15414,-2321,-7566,6543,-2591,2007,-927,326,-90,42,-8,3,0,1 # cft deg6 r=0
41121,-390744,1514133,-1826766,1099899,-891702,957915,-667962,329148,-94578,21588,-43644,8569,29742,-9246,-7688,1434,1824,528,-744,-18,106,-9,-6,1 # cft deg6 r=0
14400,0,21600,0,30240,0,27000,0,17676,0,10116,0,4293,0,1611,0,618,0,144,0,33,0,9,0,1 # cft deg6 r=0
15061,14466,-42741,-54290,40362,105432,24700,-170568,-85839,191734,96897,-123522,-105728,76038,70857,-52466,-13347,14712,772,-2220,114,178,-21,-6,1 # cft deg6 r=0
742975,-890100,283440,741300,897705,-45330,-202591,299886,782520,662388,197763,-165042,-260256,-183654,-76284,-10020,13191,13458,7823,3378,1188,342,78,12,1 # cft deg6 r=0
1600,7200,6480,2680,15684,-164478,96979,238806,-270033,-101978,315675,-78342,-186467,108906,54027,-48938,-7803,11364,1000,-2016,78,178,-21,-6,1 # cft deg6 r=0
14400,0,0,0,-4320,0,-2160,0,4176,0,-2322,0,351,0,639,0,-192,0,18,0,24,0,-6,0,1 # cft deg6 r=0
2374144,3153408,3596160,4997056,5205504,3936384,3651680,2111472,1391328,916000,253968,128424,135544,59232,18774,-2521,864,2763,-544,-330,222,32,-21,0,1 # cft deg6 r=0
105421,-821799,2407107,-3219197,2025387,-542124,-585977,888459,38952,-8129,280995,22386,-18512,-34599,-15696,6529,4935,117,-740,-222,210,-14,-15,0,1 # cft deg6 r=0
625,-375,1560,-4010,51780,-17835,189769,-123969,256986,-152468,157491,-50433,31543,9450,3081,-2921,9408,-6201,4153,-1605,633,-155,42,-6,1 # cft deg6 r=0
535,2790,3450,-1860,-3561,-1335,2509,34839,94947,153645,193596,204798,187767,150567,106383,65223,35055,16356,6625,2319,711,177,42,6,1 # cft deg6 r=0
5641,-5340,-2475,10198,-18057,-35310,82723,19242,-138120,89002,106188,-151800,-31835,111066,-1350,-47192,4302,11832,-1304,-1812,222,154,-21,-6,1 # cft deg6 r=0
121525,861900,3204390,7420370,10964916,10474395,6317741,1773279,-371718,-441856,-32136,897,26191,-41706,26976,-11246,8955,-4167,2051,-726,267,-89,27,-6,1 # cft deg6 r=0
700096,2896896,6032352,7705760,6572328,3835266,1669445,979794,917028,682892,355182,121956,62743,22890,8994,1204,3672,594,-28,-228,276,-98,30,-6,1 # cft deg6 r=0
1291,-9870,38289,383342,1207617,1600440,1300529,-344808,-566847,-313648,141972,14226,34183,-27348,12702,-7412,7002,-3834,1694,-822,348,-80,30,-6,1 # cft deg6 r=0
30049,-160626,481548,-898076,1058373,-845691,580463,-470151,453852,-461993,402693,-216456,30058,28494,-15387,3395,3600,-2232,-841,66,60,59,27,6,1 # cft deg6 r=0
3499,29859,100677,111782,143922,54078,106247,-22698,42651,-81748,23457,-29721,28840,-12873,8688,-5837,2772,-1377,674,-312,132,-41,15,-6,1 # cft deg6 r=0
3775,2100,-21705,1510,42231,-46041,11150,43038,-51030,136,32043,-12399,-5789,5349,-249,-790,882,63,-145,6,51,23,15,6,1 # cft deg6 r=0
811,7884,11745,-59001,250386,-420360,572506,-645498,673092,-623724,519273,-379728,249096,-146250,80100,-41610,21357,-10521,4894,-1998,702,-192,42,-6,1 # cft deg6 r=0
625,7500,57375,243750,685950,1402350,2250115,2951190,3247434,3050796,2501001,1813158,1176528,683460,359505,169188,73152,27810,9775,2946,846,186,42,6,1 # cft deg6 r=0
121525,-68100,308295,-201285,167601,-106584,134872,-140202,133407,-90906,70758,-51804,38973,-26946,17073,-11559,7731,-5067,2848,-1356,522,-159,39,-6,1 # cft deg6 r=0
27661,-151458,529380,-1244421,2320056,-3412113,4298704,-4618800,4357818,-3641673,2728395,-1840320,1125480,-626265,318060,-147921,62883,-24390,8641,-2706,801,-183,45,-6,1 # cft deg6 r=0
17725,46875,62505,33780,38709,64092,78892,72153,38133,58296,69768,-27441,93738,-46899,53280,-25122,19674,-8388,4744,-1644,666,-165,45,-6,1 # cft deg6 r=0
2281,7080,10728,38514,128865,253590,367522,517149,746838,954030,1004670,889866,676236,439443,247869,124962,55710,21807,7849,2526,693,177,39,6,1 # cft deg6 r=0
61669609,0,69004311,0,39499836,0,12917027,0,2347095,0,65409,0,-67903,0,-12303,0,1599,0,1030,0,207,0,21,0,1 # cft deg6 r=0
61669609,0,-77909613,0,41007612,0,-12840505,0,3326451,0,-810471,0,139817,0,-16083,0,4215,0,-1526,0,291,0,-27,0,1 # cft deg6 r=0
61669609,0,8905302,0,7954335,0,-1395826,0,-25407,0,-203970,0,9956,0,-900,0,2862,0,328,0,105,0,6,0,1 # cft deg6 r=0
23040,-138240,483840,-1163520,1904256,-2723904,3436704,-2991168,3043176,-1458144,1253100,-257796,-118613,17874,27450,-5560,-579,1125,-105,-375,42,5,6,6,1 # cft deg6 r=0
46656,-419904,1259712,-1866240,2453328,-874800,2339280,-933120,3029400,103680,1022976,189216,594657,-76545,156663,729,15354,2403,1410,-108,417,27,9,0,1 # cft deg6 r=0
135360,17280,198720,-112320,44496,-77184,108000,197280,101688,60072,19872,9108,12889,13326,6606,191,-597,477,600,150,-39,-16,9,6,1 # cft deg6 r=0
129600,129600,388800,-302400,-343440,-110160,509760,56160,-62424,-112080,78468,-1620,11875,-12165,483,-2460,3054,495,-428,-345,165,15,-18,0,1 # cft deg6 r=0
44944,0,-561800,0,21756553,0,-17140200,0,5312650,0,-1735310,0,448245,0,22440,0,24325,0,3330,0,418,0,20,0,1 # cft deg6 r=0
932,0,2796,0,6561,0,5716,0,1470,0,-1482,0,-1087,0,-28,0,205,0,42,0,-18,0,-4,0,1 # cft deg6 r=0
238592,0,-1073664,0,2195776,0,-2453184,0,1514480,0,-434272,0,-29252,0,59252,0,-915,0,-98,0,187,0,-14,0,1 # cft deg6 r=0
1376,-6144,-6400,13952,130752,56960,17752,-8008,7033,336,15406,-3876,-10007,-7708,5554,13932,17628,14136,8838,4180,1577,436,90,12,1 # cft deg6 r=0
614656,0,-1066240,0,470528,0,248800,0,-140764,0,-59680,0,88052,0,-37680,0,9341,0,-1380,0,178,0,-20,0,1 # cft deg6 r=0
365009521,1337295192,3034041124,5031571608,6722212798,7533503352,7284243244,6173058168,4636752127,3107458224,1866394024,1006801008,488165284,212583984,82977496,28925808,8958607,2446584,583156,119544,20638,2904,316,24,1 # cft deg6 r=0
46656,0,20736,0,191520,0,-33664,0,311732,0,-161296,0,141620,0,-28576,0,-3763,0,716,0,50,0,-4,0,1 # cft deg6 r=0
7311616,0,-14406912,0,15246208,0,-11236832,0,6204292,0,-2608592,0,837276,0,-204168,0,37277,0,-4948,0,458,0,-28,0,1 # cft deg6 r=0
222784,0,-1454336,0,3706400,0,-4546944,0,3008052,0,-965808,0,196404,0,-32848,0,3789,0,60,0,-46,0,-4,0,1 # cft deg6 r=0
4393216,0,-6517504,0,1179136,0,864032,0,444228,0,-168704,0,57156,0,-15280,0,3621,0,-660,0,102,0,-12,0,1 # cft deg6 r=0
218513,-8000,38634,-1016708,2089987,-1915572,658726,588124,-962717,502512,106456,-291600,116506,48184,-53048,3296,11523,-2800,-1634,596,171,-68,-14,4,1 # cft deg6 r=0
10768,61632,153024,217664,153280,-41920,-184176,-173536,-74136,25376,60920,34096,8876,-9008,-5548,-1032,365,636,334,24,-41,-32,-2,4,1 # cft deg6 r=0
423556,134512,-1405736,-1060112,2114216,1968216,-768876,-102016,1721257,624272,-324248,-485456,74136,145600,-73136,-26336,28770,3360,-5504,-256,592,8,-36,0,1 # cft deg6 r=0
65536,0,0,0,131072,0,0,0,75776,0,0,0,35328,0,0,0,27536,0,0,0,-88,0,0,0,1 # cft deg6 r=0
539392,-3655680,12606208,-29574912,54136608,-83694400,114117456,-139172112,151236987,-145076356,121977074,-89574856,57429105,-32172888,15763678,-6753740,2525578,-820788,230142,-55016,11013,-1792,226,-20,1 # cft deg6 r=0
5036,-3728,30496,-16224,70116,-26928,77804,-25920,46051,-38284,15326,-41264,16041,-13672,12206,-292,4566,-804,910,80,217,24,26,4,1 # cft deg6 r=0
4112,6336,1344,-19904,96,-384,8144,-22560,30280,-28032,34648,-30352,34900,-27808,24836,-15288,10165,-4748,2478,-824,367,-80,30,-4,1 # cft deg6 r=0
64,0,384,0,2004,0,6500,0,12441,0,14988,0,12294,0,7500,0,3547,0,1192,0,238,0,24,0,1 # cft deg6 r=0
4,544,49880,-175936,283240,-239504,94776,11224,-15019,-33064,71034,-65148,30433,1308,-12606,8348,-1744,-928,742,-180,-47,44,-2,-4,1 # cft deg6 r=0
2500,10000,50000,118000,106000,7000,-6900,47800,47925,11880,2330,9420,11508,7640,4562,1980,333,-160,298,100,104,0,8,0,1 # cft deg6 r=0
2500,0,20000,0,31500,0,-26800,0,55825,0,-28440,0,18504,0,-7936,0,2426,0,-616,0,124,0,-16,0,1 # cft deg6 r=0
5827,11768,24246,33044,9091,9540,26030,6132,18199,21016,14556,11504,5250,3840,6540,6048,3133,1328,1006,924,595,252,70,12,1 # cft deg6 r=0
335161,1575120,5379928,7518440,9643196,8976240,10045364,8316160,6665708,4798440,3071000,1831040,1020042,491680,231640,93160,36788,12400,4556,1040,456,40,32,0,1 # cft deg6 r=0
2,0,4,0,6,0,44,0,45,0,62,0,253,0,-2,0,40,0,58,0,7,0,-6,0,1 # cft deg6 r=0
2,0,-12,0,110,0,420,0,477,0,70,0,-291,0,-238,0,-24,0,62,0,39,0,10,0,1 # cft deg6 r=0
11236,-69536,270328,-671872,1237120,-1839232,2299148,-2463856,2312089,-1922440,1414864,-889864,477388,-216392,83704,-22696,3370,-1208,1048,-600,268,-88,28,-8,1 # cft deg6 r=0
40000,0,160000,0,196000,0,20800,0,-89900,0,-19040,0,12364,0,-3656,0,1261,0,1084,0,154,0,4,0,1 # cft deg6 r=0
656321,551740,81112,-1166188,-561527,181320,112346,241108,133839,40712,142280,51624,12934,3856,-6612,-1688,-353,-2116,-480,-252,97,40,26,4,1 # cft deg6 r=0
190276,-786912,1571960,-1880464,1420780,-471192,-467532,912904,-761991,290708,155072,-388140,409927,-311560,191538,-100076,45456,-18404,6696,-2156,619,-144,34,-4,1 # cft deg6 r=0
313,-2984,12194,-29196,61630,-86080,86578,-46788,3462,14672,2468,-29288,47914,-46872,37950,-26564,16942,-9264,4482,-1820,658,-192,48,-8,1 # cft deg6 r=0
456976,0,0,0,405320,0,0,0,176433,0,0,0,13620,0,0,0,-922,0,0,0,-20,0,0,0,1 # cft deg6 r=0
7311616,0,14406912,0,15246208,0,11236832,0,6204292,0,2608592,0,837276,0,204168,0,37277,0,4948,0,458,0,28,0,1 # cft deg6 r=0
43072,231168,707456,135424,-16032,-1592448,-29024,-329984,946644,-240080,-49968,8304,212424,87888,63320,13552,14961,2044,1984,52,325,56,34,4,1 # cft deg6 r=0
1786112,-1404928,-3706368,3100672,3858176,-3404288,-2682880,2316288,1391296,-1091072,-570624,355072,209312,-85184,-60960,17024,13604,-864,-1960,-64,336,32,-20,0,1 # cft deg6 r=0
536576,73728,532480,-620544,-267520,145408,210688,-155136,41664,-125312,110592,-15200,-5748,160,13188,-16416,9511,-4364,1986,-696,219,-64,14,-4,1 # cft deg6 r=0
55513,-131280,-66926,31372,126967,126028,514326,977564,1417423,1511792,1316376,891040,498586,221624,90272,35136,16583,7360,3206,1076,351,92,26,4,1 # cft deg6 r=0
583201,-781512,286066,-459276,664571,-12332,-290386,66820,-91589,221784,-71384,-105616,70026,12512,-11584,-2528,-149,1904,70,-580,67,76,-14,-4,1 # cft deg6 r=0
55591936,0,-106792960,0,101266432,0,-61918720,0,27296896,0,-9159040,0,2401408,0,-493600,0,78436,0,-9280,0,772,0,-40,0,1 # cft deg6 r=0
64,0,1792,0,62368,0,-163520,0,114580,0,-128,0,8236,0,-8216,0,5965,0,-1460,0,58,0,4,0,1 # cft deg6 r=0
908,-496,-15504,-46624,226580,64464,29076,247200,269331,324524,283254,188912,110537,28488,8846,-2748,-1210,-380,-106,112,73,-24,2,-4,1 # cft deg6 r=0
15115912,-17200288,1282112,6573712,3093476,-5540688,457820,362528,1228241,-551192,38216,-163488,155372,-42184,32400,-16736,8014,-2664,1400,-304,216,-8,20,0,1 # cft deg6 r=0
4096,0,217088,0,4656128,0,4126208,0,2300032,0,843968,0,265776,0,58312,0,11857,0,1492,0,198,0,12,0,1 # cft deg6 r=0
12748,-30000,49664,91488,300932,-357168,169676,-149504,103403,27308,64006,-18000,27361,-3784,3822,-1116,2398,-60,486,-336,241,-72,26,-4,1 # cft deg6 r=0
892336,-3886656,4795360,103648,-2211448,-1148400,1294192,777768,-199567,-691616,174566,234756,-59907,-72212,23714,13508,-3872,-3496,998,700,-323,-36,50,-12,1 # cft deg6 r=0
4096,0,-217088,0,4656128,0,-4126208,0,2300032,0,-843968,0,265776,0,-58312,0,11857,0,-1492,0,198,0,-12,0,1 # cft deg6 r=0
8,0,-16,0,-8,0,48,0,49,0,-70,0,-21,0,-98,0,126,0,42,0,19,0,6,0,1 # cft deg6 r=0
76048,0,-152096,0,848568,0,40040,0,1234073,0,5918180,0,6871036,0,-998244,0,-304754,0,18588,0,7188,0,156,0,1 # cft deg6 r=0
4753,0,123578,0,1256591,0,-991634,0,584315,0,68736,0,7554,0,15584,0,3195,0,358,0,103,0,18,0,1 # cft deg6 r=0
60025,0,34300,0,39200,0,14700,0,-39000,0,2300,0,20190,0,-7060,0,1480,0,-580,0,160,0,-20,0,1 # cft deg6 r=0
5156,10752,29960,31584,84064,98552,220844,189400,319653,184388,314800,109360,219230,26460,101240,2284,28323,-700,5036,-364,534,-72,40,-4,1 # cft deg6 r=0
1045353961,270482080,388138374,-1002920640,234337329,-278935120,361485710,-61427040,38854570,-54483360,9413814,-4556480,7146961,-1720720,357506,-386560,58090,19040,2490,-1120,209,-80,-14,0,1 # cft deg6 r=0
475276,-807896,917262,-645824,708861,-526756,395526,-71452,-45401,128984,-83278,56288,-17561,3472,2962,-2364,1419,-668,486,-264,161,-56,22,-4,1 # cft deg6 r=0
2627363161,95669040,2118725414,-4430110720,5682945249,-3248533920,1227874670,-293425440,91129690,-12381840,-295146,-8821120,5949121,-331200,-512254,-60160,103450,-880,-6470,-480,449,0,-14,0,1 # cft deg6 r=0
47116,-218488,338030,-102416,-93451,-268028,601974,-343020,102983,-45192,-104750,137200,-41025,3040,10570,-2876,-437,140,446,-344,249,-72,30,-4,1 # cft deg6 r=0
206504897,461156924,616383318,290507988,111265261,38274980,201879174,317627256,299108826,171761260,58438262,6695084,-4056059,-2871252,-544902,374552,225498,6084,-18422,-1484,1005,60,-38,0,1 # cft deg6 r=0
78608,0,-78608,0,285532,0,486676,0,214489,0,-982328,0,-69754,0,228588,0,86811,0,-4728,0,766,0,36,0,1 # cft deg6 r=0
313,0,-2504,0,19434,0,-90776,0,293983,0,-279952,0,102188,0,-7664,0,-2361,0,-40,0,138,0,8,0,1 # cft deg6 r=0
1252,0,-10016,0,12796,0,23020,0,38233,0,19918,0,10501,0,2314,0,1216,0,22,0,73,0,-2,0,1 # cft deg6 r=0
5009,0,0,0,-308294,0,-77760,0,5957871,0,2097600,0,710316,0,11200,0,-4321,0,-3520,0,506,0,0,0,1 # cft deg6 r=0
320576,0,480864,0,3071188,0,-528356,0,7315825,0,2053352,0,1515396,0,271488,0,84630,0,7416,0,608,0,36,0,1 # cft deg6 r=0
81296,0,-731664,0,2507932,0,-2365068,0,819689,0,532848,0,82364,0,-12088,0,5774,0,-1312,0,32,0,4,0,1 # cft deg6 r=0
20752,0,-166016,0,239976,0,190760,0,820553,0,356018,0,386141,0,54414,0,65556,0,-4078,0,213,0,-2,0,1 # cft deg6 r=0
83008,0,0,0,256448,0,-53808,0,44288,0,22088,0,-527,0,8830,0,1471,0,-340,0,15,0,-2,0,1 # cft deg6 r=0
270596209,-903950580,1188626348,-566491380,-300757392,422344520,129967188,-533164060,424509764,-118084100,-46738436,49748160,-12491862,-3196220,2682972,-396220,-159804,67080,-1044,-3940,608,100,-36,0,1 # cft deg6 r=0
169,0,-676,0,2730,0,-4940,0,8648,0,-1064,0,3392,0,-108,0,480,0,4,0,42,0,0,0,1 # cft deg6 r=0
729,0,-1782,0,1215,0,466,0,-689,0,-24,0,178,0,-8,0,-41,0,-2,0,15,0,6,0,1 # cft deg6 r=0
256483,-295260,45200,-334200,561762,-271428,211728,-379120,196968,125552,-106816,-82792,103524,-13820,-21852,8240,2194,-1036,-284,64,56,8,-8,0,1 # cft deg6 r=0
1376,-9088,6976,36416,6144,-63200,10360,100632,61273,73168,64210,-27616,-31904,19892,17358,-5276,-2539,-84,-958,-12,244,28,-4,4,1 # cft deg6 r=0
16,0,-48,0,948,0,-160,0,136,0,-1120,0,-695,0,750,0,451,0,100,0,47,0,6,0,1 # cft deg6 r=0
194,3348,24434,99008,252639,448724,636660,816780,912152,750340,420516,157444,44247,12016,4344,1160,1277,1200,1146,484,194,52,20,4,1 # cft deg6 r=0
16384,0,6144,0,33344,0,-25856,0,5552,0,-3952,0,2401,0,-594,0,143,0,-28,0,-1,0,-2,0,1 # cft deg6 r=0
64,0,768,0,10416,0,5840,0,9241,0,-14,0,1561,0,310,0,172,0,54,0,17,0,2,0,1 # cft deg6 r=0
313,-1448,4130,11848,36238,76612,176806,143564,-43506,28436,55952,-122572,-32198,94624,5966,-37536,3094,8748,-1690,-1124,322,68,-20,-4,1 # cft deg6 r=0
6912,-13824,207360,51968,56640,-224384,302656,80000,289696,-75168,166304,26864,134876,29032,48220,5656,10485,-288,1470,-220,207,-28,18,-4,1 # cft deg6 r=0
5036,-5696,-66080,47888,441960,149120,-297200,-169496,118831,171832,35636,-41888,-20521,3708,6486,1904,-382,-528,-160,88,67,-4,-10,0,1 # cft deg6 r=0
4,32,200,-240,3132,-16,-3040,6152,-3491,3768,3050,-3728,7336,-5028,6066,-2124,3301,-12,1294,244,300,60,32,4,1 # cft deg6 r=0
40288,149696,403008,683776,940008,936752,773608,444688,196308,32224,-2528,5520,21774,21244,12962,4404,133,-432,-114,120,108,52,20,4,1 # cft deg6 r=0
43556,-174896,298760,-405056,705276,-1125152,1235232,-924232,500453,-207612,86674,-64028,53632,-24604,1014,2864,1125,-1508,170,144,4,-24,12,-4,1 # cft deg6 r=0
20512,53440,103728,181968,223828,249720,237756,192408,165607,117464,87044,46704,16295,692,-6242,-3520,-1542,-248,52,24,23,-12,6,0,1 # cft deg6 r=0
111632,-404672,1166768,-1918656,1658036,-1109968,1121288,-972976,327264,52800,49892,-116704,27929,12916,4934,-7004,266,2284,-888,-264,146,24,-8,-4,1 # cft deg6 r=0
7472,-54496,204792,-521392,1003516,-1531504,1897416,-1936304,1654424,-1212104,788502,-471372,259651,-124316,46092,-11128,1780,-1356,1442,-796,240,-40,8,-4,1 # cft deg6 r=0
4644,16560,-10482,-80260,591875,-395124,775596,-300152,610106,-231096,257464,-187992,-9425,3348,-18276,13624,9193,-3504,-2310,444,310,-24,-24,0,1 # cft deg6 r=0
1252,3200,-2864,21424,65844,-63680,53396,69008,-50695,19384,30798,2572,41325,18700,28282,9780,11716,3128,2694,620,385,68,30,4,1 # cft deg6 r=0
1413376,0,24204064,0,234271177,0,200448190,0,219049981,0,62008440,0,22803890,0,1555460,0,503426,0,2040,0,3333,0,-82,0,1 # cft deg6 r=0
353344,0,1236704,0,1113748,0,626980,0,1000985,0,-154196,0,40644,0,35228,0,-8610,0,-940,0,368,0,-32,0,1 # cft deg6 r=0
1066846976,-2851598464,2372504816,-1215996144,817186572,-80271064,1164395332,835546208,668256509,589531536,447126370,223062512,71345301,9020472,-3121738,-2171672,-496240,-18312,27334,6584,353,-232,-34,0,1 # cft deg6 r=0
4967238064,-7322114912,5963073744,1656806544,63602464,2460125992,749846516,216554460,375064041,4844316,-51321026,26817416,18533357,1102696,105438,239552,60836,31840,3390,-852,461,116,-6,0,1 # cft deg6 r=0
17708101904,8411724288,30030339424,9948310944,4331198504,1953660112,3793943536,1045403240,276158801,163620476,97279374,17167276,826777,3962076,305898,58232,55516,700,6950,-172,41,156,-6,0,1 # cft deg6 r=0
5801,0,0,0,30140,0,18020,0,56508,0,40980,0,29710,0,10600,0,4308,0,-1660,0,220,0,-20,0,1 # cft deg6 r=0
92816,0,464080,0,1325100,0,1301580,0,432493,0,-82570,0,74625,0,-17610,0,2568,0,-110,0,45,0,-10,0,1 # cft deg6 r=0
1357225,0,-1805750,0,2070725,0,-1870250,0,1283650,0,-634750,0,238445,0,-72550,0,17810,0,-3250,0,405,0,-30,0,1 # cft deg6 r=0
2284,-16848,57524,-133440,246743,-359988,437676,-440788,373445,-269696,165704,-87208,39469,-15000,5358,-2240,1035,-740,470,-180,133,-16,18,0,1 # cft deg6 r=0
20164,-6248,-43846,-80100,552833,-478828,894076,-981268,878325,-653896,502914,-315068,214199,-126640,70138,-34720,16115,-6140,2480,-760,223,-56,18,0,1 # cft deg6 r=0
16,32,80,0,979,-668,1944,1020,1165,-72,5940,-4520,5105,-1320,1190,240,335,180,70,60,29,8,10,0,1 # cft deg6 r=0
1024,8192,18944,-30720,55488,-71808,55456,-45248,-6560,6624,-536,-1008,28104,-23240,16378,-9340,1695,-640,470,-220,88,-16,8,0,1 # cft deg6 r=0
256,-2048,4480,-11520,55744,-76288,86464,-22400,24160,768,8400,-4480,1300,560,-1890,1060,-265,-160,130,20,4,8,0,0,1 # cft deg6 r=0
2476,9472,38650,74620,107489,60052,6344,-14500,-8815,-6632,-2030,9860,11775,1240,-2830,-3120,-885,-60,420,-40,59,8,10,0,1 # cft deg6 r=0
56384,-214784,280768,-116160,68852,4736,83476,23520,-29011,-1464,42612,10504,-51461,18396,18382,-16332,-1128,4920,-232,-1080,183,100,-22,-4,1 # cft deg6 r=0
6208,0,46560,0,66884,0,-115232,0,-115164,0,166956,0,264773,0,-145694,0,33339,0,-5288,0,599,0,-38,0,1 # cft deg6 r=0
698788,441968,-355752,398464,403748,-351160,465108,-135944,-220967,163304,-55468,-2920,-22397,-21924,28318,-4444,-5532,4896,576,-1072,71,100,-14,-4,1 # cft deg6 r=0
1024,4096,358912,318976,953984,-1044992,1602560,-1024640,119616,-45504,299712,-497824,546992,-408720,212848,-75824,14394,2180,-2630,672,179,-192,66,-12,1 # cft deg6 r=0
97,0,1164,0,7398,0,29148,0,62975,0,64072,0,39796,0,14248,0,2463,0,-84,0,-90,0,-4,0,1 # cft deg6 r=0
706,2476,33650,39216,51387,-18872,-14310,-25380,65065,5480,-236,-46800,10030,13568,7572,-7544,-4348,3212,794,-768,7,88,-14,-4,1 # cft deg6 r=0
26674,100508,361018,398024,-586717,-447768,687570,-154460,-34367,18856,-14988,-78800,135894,-105984,63220,-31608,11404,-2724,338,-24,135,-136,58,-12,1 # cft deg6 r=0
90368,-123392,-80192,151104,796548,-1327520,-740852,1513216,922813,-698816,61692,252760,-198157,-28804,56318,-684,-8152,1216,1536,-712,-49,100,-14,-4,1 # cft deg6 r=0
392,0,784,0,2968,0,-41552,0,61025,0,61422,0,3461,0,-4942,0,3908,0,486,0,125,0,-14,0,1 # cft deg6 r=0
32,-512,2416,-4480,20680,-16688,40736,-10400,-19284,15728,-13572,8144,-3658,-92,2324,-1960,1583,-1104,508,-236,110,-36,12,-4,1 # cft deg6 r=0
944,4192,4208,-5944,34147,-36968,-43522,75256,398,-47656,35120,19952,-14223,3140,5142,-1356,-303,368,60,-64,-20,28,0,-4,1 # cft deg6 r=0
2752,-18688,49248,-52224,-4704,43968,-8392,-31744,38024,-1520,-5378,1104,-1281,1704,-266,864,886,656,372,164,126,36,12,4,1 # cft deg6 r=0
2752,9344,16288,16064,7264,-2592,-3896,2064,8968,9256,4698,-156,-1113,-620,630,404,206,-116,-4,-32,46,-16,8,-4,1 # cft deg6 r=0
1297,-4696,-666,-22640,100858,140876,12518,-118892,20306,85956,34320,-66396,-13062,17744,10754,-1848,-4662,772,70,132,86,-60,12,-4,1 # cft deg6 r=0
432,2592,6648,8336,2396,-8352,-12712,-5904,3964,6880,3042,-1196,-2141,-716,624,784,416,76,-18,-36,16,16,12,4,1 # cft deg6 r=0
49,0,0,0,8204,0,0,0,-1529,0,0,0,824,0,0,0,599,0,0,0,44,0,0,0,1 # cft deg6 r=0
432,3456,10728,23776,44284,60272,122904,124736,175148,106904,79838,12936,-15773,-21120,-11320,-1004,2496,1296,366,-128,-64,-4,8,4,1 # cft deg6 r=0
49,0,-196,0,182,0,-84,0,254,0,92,0,182,0,64,0,86,0,28,0,22,0,8,0,1 # cft deg6 r=0
85828,177296,265880,426832,438956,125936,-50456,-23472,34509,29164,34050,-8652,-14064,5044,6486,-2448,-691,484,-214,-56,36,-16,-4,4,1 # cft deg6 r=0
529,-276,1402,-1812,1942,1508,2374,-3160,142,2032,756,-2380,1186,188,206,-316,326,276,-82,32,58,0,0,4,1 # cft deg6 r=0
3136,0,3136,0,3472,0,1232,0,4,0,768,0,-136,0,-48,0,89,0,-82,0,27,0,-6,0,1 # cft deg6 r=0
8,-176,1640,-8160,22324,-24720,-16200,64160,-30914,-36844,39026,5304,-11637,-1640,-372,2536,1496,-224,-542,-112,112,16,-4,-4,1 # cft deg6 r=0
25,0,100,0,250,0,300,0,350,0,300,0,410,0,120,0,70,0,60,0,10,0,0,0,1 # cft deg6 r=0
1475,10700,37800,90000,175075,265300,362330,371340,363620,262700,174820,105640,44971,32044,11294,3220,5860,-2076,2356,-824,435,-100,34,-4,1 # cft deg6 r=0
17514401,50759520,-76792406,-115379440,251848509,-146292880,87295890,-110678800,60670590,14583040,-15610206,-4220320,4804001,371680,-743514,-31440,96270,-80,-10090,80,749,0,-34,0,1 # cft deg6 r=0
23600,26400,-72800,-220400,1312100,-2850000,4505480,-5475680,5621820,-4893640,3796060,-2573020,1590091,-867556,439124,-194240,82210,-28976,10506,-2804,880,-160,44,-4,1 # cft deg6 r=0
12235081,13620680,19210994,8700960,-47696171,-64245080,10816410,58792000,24296830,-16860040,-15008046,313040,3896241,613160,-533074,-155920,80190,12520,-10770,-80,869,-40,-34,0,1 # cft deg6 r=0
19600,-53200,69100,-106100,149675,-107500,82580,-72120,16760,840,110,-3600,13391,-13996,13464,-8780,5515,-2976,1466,-644,250,-80,24,-4,1 # cft deg6 r=0
419392,0,-1887264,0,3122388,0,-1836964,0,557833,0,7608,0,-52634,0,19988,0,-1693,0,-296,0,158,0,-20,0,1 # cft deg6 r=0
26212,0,78636,0,252101,0,334130,0,382983,0,137532,0,91961,0,-49614,0,14041,0,-3612,0,543,0,-38,0,1 # cft deg6 r=0
104848,0,157272,0,380177,0,306996,0,57234,0,50822,0,24261,0,-3672,0,2381,0,-458,0,186,0,16,0,1 # cft deg6 r=0
419392,0,1677568,0,1648384,0,98160,0,421408,0,59776,0,12689,0,72,0,2976,0,-706,0,152,0,-16,0,1 # cft deg6 r=0
3373256,-557248,6907728,4450784,4141748,784184,-1666972,-1318864,125279,428792,320088,-26068,-60265,-28216,10882,6716,1174,-288,-408,172,-17,8,2,-4,1 # cft deg6 r=0
2095136,-5222208,-3312192,14230272,1970152,-14916016,275584,7556032,628654,-2226308,-631318,157180,167555,95940,11910,-25516,-10471,1268,1302,20,-3,28,-6,-4,1 # cft deg6 r=0
22592,24704,261504,412608,1129936,697952,1046064,-656736,912948,-232112,344296,-898064,391348,190064,-161336,4880,21181,-5672,520,120,-254,88,8,-8,1 # cft deg6 r=0
1024,6144,37888,196608,684160,1647360,2936256,4095872,4655496,4429440,3589808,2510272,1533396,829672,404060,180152,74447,28352,9616,2760,653,140,34,8,1 # cft deg6 r=0
915026,-1426628,2299778,-2389888,879427,525664,-139006,304652,-946551,782872,9172,-413280,241070,21920,-61500,13464,4964,-2612,-278,320,207,-32,-6,-4,1 # cft deg6 r=0
688,208,364,5012,8185,12444,23414,36168,44533,49808,52752,46808,34746,21800,12004,3744,346,-768,20,-76,77,-36,22,-8,1 # cft deg6 r=0
776,20896,274592,473664,-160780,-898424,-229212,684296,357949,-277916,-234528,86676,82843,-34544,-6870,8764,-5540,1188,1396,-948,63,96,-18,-4,1 # cft deg6 r=0
84761,-5784,142072,26184,-122355,94636,17318,-248764,15339,268264,42592,-187944,-30162,70656,21660,-25376,-4045,5008,1016,-1088,13,116,-18,-4,1 # cft deg6 r=0
50176,50176,-21248,24064,137760,-71424,-171872,46336,131864,-20256,-40608,-25664,17288,19176,-3480,-12056,6225,-1472,1416,-728,-47,116,-18,-4,1 # cft deg6 r=0
1801,0,-14408,0,24748,0,14040,0,77356,0,85300,0,84870,0,41040,0,14836,0,2280,0,172,0,-4,0,1 # cft deg6 r=0
115264,0,1152640,0,4207168,0,6885520,0,6227120,0,3546960,0,1328105,0,286980,0,32580,0,2290,0,348,0,0,0,1 # cft deg6 r=0
7204,0,-36020,0,21637,0,-109390,0,589935,0,766820,0,511785,0,245490,0,76905,0,13780,0,1287,0,50,0,1 # cft deg6 r=0
115264,0,144080,0,337009,0,374410,0,331271,0,238300,0,72069,0,-1430,0,-1971,0,160,0,79,0,-10,0,1 # cft deg6 r=0
932,0,-3728,0,68444,0,85848,0,54805,0,2016,0,-2218,0,-1304,0,-385,0,64,0,38,0,8,0,1 # cft deg6 r=0
59648,0,44736,0,-36636,0,-102816,0,-53452,0,29208,0,46993,0,23976,0,6364,0,910,0,148,0,8,0,1 # cft deg6 r=0
3728,0,-14912,0,22842,0,-16980,0,2643,0,890,0,7469,0,-222,0,-1194,0,126,0,127,0,-22,0,1 # cft deg6 r=0
3728,0,11184,0,19308,0,21008,0,14654,0,7984,0,2659,0,1054,0,641,0,-236,0,129,0,-2,0,1 # cft deg6 r=0
932,0,9320,0,39554,0,76276,0,65223,0,11938,0,-13855,0,-5050,0,2550,0,1858,0,403,0,34,0,1 # cft deg6 r=0
14912,0,-3728,0,8529,0,-1580,0,40878,0,-35686,0,10809,0,-1652,0,401,0,-134,0,22,0,-4,0,1 # cft deg6 r=0
59648,0,59648,0,36672,0,-806336,0,943104,0,-139472,0,-67964,0,35012,0,261,0,-1522,0,211,0,34,0,1 # cft deg6 r=0
932,0,-3728,0,14716,0,-35984,0,54157,0,-41868,0,28562,0,-14140,0,6531,0,-1940,0,466,0,-32,0,1 # cft deg6 r=0
256,0,128,0,1488,0,1360,0,4036,0,3880,0,4140,0,3020,0,1301,0,370,0,87,0,14,0,1 # cft deg6 r=0
98,644,26910,194796,581215,634980,456200,221020,22108,-51416,-68280,-46248,419,-6576,-1244,2664,-615,644,106,-68,118,-36,20,-4,1 # cft deg6 r=0
13924,0,-49088,0,42820,0,-9228,0,41097,0,-39254,0,11941,0,454,0,-736,0,-190,0,81,0,2,0,1 # cft deg6 r=0
21168,46368,76320,9200,49564,-44312,32868,27176,-1505,53544,12300,6132,22879,192,-4798,1492,1026,-152,452,540,167,8,2,4,1 # cft deg6 r=0
30224,187424,534280,823904,692940,190672,-304272,-474864,-311772,-55608,89682,88768,33431,-1484,-6914,-3712,-1181,-112,206,112,21,-12,-6,0,1 # cft deg6 r=0
232684,-153104,-688688,74448,1150452,858592,-206688,-414616,-271913,-306564,-13844,178856,69728,308,-6828,-5712,-2583,-764,608,168,34,-32,-4,0,1 # cft deg6 r=0
40076,-24448,52016,-83952,-1072,11632,39928,-21640,87,9984,-3852,-1744,-177,-2380,-242,-752,938,-360,344,24,99,4,14,0,1 # cft deg6 r=0
2578,-9212,163566,-435708,1096455,-1914768,2574436,-2852660,2349908,-1586156,816092,-254404,61623,-556,-6496,4868,-763,568,-258,144,14,12,4,0,1 # cft deg6 r=0
2619,22644,98136,171484,20022,-585000,1588660,-2113320,1869480,-1082564,386260,-67484,-11808,-8068,16796,-6468,3034,-1840,424,-144,100,-20,4,-4,1 # cft deg6 r=0
4,0,16,0,316,0,1084,0,3265,0,1630,0,2661,0,4190,0,2620,0,838,0,161,0,18,0,1 # cft deg6 r=0
1743904,675968,-1556224,-2544384,163360,2263424,458776,-435032,-352101,-190328,23980,60332,59116,11212,-9504,-6732,-2211,-724,300,508,166,-20,-16,0,1 # cft deg6 r=0
180256,61120,-497808,-532176,384564,539496,99420,1352,152871,11712,-19956,464,14931,-3772,-2674,368,1590,-592,-84,40,83,4,6,0,1 # cft deg6 r=0
88408,56720,72732,-311024,407954,-181020,167188,-633648,752279,-607004,297748,-72848,59566,-34716,26364,-10448,560,-52,320,64,32,56,0,0,1 # cft deg6 r=0
256,0,-1024,0,1792,0,-2240,0,6016,0,3200,0,-1820,0,-1400,0,16,0,240,0,93,0,2,0,1 # cft deg6 r=0
5504,10240,3264,62528,177648,274976,417744,71808,336964,-136528,2904,-62032,-48412,3752,3028,4856,4565,-300,-1434,-12,175,4,-10,0,1 # cft deg6 r=0
16,0,272,0,3908,0,-3560,0,2076,0,-1740,0,1165,0,70,0,371,0,120,0,47,0,6,0,1 # cft deg6 r=0
2504,6240,2856,6280,8370,-9164,-7522,-10760,1981,5180,9750,2668,1580,-2676,-186,-1228,274,-332,122,-68,58,16,20,4,1 # cft deg6 r=0
24553,57332,119154,231404,326410,411780,400034,326344,212654,78016,25500,-32404,-16954,-12108,-178,3308,2670,716,-46,-96,-26,8,8,4,1 # cft deg6 r=0
16768,-24064,451648,-743808,1446560,-2201216,2549408,-2720416,2592852,-1822608,901086,-386836,173003,-50228,-4004,9856,-5136,1384,158,-4,-172,56,12,-8,1 # cft deg6 r=0
1773868,4146880,3630512,793344,1124992,3087072,2032328,-765608,-370225,1489280,131140,-846100,278619,276960,-115702,-19724,28798,-8064,-3936,1636,431,-128,-30,4,1 # cft deg6 r=0
26896,0,0,0,121032,0,0,0,182721,0,0,0,99580,0,0,0,21078,0,0,0,276,0,0,0,1 # cft deg6 r=0
2435355224528,2028290719872,351584687232,-742498430656,-497008802952,66275392512,240546001824,158443942656,58725966273,13474494656,1540616280,-231786240,-132634772,-22615104,-1627416,-157184,-301962,-72768,15464,9408,1428,-192,-72,0,1 # cft deg6 r=0
430336,0,-645504,0,155472,0,3955680,0,4413804,0,765912,0,-959335,0,-133440,0,121272,0,-21690,0,1428,0,48,0,1 # cft deg6 r=0
136161,0,1361610,0,1723599,0,-9763002,0,-299925,0,7215192,0,4845394,0,1480152,0,259323,0,27646,0,1815,0,66,0,1 # cft deg6 r=0
4001,0,0,0,-7110,0,0,0,11727,0,0,0,-1556,0,0,0,9135,0,0,0,186,0,0,0,1 # cft deg6 r=0
1024256,0,0,0,-2324736,0,0,0,5826144,0,0,0,-2059184,0,0,0,543057,0,0,0,-1266,0,0,0,1 # cft deg6 r=0
8,0,144,0,924,0,2904,0,6645,0,11886,0,16122,0,14838,0,8166,0,2242,0,150,0,-30,0,1 # cft deg6 r=0
8,0,-48,0,228,0,-456,0,429,0,-186,0,246,0,-6,0,150,0,98,0,42,0,6,0,1 # cft deg6 r=0
1,0,0,0,6,0,0,0,51,0,0,0,-52,0,0,0,51,0,0,0,6,0,0,0,1 # cft deg6 r=0
1,0,18,0,123,0,126,0,-309,0,-396,0,758,0,396,0,-309,0,-126,0,123,0,-18,0,1 # cft deg6 r=0
1,0,0,0,294,0,1576,0,2883,0,840,0,428,0,168,0,3,0,8,0,6,0,0,0,1 # cft deg6 r=0
1,0,0,0,6,0,-8,0,3,0,-168,0,428,0,-840,0,2883,0,-1576,0,294,0,0,0,1 # cft deg6 r=0
2,0,-12,0,60,0,-192,0,1263,0,-2862,0,3579,0,-2502,0,1140,0,-70,0,-9,0,6,0,1 # cft deg6 r=0
28736,-142848,347328,-549056,717552,-816384,597440,22368,-544980,543776,-203940,-71004,140761,-83184,17466,10988,-12033,5664,-1280,-228,387,-208,66,-12,1 # cft deg6 r=0
1024,0,0,0,23040,0,44288,0,69840,0,48192,0,24328,0,2688,0,1473,0,96,0,42,0,0,0,1 # cft deg6 r=0
389746,283164,967248,143006,449421,-418710,152740,-183030,192150,-98894,12762,-107328,-34727,-35460,4158,11950,15591,10086,5782,2622,1050,326,78,12,1 # cft deg6 r=0
64,0,1152,0,7200,0,26368,0,85524,0,-54744,0,-4408,0,7356,0,501,0,-380,0,54,0,0,0,1 # cft deg6 r=0
1734992,-6936384,12905664,-15386144,12885648,-4496928,-3899056,6678192,-4312311,1271616,276480,-600528,477076,-276480,128400,-48880,16110,-4608,864,48,-108,32,0,0,1 # cft deg6 r=0
64,0,384,0,14112,0,-12352,0,11412,0,9480,0,2056,0,-2532,0,2037,0,-444,0,6,0,0,0,1 # cft deg6 r=0
10622372,-24042816,30103032,-30835568,12073992,7900464,-10834396,10499832,2103249,-1525648,1909932,-436200,257920,-223776,67308,-7096,5178,-1584,-212,24,-24,-16,0,0,1 # cft deg6 r=0
16,0,-576,0,3000,0,40288,0,81417,0,-6060,0,10320,0,-14820,0,5046,0,-676,0,72,0,-12,0,1 # cft deg6 r=0
125,-1500,8160,-17744,10917,44616,16906,19404,50799,67244,41136,-7980,-21570,-9348,1164,6068,5139,1776,0,-132,-3,-4,-6,0,1 # cft deg6 r=0
656,2304,768,-2656,2880,-672,6416,-11664,-6456,-13152,32016,1320,-1196,-21288,13284,-4148,4701,-2904,720,-120,45,-32,6,0,1 # cft deg6 r=0
32,-192,576,-736,2016,-6144,3600,10032,-10662,-6268,7272,4722,185,-9618,4104,3594,-3306,630,598,-798,540,-230,66,-12,1 # cft deg6 r=0
44944,0,367872,0,1174092,0,1851580,0,1702329,0,1000104,0,399278,0,111456,0,22131,0,3188,0,330,0,24,0,1 # cft deg6 r=0
63632,-18048,-47808,-191072,20448,57504,211312,77616,75096,-4448,14448,-4824,14284,-8280,7260,-3812,2337,-720,388,-120,81,-8,6,0,1 # cft deg6 r=0
28736,-61440,76992,-26688,-61488,166080,-164512,28608,140112,-194656,127392,-52608,13208,-5520,6624,-3008,-108,936,-228,-348,393,-208,66,-12,1 # cft deg6 r=0
1024,0,16896,0,404928,0,9952,0,-4092,0,-28632,0,19952,0,-4236,0,-123,0,220,0,-18,0,0,0,1 # cft deg6 r=0
3136,-16128,60672,-142592,280032,-518016,1042720,-2292288,4474836,-6967376,8626728,-8652960,7152996,-4939272,2876484,-1422904,602085,-218304,67996,-18048,4065,-748,114,-12,1 # cft deg6 r=0
7223872,-10603008,23533824,-42406016,76845264,-114483936,143607688,-151535760,137549817,-108559448,75673938,-46775556,25936725,-12866148,5763594,-2309836,835356,-267768,76834,-19092,4173,-748,114,-12,1 # cft deg6 r=0
3920528,-16368000,37792512,-48934528,33795960,-5773248,-9193248,6169248,919665,-2269144,571416,193248,-145494,57336,-2340,-16240,7155,504,-1044,96,126,-16,-12,0,1 # cft deg6 r=0
36,432,1440,1008,16812,9072,42772,9960,38577,-2996,3918,-18600,-26135,-17544,-8226,-1740,1620,3348,3250,2112,981,328,78,12,1 # cft deg6 r=0
401408,-1376256,3710976,-3596288,2770944,2777088,-1067008,1873920,1710336,310272,622080,605184,215680,-4608,-18048,6272,0,-2880,-576,-96,0,32,0,0,1 # cft deg6 r=0
4096,-12288,36864,69632,202752,364032,187648,222720,210144,-244640,236064,-80832,-6140,23520,-5472,-3840,468,3024,-2260,480,225,-196,66,-12,1 # cft deg6 r=0
4196,-30288,87672,-164792,276216,-379152,460336,-485484,455073,-374216,278988,-187080,115135,-65040,33810,-15812,6516,-2304,700,-144,39,-8,6,0,1 # cft deg6 r=0
5574992,17381376,13909728,-2041760,-1186824,-1126176,-10045384,-3645864,3185625,470552,535272,918984,-122276,-134712,-2136,-28408,-3714,1224,1048,312,84,56,0,0,1 # cft deg6 r=0
226112,-128640,-88896,-153344,382800,-147072,123232,-142176,68004,-88632,90636,-43128,30917,-29820,19338,-10796,7179,-4464,2184,-1008,507,-220,66,-12,1 # cft deg6 r=0
51712,-394752,1385472,-2767360,3385920,-2592768,1245184,-180096,-474912,613792,-406656,199008,-75116,8976,13632,-12384,7092,-3912,2060,-1008,513,-220,66,-12,1 # cft deg6 r=0
8994976,6354240,4299264,11244896,6019920,1105536,4080704,981648,-456438,909620,-101712,-165906,201873,-77430,-6576,29094,-18894,6018,230,-1362,852,-314,78,-12,1 # cft deg6 r=0
18324,16848,-31860,-122844,122193,1039416,2461906,3549948,3631293,2838512,1808688,1007400,530010,279648,147036,73464,33246,13248,4788,1716,645,232,66,12,1 # cft deg6 r=0
114944,-485376,794112,-479488,-355008,812928,49600,-2294880,4984788,-6842128,7171968,-6140928,4431732,-2740680,1466532,-682776,277593,-99432,31798,-9084,2307,-508,90,-12,1 # cft deg6 r=0
1152,10368,24192,-15936,-13680,-110400,529696,-1005504,1004976,-528608,42528,162240,-138312,66960,-25008,3936,5544,-6336,3744,-1644,645,-232,66,-12,1 # cft deg6 r=0
4949,8736,108762,49948,255315,-13608,208762,-50532,91983,-36572,25848,-8700,286,-1356,192,-1292,3,-84,46,-48,39,4,6,0,1 # cft deg6 r=0
288,-3456,15840,40608,-157608,101952,283592,-806928,1228893,-1388376,1305318,-1063044,760665,-487716,283362,-149404,71676,-31224,12242,-4308,1353,-364,78,-12,1 # cft deg6 r=0
16208,106560,215904,182240,268344,88752,236096,24696,155409,-31728,110190,-44796,60733,-24024,19494,-5300,3288,12,126,96,45,4,6,0,1 # cft deg6 r=0
1024,0,3072,0,18432,0,73600,0,135120,0,121344,0,47528,0,5592,0,3009,0,40,0,90,0,0,0,1 # cft deg6 r=0
1028608,4644864,9315072,12126976,13305984,13918080,13832288,12817728,10772724,8189824,5854848,4024512,2641604,1635744,937716,488680,228225,93984,33566,10188,2571,532,90,12,1 # cft deg6 r=0
2,0,0,0,132,0,44,0,387,0,240,0,-207,0,-174,0,78,0,126,0,57,0,12,0,1 # cft deg6 r=0
2,0,0,0,0,0,36,0,63,0,72,0,165,0,222,0,174,0,118,0,57,0,12,0,1 # cft deg6 r=0
16,0,-192,0,2928,0,-10704,0,20349,0,-24576,0,19890,0,-10440,0,3174,0,-408,0,-6,0,0,0,1 # cft deg6 r=0
64,0,-384,0,1200,0,-2656,0,9156,0,-4080,0,21944,0,-2280,0,3033,0,-436,0,132,0,-12,0,1 # cft deg6 r=0
4,0,-24,0,-48,0,640,0,4545,0,3114,0,4031,0,-1158,0,546,0,-94,0,51,0,-6,0,1 # cft deg6 r=0
1,0,-18,0,123,0,-126,0,-309,0,396,0,758,0,-396,0,-309,0,126,0,123,0,18,0,1 # cft deg6 r=0
4,0,24,0,96,0,224,0,369,0,342,0,143,0,-102,0,-102,0,-14,0,51,0,6,0,1 # cft deg6 r=0
1,0,0,0,6,0,8,0,3,0,168,0,428,0,840,0,2883,0,1576,0,294,0,0,0,1 # cft deg6 r=0
512,0,3072,0,4416,0,512,0,6036,0,-1248,0,2716,0,-588,0,549,0,-98,0,51,0,6,0,1 # cft deg6 r=0
8,0,-96,0,528,0,-1768,0,3870,0,-5388,0,4440,0,-2172,0,1041,0,-582,0,177,0,-18,0,1 # cft deg6 r=0
2,0,0,0,0,0,-36,0,63,0,-72,0,165,0,-222,0,174,0,-118,0,57,0,-12,0,1 # cft deg6 r=0
8,0,0,0,96,0,-248,0,894,0,-156,0,300,0,228,0,45,0,42,0,21,0,6,0,1 # cft deg6 r=0
131769,0,-359370,0,741609,0,755766,0,860346,0,297414,0,164841,0,14922,0,25722,0,-2742,0,1257,0,-6,0,1 # cft deg6 r=0
730737,-2450952,13628358,-33556968,76820481,-57117960,54044622,-21110544,7949682,1418328,-1982394,1163304,-154335,-115128,100530,-29040,5490,1224,-342,-72,33,-24,18,0,1 # cft deg6 r=0
30569841,52945704,86847174,64664280,60094089,33062904,15665310,7632144,2341890,2829672,551286,814248,536649,28008,164898,-22128,25362,-2664,2826,-360,249,-24,18,0,1 # cft deg6 r=0
4516,0,0,0,44289,0,955470,0,2243439,0,81540,0,203661,0,33882,0,3057,0,1164,0,387,0,-42,0,1 # cft deg6 r=0
18064,0,0,0,-154296,0,0,0,338025,0,0,0,-35100,0,0,0,18318,0,0,0,-180,0,0,0,1 # cft deg6 r=0
1129,0,0,0,-1422,0,0,0,5919,0,0,0,2268,0,0,0,279,0,0,0,18,0,0,0,1 # cft deg6 r=0
4516,0,0,0,44289,0,-955470,0,2243439,0,-81540,0,203661,0,-33882,0,3057,0,-1164,0,387,0,42,0,1 # cft deg6 r=0
18064,0,-108384,0,868428,0,-1751192,0,3548805,0,-1642182,0,324185,0,-42366,0,6576,0,-1162,0,117,0,6,0,1 # cft deg6 r=0
4096,6144,44544,-11264,-9600,500736,1576384,2837760,3690096,3716784,2989044,1927272,969913,346740,53226,-34060,-34893,-17520,-5496,-744,267,204,66,12,1 # cft deg6 r=0
5184,0,-31104,0,59616,0,-33696,0,-6156,0,1728,0,5004,0,972,0,405,0,186,0,27,0,6,0,1 # cft deg6 r=0
5353,11826,4068,-17762,-52059,-63162,-17024,61140,135459,155464,125136,62352,14574,-2688,-3888,-2452,-69,342,316,18,-27,-22,0,0,1 # cft deg6 r=0
277,-1980,6978,-17744,35802,-52836,60046,-62508,52974,-28204,6276,4056,-2778,1620,-378,-176,114,156,-170,-12,42,-4,0,0,1 # cft deg6 r=0
36,0,108,0,162,0,738,0,1953,0,396,0,-36,0,-216,0,-54,0,24,0,18,0,6,0,1 # cft deg6 r=0
131344,315648,637344,620864,532260,198768,280128,299520,470520,190168,118668,-42264,30893,-6504,11538,-9200,-2481,-1656,648,264,87,-40,-6,0,1 # cft deg6 r=0
123304,-217392,548280,-2984416,8027952,-11090040,7657244,-603252,-3393495,2531948,-212394,-708768,392233,3828,-78186,24832,3708,-3420,182,96,225,-188,66,-12,1 # cft deg6 r=0
8692,6024,32880,111280,142464,297432,480644,623316,680913,129238,147852,73830,30243,4026,15564,3384,4140,1290,1008,174,147,22,12,0,1 # cft deg6 r=0
4177,5340,28902,50756,61494,19176,-33102,-37680,-20466,-2528,8496,9216,4814,1260,-918,-1604,-750,24,186,120,30,-16,-12,0,1 # cft deg6 r=0
36,0,-216,0,648,0,-1872,0,3789,0,-3582,0,1962,0,-576,0,99,0,-24,0,18,0,-6,0,1 # cft deg6 r=0
12928,-30336,33024,49616,-96156,-64704,47624,25248,194817,456146,311874,-14610,-91239,-17598,12708,8244,3624,-546,-1470,-42,285,14,-24,0,1 # cft deg6 r=0
64,0,1152,0,6624,0,11296,0,-8460,0,-11520,0,468,0,4572,0,1701,0,316,0,-18,0,0,0,1 # cft deg6 r=0
142144,-278400,481056,793472,3270132,3120792,2651112,3003720,3808041,2966758,678318,-15006,437333,267630,-38784,-7580,21240,-4374,-3930,906,585,-22,-36,0,1 # cft deg6 r=0
994036,-1830408,-3044448,1651424,5126376,4732584,2504000,1679196,1950585,1831526,870654,-50178,384369,221814,-84792,78828,4476,-10854,13446,-6018,2337,-550,108,-12,1 # cft deg6 r=0
16000,0,-54720,10832,86196,-36312,-73488,50424,41721,-41888,-11274,24780,-319,-13956,7770,2644,-5280,2064,1074,-1692,981,-340,78,-12,1 # cft deg6 r=0
150736,-714168,1323738,-1372314,1142805,-846462,476680,-263292,100065,-11256,4812,32076,-9994,2004,-9552,-3408,-1074,240,986,654,501,234,72,12,1 # cft deg6 r=0
3386728,-4670208,11865336,-11883008,15648072,-11167512,11742396,-3974028,6061713,-379162,2072604,97446,590639,44178,137004,11408,23628,2538,3420,318,351,22,24,0,1 # cft deg6 r=0
56116,-264924,721062,-1070990,1124985,-1074882,810448,-515664,370455,-255636,185742,-138438,79261,-33258,5532,6572,-7203,4188,-1446,78,231,-162,60,-12,1 # cft deg6 r=0
36,0,216,0,648,0,1872,0,3789,0,3582,0,1962,0,576,0,99,0,24,0,18,0,6,0,1 # cft deg6 r=0
4096,0,0,-8192,59904,36864,-85248,-57600,130080,91840,-86112,-51840,77736,70128,6408,-4016,7956,6744,884,-756,-231,72,54,12,1 # cft deg6 r=0
24832,-19968,250368,-1397760,4552512,-11932032,22873120,-29139264,24030180,-12321672,3467592,-547560,606684,-771768,502596,-207408,69093,-24930,8980,-2418,537,-174,60,-12,1 # cft deg6 r=0
1,24,90,-760,462,792,10190,-25260,8502,11660,13512,-39936,20814,8088,-8682,-1488,2778,120,-618,12,102,-4,-12,0,1 # cft deg6 r=0
36,0,-108,0,162,0,-738,0,1953,0,-396,0,-36,0,216,0,-54,0,-24,0,18,0,-6,0,1 # cft deg6 r=0
2432104,5073984,6937350,5167066,5138625,57342,2417512,-2723892,2953617,-3099096,2386164,-1691580,1105726,-651060,360144,-179008,80646,-33768,12678,-4254,1281,-330,72,-12,1 # cft deg6 r=0
724,3804,16938,16170,27201,-3018,73768,-98952,81687,-61812,76110,-60726,27977,-10194,5316,-876,-2775,2628,-634,-522,555,-258,72,-12,1 # cft deg6 r=0
158752,729696,931872,-4267360,8265276,-6980160,1706892,1284048,-666303,58896,-55314,323436,341421,75876,14370,11372,14760,10680,3410,444,177,164,66,12,1 # cft deg6 r=0
55492,-613800,2360304,-3640864,2892288,-2780928,2091600,-298956,1336857,-1333062,-39894,47982,148113,189510,101244,24548,12996,8982,3506,1206,321,98,48,12,1 # cft deg6 r=0
4,0,-72,0,597,0,-2786,0,8121,0,-15168,0,17942,0,-13260,0,6018,0,-1336,0,213,0,-18,0,1 # cft deg6 r=0
6724,26256,46632,31960,-29640,35496,169140,-123396,-91443,242312,-153654,-32004,143765,-135840,74538,-24424,6972,-4200,3786,-2364,1053,-344,78,-12,1 # cft deg6 r=0
280369,439182,589896,244178,331896,5952,453814,514530,345588,-236934,-363798,-184968,61882,110658,55104,-2702,-16860,-10020,-2094,678,744,306,78,12,1 # cft deg6 r=0
4753,0,0,0,33978,0,0,0,69231,0,0,0,19116,0,0,0,3999,0,0,0,-6,0,0,0,1 # cft deg6 r=0
19012,0,0,0,125769,0,-214704,0,420522,0,-315990,0,1770309,0,384480,0,-8703,0,-1278,0,642,0,36,0,1 # cft deg6 r=0
304192,0,-5019168,0,50020404,0,41735904,0,17557941,0,4773198,0,1000377,0,246510,0,36840,0,2706,0,789,0,18,0,1 # cft deg6 r=0
4867072,0,14601216,0,-30106608,0,-91685888,0,260328072,0,-240142800,0,102110033,0,-20058876,0,2292792,0,-152134,0,4368,0,0,0,1 # cft deg6 r=0
4772,0,-85896,0,302733,0,1133162,0,1345221,0,-50616,0,610170,0,274044,0,64854,0,9264,0,825,0,42,0,1 # cft deg6 r=0
19088,0,0,0,-65688,0,0,0,66513,0,0,0,-13252,0,0,0,1446,0,0,0,84,0,0,0,1 # cft deg6 r=0
39232,0,-235392,0,765888,0,-534848,0,320544,0,-69936,0,46829,0,-29202,0,3,0,1396,0,183,0,6,0,1 # cft deg6 r=0
9808,0,-14712,0,16509,0,2196,0,17946,0,-10050,0,11465,0,-3660,0,1533,0,-90,0,18,0,12,0,1 # cft deg6 r=0
2452,0,-29424,0,76389,0,47380,0,178614,0,-67674,0,4613,0,-17352,0,63741,0,5998,0,750,0,48,0,1 # cft deg6 r=0
613,0,0,0,1050,0,0,0,5991,0,0,0,-4228,0,0,0,627,0,0,0,42,0,0,0,1 # cft deg6 r=0
9808,0,14712,0,16509,0,-2196,0,17946,0,10050,0,11465,0,3660,0,1533,0,90,0,18,0,-12,0,1 # cft deg6 r=0
3961540112,1308737472,-7936848,684829520,745221492,-225098808,255166084,-37687992,89044353,13892592,-2713560,-9610488,2447108,-153504,341232,-25256,37206,1680,2472,-1272,-96,-104,12,0,1 # cft deg6 r=0
399978704,374646720,-153213360,65313616,292589796,20503944,-126009532,-84781752,-31735503,13720112,20724072,4114632,1891732,-535392,269232,4056,86694,-3504,6984,-312,480,-104,12,0,1 # cft deg6 r=0
653,0,0,0,1506,0,0,0,1335,0,0,0,460,0,0,0,123,0,0,0,18,0,0,0,1 # cft deg6 r=0
82,0,984,0,7590,0,27024,0,48291,0,47748,0,32092,0,13596,0,1257,0,-852,0,84,0,24,0,1 # cft deg6 r=0
1936,-2112,8736,5568,-7176,-11808,-4016,-11376,-5727,9820,17418,7248,1820,2364,3858,1612,117,-216,122,84,36,-8,0,0,1 # cft deg6 r=0
64,0,-288,0,804,0,-1128,0,1632,0,-1260,0,873,0,-330,0,111,0,24,0,3,0,6,0,1 # cft deg6 r=0
4679936,20669952,51333120,88008448,109730112,101538816,75092672,48538944,29647332,16873528,8841456,4237236,1916369,783060,292386,91096,26967,6144,1940,324,171,4,18,0,1 # cft deg6 r=0
56101,-15180,-124806,81804,238854,-239304,-131910,331920,-115986,-101496,128280,-46044,19890,-25476,31206,-19128,14130,-5604,2478,-648,282,-12,24,0,1 # cft deg6 r=0
2728328,-4434312,4029348,2898812,-5841738,-1265640,2495494,696408,2289,-179468,-255390,-48024,31460,46272,21378,-3372,-8346,-4548,-534,612,582,256,72,12,1 # cft deg6 r=0
29833,118794,238368,260434,159072,-38964,-138666,-28374,92580,56682,-30366,-40404,-1902,14142,4128,-4946,-4836,-1764,78,558,444,214,66,12,1 # cft deg6 r=0
106272,0,-265680,0,215298,0,-42480,0,96246,0,66276,0,19249,0,4452,0,2826,0,1026,0,222,0,24,0,1 # cft deg6 r=0
82,0,-984,0,7590,0,-27024,0,48291,0,-47748,0,32092,0,-13596,0,1257,0,852,0,84,0,-24,0,1 # cft deg6 r=0
1422464,4552704,6023040,2429952,-4789392,-8570304,-4506616,2595768,5280153,2328478,-1226664,-1635042,-335122,295416,178458,21258,-13029,-9360,-3730,-534,306,210,66,12,1 # cft deg6 r=0
5248,32640,94656,161856,156576,17088,-201472,-314208,-186072,69464,196092,113172,-19210,-55608,-18642,10492,10053,1392,-1762,-960,-48,132,60,12,1 # cft deg6 r=0
1312,0,23616,0,150600,0,406720,0,631017,0,-264594,0,22553,0,-15630,0,17196,0,-5174,0,681,0,-42,0,1 # cft deg6 r=0
1312,0,-15744,0,80472,0,-223264,0,368490,0,-401040,0,363158,0,-290040,0,118863,0,3320,0,888,0,48,0,1 # cft deg6 r=0
41,0,0,0,318,0,0,0,1407,0,0,0,1684,0,0,0,663,0,0,0,-18,0,0,0,1 # cft deg6 r=0
41,0,0,0,-3378,0,0,0,96927,0,0,0,-9260,0,0,0,-393,0,0,0,30,0,0,0,1 # cft deg6 r=0
1312,0,15744,0,80472,0,223264,0,368490,0,401040,0,363158,0,290040,0,118863,0,-3320,0,888,0,-48,0,1 # cft deg6 r=0
328,0,3936,0,13050,0,-52168,0,17226,0,48204,0,6801,0,-6624,0,2250,0,-322,0,42,0,0,0,1 # cft deg6 r=0
20992,0,-125952,0,354432,0,591616,0,288240,0,181152,0,150512,0,64704,0,18057,0,3382,0,411,0,30,0,1 # cft deg6 r=0
656,0,0,0,-13464,0,0,0,91941,0,0,0,22280,0,0,0,1938,0,0,0,72,0,0,0,1 # cft deg6 r=0
656,0,-3936,0,20736,0,-60432,0,104904,0,-77880,0,-4680,0,38244,0,8001,0,-860,0,54,0,24,0,1 # cft deg6 r=0
719104,0,3235968,0,5385648,0,5555672,0,5462673,0,3428226,0,1236185,0,186054,0,47388,0,3802,0,561,0,30,0,1 # cft deg6 r=0
3640464,0,-29123712,0,100404684,0,10272672,0,2469285,0,-931554,0,75305,0,42834,0,-1992,0,-758,0,-51,0,6,0,1 # cft deg6 r=0
5648,0,16944,0,36540,0,44516,0,16629,0,-11754,0,1657,0,-2094,0,384,0,22,0,45,0,6,0,1 # cft deg6 r=0
353,0,0,0,-1638,0,0,0,11343,0,0,0,-4948,0,0,0,3183,0,0,0,-102,0,0,0,1 # cft deg6 r=0
90368,0,0,0,-59424,0,0,0,-12879,0,0,0,6880,0,0,0,2286,0,0,0,-96,0,0,0,1 # cft deg6 r=0
90368,0,0,0,77568,0,0,0,17760,0,0,0,400,0,0,0,1761,0,0,0,-30,0,0,0,1 # cft deg6 r=0
5648,0,0,0,10056,0,0,0,7761,0,0,0,3052,0,0,0,582,0,0,0,36,0,0,0,1 # cft deg6 r=0
5648,0,-16944,0,36540,0,-44516,0,16629,0,11754,0,1657,0,2094,0,384,0,-22,0,45,0,-6,0,1 # cft deg6 r=0
181,0,2172,0,11133,0,23542,0,28737,0,21930,0,11702,0,4830,0,1557,0,394,0,81,0,12,0,1 # cft deg6 r=0
11584,0,104256,0,704877,0,1749412,0,2172738,0,1525314,0,625109,0,145572,0,18705,0,2042,0,402,0,36,0,1 # cft deg6 r=0
181,0,-2172,0,11133,0,-23542,0,28737,0,-21930,0,11702,0,-4830,0,1557,0,-394,0,81,0,-12,0,1 # cft deg6 r=0
2896,0,0,0,14568,0,0,0,19125,0,0,0,-3852,0,0,0,618,0,0,0,-12,0,0,0,1 # cft deg6 r=0
51664,347136,993072,1368848,753492,-361272,-970552,-629676,59949,272300,155028,46716,27994,44808,42600,17560,999,-3024,-1672,-60,294,172,60,12,1 # cft deg6 r=0
1108,8244,36318,108926,231873,367422,454260,460752,397023,284452,155562,53550,-1579,-19542,-17460,-9284,-2307,1104,1854,1314,687,266,72,12,1 # cft deg6 r=0
54592,-96768,138336,36128,146484,-25464,36928,43704,5769,45374,87138,-22506,6376,-21132,22800,-574,-1899,2772,-1928,522,24,-106,54,-12,1 # cft deg6 r=0
1,12,78,332,1002,2256,4178,7524,13926,23696,34344,42624,46554,45084,38394,28752,19122,11244,5694,2436,894,284,72,12,1 # cft deg6 r=0
3028,-10236,28794,-43414,77745,-73344,67202,-30978,7677,-14062,22800,-28614,20029,-786,-5568,4204,-1935,-1350,1064,192,-219,-8,42,12,1 # cft deg6 r=0
181,1296,4026,4724,3318,1572,174,-4044,-5466,-632,9528,17424,19598,16800,12294,8608,6342,4776,3258,1836,822,284,72,12,1 # cft deg6 r=0
591949,2129070,3472440,2869226,607692,-1394616,-1877038,-1140966,-217896,222218,223038,115740,50442,26130,20088,13758,5316,120,-1254,-786,-132,86,54,12,1 # cft deg6 r=0
484,1980,6198,11050,10269,-6180,-40238,-60930,-26199,40810,69948,41298,-851,-16722,-7764,3220,4797,1494,-632,-648,-111,88,54,12,1 # cft deg6 r=0
9808,53856,54096,137680,543492,-435696,952120,-495252,-734355,222718,-64098,-151266,80068,55044,6708,20122,15489,5436,2860,1494,456,142,54,12,1 # cft deg6 r=0
388,-4596,26322,-83746,107733,81798,-129652,-133488,101271,197684,57654,-94482,-102711,-28158,23220,27708,14253,4872,1842,1122,651,266,72,12,1 # cft deg6 r=0
17101,95382,98904,-363914,-437880,1091388,264234,-1816170,1257324,205094,-573546,60444,248810,-159342,28224,-958,9744,-7908,1890,234,-96,-86,54,-12,1 # cft deg6 r=0
3136,13440,70320,-6176,-71052,-13056,203372,-185184,128853,-241808,338196,-271572,154822,-90924,56640,-26704,9603,-4428,2468,-1056,402,-172,60,-12,1 # cft deg6 r=0
97,0,582,0,489,0,-3162,0,16317,0,-22884,0,30330,0,-13284,0,5757,0,-786,0,129,0,-18,0,1 # cft deg6 r=0
99328,0,0,0,307200,0,0,0,362112,0,0,0,-25920,0,0,0,8100,0,0,0,12,0,0,0,1 # cft deg6 r=0
1552,0,-6984,0,8241,0,-1296,0,31416,0,38826,0,40761,0,28368,0,19449,0,6066,0,1464,0,72,0,1 # cft deg6 r=0
392,0,0,0,-2310,0,2240,0,10062,0,-6300,0,1529,0,588,0,2274,0,-926,0,462,0,24,0,1 # cft deg6 r=0
1024,0,7680,0,33792,0,72864,0,86148,0,63528,0,32976,0,12972,0,3849,0,774,0,87,0,6,0,1 # cft deg6 r=0
322137,171558,-5184,559710,252720,-15444,257922,-14634,96120,55950,-91926,75084,11030,-44574,28872,-918,-9000,6012,-1486,-342,468,-222,66,-12,1 # cft deg6 r=0
98,0,0,0,-462,0,0,0,741,0,0,0,544,0,0,0,96,0,0,0,6,0,0,0,1 # cft deg6 r=0
1696,-36480,267840,-124896,1346784,-711168,2877072,-1797552,3437682,-2057208,2459304,-1278414,1110537,-476472,314652,-98232,48150,-7842,3660,-324,384,-60,24,0,1 # cft deg6 r=0
17224,20472,-15012,70908,-49626,-117192,266446,-201588,-1503,158112,-157890,49524,51104,-70980,33174,5064,-15666,9216,-1762,-936,882,-348,84,-12,1 # cft deg6 r=0
51712,-32256,127872,-96384,150816,-73152,228672,162816,371496,339120,332460,203028,77233,-19962,-49236,-38538,-16116,-2304,1696,1410,648,234,66,12,1 # cft deg6 r=0
64,-192,96,-1056,2832,0,9280,-3840,14148,-8844,19494,6342,19345,5772,1920,-8808,-8268,-4506,-116,1188,900,348,84,12,1 # cft deg6 r=0
49,0,0,0,630,0,0,0,5583,0,0,0,-1724,0,0,0,63,0,0,0,6,0,0,0,1 # cft deg6 r=0
196,0,0,0,9072,0,-35728,0,41553,0,2994,0,-3367,0,4122,0,1512,0,-490,0,189,0,30,0,1 # cft deg6 r=0
404,0,2424,0,14841,0,34622,0,28959,0,20484,0,23400,0,1572,0,4332,0,-36,0,63,0,6,0,1 # cft deg6 r=0
404,0,-7272,0,50160,0,-146152,0,88725,0,255930,0,36637,0,4794,0,15492,0,-7238,0,1005,0,-54,0,1 # cft deg6 r=0
101,0,0,0,2520,0,0,0,16239,0,0,0,2032,0,0,0,123,0,0,0,-24,0,0,0,1 # cft deg6 r=0
404,0,-2424,0,-2904,0,84512,0,202005,0,-174270,0,178989,0,-78402,0,30156,0,-5970,0,933,0,-54,0,1 # cft deg6 r=0
1616,0,0,0,9480,0,0,0,20757,0,0,0,22114,0,0,0,11310,0,0,0,-126,0,0,0,1 # cft deg6 r=0
6464,0,0,0,-8352,0,0,0,21252,0,0,0,11972,0,0,0,18573,0,0,0,-246,0,0,0,1 # cft deg6 r=0
101,0,-6060,0,111384,0,-564940,0,1000479,0,-631512,0,523104,0,88680,0,7563,0,-4668,0,120,0,36,0,1 # cft deg6 r=0
1616,0,-9696,0,27756,0,-39784,0,97293,0,-101748,0,16954,0,45084,0,21318,0,4876,0,582,0,36,0,1 # cft deg6 r=0
101,0,6060,0,111384,0,564940,0,1000479,0,631512,0,523104,0,-88680,0,7563,0,4668,0,120,0,-36,0,1 # cft deg6 r=0
25856,0,-1396224,0,27238368,0,-51082272,0,116440221,0,-58113432,0,19430474,0,-4308912,0,675798,0,-50400,0,2802,0,-72,0,1 # cft deg6 r=0
1,0,42,-80,309,-240,206,48,474,-240,-1806,720,1805,-1056,-510,480,-6,-48,62,-96,21,16,-6,0,1 # cft deg6 r=0
873,7830,19548,-13266,-101565,-85914,78624,191772,150030,-24378,-134892,-29958,74503,20346,-30816,-6388,9966,1578,-2020,-162,291,10,-24,0,1 # cft deg6 r=0
576,3456,12096,25920,44640,68544,95904,109584,109368,101208,87660,72084,54457,35370,18720,7490,1752,72,236,510,432,214,66,12,1 # cft deg6 r=0
11584,19008,-24096,-77984,1344,93072,53432,-47112,-28200,-20940,5034,10710,3065,78,1704,606,228,-102,-46,66,48,-2,-6,0,1 # cft deg6 r=0
9216,27648,27648,56448,50256,-6912,88992,-73440,77292,-45528,25380,-4740,4897,-1326,1098,1082,-618,120,86,-90,-6,10,-6,0,1 # cft deg6 r=0
11584,-9216,35952,3664,93324,79572,43118,-56310,65733,47226,-16800,-38268,869,17916,-6234,-4920,3972,600,-1252,-6,237,-2,-24,0,1 # cft deg6 r=0
1721344,0,-9037056,0,24116241,0,-32574500,0,24047910,0,-9041838,0,2770385,0,-546852,0,52233,0,-3710,0,366,0,-12,0,1 # cft deg6 r=0
107584,0,3066144,0,48616980,0,-12333128,0,-15355119,0,663756,0,3408542,0,1240320,0,273267,0,34216,0,2190,0,60,0,1 # cft deg6 r=0
26896,0,0,0,-268632,0,0,0,1598673,0,0,0,173066,0,0,0,7299,0,0,0,138,0,0,0,1 # cft deg6 r=0
1696,0,20352,0,105624,0,153440,0,100272,0,42624,0,19889,0,8340,0,1872,0,166,0,0,0,0,0,1 # cft deg6 r=0
1183417,274332,-2789682,1012428,6153738,3200196,-786550,-894084,28578,358296,178956,-14136,-13790,9684,2562,348,426,-204,90,84,-18,0,0,0,1 # cft deg6 r=0
13576,-32688,-29400,-116704,-25440,409368,1348176,2346420,2962509,2878534,2274636,1473726,801526,363864,141318,46742,14763,4896,1986,666,150,-6,-6,0,1 # cft deg6 r=0
784,1008,32328,-78840,320436,-653688,1168472,-1406352,1314096,-859212,432822,-165990,94237,-85458,74868,-45840,19719,-6312,2254,-1302,711,-274,72,-12,1 # cft deg6 r=0
22336,64704,226272,515808,776400,923232,976640,853248,625440,366792,199404,97212,49246,18504,7854,2580,1425,228,90,12,36,0,0,0,1 # cft deg6 r=0
212,0,0,0,-639,0,26,0,468,0,252,0,-231,0,-396,0,525,0,-264,0,60,0,-6,0,1 # cft deg6 r=0
64,-768,768,15744,58752,115392,183744,226656,273396,310672,250512,238248,249080,187872,127728,76516,43917,24960,12038,4980,1683,440,90,12,1 # cft deg6 r=0
275656,-1372536,2369604,-1156940,-1280310,1721580,-238236,-595146,318885,-124570,189822,-65190,-114800,97170,-3294,-22406,7266,882,-642,-126,150,-30,-6,0,1 # cft deg6 r=0
106,0,-1908,0,9504,0,-3224,0,44775,0,155838,0,201275,0,128718,0,43596,0,6934,0,711,0,42,0,1 # cft deg6 r=0
3392,0,5088,0,9348,0,4312,0,1929,0,-1932,0,-177,0,198,0,42,0,-6,0,-9,0,0,0,1 # cft deg6 r=0
44372,-131712,-82536,541040,195120,-546888,-169724,261480,93693,-90076,-12990,21060,-18287,552,16710,-7192,-3624,2784,-410,24,45,-100,54,-12,1 # cft deg6 r=0
2624,-3264,1152,7664,-14748,-13944,30280,-1176,-8139,6548,-13830,252,23185,-19536,8118,-5344,3888,-1224,442,-384,225,-124,54,-12,1 # cft deg6 r=0
212,0,-2544,0,13908,0,-24860,0,17145,0,-7494,0,11061,0,-1926,0,264,0,330,0,105,0,6,0,1 # cft deg6 r=0
10418,-3048,75456,-72022,13305,56688,-10184,-29220,9114,7970,9660,-14058,-1439,2496,4824,-3796,-909,1746,-116,-780,630,-268,72,-12,1 # cft deg6 r=0
301088,409728,-112992,-365152,68904,417984,212848,-110400,54462,146444,58110,39744,2053,1506,4344,-1414,2586,-996,-680,762,-144,-82,54,-12,1 # cft deg6 r=0
424,0,0,0,-1470,0,-1232,0,13494,0,-21084,0,19409,0,-9228,0,2946,0,-406,0,78,0,0,0,1 # cft deg6 r=0
6784,0,-40704,0,644736,0,2251008,0,2626200,0,2192304,0,1790252,0,700104,0,147981,0,11826,0,927,0,30,0,1 # cft deg6 r=0
212,0,-1272,0,-1587,0,17570,0,29784,0,5400,0,4133,0,-840,0,93,0,-128,0,24,0,-6,0,1 # cft deg6 r=0
106,0,-636,0,3288,0,-9440,0,8823,0,-3342,0,9731,0,-2322,0,6828,0,-1546,0,255,0,-18,0,1 # cft deg6 r=0
1696,0,-10176,0,744,0,46176,0,56697,0,9618,0,4329,0,-14466,0,3564,0,978,0,465,0,-42,0,1 # cft deg6 r=0
2297,-11874,71148,-203442,461496,-658584,329394,31398,83604,-146458,68958,-26964,121086,-63654,46140,-9290,11040,-540,1510,90,204,6,18,0,1 # cft deg6 r=0
2984,-2880,29640,18544,110214,100272,254974,158712,371637,104180,324666,34848,157416,20460,42954,11544,7506,3084,1246,480,162,36,24,0,1 # cft deg6 r=0
392,0,2424,-5072,2088,-1896,4864,2796,-2475,-148,-5598,1584,1284,2892,834,-300,621,-264,634,48,216,0,24,0,1 # cft deg6 r=0
6464,4992,-13632,16320,-75984,82080,275088,-693840,896736,-911440,799704,-544608,297774,-135492,59208,-20918,7665,-2970,1690,-162,204,6,18,0,1 # cft deg6 r=0
1696,0,7632,0,15210,0,14528,0,7194,0,-948,0,-1615,0,12,0,714,0,242,0,18,0,-12,0,1 # cft deg6 r=0
1696,0,-12720,0,42282,0,-92256,0,146850,0,-139164,0,37593,0,27300,0,5994,0,1254,0,234,0,24,0,1 # cft deg6 r=0
32272,18864,117048,90856,230724,145920,273040,163992,175416,113548,81174,33474,32937,-456,13824,-3892,3948,-1206,724,-108,132,-16,12,0,1 # cft deg6 r=0
1108,3312,4536,17836,35877,-12810,-35242,16938,53139,-3258,-76614,-54192,10841,34572,20970,5964,-855,-3786,-2884,-654,267,226,72,12,1 # cft deg6 r=0
784,0,0,1456,2172,1608,1352,2628,4593,4104,2784,2832,2840,2496,2448,2832,3294,3288,2624,1632,780,280,72,12,1 # cft deg6 r=0
349,2106,84,-8522,13095,2550,11644,-7980,-246,-13118,1596,-2598,5487,-78,2484,-1300,294,-666,76,-90,51,2,12,0,1 # cft deg6 r=0
36,108,-270,-1566,-1287,5796,16920,12798,-21717,-61110,-50040,28422,118225,149226,113460,58100,21861,7770,3734,2076,963,328,78,12,1 # cft deg6 r=0
32272,-192576,460704,-604496,942996,-573528,631456,-251688,279576,-118232,105252,-39468,36465,-10230,12480,-3094,3396,-864,760,-150,144,-10,18,0,1 # cft deg6 r=0
7632,0,34344,0,83565,0,159768,0,237978,0,267066,0,250305,0,184176,0,86589,0,21810,0,2490,0,84,0,1 # cft deg6 r=0
1908,0,-22896,0,123552,0,-37296,0,-251019,0,12294,0,203781,0,60678,0,14148,0,2178,0,237,0,18,0,1 # cft deg6 r=0
404496,0,2518560,0,5149980,0,3205080,0,1311777,0,408330,0,35982,0,-6768,0,4167,0,2280,0,270,0,-6,0,1 # cft deg6 r=0
25281,0,2862,0,31725,0,9486,0,-13302,0,19566,0,-7083,0,-2142,0,8298,0,-2046,0,333,0,-30,0,1 # cft deg6 r=0
477,0,0,0,-9882,0,0,0,55431,0,0,0,-35868,0,0,0,6075,0,0,0,150,0,0,0,1 # cft deg6 r=0
30528,0,0,0,-8640,0,-14976,0,864,0,2808,0,4245,0,-594,0,-909,0,-228,0,159,0,6,0,1 # cft deg6 r=0
404496,0,1877472,0,4183164,0,5222952,0,3976785,0,1978974,0,702774,0,181440,0,34911,0,4872,0,486,0,30,0,1 # cft deg6 r=0
404496,0,961632,0,3743064,0,-3712320,0,1553913,0,-203166,0,-103311,0,56646,0,-5940,0,-1014,0,585,0,-42,0,1 # cft deg6 r=0
25281,0,-100170,0,177687,0,-185742,0,150507,0,-120276,0,79722,0,-30348,0,3915,0,318,0,135,0,-6,0,1 # cft deg6 r=0
25281,0,22896,0,5481,0,-1296,0,-5958,0,864,0,2673,0,-1008,0,90,0,0,0,9,0,0,0,1 # cft deg6 r=0
30528,0,0,0,168048,0,123840,0,-29268,0,-9072,0,23361,0,1152,0,-792,0,-42,0,60,0,12,0,1 # cft deg6 r=0
25281,0,-22896,0,5481,0,1296,0,-5958,0,-864,0,2673,0,1008,0,90,0,0,0,9,0,0,0,1 # cft deg6 r=0
404496,0,0,0,23976,0,0,0,25065,0,0,0,-5292,0,0,0,558,0,0,0,-36,0,0,0,1 # cft deg6 r=0
25281,0,100170,0,177687,0,185742,0,150507,0,120276,0,79722,0,30348,0,3915,0,-318,0,135,0,6,0,1 # cft deg6 r=0
1908,0,0,0,-8451,0,-16272,0,-2754,0,27342,0,80229,0,69804,0,32085,0,6534,0,678,0,0,0,1 # cft deg6 r=0
7632,0,45792,0,300996,0,64584,0,129600,0,-619416,0,700905,0,-304632,0,67644,0,-894,0,-168,0,24,0,1 # cft deg6 r=0
404496,0,-1877472,0,4183164,0,-5222952,0,3976785,0,-1978974,0,702774,0,-181440,0,34911,0,-4872,0,486,0,-30,0,1 # cft deg6 r=0
404496,0,-732672,0,1020492,0,-1047168,0,1105713,0,-882468,0,462834,0,-160200,0,37287,0,-5832,0,594,0,-36,0,1 # cft deg6 r=0
484,0,0,0,-132,0,0,0,5157,0,0,0,3878,0,0,0,12063,0,0,0,-90,0,0,0,1 # cft deg6 r=0
4412628,19602000,49675824,79093344,87152868,65961984,32039348,5342304,-5117547,-5125784,-2150604,-421824,98812,58200,39876,1120,12726,1032,2796,-96,288,-24,24,0,1 # cft deg6 r=0
1936,0,11616,0,31812,0,54648,0,65580,0,56724,0,36353,0,17142,0,5883,0,1368,0,195,0,6,0,1 # cft deg6 r=0
125,0,750,0,2625,0,24650,0,102705,0,107760,0,-77386,0,-96000,0,68973,0,-4070,0,957,0,-18,0,1 # cft deg6 r=0
500,0,6000,0,61725,0,-114700,0,41160,0,9810,0,6461,0,-7488,0,-795,0,586,0,120,0,12,0,1 # cft deg6 r=0
125,0,-750,0,2625,0,-24650,0,102705,0,-107760,0,-77386,0,96000,0,68973,0,4070,0,957,0,18,0,1 # cft deg6 r=0
2000,0,-12000,0,62100,0,-158200,0,263340,0,-371040,0,432069,0,-352398,0,180339,0,-52644,0,7095,0,-150,0,1 # cft deg6 r=0
500,0,-6000,0,61725,0,114700,0,41160,0,-9810,0,6461,0,7488,0,-795,0,-586,0,120,0,-12,0,1 # cft deg6 r=0
-248816,-895856,5050304,-10740432,5385416,11240712,-18802336,13131884,-1088116,-1231296,-3887746,1674086,2701773,-1597862,-514327,480784,26388,-72650,2655,6538,-344,-376,3,12,1 # cft deg6 r=8
4,284,-4424,11464,31862,-107626,-300131,-352504,-800670,-1328906,-370276,1031620,733103,-244894,-357554,1720,100676,4644,-17261,282,1428,-62,-58,2,1 # cft deg6 r=8
717389,6584010,1661286,-18637604,-1071960,12886292,9904935,-13165172,-1263859,564540,4028646,-1353908,-662259,-53152,314774,-16712,-47129,-7502,12703,-1108,-1285,356,-1,-10,1 # cft deg6 r=8
-541,1322,43634,-206068,55666,374958,-1427323,420984,2641703,-1373630,-2386802,1350864,1254705,-668968,-421904,185750,90865,-27366,-13713,2520,1179,-114,-55,2,1 # cft deg6 r=8
30191321,6348772,63279939,-357092370,441213953,-118956310,-154656496,89206136,63383899,-69151404,6001113,12856576,-585480,-4478590,1643217,110612,-59855,-89894,46738,-4772,-1951,554,-15,-10,1 # cft deg6 r=4
8165725,-29308280,56706276,-76332892,77534580,-57148854,24764949,1635838,-10110127,4043194,2567608,-2312404,-278339,722254,-53896,-139924,22971,18836,-3457,-2328,585,122,-41,-2,1 # cft deg6 r=0
167359,-60276,47652,142332,279612,-434444,37203,212642,-58547,-385268,429352,-17832,-101827,-272586,569808,-456146,216925,-79216,24099,-3988,-573,384,-39,-6,1 # cft deg6 r=0
43011,-74358,371709,-135810,-946377,1741860,-1416196,497236,408249,-911994,790343,-324924,-22220,115140,-75583,22192,4845,-8154,2878,288,-461,74,25,-10,1 # cft deg6 r=4
-8752109,47667376,-34891038,-149514150,165313470,213282960,-253894499,-177338020,206797391,93770164,-101247680,-32614086,31096769,7490118,-6059926,-1086122,745393,87870,-57957,-2774,2995,22,-79,2,1 # cft deg6 r=8
3038401,10273688,44635006,57164302,128412998,152603034,141416957,157057096,126603295,76370998,57086162,33147914,3701501,-5102572,-1216102,630008,167739,-63158,-16631,3838,859,-196,-33,6,1 # cft deg6 r=0
52399,-351785,976296,-1346903,656661,664637,-1230778,727914,-141209,-472969,553836,-36154,-85592,55642,-26478,-27936,106,5653,1739,310,-63,-64,-12,0,1 # cft deg6 r=8
1309339,-6820840,6930673,6352746,1643429,-35675082,25814487,23606272,-31721579,5208740,3135756,1352228,-748431,-531640,6678,129812,25999,-18942,-5627,1154,682,-26,-32,-2,1 # cft deg6 r=8
-1,-20,-51,396,1015,-3758,-5989,17088,8943,-29736,19386,46572,-32857,-37462,6984,11788,3909,-654,-997,6,72,14,-6,-4,1 # cft deg6 r=12
1005104,5493472,10841808,4531504,-11338720,-14025640,-1250472,7193528,4881200,146060,-1521216,-891234,-64361,170030,84285,3862,-14352,-5386,181,746,248,-22,-11,-4,1 # cft deg6 r=4
-475,-175,4320,17865,23821,44501,30838,41882,8469,13291,-13372,-2368,-11244,-896,-3028,546,-384,73,63,-56,49,-42,18,-6,1 # cft deg6 r=4
-1741,-3606,32707,145606,171195,-162182,-575149,-311504,491243,634418,-161624,-678654,-270789,263726,257344,14216,-65971,-23424,4349,3828,360,-196,-44,2,1 # cft deg6 r=12
1108721,3680868,3649451,-692930,-3388069,-1455296,833509,1030232,386441,-227924,-432208,-70510,203399,67682,-61978,-25320,13547,5930,-2213,-902,264,86,-22,-4,1 # cft deg6 r=8
-1259,-5535,4876,22667,-42871,-27847,-22894,68286,61925,-8167,-24576,-42630,4772,12146,5702,746,-2586,-431,257,-22,-21,64,-20,-2,1 # cft deg6 r=8
-361,10773,77324,381885,1082291,2416571,3742644,3434900,1396837,-501115,-1008970,-567896,-61618,132884,86200,-2300,-28202,-12411,543,1942,419,-80,-36,0,1 # cft deg6 r=4
676,-4004,13280,-20848,12558,34422,-76683,108054,-34472,4504,96748,-5028,64819,66608,32184,42412,28834,11286,6003,2342,28,-216,-36,4,1 # cft deg6 r=4
1845071,4950393,1583536,-10047345,-7770913,3210867,2185402,-505358,883317,434531,-203214,-59354,-58252,17396,38712,-16214,-7788,6703,1451,-750,-41,34,-12,-2,1 # cft deg6 r=4
574705,-3763480,9835631,-15042040,13813941,-4204540,-3969775,3974522,-325815,-2005378,1717552,-414110,-213333,229576,-68010,820,9519,-4000,1701,66,-128,70,-12,-4,1 # cft deg6 r=4
35069,60314,-1155623,1229586,2806739,-288788,-4496195,-1910256,3245941,2437036,-939194,-1197588,-37779,202748,67586,25504,-3499,-12908,-2931,1418,506,-58,-30,2,1 # cft deg6 r=8
-89564,4597176,32225108,85327268,105958548,51797016,-6681955,-6937506,7594114,4113816,-4038,38288,-35361,-70038,50346,25480,-10470,-4870,95,12,80,64,-8,-6,1 # cft deg6 r=4
718141,-285919,640138,244741,918129,342687,726956,151846,284595,384759,140518,-99586,41776,99348,-7790,-33960,4906,7213,-1475,-828,277,50,-22,0,1 # cft deg6 r=0
196439,970904,1197393,-736496,-2719173,-1418206,1406943,1934416,233031,-777136,-388994,61800,98171,29606,616,-5264,-3027,-314,-81,238,64,-14,-2,-4,1 # cft deg6 r=8
-13484,-329284,-987168,2635776,-1911794,-4094986,-3910973,481054,1410020,654552,-233740,-140466,-46549,12492,12152,7616,-3122,-1274,237,66,0,24,-12,-2,1 # cft deg6 r=4
185071,4787010,5715799,-12415040,-19890403,8760852,5354005,-4151064,2963927,-3240180,3387790,-942894,-367831,206050,159752,-121432,4119,15842,-1169,-2408,506,136,-42,-2,1 # cft deg6 r=4
57209,80363,881024,1430927,3965469,4845015,6885224,6434402,5890327,4080377,2655402,1359170,562290,204976,43754,9916,668,1021,1125,128,49,-14,-22,0,1 # cft deg6 r=4
6271,2433,67542,-138717,211033,-248959,266340,-255420,218257,-171755,123404,-76730,41482,-19510,6634,-686,-522,397,-221,-56,149,-74,22,-6,1 # cft deg6 r=0
841,0,26883,0,17578,0,-10626,0,-15457,0,-4918,0,4531,0,210,0,-809,0,170,0,26,0,-9,0,1 # cft deg6 r=4
260231,-1158654,2774069,-3891346,1026287,3662122,-5973331,4742244,-2195379,-719948,869350,-34240,-504911,206930,70150,-63756,2047,13238,-2713,-1528,446,84,-32,-2,1 # cft deg6 r=4
-13399,-118728,694555,-1074514,385,1524180,-1018647,-863564,1124973,198952,-660598,45038,254839,-48064,-71688,16692,14751,-3512,-2217,542,266,-52,-24,2,1 # cft deg6 r=8
136016,-142368,-326728,322656,568748,-518230,-402301,324254,364446,-377092,-4104,107256,12643,-53624,1196,26056,-12196,-2102,3789,-1162,-106,140,-20,-4,1 # cft deg6 r=0
194809,-137441,-583444,1396429,561019,-3490611,389540,3954886,-152381,-1812185,38948,475930,67318,-63940,-34814,8106,8462,-1221,-1137,110,159,0,-18,0,1 # cft deg6 r=0
-2389,-27730,-92333,-38728,425503,705522,-524011,-1189480,511501,804418,-690630,-360766,523677,164998,-163164,-41656,18319,390,-981,1072,248,-86,-26,2,1 # cft deg6 r=12
59989,-419892,1398375,-1778420,-675063,3786356,-2548758,-1616496,2820903,-546284,-1097737,618744,181938,-203576,-16235,38548,4095,-5748,-1118,680,153,-40,-15,0,1 # cft deg6 r=8
-295,-1600,-4789,-862,49525,64732,-157255,-156602,219731,143840,-133644,-27452,38095,-26758,-7750,9448,-453,18,183,-474,110,74,-26,-2,1 # cft deg6 r=8
5119,20246,-84879,144520,-255530,306568,-509098,391958,-290255,35150,8404,56378,-38373,23328,31666,-12684,-2921,1618,2112,502,-218,-76,-15,4,1 # cft deg6 r=8
-1901,5445,-15362,25739,-30247,30117,-16544,8894,-13993,3383,-5414,5390,3474,290,4398,-764,-962,-1245,325,150,-33,30,-8,-4,1 # cft deg6 r=4
14180809,-36216424,27140327,2834866,-8716093,4319518,-7027216,6030926,-307287,-1565422,375469,48984,90574,-27196,-38663,7262,12869,-2810,-2216,630,247,-82,-21,4,1 # cft deg6 r=4
-198544,469088,-27256,-73432,-1698628,2390886,-159687,-1186362,462618,-329886,760040,-240190,-509333,441690,-32582,-91832,25386,9760,-3789,-1028,452,50,-22,-4,1 # cft deg6 r=4
-163136,714592,-1628800,673080,3436392,-4049646,-1469943,3119516,727938,-1254946,-768932,590026,236623,-196414,33170,14072,-22970,5028,2187,-750,168,10,-30,0,1 # cft deg6 r=8
35202341,-10091948,-56881523,21287536,38048293,-17941270,-6782986,-2734876,4587021,3834908,-3491119,-556934,875118,-39614,-14959,-35304,-17011,18848,334,-2882,349,180,-35,-4,1 # cft deg6 r=0
-52196,24660,416184,793660,507250,-523186,-1524493,-1786412,-1525766,-1295194,-1145312,-881722,-520825,-221012,-67300,-16884,-6,6474,4553,896,-318,-170,-12,6,1 # cft deg6 r=4
115844,-117612,-689764,324164,1823294,-220836,-2187931,-1045612,1218032,1434252,-21362,-681324,-245537,127734,107094,2960,-19536,-5418,1515,970,42,-80,-16,2,1 # cft deg6 r=4
616381,-3596428,31818968,-78544662,141542417,-162995122,136650784,-83825012,40368706,-11123572,-1578452,3622438,-1092647,-161082,256108,-26248,-6146,4300,-676,798,349,-74,-24,4,1 # cft deg6 r=0
22349,-6056,-98585,102496,437943,-309916,-767021,639304,704007,-917846,-35072,316302,60373,-135758,-2500,23848,4301,-4016,-1057,396,174,-22,-12,-2,1 # cft deg6 r=4
-113831,-3312049,-16338652,-61149295,-153446327,-210724673,-117807750,48066840,101128423,38759347,-8174292,-2594902,8448076,5904680,1331878,122744,98250,37589,-2537,-1846,293,24,-32,0,1 # cft deg6 r=4
-492319,-2654115,-4188210,3336085,48061007,78342655,38185606,-9678090,-21699943,-17001275,-4938580,6077810,5607648,-305300,-1814878,-175400,339544,30025,-37369,-1680,2303,30,-74,0,1 # cft deg6 r=4
1538249,3179106,-1639705,-13566246,-9556087,7756746,15988799,3144506,-8260773,-4733904,1011938,1334088,335063,106938,-68770,-85468,-11489,6556,2283,934,194,-98,-32,2,1 # cft deg6 r=4
55696,0,-886112,0,3622384,0,-6761600,0,6785472,0,-3896448,0,1321000,0,-277960,0,41308,0,-5224,0,548,0,-36,0,1 # cft deg6 r=20
130321,0,-1425962,0,5395289,0,-8724226,0,7318042,0,-3768402,0,1332377,0,-343522,0,65142,0,-8786,0,789,0,-42,0,1 # cft deg6 r=16
1,0,-2,0,-939,0,3014,0,-7254,0,19918,0,-6147,0,-6982,0,-534,0,754,0,21,0,-22,0,1 # cft deg6 r=12
361,2128,-9566,-9596,21713,-1780,11054,896,-55142,17576,63970,-14084,-58443,16604,30634,-8232,-9702,-352,4958,-1132,-639,284,-14,-8,1 # cft deg6 r=12
3389,155024,80576,-1562408,-2596370,1658928,5236296,-523768,-5667065,-580384,3830208,783568,-1714508,-483296,500240,181232,-87653,-40816,7744,5208,-130,-336,-24,8,1 # cft deg6 r=12
625,0,-12200,0,9706,0,-76904,0,38639,0,60208,0,-53684,0,15728,0,-3393,0,888,0,-86,0,-8,0,1 # cft deg6 r=12
-13259,-134248,154392,1971264,-6412070,7919408,-4147008,1408264,-3309449,4917232,-3206016,1009456,-258276,118528,25536,-66752,24691,-1672,264,-112,-326,144,0,-8,1 # cft deg6 r=12
361,0,586,0,-13927,0,-103974,0,557286,0,-742974,0,424481,0,-129390,0,26942,0,-4574,0,561,0,-38,0,1 # cft deg6 r=16
201601,0,753570,0,-1074715,0,30450,0,279250,0,-24190,0,-34503,0,7410,0,2450,0,-1550,0,325,0,-30,0,1 # cft deg6 r=12
11881,0,-13662,0,28729,0,218158,0,-586618,0,283930,0,65341,0,-77394,0,28018,0,-5846,0,693,0,-42,0,1 # cft deg6 r=12
1,0,-2292,0,184190,0,-220060,0,-66769,0,168640,0,-48620,0,-27824,0,22639,0,-6412,0,862,0,-52,0,1 # cft deg6 r=12
16,0,-2624,0,79168,0,-156224,0,39136,0,-14528,0,11368,0,8384,0,-208,0,224,0,-116,0,-16,0,1 # cft deg6 r=12
22801,0,-499988,0,1237350,0,-979716,0,344415,0,-73376,0,21908,0,9344,0,-8625,0,1044,0,150,0,-28,0,1 # cft deg6 r=12
841,0,-15260,0,89390,0,-183076,0,46239,0,164384,0,-81228,0,-27632,0,25367,0,-6276,0,750,0,-44,0,1 # cft deg6 r=16
976,16128,44928,-24992,-200832,-133088,146000,204288,116656,-55568,-138208,2064,27032,848,-27424,5240,10960,-552,-804,120,-80,-52,-4,4,1 # cft deg6 r=12
15376,0,-248640,0,357952,0,341920,0,-88480,0,-33440,0,-24184,0,1600,0,2736,0,120,0,-116,0,0,0,1 # cft deg6 r=12
22801,0,-128104,0,20282,0,480120,0,-496081,0,48272,0,95276,0,-25584,0,-2849,0,1624,0,-134,0,-8,0,1 # cft deg6 r=12
256,0,-17408,0,136704,0,-354048,0,310336,0,-108288,0,-59040,0,33184,0,6832,0,-896,0,-204,0,0,0,1 # cft deg6 r=12
16,0,-576,0,-128,0,15008,0,35488,0,11376,0,-20776,0,-4400,0,3696,0,200,0,-216,0,12,0,1 # cft deg6 r=12
16,4672,-11328,-31200,117488,-33632,-254128,277984,113872,-333712,119632,109264,-113688,29264,22944,-24200,5044,3816,-2644,232,400,-92,-28,4,1 # cft deg6 r=12
841,0,37754,0,-217399,0,488682,0,-586874,0,423394,0,-192687,0,54338,0,-8242,0,194,0,145,0,-22,0,1 # cft deg6 r=12
12329,-30052,-128994,407556,-86215,-1039192,1794522,-596044,-1522950,1339828,330586,-535172,-59191,93968,43402,-19028,-15978,6732,2262,-1428,-27,136,-18,-4,1 # cft deg6 r=12
279841,0,-263442,0,-316619,0,557886,0,-332654,0,85630,0,19045,0,-23622,0,8322,0,-1654,0,229,0,-22,0,1 # cft deg6 r=12
5776,0,109056,0,132896,0,-718496,0,133712,0,112400,0,-14312,0,5040,0,-968,0,-216,0,16,0,-4,0,1 # cft deg6 r=8
361,0,55188,0,86738,0,-102012,0,31591,0,-30088,0,21636,0,-1816,0,-2977,0,980,0,-54,0,-12,0,1 # cft deg6 r=8
177241,0,-551126,0,461545,0,-104886,0,-37622,0,51290,0,-30119,0,8666,0,-1570,0,162,0,29,0,-6,0,1 # cft deg6 r=8
6400,0,2560,0,-214784,0,57088,0,42944,0,5760,0,224,0,-8576,0,3712,0,-944,0,156,0,-16,0,1 # cft deg6 r=8
361,0,24228,0,-75646,0,30148,0,42087,0,10728,0,-8316,0,-7848,0,-1889,0,-300,0,-38,0,4,0,1 # cft deg6 r=8
9929,23112,-16916,11472,-64782,81312,21788,-230440,111247,225840,-214488,-39520,101004,45536,-112216,54896,-1529,-10424,5420,-688,-478,192,-4,-8,1 # cft deg6 r=8
281,-736,-2166,5636,5125,-22428,-4470,136128,-242782,108616,166018,-262884,108657,89172,-112818,26648,19026,-15040,4142,276,-667,196,-2,-8,1 # cft deg6 r=8
16,0,3232,0,-1936,0,-40736,0,29056,0,75232,0,-5688,0,-16664,0,-5492,0,-1888,0,-60,0,-4,0,1 # cft deg6 r=8
1,0,-142,0,-9979,0,5626,0,-19326,0,-11102,0,101333,0,10638,0,2914,0,-794,0,-59,0,-2,0,1 # cft deg6 r=8
4096,0,-53248,0,235520,0,-453632,0,507648,0,-309760,0,73984,0,20352,0,-13840,0,2416,0,-104,0,-12,0,1 # cft deg6 r=8
-15151,-98128,-144924,214344,506874,-305304,-801820,373880,891559,-352064,-740816,107296,359796,-31824,-180336,-59264,23383,21232,4172,-1192,-750,-120,12,8,1 # cft deg6 r=8
1,0,-42918,0,232149,0,-454374,0,340074,0,33466,0,-190403,0,102918,0,-22166,0,1478,0,149,0,-26,0,1 # cft deg6 r=20
15376,0,-125824,0,124384,0,-178912,0,509104,0,-497584,0,129112,0,37744,0,-17656,0,472,0,344,0,-36,0,1 # cft deg6 r=16
-1741099,-4342524,16661734,16117536,-38780719,-36417912,39998366,48940172,-18134038,-37249660,382238,16623232,3189269,-4515296,-1447826,767444,308270,-83572,-35922,5848,2293,-240,-74,4,1 # cft deg6 r=16
1,0,-1796,0,-7974,0,41796,0,-8233,0,-72440,0,18324,0,24232,0,-7657,0,-1348,0,562,0,-44,0,1 # cft deg6 r=16
1,0,-754,0,15013,0,-50898,0,-95886,0,208974,0,-21135,0,-51858,0,22746,0,-4450,0,509,0,-34,0,1 # cft deg6 r=16
3721,0,-34354,0,15453,0,294502,0,-708206,0,700654,0,-351295,0,88622,0,-7494,0,-1370,0,389,0,-34,0,1 # cft deg6 r=16
361201,0,-2619640,0,6801474,0,-8521872,0,5929383,0,-2522176,0,722356,0,-160688,0,31255,0,-4776,0,490,0,-32,0,1 # cft deg6 r=12
16,0,8960,0,96,0,-69632,0,4400,0,90224,0,-65224,0,20784,0,-5160,0,768,0,56,0,-20,0,1 # cft deg6 r=12
190096,0,-279008,0,27376,0,10752,0,137312,0,-153808,0,86376,0,-35032,0,11212,0,-2632,0,396,0,-32,0,1 # cft deg6 r=12
16,0,-928,0,8976,0,61120,0,-203312,0,201296,0,-78424,0,16408,0,-7164,0,2072,0,-192,0,-8,0,1 # cft deg6 r=12
9025,0,-323090,0,995161,0,-1178706,0,863222,0,-315642,0,19897,0,15974,0,-3202,0,-90,0,113,0,-18,0,1 # cft deg6 r=12
19321,0,-17934,0,123345,0,-42954,0,-23070,0,-62518,0,18121,0,14178,0,1378,0,-1346,0,209,0,-22,0,1 # cft deg6 r=8
1,0,1298,0,4997,0,-47214,0,-197698,0,-142990,0,17529,0,30730,0,3610,0,-1278,0,-271,0,-6,0,1 # cft deg6 r=8
25,0,20,0,-1386,0,-4556,0,-2609,0,2336,0,7828,0,8256,0,2039,0,-980,0,-378,0,-20,0,1 # cft deg6 r=8
1,0,-34,0,-6295,0,42162,0,87470,0,-6666,0,-28891,0,-3278,0,898,0,-154,0,-19,0,10,0,1 # cft deg6 r=8
16,0,0,0,-80320,0,0,0,44640,0,0,0,-24072,0,0,0,4000,0,0,0,-120,0,0,0,1 # cft deg6 r=8
15376,0,94368,0,52112,0,-250336,0,324656,0,123760,0,-350984,0,71624,0,16212,0,-6688,0,848,0,-48,0,1 # cft deg6 r=8
28561,0,560742,0,-3029411,0,4009978,0,-2895570,0,1342662,0,-364323,0,33930,0,10446,0,-3914,0,557,0,-38,0,1 # cft deg6 r=8
361,0,6822,0,-6651,0,53898,0,-61670,0,-37378,0,-104323,0,28770,0,5846,0,-3034,0,497,0,-38,0,1 # cft deg6 r=8
6241,0,-167656,0,149410,0,18160,0,-338505,0,258752,0,-16636,0,-44912,0,21143,0,-4472,0,506,0,-32,0,1 # cft deg6 r=8
944,-5504,-8480,37248,24224,-173536,-180576,1202624,-1766144,1032512,321904,-1013920,684544,-54432,-219064,153712,-37064,-6568,5976,-704,-408,136,4,-8,1 # cft deg6 r=8
-11651,10724,249704,-758944,438562,698428,-645356,-596112,918599,-143216,-315744,123160,89916,-35056,-90104,105464,-43781,-916,7400,-1848,-430,244,-12,-8,1 # cft deg6 r=8
36481,0,-323726,0,-106211,0,273462,0,303294,0,77754,0,-14523,0,-14594,0,-5466,0,-1142,0,-91,0,6,0,1 # cft deg6 r=8
127201,-416852,68354,180884,1076793,-683940,-2499866,2588736,907418,-1282604,-1548230,2064996,-65543,-956316,439514,88648,-115422,14708,11798,-3652,-399,284,-14,-8,1 # cft deg6 r=8
4752400,0,-1766720,0,-1295456,0,457376,0,152816,0,-40288,0,-19208,0,5280,0,-648,0,72,0,60,0,-16,0,1 # cft deg6 r=8
1,0,-4802,0,16125,0,-119610,0,195894,0,-129522,0,57105,0,-18906,0,5386,0,-1178,0,193,0,-26,0,1 # cft deg6 r=8
279841,0,199962,0,-575731,0,-374138,0,153758,0,76946,0,-8819,0,-378,0,-578,0,-326,0,13,0,-2,0,1 # cft deg6 r=8
1,0,-22,0,633,0,-25246,0,233882,0,-544846,0,164393,0,-30166,0,12918,0,-1334,0,197,0,-30,0,1 # cft deg6 r=12
725,11100,45190,37700,-95611,-153924,-126662,-45348,327918,-132940,-236394,334084,-30403,-152316,85814,4996,-25022,8388,2218,-1820,97,148,-26,-4,1 # cft deg6 r=12
13456,0,-84288,0,324736,0,-844896,0,930144,0,-498768,0,170888,0,-45168,0,10224,0,-2056,0,316,0,-28,0,1 # cft deg6 r=12
361,0,-3682,0,10497,0,31482,0,-244534,0,458758,0,-355331,0,123330,0,-19198,0,1398,0,-71,0,-6,0,1 # cft deg6 r=12
1,0,-106,0,2353,0,-18070,0,61690,0,-180106,0,189309,0,-54382,0,9066,0,-1522,0,161,0,-14,0,1 # cft deg6 r=12
929296,0,-7297728,0,8476864,0,-4498016,0,1335680,0,-160368,0,-36216,0,10992,0,2208,0,-1256,0,212,0,-20,0,1 # cft deg6 r=8
1,0,498,0,9801,0,40698,0,29394,0,-77150,0,-79879,0,3586,0,8374,0,-30,0,-227,0,2,0,1 # cft deg6 r=8
22801,0,264634,0,-365543,0,-549498,0,-43414,0,76370,0,14193,0,4578,0,1114,0,-554,0,-87,0,10,0,1 # cft deg6 r=8
25,0,7030,0,199209,0,408002,0,124306,0,-165330,0,-88607,0,3398,0,8482,0,1018,0,-135,0,-18,0,1 # cft deg6 r=8
10000,0,45600,0,37104,0,60224,0,-32800,0,-115056,0,-14536,0,22168,0,-612,0,-184,0,-12,0,-16,0,1 # cft deg6 r=8
5776,0,-152160,0,871920,0,1309440,0,-192800,0,-495680,0,6648,0,33080,0,-6900,0,440,0,100,0,-20,0,1 # cft deg6 r=8
121801,0,-183190,0,-61135,0,226206,0,-99690,0,-26590,0,16861,0,8750,0,-5190,0,706,0,5,0,-10,0,1 # cft deg6 r=8
1,0,-70,0,-235,0,10806,0,-28610,0,101410,0,-92339,0,8830,0,-890,0,-494,0,125,0,-10,0,1 # cft deg6 r=8
4096,0,61440,0,66560,0,-75776,0,-289280,0,-62720,0,374336,0,-196480,0,51680,0,-8016,0,740,0,-40,0,1 # cft deg6 r=8
156025,0,-370990,0,-332639,0,358874,0,114006,0,-112630,0,-11039,0,13154,0,3206,0,666,0,-63,0,-22,0,1 # cft deg6 r=8
1,0,1212,0,29622,0,-8484,0,-286801,0,-363152,0,-71580,0,16336,0,4111,0,500,0,-74,0,-12,0,1 # cft deg6 r=8
3900625,0,-1895250,0,1369625,0,51730,0,-267386,0,153326,0,-4523,0,-22990,0,258,0,1158,0,-59,0,-14,0,1 # cft deg6 r=8
279841,0,-697222,0,622149,0,-257242,0,88042,0,-96030,0,85101,0,-49314,0,19598,0,-4726,0,633,0,-42,0,1 # cft deg6 r=8
63001,0,-827426,0,1975785,0,-199470,0,-669054,0,58430,0,-8675,0,6402,0,1994,0,-466,0,33,0,-14,0,1 # cft deg6 r=8
156025,0,-1783770,0,2463009,0,-1117534,0,140242,0,-15682,0,41789,0,-22942,0,6386,0,-1290,0,209,0,-22,0,1 # cft deg6 r=8
9025,0,-448670,0,141649,0,592218,0,-290598,0,-62718,0,61729,0,-7926,0,-3754,0,762,0,13,0,-22,0,1 # cft deg6 r=8
22621,171832,323288,-185828,-1153182,-900592,744780,1517892,403791,-821512,-670528,107296,323412,64232,-72984,-31680,5875,6832,376,-860,-70,72,-4,-4,1 # cft deg6 r=12
625,0,-76600,0,2081194,0,-5892536,0,5596655,0,-2534512,0,454092,0,23248,0,-18497,0,1704,0,106,0,-24,0,1 # cft deg6 r=12
24025,0,-75970,0,-271851,0,1005286,0,-596326,0,-80818,0,158549,0,-40862,0,-214,0,1242,0,-59,0,-14,0,1 # cft deg6 r=12
10000,0,-116800,0,149376,0,45248,0,46176,0,4528,0,9592,0,-12528,0,64,0,800,0,8,0,-20,0,1 # cft deg6 r=12
25,0,5030,0,-47071,0,145994,0,-476918,0,365398,0,-93627,0,-2750,0,7466,0,-1922,0,209,0,-14,0,1 # cft deg6 r=8
1,0,0,0,-374,0,1152,0,975,0,896,0,-1204,0,896,0,975,0,1152,0,-374,0,0,0,1 # cft deg6 r=8
1009381,-5516392,11406670,-16008220,18819301,-17003964,21280158,-20873588,6510894,1641392,-7276770,3931172,2428373,-518084,-198854,-31452,-16250,13808,4682,-324,-99,-92,-22,4,1 # cft deg6 r=8
5776,0,128096,0,-456176,0,-622336,0,844272,0,-1004944,0,481944,0,-82584,0,-508,0,1144,0,64,0,-24,0,1 # cft deg6 r=8
961,0,-5288,0,9694,0,-71448,0,43711,0,-221848,0,142180,0,42904,0,3967,0,-896,0,-114,0,0,0,1 # cft deg6 r=8
961,0,-26182,0,163661,0,-174126,0,-76558,0,-58390,0,-9375,0,-12510,0,4306,0,-838,0,125,0,-14,0,1 # cft deg6 r=8
16,0,-2016,0,24560,0,-103456,0,327104,0,-418304,0,237208,0,-89304,0,20876,0,-3488,0,380,0,-28,0,1 # cft deg6 r=8
16,0,-736,0,-59888,0,74112,0,188656,0,-173648,0,53352,0,-11784,0,5780,0,-1816,0,104,0,-8,0,1 # cft deg6 r=8
1024,-12288,-79872,225280,111616,-128512,-140800,-180736,199040,219136,-58240,-119936,49792,92544,-29344,-18560,1616,-1904,-1056,336,100,-16,-4,4,1 # cft deg6 r=8
961,0,-44716,0,71482,0,-18452,0,-10697,0,10856,0,-1276,0,2440,0,151,0,-1020,0,-126,0,12,0,1 # cft deg6 r=8
-43721,-232652,-406578,-63316,693569,733880,-75274,-446140,-351384,62148,38818,147424,-19679,-4052,-12110,-11132,4936,728,450,100,-147,-4,-6,0,1 # cft deg6 r=8
3776,-217472,-233856,471424,1009696,-467520,-1645888,534144,1076064,-353888,-218800,-37120,45368,79360,-40328,-21568,16256,2632,-3456,-160,430,8,-32,0,1 # cft deg6 r=8
-1945,17620,-4314,-165012,-214187,305816,434658,40292,-358984,-281012,211346,-47408,-9027,145604,-61130,-44348,29240,3840,-5822,-60,673,-4,-42,0,1 # cft deg6 r=8
-5,-740,-22114,-30396,57331,224008,172390,-135796,-284512,-44016,116218,57724,-29569,-25964,-13694,3408,1636,-2320,-58,104,-21,16,-6,0,1 # cft deg6 r=8
-695,-2900,1426,-8316,-32349,31408,65470,-96396,-83502,130544,39158,-78316,13211,15916,-16134,5168,3886,-3360,162,504,-141,16,-6,0,1 # cft deg6 r=8
16,-192,3184,-7936,-23504,185760,-526048,551024,22464,-159008,-19560,-132080,8568,26320,16812,6112,-3364,-2488,-1036,300,340,-12,-32,0,1 # cft deg6 r=8
1,0,-468,0,53610,0,125668,0,-265657,0,161960,0,-13836,0,-27608,0,13575,0,-2644,0,226,0,-12,0,1 # cft deg6 r=8
5776,0,-265984,0,73248,0,1321568,0,-573456,0,-115024,0,83864,0,1648,0,-7416,0,1464,0,-52,0,-12,0,1 # cft deg6 r=8
841,0,77726,0,-481231,0,1048782,0,-801946,0,-68498,0,164497,0,-23266,0,-2586,0,654,0,-111,0,-2,0,1 # cft deg6 r=8
625,0,-15050,0,-82499,0,370694,0,-394266,0,70302,0,81721,0,-21978,0,-4638,0,62,0,-71,0,-2,0,1 # cft deg6 r=8
99856,0,-809216,0,-485216,0,767008,0,209456,0,-225296,0,-21544,0,23504,0,1416,0,-1112,0,-136,0,4,0,1 # cft deg6 r=8
160000,0,-179200,0,-108544,0,65792,0,21760,0,4032,0,7008,0,384,0,-480,0,48,0,-48,0,-4,0,1 # cft deg6 r=8
-23899,-204276,-691954,-1022580,-56379,1825692,1808010,-685244,-1911686,-374860,886070,412756,-217151,-161676,40078,40468,-8474,-8188,1050,1156,-7,-92,-10,4,1 # cft deg6 r=8
1,0,34,0,-1367,0,8162,0,5746,0,92010,0,37217,0,-25550,0,7086,0,-1558,0,133,0,-6,0,1 # cft deg6 r=8
891136,0,1939456,0,-248320,0,-296448,0,-210880,0,87040,0,26912,0,-8480,0,-2160,0,688,0,20,0,-16,0,1 # cft deg6 r=8
25,0,-15830,0,56549,0,-92606,0,50906,0,39466,0,-22107,0,-6314,0,-3446,0,-610,0,-43,0,-10,0,1 # cft deg6 r=8
491401,0,-1075346,0,757257,0,-28882,0,-204938,0,77342,0,-10783,0,2038,0,78,0,-122,0,33,0,-10,0,1 # cft deg6 r=8
19321,0,250030,0,-476967,0,-431926,0,220390,0,-178098,0,37853,0,-518,0,-1422,0,278,0,5,0,-6,0,1 # cft deg6 r=4
16,0,10080,0,-383440,0,-353280,0,64384,0,-53216,0,38152,0,-8360,0,524,0,-72,0,-12,0,4,0,1 # cft deg6 r=4
15376,0,-414784,0,-70272,0,201120,0,-63200,0,18896,0,21144,0,-11408,0,896,0,472,0,-104,0,4,0,1 # cft deg6 r=4
292681,0,1772008,0,1482966,0,479416,0,17311,0,-6600,0,2500,0,-6232,0,6167,0,-2144,0,374,0,-32,0,1 # cft deg6 r=4
165584,218688,-75424,-602848,-711088,-143776,135792,-107488,121600,175312,-98864,-3216,51256,-15744,-16856,344,1084,2568,-76,-512,20,36,0,-4,1 # cft deg6 r=4
841,0,298,0,-56523,0,-132010,0,277350,0,74258,0,-17379,0,5894,0,3966,0,986,0,109,0,-2,0,1 # cft deg6 r=4
16,0,28512,0,95632,0,6272,0,-164976,0,-56496,0,-16104,0,216,0,724,0,248,0,-8,0,8,0,1 # cft deg6 r=4
16,0,224,0,592,0,-1344,0,496,0,11536,0,-38216,0,6568,0,3348,0,-680,0,-96,0,16,0,1 # cft deg6 r=4
83521,0,1278536,0,2951362,0,-2420656,0,-1010857,0,746512,0,-50156,0,-29792,0,3703,0,136,0,42,0,-16,0,1 # cft deg6 r=4
1,0,-224,0,-2150,0,-13104,0,-41617,0,-57280,0,-39604,0,-18016,0,-4945,0,-992,0,-6,0,16,0,1 # cft deg6 r=4
22801,0,25076,0,-27934,0,-44996,0,-12553,0,-2040,0,-14812,0,-10360,0,-2233,0,-316,0,-134,0,-4,0,1 # cft deg6 r=4
961,0,170628,0,483814,0,321772,0,121535,0,191728,0,-12108,0,-10080,0,6271,0,-436,0,-138,0,-12,0,1 # cft deg6 r=4
19321,0,39418,0,-74151,0,-31442,0,-18222,0,37754,0,1445,0,-19186,0,2738,0,-502,0,89,0,-2,0,1 # cft deg6 r=4
1,0,658,0,23681,0,53838,0,37082,0,-6982,0,-32679,0,-24918,0,-8918,0,-978,0,-79,0,2,0,1 # cft deg6 r=4
841,0,-37754,0,-217399,0,-488682,0,-586874,0,-423394,0,-192687,0,-54338,0,-8242,0,-194,0,145,0,22,0,1 # cft deg6 r=4
625,0,19950,0,38821,0,-9038,0,-18830,0,-12546,0,-3323,0,210,0,438,0,374,0,41,0,18,0,1 # cft deg6 r=4
1,0,528,0,16586,0,36872,0,13943,0,-21472,0,-33980,0,-22192,0,-8457,0,-1808,0,-174,0,8,0,1 # cft deg6 r=4
36481,0,368814,0,175321,0,-1152802,0,499922,0,-67666,0,-5447,0,-27114,0,-1178,0,-178,0,141,0,6,0,1 # cft deg6 r=4
279841,0,196788,0,-884958,0,1261684,0,-929969,0,432520,0,-132484,0,27304,0,-1553,0,-828,0,258,0,-28,0,1 # cft deg6 r=4
-30271,-149192,116266,408100,-1486511,2099052,-169630,-1688212,-98502,2247000,-994638,-601484,484297,-128580,104438,-55636,-5318,8232,1070,-1340,17,124,-18,-4,1 # cft deg6 r=4
1,0,-4006,0,-60095,0,-114490,0,79170,0,48754,0,-48427,0,43614,0,-11854,0,1138,0,65,0,-10,0,1 # cft deg6 r=4
25,0,34190,0,43541,0,-118426,0,-225666,0,-168514,0,-80103,0,-22858,0,-6062,0,-570,0,121,0,-10,0,1 # cft deg6 r=4
38561,320848,778590,732956,-409007,-1936748,-2483718,-1864396,-996046,-387296,39806,312540,328049,149812,-5874,-45116,-21518,-816,3282,1196,-47,-124,-18,4,1 # cft deg6 r=4
1416389,4448288,5172530,1752664,616341,3921824,4001866,-1234604,-3919950,-1190896,1707922,1328696,-98275,-372216,-24290,76012,4194,-16216,-1642,2312,381,-160,-34,4,1 # cft deg6 r=4
896681,-247280,-3107332,2839136,1802098,-2261064,-2112500,3090264,-12785,-1138624,-152856,628928,-39092,-221488,50984,55664,-29273,-2320,5596,-1504,-30,56,12,-8,1 # cft deg6 r=4
-13919,170228,-835244,2359144,-4362610,5721980,-5800720,5011344,-4082545,3230880,-2330520,1401032,-686748,286528,-106000,26840,4495,-8724,3860,-560,-130,36,16,-8,1 # cft deg6 r=4
52249,-108836,-263738,491876,644541,-539604,-395382,649040,159370,-406884,9990,200668,-118219,-69116,77662,4304,-24622,5780,3226,-1692,-27,132,-2,-8,1 # cft deg6 r=4
1,0,102,0,-443,0,-2806,0,-3174,0,-7810,0,-13147,0,-5110,0,-3434,0,-354,0,-143,0,18,0,1 # cft deg6 r=4
-48320,125440,-190464,220800,-230752,44608,288192,-386624,106496,114496,-73488,26304,-38952,10176,26616,-18592,-2232,5920,-1336,-560,238,32,-24,0,1 # cft deg6 r=4
-29504,31616,-8064,17024,228000,83392,-387136,-441088,-85600,168416,145936,8192,-40552,-16768,2632,5152,616,-1064,-168,160,58,8,-20,0,1 # cft deg6 r=4
-32720,218560,-402816,8352,194624,95904,381808,184352,-138696,91488,101304,-240464,189520,-117248,52928,-17024,6624,-1224,304,0,-102,16,-12,0,1 # cft deg6 r=4
-15101,-44624,-85938,-177696,-256485,-190524,24982,-48344,80768,68936,-20122,-38176,23551,-26356,12202,-2512,-296,-296,-86,168,-109,52,-14,0,1 # cft deg6 r=4
-2416,-24768,-105424,-243584,-321936,-178048,193728,562512,696896,555200,283080,56128,-44648,-36608,3380,25408,21580,9504,3060,396,-132,-60,-20,0,1 # cft deg6 r=4
-15280,-63680,-137424,-302336,-590080,-674688,-637808,-330416,-117968,-12592,67640,16048,37248,10400,9892,6688,1328,1888,4,332,-20,48,0,0,1 # cft deg6 r=4
625,0,-20500,0,201750,0,-793260,0,1242079,0,-740288,0,230868,0,-40752,0,5935,0,-1900,0,422,0,-36,0,1 # cft deg6 r=16
-2096,-32512,70944,184160,75568,-2619200,3827952,5251360,-24712704,39800592,-37049968,20704400,-5455832,-1214368,1864312,-907080,237860,-7344,-22636,9160,-1076,-324,140,-20,1 # cft deg6 r=12
