# IGP24 steered wave: provenance guided signature attack on k<=2 pairs.
1972147401173,0,-4286987746820,0,3670668705601,0,-1673987727112,0,511845087001,0,-129252802834,0,23590775924,0,-2166898408,0,104938900,0,-2821168,0,42095,0,-324,0,1 # steer t=18523 want_r=16 k=2 base=12T105
17781338272725,0,-27498805159320,0,16007798959569,0,-4995808994736,0,957454032393,0,-120216380688,0,10202152338,0,-592025760,0,23476311,0,-632880,0,11610,0,-144,0,1 # steer t=18523 want_r=16 k=2 base=12T105
201722790073325,0,-740313380626085,0,1058835795670013,0,-740411774965754,0,259815847978007,0,-42602056058408,0,3047094305137,0,-95932736348,0,1633392036,0,-17147538,0,116094,0,-479,0,1 # steer t=18523 want_r=16 k=2 base=12T105
314887415467,0,-1267940336211,0,2070728591928,0,-1769292055948,0,858752821215,0,-246382229700,0,43928688246,0,-4958823834,0,282649545,0,-6250453,0,61506,0,-321,0,1 # steer t=18523 want_r=16 k=2 base=12T105
3700584276450360477751,0,-2995147980074509505178,0,441626088719305205049,0,-31237373190718687992,0,1316677049811318848,0,-36024333413903670,0,660805256366893,0,-8114591745036,0,64427906708,0,-304069518,0,708789,0,-576,0,1 # steer t=18523 want_r=16 k=2 base=12T105
1752636492308521,0,-2937052998585882,0,1689963854147059,0,-513278809578436,0,95786852771411,0,-11735143824272,0,967156737728,0,-53309668808,0,1889022827,0,-39002920,0,359896,0,-132,0,1 # steer t=18523 want_r=16 k=2 base=12T105
320039993004050278557,0,-503697425036606415810,0,298366990184891973384,0,-83104441444822992350,0,11209399919698254508,0,-673702662217741091,0,14545486854998502,0,-2331042584546,0,-211855592637,0,-183011101,0,871156,0,1794,0,1 # steer t=18523 want_r=16 k=2 base=12T105
36951495397218463829,0,-28921842583018613226,0,6408369612269780341,0,-700609167223550590,0,45383874522605752,0,-1890607587551170,0,52554742815899,0,-983685613172,0,12213268401,0,-96317086,0,442790,0,-1020,0,1 # steer t=18523 want_r=16 k=2 base=12T105
435273392545633825,0,-741872634425833100,0,466029114800351439,0,-156507562087454544,0,32203317507601800,0,-4302267292293576,0,379559698655669,0,-21769477811970,0,767603120025,0,-14595382082,0,105214862,0,-3424,0,1 # steer t=18523 want_r=16 k=2 base=12T105
10416500449160625,0,-16863364985054850,0,10833928549067862,0,-3673656893419417,0,721417773712990,0,-83422240345736,0,5453787945644,0,-180337930043,0,2498838936,0,-18478556,0,107377,0,-436,0,1 # steer t=18523 want_r=16 k=2 base=12T105
3393836484841173125,0,-3526081267296421250,0,1029954475090035925,0,-150979677414514300,0,13264669064132643,0,-752545665609700,0,28360103792398,0,-707637131800,0,11269110659,0,-104454000,0,445316,0,-300,0,1 # steer t=18523 want_r=16 k=2 base=12T105
107948953125,0,-377037706500,0,-454536875403,0,865173617932,0,192620853568,0,-424144577168,0,104862462055,0,-2643882878,0,-343658133,0,19838013,0,-352326,0,1937,0,1 # steer t=18523 want_r=16 k=2 base=12T105
372387718523440517,0,-410130882941863238,0,114555220467884925,0,-15560016008344586,0,1234355034566720,0,-61271630106582,0,1923600284815,0,-36286521816,0,331055869,0,427610,0,-31290,0,92,0,1 # steer t=18523 want_r=16 k=2 base=12T105
109593477335167714513,0,-123799109604399175291,0,21897861874940175069,0,-1321930589584760966,0,42002059649186737,0,-867705379119278,0,13670826659489,0,-178915097120,0,1899240970,0,-15537530,0,96698,0,-431,0,1 # steer t=18523 want_r=16 k=2 base=12T105
125120462340022241,0,-384987101587443503,0,441790293713107247,0,-233990405180917913,0,57705133692871094,0,-5844106620991124,0,210106847282695,0,-3180624898433,0,25241028684,0,-126768816,0,435330,0,-944,0,1 # steer t=18523 want_r=16 k=2 base=12T105
833867617354509168036581,0,-603725681153572789109282,0,53720568926326750210395,0,-2209844444523798843734,0,53354696375909967249,0,-830113198998598402,0,8654886030910848,0,-60956855765608,0,284921830982,0,-844141856,0,1469029,0,-1434,0,1 # steer t=18523 want_r=16 k=2 base=12T105
147546673,0,-409686620,0,506349362,0,-368968140,0,177011407,0,-59112760,0,14151292,0,-2458360,0,308959,0,-27500,0,1650,0,-60,0,1 # steer t=18523 want_r=16 k=2 base=12T105
98204930868643,0,-118479611496950,0,33863875981888,0,-5002902591890,0,593178039171,0,-72423215676,0,7599022872,0,-563501508,0,27769881,0,-888750,0,17768,0,-202,0,1 # steer t=18523 want_r=16 k=2 base=12T105
17519678191503461,0,343715095698385578,0,200994147575602183,0,-430550461066956749,0,57244012300872252,0,61183312949352407,0,-16439847754167225,0,630998603303846,0,-1491756459356,0,-5685953682,0,16943662,0,-10903,0,1 # steer t=18523 want_r=16 k=2 base=12T105
2054597038025162329141,0,-1975038402811798758712,0,321343938443044122085,0,41999138719411637730,0,-8618318558851901860,0,56017385065560914,0,51710958760656584,0,-3102336344488636,0,64215268035088,0,-439607369232,0,925963310,0,61326,0,1 # steer t=18523 want_r=16 k=2 base=12T105
3191567480649997879,0,-8857037461497853176,0,8867890111596007020,0,-3930453490473102451,0,792486768450555324,0,-66111681284262558,0,2094206394004206,0,-24158405279700,0,133668622161,0,-433798054,0,947430,0,-1257,0,1 # steer t=18523 want_r=16 k=2 base=12T105
2947112220474363904,0,-3169801659785281536,0,763179227560265728,0,-88772056524455936,0,6123968362462720,0,-273049953996800,0,8164542645440,0,-165028216832,0,2222813888,0,-19322880,0,105440,0,-384,0,1 # steer t=18523 want_r=16 k=2 base=12T105
2838884214843,0,-9142456279662,0,11241896518440,0,-6678669213722,0,2029721636211,0,-312707237164,0,24311761384,0,-1009037332,0,28263953,0,-632774,0,10032,0,-114,0,1 # steer t=18523 want_r=16 k=2 base=12T105
2833984375,0,-74363665275000,0,-353694134599794086,0,-6029512637976872437,0,15906767268636674731,0,-4764643960476749357,0,-20207486213883924,0,31879250199337429,0,-325582200075546,0,55687642553,0,495955739,0,-151447,0,1 # steer t=18523 want_r=16 k=2 base=12T105
123503361030885901,0,-149485984365904602,0,56677886476743753,0,-10897715177376352,0,1252090005862956,0,-92589358458454,0,4558214676795,0,-150282520024,0,3228688931,0,-41399124,0,250016,0,-260,0,1 # steer t=18523 want_r=16 k=2 base=12T105
1219437637289,0,2490499741152,0,-3858176433646,0,1874829312064,0,-469188473732,0,70173615863,0,-6661696958,0,406610815,0,-15404726,0,314698,0,-1331,0,-70,0,1 # steer t=18523 want_r=20 k=2 base=12T105
6460023900126779347975,0,12281492688901409921325,0,-4828554731003367937320,0,729436333115150430205,0,-57386293512382245375,0,2520389903906314260,0,-60018613565304036,0,668475125838990,0,-2097425171844,0,-1126578239,0,10383261,0,-8928,0,1 # steer t=18523 want_r=20 k=2 base=12T105
701914354762375,0,486197936455050,0,-2843499841709205,0,-408189892672070,0,3069769638973746,0,-1501786433212471,0,206827434905211,0,-9975098721856,0,149915299829,0,-963254889,0,2846423,0,-3465,0,1 # steer t=18523 want_r=20 k=2 base=12T105
85209983839311986881,0,-270533279155932748816,0,-678837364173384702229,0,563027943767648921816,0,684976538106973851764,0,-427625895240026756475,0,55873897444658679928,0,-2163401254395322780,0,5527845332994872,0,-4420875072067,0,1367652536,0,-137900,0,1 # steer t=18523 want_r=20 k=2 base=12T105
369213169787385164405,0,1644987592096281867520,0,-603741387146760002850,0,88943772332776399400,0,-6943888903323961801,0,308833783868764000,0,-7707277943053804,0,96733705958000,0,-433491034253,0,-127521440,0,4084462,0,-5720,0,1 # steer t=18523 want_r=20 k=2 base=12T105
1514957836840000571331,0,23326229535743148498441,0,-3410011484418120817752,0,216568278914594708284,0,-7883515501689259163,0,182034860964105763,0,-2781839594525237,0,28427584569991,0,-191043115728,0,800863857,0,-1838685,0,1472,0,1 # steer t=18523 want_r=20 k=2 base=12T105
648384352082682025,0,1048085505618710700,0,-312261420915980605,0,37724497443472270,0,-2550128707549384,0,107263072739549,0,-2904876183986,0,49661870796,0,-473802790,0,1003101,0,28874,0,-306,0,1 # steer t=18523 want_r=20 k=2 base=12T105
2626802415537792361,0,226817482776554346,0,-15685055503120787965,0,22579282923129333969,0,-11920696890662724678,0,1930666521808300431,0,284865501293569315,0,-84888892030885325,0,440087595446910,0,-676208081724,0,395231131,0,-74397,0,1 # steer t=18523 want_r=20 k=2 base=12T105
81460605439,0,254514206657,0,-782820028724,0,766450062812,0,-377523807961,0,103124908291,0,-15456215106,0,1129892757,0,-25392713,0,-633310,0,32864,0,-382,0,1 # steer t=18523 want_r=20 k=2 base=12T105
14872813196423813826703,0,29935773081496287130058,0,-28899006098759815689940,0,-18755208503778807436410,0,1468024908631379880603,0,-42028386758243223708,0,586785227443496080,0,-4402481760616756,0,18479616978325,0,-43049279694,0,51646852,0,-25266,0,1 # steer t=18523 want_r=20 k=2 base=12T105
188933131311812861,0,35101372756390468304,0,-54378787121085554387,0,34090254688832315269,0,-10998375712334904701,0,1898119456771468327,0,-161650872101291990,0,5060925293889296,0,-18304980060058,0,-4143659353,0,46748227,0,-25491,0,1 # steer t=18523 want_r=20 k=2 base=12T105
319247232695684909851,0,505153466231556475942,0,93866999608455174703,0,-75495395514474101382,0,8666335415927635904,0,-420633313315678378,0,10566631055200050,0,-147931146830036,0,1190404464999,0,-5435425364,0,13022630,0,-12903,0,1 # steer t=18523 want_r=20 k=2 base=12T105
28335573717021,0,-2543470780149,0,-55676806974135,0,59660845464510,0,-28136844130374,0,7035372055125,0,-931450195611,0,56985661485,0,-994801419,0,-2599020,0,163800,0,-939,0,1 # steer t=18523 want_r=20 k=2 base=12T105
63069245,0,-191792155,0,-1346179074,0,6883587498,0,-10780864251,0,7838404403,0,-2829255566,0,459673507,0,-21209547,0,-118870,0,22750,0,-346,0,1 # steer t=18523 want_r=20 k=2 base=12T105
11990428401368492037,0,11583313725297506103,0,-3331545505439919075,0,368907966850984478,0,-22577728304099030,0,861709026521271,0,-21545070326235,0,356353053509,0,-3788172366,0,23397171,0,-55500,0,-175,0,1 # steer t=18523 want_r=20 k=2 base=12T105
189603407965473611,0,523396939159719358,0,-1062624846945395635,0,714206867807151344,0,-238821309917837268,0,42912135761211258,0,-3968854206012567,0,153858694386357,0,-926588952248,0,-66876954,0,6818995,0,-7893,0,1 # steer t=18523 want_r=20 k=2 base=12T105
126313009623038344189,0,249022949187973838083,0,-138981049955122827323,0,28903071996696595566,0,-3097623984802725677,0,184309784529507764,0,-5936206094393869,0,89945572639122,0,-398384469878,0,-400435234,0,4665892,0,-5945,0,1 # steer t=18523 want_r=20 k=2 base=12T105
466611651217757557481,0,228725321111216655449,0,-267420386319737718137,0,25602893867010740944,0,-1113593328067659916,0,28129326589966677,0,-451003336885075,0,4719841875246,0,-31714267988,0,126038667,0,-218028,0,-196,0,1 # steer t=18523 want_r=20 k=2 base=12T105
338639429409476827211,0,330148120481895168274,0,-164652592582156003009,0,29343808788691440620,0,-2720606611199455690,0,143455438273596547,0,-4265904610188108,0,64581616940132,0,-365145355266,0,150903073,0,3260708,0,-5438,0,1 # steer t=18523 want_r=20 k=2 base=12T105
22238106075603229617625,0,20279913623205678991750,0,-7847503826473289303069,0,1092356991820186054920,0,-78021116012492049007,0,3096847109139903083,0,-66761885071338674,0,680873630703139,0,-2049166171289,0,-1223452527,0,10382098,0,-8905,0,1 # steer t=18523 want_r=20 k=2 base=12T105
7093593389792489,0,-12416195237527930,0,-49486521652836670,0,13317298444083946,0,38772063961052808,0,-17605642313785754,0,2395876836261327,0,-116397628770264,0,1380615637686,0,-6344918822,0,12513722,0,-9188,0,1 # steer t=18523 want_r=20 k=2 base=12T105
49350599787756656611,0,-52997610353419858166,0,-307549289188117218583,0,18034499488415884322,0,218404028423040909362,0,-83572375316251265941,0,8073361816575175907,0,-181190969807171384,0,968104077598387,0,-1390438133387,0,612049637,0,-81097,0,1 # steer t=18523 want_r=20 k=2 base=12T105
6335009579148033584763,0,9722087893963426613742,0,-1030014290973530748213,0,37351715772852058781,0,-318300482388995487,0,-16849091193162850,0,637562678457860,0,-10701946747459,0,104582018193,0,-616266243,0,2068889,0,-3252,0,1 # steer t=18523 want_r=20 k=2 base=12T105
68880516790955,0,277138333654275,0,-319167914588934,0,135622955927408,0,-29672369936103,0,3632966285027,0,-245487098574,0,7989638681,0,-51084381,0,-3162764,0,72338,0,-520,0,1 # steer t=18523 want_r=20 k=2 base=12T105
147142971983688095,0,-170842260399435550,0,-2056573189990871311,0,3244376951136884981,0,4219630069643329954,0,-7586963353237267814,0,1602752009323508991,0,-49195969486967580,0,346318440355089,0,-601140411814,0,332629789,0,-55306,0,1 # steer t=18523 want_r=20 k=2 base=12T105
175806229,0,-557734924,0,778843374,0,-631668604,0,330668503,0,-117469432,0,28990740,0,-5002680,0,598835,0,-48508,0,2526,0,-76,0,1 # steer t=18523 want_r=24 k=1 base=12T105
497891095840663923841,0,-1598955735373813154366,0,1934857952750247842021,0,-1090890760971607751304,0,288689312882151205282,0,-33080556487459958439,0,1546816335750609166,0,-27503762649195232,0,111142897058794,0,-171565984367,0,113072888,0,-27660,0,1 # steer t=18523 want_r=24 k=1 base=12T105
3885613626981676049,0,-9190065919130407556,0,8543403114910285760,0,-4000387778850739671,0,1009767340667909619,0,-135893028639281926,0,9005111932364720,0,-254862693953789,0,2327862456929,0,-8884784621,0,15026045,0,-9689,0,1 # steer t=18523 want_r=24 k=1 base=12T105
32775086951725,0,-54676856063185,0,34697218581804,0,-11899692817423,0,2529072552241,0,-355572133246,0,34077623865,0,-2241135450,0,99691346,0,-2880142,0,49659,0,-424,0,1 # steer t=18523 want_r=24 k=1 base=12T105
29690887680911029,0,-29523325983861910,0,10324931240429116,0,-1887958639922948,0,210328109666078,0,-15377193783125,0,765535439057,0,-26298419233,0,619251296,0,-9702789,0,94769,0,-502,0,1 # steer t=18523 want_r=24 k=1 base=12T105
51476481191527076768429,0,-49151314214574487413820,0,5095235329031863643774,0,-246777714016303847716,0,7125671052424781415,0,-135046078293008312,0,1754318720315412,0,-15859439329960,0,99183641931,0,-417188300,0,1110798,0,-1652,0,1 # steer t=18523 want_r=24 k=1 base=12T105
226893325557563372179993,0,-328244938733565155857996,0,160423157824953835366244,0,-29603386321875734387070,0,1680257685069987026446,0,-43309593791884671237,0,580716449386544303,0,-4296121457621915,0,18006313827854,0,-42165023003,0,51036389,0,-25232,0,1 # steer t=18523 want_r=24 k=1 base=12T105
347936334006284247417857,0,-613817353340693256380419,0,355354444174255037308733,0,-77820981179632117613447,0,4981441038579277778390,0,-123873327787144926264,0,1492574205264104210,0,-9487836248753357,0,32532433261719,0,-59910170061,0,55648165,0,-21152,0,1 # steer t=18523 want_r=24 k=1 base=12T105
1241167916683382333069,0,-4959634678146549376116,0,7762266769238994152950,0,-5954418997050223706398,0,2280071652898290239082,0,-395405492282060001123,0,26576018015208380584,0,-624977233265304311,0,1789729187483728,0,-1726737292322,0,665756109,0,-87128,0,1 # steer t=18523 want_r=24 k=1 base=12T105
761606857150704784259,0,-1629647736838978004679,0,1351445460723643552906,0,-547827871952794679326,0,113283679931432408864,0,-11637859518572643895,0,561467315802791396,0,-11013600442792754,0,54559730537415,0,-100424271602,0,77479297,0,-22501,0,1 # steer t=18523 want_r=24 k=1 base=12T105
6508516348595,0,-12393159000945,0,9964133367556,0,-4489916645305,0,1266603651330,0,-235446535686,0,29395807977,0,-2452054928,0,132508609,0,-4341076,0,75880,0,-553,0,1 # steer t=18523 want_r=24 k=1 base=12T105
3010003230460852939,0,-5271638726673335061,0,2989743346546002069,0,-684798376333170757,0,70825386765534930,0,-3937248953866386,0,128993526681954,0,-2599963447257,0,32559091659,0,-247512985,0,1061649,0,-2130,0,1 # steer t=18523 want_r=24 k=1 base=12T105
21997266406306500588889,0,-88443924637073321534116,0,138870336817978439150458,0,-106171862796227063802900,0,39886414196636968247615,0,-6509905274502400408040,0,379038621084859272044,0,-7376974563709314792,0,13648643007086791,0,-8245242384116,0,1963254202,0,-156036,0,1 # steer t=18523 want_r=24 k=1 base=12T105
145144741396723886001725,0,-301703338259210889070750,0,257927197965901551293115,0,-116390669963897145976840,0,29452601617242850239534,0,-4059167619458803530233,0,266062165065274287490,0,-5553047266532508038,0,10808798944253734,0,-7080350010785,0,1822234786,0,-152694,0,1 # steer t=18523 want_r=24 k=1 base=12T105
25894271747261,0,-62950823931924,0,62611283411749,0,-33176931367320,0,10230146893444,0,-1884506944653,0,205889302498,0,-13010962476,0,464319494,0,-9314865,0,101636,0,-540,0,1 # steer t=18523 want_r=24 k=1 base=12T105
1317746473232071,0,-1469961563837986,0,599681761249756,0,-132525603328694,0,18383632452671,0,-1716147355310,0,111444866602,0,-5086237988,0,161666166,0,-3467948,0,46986,0,-350,0,1 # steer t=18536 want_r=24 k=2 base=12T87
118680769355641,0,-152124986193870,0,71735374923273,0,-18251232118142,0,2905371518868,0,-311258254230,0,23299747467,0,-1238056308,0,46613853,0,-1217942,0,21030,0,-216,0,1 # steer t=18536 want_r=24 k=2 base=12T87
2624956271634437,0,-11535798265703192,0,20456767287966594,0,-18541639348618580,0,8913322095759649,0,-2106458290214712,0,197239246651546,0,-8561755732612,0,188708647350,0,-2120103492,0,11019784,0,-19572,0,1 # steer t=18536 want_r=24 k=2 base=12T87
498740582652831356909761,0,-906456759012948833251352,0,637053786388520182727010,0,-215469828377801164449404,0,35180005826040065674362,0,-2375456962903839921386,0,43355520106816020284,0,-316981699151128052,0,979051091707360,0,-1078441108012,0,374654173,0,-38642,0,1 # steer t=18536 want_r=24 k=2 base=12T87
390081330289082109952,0,-417776270689039265792,0,155916318743190338560,0,-26630542862113252352,0,2321855389130458368,0,-108470846939790592,0,2840924809740032,0,-42617043150080,0,360927074592,0,-1620628096,0,3414052,0,-3156,0,1 # steer t=18536 want_r=24 k=2 base=12T87
775602140564931296137,0,-979326659664073624482,0,247010792409633964303,0,-27636569259759635442,0,1678641468896592309,0,-60170290494595894,0,1322565009403688,0,-17998666495764,0,149052608022,0,-715340464,0,1826053,0,-2234,0,1 # steer t=18536 want_r=24 k=2 base=12T87
336235264035613721,0,-350171849482253966,0,127503296166950034,0,-23257842279082918,0,2449538478034514,0,-159671095814850,0,6670204888135,0,-180702966946,0,3148686798,0,-34242182,0,219120,0,-740,0,1 # steer t=18536 want_r=24 k=2 base=12T87
338897878838051947417600,0,-286082729041568127221760,0,23287340169951653740544,0,-882527355435693573120,0,20015038313659045888,0,-300472875282253824,0,3132685557340352,0,-23149333327104,0,121302072576,0,-441936912,0,1066720,0,-1536,0,1 # steer t=18536 want_r=24 k=2 base=12T87
1229324940838457,0,-2845001167453168,0,2698688088374073,0,-1346250907188391,0,376981151338756,0,-58916699822271,0,4968128491780,0,-234066133946,0,6310492821,0,-95801937,0,755062,0,-2448,0,1 # steer t=18536 want_r=24 k=2 base=12T87
7949417425,0,-16538749250,0,15090770825,0,-8057256170,0,2820831516,0,-685248090,0,118837491,0,-14863388,0,1333445,0,-83826,0,3510,0,-88,0,1 # steer t=18536 want_r=24 k=2 base=12T87
106623335547214921928704,0,-318591437167146164049920,0,382014355904633346281472,0,-230737879625715391170048,0,71062019085388563337728,0,-9441403620757138489984,0,214702269629648324224,0,-1698314928975289856,0,5917364020067024,0,-9400455613160,0,5971618256,0,-1018232,0,1 # steer t=18536 want_r=24 k=2 base=12T87
54397280316228982860625,0,-70818077462330580825750,0,18238588413989236806825,0,-1914730641863913557830,0,99822730691114357202,0,-2798182229923834326,0,44418055576228809,0,-408032267645610,0,2138234383026,0,-6017332474,0,8100105,0,-4842,0,1 # steer t=18536 want_r=24 k=2 base=12T87
196794017037985640521,0,-316340967159754648608,0,196075413434060026122,0,-61065539042098826288,0,10404602002008022214,0,-986619382392583494,0,50882992952164400,0,-1349816304582788,0,16209399755688,0,-61397664836,0,61601361,0,-16142,0,1 # steer t=18536 want_r=24 k=2 base=12T87
9064593076433701,0,-11257586778647466,0,4968674322888957,0,-1113779239356442,0,145796296721094,0,-11986523428122,0,644033156613,0,-23022795078,0,547280622,0,-8476342,0,81477,0,-438,0,1 # steer t=18536 want_r=24 k=2 base=12T87
2693627953961617,0,-5162414513486607,0,4022784711411008,0,-1642812633759020,0,378868878057103,0,-49998565918189,0,3757790498386,0,-165066777211,0,4294897796,0,-64830678,0,524381,0,-1826,0,1 # steer t=18536 want_r=24 k=2 base=12T87
4620339103503234607101,0,15756081842348122495500,0,-4107729068409089690226,0,439091691895346485590,0,-25459872762409624386,0,867971375710575417,0,-17467552292542533,0,195673476446559,0,-1048508414406,0,1850328765,0,1758321,0,-5478,0,1 # steer t=18589 want_r=20 k=2 base=12T105
7475579625133026369,0,6592192197552094122,0,-1947572223903125244,0,224133629852135518,0,-14403070603253069,0,580780125857743,0,-15384932210831,0,269602273510,0,-3028330647,0,19629771,0,-47427,0,-175,0,1 # steer t=18589 want_r=20 k=2 base=12T105
5018973650345,0,-9797494997215,0,-16028468478789,0,36410591024600,0,-966074971171,0,-25406679458352,0,11871533379758,0,-1036829221892,0,25220208274,0,-258982750,0,1208097,0,-2281,0,1 # steer t=18589 want_r=20 k=2 base=12T105
486047412614927567,0,118843422062024700,0,-313842611284999783,0,97741766625593351,0,-13162201335111958,0,949921024419342,0,-39761189621217,0,988821837056,0,-14450049730,0,118248898,0,-473173,0,521,0,1 # steer t=18589 want_r=20 k=2 base=12T105
31486281092002593475,0,45267015321470968890,0,-36318318413986541896,0,10071071092466050102,0,-1408761907108967421,0,107426108176104228,0,-4322925612418552,0,78226838530828,0,-373899496135,0,-381220734,0,4590400,0,-5922,0,1 # steer t=18589 want_r=20 k=2 base=12T105
780004173778857,0,14688955573245009,0,-4487692997607921,0,262473945585331,0,52069117969072,0,-9627418158270,0,715409424458,0,-30087639851,0,774867863,0,-12310507,0,115345,0,-562,0,1 # steer t=18589 want_r=20 k=2 base=12T105
20480,0,-122880,0,-628736,0,1423360,0,1710336,0,-5431552,0,4335744,0,-1610560,0,322000,0,-36384,0,2308,0,-76,0,1 # steer t=18589 want_r=20 k=2 base=12T105
7197811941718066271,0,-24644233993317985436,0,-134446448161635802753,0,42094004545467797728,0,71541627460191911203,0,-32302834150423092737,0,4237572915443462453,0,-168537440268107417,0,688206269106143,0,-896986716587,0,456014132,0,-76726,0,1 # steer t=18589 want_r=20 k=2 base=12T105
4189990646375,0,15880557436575,0,-26442722865545,0,15636872376480,0,-4730556025820,0,799017554485,0,-74454106411,0,3380290843,0,-39727459,0,-1619352,0,50910,0,-451,0,1 # steer t=18589 want_r=20 k=2 base=12T105
2216226224533835196619,0,9678446616470868400246,0,-1533150900129280583473,0,105085690130321749965,0,-4140970671011132560,0,103939326315950629,0,-1734118519571632,0,19428386896247,0,-143735623288,0,666316130,0,-1704005,0,1570,0,1 # steer t=18589 want_r=20 k=2 base=12T105
42006833234803998412749,0,43855023696144995006424,0,-4062898369100927822319,0,124276206102694207996,0,-663275050523532912,0,-52295812203796804,0,1572948160267015,0,-22148795486946,0,183163707177,0,-915633529,0,2613088,0,-3517,0,1 # steer t=18589 want_r=20 k=2 base=12T105
1205160825624294885975,0,5233497307553929374720,0,-2212859514439012878459,0,372317915746452102201,0,-32858211445628346126,0,1622146574283431562,0,-43401186248342427,0,540688045263759,0,-1850829600960,0,-907018938,0,9777924,0,-8787,0,1 # steer t=18589 want_r=20 k=2 base=12T105
32608521598926793931,0,541450411152622545929,0,-158685994129977240412,0,-382767072074573358639,0,257226597721450590367,0,-59667388300542706932,0,5588110864228531988,0,-173548011879302312,0,700040722823247,0,-896083857204,0,446797228,0,-75137,0,1 # steer t=18589 want_r=20 k=2 base=12T105
12712406525936570025,0,32162657213564024175,0,-25800990194923867023,0,2367317158320736279,0,1280066642160362293,0,-207291918238961134,0,9177327876850483,0,-184531917353591,0,1923441374461,0,-10584924137,0,28874583,0,-30868,0,1 # steer t=18589 want_r=20 k=2 base=12T105
51281101,0,-199480618,0,-120744597,0,1173285465,0,-874793529,0,-707982300,0,677310167,0,-179325028,0,21840274,0,-1356640,0,41861,0,-532,0,1 # steer t=18589 want_r=20 k=2 base=12T105
260542002651124637,0,1854466513963728570,0,-594937235704532978,0,80299507837100540,0,-6135229215072390,0,296093718011471,0,-9461209803785,0,202596153379,0,-2851565792,0,24671765,0,-107735,0,42,0,1 # steer t=18589 want_r=20 k=2 base=12T105
3448646835408192059,0,21420795157602393630,0,-15788316535771830972,0,4523165523999270796,0,-667916369734675472,0,54255361456936206,0,-2348356387428209,0,46545554262518,0,-252484680498,0,-271988103,0,3854813,0,-5550,0,1 # steer t=18589 want_r=20 k=2 base=12T105
298575050345959869973413,0,732343876362423770775876,0,-78338271733942229648847,0,3586927719214709263238,0,-93632453965057228910,0,1544871153448612249,0,-16817996677277510,0,122056438117393,0,-580413301338,0,1711430032,0,-2721381,0,1365,0,1 # steer t=18589 want_r=20 k=2 base=12T105
463081488168109,0,-51956963653294,0,-339955056644602,0,232910619290990,0,-66379494078231,0,8881906288990,0,-330992962243,0,-48589897801,0,5777014740,0,-202554487,0,2058604,0,-3375,0,1 # steer t=18589 want_r=20 k=2 base=12T105
64396676782570371901,0,17054555983255222641,0,-217158417119263331632,0,139599795100170542329,0,39516721936062202102,0,-54998391047549116018,0,13186985772224170603,0,-495222877702860028,0,1691903366078817,0,-1970933719106,0,824931168,0,-103333,0,1 # steer t=18589 want_r=20 k=2 base=12T105
1492817769,0,544549878,0,-5208594192,0,4577321016,0,-1720556640,0,323065827,0,-24906285,0,-1539891,0,542538,0,-55323,0,2961,0,-84,0,1 # steer t=18589 want_r=20 k=2 base=12T105
1347884042839745,0,773028258146230,0,-1560066510169861,0,730780924396996,0,-164360133135776,0,20116622518519,0,-1337746937984,0,43116223524,0,-407723662,0,-6377035,0,142240,0,-782,0,1 # steer t=18589 want_r=20 k=2 base=12T105
3102397593809969249755,0,8502652338004625218725,0,-5613744468456375967196,0,1407167525794657631611,0,-182915493416631454031,0,13195357947051890497,0,-507227497575240546,0,8484488104701081,0,-18872236684618,0,-33583619680,0,79969197,0,-32021,0,1 # steer t=18589 want_r=20 k=2 base=12T105
1623527796736,0,211735449600,0,-1143914996736,0,587246824960,0,-143967774976,0,20391974912,0,-1739626048,0,83446464,0,-1317536,0,-79960,0,5156,0,-118,0,1 # steer t=18589 want_r=20 k=2 base=12T105
275712194155295,0,3434085258086925,0,-4274629322806985,0,-451973561807340,0,2112725978569801,0,-829604990148498,0,121218915421957,0,-6888129917976,0,115950077024,0,-813736164,0,2590022,0,-3357,0,1 # steer t=18589 want_r=20 k=2 base=12T105
206339915011521572840533,0,184192687276246735675069,0,19696637479948913919058,0,892954579808036032209,0,20805195074662971141,0,251719528449591969,0,1339243746197708,0,676004599036,0,-9200789481,0,30044612,0,367120,0,936,0,1 # steer t=18590 want_r=0 k=1 base=12T105
414398514802091603321,0,1129443152786005851800,0,1274442983887736232568,0,764530490843317100636,0,259858771773714778778,0,49144439525856721834,0,4700774188170870630,0,181178532002909251,0,715906074492413,0,917842230209,0,461538143,0,76885,0,1 # steer t=18590 want_r=0 k=1 base=12T105
698162313036905575,0,1867580707452726005,0,1906567219613883698,0,904915433100500444,0,176924794366832201,0,-822753188756084,0,-2850803908787717,0,292966059404901,0,50477308058932,0,82139960473,0,23425299,0,-7125,0,1 # steer t=18590 want_r=0 k=1 base=12T105
368846557,0,884229168,0,905344755,0,526917208,0,197114862,0,51160184,0,9732035,0,1399740,0,152350,0,12388,0,763,0,36,0,1 # steer t=18590 want_r=0 k=1 base=12T105
24567010013015289,0,28077811303658904,0,8329784851530414,0,1266169977399969,0,119907651057156,0,7710569977950,0,350993365020,0,11501357184,0,270732294,0,4480029,0,49581,0,330,0,1 # steer t=18590 want_r=0 k=1 base=12T105
151370966153724574879233,0,117407994568412033483550,0,14850188132113136923533,0,885998827879494776244,0,31118404686846083343,0,701178845827351500,0,10469643235662870,0,103418679669480,0,651575982411,0,2383804080,0,3958452,0,756,0,1 # steer t=18590 want_r=0 k=1 base=12T105
2171498569717049,0,2996126014405196,0,1205895117848612,0,244449385082434,0,29535775943716,0,2268931316552,0,111900587371,0,3376832092,0,51406052,0,-5786,0,-10384,0,-48,0,1 # steer t=18590 want_r=0 k=1 base=12T105
57649483818010248319,0,45014762558452340996,0,7241216288921967161,0,577610048282123766,0,28310718619275040,0,934068262577946,0,21674920115992,0,360175896628,0,4281235489,0,35651492,0,198011,0,660,0,1 # steer t=18590 want_r=0 k=1 base=12T105
23881541314057248017561,0,66356800806113620217448,0,68439744040788674144328,0,30729003637699018024872,0,4827665905537358565054,0,-120716201202144161668,0,623660053520205506,0,1738928138360406,0,-16260920217721,0,111247921624,0,-48559117,0,23155,0,1 # steer t=18590 want_r=0 k=1 base=12T105
22523266172160625,0,26065930157106375,0,7845168119865800,0,1165407029777940,0,104399941998303,0,6202399065508,0,258029583618,0,7784788482,0,174147827,0,2899781,0,34752,0,269,0,1 # steer t=18590 want_r=0 k=1 base=12T105
382377017959256940309,0,274180104797843392704,0,44008759968951299778,0,3412696071427473024,0,156950611039523070,0,4665314448367200,0,92999243570715,0,1253183021568,0,11252995308,0,65214720,0,237240,0,576,0,1 # steer t=18590 want_r=0 k=1 base=12T105
663769809,0,1857209148,0,2235181797,0,1533384432,0,670547322,0,198282168,0,41044158,0,6057504,0,639414,0,47520,0,2376,0,72,0,1 # steer t=18590 want_r=0 k=1 base=12T105
4898038008065360481857,0,8705078097614053224092,0,5243229512781353596434,0,1219775367913855871052,0,96137707281086843375,0,3473431114745242616,0,29505316372732604,0,-71928515057480,0,31707787055,0,421404268,0,-92206,0,-516,0,1 # steer t=18590 want_r=0 k=1 base=12T105
304875481065184916665533,0,192925567805241595707756,0,8346459052730177332749,0,129634640388705302150,0,623138517086392719,0,41449167609853,0,133075679323822,0,3364939936705,0,35648058176,0,208182794,0,702789,0,1290,0,1 # steer t=18590 want_r=0 k=1 base=12T105
34080685978537996268125,0,30187652528546987146400,0,3250934751657209609926,0,164537147470957201688,0,4973643519329869799,0,98758963689984064,0,1344707132703876,0,12743634264048,0,83535860827,0,368100320,0,1025558,0,1592,0,1 # steer t=18590 want_r=0 k=1 base=12T105
98371684224670251383,0,73788465438929366214,0,11243858085652125756,0,849879647696676498,0,39535474537656555,0,1240505505760892,0,27436313213360,0,435569817828,0,4958603165,0,39647902,0,211988,0,682,0,1 # steer t=18590 want_r=0 k=1 base=12T105
8554627002715525889,0,7351636496959025292,0,1384077634392281490,0,130163550812906304,0,7541053679117674,0,294433073476810,0,8088438381529,0,159088780960,0,2236573756,0,21997880,0,144000,0,564,0,1 # steer t=18590 want_r=0 k=1 base=12T105
710366328499309,0,1095414640289350,0,490631872247975,0,112017570117114,0,15614607478817,0,1440906712086,0,91448629312,0,4045044904,0,123994926,0,2570320,0,34329,0,270,0,1 # steer t=18590 want_r=0 k=1 base=12T105
672040855963211593,0,540713274339349028,0,65400539410293567,0,2256684075784000,0,-66683504185115,0,-6613586278226,0,-105147002520,0,4891853296,0,266026086,0,5691109,0,65207,0,395,0,1 # steer t=18590 want_r=0 k=1 base=12T105
15010135198053631,0,54823814937013245,0,78089313223924812,0,54670562985028855,0,19598205143765799,0,3487525082165655,0,295261461423771,0,11159377238340,0,156635028909,0,979841980,0,2860242,0,3465,0,1 # steer t=18590 want_r=0 k=1 base=12T105
21538801840662742663,0,30093377670987998334,0,14863329358851239081,0,3445730209788996176,0,444680964026384068,0,34606095378095724,0,1669252736050769,0,49320037260384,0,845675311055,0,7489522292,0,27032516,0,10112,0,1 # steer t=18590 want_r=0 k=1 base=12T105
228129043268934223,0,139950400362563310,0,-36872584485846408,0,4640536143723298,0,-302816121544872,0,912015205920,0,1346949193668,0,-98107900956,0,3230360757,0,-50747372,0,251394,0,1170,0,1 # steer t=18590 want_r=0 k=1 base=12T105
57153464918372084575,0,74949361146745205685,0,22878808077655943696,0,2725805317123011807,0,178591428741614534,0,15090648236721358,0,961300966423823,0,8969424181829,0,57741370404,0,257957562,0,748570,0,1285,0,1 # steer t=18590 want_r=0 k=1 base=12T105
170788371182938433653,0,162998956152705106716,0,28309150629869992119,0,2315989902858398365,0,107015432128309350,0,2914175544404283,0,44845538995518,0,314541130302,0,-144657549,0,-7003502,0,104802,0,1017,0,1 # steer t=18590 want_r=0 k=1 base=12T105
21746894229651589375,0,21634056777240669125,0,4368077159539368600,0,430743702905349080,0,25640004025639471,0,1005700021994044,0,27030613608440,0,503636651375,0,6440207007,0,54664792,0,288171,0,832,0,1 # steer t=18590 want_r=0 k=1 base=12T105
29598301313078550980175,0,-74588194801202600056140,0,76041283668822863484837,0,-40413732936281733813199,0,11994757116412490874190,0,-1980557843746890090251,0,174080066428623740698,0,-7667097650778578276,0,79663562864469171,0,-27360180459572,0,2683546524,0,-89541,0,1 # steer t=18590 want_r=16 k=2 base=12T105
261825763312153,0,-787810579499124,0,935246434277442,0,-555447608487524,0,173882326852612,0,-28630714776000,0,2592380067772,0,-134044906020,0,3968597725,0,-62231532,0,433876,0,-948,0,1 # steer t=18590 want_r=16 k=2 base=12T105
128705286354054020172511,0,-86310725939113470081975,0,11299765837863485468448,0,-687158382310697590955,0,23686014361815954188,0,-496706429235057768,0,6445738676150372,0,-51073253601174,0,241879802971,0,-698723219,0,1286221,0,-1546,0,1 # steer t=18590 want_r=16 k=2 base=12T105
195826805,0,110995140,0,-292804694,0,83895132,0,23593057,0,-13684362,0,1284346,0,320334,0,-81451,0,5604,0,113,0,-30,0,1 # steer t=18590 want_r=16 k=2 base=12T105
457393,0,-1919844,0,3649038,0,-4160688,0,3175766,0,-1712682,0,670333,0,-192144,0,40082,0,-5940,0,594,0,-36,0,1 # steer t=18590 want_r=16 k=2 base=12T105
14781212158932862267,0,-19686674341704672292,0,6867936873220613836,0,-1186105196557300436,0,121797101641155307,0,-8008362645443728,0,345860858760184,0,-9731502637184,0,170612494841,0,-1676993644,0,7102748,0,-3532,0,1 # steer t=18590 want_r=16 k=2 base=12T105
18903990899,0,-37296940068,0,29265415833,0,-12464969405,0,3247703865,0,-551441352,0,64956371,0,-5981640,0,506528,0,-38943,0,2181,0,-71,0,1 # steer t=18590 want_r=16 k=2 base=12T105
36533449330755625,0,-376249597522879500,0,-3431849982817299045,0,13408304402644168870,0,11604365539624973790,0,-13973200185977375635,0,-311902852921237101,0,112994289369673718,0,-276177991540915,0,16959337197,0,163777997,0,-50103,0,1 # steer t=18590 want_r=16 k=2 base=12T105
53909398877092158661,0,-104192958035313967919,0,79124554655737070141,0,-30358767116239727963,0,6740905399540829973,0,-1153893357073314567,0,189120789293124974,0,-17766811665853216,0,288698810206834,0,-272747486058,0,36525904,0,6560,0,1 # steer t=18590 want_r=16 k=2 base=12T105
8196292975,0,-73252395970,0,3591987245938,0,-8322648781148,0,7447248219021,0,-3273899618886,0,773049942535,0,-100389968458,0,6947575466,0,-231499580,0,2917005,0,-3328,0,1 # steer t=18590 want_r=16 k=2 base=12T105
479832448572462025,0,-984905115566456335,0,685040646981158341,0,-124048859003678361,0,-51433728110270510,0,14987099336518442,0,3926952816722066,0,-1396106805081096,0,50681006083620,0,-76417128644,0,16302113,0,4657,0,1 # steer t=18590 want_r=16 k=2 base=12T105
4364746130591653,0,-5128534255700940,0,2162252264094998,0,-486096273641220,0,67338671701687,0,-6129294731640,0,375634861796,0,-15439864200,0,411612035,0,-6584700,0,53798,0,-180,0,1 # steer t=18590 want_r=16 k=2 base=12T105
9664870474117,0,-21095425397928,0,17697252541024,0,-7537703673388,0,1861860607285,0,-285859060312,0,28324436828,0,-1853282368,0,81208604,0,-2321340,0,35318,0,-84,0,1 # steer t=18590 want_r=16 k=2 base=12T105
1592013359647153,0,-2348010129739804,0,1304481312221395,0,-388624935815622,0,70787368156469,0,-8339161459672,0,645980928152,0,-32410753840,0,996739948,0,-16383522,0,90665,0,360,0,1 # steer t=18590 want_r=16 k=2 base=12T105
545,0,3210,0,-2195,0,-20300,0,23556,0,1697,0,-15366,0,9704,0,-2480,0,117,0,76,0,-16,0,1 # steer t=18590 want_r=16 k=2 base=12T105
3015986349949852163,0,-6370110725488539366,0,4828637845962015203,0,-1560742750708478700,0,179798193358087916,0,1099956192271704,0,-185095612812356,0,983657981372,0,47042270341,0,-581532262,0,1457977,0,2744,0,1 # steer t=18590 want_r=16 k=2 base=12T105
5285010672511923575,0,-18316223085177111460,0,24013140733133832596,0,-14296719894322901134,0,3387741578319820881,0,-39512364446843021,0,-20999849279392218,0,-11996618379885397,0,250169189989949,0,-270487942990,0,38937662,0,4673,0,1 # steer t=18590 want_r=16 k=2 base=12T105
158156965807713151033,0,-136146942598610853140,0,23182313758087102394,0,-1875592070316324580,0,88519453012145119,0,-2628088606884264,0,49843496579020,0,-579050557160,0,3463270599,0,-1567812,0,-89190,0,204,0,1 # steer t=18590 want_r=16 k=2 base=12T105
15504610221092200625,0,74020138320418870750,0,101118330500633561650,0,22773883666796257605,0,-35256383614795173609,0,-11628277069183436383,0,3591441684465656872,0,-206978254830379995,0,806756177571436,0,-997020980085,0,481827888,0,-77654,0,1 # steer t=18590 want_r=16 k=2 base=12T105
9836294005,0,-6547717185,0,-78154134099,0,-32300229218,0,143277364899,0,152984879910,0,31294488570,0,-7495290252,0,442987902,0,-10946246,0,125229,0,-627,0,1 # steer t=18590 want_r=16 k=2 base=12T105
306081721796281567137,0,103115553508383540498,0,-324402703302435815061,0,98031216807582460271,0,-2757217931085747555,0,-76850058938248891,0,3010284920488028,0,-20175314460538,0,-108638605209,0,1636419849,0,-5825089,0,6270,0,1 # steer t=18590 want_r=16 k=2 base=12T105
3551556280819793117,0,-3055790814629966642,0,698100624107701788,0,-79256266145267736,0,5396308375279667,0,-238859063641726,0,7114647104395,0,-143563585742,0,1933780278,0,-16860930,0,93261,0,-356,0,1 # steer t=18590 want_r=16 k=2 base=12T105
1702201487695052028075,0,-1655600078777759358930,0,296550995820501092784,0,-25419195219837775576,0,1292477627002996138,0,-42423137389483244,0,928160485634487,0,-13513776895356,0,126266012960,0,-689382056,0,1717446,0,-472,0,1 # steer t=18590 want_r=16 k=2 base=12T105
62554959325,0,-99609701395,0,52033704479,0,-16158558300,0,4261959711,0,-1027519938,0,193743291,0,-25620474,0,2287626,0,-134720,0,5014,0,-107,0,1 # steer t=18590 want_r=16 k=2 base=12T105
17541507297280,0,44840765859840,0,-24286144261120,0,4485635077120,0,-289262661376,0,-15085635328,0,3548385664,0,-210241920,0,3472256,0,142224,0,-6100,0,30,0,1 # steer t=18590 want_r=16 k=2 base=12T105
6594228760965092038475,0,3813645033559446029625,0,-82504744079661044095350,0,4610549655476666174490,0,162440116457890331854786,0,-67993978621857175816574,0,3947287456753040406112,0,-60176662655909574452,0,72964486720665445,0,-29014791145653,0,4549042767,0,-236911,0,1 # steer t=18590 want_r=20 k=2 base=12T105
2708784935316331,0,52109148462551553,0,14120860130394579,0,-54563127003752629,0,23160394039691655,0,-3922366207989024,0,308956352497665,0,-11021058307674,0,153291407580,0,-961479694,0,2823729,0,-3447,0,1 # steer t=18590 want_r=20 k=2 base=12T105
810805,0,21584430,0,1825899,0,-110605390,0,142333806,0,-82004693,0,26852154,0,-5449700,0,707630,0,-58611,0,2978,0,-84,0,1 # steer t=18590 want_r=20 k=2 base=12T105
543009950596983875,0,-3579132409691433850,0,-59483827175527645841,0,-29087716784032203576,0,31217289217366758838,0,-6591112777751322394,0,484121244851529178,0,-11223742536515467,0,58331425129179,0,-108778857586,0,83756736,0,-23962,0,1 # steer t=18590 want_r=20 k=2 base=12T105
19835555014746891902925,0,44420813869298487082200,0,-6229798782495069268431,0,372966967491401631236,0,-12755581173863713104,0,276488483292318772,0,-3965521941617705,0,38026369422498,0,-239722022271,0,941996089,0,-2023544,0,1501,0,1 # steer t=18590 want_r=20 k=2 base=12T105
1663862198117977804675,0,2952068591314087039790,0,-575716772599808274397,0,46881718909008187989,0,-2156064052679757401,0,62173088969580831,0,-1172920556615068,0,14619159053530,0,-118367067259,0,591032515,0,-1604227,0,1552,0,1 # steer t=18590 want_r=20 k=2 base=12T105
2671076634373265465125,0,11404983371081937455625,0,-4306685757340218767550,0,648223297657438661275,0,-51172838829832493820,0,2260519400316403595,0,-54218671605294345,0,609576800478095,0,-1944942865621,0,-1104491802,0,10133633,0,-8856,0,1 # steer t=18590 want_r=20 k=2 base=12T105
302641600000000,0,-807221138643200000,0,-811229809588529863680,0,-10505475635688587525120,0,14707637450874161954304,0,-3434758660783962754944,0,251419488119059363200,0,-5391416235236624320,0,11119039791208176,0,-7152951047352,0,1786680972,0,-150286,0,1 # steer t=18590 want_r=20 k=2 base=12T105
1764225651174169,0,6543487057095856,0,-607304317399446,0,-4830318498335448,0,1262913830227455,0,-135567298669344,0,7802535819404,0,-263704865648,0,5389267399,0,-65689040,0,445994,0,-1400,0,1 # steer t=18590 want_r=20 k=2 base=12T105
245011793464568311,0,-201224517677939270,0,-603007591913933021,0,945814191245880340,0,-392938220696055306,0,-46574776393399798,0,68154236597267887,0,-12558711002634926,0,102001026496794,0,-242309794045,0,215764781,0,-59873,0,1 # steer t=18590 want_r=20 k=2 base=12T105
56627286928928587,0,109821715897222515,0,14191564000658385,0,-21162635505058802,0,4479778324054692,0,-425736340012935,0,22031812934691,0,-671958829395,0,12404550096,0,-136409495,0,830046,0,-2265,0,1 # steer t=18590 want_r=20 k=2 base=12T105
76465816180392055,0,-42071130529041395,0,-332300667271706254,0,344442929207275982,0,183177829121328485,0,-318650780775675423,0,92690860384561943,0,-3832780787542470,0,23862440553941,0,-55499109715,0,54242851,0,-19226,0,1 # steer t=18590 want_r=20 k=2 base=12T105
164743578958988875,0,-1531161096323598150,0,-44877201413586428931,0,-58977003455627282554,0,63880641469612569672,0,-12983454150153894053,0,882241219972277592,0,-20896256647768844,0,93353816973200,0,-153732774177,0,106643996,0,-27222,0,1 # steer t=18590 want_r=20 k=2 base=12T105
28625996755,0,57025196360,0,-146593698979,0,106951124138,0,-37506193838,0,7032866669,0,-672450892,0,18803738,0,2179930,0,-229039,0,8884,0,-156,0,1 # steer t=18590 want_r=20 k=2 base=12T105
7676295653261871875,0,47763884323766235000,0,-930878945785239677475,0,917169079244041182750,0,695641559723242302060,0,-764402824283557458170,0,65489966626836720001,0,-1411500866194626784,0,3337934284240184,0,-2683910533023,0,868541211,0,-96355,0,1 # steer t=18590 want_r=20 k=2 base=12T105
38517357031153129,0,-92937764799381744,0,-109714009085540574,0,310879699653626208,0,34768572129735007,0,-257894057693983072,0,68823946761018492,0,-3281460304325952,0,21401871314647,0,-51283001392,0,51564098,0,-18848,0,1 # steer t=18590 want_r=20 k=2 base=12T105
21519153719096857828967,0,30062121969228964531235,0,-424672353909981443867,0,-3227732016230221228022,0,320329794302579340106,0,-11824257640716978589,0,210564404631925083,0,-1969689705660021,0,10165848322438,0,-28898564713,0,42055576,0,-24711,0,1 # steer t=18590 want_r=20 k=2 base=12T105
13825957068510987857605,0,8590582650856190206080,0,-108982256063848758241209,0,10429401976477551124130,0,79558051390013513026114,0,-20863119920072519842333,0,1163373617054044209953,0,-18298903460040272608,0,30580906331631679,0,-15225636053615,0,2850171372,0,-183894,0,1 # steer t=18590 want_r=20 k=2 base=12T105
399543738277022992738125,0,667513831235340728318175,0,-543691768976187238032804,0,-407820567379553981697205,0,24447363971411758433982,0,-518447022724033470906,0,5234825801737554723,0,-27985796599214391,0,82605885204150,0,-133782753905,0,110539530,0,-36978,0,1 # steer t=18590 want_r=20 k=2 base=12T105
72748562277986163281920,0,130683295058209388472320,0,-119806909737238165922816,0,38007698702071685874176,0,-5986066132398131686656,0,496324168404754138112,0,-20052365618928250752,0,288060418131008096,0,-152955209213600,0,-531558832720,0,406442436,0,-68206,0,1 # steer t=18590 want_r=20 k=2 base=12T105
509629845980957157,0,2809518469094835945,0,-825347774984879394,0,102814479916101065,0,-7265423299446935,0,323180982666300,0,-9433554102766,0,181626483800,0,-2233373869,0,15796513,0,-41783,0,-161,0,1 # steer t=18590 want_r=20 k=2 base=12T105
905874986255,0,-955853165010,0,-2419924401141,0,2172612332334,0,627420639018,0,-1041602671765,0,332170629883,0,-39698837384,0,1744789061,0,-33893603,0,305511,0,-1139,0,1 # steer t=18590 want_r=20 k=2 base=12T105
51286458163751,0,140179373661636,0,-469782494535012,0,-74015626138247,0,538016834511247,0,-311243195239278,0,62315777008927,0,-3778009144901,0,85280005536,0,-730407196,0,2555355,0,-3370,0,1 # steer t=18590 want_r=20 k=2 base=12T105
207349395213452071,0,141994298656404318,0,-591663683899562314,0,-16998104460731892,0,500503303347884308,0,-267473339213984086,0,43224696166692824,0,-1978090555800569,0,14144514780799,0,-36653642168,0,40032004,0,-16305,0,1 # steer t=18590 want_r=20 k=2 base=12T105
33004271,0,1043449514,0,-2451701099,0,2356211761,0,-1237215168,0,390117536,0,-75745209,0,8812618,0,-542291,0,7713,0,1038,0,-60,0,1 # steer t=18590 want_r=20 k=2 base=12T105
27212535093030912,0,-34297142477101056,0,12923672984469504,0,-2426824946271744,0,271283542739712,0,-19621784920320,0,956952844288,0,-31968247616,0,727824048,0,-10976792,0,102860,0,-522,0,1 # steer t=18590 want_r=24 k=2 base=12T105
473344233771583721,0,-442087808252944169,0,129744822058146207,0,-19115448839714031,0,1676732686854442,0,-95011006021006,0,3624202875996,0,-94620628483,0,1685004207,0,-19949799,0,148079,0,-608,0,1 # steer t=18590 want_r=24 k=2 base=12T105
15892144807531,0,-34289938978668,0,29776220049741,0,-13830677161735,0,3817846907910,0,-654823392822,0,70706904981,0,-4770882342,0,196795485,0,-4803235,0,65466,0,-438,0,1 # steer t=18590 want_r=24 k=2 base=12T105
371211010596992539,0,-317928315775359306,0,81560624787893253,0,-10811821218530800,0,883767875147010,0,-48248181302715,0,1828167933939,0,-48776287302,0,912538071,0,-11688781,0,97257,0,-471,0,1 # steer t=18590 want_r=24 k=2 base=12T105
14623406382743569,0,-64776954816966858,0,115974063778286035,0,-107005497698480586,0,53726273966419292,0,-14283809673701759,0,1839586135230966,0,-98295114349452,0,1232939060508,0,-5909913241,0,12071266,0,-9116,0,1 # steer t=18590 want_r=24 k=2 base=12T105
73167131332942300706629,0,-267416184735933950355236,0,372953950297682837955670,0,-244940297907941832253358,0,75287252410874355940682,0,-9495746219292950553143,0,451264980180093638109,0,-7382543959318375081,0,13634419258611578,0,-8183871070937,0,1935675029,0,-154318,0,1 # steer t=18590 want_r=24 k=2 base=12T105
38163969605,0,-72176574550,0,58254975019,0,-27196131746,0,8287152812,0,-1750131261,0,264000554,0,-28761612,0,2251744,0,-123783,0,4542,0,-100,0,1 # steer t=18590 want_r=24 k=2 base=12T105
9169843821191,0,-33489989920043,0,48281244414962,0,-35133021468107,0,13888773841069,0,-3073281242849,0,382155701255,0,-26514247288,0,1012339737,0,-20410824,0,199828,0,-807,0,1 # steer t=18590 want_r=24 k=2 base=12T105
75225237311468178871,0,-164066518694973519746,0,143017071917437406705,0,-63468883358157880512,0,15156379246257439578,0,-1908677096105701201,0,118053780880415377,0,-3076603600425332,0,19383573739951,0,-46696516539,0,47918759,0,-18187,0,1 # steer t=18590 want_r=24 k=2 base=12T105
32269412008210691059,0,-90175535468951922783,0,99015487791879806470,0,-55128635767143131987,0,16748755881988084064,0,-2737027093221831463,0,213968877043248065,0,-5557559746239663,0,31566297344499,0,-69743389088,0,64467065,0,-21248,0,1 # steer t=18590 want_r=24 k=2 base=12T105
204984814580877174895,0,-465389506207186957185,0,388919647906513544941,0,-152357458207753878012,0,31019828116341286037,0,-3346635762320350546,0,179149123849389303,0,-3857204102653812,0,22215406642620,0,-50794760624,0,50174884,0,-18421,0,1 # steer t=18590 want_r=24 k=2 base=12T105
10971827382990069029179,0,-26618474497691857359490,0,23824881712697887117093,0,-9915736587852322253924,0,2084225667315426640438,0,-225684034312223596958,0,11990538423481082069,0,-260586478503980671,0,900089706878117,0,-1058772098569,0,496408783,0,-78127,0,1 # steer t=18590 want_r=24 k=2 base=12T105
7012296259824344720795,0,-11543923743555052377630,0,7402884399284091396406,0,-2359508498296227866165,0,397198456742144122011,0,-34782823945496502076,0,1471153446061489946,0,-25797030194142590,0,105657628231410,0,-166307129607,0,111699572,0,-27682,0,1 # steer t=18590 want_r=24 k=2 base=12T105
179304405630668800,0,-168504604186378240,0,53131950924100608,0,-8568310780507648,0,829151252221696,0,-52021877500672,0,2200063680192,0,-63655888128,0,1253648384,0,-16345720,0,132588,0,-586,0,1 # steer t=18590 want_r=24 k=2 base=12T105
97765940001465656981,0,-235734459078069751656,0,231371371715160472801,0,-118010982953020715206,0,33048950538998681598,0,-4930148628553657505,0,352649347487417466,0,-10128008471422100,0,53838666251368,0,-104587250559,0,84935146,0,-25034,0,1 # steer t=18590 want_r=24 k=2 base=12T105
4161970784341623075155,0,-7758106715068138689870,0,5435687002488515785730,0,-1972937184257173840890,0,411844428620568947919,0,-50297501616539158896,0,3388796750985592985,0,-102435218607109058,0,472709003028295,0,-697305198888,0,398365777,0,-74285,0,1 # steer t=18590 want_r=24 k=2 base=12T105
22110562333260598653,0,-18432623678730664203,0,4113562820315542281,0,-444314132473698245,0,28137723759569386,0,-1141329911613341,0,30987848278477,0,-573336125588,0,7207755309,0,-60007566,0,311700,0,-889,0,1 # steer t=18590 want_r=24 k=2 base=12T105
17119156308268929326569,0,-13783441876458126035030,0,1579154183947010846659,0,-85837851071437905836,0,2794445158765220690,0,-59829701615851597,0,878849015049072,0,-8985978502620,0,63530006776,0,-301637975,0,903668,0,-1502,0,1 # steer t=18590 want_r=24 k=2 base=12T105
157104909750001,0,-419700453973362,0,446504969167971,0,-244294046089421,0,74602696178070,0,-12948182133732,0,1249822169610,0,-64388298330,0,1784693403,0,-26662385,0,208962,0,-777,0,1 # steer t=18590 want_r=24 k=2 base=12T105
187199526719375,0,-553535427712750,0,618243148188800,0,-324894138967185,0,84541545147179,0,-12030342112574,0,1000671583924,0,-50359162605,0,1547378205,0,-28377146,0,287700,0,-1307,0,1 # steer t=18590 want_r=24 k=2 base=12T105
2483657346305,0,-11240521504355,0,20899908745870,0,-20562632433325,0,11506354187009,0,-3676370063649,0,644312731835,0,-56828802876,0,2157921109,0,-38437440,0,326304,0,-1163,0,1 # steer t=18590 want_r=24 k=2 base=12T105
41610062654808451205,0,-98215823921814904310,0,93363516146353558239,0,-45660477806086006396,0,12155423288313244086,0,-1711934242934846781,0,115062251734012206,0,-3146942317603404,0,19770652285308,0,-47369651143,0,48344208,0,-18238,0,1 # steer t=18590 want_r=24 k=2 base=12T105
62186052880485508775,0,-47593886475961987050,0,7768146495845673820,0,-627865742801824350,0,31054777026910635,0,-1029161268750660,0,23874468689616,0,-394755218268,0,4647571629,0,-38162034,0,208084,0,-678,0,1 # steer t=18590 want_r=24 k=2 base=12T105
183521297726780140451,0,-377488506309208077677,0,314938718735495613125,0,-138185904855098750575,0,34211952440571448641,0,-4697398644986674645,0,318450979693081626,0,-7600818602303115,0,51497836106646,0,-118026848575,0,98510435,0,-26863,0,1 # steer t=18590 want_r=24 k=2 base=12T105
122166492028185290847643,0,-247129494330692113482606,0,156475720792211972392920,0,-32961026596404866748138,0,1882944939332338849587,0,-47841328770530252396,0,629537943871210440,0,-4571594866120052,0,18832257079665,0,-43405541126,0,51789344,0,-25282,0,1 # steer t=18590 want_r=24 k=2 base=12T105
36750267,0,-68863986,0,-201623040,0,677171154,0,-610412653,0,51252940,0,180214776,0,-60286940,0,-4342607,0,139718,0,4616,0,-150,0,1 # steer t=18683 want_r=16 k=2 base=12T139
487053348630890443984447,0,-681216744892167424194007,0,-126517546385965082246143,0,719629105713478239611422,0,-485577262968887616990064,0,126096196138627382001187,0,-7738024067477097934373,0,-1140248335421682864207,0,-934290060208791794,0,-78637022539126,0,13230951152,0,-234964,0,1 # steer t=18683 want_r=16 k=2 base=12T139
316052089087804877242368,0,741902899191593062072320,0,-992548141027624787668992,0,255820194568333631195136,0,-27256302723444279333120,0,1321193750932089971712,0,-23671652075572702464,0,-48105465027804576,0,1137563148883104,0,21851769600,0,-3317066856,0,450,0,1 # steer t=18683 want_r=16 k=2 base=12T139
25302261515931522963,0,454003092934796300688,0,-763040350469057348256,0,474362448434821966938,0,-132050649423306129644,0,12175500138217050334,0,1266387396584175980,0,-232800820610541260,0,-660962165826250,0,-135311498530,0,215017043,0,-29308,0,1 # steer t=18683 want_r=16 k=2 base=12T139
7939145171289951425,0,-51880702954257764155,0,76769182161363070638,0,138898170651852939399,0,-418015260205125046343,0,88846998133295687184,0,465731660892729813041,0,-318186635476933551228,0,-476676072256180431,0,-82180893686815,0,11697763618,0,-219423,0,1 # steer t=18683 want_r=16 k=2 base=12T139
464639509752211819,0,2788559755579590314,0,-2909949065469849256,0,-5209902474594302770,0,5729327517285790259,0,-895425248770511388,0,32187584955371432,0,586308377264220,0,-5668824189023,0,-10258812142,0,120628160,0,-115914,0,1 # steer t=18683 want_r=16 k=2 base=12T139
1655858999601,0,23157015292224,0,-54233039512887,0,-759445153473426,0,640117912684276,0,1990860030611782,0,560431641198114,0,-206091884335335,0,2625058794240,0,-9992225205,0,13650897,0,-6607,0,1 # steer t=18683 want_r=16 k=2 base=12T139
59728861,0,-6432088,0,-59502410,0,33787984,0,-397881,0,-4107600,0,1031748,0,1792,0,-34821,0,4968,0,-154,0,-16,0,1 # steer t=18683 want_r=16 k=2 base=12T139
25550380466506369335296,0,-29694164931492723163136,0,-91275543275182054219776,0,49433993440827523538944,0,89883473722343936952576,0,18580226258566601361920,0,926635923374220559488,0,-13245849745983746560,0,51432355878098096,0,-69636339003776,0,29106591784,0,-347016,0,1 # steer t=18683 want_r=16 k=2 base=12T139
111154222341,0,2860106558328,0,-14994110352666,0,27841655296296,0,-22541087948521,0,5301063778000,0,2664048435364,0,-1220507917712,0,-22342164797,0,19396792,0,702358,0,-1688,0,1 # steer t=18683 want_r=16 k=2 base=12T139
53458433923123549,0,420626546946442995,0,-2416351675911240110,0,4266658905702589277,0,-3181894552705383113,0,671036554994523302,0,319623542964163477,0,-132302727735353368,0,-825354030542929,0,-754566614861,0,392180746,0,-38291,0,1 # steer t=18683 want_r=16 k=2 base=12T139
413331902558284,0,832342422428664,0,-6848540023777946,0,3156113313748776,0,-511329567022199,0,28240658456256,0,535908037840,0,-88869541632,0,1284652040,0,31469700,0,-522911,0,-72,0,1 # steer t=18683 want_r=16 k=2 base=12T139
7763197214043,0,580893098379957,0,816904566994566,0,-241614741729135429,0,548280469156744219,0,-418994324644095140,0,121993220515660072,0,-11244075691753499,0,-140255696456178,0,-231786355319,0,174266706,0,-25474,0,1 # steer t=18683 want_r=16 k=2 base=12T139
131878228792197824,0,2910801820964686144,0,-6377456596207249128,0,3769888918190049136,0,-938232156765591639,0,103411353742990280,0,-3896656082261331,0,-44031900331552,0,1356143332817,0,1654457080,0,-41360723,0,-48,0,1 # steer t=18683 want_r=16 k=2 base=12T139
2548471659373904123,0,5616742901327556698,0,-21106435343683890101,0,6745481413005702192,0,-796263295293936245,0,36824076420727050,0,-185615208331081,0,-26572372717374,0,325246976023,0,1828911152,0,-19096312,0,-238,0,1 # steer t=18683 want_r=16 k=2 base=12T139
592600098179021,0,-219040582772516818,0,19978897541473340866,0,75748201888170682624,0,-25925731011982588576622,0,-296443120784205919025370,0,-235854698624276182966311,0,-41052563762152726669650,0,34211021382512536638,0,-4971512927201740,0,138967493772,0,-750604,0,1 # steer t=18683 want_r=16 k=2 base=12T139
2151196593898296932839,0,9194675103474548477528,0,-22352558650431960941409,0,14997495051987368354302,0,-4195598439639810365774,0,508356194916608084450,0,-21831724197602565690,0,-37489289643240112,0,1107178260121274,0,152873860794,0,-3316071961,0,-70,0,1 # steer t=18683 want_r=16 k=2 base=12T139
15184321,0,67692225,0,-446215410,0,-155968573,0,113811093,0,23600916,0,-10912998,0,-280251,0,404514,0,-53821,0,3174,0,-90,0,1 # steer t=18683 want_r=16 k=2 base=12T139
3251929576333299712,0,2035276111535761734656,0,319178072411780690943424,0,226790198909670244012272,0,13596066230936129161061,0,-9322366938547825415260,0,642709636407787852442,0,-9956493702455423260,0,42705826058843446,0,-64923792493998,0,27157408049,0,-346716,0,1 # steer t=18683 want_r=16 k=2 base=12T139
30884665527193,0,-556974411713664,0,-8003401130820038,0,-7467792553265832,0,1906361964834495,0,3284078615582144,0,358660017845228,0,-178913580709584,0,2359341463815,0,-9258149504,0,13046394,0,-6472,0,1 # steer t=18683 want_r=16 k=2 base=12T139
115689037063564294288,0,46324225709141225104,0,-140891070567371049588,0,-45159954679943793436,0,20661492275818765153,0,5453841315036737548,0,229709324204207454,0,-8823575431933104,0,87596385694595,0,-322005524284,0,408579718,0,-39620,0,1 # steer t=18683 want_r=16 k=2 base=12T139
409974358172314213,0,-1524312368070535479,0,1445782047663439460,0,1186644022324668889,0,-3065178917181182120,0,1873629347972253170,0,-251726192944189337,0,-74241506941114315,0,-569913494126404,0,-878000775028,0,465937629,0,-42654,0,1 # steer t=18683 want_r=16 k=2 base=12T139
75060690711385024917,0,12414428749844497782,0,-183966496220633629761,0,170864730823111646166,0,-62445557295448083000,0,7738227847692104490,0,671441553275929668,0,-172989697092771303,0,-534131502205572,0,-121315300641,0,198684675,0,-28209,0,1 # steer t=18683 want_r=16 k=2 base=12T139
14834065462298268764647,0,16114019359383126547180,0,-5363941287386448960942,0,532906012686536245306,0,-25795622973959247992,0,686398600940028470,0,-9702992802407352,0,46061113203780,0,560819253254,0,-8625556458,0,32786040,0,12482,0,1 # steer t=18683 want_r=16 k=2 base=12T139
111154222341,0,1340926395273,0,-3020322498582,0,-4972326032799,0,8366859731321,0,7593985407574,0,-6415921250221,0,-4769114820822,0,140102367585,0,-1150626833,0,3280274,0,-3251,0,1 # steer t=18683 want_r=16 k=2 base=12T139
199628642095276818287,0,222302064425767508748,0,-96907250283731981634,0,-70508826776531215726,0,41281545967904307772,0,-7281838441437947970,0,497812153193113656,0,-10558937650265532,0,89972850691218,0,-317846461674,0,398639060,0,-39342,0,1 # steer t=18683 want_r=20 k=2 base=12T139
47673234717260341,0,-206059222804704598,0,11584538194857055,0,524844374172319842,0,3742738972242551,0,-195495004489021304,0,56374172955534125,0,-3769949949656908,0,90791037268253,0,-758559885102,0,2044087618,0,-90050,0,1 # steer t=18683 want_r=20 k=2 base=12T139
54860671,0,-42371826,0,-43011339,0,56930152,0,-15635934,0,-6090894,0,5427330,0,-1709631,0,300276,0,-31757,0,2001,0,-69,0,1 # steer t=18683 want_r=20 k=2 base=12T139
38536276748297984,0,50138581440769246080,0,15620046922339097940432,0,-21615869460430704367208,0,10426577813960362007901,0,-2107375666929455660096,0,163247488135791237786,0,-2310959528842836074,0,11718263968298746,0,-21854958056906,0,13553298227,0,-231210,0,1 # steer t=18683 want_r=20 k=2 base=12T139
67425153161217249748,0,106055240347771267896,0,-75846953912203282494,0,-84167189147711878376,0,51421311123625745451,0,-6774205406585449176,0,357222178123495422,0,-8218983135499992,0,77344391738790,0,-296279728130,0,362983797,0,-39378,0,1 # steer t=18683 want_r=20 k=2 base=12T139
6034851741877510192639,0,7128119695514988142802,0,-2320862298921448124034,0,-2125941351384482716274,0,1093325440836935568297,0,-182097083253455717444,0,11772436644450414571,0,-208571124030559230,0,1439171188474725,0,-3918076329478,0,3670905793,0,-120096,0,1 # steer t=18683 want_r=20 k=2 base=12T139
126765918287,0,20416850826,0,-88858098621,0,42182954582,0,-7582183237,0,-54512522,0,268889061,0,-52606478,0,5183032,0,-292244,0,9305,0,-153,0,1 # steer t=18683 want_r=20 k=2 base=12T139
40048,0,67904,0,-859264,0,2172120,0,-2811507,0,2198900,0,-1096575,0,349808,0,-68207,0,7020,0,-175,0,-24,0,1 # steer t=18683 want_r=20 k=2 base=12T139
17017263573851353861,0,48677885020419322122,0,-38134198570118516021,0,-25652791494899837839,0,31019758027536507587,0,-10711465256372275754,0,1600479486864850786,0,-92587300453100573,0,545131452813528,0,-787572937205,0,314885009,0,-33777,0,1 # steer t=18683 want_r=20 k=2 base=12T139
7773248726823342000896,0,11044648107726738235136,0,-1993308476212127025472,0,-3720238570293711527872,0,1462694189707186014512,0,-188463081962323356576,0,9701626116832413284,0,-177997473821609272,0,1284181006289265,0,-3709547800852,0,3574298466,0,-118828,0,1 # steer t=18683 want_r=20 k=2 base=12T139
472855206266057842969,0,751775801077119400106,0,-153923466146029372735,0,13194668031700470900,0,-643608625531187133,0,19816247365093994,0,-399923012265585,0,5282746009784,0,-43774284113,0,201675120,0,-331900,0,-564,0,1 # steer t=18683 want_r=20 k=2 base=12T139
2114144493794886713557,0,-20353908588451371636244,0,-55359672770313790320312,0,29184591846531504818050,0,21355390418568692343310,0,-7216808245883664576718,0,573109726673968631106,0,-6291814494993648640,0,24333331803799064,0,-34923847707414,0,16788515546,0,-257038,0,1 # steer t=18683 want_r=20 k=2 base=12T139
36728474260242267,0,-1667688740193638736,0,-7253155542225712758,0,1244260162872626571,0,13219778372104108189,0,-10968799713194132125,0,3017662673500245804,0,-246158894164340884,0,807314869723443,0,-775822628658,0,272079753,0,-30592,0,1 # steer t=18683 want_r=20 k=2 base=12T139
31726975310434639,0,36106702168733562,0,-11356662903508473,0,1184174010669370,0,-32710798509021,0,-3749942103570,0,427598533257,0,-20719672362,0,577544076,0,-9668228,0,94107,0,-483,0,1 # steer t=18683 want_r=20 k=2 base=12T139
504454787821568,0,107597201534898176,0,1800962870196185088,0,-2609349174222130176,0,1263821235419865344,0,-253593822922210816,0,22917227714403776,0,-894675690375872,0,13687394254672,0,-83562656080,0,160250404,0,-26192,0,1 # steer t=18683 want_r=20 k=2 base=12T139
28560231617499566684,0,48851402266909761288,0,-12805860723709512198,0,1387123226290293848,0,-84983518211412113,0,3271945524582564,0,-82247050975761,0,1347510237360,0,-13765122369,0,77035500,0,-139189,0,-456,0,1 # steer t=18683 want_r=20 k=2 base=12T139
23643884587,0,6278011342,0,-28775688215,0,6541481268,0,9118504541,0,-6542251208,0,1934561573,0,-310564406,0,28394731,0,-1431126,0,35438,0,-330,0,1 # steer t=18683 want_r=20 k=2 base=12T139
223075,0,-596070,0,267152,0,539630,0,-655325,0,180420,0,108632,0,-100836,0,35257,0,-6718,0,728,0,-42,0,1 # steer t=18683 want_r=20 k=2 base=12T139
27362289189711579436279,0,69467856315420429227354,0,-6234773642873571632154,0,-15283241939245049584972,0,4832983946776965474617,0,-540043958421336960018,0,24273615130785740545,0,-356375510941613424,0,2126712631946579,0,-5110839297836,0,4265202501,0,-129404,0,1 # steer t=18683 want_r=20 k=2 base=12T139
121952588634373,0,-39980056944296,0,-213861036799580,0,98296617812444,0,81263651295615,0,-56690897506074,0,11349970931895,0,-844951148452,0,28134245133,0,-428419038,0,2610683,0,-3056,0,1 # steer t=18683 want_r=20 k=2 base=12T139
316695653508833053437193,0,-827285417013439637084388,0,766147372168974652402198,0,-310568837922459899415446,0,60703358023859923020391,0,-5704222299510902894104,0,231706131944044493417,0,-2773682900881755732,0,12845714873502357,0,-22751092113084,0,13588865547,0,-231454,0,1 # steer t=18683 want_r=24 k=1 base=12T139
3484779476197722392656,0,-2536497398397511241760,0,297120619528229960472,0,-16836689036469279784,0,580476054491518725,0,-13385302224775740,0,215917494854685,0,-2481467666256,0,20294273637,0,-115640500,0,436881,0,-984,0,1 # steer t=18683 want_r=24 k=1 base=12T139
40816342071952823874375,0,-204209691993359731921050,0,428086071470546702566047,0,-484576162883877990270954,0,317119366897541641856900,0,-118339110064991355597188,0,22763069474456278150735,0,-1661572811551975831238,0,2179119817086231200,0,-558301310887292,0,31992087202,0,-360369,0,1 # steer t=18683 want_r=24 k=1 base=12T139
37222242233276394869,0,-32908905669392824940,0,5605880237107106454,0,-469044587980393700,0,23986975500541335,0,-822092752511800,0,19730779617060,0,-337605543880,0,4112511827,0,-34915100,0,196582,0,-660,0,1 # steer t=18683 want_r=24 k=1 base=12T139
771711650300814128,0,-1322298433914850336,0,876123940459126752,0,-293091646346720584,0,54402079030869489,0,-5760561840276494,0,343723958808879,0,-11132836034204,0,191731650785,0,-1655466496,0,6052987,0,-4626,0,1 # steer t=18683 want_r=24 k=1 base=12T139
2388086784,0,-6847653888,0,8118804480,0,-5315281920,0,2170015232,0,-590145664,0,110900544,0,-14642464,0,1357600,0,-86672,0,3632,0,-90,0,1 # steer t=18683 want_r=24 k=1 base=12T139
731294508304868050899,0,-2034406802783369337183,0,2361770526116610397092,0,-1472252073079113929280,0,526420657542714440398,0,-106132960360636230473,0,10861767256269628135,0,-418244572533939455,0,1408880223995666,0,-1337111292876,0,417153734,0,-38351,0,1 # steer t=18683 want_r=24 k=1 base=12T139
188556880958331184336,0,-322252013736024061792,0,217097158640320394264,0,-74350190779961768072,0,14012753473892722477,0,-1456641645245068032,0,78160958012656713,0,-1871457509079368,0,20624936756941,0,-100158422268,0,179988413,0,-26260,0,1 # steer t=18683 want_r=24 k=1 base=12T139
1099273880663271433,0,-3144688801143719164,0,3769774073000375428,0,-2441150146761474587,0,915027981735079635,0,-196344021176655133,0,22018404371449856,0,-1001950293809362,0,7229409860239,0,-18393041562,0,19273951,0,-7746,0,1 # steer t=18683 want_r=24 k=1 base=12T139
3268235664045157944087,0,-11623577248459714343211,0,17392805162584558934004,0,-14172067748193182995560,0,6773027295842208258043,0,-1890440722286880390443,0,283556681678679272804,0,-17556000158187381795,0,36936848855094286,0,-18563920415928,0,2608991643,0,-97456,0,1 # steer t=18683 want_r=24 k=1 base=12T139
1922712604897,0,-10008472292406,0,21753985156161,0,-25449815981902,0,17191156988808,0,-6665683579974,0,1383310915782,0,-131419330173,0,4284833220,0,-59153389,0,371439,0,-1023,0,1 # steer t=18683 want_r=24 k=1 base=12T139
1794778829,0,-4887387260,0,5492541870,0,-3487854692,0,1418121159,0,-392811160,0,76491924,0,-10597384,0,1040075,0,-70700,0,3166,0,-84,0,1 # steer t=18683 want_r=24 k=1 base=12T139
373650508971178370771,0,-1212812754225216682062,0,1656662860673536696328,0,-1237832145333702526642,0,547805944900214353859,0,-144015007638130008012,0,20929558513006040136,0,-1321383176248851300,0,4869591596337641,0,-4211627878790,0,994208560,0,-60490,0,1 # steer t=18683 want_r=24 k=1 base=12T139
49420857512546870254364,0,-83882540133385827055856,0,54823919216260065207826,0,-17503444714825682038228,0,2872201103555575683151,0,-235934579684837285562,0,9213246382658600575,0,-151518435502584286,0,1093853700398201,0,-3277384026014,0,3438955887,0,-116322,0,1 # steer t=18683 want_r=24 k=1 base=12T139
7577211963581596,0,-18682371299552856,0,18532622494087674,0,-9447465946188368,0,2635509599204503,0,-404213844224568,0,34348491653119,0,-1604161151768,0,40163306363,0,-507012764,0,2709411,0,-3092,0,1 # steer t=18683 want_r=24 k=1 base=12T139
3691679593148675,0,-11929763434772615,0,16333697127676354,0,-12286469312756978,0,5491297868786677,0,-1464797382085560,0,219422758569306,0,-15432151358819,0,276315081884,0,-1733002360,0,4132603,0,-3609,0,1 # steer t=18683 want_r=24 k=1 base=12T139
1061884841852367200752,0,-1680409743416673921568,0,995214871259684972000,0,-287160271279610592616,0,44611703147666835285,0,-3795502645615250238,0,167539994340168819,0,-3373279200988996,0,31493014753517,0,-130943763612,0,202286931,0,-27794,0,1 # steer t=18683 want_r=24 k=1 base=12T139
1434399892371772217,0,-2527271041513972248,0,1811107118817863932,0,-703603070738703829,0,163851213524494293,0,-23587525425335317,0,2066146656470199,0,-102837511832021,0,2478822037891,0,-20058827897,0,25181132,0,-9214,0,1 # steer t=18683 want_r=24 k=1 base=12T139
2179268665485179,0,-6551985369151874,0,8350921028102124,0,-5842630780206773,0,2422165286589574,0,-596316718466296,0,81842535169445,0,-5246633501168,0,91902472918,0,-639814946,0,1955095,0,-2431,0,1 # steer t=18683 want_r=24 k=1 base=12T139
25423205924561281,0,-139445651220864774,0,318348413040292047,0,-388813340780665492,0,270906167664013995,0,-105537168910325574,0,20590852093523403,0,-1484762441732406,0,12316381172442,0,-31779058474,0,29624739,0,-9747,0,1 # steer t=18683 want_r=24 k=1 base=12T139
44307454911021535952,0,-69369857256959425952,0,40608237659992384992,0,-11630679541823798480,0,1825227355974648671,0,-162814930464831888,0,8127513210500761,0,-215468154024908,0,2947295779140,0,-19370821606,0,49917716,0,-13736,0,1 # steer t=18683 want_r=24 k=1 base=12T139
2847670930137081088,0,-7838159925533018496,0,7758846365331352448,0,-3476365315540712640,0,800624084060010736,0,-98827901101185728,0,6416863704893392,0,-204767345920226,0,3112256153233,0,-21441358184,0,53755014,0,-14862,0,1 # steer t=18683 want_r=24 k=1 base=12T139
9075133459858935381584,0,-17127121293908575693408,0,12709239122442064265312,0,-4765654452205777644576,0,961825327737842672399,0,-102593591957379019336,0,5292750271100310071,0,-107401984527509392,0,899402151415177,0,-3002344615542,0,3410937993,0,-115926,0,1 # steer t=18683 want_r=24 k=1 base=12T139
16257981761923166468800,0,-30542463176226942982208,0,21240965456335666778912,0,-7191759630095603717984,0,1283767998164245831748,0,-120895884136676029780,0,5722237923780896987,0,-128520779889596402,0,1150280914808535,0,-2135420330430,0,1138847047,0,-66991,0,1 # steer t=18891 want_r=24 k=2 base=12T187
531410424608310650129,0,-1223578020801809769875,0,1050251643892678896173,0,-424835816334225572074,0,85828601379886184104,0,-8328872506108788515,0,345245738749875600,0,-6376013126964194,0,55679935036931,0,-225493068648,0,371995322,0,-150887,0,1 # steer t=18891 want_r=24 k=2 base=12T187
3537446875136,0,-9519622709248,0,10744298265600,0,-6609761276928,0,2417580196864,0,-540928257024,0,74109008576,0,-6116896704,0,292430592,0,-7528576,0,94092,0,-516,0,1 # steer t=18891 want_r=24 k=2 base=12T187
4762748938752223,0,-10834638342219717,0,9322122751511886,0,-3885735526211929,0,851539522987359,0,-100916946876294,0,6671727929580,0,-255978004077,0,5791869198,0,-75688561,0,528234,0,-1602,0,1 # steer t=18891 want_r=24 k=2 base=12T187
6356417172472793,0,-13313097591928641,0,9770992660373486,0,-3209610695180975,0,506875831091092,0,-44642512977606,0,2387157333595,0,-80634051015,0,1734010267,0,-23227249,0,182145,0,-726,0,1 # steer t=18891 want_r=24 k=2 base=12T187
54977583085489573573,0,-169886075001087761700,0,210189671488212716411,0,-133462090494684413950,0,46124428856583848984,0,-8436949242761780274,0,735424082718382773,0,-26777912044482048,0,274469437516906,0,-645002750414,0,464685384,0,-42462,0,1 # steer t=18891 want_r=24 k=2 base=12T187
54526208127547252153,0,-102925252792305321609,0,76051711427853483475,0,-27668205678110291056,0,5109748827395817753,0,-448810710543638387,0,17349593395616117,0,-322793947189581,0,3073063008121,0,-14849252803,0,32885859,0,-24024,0,1 # steer t=18891 want_r=24 k=2 base=12T187
55598972104114078137989,0,-123208077290019463181090,0,100462995327503079072331,0,-37397925997571199839868,0,6332679838462019935825,0,-428768812753570212670,0,10868734930714346955,0,-107462453782199018,0,383245391643721,0,-321490968000,0,111308467,0,-17302,0,1 # steer t=18891 want_r=24 k=2 base=12T187
322717194347180032,0,-872236500071424000,0,946643016352382976,0,-523306705725122048,0,153438477456296704,0,-22343926477362176,0,1352375155796608,0,-39570034287200,0,593528606944,0,-4468787640,0,15196148,0,-16272,0,1 # steer t=18891 want_r=24 k=2 base=12T187
1542583375,0,-4470685700,0,5685000815,0,-4176477377,0,1964549064,0,-619793265,0,133606390,0,-19686727,0,1953395,0,-126394,0,5030,0,-110,0,1 # steer t=18891 want_r=24 k=2 base=12T187
42794996655499870937,0,-98156358281621157204,0,77256508522156415450,0,-23929305351451627780,0,2378277708180895935,0,-107248949792055752,0,2583183270608940,0,-35486923756360,0,281075584967,0,-1243429220,0,2845338,0,-2868,0,1 # steer t=18891 want_r=24 k=2 base=12T187
9978416124383988371,0,-26153704807801724085,0,28039184292869277791,0,-16160983032679827120,0,5477338809607506280,0,-1109429708166440414,0,128503500223565849,0,-7404633606454538,0,142780174343100,0,-844011131225,0,806444400,0,-56826,0,1 # steer t=18891 want_r=24 k=2 base=12T187
2215977868906684301,0,-1933981818569534130,0,478177241851186383,0,-57198824389855388,0,4046559938516933,0,-186247080997930,0,5852929238163,0,-128277191778,0,1962556161,0,-20551856,0,140315,0,-562,0,1 # steer t=18891 want_r=24 k=2 base=12T187
4578135724702883075,0,-15974163933759426525,0,23755287313770758426,0,-19523773399940707927,0,9589309541443477305,0,-2825608866757027925,0,468705311328396790,0,-36055598766482197,0,579945584525267,0,-1424243105530,0,996524320,0,-63080,0,1 # steer t=18891 want_r=24 k=2 base=12T187
375284559188917345765967,0,-836283867698836809613306,0,735801859735675664178410,0,-319338987679567430774599,0,68831651524915317697434,0,-6259244871791436967817,0,123423471750484464051,0,-960197890182531536,0,3360059466605199,0,-5203093280188,0,3194351692,0,-448641,0,1 # steer t=18891 want_r=24 k=2 base=12T187
35848552578221459273,0,-66222171059445004392,0,43956087767252465122,0,-12410662435787581512,0,1386008841441585247,0,-69813904501117136,0,1849856426000316,0,-27631419032272,0,235570683767,0,-1109909704,0,2673474,0,-2792,0,1 # steer t=18891 want_r=24 k=2 base=12T187
469778699853367539831,0,-1327612900447015151004,0,1480625859665809271583,0,-832571046236181544236,0,246943732028017000788,0,-36170933580683935992,0,2097970861062909533,0,-34576027771166766,0,147664258555788,0,-193586688868,0,95259420,0,-17302,0,1 # steer t=18891 want_r=24 k=2 base=12T187
512923400282483917,0,-608451305659865642,0,152706579599407490,0,-18866109529383421,0,1417924971649777,0,-70970145581373,0,2470697798156,0,-60890881958,0,1060719205,0,-12784220,0,101415,0,-476,0,1 # steer t=18891 want_r=24 k=2 base=12T187
672574657710383,0,-928095336034061,0,390035921884723,0,-85130019359508,0,11507070076584,0,-1044101142671,0,66162293959,0,-2974770485,0,94665226,0,-2085968,0,30270,0,-260,0,1 # steer t=18891 want_r=24 k=2 base=12T187
40042635879580725383,0,-130171550797955010107,0,168895267489978647371,0,-110308850659820475484,0,37211445686342621060,0,-5786639285332558077,0,276178611880727062,0,-5570264074194006,0,52062901372285,0,-219995146758,0,373784766,0,-151079,0,1 # steer t=18891 want_r=24 k=2 base=12T187
97972572204442014298624,0,-203968732958237661267456,0,157402551203427918650112,0,-55203029768481974135552,0,8620460768546048037536,0,-494168863107298703104,0,11697602414737131512,0,-109717733131435584,0,388738906762956,0,-323791189376,0,111586616,0,-17302,0,1 # steer t=18891 want_r=24 k=2 base=12T187
33248768512330245847741,0,-72097083998768433361562,0,62149044729854036620060,0,-26753273881739658170715,0,5856097473067552168983,0,-570635118634757851217,0,14986320334563351206,0,-163261339547255810,0,813710300313283,0,-1792348872110,0,1565205533,0,-306910,0,1 # steer t=18891 want_r=24 k=2 base=12T187
1353269,0,-6665799,0,14403318,0,-18016091,0,14502534,0,-7902203,0,2983984,0,-785388,0,142617,0,-17347,0,1331,0,-57,0,1 # steer t=18891 want_r=24 k=2 base=12T187
4584197505359367378335,0,-3522969815014941792479,0,486731103966790390674,0,-32320905110399583417,0,1283703356027119476,0,-33312294530482600,0,586709320429109,0,-7078554498212,0,57685142824,0,-304944753,0,965821,0,-1579,0,1 # steer t=18891 want_r=24 k=2 base=12T187
14588586891,0,-37210967379,0,38204762049,0,-21616008381,0,7649922609,0,-1806142698,0,294321357,0,-33580656,0,2676483,0,-145935,0,5184,0,-108,0,1 # steer t=18936 want_r=24 k=1 base=12T185
1084448596395373562483,0,-2848877951933445640182,0,3042171267572238100533,0,-1674104488848406753450,0,492785017559784638448,0,-71582989265776276872,0,3921943858032598535,0,-58683406599013658,0,237407815676746,0,-359297154350,0,202515311,0,-29320,0,1 # steer t=18936 want_r=24 k=1 base=12T185
490017534832268896603,0,-981687920667951987608,0,796203076902054276367,0,-336966808808662372264,0,80195774237054388308,0,-10809721467669874826,0,788035509705854233,0,-27768592525246290,0,395902259989994,0,-2039387744531,0,1613314859,0,-110857,0,1 # steer t=18936 want_r=24 k=1 base=12T185
3096458728654064619,0,-13365419687405112222,0,23435848521087975048,0,-21339263360480629146,0,10679335409425475923,0,-2854169447242796876,0,365779128063778600,0,-18899548178149076,0,332222631610369,0,-1968162550774,0,1606448400,0,-110770,0,1 # steer t=18936 want_r=24 k=1 base=12T185
837413819426014858541,0,-2198784355117602195702,0,2344542948819598866601,0,-1295735627665292100922,0,391255173396465568418,0,-62159809569523204694,0,4602998609005684465,0,-141460257775513496,0,1631277524599186,0,-6570777413877,0,3621144765,0,-166299,0,1 # steer t=18936 want_r=24 k=1 base=12T185
7656711734825,0,-19809894331835,0,21319286937793,0,-12370523510737,0,4200277708829,0,-851583625990,0,102343264917,0,-7228537004,0,296277015,0,-6858347,0,84818,0,-496,0,1 # steer t=18936 want_r=24 k=1 base=12T185
4286841994397054189,0,-13754003748291095657,0,17867909012547278853,0,-11935525609010488483,0,4271523457904217069,0,-765026104165324106,0,55768282129910543,0,-1586988847671932,0,15037174916867,0,-48698585201,0,56395166,0,-18284,0,1 # steer t=18936 want_r=24 k=1 base=12T185
130289392815080625,0,-535985514917094375,0,898510519090553775,0,-789442311344236725,0,389287770146017186,0,-107067699870172334,0,15413180469992827,0,-1032765768546820,0,27698147038859,0,-268407461534,0,410299470,0,-55738,0,1 # steer t=18936 want_r=24 k=1 base=12T185
2084676668425207,0,-7075918833677462,0,9440595122391706,0,-6381612425821109,0,2373995352403533,0,-495201914795546,0,56793398631822,0,-3427513826696,0,101956356525,0,-1343009183,0,5665121,0,-5226,0,1 # steer t=18936 want_r=24 k=1 base=12T185
20604731439,0,-77408087754,0,124505559804,0,-113034641115,0,64221792463,0,-23860489210,0,5859687084,0,-934928172,0,91982499,0,-4982681,0,115357,0,-682,0,1 # steer t=18936 want_r=24 k=1 base=12T185
17007718129216411759,0,-52627164400840936994,0,66796540727238325814,0,-45019968744674495511,0,17394829634387606341,0,-3869097589031619983,0,467705706855378835,0,-25842380379296551,0,349423729382979,0,-1474874268102,0,927714002,0,-83697,0,1 # steer t=18936 want_r=24 k=1 base=12T185
50653886193731,0,-89743711858031,0,58088552746349,0,-17886170422977,0,3181141844119,0,-362105680026,0,27849648363,0,-1484733680,0,55108585,0,-1400411,0,23268,0,-228,0,1 # steer t=18936 want_r=24 k=1 base=12T185
26863073732627968089,0,-92680965105724615464,0,125872849230457795860,0,-86568104458386540672,0,32633489235263641558,0,-6841802708718494192,0,758192963252963179,0,-37101864938001737,0,375320542622617,0,-1171972400863,0,631290348,0,-68395,0,1 # steer t=18936 want_r=24 k=1 base=12T185
1535386000708629779899,0,-3860113117566278987939,0,3914346104140157347725,0,-2066116364604390565992,0,609836231531345851610,0,-100166472393742971306,0,8467205725177955716,0,-299131099495597828,0,2836439134657417,0,-8565291607716,0,3873864616,0,-170714,0,1 # steer t=18936 want_r=24 k=1 base=12T185
65155710227258040338749,0,-259664861681744291923738,0,413189897184643708952040,0,-333124650918812700516231,0,142107422594918475168973,0,-30286607502847224336098,0,2700010944018591952916,0,-77487651913909214957,0,568064626761125427,0,-1260228320770165,0,212961216293,0,-1538143,0,1 # steer t=18936 want_r=24 k=1 base=12T185
447921666001261654603,0,-1107237446739061648479,0,1108011963099870757857,0,-571491658964358985339,0,159118039231441700095,0,-22568512401995125984,0,1340056341167613481,0,-23482052239216436,0,154134748741117,0,-344604990915,0,221925484,0,-43786,0,1 # steer t=18936 want_r=24 k=1 base=12T185
5997083344727181,0,-17982102736033716,0,21975961655266122,0,-14125626227428653,0,5148445435873067,0,-1074592965412384,0,125439584536783,0,-7909298274134,0,253611175576,0,-3574152615,0,13440105,0,-8442,0,1 # steer t=18936 want_r=24 k=1 base=12T185
54522273039636252398089,0,-92162955842867112491456,0,52558639628177695906906,0,-13273357549331509861517,0,1826474886555569791712,0,-150699045123277936518,0,7710011927888557868,0,-241085052774926858,0,4262623343722909,0,-33807758103263,0,28100169830,0,-601094,0,1 # steer t=18936 want_r=24 k=1 base=12T185
5173036160329,0,-12967671504618,0,13792448652256,0,-8110524281179,0,2880804290697,0,-634676625156,0,85951012658,0,-6899711915,0,310554763,0,-7527907,0,92545,0,-523,0,1 # steer t=18936 want_r=24 k=1 base=12T185
460408335367753987,0,-2038673084715222972,0,3615655468538889198,0,-3228912105593341999,0,1477350483414147495,0,-299843972382628008,0,14275553362115649,0,-262579898478150,0,2068109922411,0,-7264090441,0,11222421,0,-6579,0,1 # steer t=18936 want_r=24 k=1 base=12T185
50860145379,0,-108824984676,0,92028473097,0,-43375910271,0,13049141806,0,-2679089864,0,388370001,0,-40291138,0,2981354,0,-153926,0,5276,0,-108,0,1 # steer t=18936 want_r=24 k=1 base=12T185
85978797448305853307,0,-283275741643631280524,0,360095510545658346705,0,-225035525258699088269,0,74148519077381663242,0,-13029431796771581265,0,1162456579657298092,0,-45085062700716595,0,521485813729968,0,-1982765188814,0,1233265409,0,-96306,0,1 # steer t=18936 want_r=24 k=1 base=12T185
2248043220367,0,-7437593493064,0,10786132253512,0,-8991430890071,0,4744485725129,0,-1642833076630,0,373635052862,0,-54079574567,0,4603350599,0,-191732793,0,2155267,0,-3515,0,1 # steer t=18936 want_r=24 k=1 base=12T185
134971583059326167552649,0,-283952936161445018908584,0,243272133769243370612616,0,-108796199031669267749889,0,27011478585027757744816,0,-3648054370038614938038,0,244149865719782638158,0,-6813293876026100882,0,62608601764468767,0,-187549465296501,0,55432305144,0,-778558,0,1 # steer t=18936 want_r=24 k=1 base=12T185
2331419421724175,0,-4249917093786430,0,3019025332378316,0,-1147397723910153,0,261837668416739,0,-37491378216328,0,3379598423649,0,-185946753328,0,5822293117,0,-92405501,0,656399,0,-1681,0,1 # steer t=18936 want_r=24 k=1 base=12T185
2384897805675273533,0,1556719975231131132,0,-1124799282971790898,0,238946401792224036,0,-22894530360665945,0,944406128585880,0,-4849228875692,0,-572136489720,0,5880590331,0,76445100,0,-845826,0,-108,0,1 # steer t=18978 want_r=16 k=1 base=12T221
20799934516785969,0,17082418948191990,0,-16799033965889646,0,4644460931567868,0,-558331935873944,0,25433236846996,0,472347840601,0,-75095379502,0,1586606676,0,5744416,0,-193334,0,56,0,1 # steer t=18978 want_r=16 k=1 base=12T221
5538666245810224,0,-5724809332877536,0,-3744408749340184,0,7939227040618664,0,-4326713923642725,0,993068519780632,0,-79749103572546,0,-642441991232,0,39580497908,0,95353720,0,-4767510,0,-24,0,1 # steer t=18978 want_r=16 k=1 base=12T221
7815895069,0,9415662250,0,-35109608042,0,10503065984,0,6277097988,0,-984322500,0,-143259084,0,25843726,0,180444,0,-189042,0,10217,0,-188,0,1 # steer t=18978 want_r=16 k=1 base=12T221
39899839287296,0,126814924480512,0,-105509031909376,0,29911375736832,0,-3537451951616,0,85487592960,0,15926750848,0,-1033563648,0,-6829088,0,1556640,0,-24360,0,-72,0,1 # steer t=18978 want_r=16 k=1 base=12T221
383070838889575023904261,0,72925047074795169944170,0,-404407223297782991276391,0,218116205387859887459234,0,-45814099290793620611838,0,3736153344184583086634,0,-66876247162907324606,0,-162378638939710586,0,438999541404594,0,533665425880,0,-915005157,0,-5052,0,1 # steer t=18978 want_r=16 k=1 base=12T221
95437818623,0,1042775879040,0,-517181253064,0,49425588226,0,18441696786,0,-5886338618,0,727450911,0,-42930868,0,711880,0,46976,0,-2092,0,-4,0,1 # steer t=18978 want_r=16 k=1 base=12T221
5147207913243533759,0,28429565438635233154,0,27504672402117283977,0,-33078575628627458420,0,-19007996219300640010,0,174186270244355206,0,638802648218058444,0,-24730944109583234,0,265411738873054,0,-588250292716,0,397117484,0,-38288,0,1 # steer t=18978 want_r=16 k=1 base=12T221
19068152340360931997089,0,319035959183959960215174,0,-893205499261126593461895,0,-240001670879473453215500,0,-13351207420355904242736,0,513029629884041407916,0,33068973918340108074,0,-566626457203471342,0,2417221911873108,0,-2629981279616,0,909076508,0,-57332,0,1 # steer t=18978 want_r=16 k=1 base=12T221
38983209368941003,0,29750992843004954,0,-18206680399524349,0,-1657179487084368,0,855734066899971,0,70913591864072,0,-6425466762600,0,-327552482856,0,18728097741,0,-265453988,0,1255756,0,-2128,0,1 # steer t=18978 want_r=16 k=1 base=12T221
85417596196987605393901,0,184474957143613974938374,0,-11150683156079416041279,0,-399560147075449711228,0,45243439343332982548,0,-1388908575377003480,0,21586625137380042,0,-190571679223188,0,951457436436,0,-2344941554,0,1238639,0,3340,0,1 # steer t=18978 want_r=16 k=1 base=12T221
659301284614561529,0,101797787113818600734,0,-44314793371678933871,0,7592742996481820994,0,-633780484268397052,0,24359241872165218,0,-163699242548569,0,-14171699019296,0,271535041057,0,-55688138,0,-4430534,0,300,0,1 # steer t=18978 want_r=16 k=1 base=12T221
242291686561,0,2223098050396,0,-1281951016114,0,228803495472,0,-3160728453,0,-3535698222,0,359581297,0,706036,0,-1933919,0,102938,0,-989,0,-52,0,1 # steer t=18978 want_r=16 k=1 base=12T221
6936994926210391,0,20660807117015856,0,-13690360731332656,0,-19976284692519274,0,-1166265967961763,0,527891600873426,0,20255326938623,0,-2996910445648,0,78916851222,0,-694951546,0,2377433,0,-2742,0,1 # steer t=18978 want_r=16 k=1 base=12T221
417816155970200168531,0,4280348809875297803490,0,-5058923644047624225249,0,2076624515969637345980,0,-391113266059321971549,0,34381565666406949710,0,-1130679227194847857,0,-1316302604438040,0,32735086964451,0,11498532100,0,-229969542,0,-60,0,1 # steer t=18978 want_r=16 k=1 base=12T221
5964743654650114004403,0,2821906949321962769076,0,-2648373040112271303978,0,621208793158248755664,0,-63331045665659717408,0,2799090422415224100,0,-26614342231413662,0,-1198829284912440,0,16500769223491,0,5542065900,0,-61574946,0,-108,0,1 # steer t=18978 want_r=16 k=1 base=12T221
75189457060205483,0,86078446069711460,0,-104065915515259109,0,25595223716796496,0,-956937437281001,0,-114429220128930,0,8778981881976,0,-150251790198,0,-1442608251,0,44645192,0,-145632,0,-484,0,1 # steer t=18978 want_r=16 k=1 base=12T221
655524127210045332763,0,662173864073009826746,0,-279889174475318056805,0,40094382500930665388,0,-2658988282750657433,0,78016555576942710,0,-425537140746773,0,-18184429818360,0,138271619811,0,937721200,0,-7205804,0,-156,0,1 # steer t=18978 want_r=16 k=1 base=12T221
3992544724627967,0,-8817806205206594,0,-14826544260859253,0,25810904247696278,0,1396810193600072,0,-748102775824094,0,36331420489735,0,557729188774,0,-44250905180,0,336435486,0,482927,0,-2910,0,1 # steer t=18978 want_r=16 k=1 base=12T221
3729535966815136846263,0,3404223457504028972190,0,-528989502767676621237,0,32706587239776460080,0,-1080848152512316877,0,20241014453734476,0,-195345860503492,0,373719154812,0,9904104229,0,-70019964,0,-57376,0,1176,0,1 # steer t=18978 want_r=16 k=1 base=12T221
78631321020179501021,0,599367258990442562536,0,-231788290625302993862,0,31713478403241529272,0,-1847072401096592161,0,34063305141220040,0,825451712776502,0,-37061246990320,0,303166197601,0,660182180,0,-4706963,0,-168,0,1 # steer t=18978 want_r=16 k=1 base=12T221
45307844180043967,0,25233547663367274,0,-35882115262204803,0,9890652997404778,0,-854124560699940,0,906253250220,0,3116632511202,0,-126119523438,0,821280744,0,22587808,0,-188538,0,-168,0,1 # steer t=18978 want_r=16 k=1 base=12T221
9000956013044027779157,0,16349328142780088758012,0,8435358683586319707526,0,1026803630972633730692,0,-238320554048929004841,0,-38685662493489312296,0,2330787805574925060,0,-25598651733617528,0,114731728303539,0,-235498758036,0,194891414,0,-26700,0,1 # steer t=18978 want_r=16 k=1 base=12T221
4176495737218136965678,0,2488708713043543886528,0,-1708729512119489075018,0,45704647819030434976,0,11422320152392484703,0,-586203303017730408,0,12063409981156339,0,-130354311707076,0,769166284068,0,-2222573512,0,1583898,0,3448,0,1 # steer t=18978 want_r=16 k=1 base=12T221
1068905570252512171,0,3383741714410302856,0,1349045668886086503,0,-184794958746605594,0,-105748666417796236,0,4115662210386604,0,1837802776425872,0,-92285951314032,0,1427574280730,0,-7301183274,0,13607936,0,-6776,0,1 # steer t=18978 want_r=16 k=1 base=12T221
90172890440037731306686,0,-152346865490040394973640,0,95673505960146296778278,0,-28154910527809225665784,0,3970137765990257151165,0,-242731059252444801004,0,5473163742837347913,0,-50771438993492168,0,206212580446675,0,-342540552104,0,217049581,0,-31672,0,1 # steer t=18978 want_r=24 k=1 base=12T221
229031780868629454544,0,-330792062382256388128,0,170462296824643464120,0,-39524221114793885928,0,4819672541640050712,0,-334307109699936312,0,13474932212519296,0,-306335230332416,0,3571151434081,0,-17587305236,0,32369742,0,-11140,0,1 # steer t=18978 want_r=24 k=1 base=12T221
37122993416741262535701,0,-64850878742415591180978,0,43478365055100900383781,0,-14262769708760888073360,0,2416468093726769007524,0,-206771672105949882444,0,8125957144939278674,0,-124541066149727394,0,699519035908968,0,-1096320085640,0,545666612,0,-44716,0,1 # steer t=18978 want_r=24 k=1 base=12T221
25465559165188069,0,-28421089313375684,0,8779435463415430,0,-1389391186382924,0,135892464920311,0,-8934030948648,0,411320933380,0,-13483438872,0,314081667,0,-5088340,0,54550,0,-348,0,1 # steer t=18978 want_r=24 k=1 base=12T221
39234449371144557493,0,-80785573751614044386,0,65820357074320821697,0,-27219869190593576160,0,6027163266036195196,0,-683662383824801994,0,34315568420352832,0,-662893969199078,0,5959308511680,0,-25722389832,0,45677333,0,-12926,0,1 # steer t=18978 want_r=24 k=1 base=12T221
416089454056378702841608,0,-769866902027822760557552,0,542326064637732861824128,0,-178926980906950283974584,0,26938419848028909593135,0,-1486041134704084719370,0,31025436720946409227,0,-199643275116440078,0,569889726619474,0,-772421481644,0,431448978,0,-39650,0,1 # steer t=18978 want_r=24 k=1 base=12T221
72987295162216748084969,0,-126553201472980372913324,0,78225288016259486721418,0,-21505631107866627833856,0,2751240871071411926414,0,-157656861510953070724,0,3800445688248224966,0,-32815687974615096,0,130215241243782,0,-248694927212,0,197499466,0,-26772,0,1 # steer t=18978 want_r=24 k=1 base=12T221
674118040710740809,0,-901842916341376860,0,459509580005053057,0,-118401744233893024,0,17257373387849942,0,-1488045971048972,0,76352921727433,0,-2278794182852,0,37687852665,0,-319237688,0,1269242,0,-1956,0,1 # steer t=18978 want_r=24 k=1 base=12T221
233523875941275416081301,0,-347011955345517820633476,0,144902737069251918021738,0,-26343896762693550203286,0,2366570892015630484801,0,-108374930283658655432,0,2444788917423057855,0,-25056736800382450,0,111892348764340,0,-188882395718,0,119853777,0,-20142,0,1 # steer t=18978 want_r=24 k=1 base=12T221
10159692184383404871848,0,-18792915844839454997056,0,13495245048202149982528,0,-4697343318476291332664,0,803983192957055715227,0,-61019744010464088084,0,1793519082928117307,0,-20035293975669340,0,97787435429841,0,-207741376324,0,170782729,0,-26760,0,1 # steer t=18978 want_r=24 k=1 base=12T221
701494825998997,0,-1205555944977384,0,795716318103985,0,-265754498432706,0,50563929750902,0,-5860433419960,0,427891223408,0,-19851882124,0,577910311,0,-10196972,0,102165,0,-516,0,1 # steer t=18978 want_r=24 k=1 base=12T221
266711521752971,0,-496152272612284,0,358655012875403,0,-131862876583380,0,27871294270034,0,-3611206728132,0,295778830126,0,-15428152406,0,505958098,0,-10064504,0,112889,0,-610,0,1 # steer t=18978 want_r=24 k=1 base=12T221
2970188672255787819229,0,-4956043916257483382468,0,2882478653458476164864,0,-810132630882388697672,0,120690750741959533551,0,-9521726994862519038,0,376709138747376013,0,-7320182651749980,0,62555348821401,0,-157240296038,0,135185285,0,-26796,0,1 # steer t=18978 want_r=24 k=1 base=12T221
363684978571415139801137,0,-423462632293642546436572,0,160647916501209708906957,0,-26022601919450104535346,0,2091397143167998328434,0,-87366927814889216334,0,1867018847545351568,0,-19366436243126670,0,89824044830424,0,-161348403226,0,108872572,0,-19236,0,1 # steer t=18978 want_r=24 k=1 base=12T221
249961573293514493019107,0,-356688280440509390415184,0,175158175336480256362605,0,-40391763196680254796190,0,4694689439424411924897,0,-261496893780045249940,0,5797333640701088239,0,-50253036115857406,0,189771486470941,0,-307274124956,0,203351010,0,-39852,0,1 # steer t=18978 want_r=24 k=1 base=12T221
743798924640625,0,-1064504427778750,0,482315124519725,0,-112692281160046,0,16066694435414,0,-1511397579118,0,97483433870,0,-4375332962,0,136124594,0,-2866096,0,38715,0,-300,0,1 # steer t=18978 want_r=24 k=1 base=12T221
1541842190809147025776,0,-1462054464515042060704,0,213871344874995938312,0,-14911792044029486872,0,622889942350011383,0,-17092614453543628,0,321047519668946,0,-4180742717992,0,37389803268,0,-221853448,0,810967,0,-1556,0,1 # steer t=18978 want_r=24 k=1 base=12T221
966829011004394101,0,-2057060434553992410,0,1713645105932502508,0,-714896157371540164,0,157816238945895909,0,-17889025119675218,0,959875056735351,0,-24817576043146,0,323559048243,0,-2086886888,0,5860375,0,-4470,0,1 # steer t=18978 want_r=24 k=1 base=12T221
80901463503705550713,0,-135040440094667785944,0,77946311210675129082,0,-21453168126862659222,0,3149714830422879317,0,-254097613353765144,0,10986292088591463,0,-237899694969394,0,2419116003880,0,-10027985918,0,16254305,0,-7370,0,1 # steer t=18978 want_r=24 k=1 base=12T221
29029627504720383113,0,-22584550118103694188,0,4469174705339373674,0,-417514959279175916,0,22955933378523903,0,-822972332673560,0,20260157567276,0,-350628134392,0,4277113943,0,-36114684,0,201354,0,-668,0,1 # steer t=18978 want_r=24 k=1 base=12T221
84057877874973404372,0,-124930127147010302792,0,70291039310955039464,0,-20032136437372778640,0,3168577475112194717,0,-280431038242883518,0,13108357470511819,0,-287886451080348,0,3166469846069,0,-17262982840,0,39040823,0,-12034,0,1 # steer t=18978 want_r=24 k=1 base=12T221
2042865998275405179883,0,-3147922943282053092024,0,1755907780882725993599,0,-443505090339457067960,0,55557105744519000171,0,-3614350841463296186,0,121901468972723204,0,-2036211870047738,0,15148236237333,0,-43445076980,0,46137980,0,-12564,0,1 # steer t=18978 want_r=24 k=1 base=12T221
55145414761368053677,0,247116365423263580793,0,-44456973042013235587,0,1419679574249420773,0,205793050462571742,0,-21862365467121745,0,942325266782472,0,-22088791430642,0,289618101959,0,-1891419509,0,3094873,0,16094,0,1 # steer t=19001 want_r=16 k=2 base=12T223
645421537,0,1226990830,0,-3138580324,0,1101700855,0,205811816,0,-157294417,0,17710964,0,3391106,0,-1033417,0,100393,0,-4010,0,33,0,1 # steer t=19001 want_r=16 k=2 base=12T223
3253550,0,-7684520,0,-17985784,0,26739782,0,21693778,0,-10645982,0,-4727416,0,1777232,0,211466,0,-113338,0,10588,0,-230,0,1 # steer t=19001 want_r=16 k=2 base=12T223
16922478554016824604091,0,36710144183310234476960,0,-5042609819373901443984,0,181134614999831579329,0,4046563069758454500,0,-436253204171550213,0,10132848265426525,0,-35993175410306,0,-1760439328473,0,23008045748,0,-73805862,0,-68499,0,1 # steer t=19001 want_r=16 k=2 base=12T223
24722962959249657856,0,10718708467276623872,0,-16235516815693690880,0,5187331788537766912,0,-682121859329281280,0,33844603195925504,0,169032080078336,0,-48920293458944,0,1077593712752,0,-8125144688,0,17226776,0,17308,0,1 # steer t=19001 want_r=16 k=2 base=12T223
96725806701132483538257,0,463740498604751548612086,0,-204356843568239606601291,0,35182521338335365925020,0,-3012700363951816052319,0,122462243766575552238,0,-890430879609187047,0,-94448223693686238,0,2423235023043145,0,-5761279698644,0,942530443,0,92938,0,1 # steer t=19001 want_r=16 k=2 base=12T223
6334875069827956819,0,47636856576938389684,0,125030681977680428652,0,126503472174974687226,0,23208843782321761261,0,-18341302835529369616,0,965042030795427802,0,-18258744511790698,0,144028382870695,0,-469942135678,0,557961256,0,-93182,0,1 # steer t=19001 want_r=16 k=2 base=12T223
191478045175,0,36713348083600,0,-40038419391864,0,13683176124216,0,-1232999040185,0,-240844733428,0,64688095852,0,-5898190876,0,250124161,0,-4309372,0,-4436,0,628,0,1 # steer t=19001 want_r=16 k=2 base=12T223
243623192664074663,0,291421014958572106,0,-192984581075063233,0,41089421702337120,0,-3479559493070813,0,-17294787638426,0,24871117738879,0,-1772280441830,0,47751769057,0,-347704264,0,31701,0,1730,0,1 # steer t=19001 want_r=16 k=2 base=12T223
1176936385683756373,0,5967382569583025556,0,7789657674411719968,0,171601559031930948,0,-1536871093379099415,0,-201803336954497836,0,33040371075911106,0,-1289410581459990,0,20403470082453,0,-135573370454,0,323940060,0,-71196,0,1 # steer t=19001 want_r=16 k=2 base=12T223
4143154308266280719,0,9081376427362403878,0,-5807277958845612923,0,1307788292276735800,0,-128790233489495371,0,2690088518137274,0,539292200169839,0,-46645051490770,0,1331293243895,0,-9156623844,0,6091525,0,7678,0,1 # steer t=19001 want_r=16 k=2 base=12T223
2381429,0,90476227,0,-186049370,0,100706197,0,7125717,0,-20967284,0,5025625,0,393568,0,-328745,0,50875,0,-3068,0,45,0,1 # steer t=19001 want_r=16 k=2 base=12T223
992618401916948287,0,-440235540809648428,0,-3325280305265388230,0,735509980008695494,0,-30094032353581951,0,-5971354458222186,0,872365780956812,0,-52158318059798,0,1661769924999,0,-27636211840,0,185538620,0,82870,0,1 # steer t=19001 want_r=16 k=2 base=12T223
110011838699021350617089,0,149250449932425727290554,0,-31901635986365639839789,0,2407598508442635056832,0,-69130181731845534923,0,-669646878139688870,0,95663207227384159,0,-2428036419795686,0,24702780492637,0,-74819087440,0,24100799,0,15374,0,1 # steer t=19001 want_r=16 k=2 base=12T223
13304004362746510908697,0,67569237569125200769932,0,119312779912172798678922,0,80781826813569187242156,0,7356381474824369897311,0,-8063802656118493862568,0,310502119647731532460,0,-3965178636538493832,0,19269336294612199,0,-34191800361316,0,19848877162,0,-787620,0,1 # steer t=19001 want_r=16 k=2 base=12T223
398464083699663769600,0,1594558104647729274880,0,-177385142357734344704,0,4439025245228101632,0,260380789824453376,0,-21490181050754048,0,680985326190080,0,-11853274137984,0,116185263280,0,-552337088,0,355896,0,4512,0,1 # steer t=19001 want_r=16 k=2 base=12T223
363411815019124523733,0,767172714284799789012,0,-251486741049139008432,0,29243166405989597154,0,-1309547645521613160,0,-16935085873096530,0,4113601831688055,0,-163116191920236,0,2606195066366,0,-12910986350,0,6907933,0,8318,0,1 # steer t=19001 want_r=16 k=2 base=12T223
1552035583,0,190953731,0,-4110530017,0,2360906513,0,921378640,0,-1199841487,0,435147160,0,-77651684,0,7092901,0,-259067,0,-3919,0,382,0,1 # steer t=19001 want_r=16 k=2 base=12T223
1887700271672187,0,21967548307263675,0,-7338756340638180,0,692847040062393,0,12604292514899,0,-6897583850374,0,550299453969,0,-21199709310,0,405182173,0,-2230163,0,-39134,0,437,0,1 # steer t=19001 want_r=16 k=2 base=12T223
991082860830596,0,6266053131985024,0,-3821886133591656,0,706972562433708,0,-26960067654740,0,-7737742810556,0,1273443488024,0,-89557950816,0,3366031324,0,-63935152,0,391172,0,2488,0,1 # steer t=19001 want_r=16 k=2 base=12T223
37552900412162928683767,0,168975700721819055335522,0,-83910947035612996928917,0,16173667562065118459436,0,-1546336310205762876293,0,69692968970029525082,0,-494282233562629007,0,-71934631438084990,0,2031948785020777,0,-5326750355388,0,922881981,0,91858,0,1 # steer t=19001 want_r=16 k=2 base=12T223
159127600372,0,586585941848,0,391955396256,0,-737503565748,0,-923206248188,0,-52278045828,0,139915304160,0,-27151606420,0,2037467944,0,-66477184,0,864144,0,-2604,0,1 # steer t=19001 want_r=16 k=2 base=12T223
61200331818291449,0,109212250700035294,0,-34983294093342513,0,-752540330774600,0,1434634650160727,0,-229029619020350,0,17726667797895,0,-776065565702,0,19281619474,0,-239417110,0,712031,0,8041,0,1 # steer t=19001 want_r=16 k=2 base=12T223
244443335425,0,663985562530,0,-588030984378,0,79958308826,0,44588924595,0,-13996349788,0,431464928,0,250084798,0,-21611217,0,-1001336,0,120420,0,-922,0,1 # steer t=19001 want_r=16 k=2 base=12T223
169013110195145764397198,0,292580132241983243849020,0,-61473648342824850240308,0,4553678694887570528574,0,-130111373340874189030,0,-446520251841712412,0,97920937607216992,0,-1415885531002522,0,-5414544226188,0,127930439284,0,477240014,0,-110016,0,1 # steer t=19001 want_r=16 k=2 base=12T223
833314567656,0,2557903068816,0,-1984775472120,0,596716944024,0,-92455805370,0,6912220188,0,32658213,0,-58146342,0,5843635,0,-304274,0,9120,0,-148,0,1 # steer t=19001 want_r=20 k=1 base=12T223
5026380329333927500,0,-1761891113209378800,0,-19038762268898898884,0,4136715282628560456,0,13795817952604012068,0,-6091791551021312048,0,721796077008408912,0,-30748610970641940,0,511420753362732,0,-3526759876932,0,8422198026,0,-503618,0,1 # steer t=19001 want_r=20 k=1 base=12T223
1,0,-27744,0,-2335166,0,129146036,0,5088589175,0,-85326693548,0,300503661644,0,-155135382632,0,19776293114,0,-316466860,0,1398398,0,-2212,0,1 # steer t=19001 want_r=20 k=1 base=12T223
73526885319987867,0,833472789298985034,0,-346415819071860477,0,-3399553116575644716,0,3066161581814426031,0,-916234421174220966,0,103958565126923871,0,-4381707625302582,0,65789322430627,0,-262283400112,0,187324899,0,-30626,0,1 # steer t=19001 want_r=20 k=1 base=12T223
220102960048889524,0,1899177074294156072,0,-1281741140172356036,0,343020016200566060,0,-46733923760643548,0,3144597381399348,0,-38723002076876,0,-9254879193680,0,674767016128,0,-19540776822,0,216681548,0,-83840,0,1 # steer t=19001 want_r=20 k=1 base=12T223
264355221077338175519,0,7916119282145430084742,0,51709312081826102836405,0,-107097095688087246395492,0,52628078676841715737749,0,-4920463074533889186806,0,171343083147501995176,0,-2605205745187728146,0,17716501818006457,0,-50216737861322,0,46689367318,0,-2425440,0,1 # steer t=19001 want_r=20 k=1 base=12T223
195480854871499,0,478179270484269,0,-606249749543460,0,214101154698071,0,-37654287067863,0,3907388682792,0,-256272977055,0,10850694624,0,-291833595,0,4657325,0,-35862,0,15,0,1 # steer t=19001 want_r=20 k=1 base=12T223
5419163911781167,0,-61446845886251234,0,117522383378898119,0,332151239843762008,0,-822466272476141161,0,-400971399291995806,0,1037605395915533087,0,-60696539827487266,0,801591768329915,0,-1929722554460,0,723509359,0,-60522,0,1 # steer t=19001 want_r=20 k=1 base=12T223
5582445702124604403291,0,5319753824351825256039,0,-1431610815838857854961,0,133104625838846288274,0,-6521545652781261829,0,193737221110088919,0,-3698812731165657,0,46150084502928,0,-370412509241,0,1808012943,0,-4692119,0,4359,0,1 # steer t=19001 want_r=20 k=1 base=12T223
15898737583249,0,89617146616410,0,-43677509212053,0,8008398275116,0,-631286288667,0,-2067243930,0,4995426111,0,-494661906,0,26144397,0,-851876,0,17187,0,-198,0,1 # steer t=19001 want_r=20 k=1 base=12T223
2738662893025065107,0,8725396136765200464,0,-3791105097250514147,0,628227780846490353,0,-56520574406549992,0,3127618859296897,0,-112115554639142,0,2637593601746,0,-39957194466,0,367034173,0,-1774881,0,2994,0,1 # steer t=19001 want_r=20 k=1 base=12T223
158345614428626346567411,0,165056570482341444627216,0,-29898101512427599354137,0,2206556181246854301414,0,-91255144477532637806,0,2349205687735163274,0,-39028172709944279,0,415530688461256,0,-2674807270631,0,8682806144,0,-3952574,0,-35610,0,1 # steer t=19001 want_r=20 k=1 base=12T223
67011567850046305471213,0,280729071758494033259336,0,129177519931917395663430,0,-336337803733199500374752,0,118549435686151024550951,0,-12257287820267974865744,0,366178554176999765668,0,-4233190371570387616,0,19717745719229067,0,-34435164196280,0,19863731574,0,-787648,0,1 # steer t=19001 want_r=20 k=1 base=12T223
12287246959,0,-3311925802,0,-28221327780,0,15302719562,0,12491669179,0,-11586314250,0,3546258050,0,-537545590,0,44186505,0,-1977666,0,44972,0,-426,0,1 # steer t=19001 want_r=20 k=1 base=12T223
500418024214341,0,1007644482208572,0,-986820660082650,0,356304896838921,0,-69818905029755,0,8316945805104,0,-623068390462,0,28832366165,0,-749898886,0,7394029,0,82224,0,-1877,0,1 # steer t=19001 want_r=20 k=1 base=12T223
945562735385083946841,0,-6989977796208606233424,0,-10428749785003496899182,0,50745367531389177377280,0,19530109529031427773681,0,-83665324196665718455416,0,23295354028784735683242,0,-498243541396291514712,0,2224946012898346130,0,-1265607219143216,0,71227845048,0,-685992,0,1 # steer t=19001 want_r=20 k=1 base=12T223
868388694126597746253,0,928421854778419035102,0,-307440968840464845681,0,-160620845839776345294,0,46887600780775297816,0,-3960380608866373420,0,154712890748319454,0,-3165134834144817,0,34644427704636,0,-191244084299,0,434490767,0,-157607,0,1 # steer t=19001 want_r=20 k=1 base=12T223
496957465092111,0,430256685131889,0,-846896999792058,0,408153309726024,0,-97627252449766,0,13672682868881,0,-1191850540321,0,65631479083,0,-2239161588,0,44496492,0,-444870,0,1443,0,1 # steer t=19001 want_r=20 k=1 base=12T223
6257282248591,0,13855961203526,0,-9323315808517,0,2294074333220,0,-260409388693,0,6865023622,0,1852027949,0,-267841838,0,17962643,0,-700612,0,16057,0,-198,0,1 # steer t=19001 want_r=20 k=1 base=12T223
3227077383264199427851,0,3607574883379227749913,0,-774072440127014542287,0,65673533932901832110,0,-3052486767629377701,0,86365662386823639,0,-1534654784661681,0,16728931902708,0,-99245157813,0,162401459,0,1306623,0,-5655,0,1 # steer t=19001 want_r=20 k=1 base=12T223
26572050,0,3542940,0,-249422976,0,39799026,0,238702302,0,-189455436,0,65155104,0,-12460554,0,1436940,0,-102060,0,4356,0,-102,0,1 # steer t=19001 want_r=20 k=1 base=12T223
1340645138593522895791,0,3776714521427869031982,0,-944286828239026484412,0,89160426917924914435,0,-4534274602322243226,0,141132315783364191,0,-2837505456479901,0,37393876406862,0,-317510830683,0,1640017516,0,-4497252,0,4395,0,1 # steer t=19001 want_r=20 k=1 base=12T223
30622386253448654848,0,80801275898455627776,0,-21683999755198478336,0,2416368429653044736,0,-151233085418303488,0,5885515119589504,0,-147119326232320,0,2323840435936,0,-21179992480,0,75750488,0,306800,0,-2764,0,1 # steer t=19001 want_r=20 k=1 base=12T223
168971916104717463,0,175344627102507657,0,-97316337851204145,0,-47466381579968703,0,25620108522972716,0,-4056421110506189,0,293815053511280,0,-11183782836262,0,233512349093,0,-2588855601,0,13076145,0,-16766,0,1 # steer t=19001 want_r=20 k=1 base=12T223
46718391020686607961,0,-46171847778024128544,0,11052202155826268914,0,-1179095681443902688,0,69655101643014591,0,-2529499960357184,0,59765106048156,0,-945948942784,0,10113170951,0,-72086688,0,328274,0,-864,0,1 # steer t=19186 want_r=24 k=2 base=12T117
6796728152064,0,-11657342994432,0,7443899382784,0,-2544814228480,0,536974225920,0,-75061937152,0,7211914304,0,-483833344,0,22633920,0,-723560,0,15064,0,-184,0,1 # steer t=19186 want_r=24 k=2 base=12T117
1571715497520,0,-3304032947040,0,2880133432544,0,-1366845432124,0,391177521248,0,-70765308316,0,8274024801,0,-631373870,0,31433680,0,-1004911,0,19754,0,-216,0,1 # steer t=19186 want_r=24 k=2 base=12T117
47175739993064591,0,288012508869261920,0,-37240083023727477,0,346279743809952,0,144583099297484,0,-7029800142062,0,-6130828637,0,9188954288,0,-295098255,0,3935652,0,-16200,0,-118,0,1 # steer t=19245 want_r=16 k=2 base=12T230
907746238519362847,0,4362322819582418924,0,542137653279169332,0,-21634465477539480,0,-2981485867364105,0,105339120041980,0,4033584727082,0,-262161186060,0,5442718834,0,-56776008,0,318314,0,-904,0,1 # steer t=19245 want_r=16 k=2 base=12T230
213427,0,584868,0,-182548,0,-850982,0,418738,0,182190,0,-147118,0,13706,0,11067,0,-3940,0,562,0,-38,0,1 # steer t=19245 want_r=16 k=2 base=12T230
253411831080971473,0,523304306102961780,0,308750995463980136,0,53110405258789880,0,-4399595629658781,0,-977829837528092,0,110375301883814,0,-4331763821894,0,81014798165,0,-746328888,0,3000477,0,-3328,0,1 # steer t=19245 want_r=16 k=2 base=12T230
22683169,0,-4266992,0,-58163842,0,-646988,0,12760477,0,-1678568,0,-781318,0,210108,0,-2610,0,-4932,0,732,0,-44,0,1 # steer t=19245 want_r=16 k=2 base=12T230
180043646287225,0,1278787057274520,0,-222801649329556,0,-24700684320088,0,4946277065878,0,65242203960,0,-34103020018,0,793770208,0,64685109,0,-3355952,0,58594,0,-424,0,1 # steer t=19245 want_r=16 k=2 base=12T230
1314743130047322559,0,2449692519581088098,0,-615954856298505333,0,-281370120374950,0,9955374179931387,0,-721893947618320,0,-3420742344010,0,1391407607342,0,-14525643182,0,-385877204,0,4592833,0,-4576,0,1 # steer t=19245 want_r=16 k=2 base=12T230
142457941149123124885,0,410050437112176405966,0,-86275020425675143629,0,2454904534917173026,0,522577301874010322,0,-37465852462112724,0,244770719802568,0,27249641525500,0,-204659019980,0,-2580821134,0,17598702,0,-8994,0,1 # steer t=19245 want_r=16 k=2 base=12T230
100153,0,-115848,0,-213850,0,210958,0,128273,0,-127008,0,-21173,0,31638,0,-2340,0,-2634,0,645,0,-46,0,1 # steer t=19245 want_r=16 k=2 base=12T230
4994825187436713,0,4482255969656874,0,-812229024649797,0,-124002855910080,0,28317006139509,0,-596631410928,0,-140119139196,0,7271390088,0,67940289,0,-8979552,0,148950,0,-714,0,1 # steer t=19245 want_r=16 k=2 base=12T230
9602355932480392875,0,16828146368674878780,0,-203559088283764368084,0,-75698594140695662834,0,1251461200331803946539,0,-1179372475442202182154,0,77043162134595831814,0,-657210267795739632,0,-820442146624690,0,114325949734,0,152362310,0,-25348,0,1 # steer t=19245 want_r=16 k=2 base=12T230
384981718922584873,0,248306815130050446,0,-127320453261019714,0,22336389109997500,0,-2066900044085247,0,111851738977548,0,-3524421004630,0,55928555908,0,-110708622,0,-7989854,0,44132,0,526,0,1 # steer t=19245 want_r=16 k=2 base=12T230
358886433681035074924313,0,830835663835753358838272,0,-67082366912039919817802,0,2244828355817484928000,0,-40878217988014911650,0,436846566793639936,0,-2640362580674344,0,6146023035904,0,28226887355,0,-273687040,0,934714,0,-1536,0,1 # steer t=19245 want_r=20 k=2 base=12T230
1347596288,0,5991194624,0,1514078208,0,-8736066560,0,6015569408,0,-1991561472,0,387675520,0,-47879360,0,3859632,0,-202400,0,6648,0,-124,0,1 # steer t=19245 want_r=20 k=2 base=12T230
114705915804576103417,0,-1763416038317007600444,0,-627955754208361136782,0,6297187390792061180312,0,877184295469112512941,0,-5181560208796082362852,0,146130902958561217398,0,-900031281691036436,0,1208100243033986,0,-652169267268,0,168677056,0,-20920,0,1 # steer t=19245 want_r=20 k=2 base=12T230
16351104736328125,0,2695584174307150000,0,64699042177578055874,0,-2772822347950988072004,0,18296622002111436439617,0,-7835778835304792045328,0,186711913608619598554,0,-1234060777055534780,0,1579442345251294,0,-832440409020,0,207637264,0,-23796,0,1 # steer t=19245 want_r=20 k=2 base=12T230
5734231767125833312341,0,95491751647599418033188,0,299013231032228915832116,0,-224720593158336220232764,0,33050269018262409124252,0,-485569379135016056860,0,3118348935382083502,0,-10994001216455980,0,22870474240779,0,-28276038936,0,19903724,0,-7140,0,1 # steer t=19245 want_r=20 k=2 base=12T230
13776073973,0,-4640618428,0,-41380152722,0,20199030470,0,2139201745,0,-3189542304,0,864470103,0,-118631574,0,9481292,0,-452558,0,12461,0,-178,0,1 # steer t=19245 want_r=20 k=2 base=12T230
166361,0,-705260,0,-1759974,0,9066100,0,-4478305,0,-1999000,0,2380300,0,-892600,0,179815,0,-21500,0,1530,0,-60,0,1 # steer t=19245 want_r=20 k=2 base=12T230
17405204604017,0,-63891989355320,0,92041295508094,0,-65994899934282,0,24946961168625,0,-5044920455964,0,575192357443,0,-38207242482,0,1476014460,0,-31536506,0,323609,0,-1070,0,1 # steer t=19245 want_r=24 k=2 base=12T230
182600001809736673096705,0,-536464558469370690554724,0,569444095956098021587094,0,-259637145539335303760012,0,46877605615868830354005,0,-2880873307563467007796,0,77630653199366130796,0,-984218191236720168,0,5546624893623495,0,-10805289078952,0,5757455647,0,-174216,0,1 # steer t=19245 want_r=24 k=2 base=12T230
14123171204104275,0,-15578704033566750,0,5640071735468214,0,-1031336425822302,0,113052962037672,0,-8091494005320,0,395573818914,0,-13486199652,0,321190839,0,-5247180,0,56106,0,-354,0,1 # steer t=19245 want_r=24 k=2 base=12T230
170766713,0,-621305648,0,961185226,0,-838029872,0,459712705,0,-167377124,0,41488506,0,-7053236,0,816130,0,-62720,0,3044,0,-84,0,1 # steer t=19245 want_r=24 k=2 base=12T230
32191238037909825763211,0,-89083434222151682394086,0,94522292867670899851276,0,-47501846734606163869816,0,11137012157103341341119,0,-991225755161573049476,0,22711698852537590678,0,-172923504754689264,0,311559310354650,0,-236248790626,0,86619866,0,-15110,0,1 # steer t=19245 want_r=24 k=2 base=12T230
4024173590379601,0,-6817553101638960,0,4392782575838226,0,-1386747531912820,0,234716437729413,0,-22872561380244,0,1346778883230,0,-49206925080,0,1123656462,0,-15812164,0,131136,0,-576,0,1 # steer t=19245 want_r=24 k=2 base=12T230
190432673848073,0,-267005449740798,0,145260521324347,0,-42774894816520,0,7770321720069,0,-926854019104,0,74672690756,0,-4085051704,0,149465609,0,-3516576,0,49330,0,-358,0,1 # steer t=19245 want_r=24 k=2 base=12T230
36888408055133367465757,0,-140188339491486380886998,0,208966921035751258827290,0,-152201475019996889318378,0,54159214552127251772615,0,-7804580776627657578452,0,184447742516438626172,0,-1209535435101066924,0,1589214852515227,0,-856481318550,0,215986730,0,-24490,0,1 # steer t=19245 want_r=24 k=2 base=12T230
6678106977447289,0,-21188946038235536,0,25270316098898898,0,-14006443135963536,0,3668687137439487,0,-449260174685088,0,28894221350236,0,-1042629795360,0,21403499943,0,-239465168,0,1270962,0,-2128,0,1 # steer t=19245 want_r=24 k=2 base=12T230
24882525,0,-88954020,0,138959148,0,-125709700,0,73585069,0,-29467150,0,8306808,0,-1666358,0,236764,0,-23296,0,1510,0,-58,0,1 # steer t=19245 want_r=24 k=2 base=12T230
4823162638939,0,-12440861223426,0,13590179295486,0,-8189250436674,0,2970401945286,0,-664464472422,0,90556043779,0,-7239648006,0,324048222,0,-7829824,0,97212,0,-552,0,1 # steer t=19326 want_r=24 k=2 base=12T78
56820725769063164322812,0,-113088512216392966415664,0,78051933775867564699888,0,-24816525025743954158980,0,3821548386598471845222,0,-271281008832884059192,0,9115379690231831789,0,-140735415765901630,0,944192255434445,0,-2498220333128,0,2319752391,0,-541822,0,1 # steer t=19326 want_r=24 k=2 base=12T78
143511355037733597150736,0,-295150098771069802971680,0,226996010320433512687464,0,-79289479474551726523048,0,12042773068995807637816,0,-646108034601114995912,0,15497826044639308607,0,-179728901770870474,0,1012995073266571,0,-2551557826040,0,2438621625,0,-608190,0,1 # steer t=19326 want_r=24 k=2 base=12T78
888344956408661,0,-2815856576943093,0,3624376359961863,0,-2451330669604002,0,939574027482870,0,-204599390069538,0,23979133147623,0,-1347841935780,0,33704403783,0,-362107304,0,1627023,0,-2778,0,1 # steer t=19326 want_r=24 k=2 base=12T78
4671193387042623540137,0,-15518432228918971250176,0,20573438659173714397774,0,-13795180513871248212740,0,4893137464868628528385,0,-882996156107614434428,0,74462096088002162754,0,-2341564340486574448,0,18821995521049749,0,-43630379256156,0,29088847984,0,-3936244,0,1 # steer t=19326 want_r=24 k=2 base=12T78
10817630907938231127616,0,-25046445375111453053440,0,22465224693441036251264,0,-9639919487589327959520,0,1953575188473692909312,0,-158692837718211428448,0,5735271762857278676,0,-93616387676472656,0,685198163848312,0,-2048885471356,0,2182464408,0,-583440,0,1 # steer t=19326 want_r=24 k=2 base=12T78
672916487,0,-2774195660,0,4785740290,0,-4511575884,0,2559666621,0,-914563040,0,210997142,0,-31745004,0,3096971,0,-190964,0,7024,0,-136,0,1 # steer t=19326 want_r=24 k=2 base=12T78
579630499095661553,0,-2434604990133888880,0,4119979286778338514,0,-3579662644924625016,0,1689054987052943743,0,-426092589713938400,0,54723506872176780,0,-3059042136401232,0,41491176227439,0,-185246939312,0,281981122,0,-112696,0,1 # steer t=19326 want_r=24 k=2 base=12T78
4022084930982569,0,-9669322589472636,0,9690427407611391,0,-5243073180778674,0,1657337450979222,0,-309355545035388,0,32829301873250,0,-1803081222150,0,43825748241,0,-465980802,0,2128377,0,-3390,0,1 # steer t=19326 want_r=24 k=2 base=12T78
110572848576,0,-285231689280,0,312606881712,0,-193274599488,0,75133816276,0,-19317935668,0,3356211133,0,-394317754,0,30717059,0,-1512120,0,42539,0,-538,0,1 # steer t=19326 want_r=24 k=2 base=12T78
2137393922249030166272,0,-4844171878746423990784,0,4250187803854943549696,0,-1781451707249030622976,0,351580333067646485888,0,-27697626683988196736,0,1019375024394112064,0,-18603444674809312,0,167211661506384,0,-674855338112,0,1027373928,0,-402256,0,1 # steer t=19326 want_r=24 k=2 base=12T78
21434420209,0,-77676940540,0,121181758534,0,-106326141116,0,57532002841,0,-19817421460,0,4340137638,0,-589362968,0,47585429,0,-2183520,0,52508,0,-540,0,1 # steer t=19326 want_r=24 k=2 base=12T78
14256159776881,0,-60631287697830,0,108106586590773,0,-104621171041088,0,59350961721096,0,-19839617046930,0,3714561560284,0,-345079869522,0,12965858259,0,-192477492,0,1137321,0,-2442,0,1 # steer t=19326 want_r=24 k=2 base=12T78
33089258243309731834261,0,-104284962448818177723675,0,133474813817178732653571,0,-88644006921583435024168,0,32205290213446484345067,0,-6111447157055783676675,0,501177618805369257317,0,-8335631467943949675,0,29606087824207671,0,-23250833778077,0,4563784377,0,-256716,0,1 # steer t=19326 want_r=24 k=2 base=12T78
104249,0,-604881,0,1555845,0,-2339552,0,2284038,0,-1520526,0,705591,0,-229272,0,51627,0,-7836,0,759,0,-42,0,1 # steer t=19326 want_r=24 k=2 base=12T78
20970762195169,0,-51968446264740,0,54530654649798,0,-31724173228534,0,11234894784936,0,-2500155403878,0,348184660299,0,-29304311280,0,1389703182,0,-33153374,0,330780,0,-1248,0,1 # steer t=19326 want_r=24 k=2 base=12T78
478993719597814393,0,-1155477531572690620,0,1122657379734973410,0,-575425716053282884,0,170985174933126895,0,-30266477543926904,0,3133957974922124,0,-177935759401288,0,4899922697527,0,-54994510668,0,211682290,0,-193012,0,1 # steer t=19326 want_r=24 k=2 base=12T78
191242356088564460891,0,-976747813508299774608,0,2064538689637716021129,0,-2314114795405920814110,0,1456174316194602301098,0,-494020403522977039122,0,75085631264822448478,0,-2169336403637006628,0,11367855054525243,0,-12195478608228,0,3112187775,0,-222870,0,1 # steer t=19326 want_r=24 k=2 base=12T78
596121719396090544064,0,-1319542924525223580352,0,1155051420449059722320,0,-502837726894455987968,0,112362946363739817108,0,-12235154122363264268,0,642359462571999515,0,-15421649796836986,0,161581475421539,0,-678687230452,0,1015980607,0,-387094,0,1 # steer t=19326 want_r=24 k=2 base=12T78
25804026837536777929,0,-99882668310062823318,0,158696942739959083464,0,-132746739169446665140,0,62052369700960808454,0,-15719152832912308416,0,1878987099385507213,0,-71486846939376846,0,705853029765516,0,-1513483137576,0,786908472,0,-113184,0,1 # steer t=19326 want_r=24 k=2 base=12T78
402929580362039934169,0,-1945592670903196301040,0,3863161216624172170674,0,-4036642565518070599888,0,2346335566062171044223,0,-727543547967438377760,0,99911962043428304604,0,-2572038987916349280,0,12511425962767047,0,-12852834322928,0,3196244562,0,-224208,0,1 # steer t=19326 want_r=24 k=2 base=12T78
60844238175984192991,0,-151049383843373448855,0,155281041738069166377,0,-84872472831795657304,0,26237798830754075109,0,-4468192125517026447,0,367990640997668289,0,-10037199745986609,0,81930907604649,0,-197756263961,0,148926789,0,-35628,0,1 # steer t=19326 want_r=24 k=2 base=12T78
181650739787420993,0,-721312084100955116,0,1105395374684190406,0,-804443896209122008,0,271742736803999667,0,-35084145931103984,0,2115272064432448,0,-64562012328000,0,1012266043211,0,-7790435124,0,26292794,0,-29016,0,1 # steer t=19326 want_r=24 k=2 base=12T78
795076668184888,0,-1809120071950048,0,1701188948653200,0,-859850421784056,0,255261962013908,0,-46011457742128,0,5083529479158,0,-340418668932,0,13316632742,0,-282048812,0,2806682,0,-9524,0,1 # steer t=19326 want_r=24 k=2 base=12T78
4924272531856949049049,0,-13957682565692973559494,0,16299994648799130736512,0,-10032429056266508995512,0,3436631529371136415995,0,-627459288336372008616,0,50946851620573328942,0,-928862211126078858,0,5622940810709157,0,-8593435299996,0,2228027883,0,-155004,0,1 # steer t=19326 want_r=24 k=2 base=12T78
-54044336,0,47581248,0,1188025776,0,2404490864,0,2113749936,0,1001830032,0,276378504,0,45552384,0,4476816,0,257444,0,8412,0,144,0,1 # steer t=19349 want_r=2 k=2 base=12T83
-460104309113,0,-4152594514066,0,964015910665,0,-652504403819,0,259938337343,0,-25011592343,0,-3191793619,0,587140769,0,3319399,0,-4519826,0,208151,0,-733,0,1 # steer t=19349 want_r=2 k=2 base=12T83
-36437423,0,112303692,0,-76173771,0,-242200813,0,543221451,0,-422153253,0,126584223,0,-4976748,0,389844,0,-26566,0,756,0,48,0,1 # steer t=19349 want_r=2 k=2 base=12T83
-141017,0,853169,0,9065274,0,-85531271,0,93860872,0,-50515926,0,16973535,0,-3980773,0,563586,0,-41792,0,2343,0,-38,0,1 # steer t=19349 want_r=2 k=2 base=12T83
-3611,0,-66885,0,-388033,0,-911101,0,1401675,0,-507621,0,96415,0,-54497,0,23770,0,-4613,0,477,0,-30,0,1 # steer t=19349 want_r=2 k=2 base=12T83
-5281649750016,0,-14606725824512,0,-8096919513088,0,-2149274155008,0,-333067558144,0,-31942309888,0,-1821976064,0,-43673856,0,1656112,0,180576,0,6808,0,128,0,1 # steer t=19349 want_r=2 k=2 base=12T83
-1801,0,-6453,0,18241,0,-4327,0,-15454,0,11932,0,2042,0,-8321,0,5537,0,-1648,0,276,0,-24,0,1 # steer t=19349 want_r=2 k=2 base=12T83
-1121413,0,-2686467,0,745969,0,1908960,0,-116205,0,-406149,0,-38984,0,11920,0,11398,0,486,0,231,0,4,0,1 # steer t=19349 want_r=2 k=2 base=12T83
-4040527801642217,0,-13241257525694614,0,-4814969834622502,0,-806163080292174,0,-78703216994481,0,-4876635820764,0,-195966720972,0,-4928140476,0,-65092231,0,19546,0,14874,0,210,0,1 # steer t=19349 want_r=2 k=2 base=12T83
-18015743844574915,0,-49879496130686602,0,20260610203826165,0,-3084774491902648,0,217516123735231,0,-5436592103664,0,-105810662061,0,-145335132,0,843208171,0,-40125748,0,619367,0,-1196,0,1 # steer t=19349 want_r=2 k=2 base=12T83
-8156538049007,0,942463686513,0,6117253818984,0,-4423041868576,0,1335251233548,0,-196854887412,0,12212416923,0,-19503009,0,-10963161,0,-58051,0,7791,0,117,0,1 # steer t=19349 want_r=2 k=2 base=12T83
-8632763830286107042,0,-63622135151101759316,0,-10099542774795561384,0,-712905399523504476,0,-29007058941652792,0,-738388361486404,0,-11754583413090,0,-102953898444,0,-107736440,0,8430350,0,98256,0,496,0,1 # steer t=19349 want_r=2 k=2 base=12T83
-52815775,0,-190996740,0,-252719566,0,-147688196,0,-43476401,0,-19287016,0,-11387108,0,-1971976,0,477231,0,24300,0,6098,0,12,0,1 # steer t=19349 want_r=2 k=2 base=12T83
-22919139067,0,-40726515166,0,-82422208959,0,-53004172815,0,85710721728,0,86340715244,0,29363921418,0,-1314854016,0,-30267387,0,706959,0,20496,0,-9,0,1 # steer t=19349 want_r=2 k=2 base=12T83
-71477021440049,0,-123233728534153,0,108251934566081,0,-36677970531684,0,7038992807100,0,-859219198599,0,69705286095,0,-3788313833,0,135089466,0,-2990314,0,36878,0,-220,0,1 # steer t=19349 want_r=2 k=2 base=12T83
-88868177,0,-316178569,0,-399308355,0,-186321737,0,12160411,0,32581424,0,6043735,0,-526254,0,-129918,0,202,0,1377,0,69,0,1 # steer t=19349 want_r=2 k=2 base=12T83
-1926524,0,-2990120,0,8421584,0,23926167,0,24720198,0,14218710,0,5150125,0,1235778,0,199562,0,21451,0,1470,0,58,0,1 # steer t=19349 want_r=2 k=2 base=12T83
-328846091011,0,-2667917161419,0,-7366352080654,0,-7466052572459,0,-1565274795590,0,182282046701,0,26353193602,0,-7945077130,0,793663245,0,-34541331,0,445220,0,1380,0,1 # steer t=19349 want_r=2 k=2 base=12T83
-21068011993,0,-96414940796,0,138671837965,0,-71078782042,0,17816119305,0,-2419082298,0,243803022,0,-34562886,0,4282779,0,-253212,0,6346,0,-72,0,1 # steer t=19349 want_r=2 k=2 base=12T83
-24335468002459008,0,-85237131668693439744,0,-582136336461789406080,0,312982517596896688384,0,5233089173984344404800,0,2432323327613298299808,0,163411966567739939792,0,3524360671491722768,0,32348895610957192,0,126480488893988,0,156073055868,0,3385844,0,1 # steer t=19349 want_r=2 k=2 base=12T83
-125,0,-553,0,-1193,0,-1834,0,-2374,0,-1795,0,461,0,1657,0,762,0,172,0,108,0,-8,0,1 # steer t=19349 want_r=2 k=2 base=12T83
-86767201,0,224938731,0,193451221,0,-1264864556,0,1339198157,0,-714762490,0,298985343,0,-43770852,0,2628765,0,-28483,0,-2382,0,33,0,1 # steer t=19349 want_r=2 k=2 base=12T83
-7266304,0,-28631040,0,-38051840,0,-20984832,0,-1443840,0,4446208,0,2734080,0,836480,0,156000,0,18448,0,1352,0,56,0,1 # steer t=19349 want_r=2 k=2 base=12T83
-11636502221029639,0,-21315277402434774,0,-5613984100656436,0,-653275819097232,0,-38870428129469,0,-885731805792,0,35210077708,0,3578143624,0,137518607,0,3055890,0,40952,0,308,0,1 # steer t=19349 want_r=2 k=2 base=12T83
-30725,0,-1388551,0,56259633,0,-519596547,0,655688580,0,-365905440,0,110557280,0,-19233993,0,1995741,0,-140238,0,7586,0,-154,0,1 # steer t=19349 want_r=2 k=2 base=12T83
163279895354977826449,0,-569933176481808634552,0,773945097741999697836,0,-513926896738950193548,0,172481438884091590830,0,-27651547401835482460,0,1844475037438953506,0,-39374539595782092,0,318833536041325,0,-984535319176,0,794288158,0,-190204,0,1 # steer t=19373 want_r=24 k=2 base=12T126
3297822392406218117833,0,-5564523172916628657100,0,3274922149719620199276,0,-945674087883675198864,0,148701474203061833486,0,-12807513271214672336,0,557611097838740438,0,-10066818320435364,0,82178023711137,0,-331714863844,0,648978094,0,-491396,0,1 # steer t=19373 want_r=24 k=2 base=12T126
15677367731,0,-71683145818,0,135789669026,0,-137773357380,0,81023444229,0,-28104394266,0,5688901798,0,-660749022,0,43938564,0,-1643590,0,32586,0,-300,0,1 # steer t=19373 want_r=24 k=2 base=12T126
801655993,0,-2872016436,0,4334051784,0,-3637220872,0,1888006302,0,-638102268,0,143888730,0,-21789036,0,2194461,0,-142744,0,5646,0,-120,0,1 # steer t=19373 want_r=24 k=2 base=12T126
1059173116965739203041,0,-3161697057368108565752,0,3704433977867120131118,0,-2183654974280872766864,0,687989595961013477361,0,-113477054051096709036,0,8861920390149584818,0,-272077770986939748,0,3130076160144814,0,-12560010169064,0,6810083460,0,-993156,0,1 # steer t=19373 want_r=24 k=2 base=12T126
483222337358318919368,0,-495711100765869300368,0,121576114670985353096,0,-12533886669203718160,0,706565578135902904,0,-24494687372731112,0,551656868225840,0,-8229023160144,0,80633117630,0,-499058016,0,1784384,0,-2984,0,1 # steer t=19373 want_r=24 k=2 base=12T126
89108471405611421,0,-278982176744707490,0,363264770205167083,0,-253872080464492914,0,102156936652663865,0,-23462491524302938,0,2834996634683708,0,-149411541683316,0,2964557068950,0,-23257121620,0,59664637,0,-15178,0,1 # steer t=19373 want_r=24 k=2 base=12T126
174529273,0,-619991696,0,966438894,0,-869472460,0,499734581,0,-191946356,0,50118432,0,-8886420,0,1052820,0,-80664,0,3770,0,-96,0,1 # steer t=19373 want_r=24 k=2 base=12T126
766472438213389319,0,-851944005417568740,0,332364969169116838,0,-63484722066631896,0,6998944727299487,0,-483555040895352,0,21737098294600,0,-640205001448,0,12097735905,0,-138770916,0,865186,0,-2336,0,1 # steer t=19373 want_r=24 k=2 base=12T126
1166534679312737471,0,-5678055700817723642,0,11289242455129584897,0,-11702401500000196570,0,6660580827020712640,0,-1986102141019285424,0,256504590832945188,0,-6360609528488832,0,57602043006600,0,-202659853286,0,250012548,0,-30800,0,1 # steer t=19373 want_r=24 k=2 base=12T126
266560600388067899,0,-701436777596039258,0,765902780458884860,0,-446003539526060184,0,147637527947552343,0,-27180622288134102,0,2478625747844575,0,-82975732420194,0,1182273202860,0,-7338985652,0,17556567,0,-7944,0,1 # steer t=19373 want_r=24 k=2 base=12T126
293552210783226601,0,-598736686776372942,0,508601534752853239,0,-237401424309218194,0,67063609939198515,0,-11815155031179310,0,1280507455012576,0,-80271192073718,0,2531054820883,0,-30061954328,0,118225714,0,-21488,0,1 # steer t=19373 want_r=24 k=2 base=12T126
269555381748136290379,0,-715181254073458026854,0,786312719528386975652,0,-459129331067212817782,0,150784625114525797775,0,-26789081778636466262,0,2157395358355702400,0,-37879700761962650,0,246591578428745,0,-619787908400,0,544128993,0,-45486,0,1 # steer t=19373 want_r=24 k=2 base=12T126
8808539438362624,0,-24536032359137280,0,28626479625817088,0,-18051793343995904,0,6606558527243520,0,-1394967782534656,0,157972672178048,0,-8215916225280,0,188897594448,0,-1891761712,0,6879456,0,-5304,0,1 # steer t=19373 want_r=24 k=2 base=12T126
40633864687065176710967,0,-118301674044553919253544,0,134883583232751003786146,0,-77064459377115607466968,0,23139348284748642238416,0,-3452189769892253463276,0,215998191517329518344,0,-5019987463356407916,0,39263664131921101,0,-101055772706932,0,27579742482,0,-1989348,0,1 # steer t=19373 want_r=24 k=2 base=12T126
2753841988924141840207,0,-6277693877594824162324,0,5546116856580401165268,0,-2593917683120738427812,0,717301195147587605897,0,-121827451432655045784,0,12650492019095729038,0,-769696684103042360,0,24914120732207324,0,-330123641953732,0,59969479892,0,-2738672,0,1 # steer t=19373 want_r=24 k=2 base=12T126
2153455029043115371399,0,-4290374327184605882852,0,3494464336394299306332,0,-1504897897546499105832,0,369103514935751415562,0,-51695417501865599848,0,3947018871739713008,0,-150123932895891652,0,2368052271010759,0,-13159669075504,0,7062506670,0,-996324,0,1 # steer t=19373 want_r=24 k=2 base=12T126
1772529971453504,0,-5279019450094592,0,6136170976135552,0,-3572569172550976,0,1122552000323104,0,-195772782755520,0,19118038986816,0,-1044549142608,0,30884171844,0,-449626024,0,2583580,0,-5160,0,1 # steer t=19373 want_r=24 k=2 base=12T126
1184593054488473,0,-4228628638158092,0,6017218282529914,0,-4361407843757676,0,1716161357671327,0,-367540153834584,0,42297275409484,0,-2593829589496,0,81281694887,0,-1164616732,0,5601114,0,-8732,0,1 # steer t=19373 want_r=24 k=2 base=12T126
4399149829470698395144,0,-13205943110113361582480,0,16191629170880256049288,0,-10405442838816246136176,0,3720312324421047443048,0,-718297204068351356872,0,65944447168394101536,0,-2154598883601208048,0,22097324287833422,0,-72544907669304,0,23023716652,0,-1919132,0,1 # steer t=19373 want_r=24 k=2 base=12T126
344207757413210628721,0,-1302726255713866696552,0,1940929244124801999774,0,-1436535410939453673940,0,548422804931885626373,0,-102132809554353206596,0,8092656682455048706,0,-261077773194862192,0,3208663908043362,0,-13727013586684,0,7157942932,0,-996176,0,1 # steer t=19373 want_r=24 k=2 base=12T126
170596558002239373449,0,-412242822284494283756,0,399096420646621257038,0,-205376000018411482748,0,61652904896108638641,0,-10998530312487605388,0,1123142526063345454,0,-58785332399295024,0,1241391756597262,0,-9031150854272,0,5821025316,0,-980340,0,1 # steer t=19373 want_r=24 k=2 base=12T126
15400340313464080512721,0,-36731932645545065656996,0,34730838695260998587810,0,-16987214980513260329780,0,4640664993025804627663,0,-702203928632919807432,0,53516539536799861916,0,-1600149617203067912,0,16631600231418303,0,-57338535675028,0,20118036066,0,-1858500,0,1 # steer t=19373 want_r=24 k=2 base=12T126
1304190484282969969,0,-2161506269867675948,0,1407294929801190496,0,-480114025443152140,0,94339791548726103,0,-10893075261958160,0,717927965793408,0,-25253862928592,0,451339897863,0,-3776814180,0,12046120,0,-13028,0,1 # steer t=19373 want_r=24 k=2 base=12T126
29033822070561781,0,-86392249284449710,0,102667036789158397,0,-62902529079963000,0,21432427081029732,0,-4043316123559680,0,389660308514498,0,-15981435190210,0,296556009696,0,-2480337700,0,8172036,0,-5400,0,1 # steer t=19373 want_r=24 k=2 base=12T126
3310082079357650669,0,-9872056930408394040,0,11568037834549806501,0,-6708373084239994758,0,1996105780577964324,0,-291042234504946584,0,19640101353317858,0,-539959361444370,0,5763081894438,0,-26611893566,0,52014666,0,-36264,0,1 # steer t=19377 want_r=24 k=2 base=12T164
85611015793408606264,0,-73193751910452156780,0,13155768581747686620,0,-1127347978980967337,0,57265722595274181,0,-1897329052078212,0,42973365048324,0,-678816727506,0,7478071218,0,-56289408,0,275568,0,-789,0,1 # steer t=19377 want_r=24 k=2 base=12T164
7955636256592868906208,0,-7108705489766484131496,0,2053101490864755409584,0,-283535757809460742976,0,21158385895779035712,0,-874890466246698114,0,19252750657054748,0,-205694713288692,0,1096741414752,0,-3055557917,0,4527918,0,-3381,0,1 # steer t=19377 want_r=24 k=2 base=12T164
14083958093098555129,0,-21016854602375264512,0,8292469891497770644,0,-1419492807171275284,0,125588693915156294,0,-6253596023504132,0,186949696213218,0,-3472731878540,0,40195478501,0,-280246560,0,1076318,0,-1868,0,1 # steer t=19377 want_r=24 k=2 base=12T164
333510236568997888,0,-302013708754448384,0,82316689599662080,0,-11155559017186304,0,908167572910592,0,-48642838089472,0,1796050464000,0,-46677121408,0,854855696,0,-10825200,0,90368,0,-448,0,1 # steer t=19377 want_r=24 k=2 base=12T164
145088086892489137,0,-453604412085128706,0,539554759592246265,0,-299010356190977656,0,74833606689390144,0,-6866583104055528,0,303210465892566,0,-7186251773358,0,94390129368,0,-680787184,0,2534880,0,-4008,0,1 # steer t=19377 want_r=24 k=2 base=12T164
19606646665959882767113,0,-41791624429104226790768,0,35109605614165079266964,0,-14658722104997618141764,0,3146049433313474997334,0,-323546111977242690412,0,13274467639537223762,0,-196737245285481628,0,978400534257333,0,-1812502409224,0,1304495838,0,-287652,0,1 # steer t=19382 want_r=24 k=2 base=12T166
1981125423117,0,-3213111417876,0,2154141886518,0,-803736409320,0,188712625824,0,-29700907794,0,3238567920,0,-247920264,0,13278735,0,-486702,0,11610,0,-162,0,1 # steer t=19382 want_r=24 k=2 base=12T166
49067260999625473,0,-156671558947399364,0,184589890980214690,0,-97709489414200980,0,23328661435381359,0,-2770696222641800,0,171601660302300,0,-5622490000456,0,96843126639,0,-861251508,0,3705762,0,-6180,0,1 # steer t=19382 want_r=24 k=2 base=12T166
1165573242577,0,-1802682105052,0,1152830688642,0,-418230565980,0,97643731215,0,-15619626552,0,1767114908,0,-143097752,0,8257407,0,-331884,0,8834,0,-140,0,1 # steer t=19382 want_r=24 k=2 base=12T166
1457889445844705101333,0,-3356937142746926310720,0,2964949164125417802316,0,-1251456756610468511780,0,254382042163316384559,0,-22405189105444267466,0,886608415368394150,0,-15956510347094438,0,120193346484474,0,-360028896624,0,415866528,0,-147402,0,1 # steer t=19382 want_r=24 k=2 base=12T166
1941029352311330679921,0,-7588962253715194888092,0,11803949633583934571220,0,-9230942762939675994244,0,3762245852340420123594,0,-743679194971653558108,0,56832118464332498942,0,-417794626286192768,0,1129631439836829,0,-1286888774652,0,563201238,0,-45128,0,1 # steer t=19382 want_r=24 k=2 base=12T166
482722336945391000944,0,14561156620958186736,0,-397097539316836089564,0,203102626216804788704,0,-34251169788573918939,0,1102223177660566197,0,95542571558182497,0,603315507508092,0,-10664860710843,0,18998543288,0,8267355,0,-8907,0,1 # steer t=19410 want_r=16 k=1 base=12T235
489061673,0,1194476068,0,151456404,0,-1364080310,0,-517992608,0,510832296,0,121252427,0,-82730512,0,13675028,0,-1009198,0,34940,0,-480,0,1 # steer t=19410 want_r=16 k=1 base=12T235
14972759863456185924624,0,393582782139088534958784,0,-421161483104766922416269,0,162529541481353116280360,0,-26174796196166380264997,0,1165719562777106678187,0,60653483997219236783,0,375987795683274692,0,-2519529728245276,0,1836216310338,0,234220078,0,-52021,0,1 # steer t=19410 want_r=16 k=1 base=12T235
354827417744,0,3400985565312,0,-1946395386328,0,-474351440240,0,259394295993,0,28462817212,0,-8168647006,0,-250109936,0,87630019,0,-3367632,0,52442,0,-372,0,1 # steer t=19410 want_r=16 k=1 base=12T235
472263801361,0,769536852576,0,48891286508,0,-126674942308,0,25297065524,0,-1219780696,0,-149993166,0,20502944,0,-597196,0,-37500,0,3344,0,-96,0,1 # steer t=19410 want_r=16 k=1 base=12T235
378917433,0,1482762905280,0,200825140233816,0,6048720934512912,0,17486989721181900,0,-10167777767117538,0,1501723108368702,0,-58277332734192,0,924363219924,0,-6751662228,0,21714453,0,-23694,0,1 # steer t=19410 want_r=16 k=1 base=12T235
59130739467080887208887,0,146839232458724227654976,0,124860179551773534027804,0,39339758394721349968262,0,798290725798272802008,0,-1054926598593552733340,0,50167532700193348781,0,-697565088140165388,0,3664361449934082,0,-7447212517166,0,4232525210,0,-593404,0,1 # steer t=19410 want_r=16 k=1 base=12T235
2096,0,36884,0,-97479,0,64280,0,18966,0,-37426,0,11463,0,2440,0,-2061,0,329,0,29,0,-13,0,1 # steer t=19410 want_r=16 k=1 base=12T235
260629508702656,0,743652335827824,0,-195844677606357,0,9722723278262,0,1766282856669,0,-268817630103,0,13945707015,0,-184524732,0,-10451070,0,425084,0,-3138,0,-75,0,1 # steer t=19410 want_r=16 k=1 base=12T235
1861647213015503610304,0,139328948702866099574080,0,74785401214375214302848,0,-7463872127015538175016,0,280534788978583673635,0,-5303653049916105240,0,52801365312351878,0,-250060521947996,0,289919388125,0,1138241220,0,-1154022,0,-1068,0,1 # steer t=19410 want_r=16 k=1 base=12T235
12840455599793476,0,-45365535659665860,0,-194713957827240435,0,-197990175676432306,0,-73716530121909279,0,-6158971732205817,0,1072805445067821,0,-38689137723618,0,496998531540,0,-2524691962,0,5163342,0,-4167,0,1 # steer t=19410 want_r=16 k=1 base=12T235
5617631906630512381521,0,-18406827097140513380418,0,7212922328129130927833,0,33028965106902796764583,0,-40598345054628136759530,0,12187869329822364842947,0,870961664665535867483,0,12878314835412404210,0,-22120984035436452,0,3348945246386,0,1717782358,0,-111578,0,1 # steer t=19410 want_r=16 k=1 base=12T235
105187775332109,0,1237653148354920,0,4457485551801838,0,4311246680615240,0,-1130636084335417,0,-977257524217328,0,130360786638100,0,-5711326079088,0,101916346507,0,-757219704,0,2300062,0,-2776,0,1 # steer t=19410 want_r=16 k=1 base=12T235
951274995375296,0,3648004418313280,0,1512848378534976,0,-1691725361926568,0,478262601955143,0,-65885687804872,0,4920767433956,0,-191549692280,0,2995307600,0,5262312,0,-111248,0,-32,0,1 # steer t=19410 want_r=16 k=1 base=12T235
23373989834753984,0,271078965288719152,0,109652083247874268,0,643805778625522,0,-2118071240328959,0,21399629469476,0,12088424865141,0,-671661980752,0,14683856242,0,-151829930,0,736528,0,-1522,0,1 # steer t=19410 want_r=16 k=1 base=12T235
9445761504450544177,0,701300193718921891406,0,9144037106471239804029,0,29827522289170874974398,0,15623235644530813133516,0,-3283748735048622877286,0,127723857601768002299,0,-1065021164315884052,0,3390773587574205,0,-4742920013930,0,2749675806,0,-484200,0,1 # steer t=19410 want_r=16 k=1 base=12T235
41308389376,0,-5739236847232512,0,22825202044249634567,0,-22998770852305170316189,0,-27899375482798422999231,0,27719396776751561087699,0,1109521764774118800230,0,9501717217446949739,0,-20860766527142280,0,5213133475058,0,1272542903,0,-100725,0,1 # steer t=19410 want_r=16 k=1 base=12T235
80014376512436273879321,0,78709672651692550565510,0,-34425131357381261112447,0,5244688523583786489852,0,-393074255872683945680,0,15346720007313044172,0,-294337434393647940,0,2305474944741638,0,-3958131481093,0,-22880125958,0,52359723,0,72374,0,1 # steer t=19410 want_r=16 k=1 base=12T235
811,0,-8174,0,20232,0,11398,0,-46061,0,-10348,0,17000,0,748,0,-2303,0,250,0,80,0,-18,0,1 # steer t=19410 want_r=16 k=1 base=12T235
3728367701570224,0,-18778088519915992,0,8057428343850280,0,16486872462093454,0,-13297081900981841,0,1690280095545016,0,438491557368473,0,8853846343289,0,-539970398207,0,2736040739,0,2063260,0,-4805,0,1 # steer t=19410 want_r=16 k=1 base=12T235
454316991082496,0,34970557749485568,0,16132577469818880,0,-25910179870462976,0,-18983304932236288,0,-2378579152275328,0,366677275740608,0,-13864390269184,0,200407384656,0,-1209427336,0,3072352,0,-3168,0,1 # steer t=19410 want_r=16 k=1 base=12T235
64832019436,0,9648409548,0,-140219836377,0,102728629786,0,-18737848629,0,-3282142509,0,903713631,0,29015100,0,-7547382,0,193216,0,3396,0,-141,0,1 # steer t=19410 want_r=16 k=1 base=12T235
6918929,0,-25208270,0,24036849,0,15796784,0,-43847628,0,29145168,0,-7172000,0,185866,0,159439,0,-14474,0,-745,0,82,0,1 # steer t=19410 want_r=16 k=1 base=12T235
1634010734117583290384,0,2914627309773593453216,0,-1515350600439359490112,0,-23441396343918468720,0,38391424465987483036,0,2919491166519716464,0,25894740810719120,0,-1476643988167872,0,11233949149886,0,-23962417072,0,20850680,0,-7680,0,1 # steer t=19410 want_r=16 k=1 base=12T235
3481551104,0,1375106987184,0,80702529449769,0,1462212744777258,0,5368599172367575,0,-4947627785393575,0,813123388420731,0,-42830449773262,0,577788415067,0,-2920565841,0,6078258,0,-4668,0,1 # steer t=19410 want_r=16 k=1 base=12T235
183961,0,-687172,0,707916,0,286802,0,-1212404,0,1157136,0,-588945,0,179404,0,-32544,0,3070,0,-48,0,-16,0,1 # steer t=19410 want_r=20 k=1 base=12T235
242992188977152,0,661782258081792,0,-441975993053184,0,116760103776256,0,-17221778002944,0,1591080403712,0,-96298300288,0,3837291392,0,-97086144,0,1381152,0,-6092,0,-92,0,1 # steer t=19410 want_r=20 k=1 base=12T235
121058071,0,238435140,0,-1150447248,0,1048848350,0,-425648556,0,85570020,0,-5726649,0,-1122516,0,316170,0,-35542,0,2184,0,-72,0,1 # steer t=19410 want_r=20 k=1 base=12T235
53836499593534491,0,-81624399844244652,0,-549946240824757448,0,1013937746141082571,0,94766102490685858,0,-47171429508437947,0,2716937824809048,0,-61364015092497,0,630597806078,0,-2884981519,0,5504412,0,-4252,0,1 # steer t=19410 want_r=20 k=1 base=12T235
13744246887384440576,0,5240059840351739872,0,-7062913095450815889,0,1422272934758718776,0,-128440745312155732,0,6299370180155246,0,-175313044133480,0,2651257710843,0,-17983075037,0,7003910,0,428876,0,-1341,0,1 # steer t=19410 want_r=20 k=1 base=12T235
4411954965409766840641,0,4429092969682201894044,0,-678478129991128695696,0,43775037660566965022,0,-1629762357021581596,0,39048374190243820,0,-629927359785353,0,6917603210552,0,-50763569504,0,234241250,0,-576636,0,328,0,1 # steer t=19410 want_r=20 k=1 base=12T235
81074383801,0,-366431459126,0,152619529229,0,644188539842,0,-369974696056,0,-250421842850,0,77686350587,0,-8108346268,0,414964991,0,-11337110,0,160274,0,-972,0,1 # steer t=19410 want_r=20 k=1 base=12T235
55744056595666871,0,-6636324787049221,0,-87776308524695205,0,85776182226933976,0,-36453849209285296,0,8177242943165393,0,-968754222980648,0,52638248116731,0,-774142363286,0,2438655148,0,2886659,0,-5027,0,1 # steer t=19410 want_r=20 k=1 base=12T235
93809,0,-358500,0,308538,0,369624,0,-774991,0,334362,0,198444,0,-264066,0,114849,0,-24538,0,2555,0,-110,0,1 # steer t=19410 want_r=20 k=1 base=12T235
678118716,0,2742235560,0,440741736,0,-3628679148,0,2627857647,0,-926754372,0,195078942,0,-26378136,0,2352159,0,-137700,0,5094,0,-108,0,1 # steer t=19410 want_r=20 k=1 base=12T235
800112006653009,0,14445535295235412,0,-10520866386732970,0,-3926374276874530,0,5474342968992081,0,-1954767129348912,0,329165837035567,0,-27637528191370,0,1069803265200,0,-17898895422,0,103711165,0,-136382,0,1 # steer t=19410 want_r=20 k=1 base=12T235
875905746889424,0,-3364805464914572,0,1111185633818389,0,8197861039876693,0,-8861637291778381,0,721297108190124,0,1274031748261201,0,-251542332252870,0,4424163860384,0,-19517339920,0,25562752,0,-10646,0,1 # steer t=19410 want_r=20 k=1 base=12T235
95302783089,0,224025764904,0,-170643047895,0,24235599168,0,10275916932,0,-4794516360,0,911530665,0,-100986912,0,7086123,0,-319680,0,9000,0,-144,0,1 # steer t=19410 want_r=20 k=1 base=12T235
120658024479554619021,0,139029025730130611997,0,-79113565844347980410,0,13167045530895327422,0,-1081361190753986387,0,50702613024420318,0,-1415239968235228,0,23001577742159,0,-195889185031,0,611985255,0,709858,0,-2671,0,1 # steer t=19410 want_r=20 k=1 base=12T235
1243006869669251653129,0,-8337381871391904176470,0,5421018889127915282625,0,28365341049149973844748,0,-21590859428024174954712,0,-20280773796675831261024,0,2267513779270497156370,0,-20836646596133027718,0,61032921636421020,0,-71070855925332,0,30219141888,0,-3197772,0,1 # steer t=19410 want_r=20 k=1 base=12T235
37574336,0,-13256312,0,-81233001,0,55745985,0,24074433,0,-38894365,0,18031815,0,-4442300,0,651920,0,-58262,0,3076,0,-87,0,1 # steer t=19410 want_r=20 k=1 base=12T235
119388890822823936,0,108667652493864960,0,-31019831571731456,0,3270623601239552,0,-166531762271232,0,3010731464192,0,122246412736,0,-9610815520,0,300479696,0,-5462512,0,60060,0,-372,0,1 # steer t=19410 want_r=20 k=1 base=12T235
18849413651881536,0,-147848935089048120,0,-33663709793016783,0,1585492159878658737,0,-303505287849697019,0,-171477111369629078,0,18615029887665453,0,-605179627768070,0,6699895828632,0,-24377235743,0,28063220,0,-10890,0,1 # steer t=19410 want_r=20 k=1 base=12T235
2943317908324,0,15080813667120,0,3198056532789,0,-6380109453533,0,2165405838651,0,-360539774019,0,35326157703,0,-2178869940,0,86456412,0,-2185934,0,33690,0,-285,0,1 # steer t=19410 want_r=20 k=1 base=12T235
1313481372898225,0,1166497348123150,0,-458837983535735,0,-52250364878410,0,46789516981997,0,-9483078623490,0,999907150424,0,-62114866666,0,2304624265,0,-48572848,0,512656,0,-2120,0,1 # steer t=19410 want_r=20 k=1 base=12T235
329632081,0,117688704,0,-14097274372,0,7575844388,0,549119924,0,-1295560984,0,399823794,0,-60791584,0,5324804,0,-279300,0,8624,0,-144,0,1 # steer t=19410 want_r=20 k=1 base=12T235
2668400699734444,0,4104223405378164,0,-2109456874652925,0,420096449312788,0,-46139947633044,0,3111114458844,0,-132352113954,0,3405389256,0,-41737284,0,-227792,0,15696,0,-210,0,1 # steer t=19410 want_r=20 k=1 base=12T235
221241331681,0,340659304044,0,-522878622696,0,268789822006,0,-74518505424,0,12694767660,0,-1391297313,0,97844292,0,-4134564,0,79210,0,888,0,-72,0,1 # steer t=19410 want_r=20 k=1 base=12T235
539775032223276448757831,0,-999347155630873364971099,0,736602104200347459010231,0,-278667542611897252869527,0,58280718988940346142930,0,-6712981852028053964142,0,392308538323345822187,0,-9051573036136801109,0,13835444072710065,0,-6381974824840,0,931656749,0,-52298,0,1 # steer t=19419 want_r=24 k=2 base=12T236
932783438216881,0,-1909401991767624,0,1589670451073632,0,-695632291726416,0,173823333025366,0,-25563774728600,0,2239023463058,0,-116883148216,0,3584488597,0,-61166000,0,501430,0,-1280,0,1 # steer t=19419 want_r=24 k=2 base=12T236
171349,0,-954689,0,2348351,0,-3364768,0,3120797,0,-1969733,0,865870,0,-266725,0,57103,0,-8288,0,775,0,-42,0,1 # steer t=19419 want_r=24 k=2 base=12T236
897127999902599,0,-1367127609956964,0,735669266619538,0,-178585829527662,0,24632011590540,0,-2165121398265,0,128574607060,0,-5299341877,0,152292722,0,-3000089,0,38670,0,-294,0,1 # steer t=19419 want_r=24 k=2 base=12T236
17043276287793270626269,0,-47905042164962649814435,0,52964827991655203525595,0,-29943205332926737361002,0,9382596714024522573768,0,-1630974179095796652375,0,145713117907476780838,0,-5255686121576158127,0,9247460080457489,0,-4819136111676,0,777010534,0,-47830,0,1 # steer t=19419 want_r=24 k=2 base=12T236
197728075399781352065699,0,-350727929473094441332986,0,237269373159257247584213,0,-75409865103902640709958,0,11091382928566247516926,0,-640797508409279504768,0,15485508597694100231,0,-150948455302708850,0,698204786367527,0,-1554655712930,0,1373855304,0,-72978,0,1 # steer t=19419 want_r=24 k=2 base=12T236
45551175970238464,0,-72274100692770816,0,36437413193207808,0,-6589183144552448,0,633518879816192,0,-37817399182464,0,1506638323456,0,-41398177120,0,790430720,0,-10326232,0,88184,0,-444,0,1 # steer t=19419 want_r=24 k=2 base=12T236
648132643333233959,0,-1007123608232941435,0,635045654540602798,0,-215562792386274706,0,43294397451636185,0,-5254592540920605,0,372396516496088,0,-13819886114116,0,209368075445,0,-1288638640,0,3031373,0,-2938,0,1 # steer t=19419 want_r=24 k=2 base=12T236
42665082142890156667261,0,-72436379263000527265992,0,46492733266560433681935,0,-13907783545986877857404,0,1937354114335154603086,0,-115336713530638441468,0,3050515165605165352,0,-35614500845497924,0,204241307008080,0,-573046112776,0,645599446,0,-49916,0,1 # steer t=19419 want_r=24 k=2 base=12T236
236665449153279,0,-503406260011926,0,445529096566695,0,-213386075806368,0,60312965425238,0,-10336913488992,0,1074188259188,0,-66935002676,0,2432618357,0,-48278882,0,448163,0,-1236,0,1 # steer t=19419 want_r=24 k=2 base=12T236
37106449220954903582951,0,-73457670621212829148394,0,53462051210419565477889,0,-18468321084267261282586,0,3182665166413394015850,0,-254688980708843396796,0,7535924701576983067,0,-94996560585859290,0,548170790078951,0,-1382830535934,0,1270843532,0,-72770,0,1 # steer t=19419 want_r=24 k=2 base=12T236
8079618238044021964109,0,-30020017219021146602439,0,44597752078722558945297,0,-33803581247236989349424,0,13839890745632708781219,0,-2978247343824957768653,0,294383194384384403590,0,-8530242873842867495,0,13417742120868079,0,-6299817276272,0,926405801,0,-52192,0,1 # steer t=19419 want_r=24 k=2 base=12T236
244185539041135050123659,0,-463259333976165132320753,0,349208718911853097937121,0,-137509289288449566836827,0,30752420066568059785812,0,-3916765061764978229752,0,263243147994610290577,0,-7242900096539843862,0,7828766436558633,0,-2998501920544,0,503713517,0,-37643,0,1 # steer t=19419 want_r=24 k=2 base=12T236
1202216817889,0,-3785427010128,0,4890168562108,0,-3389034518284,0,1382787342326,0,-344446502724,0,52969249538,0,-4998192196,0,280796917,0,-8762200,0,131286,0,-652,0,1 # steer t=19419 want_r=24 k=2 base=12T236
177067868856349123729,0,-338395236430928061490,0,221394940263990532712,0,-64063963784323008808,0,8824885621706578719,0,-599788964260845142,0,20778203232208710,0,-372123524413790,0,3546812962984,0,-17367650646,0,36262680,0,-11540,0,1 # steer t=19419 want_r=24 k=2 base=12T236
39523046335531799,0,-99835746699491652,0,102776797921288246,0,-55623524424490326,0,17033856376831623,0,-2951790297847002,0,271010807548294,0,-11112893935196,0,146172094232,0,-809275147,0,2041665,0,-2346,0,1 # steer t=19419 want_r=24 k=2 base=12T236
144619198914330319,0,-416701232304813777,0,491692127539938527,0,-309039830425292418,0,112155337740578414,0,-23604293618230727,0,2695536615155994,0,-136364105221035,0,1351868395899,0,-4884059592,0,7129082,0,-4456,0,1 # steer t=19419 want_r=24 k=2 base=12T236
2107830114966581,0,-7656185124424884,0,11529562175210549,0,-9283411744116376,0,4289076791945645,0,-1130035761131795,0,157579108691185,0,-9600397773215,0,131090838943,0,-723342355,0,1851311,0,-2211,0,1 # steer t=19419 want_r=24 k=2 base=12T236
19341610092946819654029,0,-42538448963800649963052,0,34795477117473701529780,0,-13545655749599194886316,0,2586899420398500074800,0,-220450731955685050266,0,7015767228483064254,0,-89042009325380524,0,511090153891220,0,-1314874840760,0,1258337781,0,-72306,0,1 # steer t=19419 want_r=24 k=2 base=12T236
668228706357241,0,-1806267986690440,0,1883547268446134,0,-964100510058624,0,260196938721561,0,-38868102994444,0,3304870100106,0,-163198462956,0,4650066174,0,-72625112,0,541912,0,-1324,0,1 # steer t=19419 want_r=24 k=2 base=12T236
4230214975666947319699,0,-17402718995520538064265,0,29000376426797121537021,0,-24895977266060754108392,0,11519718435430820343165,0,-2714252856214226418904,0,272186665131762451478,0,-9307990058292867366,0,14117564593364883,0,-6420053858429,0,931673603,0,-52235,0,1 # steer t=19419 want_r=24 k=2 base=12T236
353169080762073047971,0,-464521094555036954582,0,236255207405518609793,0,-61145344554011825114,0,8806883096124474056,0,-717700047955558758,0,32143827377572540,0,-754918733107684,0,9392714233677,0,-59184486430,0,152016133,0,-24262,0,1 # steer t=19419 want_r=24 k=2 base=12T236
228012559278850716841,0,-715296719095571513254,0,925151904911653089162,0,-636084694541457230935,0,249271335162513145428,0,-55116283820948684935,0,6280588193893804350,0,-282646839840560398,0,863993640727338,0,-797507688343,0,232897035,0,-26149,0,1 # steer t=19419 want_r=24 k=2 base=12T236
996327796222302161,0,-2291697427588213327,0,2169185589187477426,0,-1092282013282567449,0,314804668883471805,0,-51688444310490052,0,4475979057803233,0,-166694295880650,0,1594113764021,0,-5689616844,0,8037518,0,-4764,0,1 # steer t=19419 want_r=24 k=2 base=12T236
4667991890139835724464,0,-10520321796083658416272,0,9519482779513131577528,0,-4444853648225837371722,0,1144679210141146166573,0,-160811545254015127974,0,11298670516115441022,0,-306851276746784737,0,898896633183965,0,-814703787461,0,235823197,0,-26303,0,1 # steer t=19419 want_r=24 k=2 base=12T236
100537575809261905259,0,-332338241183421781954,0,-1146697045712946370412,0,842465416543535611433,0,1527120807530199179590,0,-1044259661716124168502,0,51440640005167917501,0,-519893781379944155,0,-722422588174699,0,12657064020214,0,-7648315078,0,1091357,0,1 # steer t=19432 want_r=16 k=1 base=12T237
231523490783227682076579,0,234951287390516748910554,0,-40127370891006231773343,0,2277967192467435359217,0,-43226777026151893314,0,-729040387467130191,0,46695927088338687,0,-783759342023145,0,4833280239453,0,875259594,0,-60421122,0,-67359,0,1 # steer t=19432 want_r=16 k=1 base=12T237
64213689269454820,0,-218420123388093460,0,-766441907314636570,0,-331793003195525970,0,322501879630492351,0,232271372478881040,0,17035069893918369,0,-8034697480425610,0,249251231197086,0,-1033313203940,0,503918924,0,-55160,0,1 # steer t=19432 want_r=16 k=1 base=12T237
60954487340939151529,0,13265443742949192490602,0,55730547125158915008406,0,51863359457197969728317,0,-14827486779221697512260,0,-17067533772301005602882,0,458354144561237735945,0,-4035991216999143538,0,13923925196558440,0,-17298804929352,0,2726896744,0,-117141,0,1 # steer t=19432 want_r=16 k=1 base=12T237
683586437894573056,0,-143930865768241152,0,-816193511170546176,0,579119265577308928,0,-83786568512260608,0,-26700798106369728,0,7264364036724384,0,-269742479357376,0,2795644727424,0,-4085144504,0,-5555568,0,720,0,1 # steer t=19432 want_r=16 k=1 base=12T237
133156321945076132681,0,244878024647198730852,0,-244868776504029770835,0,73268308340725609200,0,-8222073765073728674,0,-19978280971471620,0,75114630712978361,0,-5324039596165920,0,110745437288126,0,9558553140,0,-159307635,0,-72,0,1 # steer t=19432 want_r=16 k=1 base=12T237
18355540509794791,0,40392422227604114,0,-18445781349534401,0,2510600675484714,0,-45763850302298,0,-19316429201470,0,1927620888990,0,-70554587393,0,590881203,0,20345748,0,-239160,0,-2618,0,1 # steer t=19432 want_r=16 k=1 base=12T237
4274199855495603046801,0,3290436476228042269640,0,-3225851670253967329267,0,815359329702129339072,0,-77240514746150285821,0,367894082566239072,0,409964258391545271,0,-24791023442969076,0,434625508686132,0,20482658194,0,-330301244,0,-54,0,1 # steer t=19432 want_r=16 k=1 base=12T237
581918552446104436,0,-444514722106699968,0,-1400467992634755560,0,2228612997813943240,0,-1026594165281767359,0,-67754623029645600,0,206329413488887066,0,-63816310787148160,0,6395068640710696,0,-21630247670,0,-3676463645,0,48,0,1 # steer t=19432 want_r=16 k=1 base=12T237
140218562283900244007275,0,438932101807718315032950,0,424787502201061403443260,0,43037607715429290973870,0,-130787914653179757755074,0,-44811096990983961804814,0,2890121321668893791579,0,-49894878218124124406,0,241550631410688289,0,-169917447774094,0,10006740194,0,-181241,0,1 # steer t=19432 want_r=16 k=1 base=12T237
542272696083005,0,-1582285264820855,0,-9114861796720180,0,-6460396426562400,0,2581729498590529,0,-301253156206276,0,13654401985629,0,-137420962412,0,-6892530290,0,194317541,0,-1543880,0,3627,0,1 # steer t=19432 want_r=16 k=1 base=12T237
6835808946175919,0,-4385696033492953514672,0,14807871690536084389120,0,22970697082127988739058,0,-103256945578537505772529,0,72173561450966217536828,0,2585345259015889661377,0,-49503380344654773400,0,196352435673610,0,14656457669590,0,-2801677913,0,40442,0,1 # steer t=19432 want_r=16 k=1 base=12T237
29961062200579056909056,0,-15102478652845469573632,0,-41968433584412666148096,0,44658783438406583833728,0,-13157813913983356415808,0,-283772583449094685408,0,492724546747304509904,0,-8513749856134044736,0,33210962579922024,0,-11294223548504,0,-972911008,0,10100,0,1 # steer t=19432 want_r=16 k=1 base=12T237
33822463177137001,0,-548248832276738267967,0,8461528247810813182978,0,103727564624567500710469,0,-223048277903067026336482,0,20898469937495424782476,0,-269047736116179379578,0,795696309001073019,0,1602161825939948,0,-5517730897304,0,-1098005432,0,-35658,0,1 # steer t=19432 want_r=16 k=1 base=12T237
16270400000000,0,-76646336640000000,0,-1624247892595036800000,0,680400425058062464000,0,5891542750947269809920,0,2335472876978030328320,0,-606614430173469966400,0,-237721319473098325760,0,13436362620346425056,0,-3459090587449152,0,228511190264,0,-940848,0,1 # steer t=19432 want_r=16 k=1 base=12T237
1197504311847876211,0,1182078786415144074,0,-82496917594430582,0,-19747160002406791,0,2488270355079885,0,-71915057916947,0,-2871453614829,0,239173502234,0,-6061921531,0,65216400,0,-240323,0,-13,0,1 # steer t=19432 want_r=16 k=1 base=12T237
55800503983896694511,0,59685272844470256971,0,-28431190266818366882,0,4235036523142041226,0,-232678027203222088,0,-3140896198418593,0,926586763565237,0,-38852748675612,0,543867728192,0,529121529,0,-22615177,0,-50476,0,1 # steer t=19432 want_r=16 k=1 base=12T237
20826180296279866142720,0,90762922931750463528960,0,-29369469482836392852480,0,3831570441713518899200,0,-262915572460207230464,0,10005517723928244736,0,-197856188235074240,0,1470258097917920,0,3748207873008,0,-13413457680,0,-24416420,0,-2872,0,1 # steer t=19432 want_r=16 k=1 base=12T237
8794349778260939,0,224535466732667436,0,-140738020891318185,0,32339662020079156,0,-2932681166415196,0,-37747620335598,0,27899657604547,0,-2043370364563,0,52589220675,0,-73001395,0,-6852063,0,-22473,0,1 # steer t=19432 want_r=16 k=1 base=12T237
32133474217239314672945,0,147717075952887361169115,0,-19323326184535982274405,0,1046725520529201335795,0,-30909911148795525639,0,539931135940327936,0,-5546857297867914,0,29521450837146,0,-32772967256,0,-354343236,0,763418,0,2285,0,1 # steer t=19432 want_r=16 k=1 base=12T237
4972813423939,0,70416273685294,0,97394793236426,0,-561262751925014,0,249999474821782,0,-43695640188260,0,3625268495076,0,-138588628644,0,1356152367,0,53085576,0,-1382773,0,8841,0,1 # steer t=19432 want_r=16 k=1 base=12T237
1752723933657438423839,0,4862373783580736689014,0,-2357033732891364517006,0,438736378667228142164,0,-41807362725715254297,0,2138989887310342384,0,-53533367127867341,0,389899982905139,0,4014857109270,0,-303046689,0,-19862169,0,-6604,0,1 # steer t=19432 want_r=16 k=1 base=12T237
3670510770102561405191,0,-1132053669435047231726,0,-20885942930218732784150,0,20510142591737529318854,0,-2820212675426079852742,0,-1224020958716629407074,0,-33478225102422214582,0,3704382572787842194,0,-37167816905482874,0,88509363188097,0,-30082573080,0,2463180,0,1 # steer t=19432 want_r=16 k=1 base=12T237
249580777155671926781,0,-49113834648917653348,0,-268417464440349631540,0,174991116286151440260,0,-29262045241916056209,0,-2960137191911188950,0,1206434299539283951,0,-99061997553539380,0,2372417985418401,0,495345508360,0,-2965618550,0,-752,0,1 # steer t=19432 want_r=16 k=1 base=12T237
1,0,-16211,0,272750,0,2791495,0,-11624654,0,9298690,0,-1930306,0,-224905,0,91296,0,-1070,0,-800,0,-6,0,1 # steer t=19432 want_r=16 k=1 base=12T237
82923332316850819,0,174690685266465529,0,-53165248516228128,0,5278743930985799,0,-189658408991918,0,-2952107809948,0,472024290176,0,-15599518519,0,200811548,0,192418,0,-25888,0,92,0,1 # steer t=19441 want_r=16 k=2 base=12T238
512157031537750445129,0,486623296753629068656,0,-760787771127191340794,0,-653019307454674404838,0,171255988795723633804,0,111248855695803422769,0,10178808063068785818,0,-261632436302677928,0,1192820363304096,0,-1731192295446,0,735110796,0,-54892,0,1 # steer t=19441 want_r=16 k=2 base=12T238
1993978091275320840541,0,17266622902883841596283,0,-8131579611808838166321,0,1505028971334247837425,0,-140547448038459906466,0,6809366459751806636,0,-148293731841904087,0,473179996765391,0,15575610566966,0,48496372432,0,26760714,0,-12740,0,1 # steer t=19441 want_r=16 k=2 base=12T238
391427048522456081,0,4705967717547805824,0,5016329579390015354,0,635312733095432960,0,-225799421413751185,0,-25313814869743616,0,2478448222904876,0,-67354442203904,0,777784548895,0,-3985083520,0,8164794,0,-6144,0,1 # steer t=19441 want_r=16 k=2 base=12T238
238954435108327424,0,1163336977544882176,0,-946174694824936448,0,280765303935110144,0,-39586039818128640,0,2619837532703872,0,-55040871305216,0,-1180759174656,0,24608502000,0,347991616,0,538824,0,-1976,0,1 # steer t=19441 want_r=16 k=2 base=12T238
3084791520060471830975,0,2129421344540673472525,0,-2187777705662443559620,0,602179728760924390810,0,-72508413748777248639,0,3753118134706244105,0,-39548146220891582,0,-2039314413329065,0,20582310478769,0,-55200365200,0,31043472,0,13540,0,1 # steer t=19441 want_r=16 k=2 base=12T238
52934481068599755390625,0,133690396383099229968750,0,-5027602319133579043750,0,-107849041691307098750,0,7974110027222027375,0,-120161461880749500,0,-326549237346900,0,27577788758140,0,-305336407729,0,1408786798,0,-2472806,0,802,0,1 # steer t=19441 want_r=16 k=2 base=12T238
12610490579893098716,0,11556645162053811708,0,-1502110574930735144,0,-4672523217939940,0,8405312970208340,0,-425439646510112,0,3329693875434,0,322857574368,0,-10764652460,0,128890510,0,-546254,0,458,0,1 # steer t=19441 want_r=16 k=2 base=12T238
511407588591440657506501,0,503624804985004517703700,0,-59632533347176201166418,0,2759804360364653636673,0,-65681921187931938592,0,815775542384826888,0,-3544961495017080,0,-34847414469357,0,552431086763,0,-2750335707,0,4025127,0,4830,0,1 # steer t=19441 want_r=16 k=2 base=12T238
31755057350277585502909,0,841730772777154883912883,0,-381209242521756467786187,0,68454238205285037576843,0,-6149376586615359577171,0,279824980742435153292,0,-5405624693355104255,0,11402705690991591,0,203096412863037,0,375496337101,0,129069479,0,-26998,0,1 # steer t=19441 want_r=16 k=2 base=12T238
4486375892461,0,-4735555558802,0,-17497795395923,0,10185528433568,0,9392291872759,0,-7463731282279,0,1651096870090,0,-120357566360,0,1750818046,0,41900,0,-90270,0,108,0,1 # steer t=19441 want_r=16 k=2 base=12T238
34293625,0,18730500,0,-55031400,0,-21436250,0,21500145,0,1967760,0,-3063450,0,565020,0,-7479,0,-8684,0,1086,0,-54,0,1 # steer t=19441 want_r=16 k=2 base=12T238
794116,0,40357236,0,457484052,0,-458267108,0,27656568,0,75524652,0,-19484382,0,-750888,0,761598,0,-94478,0,4872,0,-114,0,1 # steer t=19441 want_r=16 k=2 base=12T238
20335549332223981071,0,21224931240915724347,0,-57083770534734425637,0,-74319244231452904719,0,-13089027357273372057,0,742001034680568594,0,164466169027440327,0,-4020501820655889,0,25569738660573,0,-60960615471,0,53603523,0,-13722,0,1 # steer t=19441 want_r=16 k=2 base=12T238
154032257265665221,0,630513073755083720,0,-492859278043060610,0,144473007030127504,0,-20983305757982345,0,1529762893982800,0,-43609427113484,0,-441116999200,0,36508391395,0,-458704856,0,1266030,0,2640,0,1 # steer t=19441 want_r=16 k=2 base=12T238
31003462878028475229,0,100625808379464474039,0,-54561200737028976873,0,10793561479208540946,0,-1014546903307585965,0,44762380343932563,0,-626949924710976,0,-8966389982544,0,124580541375,0,1174471704,0,1212354,0,-2964,0,1 # steer t=19441 want_r=16 k=2 base=12T238
311883393138795502370816,0,328764512200632881250304,0,-11144901456017754259456,0,-233702111561493790720,0,14976230522479616000,0,-196904214972317696,0,-696945014808064,0,40831020690176,0,-401787786240,0,1674734400,0,-2685656,0,756,0,1 # steer t=19441 want_r=16 k=2 base=12T238
1727120083194062419581,0,3047639070424920551316,0,-443949344062848835326,0,24572024442514992780,0,-671316475551563205,0,8923957766804376,0,-28278209630664,0,-667689144336,0,7351480215,0,-8651340,0,-190026,0,564,0,1 # steer t=19441 want_r=16 k=2 base=12T238
12481483723035959,0,26992146859611592,0,-26967080906446352,0,7806539158093700,0,-887118479681916,0,21233590029025,0,3462807020521,0,-271341941643,0,6623289846,0,-56466143,0,28221,0,880,0,1 # steer t=19441 want_r=16 k=2 base=12T238
731878215506683557048320,0,671416332090280827535360,0,-121354434454820756116480,0,-35244047003577924224000,0,-2001236836499142872064,0,-5507061184322243072,0,1095548341950520768,0,-12605275233377344,0,55169150138240,0,-102161723904,0,72133548,0,-18332,0,1 # steer t=19441 want_r=16 k=2 base=12T238
202155620416,0,1481577435200,0,-2572415151648,0,-1137852454624,0,2456425833664,0,-1121552889536,0,224112971704,0,-20901588728,0,796027352,0,-4342792,0,-206106,0,-682,0,1 # steer t=19441 want_r=16 k=2 base=12T238
12596487931907691389,0,46525311031926626540,0,52875675761851078496,0,15483334226897821316,0,-3557169674058710551,0,-967026393426102366,0,161614074954333601,0,-3305401632322975,0,21523434474536,0,-54706531065,0,51289203,0,-13494,0,1 # steer t=19441 want_r=16 k=2 base=12T238
826944868004940553831,0,-1471394699762869395621,0,1037212907237812752904,0,-368102689115955922183,0,68979373366037001031,0,-6562142791764479548,0,284672792460514204,0,-4243655148299064,0,25375361182114,0,-63844358955,0,60259323,0,-14762,0,1 # steer t=19441 want_r=24 k=1 base=12T238
9523457387833225,0,-25179268123491325,0,23935188646255200,0,-10243774138418425,0,2216584842835930,0,-260146641342330,0,16900176739615,0,-595511061710,0,10858667049,0,-103394130,0,505451,0,-1170,0,1 # steer t=19441 want_r=24 k=1 base=12T238
10766499167405539,0,-25860247038211299,0,22530596650331292,0,-9065559544492374,0,1927318253038166,0,-228641972675409,0,15212179959792,0,-554887406683,0,10835317749,0,-111269967,0,568802,0,-1278,0,1 # steer t=19441 want_r=24 k=1 base=12T238
180361229472133951,0,-500219385935173241,0,537221957337276319,0,-288965983675374568,0,83594108760187756,0,-12908084723617058,0,991845787351994,0,-32834794344254,0,503708272379,0,-3532432830,0,9630548,0,-5972,0,1 # steer t=19441 want_r=24 k=1 base=12T238
164910828609166301,0,-370726949850603660,0,294388170979645728,0,-101040122939986442,0,16314461477039969,0,-1350629199881992,0,60375824313626,0,-1522429443564,0,21995999357,0,-178552204,0,764906,0,-1526,0,1 # steer t=19441 want_r=24 k=1 base=12T238
6205257233113169399381,0,-9596681080644650048681,0,5171602204052083062680,0,-1301288016429546621182,0,166349517427768878525,0,-10953168363820652625,0,351942858136687827,0,-4884014228884810,0,26382280279890,0,-59123865903,0,51176990,0,-13354,0,1 # steer t=19441 want_r=24 k=1 base=12T238
78269736239921145631,0,-69183234124619529670,0,12842951425801592430,0,-1142217721204693856,0,60199984118722577,0,-2061836636330654,0,47981040380691,0,-772320888681,0,8578689138,0,-64245415,0,307691,0,-844,0,1 # steer t=19441 want_r=24 k=1 base=12T238
1478807026474860832525,0,-3306463515985958344950,0,2538708285955464270675,0,-835020549426435899800,0,134517624272078338620,0,-10812487926202299315,0,398335971024927150,0,-5562158918008905,0,29529230988546,0,-64749918331,0,54663351,0,-13806,0,1 # steer t=19441 want_r=24 k=1 base=12T238
574772876,0,-1425712196,0,1580485016,0,-1038579884,0,451571132,0,-137088804,0,29834506,0,-4694752,0,530624,0,-42042,0,2218,0,-70,0,1 # steer t=19441 want_r=24 k=1 base=12T238
84361258344531574181,0,139104912274780223770,0,-470435729286081248289,0,-1302316798341888945000,0,-1021197686760705295946,0,-237980564819796106926,0,13081138666790250838,0,-171523250714626758,0,678474782050754,0,-510633565260,0,154062789,0,-20554,0,1 # steer t=19451 want_r=16 k=2 base=12T240
566190253549351,0,3143693419289576,0,-5923401829021328,0,4035983970032194,0,-1375927417522655,0,246678583418498,0,-21065351905259,0,508256884950,0,14322575067,0,-53247238,0,-212722,0,416,0,1 # steer t=19451 want_r=16 k=2 base=12T240
748192924,0,1066251136,0,-2822589420,0,1920769524,0,-566305131,0,60502096,0,5274062,0,-1707288,0,79671,0,7844,0,-622,0,-8,0,1 # steer t=19451 want_r=16 k=2 base=12T240
20343897988112833007600,0,14487552528497500959600,0,-149388889198239862676460,0,-329123453308670712874760,0,-251792018496295748332671,0,-64165263846904456242736,0,2022831465912102397882,0,-13242364580512026150,0,18573105466034136,0,-6108853807684,0,815440097,0,-47674,0,1 # steer t=19451 want_r=16 k=2 base=12T240
9056006410576,0,-44949361345024,0,-323830409349024,0,502034644578880,0,767195036937896,0,283240341327240,0,27561436334380,0,-1248671448336,0,19372377812,0,-148000868,0,599274,0,-1228,0,1 # steer t=19451 want_r=16 k=2 base=12T240
4084078137005,0,29921745106210,0,49538350340034,0,-35691316724327,0,-127580812617097,0,-55753214958864,0,12002416860124,0,-612634693434,0,13113586491,0,-131739114,0,611202,0,-1287,0,1 # steer t=19451 want_r=16 k=2 base=12T240
119943089760522490880,0,112843303955899038720,0,-34001181181749972736,0,3980143192547329280,0,-254582858423772032,0,9781192723167776,0,-227881231584984,0,2999435207392,0,-16604041587,0,-36860440,0,479226,0,1399,0,1 # steer t=19451 want_r=16 k=2 base=12T240
3065356883239785829,0,35077017054872627984,0,-14505847734487984348,0,2275487354629118424,0,-167983165484467884,0,5529504525133848,0,-41566573537514,0,-1120614746608,0,8671901116,0,32976952,0,-202676,0,-200,0,1 # steer t=19451 want_r=16 k=2 base=12T240
3178645605847144651,0,-6136148769554344216,0,-15067631670758202428,0,37827680078852177304,0,-27821987841463329377,0,8549608983484511968,0,-954087644091223180,0,105062004582464,0,5038021152453,0,-298547080,0,-5150360,0,104,0,1 # steer t=19451 want_r=16 k=2 base=12T240
1075011808585072439,0,6780881471004806939,0,6995839186258377842,0,241278396144019292,0,-1141240190432700705,0,-117682068352012014,0,12071491704826880,0,-238949144139908,0,1810026998393,0,-5880415605,0,7989150,0,-4704,0,1 # steer t=19451 want_r=16 k=2 base=12T240
16545088541999917049,0,671337060471176408588,0,-1010315276846785115830,0,-867246101282300397492,0,468644192245384515999,0,434934446658225100760,0,75439405627074137260,0,-281483851321594312,0,395213474565319,0,-268309821284,0,92990378,0,-15620,0,1 # steer t=19451 want_r=16 k=2 base=12T240
18846490738889,0,95792227284232,0,-321723481751446,0,-2609032095508050,0,-4510196191192077,0,-2051921063528862,0,334324760771145,0,-14482307920446,0,225399949459,0,-1135135794,0,2523042,0,-2588,0,1 # steer t=19451 want_r=16 k=2 base=12T240
66338595210305944016,0,238771714749223452928,0,-72435192514801828360,0,8210007641897210304,0,-438476460118924871,0,10419143718516160,0,-46109662822202,0,-1624466920832,0,10839969835,0,38205760,0,-227522,0,-192,0,1 # steer t=19451 want_r=16 k=2 base=12T240
698425174727626081,0,2332311037292580504,0,2218469353077321946,0,-319580901720065864,0,-1419931387008739313,0,-478953862702488784,0,36099573664708716,0,-708934841239632,0,4620068220079,0,-10744681672,0,11275418,0,-5480,0,1 # steer t=19451 want_r=16 k=2 base=12T240
50710507520,0,-906283008000,0,-1432190710784,0,2166536379904,0,1264778428032,0,-1079606884032,0,-327037821776,0,119347472504,0,30138032423,0,-404342519,0,1466727,0,-2059,0,1 # steer t=19451 want_r=16 k=2 base=12T240
2330255773183591,0,29147327011388782,0,86733850232099845,0,-129173387231281294,0,-793222242938759168,0,-695810515868127058,0,34876218211302573,0,-547832294338322,0,3609006173152,0,-10437511246,0,13232525,0,-6362,0,1 # steer t=19451 want_r=16 k=2 base=12T240
1039494945422394341120,0,-2180368986458924977920,0,-12715040444433469144704,0,-13826873395314117391232,0,-4636315207172418958208,0,-402421266037296156864,0,15696210982479322568,0,-104597318592523832,0,262956433730121,0,-276786723865,0,109259927,0,-17671,0,1 # steer t=19451 want_r=16 k=2 base=12T240
233256691622188940176,0,214760779787384134464,0,-72096430686713016000,0,8123941805096589088,0,-416300733331296696,0,9169013097050400,0,-26727229382088,0,-1538306089704,0,9331910865,0,38374780,0,-213018,0,-204,0,1 # steer t=19451 want_r=16 k=2 base=12T240
946758963847035905,0,18440404437507075,0,-3792295127568412091,0,4353342407522032519,0,-1747633777127536357,0,201765352338050366,0,13294859938842454,0,56834926112606,0,-557363180757,0,-1352782001,0,4763885,0,-3925,0,1 # steer t=19451 want_r=16 k=2 base=12T240
90517504,0,-759951360,0,-160234496,0,6776289280,0,-11979616768,0,8004886784,0,-2002872768,0,64550592,0,4477408,0,-129952,0,-3556,0,52,0,1 # steer t=19451 want_r=16 k=2 base=12T240
1290177963980304284,0,25021724783352868736,0,-10403046636381321580,0,1679241240320882964,0,-130922151842446331,0,4762109093889356,0,-49772698832270,0,-858394533832,0,8985014815,0,23200100,0,-205586,0,-132,0,1 # steer t=19451 want_r=16 k=2 base=12T240
20480,0,61440,0,-333824,0,-271872,0,267008,0,67840,0,-85760,0,10368,0,7280,0,-2912,0,456,0,-34,0,1 # steer t=19451 want_r=16 k=2 base=12T240
205360044569,0,-1747324660956,0,577260591914,0,8441045910436,0,-12285081389553,0,6096513715112,0,-1009105547076,0,-2989671640,0,372591671,0,372340,0,-37190,0,-12,0,1 # steer t=19451 want_r=16 k=2 base=12T240
402583710510606093919241,0,518851136299909543005810,0,-93332197948569292518264,0,-298247106237063341257409,0,-109222025968364297059433,0,-10738072577526789309330,0,234072134500092620100,0,-975107771951872140,0,1553263677744503,0,-1041796318196,0,263820644,0,-27443,0,1 # steer t=19451 want_r=16 k=2 base=12T240
1476999643935954416,0,1469305943643714016,0,-364251025804138480,0,34037120933688768,0,-1593082196737480,0,35953935052792,0,-130786996428,0,-10589491292,0,168584695,0,436872,0,-22580,0,29,0,1 # steer t=19451 want_r=16 k=2 base=12T240
19257830225794641297616,0,153860178845889910657920,0,-10035897689097709108808,0,249719328282680313120,0,-2359992930274325319,0,-16758207569518560,0,726974736393398,0,-9377776246080,0,68982756923,0,-316548000,0,897390,0,-1440,0,1 # steer t=19451 want_r=20 k=1 base=12T240
119225,0,93350,0,-1098180,0,343115,0,1405451,0,-1750512,0,991324,0,-333558,0,71883,0,-10062,0,888,0,-45,0,1 # steer t=19451 want_r=20 k=1 base=12T240
10811,0,-317618,0,232440,0,703738,0,-737485,0,-105876,0,402504,0,-219436,0,60113,0,-9562,0,896,0,-46,0,1 # steer t=19451 want_r=20 k=1 base=12T240
2169534678751975,0,32844770828920125,0,-68299096846476580,0,46471115516292090,0,-11057991171414789,0,-455381569279106,0,450238906508976,0,-30358760713336,0,635814349053,0,-4661771171,0,7948052,0,-4890,0,1 # steer t=19451 want_r=20 k=1 base=12T240
105322715520897481168061,0,108766736435261712249488,0,-75510802798834259136976,0,-55886044525681093508556,0,21555124405955582107612,0,-1487632088556646330012,0,28868889296263436002,0,-158657674644359152,0,349525430977132,0,-347225015476,0,149838484,0,-22932,0,1 # steer t=19451 want_r=20 k=1 base=12T240
277704539110000640000,0,5328985278781992960000,0,-11529664653385852672000,0,-6035800308994134144000,0,16074329840617920512000,0,-5703485070280795388800,0,117237294542491402320,0,-524767890206201480,0,918593045835029,0,-684231438212,0,197848545,0,-23724,0,1 # steer t=19451 want_r=20 k=1 base=12T240
114749129949184,0,106819051651072,0,-43342562148352,0,-6441654190080,0,3765424816128,0,-598175436800,0,51421400576,0,-2756851456,0,96653936,0,-2223984,0,32428,0,-272,0,1 # steer t=19451 want_r=20 k=1 base=12T240
13697928898256,0,35157463134944,0,-5649233420576,0,-3218608273624,0,1291427365743,0,-216324380012,0,21246408894,0,-1340683226,0,55807092,0,-1517748,0,25773,0,-246,0,1 # steer t=19451 want_r=20 k=1 base=12T240
101,0,-768,0,1584,0,258,0,-4132,0,4014,0,453,0,-3234,0,2493,0,-948,0,199,0,-22,0,1 # steer t=19451 want_r=20 k=1 base=12T240
142277683920896,0,174500067467264,0,-76539104686080,0,5088805083136,0,1914079613952,0,-461287501312,0,47940054144,0,-2892926656,0,108844816,0,-2576024,0,37104,0,-296,0,1 # steer t=19451 want_r=20 k=1 base=12T240
1152406865642257974505,0,-67721932817372280480,0,-2288483350234270836596,0,732356659831408543159,0,652971556813224370835,0,-241780173719252774116,0,5344257907559121980,0,-33601882281209606,0,86286161170995,0,-98977892676,0,51342280,0,-11881,0,1 # steer t=19451 want_r=20 k=1 base=12T240
85771988249907239636,0,262458640064640568768,0,50748749841877416844,0,-130022719013506151180,0,41906219877740953800,0,-5104598969229329312,0,228401474450722918,0,-2927491256848912,0,15035537512851,0,-32705165804,0,26408318,0,-8697,0,1 # steer t=19451 want_r=20 k=1 base=12T240
34226849,0,-21184896,0,-52502022,0,39301440,0,4968527,0,-14583168,0,7001580,0,-1788672,0,282159,0,-28416,0,1786,0,-64,0,1 # steer t=19451 want_r=20 k=1 base=12T240
9082438006051701129661,0,-9251966639680752220548,0,1280847349152744120414,0,-76077660032830058908,0,2543795509000166487,0,-53822075933417832,0,763966797497700,0,-7477272791928,0,50739399243,0,-234934804,0,709278,0,-1260,0,1 # steer t=19451 want_r=24 k=2 base=12T240
4161923706276989309324,0,-7697349764554650420640,0,5505301147263476478124,0,-1905377198516202830524,0,327547126403163443325,0,-26247561911757648296,0,849572029780905782,0,-6574483118290704,0,20781363438695,0,-30594597284,0,22243138,0,-7672,0,1 # steer t=19451 want_r=24 k=2 base=12T240
111857186286546745280,0,-120233697560824190880,0,31891829437590463160,0,-4084467207983197600,0,303258322503032479,0,-13979831276970992,0,406810723201136,0,-7321361927778,0,76969283048,0,-432796576,0,1264931,0,-1810,0,1 # steer t=19451 want_r=24 k=2 base=12T240
35554788025,0,-128922998050,0,193602904480,0,-156547781115,0,74269425079,0,-21225036456,0,3659935952,0,-380965010,0,23970271,0,-900174,0,19392,0,-219,0,1 # steer t=19451 want_r=24 k=2 base=12T240
70626785870279136091,0,-181434871884057563520,0,189533363481240017532,0,-102135801619331304098,0,29519703694991692827,0,-4246569397400071374,0,239832509956144089,0,-4560041505384990,0,20708990814375,0,-35632302626,0,27007020,0,-8796,0,1 # steer t=19451 want_r=24 k=2 base=12T240
43484390144913865043101,0,-76192014001234209624368,0,49920678623654659403500,0,-15891555668576225108712,0,2614015433753256947724,0,-211212827781696624744,0,6743697508162914046,0,-41555958248755296,0,97880817253524,0,-101845018008,0,50644180,0,-11672,0,1 # steer t=19451 want_r=24 k=2 base=12T240
34073398636497079,0,-80817574148914405,0,70825957288380732,0,-28931112762829270,0,5905454840486183,0,-615970386165918,0,33055528200820,0,-943823823192,0,14665785537,0,-123710629,0,548976,0,-1194,0,1 # steer t=19451 want_r=24 k=2 base=12T240
22183458709,0,-54096464736,0,54538090728,0,-30299525050,0,10487873412,0,-2412584478,0,381697125,0,-42132582,0,3236589,0,-169396,0,5751,0,-114,0,1 # steer t=19451 want_r=24 k=2 base=12T240
14054150144,0,-31433539584,0,30031220736,0,-16306578432,0,5651962880,0,-1327963392,0,218353728,0,-25457088,0,2097936,0,-119616,0,4492,0,-100,0,1 # steer t=19451 want_r=24 k=2 base=12T240
18121849978743163584,0,-19498864068634765824,0,3974065845421922496,0,-381536850082792896,0,21638248589536560,0,-799893558626688,0,20233152178848,0,-357730035552,0,4426052868,0,-37592640,0,208908,0,-684,0,1 # steer t=19451 want_r=24 k=2 base=12T240
5298720760949900,0,-7688144281634100,0,4319545385851440,0,-1283595457744800,0,227546268719576,0,-25374714364656,0,1808656992514,0,-81341839842,0,2209568529,0,-33316889,0,243411,0,-813,0,1 # steer t=19451 want_r=24 k=2 base=12T240
17060274773728397632211,0,-46823821652002253054728,0,53465355629612098429584,0,-32517567461510358827344,0,11118095449368746363935,0,-2030896544751303316496,0,156686565863110660748,0,-487850739191400080,0,596513782708221,0,-359001520904,0,111718500,0,-17024,0,1 # steer t=19451 want_r=24 k=2 base=12T240
13578892354655161705,0,-33564568709495920895,0,31259657336429250824,0,-14169694820150872852,0,3336529455323872399,0,-397485334121750474,0,21499696612141304,0,-495829222128436,0,4709915390967,0,-15108280559,0,16026256,0,-6784,0,1 # steer t=19451 want_r=24 k=2 base=12T240
11,0,-66,0,-495,0,3024,0,-4443,0,-42,0,6279,0,-7233,0,4047,0,-1294,0,240,0,-24,0,1 # steer t=19461 want_r=20 k=1 base=12T241
250193563721936,0,381875735150640,0,-212766728170044,0,45326076459336,0,-5196226898169,0,341939758932,0,-11329501423,0,-30102192,0,19880379,0,-877500,0,19131,0,-216,0,1 # steer t=19461 want_r=20 k=1 base=12T241
256646584798951,0,-14399668936139184,0,158755232645216481,0,-526664122579546,0,-175533599738583978,0,83246219816866029,0,-8403949515571229,0,311041060479447,0,-3774103082886,0,-6139261513,0,65285088,0,-16080,0,1 # steer t=19461 want_r=20 k=1 base=12T241
189210785945975,0,1362120060320880,0,-547807642233684,0,91914960021458,0,-8331646416882,0,412772040030,0,-7107372088,0,-416930724,0,33403572,0,-1121750,0,21258,0,-222,0,1 # steer t=19461 want_r=20 k=1 base=12T241
27741090771708294921571,0,-2725796635557455499102,0,-203421109259483837523939,0,122421031138028206400890,0,331416201917110421305035,0,-285867124437112717226013,0,4841692146011935449811,0,-22294692334705445463,0,38573367249372315,0,-23365564146065,0,2935134591,0,-99237,0,1 # steer t=19461 want_r=20 k=1 base=12T241
372028903321564052181,0,291218063746840812891,0,-1019514148261137560376,0,561842192667042407094,0,-1415184676194136047,0,-84541859360689988298,0,27275735192231365984,0,-3488104560659871924,0,186036309932295372,0,-2972967840665937,0,214750364883,0,-1861299,0,1 # steer t=19461 want_r=20 k=1 base=12T241
80613376,0,82618368,0,-133463040,0,-21395968,0,91617792,0,-56640384,0,18337536,0,-3681504,0,483072,0,-41648,0,2280,0,-72,0,1 # steer t=19461 want_r=20 k=1 base=12T241
20097395833977220599,0,-120051735013084589730,0,-617592443823530077788,0,1634077303760296031415,0,2630414961971422836072,0,-7508996686751785685193,0,3813797677500818777993,0,-519983198810845346592,0,12318513127637940333,0,-80697106824348893,0,1929199800435,0,-5580201,0,1 # steer t=19461 want_r=20 k=1 base=12T241
18017099,0,12284554027629,0,-2882854929771828,0,52739066256713344,0,11361813110164916541,0,-159362912002736830176,0,556735803009632965382,0,-76663079732952816552,0,2667258064112689524,0,-23706243080280303,0,873045371967,0,-3748107,0,1 # steer t=19461 want_r=20 k=1 base=12T241
14984298785829152337625,0,24430498388912438218650,0,-3167010379983091852230,0,167548631879785457495,0,-4802921123291390454,0,80283199527002229,0,-750223980686323,0,2670644101047,0,16927461495,0,-227387252,0,959787,0,-1659,0,1 # steer t=19461 want_r=20 k=1 base=12T241
99917350320269626507264,0,558493129568195614949376,0,-55114025242097598492672,0,2298201096404791987200,0,-52908026005167964416,0,726187535451283200,0,-5848285298444608,0,22955454573024,0,12153548880,0,-504747072,0,1845684,0,-2370,0,1 # steer t=19461 want_r=20 k=1 base=12T241
261974048275,0,1817252250,0,-229487055225,0,144844782500,0,-40439244360,0,5902034730,0,-397050420,0,-5394795,0,3083361,0,-237395,0,8607,0,-150,0,1 # steer t=19461 want_r=20 k=1 base=12T241
9540225691694244919,0,815058445150533021,0,-139681281971008158408,0,359872064557152502865,0,-393668347156607296566,0,205888055958455926500,0,-43432416512248580436,0,572902345022108994,0,94771846442954556,0,-1033679280511444,0,476051402244,0,-2793915,0,1 # steer t=19461 want_r=20 k=1 base=12T241
66741683820763873355659,0,116159137867594819354311,0,-47012924594910917597652,0,7647903094751883452170,0,-692048973537823851813,0,38448006139190021400,0,-1344359784884435806,0,28825789397560530,0,-344392053187092,0,1717911949915,0,501375273,0,-77547,0,1 # steer t=19461 want_r=20 k=1 base=12T241
22293618202381195,0,311561457186273825,0,-95703052363158819,0,11834163952857604,0,-760747424398512,0,25829115823047,0,-305324584874,0,-9858766692,0,488117811,0,-9339873,0,94248,0,-486,0,1 # steer t=19461 want_r=20 k=1 base=12T241
1619212870429,0,282569299089,0,-1240055243622,0,343301490859,0,32113232100,0,-27208207611,0,5106718896,0,-501711471,0,29397384,0,-1051325,0,22110,0,-243,0,1 # steer t=19461 want_r=20 k=1 base=12T241
19511,0,-115416990,0,-8961213630,0,442277617191,0,31985526619392,0,-127733455791411,0,94054717564246,0,-23783368948749,0,1930890151698,0,-45665148515,0,55907886,0,-17766,0,1 # steer t=19461 want_r=20 k=1 base=12T241
4804826576405690334329,0,-14857751169647589207678,0,19353114393308775860553,0,-13730261251603887104727,0,5716486969517321142072,0,-1397410638746105360304,0,189002276031214678489,0,-12437482327622936223,0,355964667950576418,0,-3160127631054806,0,222629848938,0,-1879626,0,1 # steer t=19461 want_r=24 k=2 base=12T241
107762053067199,0,-416258002131111,0,669879215167257,0,-583392876743511,0,299630833137342,0,-93099353649183,0,17350279734456,0,-1863446348439,0,105394025088,0,-2526794652,0,8677977,0,-7068,0,1 # steer t=19461 want_r=24 k=2 base=12T241
1101330542860140151225,0,-2592886438383082228860,0,2329737911268593638044,0,-1001611528039282820657,0,211162313239064130078,0,-19427166292534209909,0,491091342243395469,0,-5031631807319169,0,23528863139616,0,-48359483834,0,36984747,0,-10572,0,1 # steer t=19461 want_r=24 k=2 base=12T241
453629607109529600,0,-2083461454678732800,0,4047574479374899200,0,-4311872739726323200,0,2726259850639799040,0,-1032081110564753280,0,223819934651385920,0,-24958785653488800,0,1190261494132944,0,-19350333408024,0,5141658780,0,-222072,0,1 # steer t=19461 want_r=24 k=2 base=12T241
43444667901995,0,-104969720683620,0,102038929151376,0,-52034841187256,0,15193402753443,0,-2608010578770,0,261969364069,0,-15166165632,0,503394327,0,-9482770,0,97821,0,-504,0,1 # steer t=19461 want_r=24 k=2 base=12T241
204017695801,0,-805374372231,0,1314147035949,0,-1143027560915,0,570122802360,0,-164121526791,0,26673048496,0,-2457788889,0,128366070,0,-3693930,0,54864,0,-384,0,1 # steer t=19461 want_r=24 k=2 base=12T241
2773664375036775889,0,-9427517244608268279,0,13723880532124350438,0,-11131045012830426520,0,5472598267876217175,0,-1658748875525876034,0,300381552736610064,0,-29692943095047948,0,1323967026891960,0,-19655183576725,0,4937046483,0,-217593,0,1 # steer t=19461 want_r=24 k=2 base=12T241
93740354119,0,-215358020841,0,211300233951,0,-116484645325,0,39947220990,0,-8928742437,0,1329070578,0,-132704523,0,8836650,0,-383710,0,10344,0,-156,0,1 # steer t=19461 want_r=24 k=2 base=12T241
14476755325376416336,0,-23381912109400472592,0,14670412013059949988,0,-4637209780695238280,0,792821148513596247,0,-72756447678288552,0,3318404712119713,0,-63833425514376,0,562783638603,0,-2311051956,0,4416951,0,-3564,0,1 # steer t=19461 want_r=24 k=2 base=12T241
346512332227628320109,0,-993193722924713268792,0,1230871068302974058256,0,-861430232289378325776,0,372602221858074830478,0,-102217476649752549141,0,17475554561642757490,0,-1735346446557046797,0,83501230833910836,0,-1037398436983393,0,63511455342,0,-981513,0,1 # steer t=19461 want_r=24 k=2 base=12T241
2599289044843429,0,-5921509838851905,0,5344255547365971,0,-2447467762872578,0,614132502286230,0,-87371932698954,0,7066272514038,0,-317638681110,0,7650168831,0,-93848765,0,542397,0,-1266,0,1 # steer t=19461 want_r=24 k=2 base=12T241
14387770146816,0,-19647178518528,0,10451569589248,0,-3084209189376,0,579717289728,0,-74276630784,0,6713818048,0,-433974688,0,19993072,0,-642192,0,13684,0,-174,0,1 # steer t=19461 want_r=24 k=2 base=12T241
2988354964,0,-8403558072,0,9985181817,0,-6684177533,0,2826280295,0,-799347842,0,155635409,0,-21063363,0,1966969,0,-123310,0,4895,0,-109,0,1 # steer t=19461 want_r=24 k=2 base=12T241
117295219844142061684,0,-478710416111691618888,0,833018401488828028212,0,-804358296457920886490,0,469166421819406236135,0,-168308962324339901523,0,36081990984850802666,0,-4246892897974588539,0,226727031695497155,0,-3017081152424210,0,323920455012,0,-2301744,0,1 # steer t=19461 want_r=24 k=2 base=12T241
170741895921,0,-351984003120,0,280111922280,0,-122757221979,0,34033658787,0,-6388452261,0,840146256,0,-78441129,0,5179788,0,-236520,0,7101,0,-126,0,1 # steer t=19461 want_r=24 k=2 base=12T241
1104924760366023729,0,-1010015737443593034,0,264871105821092150,0,-34901561607714250,0,2771567147910651,0,-144085758237104,0,5104066216884,0,-125028341880,0,2106045931,0,-23717750,0,167806,0,-654,0,1 # steer t=19461 want_r=24 k=2 base=12T241
181829,0,-1081974,0,2854074,0,-4396393,0,4384143,0,-2964627,0,1383920,0,-445251,0,96846,0,-13686,0,1173,0,-54,0,1 # steer t=19461 want_r=24 k=2 base=12T241
23411502801207296,0,-68467706329817088,0,82175743431936000,0,-52850923264673792,0,19890883451013888,0,-4477606277870208,0,590598310381760,0,-43061242625280,0,1579665260592,0,-23205134136,0,38608764,0,-14856,0,1 # steer t=19462 want_r=24 k=2 base=12T241
283630564399053013596,0,-858705417060219973224,0,1035679699483538148090,0,-642899592033215328990,0,222743141268730856901,0,-44077220265862569150,0,4886840975778855495,0,-282242044028379672,0,7232311993342464,0,-65835119358999,0,11591930223,0,-333216,0,1 # steer t=19462 want_r=24 k=2 base=12T241
1418275974838819088795,0,-2641077357017852768490,0,1947457303913228037054,0,-721033061912453500864,0,140236300404050129805,0,-13686462204660467706,0,583995651936992297,0,-8586299703271770,0,42806242056561,0,-81000497720,0,57213399,0,-13938,0,1 # steer t=19462 want_r=24 k=2 base=12T241
117547961328506937026529,0,-445378364422147186296138,0,695852753945144349693501,0,-578303560785972859202670,0,274393445734354409343942,0,-73941367503574338558366,0,10566458770610430116384,0,-684923626397352888642,0,13568116902496335078,0,-81137467729834286,0,1869931077621,0,-5506278,0,1 # steer t=19462 want_r=24 k=2 base=12T241
3916118789034677062400,0,-6507490498360460860800,0,4200814423118072420400,0,-1332077842433605105200,0,217597110838036603605,0,-17855630992631150370,0,663393165935360300,0,-9056562195224760,0,43889050504281,0,-81828608940,0,57454032,0,-13950,0,1 # steer t=19462 want_r=24 k=2 base=12T241
23725980029582725,0,-107282702900105850,0,210219859346214600,0,-233558165539969375,0,161438123060519040,0,-71555874899433075,0,20161440409079400,0,-3438797529593745,0,316668391180344,0,-11784973612111,0,3942270930,0,-201348,0,1 # steer t=19462 want_r=24 k=2 base=12T241
186962619413977444,0,-357860894090990904,0,228643759321722825,0,-63462002200347585,0,8765698756440931,0,-661585093898798,0,29312622924701,0,-794271219807,0,13285592905,0,-133664358,0,747183,0,-1897,0,1 # steer t=19462 want_r=24 k=2 base=12T241
321598601,0,-835911465,0,968846679,0,-664825526,0,301772412,0,-95692698,0,21779357,0,-3590361,0,426018,0,-35520,0,1977,0,-66,0,1 # steer t=19462 want_r=24 k=2 base=12T241
84271664,0,-263060880,0,365153772,0,-297896960,0,159020853,0,-58496892,0,15199975,0,-2809878,0,366582,0,-32896,0,1926,0,-66,0,1 # steer t=19462 want_r=24 k=2 base=12T241
902556001560658016281,0,-1343605664117732913384,0,735174252765940746753,0,-190919013176344476728,0,24997648840223274480,0,-1633725975220181658,0,49353668493201092,0,-633835621643238,0,3584541362040,0,-9418958578,0,11332353,0,-5814,0,1 # steer t=19462 want_r=24 k=2 base=12T241
1472690648931049,0,-5599944349212792,0,8874399808641546,0,-7614852321623856,0,3843547501604223,0,-1160403368481936,0,204282643319980,0,-19694090199552,0,940069388151,0,-17768956728,0,33157482,0,-13968,0,1 # steer t=19462 want_r=24 k=2 base=12T241
333511173998048341955,0,-755635334302867871280,0,639171653881344042276,0,-252978049319673185532,0,47847702509960939160,0,-3987623635477486647,0,110631038105574628,0,-1310372720897205,0,7254162603486,0,-18122597025,0,18029166,0,-7239,0,1 # steer t=19462 want_r=24 k=2 base=12T241
-68134187008,0,-281455298560,0,-482899091456,0,-449125913088,0,-246995188480,0,-81968775552,0,-16052036032,0,-1750493600,0,-98920992,0,-2636736,0,-24752,0,26,0,1 # steer t=19530 want_r=2 k=1 base=12T167
-87091446282642192165799,0,-368690993409073314665915,0,-68840493214199134010828,0,-5452968113677381640070,0,-240484998357869432227,0,-6516197417738765026,0,-112056995521151531,0,-1208223096075346,0,-7655456606527,0,-24039511366,0,-21716504,0,-5771,0,1 # steer t=19530 want_r=2 k=1 base=12T167
-7948231596,0,-30083103540,0,-29030614164,0,4854497022,0,22717567476,0,14476234140,0,4288134735,0,657695052,0,51585336,0,2070279,0,40716,0,342,0,1 # steer t=19530 want_r=2 k=1 base=12T167
-269125739,0,-1908288249,0,-1597806638,0,305673924,0,602198697,0,64197682,0,-70594121,0,-16570066,0,2527288,0,1013181,0,-17196,0,3,0,1 # steer t=19530 want_r=2 k=1 base=12T167
-26702917699,0,-126163264207,0,-141473970841,0,-53619563621,0,-32773098827,0,-28343727530,0,-8860118941,0,-1080247790,0,-45240413,0,-147315,0,12140,0,-226,0,1 # steer t=19530 want_r=2 k=1 base=12T167
-22275403278307850601389,0,-54663130392607351663554,0,127195792556648786760087,0,347552975038529707376764,0,198047754141574519001052,0,10095082725385889612712,0,133877689439883875313,0,566743931430691842,0,797280756466617,0,476884296082,0,137908590,0,19044,0,1 # steer t=19530 want_r=2 k=1 base=12T167
-7231974793,0,-42838872774,0,-100243038580,0,-118053763554,0,-71466439221,0,-18144408604,0,647918640,0,678377692,0,-63178819,0,1939458,0,-19132,0,-26,0,1 # steer t=19530 want_r=2 k=1 base=12T167
-5499054922211,0,4178481844839,0,39022749224337,0,36816043391447,0,11165353368523,0,1523936202192,0,116460163604,0,5520175931,0,169616984,0,3398843,0,43016,0,313,0,1 # steer t=19530 want_r=2 k=1 base=12T167
-95490977,0,-1387906785,0,-5440574604,0,-9536583857,0,-8888202765,0,-4605337116,0,-1257407751,0,-160906554,0,-9862515,0,-274934,0,-2025,0,51,0,1 # steer t=19530 want_r=2 k=1 base=12T167
-310324125159,0,-2137383657846,0,-2787666015744,0,-1622859256125,0,-526041654345,0,-102938152752,0,-12295713965,0,-842745480,0,-25693817,0,160447,0,16959,0,-293,0,1 # steer t=19530 want_r=2 k=1 base=12T167
-853837,0,-9824440,0,-13582562,0,297437,0,1087289,0,-2848777,0,1461800,0,1230106,0,527803,0,72963,0,4240,0,108,0,1 # steer t=19530 want_r=2 k=1 base=12T167
-178498254476812765923371,0,-220456148644148610218512,0,-32230193684333976285689,0,-2103904165486344584188,0,-77767812895330135862,0,-1774407431866260424,0,-25581481632220213,0,-227257693199308,0,-1129763743238,0,-2313453184,0,678711,0,-324,0,1 # steer t=19530 want_r=2 k=1 base=12T167
-494213996,0,-1687900164,0,-2135831548,0,-1423506510,0,-568555634,0,-142441422,0,-21970009,0,-1784161,0,-1078,0,15238,0,1499,0,63,0,1 # steer t=19530 want_r=2 k=1 base=12T167
-4734493165859,0,-15874112304441,0,-8654954522113,0,-2119426862952,0,-279478105223,0,-18976309846,0,-192707025,0,81244859,0,7733686,0,364674,0,9988,0,152,0,1 # steer t=19530 want_r=2 k=1 base=12T167
-19477773892186112,0,-29403877848100864,0,-8950288331082752,0,-1093872541168640,0,-47559346419200,0,1558692739840,0,207488622656,0,3639808960,0,-197642256,0,-7365752,0,-46940,0,-60,0,1 # steer t=19530 want_r=2 k=1 base=12T167
-9055690757901,0,-5782572741375,0,8389436839146,0,2045609974164,0,-3772829793549,0,-661110403272,0,404953112407,0,68071699160,0,46622002107,0,18707693568,0,-20288780,0,4115,0,1 # steer t=19530 want_r=2 k=1 base=12T167
-1138800075892943705999,0,-1460028500918364928122,0,-239722686252498419274,0,-18366977340150788258,0,-829092624883887231,0,-24084765619349963,0,-465066580161700,0,-5947950058061,0,-48270452288,0,-220849039,0,-374873,0,548,0,1 # steer t=19530 want_r=2 k=1 base=12T167
-16004809918711,0,-30651253424119,0,-8802198426475,0,-697152324374,0,51536079491,0,10789273125,0,352102266,0,-29897734,0,-2286178,0,-10852,0,3227,0,104,0,1 # steer t=19530 want_r=2 k=1 base=12T167
-2802619906859,0,-23050722032554,0,-58863903720680,0,-61593865754483,0,-23748415197515,0,2363504293992,0,3481228238373,0,268616744276,0,-93417112551,0,18500304547,0,-20011833,0,3997,0,1 # steer t=19530 want_r=2 k=1 base=12T167
-4425899372145454031,0,-6325363452312753567,0,-1966508939789698218,0,-221660518536609530,0,-13121001614031561,0,-468704861846946,0,-10639543031013,0,-152460717768,0,-1250076879,0,-3215867,0,37317,0,363,0,1 # steer t=19530 want_r=2 k=1 base=12T167
-2061676061,0,-189589382216,0,-186940436257,0,-76004272195,0,-15992984016,0,-1666468279,0,-17767990,0,17687535,0,2377003,0,156678,0,5850,0,118,0,1 # steer t=19530 want_r=2 k=1 base=12T167
-308626293598633,0,-1977299215551751,0,-5178141295144002,0,-7136000752921461,0,-5501639741968145,0,-2287620284353764,0,-428678124640383,0,-16322586981952,0,-160371353461,0,-273089390,0,1243581,0,-2641,0,1 # steer t=19530 want_r=2 k=1 base=12T167
-532625481,0,-492281892117,0,-1332065210787,0,2649966625329,0,5768897909697,0,3982878665694,0,1479970701905,0,381869403288,0,39538757263,0,1281562811,0,380312,0,2394,0,1 # steer t=19530 want_r=2 k=1 base=12T167
-8444625145856,0,-388279054778368,0,-191427006727168,0,-38914187363840,0,-4094203908096,0,-213307939712,0,-1137151360,0,566001120,0,38032048,0,1253424,0,23400,0,236,0,1 # steer t=19530 want_r=2 k=1 base=12T167
-35741036619487,0,-229730529423039,0,-290724081828120,0,-175222054232697,0,-61759480606298,0,-13739440698948,0,-1967180916393,0,-176695251526,0,-9078748119,0,-201244297,0,255431,0,-1601,0,1 # steer t=19530 want_r=2 k=1 base=12T167
-4096,0,94208,0,-86016,0,-236544,0,343808,0,56960,0,-248512,0,97248,0,-12480,0,568,0,-44,0,-2,0,1 # steer t=19530 want_r=6 k=1 base=12T167
-312643309,0,-1741285898,0,-3020268859,0,-2265119632,0,-579133508,0,120448550,0,-19825531,0,-28062652,0,5938948,0,-225990,0,-6307,0,-44,0,1 # steer t=19530 want_r=6 k=1 base=12T167
-2029000652789,0,-4495562781543,0,-1191030153402,0,124038667831,0,95366797254,0,15991396290,0,1127354343,0,11229273,0,-3279699,0,-192575,0,-3168,0,33,0,1 # steer t=19530 want_r=6 k=1 base=12T167
-2140609,0,25312255,0,46467485,0,-78806146,0,-234897898,0,25241238,0,307520541,0,32043466,0,56420,0,-60395,0,-433,0,58,0,1 # steer t=19530 want_r=6 k=1 base=12T167
-889319,0,626226,0,6615296,0,3083484,0,-2609429,0,-178512,0,166516,0,-130460,0,40395,0,-1602,0,-500,0,-32,0,1 # steer t=19530 want_r=6 k=1 base=12T167
-449555370990964019,0,-2362566236985726506,0,-5057876732409192332,0,-5603140893766925622,0,-3347929184136727405,0,-1005567476238314471,0,-118866632402239546,0,-2783278543108565,0,169563206757480,0,-472198010809,0,-999711715,0,8438,0,1 # steer t=19530 want_r=6 k=1 base=12T167
-1121058184114597,0,-2485212776610561,0,718902571674102,0,476528376492544,0,-886588723652730,0,414712039294208,0,-58120094393275,0,1997810869005,0,-24302119191,0,115408639,0,-226234,0,470,0,1 # steer t=19530 want_r=6 k=1 base=12T167
-56805552370841,0,47331625797330634,0,72857673395675274,0,-501235301856898365,0,421085623789469087,0,-125725607700676358,0,12209993088255115,0,-3114394808105206,0,-148588110742937,0,-1488502564863,0,-97184699,0,-35993,0,1 # steer t=19530 want_r=6 k=1 base=12T167
-269931324224649067938199,0,-207149674509969262242351,0,454951246604265988864129,0,636122341241713197851890,0,305288540051370558374697,0,65089073469507315166415,0,5266455386630218819820,0,9685175924874752341,0,-55940286566908494,0,-69368106307524,0,-471366063,0,442759,0,1 # steer t=19530 want_r=6 k=1 base=12T167
-5194303,0,-42935435,0,3468944177,0,-29443292167,0,29011681248,0,78588710208,0,236379226234,0,23227802181,0,577229685,0,1755663,0,-42172,0,237,0,1 # steer t=19530 want_r=6 k=1 base=12T167
-160555765781902584211,0,-136888765335090859590,0,53468542139561808932,0,-5821349495866792313,0,-28978630055838359,0,58796790272653290,0,-5586131945606427,0,251835359806136,0,-5818089491109,0,56832505307,0,-41449427,0,5549,0,1 # steer t=19530 want_r=6 k=1 base=12T167
-33511188533311,0,-53818665499447,0,143055724667672,0,119426992780419,0,-228492893481056,0,12113110161688,0,35727827399089,0,5247054373497,0,183637840083,0,2061661711,0,7585187,0,5226,0,1 # steer t=19530 want_r=6 k=1 base=12T167
-11039790427421499449,0,-20521038087574773079,0,-7363393962202124517,0,-1150405309390242695,0,-92047114182912214,0,-3788348306880544,0,-69552168566373,0,-243904040690,0,5341238344,0,18493897,0,-164503,0,-79,0,1 # steer t=19530 want_r=6 k=1 base=12T167
-410231,0,-4708952,0,22244482,0,-16393912,0,-29281409,0,52009904,0,-24091492,0,-3781584,0,3817623,0,612648,0,-12990,0,8,0,1 # steer t=19530 want_r=6 k=1 base=12T167
-51932402142162091,0,-258075755409730654,0,149923993614062599,0,874951989477470868,0,-902771711377625020,0,143760072751058674,0,9463390300220941,0,38594682468398854,0,-576214727832640,0,1977889720348,0,178462255,0,39014,0,1 # steer t=19530 want_r=6 k=1 base=12T167
-85165145031397054194191,0,-190095483534726614301088,0,-28230977765129789585597,0,-1857570230555995832914,0,-69082343300056783747,0,-1569523870450862138,0,-21891472139336072,0,-174228174352149,0,-580275050933,0,1011052721,0,7883205,0,-12307,0,1 # steer t=19530 want_r=6 k=1 base=12T167
-22732187,0,-164271126,0,-212723095,0,469790042,0,522584794,0,-625524138,0,294725225,0,-59167454,0,4053229,0,-5077,0,-5525,0,-16,0,1 # steer t=19530 want_r=6 k=1 base=12T167
-531441,0,-138192315355755,0,-1133344218649140,0,7150309861618836,0,-7294909175568585,0,3141429333627654,0,-382766385859983,0,94663528126020,0,-4085590899177,0,47006203392,0,-29200464,0,6303,0,1 # steer t=19530 want_r=6 k=1 base=12T167
-19706697480466493605769,0,-27488754607240242504707,0,-4212610966962202323935,0,-287910740670524048269,0,-11025510006274538695,0,-253838607420521944,0,-3481161579435673,0,-25123497792538,0,-41795603947,0,524484956,0,1698922,0,-5963,0,1 # steer t=19530 want_r=6 k=1 base=12T167
-1,0,-1,0,9,0,-6,0,-16,0,26,0,5,0,-30,0,6,0,13,0,-5,0,-2,0,1 # steer t=19530 want_r=6 k=1 base=12T167
-224046962561,0,2169310492835,0,361936078988,0,-2382588884750,0,-1512127830243,0,-1820457478470,0,140296263647,0,-360885656250,0,-51729707577,0,-1745058500,0,-3241346,0,-2105,0,1 # steer t=19530 want_r=6 k=1 base=12T167
-989203965743875161481,0,-7569856687092317426828,0,-1085761208522461094375,0,-46685863922633571805,0,287900991670494741,0,75549000926630365,0,1940445160391803,0,12205708430841,0,-99082938678,0,-557638154,0,-540806,0,717,0,1 # steer t=19530 want_r=6 k=1 base=12T167
-26727954601,0,-6589225578673,0,23648796066837,0,-24560299639506,0,13897979437794,0,-3812208913198,0,189692716157,0,55419111828,0,1581180066,0,8194135,0,-62793,0,322,0,1 # steer t=19530 want_r=6 k=1 base=12T167
-113497696083389,0,-268034328816593,0,-187988003644882,0,-63362045937162,0,-11265042413831,0,-922517680744,0,4772179231,0,5705285386,0,138968357,0,-14077656,0,143898,0,-747,0,1 # steer t=19530 want_r=6 k=1 base=12T167
-408366210827,0,-573846398087,0,783119474886,0,2514903823213,0,2559902990253,0,1185920913682,0,172728554335,0,-19577401262,0,481954707,0,-3451264,0,9949,0,-255,0,1 # steer t=19530 want_r=6 k=1 base=12T167
-15326387896331,0,-36446943656658,0,-12420621198828,0,-610234591163,0,275344062228,0,36937952856,0,-351145452,0,-276872589,0,-10444815,0,295885,0,11787,0,-270,0,1 # steer t=19530 want_r=10 k=1 base=12T167
-85315063081955743301,0,-228856845224752744981,0,-43749852621855303077,0,-2818835891410666775,0,-15213757227767880,0,6474544541961012,0,308831204555055,0,5100169378676,0,6390318132,0,-378885135,0,1462009,0,-2057,0,1 # steer t=19530 want_r=10 k=1 base=12T167
-89231,0,-817835,0,9363317,0,-19303929,0,7033747,0,-546289,0,12481348,0,-4177455,0,431455,0,-14427,0,347,0,-40,0,1 # steer t=19530 want_r=10 k=1 base=12T167
-2953184581,0,-1216197030,0,4225333168,0,1147183632,0,-1398377803,0,-348723413,0,18791588,0,8066687,0,150290,0,-45571,0,-1669,0,30,0,1 # steer t=19530 want_r=10 k=1 base=12T167
-68999965098731015561,0,-2635763881760340198368,0,6455322486529694009620,0,-6127532174290974775035,0,2862257843829758817047,0,-653910814549131359374,0,55498091650052512228,0,903025314345745997,0,4235977648841179,0,6264010153447,0,1869324002,0,162698,0,1 # steer t=19530 want_r=10 k=1 base=12T167
-609375898783528357681,0,-2455073097772689191652,0,697414185666906199479,0,-79979832035010490110,0,5019668232743315102,0,-190885977496086166,0,4522005494803303,0,-64941274988824,0,505236143624,0,-1395791722,0,-2742727,0,-1426,0,1 # steer t=19530 want_r=10 k=1 base=12T167
-64031565889207216,0,-274640391049985775488,0,-19235891039374136692064,0,-19068355787418209416204,0,6373527863752870417132,0,7139786588633164387930,0,-341684052185395512357,0,2476016020629213363,0,27496758522587396,0,18149525382382,0,-10982098036,0,-27558,0,1 # steer t=19530 want_r=10 k=1 base=12T167
-6287987440222695391,0,-21773359765556581538,0,-17786565385742831528,0,855949792655685274,0,3764401618346046850,0,356367294348512726,0,-138327016493997059,0,4287653081600558,0,179221005951618,0,462292170626,0,-1000301915,0,-8426,0,1 # steer t=19530 want_r=10 k=1 base=12T167
-2200582113574765200769,0,-10034031637012551715077,0,-15007643319488529516367,0,-3475575967713773943386,0,12267178283831138567078,0,11891254299188248637902,0,3316526809551931422555,0,-6216776430451999814,0,-50101791204067070,0,64368975811867,0,-358138753,0,-439816,0,1 # steer t=19530 want_r=10 k=1 base=12T167
-1232760982893137,0,-2013713166780463,0,621393899553657,0,-25070370429712,0,-8313434696360,0,900558372144,0,5584493004,0,-4924639138,0,242199883,0,-2832796,0,-33607,0,-177,0,1 # steer t=19530 want_r=10 k=1 base=12T167
-11035056041,0,-282377418564,0,-1524191337456,0,-3507470348782,0,-4030332322734,0,-2373623307405,0,-657547117725,0,-52516728198,0,5126986431,0,-117350932,0,910083,0,-1839,0,1 # steer t=19530 want_r=10 k=1 base=12T167
-11507271322011626053471,0,63161476458836352408950,0,274357245336175844415893,0,326181596801156061939947,0,138447048291844635249361,0,10942019609389194020590,0,-997201229574740557228,0,14720579375345285501,0,-7631435641268158,0,-3763089523989,0,-387324277,0,-299,0,1 # steer t=19530 want_r=10 k=1 base=12T167
-1713456733319040389,0,-3117430741372778025,0,767600097947298042,0,-81860188387976708,0,5166688353816105,0,-215830205849610,0,6278162745903,0,-129860471538,0,1910617515,0,-19596926,0,133452,0,-543,0,1 # steer t=19530 want_r=10 k=1 base=12T167
-531441,0,-2280767625,0,-161975245185,0,-198286876611,0,174008604699,0,183864906315,0,-42530459238,0,-92701098,0,259325631,0,2530548,0,-112617,0,-60,0,1 # steer t=19530 want_r=10 k=1 base=12T167
-11173671700690104859,0,88770183986774338411,0,-77816989589235080715,0,-159699003972490470691,0,220527497512547071117,0,-65480913230215675603,0,4643387986938891838,0,121640317413249433,0,864814020052563,0,1863701035051,0,828756499,0,107934,0,1 # steer t=19530 want_r=10 k=1 base=12T167
-4026252810454544,0,-43707633292829728,0,-170124402777395608,0,-334659247985961692,0,-370925916111175600,0,-234802142084796900,0,-78694864459830829,0,-10394691297751018,0,206894680918558,0,-825875190247,0,961793656,0,-62200,0,1 # steer t=19530 want_r=10 k=1 base=12T167
-7205795143943419279,0,-9807035093370821248,0,46889174149795404802,0,134047371776683986040,0,133824570773301983695,0,57878413721843291488,0,8095826420345300892,0,-530230502793356656,0,1429760989475103,0,9002397301600,0,-1769969918,0,-183624,0,1 # steer t=19530 want_r=10 k=1 base=12T167
-27614894391447152269,0,-24957775319044639136,0,5197426754507971866,0,-374529662907885384,0,10667740522011045,0,17431945200913,0,-7229772267595,0,102060944889,0,1014647994,0,-27403525,0,117093,0,-625,0,1 # steer t=19530 want_r=10 k=1 base=12T167
-13001938293899,0,-44829259727216,0,-39059769303864,0,-5975691441164,0,2505671129320,0,517009782288,0,-26980393235,0,-3460704700,0,65854198,0,5948712,0,5239,0,-704,0,1 # steer t=19530 want_r=10 k=1 base=12T167
-5821818320681,0,-55362321406767,0,8883942066282,0,5956378552670,0,525232217439,0,-44244863046,0,-9132342213,0,-425496168,0,2100771,0,538133,0,2667,0,-237,0,1 # steer t=19530 want_r=10 k=1 base=12T167
-49121,0,2138490107,0,-4820130879,0,-12277587167,0,18668263783,0,-8762298766,0,8453549667,0,-3748202032,0,791293237,0,-109398461,0,177156,0,-1576,0,1 # steer t=19530 want_r=10 k=1 base=12T167
-185162186689,0,-444553580938,0,-384767246600,0,-150338852381,0,-22506146048,0,1578044036,0,804431697,0,43741104,0,-5482738,0,-286108,0,20933,0,-273,0,1 # steer t=19530 want_r=10 k=1 base=12T167
-484469,0,3404423270,0,-4099038044840,0,1149816259221730,0,-107378220625593853,0,2306281833630508162,0,15873503194021248332,0,324584351155363675,0,2031926191780691,0,4014470522092,0,1439182018,0,147542,0,1 # steer t=19530 want_r=10 k=1 base=12T167
-71,0,-8937647619,0,-162473698877769903,0,-24502197166230112468,0,-71622007474035178637,0,-52429153379459836959,0,-5786028311103489193,0,-156587250156108813,0,536114029477597,0,-427473462267,0,139328485,0,-19874,0,1 # steer t=19530 want_r=10 k=1 base=12T167
-177867648537965813260963,0,-181846978430592370164655,0,19982896957634789627633,0,-816130408933353385777,0,14751778488538435407,0,-65952699408861490,0,-1502024043024345,0,17992857804171,0,16638096117,0,-862091153,0,2070763,0,-3182,0,1 # steer t=19530 want_r=10 k=1 base=12T167
171437321792674,0,-253215553590744,0,126637610523348,0,-32797591580156,0,5170228603110,0,-537460967268,0,38423072850,0,-1924673148,0,67562730,0,-1629860,0,25752,0,-240,0,1 # steer t=19534 want_r=24 k=2 base=12T168
15007653346,0,-31183589592,0,27855518340,0,-14385764108,0,4831159830,0,-1118463684,0,183812210,0,-21671340,0,1823130,0,-106900,0,4152,0,-96,0,1 # steer t=19534 want_r=24 k=2 base=12T168
1946235926074896,0,-2983610934857232,0,1433176541306028,0,-344595274734564,0,49133842493913,0,-4498536108096,0,274856096178,0,-11360406492,0,315649467,0,-5735448,0,64314,0,-396,0,1 # steer t=19534 want_r=24 k=2 base=12T168
271391324,0,-771985680,0,972680166,0,-718341892,0,346568205,0,-115136640,0,27017778,0,-4512948,0,532602,0,-43312,0,2304,0,-72,0,1 # steer t=19534 want_r=24 k=2 base=12T168
85517193124769,0,-120232389679668,0,66275434769346,0,-19803705093828,0,3652465921455,0,-443198484072,0,36496860700,0,-2059520808,0,78975375,0,-1999972,0,31554,0,-276,0,1 # steer t=19534 want_r=24 k=2 base=12T168
94573369501764954450556,0,-124597005549451217183376,0,55641943927502540201046,0,-9995261834900984302076,0,761458135444702355973,0,-26046584921561063064,0,414670536741513578,0,-3147460933176444,0,11144492112978,0,-19806175528,0,17809368,0,-7368,0,1 # steer t=19534 want_r=24 k=2 base=12T168
174826434223665667881,0,-183993228057243168576,0,32139520069091528970,0,-2678148741206734020,0,133203824962754382,0,-4330010243371056,0,95787721824652,0,-1460422025268,0,15214273794,0,-104967992,0,449952,0,-1056,0,1 # steer t=19534 want_r=24 k=2 base=12T168
138181078335649261968199,0,-177219592068601274550308,0,42935598582177497396438,0,-4069801642360361128372,0,187323087367070717689,0,-4579108372638984814,0,63116461537344539,0,-503597925808976,0,2315923138668,0,-5897822156,0,7678317,0,-4648,0,1 # steer t=19666 want_r=24 k=2 base=12T87
38296762538425,0,-145082814304600,0,222448625070044,0,-176328223753644,0,76425711930376,0,-17645136446102,0,2011692624046,0,-117200929732,0,3533872676,0,-53050648,0,367981,0,-1062,0,1 # steer t=19666 want_r=24 k=2 base=12T87
88266474838909602348023,0,-209971762613551751712478,0,195414041756928187232179,0,-89296021804322749853390,0,20356692870049964804801,0,-1991942405639917912634,0,40569774973916627698,0,-303924878434929108,0,936368445334182,0,-1050481877440,0,371535285,0,-38430,0,1 # steer t=19666 want_r=24 k=2 base=12T87
2805732970496,0,-4204466167808,0,2556327555072,0,-871342760960,0,189548154880,0,-28083045376,0,2930318016,0,-218259584,0,11566976,0,-426768,0,10432,0,-152,0,1 # steer t=19666 want_r=24 k=2 base=12T87
129722164584926525,0,-185577124883630800,0,76326292554652125,0,-15150658208455400,0,1718240513630318,0,-120116613062958,0,5364454746493,0,-154721434574,0,2851468635,0,-32461306,0,214290,0,-736,0,1 # steer t=19666 want_r=24 k=2 base=12T87
513308975867,0,-1061348385252,0,876209441772,0,-391981781108,0,107523852290,0,-19294386196,0,2346397560,0,-196459988,0,11313064,0,-439154,0,10951,0,-158,0,1 # steer t=19666 want_r=24 k=2 base=12T87
18017592678779,0,-69339889874491,0,109877991363157,0,-92947587671790,0,45451831098061,0,-12953087443237,0,2049428515749,0,-158812301117,0,4666560231,0,-58635345,0,349057,0,-966,0,1 # steer t=19666 want_r=24 k=2 base=12T87
13004488580873247971137,0,-31016511060862684002864,0,27807454137470681675634,0,-11761760497681350373112,0,2387578187525697400913,0,-204913145678187831252,0,4628071929516382946,0,-41186110900951676,0,158886574915506,0,-244633318760,0,131623716,0,-22364,0,1 # steer t=19666 want_r=24 k=2 base=12T87
356107881706395625,0,-517589991470755750,0,195289576380028325,0,-34820619406896100,0,3525534494832600,0,-219870343335180,0,8779819109574,0,-227425757314,0,3790224764,0,-39411552,0,240864,0,-776,0,1 # steer t=19666 want_r=24 k=2 base=12T87
23608068959565401,0,-28551201005577172,0,13227383449519422,0,-3197384930111944,0,454388196012314,0,-40194487474102,0,2269618822610,0,-82004104806,0,1858073510,0,-25181390,0,188451,0,-702,0,1 # steer t=19666 want_r=24 k=2 base=12T87
3705965023114466799616,0,-6797897554323700105216,0,4852985241821143822336,0,-1706856106985097257472,0,311398190239683026176,0,-28961301525128411648,0,1254257538115072512,0,-21397475277649696,0,83555230525952,0,-106039170040,0,56274592,0,-12634,0,1 # steer t=19666 want_r=24 k=2 base=12T87
811423723902016,0,-3149055059122944,0,5025472856506064,0,-4247068652744592,0,2037971131139888,0,-551937229322892,0,78638224165075,0,-5100550744989,0,145345578637,0,-1826546144,0,9289753,0,-12452,0,1 # steer t=19666 want_r=24 k=2 base=12T87
9201593929137377,0,-14354423979601416,0,8961775392767720,0,-2965605885163000,0,573330927636476,0,-66910581547826,0,4709928657994,0,-196105352400,0,4688809804,0,-60934316,0,391101,0,-1082,0,1 # steer t=19666 want_r=24 k=2 base=12T87
1088049771601,0,-2448656352636,0,2297612384964,0,-1177744081072,0,363447671184,0,-70420623858,0,8729796894,0,-698073948,0,35866584,0,-1158976,0,22425,0,-234,0,1 # steer t=19666 want_r=24 k=2 base=12T87
2603985080868302803456,0,4104705218742219032064,0,1903116152883553778560,0,355276253987476492032,0,29283470390027145760,0,1177926787192978848,0,25044279000549720,0,290588772964000,0,1834966086596,0,6004251572,0,9125265,0,5384,0,1 # steer t=19677 want_r=0 k=1 base=12T91
353485928117587100289219,0,223546377345576698519361,0,22573131449703908587839,0,963064064261439761985,0,23217275606687157771,0,357943156070580990,0,3748693752355231,0,27412559558445,0,140639149509,0,497742010,0,1160025,0,1605,0,1 # steer t=19677 want_r=0 k=1 base=12T91
1340174743668316857152,0,1485273538710084339840,0,305133470888835742688,0,29802315681175554560,0,1711145832560076744,0,62713248119850304,0,1511254936964896,0,23850911641752,0,237685962834,0,1379114704,0,3998216,0,4700,0,1 # steer t=19677 want_r=0 k=1 base=12T91
195470401011328,0,294337877104896,0,132055557546256,0,30854805599392,0,4494212154496,0,442905504568,0,30747455869,0,1528594360,0,54317815,0,1350645,0,22369,0,222,0,1 # steer t=19677 want_r=0 k=1 base=12T91
7486195315035513574928,0,5518126423061992468608,0,605721345144134813720,0,31997413655061540928,0,1027085532085486534,0,22042629164779520,0,330923903038080,0,3540043174976,0,26953623955,0,143019360,0,503258,0,1056,0,1 # steer t=19677 want_r=0 k=1 base=12T91
680269696,0,1696713984,0,1882215744,0,1232242752,0,531657176,0,159595200,0,34236016,0,5295456,0,586818,0,45480,0,2342,0,72,0,1 # steer t=19677 want_r=0 k=1 base=12T91
43930386833235121,0,38404231003051950,0,10824081357557271,0,1614632203759981,0,151040086543809,0,9585071485965,0,429021179349,0,13758017949,0,315358632,0,5056708,0,53976,0,345,0,1 # steer t=19677 want_r=0 k=1 base=12T91
16073203021,0,35724887092,0,33020536214,0,17332700884,0,5848128615,0,1348633192,0,219238596,0,25413704,0,2090603,0,119268,0,4486,0,100,0,1 # steer t=19677 want_r=0 k=1 base=12T91
4700026789723648,0,4672625327382144,0,1581739879841272,0,286588970899968,0,32666311904624,0,2527254268560,0,137807977889,0,5376206400,0,149621171,0,2905680,0,37451,0,288,0,1 # steer t=19677 want_r=0 k=1 base=12T91
64030623289,0,116927624124,0,92202138410,0,42133047804,0,12536320671,0,2573276472,0,375112940,0,39237912,0,2929287,0,152460,0,5258,0,108,0,1 # steer t=19677 want_r=0 k=1 base=12T91
571054294586645753,0,2680493785199796670,0,5216619398179339436,0,5396981457349676012,0,3146531097935828213,0,997009917824330722,0,145541842859153863,0,5318700756303408,0,69209184888796,0,326175485388,0,375344851,0,59288,0,1 # steer t=19677 want_r=0 k=1 base=12T91
3602297,0,17077993,0,35212000,0,41660900,0,31445370,0,15925754,0,5539585,0,1330458,0,218324,0,23777,0,1623,0,62,0,1 # steer t=19677 want_r=0 k=1 base=12T91
11641809274830559744,0,26283383701341627392,0,23951813748554815488,0,11268382848635178624,0,2916400017203732032,0,415103033992383296,0,31877335788846856,0,1243041323470096,0,20538552525608,0,71466534720,0,76423077,0,16632,0,1 # steer t=19677 want_r=0 k=1 base=12T91
351613461549077251072,0,1150598863982048292096,0,1437470172469781381376,0,845646869401233614464,0,230173013535334332480,0,23822090544370120704,0,857072117777484336,0,9420425559045396,0,45130004666964,0,101425033900,0,97072512,0,25605,0,1 # steer t=19677 want_r=0 k=1 base=12T91
12100586903476462592,0,19971745242400273408,0,10056897195408529152,0,2271077252464956928,0,259727783094070784,0,16002061600086272,0,561292348385792,0,11421833920512,0,131828062636,0,807304940,0,2369017,0,2678,0,1 # steer t=19677 want_r=0 k=1 base=12T91
123256600853806818443887,0,86134361001185915781530,0,7499396254504169028628,0,310634528300389814734,0,7789003869197588859,0,130316193558804004,0,1523005109851200,0,12667842963772,0,74912708245,0,308396002,0,841004,0,1366,0,1 # steer t=19677 want_r=0 k=1 base=12T91
511893262277465804812,0,1133178005438708056420,0,1026472633924800255310,0,493058786351156558882,0,135516678583119513253,0,21374843687899693098,0,1835510103178138080,0,76236527737696906,0,1192930056255774,0,2130833636114,0,1070197314,0,63348,0,1 # steer t=19677 want_r=0 k=1 base=12T91
25168509611900948833,0,48160602852327382508,0,35932515695585547394,0,13714610267144365244,0,2987407830007585327,0,389415298973900760,0,30419646882450588,0,1351438213178584,0,29307662262095,0,194784796220,0,400528386,0,39532,0,1 # steer t=19677 want_r=0 k=1 base=12T91
45155772362837,0,-62493398589596,0,33800744415918,0,-10027354100676,0,1861293568835,0,-230289790584,0,19578836804,0,-1155445064,0,47038431,0,-1289468,0,22614,0,-228,0,1 # steer t=19679 want_r=24 k=2 base=12T92
13427828699086449,0,-25594318898225538,0,16527729440775343,0,-5129500277529514,0,859728339534924,0,-81564645107001,0,4525997323494,0,-149725824246,0,2973633501,0,-34993110,0,232980,0,-787,0,1 # steer t=19679 want_r=24 k=2 base=12T92
17941884635138614337,0,-24371783089526803348,0,10033164187565316375,0,-1860597817638245974,0,176295332825406078,0,-9013590684846699,0,261774606121242,0,-4459436461728,0,45192897561,0,-270038942,0,910822,0,-1557,0,1 # steer t=19679 want_r=24 k=2 base=12T92
2421254866141581239164,0,-1927838952075773050336,0,268619715416865962816,0,-16992798588949215136,0,625853802226639480,0,-14957008870093440,0,244726136217584,0,-2808470559744,0,22673104831,0,-126476456,0,465080,0,-1016,0,1 # steer t=19679 want_r=24 k=2 base=12T92
15670184268081143206292,0,-14591987041009455349508,0,4434902645213471697286,0,-612024021406480407016,0,43660713844734446897,0,-1685205204117049552,0,35424836162588112,0,-398855818809432,0,2406616525662,0,-7535447500,0,11084866,0,-5872,0,1 # steer t=19679 want_r=24 k=2 base=12T92
21847723412796968,0,-45447395890585032,0,34851086958204190,0,-13329508438666843,0,2788800972873070,0,-323338393356723,0,20279639149817,0,-688243093309,0,12545545390,0,-120171242,0,575209,0,-1263,0,1 # steer t=19683 want_r=24 k=2 base=12T94
522662700568,0,-1248278942620,0,1267629400260,0,-715607477955,0,246859746373,0,-54031282259,0,7579548030,0,-677203008,0,37858619,0,-1282049,0,24869,0,-250,0,1 # steer t=19683 want_r=24 k=2 base=12T94
109948276838636083,0,-152608551398359798,0,77378488273976566,0,-20483866292494674,0,3231149599595888,0,-320808910701250,0,20303917907579,0,-801766334636,0,18584998574,0,-224967168,0,1199886,0,-2404,0,1 # steer t=19683 want_r=24 k=2 base=12T94
3263705793639667039,0,-8886280978018972522,0,9613453010357138484,0,-5219616278393098081,0,1462294186346748837,0,-189456585852257801,0,7713974503384728,0,-123865336633359,0,923829056330,0,-3309625540,0,5463833,0,-3941,0,1 # steer t=19683 want_r=24 k=2 base=12T94
262981648602973284542153,0,-805077279913780834364961,0,990545545872608659549624,0,-633310873410612336505175,0,225394032032805053851943,0,-44096097664343980284457,0,4353290168130268174101,0,-176927542541222329553,0,1115006338612450683,0,-1873434002216778,0,56227219075,0,-466819,0,1 # steer t=19683 want_r=24 k=2 base=12T94
15767270434636477,0,-62831557210266044,0,101270487332935863,0,-84754535863978076,0,39411895648463632,0,-10131308342092397,0,1345731795076632,0,-79672852115525,0,1865588246803,0,-14969260114,0,17778462,0,-7335,0,1 # steer t=19683 want_r=24 k=2 base=12T94
32595433762028933526263,0,-110420342979070853840163,0,147401779511105368403986,0,-98961581628778334399999,0,35524746371517187882049,0,-6720511148653973450064,0,605187719503305413571,0,-19541476856571723066,0,175671304289472969,0,-403947347491163,0,17763574096,0,-238949,0,1 # steer t=19683 want_r=24 k=2 base=12T94
2313098833497827983,0,-6080477897829763117,0,6376048798691947575,0,-3371877103252218116,0,926633683505058822,0,-119495717917573459,0,5121189656533358,0,-88398995272931,0,709204658229,0,-2723780493,0,4812260,0,-3704,0,1 # steer t=19683 want_r=24 k=2 base=12T94
181863074324414573,0,-550643639555629123,0,665970356249175417,0,-405861659941965718,0,128237561674443796,0,-19032561981933013,0,977246291787836,0,-20949046792877,0,215062608195,0,-1084981093,0,2569482,0,-2692,0,1 # steer t=19683 want_r=24 k=2 base=12T94
12396320202567211,0,-45043663851948631,0,64998017096551409,0,-47685299039971269,0,19068581401422627,0,-4194499698370134,0,487398434169708,0,-27174290289755,0,655483683652,0,-5826761301,0,9328116,0,-5295,0,1 # steer t=19683 want_r=24 k=2 base=12T94
147910174977249,0,-397410710185377,0,431942381920134,0,-242577245547063,0,74655033421437,0,-12416905852785,0,1072647761274,0,-49874912136,0,1300288626,0,-19167057,0,154863,0,-630,0,1 # steer t=19683 want_r=24 k=2 base=12T94
2287534403632191344777,0,-10335924590083134039821,0,18786819572529907748590,0,-17460434580900726144352,0,8721029584092516422471,0,-2267611624670808036119,0,282718479255212112880,0,-14267563086010946881,0,136686639459425906,0,-367396214642566,0,17058013981,0,-237098,0,1 # steer t=19683 want_r=24 k=2 base=12T94
4963731017613824,0,-10411739151678464,0,8674465026222080,0,-3726973309043904,0,888034526431488,0,-117079312284272,0,8194935605680,0,-303010727380,0,5914026366,0,-62208761,0,348629,0,-959,0,1 # steer t=19683 want_r=24 k=2 base=12T94
3284228960751860328971,0,-3944184728571847661208,0,1419158640904580740323,0,-253575796355398800092,0,26401658880545688524,0,-1700102858406004512,0,68168161349936017,0,-1633634837910062,0,20869329111871,0,-106066977368,0,92987698,0,-22920,0,1 # steer t=19683 want_r=24 k=2 base=12T94
58885261771395308353,0,-217019470531512026001,0,309211027348755894310,0,-214141519177481002016,0,75328287084760299609,0,-13322472134072009272,0,1092302261830267684,0,-33777455710784603,0,362036725845112,0,-1204453349002,0,345386981,0,-32697,0,1 # steer t=19683 want_r=24 k=2 base=12T94
22860217925509758767,0,-51237477236550692083,0,47807127483424973693,0,-23982992674243984681,0,6960805203251277531,0,-1168357048551569512,0,106995976713876794,0,-4735156068271261,0,88446933074066,0,-517319772311,0,199130098,0,-24903,0,1 # steer t=19683 want_r=24 k=2 base=12T94
1917054816942333446629,0,-3767736154589265377333,0,3036863793233100499477,0,-1296533383284334139893,0,315019396673595910883,0,-43375947286777392392,0,3162079118274953578,0,-104354404101582509,0,1175342971498056,0,-4022426245635,0,786388818,0,-49587,0,1 # steer t=19683 want_r=24 k=2 base=12T94
93932800490789,0,-445373156451574,0,853885132925006,0,-838427348127889,0,437224450805283,0,-111909197194405,0,11148763851692,0,-491868306659,0,10533155488,0,-111445260,0,560929,0,-1257,0,1 # steer t=19683 want_r=24 k=2 base=12T94
476035321968856,0,-958601513898652,0,785413377153366,0,-336325487544293,0,80640669196731,0,-10876484403262,0,814575071091,0,-34924115267,0,881045913,0,-13202705,0,114724,0,-530,0,1 # steer t=19683 want_r=24 k=2 base=12T94
10487780600179124967992,0,-22322775424970445338900,0,18670918987502762629008,0,-7710758872554787477247,0,1600984968347382290070,0,-146578413315600773677,0,3689612516338205175,0,-31123615085399301,0,106743542735876,0,-151061951916,0,80245033,0,-15905,0,1 # steer t=19683 want_r=24 k=2 base=12T94
3009505859008642141,0,-9845659582661776778,0,12614839580813336756,0,-7914570967679202771,0,2456712066414159585,0,-326369923361245747,0,11446737885289346,0,-162231732810425,0,1088003293308,0,-3586493848,0,5645883,0,-3979,0,1 # steer t=19683 want_r=24 k=2 base=12T94
35537624007113,0,149936875244540,0,234053608873274,0,156455104942492,0,32799425141439,0,-3935785662664,0,68275136396,0,660488408,0,100270807,0,1634892,0,986,0,12,0,1 # steer t=19692 want_r=0 k=1 base=12T97
744769,0,-2111424,0,2377056,0,-1084856,0,502263,0,-357984,0,183336,0,-61200,0,14481,0,-2480,0,300,0,-24,0,1 # steer t=19692 want_r=0 k=1 base=12T97
25649506,0,1073112,0,-1079340,0,462560,0,-11520,0,-66888,0,13452,0,288,0,-720,0,140,0,30,0,-12,0,1 # steer t=19692 want_r=0 k=1 base=12T97
1710977,0,6171436,0,7313106,0,1830108,0,-2183505,0,-1090216,0,225276,0,169496,0,18223,0,-900,0,-46,0,12,0,1 # steer t=19692 want_r=0 k=1 base=12T97
108052375753,0,-230672584848,0,173121251540,0,-45049604184,0,-1697008949,0,1780828000,0,26528664,0,-37946672,0,2517683,0,-25040,0,1428,0,-24,0,1 # steer t=19692 want_r=0 k=1 base=12T97
3169207349911961,0,808391525448988,0,456184964588426,0,52046773383196,0,13083900560991,0,43664273144,0,7560667820,0,121411928,0,15178087,0,620,0,106,0,12,0,1 # steer t=19692 want_r=0 k=1 base=12T97
2154393080376148,0,-7861456203827160,0,10865787997040364,0,-6833221793814712,0,1752682129853184,0,-78670803260196,0,771532977696,0,-3899344248,0,384068232,0,5465048,0,2136,0,-12,0,1 # steer t=19692 want_r=0 k=1 base=12T97
18816575127442839326720,0,-3066336040930181464064,0,1030894874348407267328,0,-132078377561472813056,0,16461648005767187712,0,14437847288199680,0,-1200275020772224,0,-616884519424,0,38546881120,0,1399520,0,-69800,0,-24,0,1 # steer t=19692 want_r=0 k=1 base=12T97
845614863849201664,0,-1638567645022158848,0,1151036265071575040,0,-320242286927818752,0,9599517695342080,0,8356753114032128,0,-374530017982976,0,-68971560609280,0,4310803432096,0,-13483040,0,674328,0,-24,0,1 # steer t=19692 want_r=0 k=1 base=12T97
431966688713704,0,-1730061737976144,0,2605855358317656,0,-1737626700761392,0,430412643148428,0,2391933129696,0,-394915668960,0,-1604233872,0,201429270,0,-300100,0,30054,0,-12,0,1 # steer t=19692 want_r=0 k=1 base=12T97
60312388,0,195472210,0,279402047,0,233032586,0,126468903,0,47136488,0,12398440,0,2324248,0,308880,0,28438,0,1725,0,62,0,1 # steer t=19692 want_r=0 k=1 base=12T97
27865844283313493393408,0,54639026246045303652352,0,39769350190927755456512,0,12532015417626440536064,0,1318653547659301398528,0,-45542153941120592384,0,544041499501759232,0,-2382556849539968,0,5808254299264,0,-3003964320,0,-1149760,0,1344,0,1 # steer t=19692 want_r=0 k=1 base=12T97
5688721,0,7040424,0,-833946,0,-1112936,0,864765,0,-484344,0,187818,0,-52992,0,11808,0,-2120,0,282,0,-24,0,1 # steer t=19692 want_r=0 k=1 base=12T97
68209773481,0,-11972505756,0,7196422062,0,-1230964240,0,334355184,0,-16839396,0,3536142,0,-316584,0,42129,0,-940,0,138,0,-12,0,1 # steer t=19692 want_r=0 k=1 base=12T97
23680704395972530657,0,47997581521969672512,0,36958025034881319072,0,13126653993365627432,0,2051005364254615365,0,126962728331003136,0,12209661115252512,0,349163793552240,0,21822555106071,0,-30331120,0,-1516380,0,24,0,1 # steer t=19692 want_r=0 k=1 base=12T97
233240404271042,0,960830865687264,0,1525931596988808,0,1161303599508696,0,439370862693190,0,95461908353552,0,20939418857128,0,2155320825200,0,269410048066,0,-1684940,0,-168450,0,12,0,1 # steer t=19692 want_r=0 k=1 base=12T97
65861625512,0,262561350224,0,390808063192,0,255211371312,0,58447610508,0,-3157328480,0,-479552032,0,20161552,0,2620550,0,33540,0,3398,0,12,0,1 # steer t=19692 want_r=0 k=1 base=12T97
1654665453203439673,0,341743812869356512,0,800532872704946280,0,358283784840361016,0,45248345875177911,0,141167809294632,0,12724635064110,0,205767121248,0,12833367174,0,-4512280,0,-225438,0,24,0,1 # steer t=19692 want_r=0 k=1 base=12T97
1472270977826816,0,1099019612717056,0,-68488819654656,0,-102691894321152,0,12564654498816,0,78830302208,0,-5436122880,0,-242799616,0,15176512,0,-960,0,224,0,-24,0,1 # steer t=19692 want_r=0 k=1 base=12T97
4709943706581793,0,18617198776517382,0,29343664357609397,0,23415886174723234,0,9913430310289498,0,2129267092283902,0,203601226978989,0,8397558855534,0,131392692730,0,760990002,0,1956821,0,2294,0,1 # steer t=19692 want_r=0 k=1 base=12T97
60950177481416704,0,-119812012419309568,0,87600493779400704,0,-27921385477117952,0,3109793640428544,0,44292984557312,0,7198596054656,0,60099167168,0,1920307104,0,14394448,0,83064,0,176,0,1 # steer t=19692 want_r=0 k=1 base=12T97
13048127488,0,26285129728,0,20628049920,0,8494391296,0,2625860608,0,924248064,0,267793920,0,41472000,0,2778816,0,31840,0,1768,0,24,0,1 # steer t=19692 want_r=0 k=1 base=12T97
5404032938017816576,0,11051659677884481536,0,8599438568422375424,0,3078089266730893312,0,466468115929399296,0,17239446998384640,0,227879935051776,0,1345211139072,0,26562948864,0,50664448,0,307808,0,656,0,1 # steer t=19692 want_r=0 k=1 base=12T97
833377534275925569799,0,-63299963637256920612,0,-30137291337052573134,0,1512193133273413828,0,377426656198001457,0,-372894711606432,0,-62081151776544,0,29128293072,0,3640820490,0,-71960,0,-7152,0,12,0,1 # steer t=19692 want_r=0 k=1 base=12T97
1674332782,0,-7408101760,0,13320071336,0,-12762037224,0,7426606426,0,-2966934656,0,849290800,0,-152462672,0,19310950,0,-84460,0,8490,0,-12,0,1 # steer t=19692 want_r=0 k=1 base=12T97
8595445686743560664500,0,-31095839272696305152780,0,42162308483187954674541,0,-25598579179512823830270,0,6119604545604383350325,0,-185100702471948548080,0,2172632457308297770,0,-12226699359292772,0,35414266861014,0,-53253653044,0,39326377,0,-12398,0,1 # steer t=19692 want_r=24 k=1 base=12T97
94331249690190643069132,0,-170509872182047355761822,0,115732568199163489577625,0,-35610324220501659451640,0,4554976474606207573353,0,-135847359223856215668,0,1672638711518210798,0,-9939588689573408,0,30361682618138,0,-48026303470,0,37204041,0,-12232,0,1 # steer t=19692 want_r=24 k=1 base=12T97
1610990040175859029,0,-4376714629209898176,0,4499553320156640821,0,-2255553551603729756,0,602705551542359722,0,-86801032127325836,0,6407618712992217,0,-217369648311216,0,2556578117998,0,-7457392968,0,9016637,0,-4912,0,1 # steer t=19692 want_r=24 k=1 base=12T97
223831917589348352,0,-268330953272036352,0,90280847032401088,0,-13950817478150400,0,1233217174014336,0,-69316971883424,0,2614648553472,0,-67814800048,0,1212436680,0,-14656484,0,113999,0,-512,0,1 # steer t=19692 want_r=24 k=1 base=12T97
31434966023829130881,0,-24256136431461537234,0,4939312283920085805,0,-485337561257312478,0,27886943718710226,0,-1028410582190706,0,25588243747557,0,-440094900618,0,5254507098,0,-42842574,0,227925,0,-714,0,1 # steer t=19692 want_r=24 k=1 base=12T97
51690783334188690097,0,-161461150262356473942,0,190086291440309976921,0,-104202773654695053862,0,26820930058166292210,0,-3042287870931005238,0,121035045419589273,0,-1873263730622634,0,10276127943858,0,-20196014554,0,17460249,0,-6858,0,1 # steer t=19692 want_r=24 k=1 base=12T97
1329396652463581437821,0,-6669132826136291949642,0,13593629565023374504721,0,-14275663495906982476934,0,8024233462756597759462,0,-2235370062645369936242,0,241608272841043792369,0,-8743525453400635530,0,41969535571984478,0,-12458820770862,0,1329087737,0,-60498,0,1 # steer t=19692 want_r=24 k=1 base=12T97
959275120271015152,0,-2156963339704470288,0,2008463783229428160,0,-1000531791684474368,0,287224416897368448,0,-47578774716663352,0,4292299719723232,0,-182469855026708,0,2492666555728,0,-7435835836,0,9038572,0,-4924,0,1 # steer t=19692 want_r=24 k=1 base=12T97
139836629889,0,-448396462872,0,588633169770,0,-411886578312,0,168262644047,0,-41610205424,0,6302713740,0,-585583376,0,33127887,0,-1123704,0,22122,0,-232,0,1 # steer t=19692 want_r=24 k=1 base=12T97
5120075861561732,0,-14158090338043842,0,14535605096495841,0,-6887215318096872,0,1540745490203833,0,-155872398244988,0,8279989969502,0,-252813673008,0,4616580242,0,-50370434,0,312977,0,-968,0,1 # steer t=19692 want_r=24 k=1 base=12T97
2010613796800,0,-5429200959240,0,5660698068909,0,-2960690358658,0,855816517665,0,-144781071192,0,15194032134,0,-1027855188,0,45508014,0,-1306432,0,23325,0,-234,0,1 # steer t=19692 want_r=24 k=1 base=12T97
31906609592257,0,-53826866611530,0,29333721974223,0,-8383944742052,0,1485791823474,0,-176453773182,0,14590656123,0,-852801336,0,35130438,0,-997682,0,18579,0,-204,0,1 # steer t=19692 want_r=24 k=1 base=12T97
115952477471225600,0,-318958685432209664,0,336744146447761088,0,-169767692738358528,0,41070317407281472,0,-4250130287657824,0,196228822461696,0,-4424394827984,0,51583051532,0,-317192064,0,1023475,0,-1628,0,1 # steer t=19692 want_r=24 k=1 base=12T97
2500048177168,0,-7040406495760,0,8089830161280,0,-4925053247216,0,1732587811720,0,-361990026432,0,44931454904,0,-3292112396,0,140520792,0,-3444588,0,47498,0,-342,0,1 # steer t=19692 want_r=24 k=1 base=12T97
611263418977054720,0,-1367409630878420992,0,1183877260478074880,0,-489655627168459776,0,95429788356823808,0,-7449030949245440,0,272498329354240,0,-5234861977984,0,55593510352,0,-328340752,0,1047984,0,-1660,0,1 # steer t=19694 want_r=24 k=2 base=12T97
4607087004278119872,0,-3469583873989623672,0,695728251199489581,0,-71019068506470270,0,4471312687901217,0,-189108233041320,0,5601893627142,0,-118238972076,0,1775609262,0,-18577728,0,128925,0,-534,0,1 # steer t=19694 want_r=24 k=2 base=12T97
726819817548800,0,-1863247528126464,0,1872782240694016,0,-934522046133760,0,242982508547904,0,-32497637847936,0,2329678088272,0,-95054410592,0,2281687004,0,-32117272,0,251141,0,-934,0,1 # steer t=19694 want_r=24 k=2 base=12T97
6169213818632656434896,0,-9381055596505449794784,0,5054404524361572099888,0,-1213268683205097451296,0,140148123472796420808,0,-7810152223534966800,0,195708253471280328,0,-2192871743461840,0,10151843176428,0,-19372647636,0,16926758,0,-6774,0,1 # steer t=19694 want_r=24 k=2 base=12T97
88019650709288732951681,0,-181648451868302813398850,0,150588645323113629477465,0,-64592643122221578337266,0,15383930361177909367810,0,-2013366301952266441258,0,132206512308727834049,0,-3406009022974311214,0,11795085265042602,0,-5178583427854,0,776011361,0,-47366,0,1 # steer t=19694 want_r=24 k=2 base=12T97
178936313564923648,0,-345354627325277696,0,259130100071104704,0,-94523532327216000,0,17163649192028112,0,-1471321798822560,0,64028109336052,0,-1550275295448,0,21797075144,0,-177235132,0,787496,0,-1644,0,1 # steer t=19715 want_r=24 k=1 base=12T106
314500473706336341871168,0,-686942001020367438019200,0,576839582723811297254448,0,-231227142356540800353872,0,44240479275901654442396,0,-3523521127107180121776,0,110380439673701445417,0,-1018567634617268633,0,3183634239989518,0,-2178502807589,0,529038434,0,-43305,0,1 # steer t=19715 want_r=24 k=1 base=12T106
452360640598985881833472,0,-964004032242302960992256,0,797030095856020323751936,0,-316915745422180989157376,0,60250966174858469664512,0,-4659674662806216677376,0,126294565603938333952,0,-1083353942206428672,0,3224885332610352,0,-2197004992896,0,531904344,0,-43744,0,1 # steer t=19715 want_r=24 k=1 base=12T106
328209583852702973396,0,-378394899127755164532,0,62956701147314541556,0,-4873113675554826076,0,221983362788670754,0,-6554758904143074,0,131287967594127,0,-1815441590384,0,17278464809,0,-110448246,0,448701,0,-1032,0,1 # steer t=19715 want_r=24 k=1 base=12T106
143965475686732619858032,0,-218701235323578175028160,0,117904118810253364091464,0,-30210223528685281945856,0,3943129795884998444196,0,-254739916537418859622,0,7438972601471589783,0,-84164868744878490,0,360524884964567,0,-405103010882,0,167660309,0,-24142,0,1 # steer t=19715 want_r=24 k=1 base=12T106
28665269745022935952,0,-76881990487678929248,0,75207436020291217048,0,-32987582250461969960,0,6488828976098439860,0,-489226323679051618,0,14238349403315313,0,-200175264271124,0,1488867039235,0,-5877393170,0,11381263,0,-8784,0,1 # steer t=19715 want_r=24 k=1 base=12T106
707791984,0,-2140300608,0,2823637224,0,-2141890688,0,1037361972,0,-337077518,0,75185779,0,-11576098,0,1218615,0,-85362,0,3769,0,-94,0,1 # steer t=19715 want_r=24 k=1 base=12T106
926533744099682021425,0,-3068679540091404000400,0,3803541926164982672714,0,-2137184685118073592176,0,506656086309932255471,0,-31430292477990173856,0,567331123561352076,0,-4588919664454624,0,19018649749503,0,-40998903248,0,42567178,0,-17328,0,1 # steer t=19715 want_r=24 k=1 base=12T106
272407764577035046912,0,-608829873902931466240,0,504677036783306892288,0,-190642715853547198464,0,32786369462835399936,0,-2421168642811510912,0,80211629935852928,0,-1154040115986848,0,7178700809040,0,-17149832448,0,17513316,0,-7310,0,1 # steer t=19715 want_r=24 k=1 base=12T106
34464899982400,0,-84673245191360,0,84312724217184,0,-43852527875264,0,12880958882400,0,-2186586431192,0,216242469044,0,-12747691600,0,452918800,0,-9528352,0,111312,0,-616,0,1 # steer t=19715 want_r=24 k=1 base=12T106
69535772530359671875,0,-170152349163299240625,0,148108562429840657375,0,-56297580525911401100,0,9532940804267441839,0,-637895112839798379,0,17289288034945756,0,-230538436054667,0,1641455444961,0,-6244471460,0,11731153,0,-8841,0,1 # steer t=19717 want_r=24 k=2 base=12T106
13108260132500402176,0,-14221050756343590912,0,2791216153018658816,0,-263712077500781568,0,15002551666170624,0,-564844218754560,0,14727745182720,0,-270985364096,0,3515494480,0,-31488432,0,185296,0,-644,0,1 # steer t=19717 want_r=24 k=2 base=12T106
29413965059728367803,0,-97510706451328288317,0,119410645670783890633,0,-65239552819025211794,0,15307566713625171153,0,-1438792167452462249,0,57858370696980524,0,-955382723879147,0,6449250400403,0,-16021423910,0,16717435,0,-7063,0,1 # steer t=19717 want_r=24 k=2 base=12T106
4782931966670870479108,0,-13688267093218358451724,0,14077622704392736963472,0,-6259331718618765149216,0,1163188920176681703746,0,-77685942880530663780,0,1556168422684453911,0,-12611874538242958,0,47884166439657,0,-89937292892,0,78649225,0,-24294,0,1 # steer t=19717 want_r=24 k=2 base=12T106
6546679477080163423168,0,-12339023367691636541056,0,8955061025525297578448,0,-3088506932035071700560,0,498191528031504596708,0,-30923129273432068688,0,598364504613709675,0,-5050632701424433,0,21395814806372,0,-46629215855,0,48572220,0,-19073,0,1 # steer t=19717 want_r=24 k=2 base=12T106
208050462286928731072,0,-193594492294065415488,0,33052086582974382288,0,-2684556255384795136,0,129419812839602772,0,-4064215006784772,0,86863559860851,0,-1284851918682,0,13104133299,0,-89863600,0,391773,0,-966,0,1 # steer t=19717 want_r=24 k=2 base=12T106
1107014389,0,-5199609909,0,10466549647,0,-11791280236,0,8140686881,0,-3545389799,0,967658170,0,-159928655,0,15099173,0,-753060,0,19163,0,-229,0,1 # steer t=19717 want_r=24 k=2 base=12T106
1206012009450280583168,0,-6084662262727831977984,0,12391564991587302998016,0,-12840143033141051785216,0,6928319545700823726080,0,-1716069549907275467776,0,115819173824044168256,0,-842902664230035648,0,2029550349972161,0,-1672916761668,0,504700422,0,-54276,0,1 # steer t=19769 want_r=24 k=2 base=12T154
446466587076550292416,0,-939078046969644572160,0,748210453300205206128,0,-301441173774195108352,0,66438410496623470593,0,-7826225264877809124,0,422327021507257920,0,-5809746250808748,0,28788321519990,0,-60251106988,0,51318528,0,-15588,0,1 # steer t=19769 want_r=24 k=2 base=12T154
1025192145561990687676,0,-2369863008950869736448,0,2202791071650248613052,0,-1040171436044918716744,0,256958950427176342649,0,-29933305155090007788,0,1134759621576120568,0,-10831559858617696,0,40783840331248,0,-65891073036,0,46714784,0,-13464,0,1 # steer t=19769 want_r=24 k=2 base=12T154
330834872,0,-1044490304,0,1458351176,0,-1186932608,0,624669962,0,-222845456,0,54911720,0,-9344016,0,1079366,0,-81612,0,3788,0,-96,0,1 # steer t=19769 want_r=24 k=2 base=12T154
1159299819971654311,0,-2932117978952616672,0,2889390898375416562,0,-1436539757017222088,0,386208566719674177,0,-55253505134051400,0,3772901509450320,0,-93035581494888,0,998319433991,0,-4938913032,0,10246490,0,-5872,0,1 # steer t=19769 want_r=24 k=2 base=12T154
6724785700,0,-24886455600,0,38299493136,0,-31910754064,0,15743716668,0,-4755629808,0,890544084,0,-104612400,0,7766721,0,-361372,0,10146,0,-156,0,1 # steer t=19769 want_r=24 k=2 base=12T154
164680739910355698222199,0,-382538555368917518691248,0,349929745828738112719846,0,-163101597850215307624720,0,41147000648084620072065,0,-5376108216236729766592,0,294934833205856415728,0,-1960344807015248880,0,4594473409973831,0,-4405744266768,0,1543300518,0,-75680,0,1 # steer t=19769 want_r=24 k=2 base=12T154
19529381085699622276,0,-92377843710118060368,0,175674691675520608800,0,-168972681245204579584,0,83729460447752369004,0,-18536517322154881632,0,963376410608250396,0,-9906030754000632,0,38754820407825,0,-64038993412,0,46053066,0,-13404,0,1 # steer t=19769 want_r=24 k=2 base=12T154
105420984976683995842,0,-342059982132851517208,0,439870186262406586420,0,-283217395290964937032,0,94130703382481593332,0,-14618524727911739140,0,742489847140031588,0,-8348663916934128,0,36006957662755,0,-67369492648,0,52895286,0,-15516,0,1 # steer t=19769 want_r=24 k=2 base=12T154
286457940003389766688,0,-714880386705385290944,0,722392596472452705968,0,-375609227923031215376,0,104861356221466028098,0,-14694543810503151032,0,815150876918269040,0,-8822153721729440,0,36427344494538,0,-64138357444,0,48070544,0,-14168,0,1 # steer t=19769 want_r=24 k=2 base=12T154
2938771972964114058521,0,-5925170224277941021976,0,4630701845263843286986,0,-1774601636062298227948,0,345616334170881303637,0,-31669034149175618032,0,1055741994144069444,0,-10331246854954456,0,38117373699637,0,-59514889072,0,41651622,0,-12068,0,1 # steer t=19769 want_r=24 k=2 base=12T154
119594452864,0,-296383603840,0,309786607392,0,-178742518032,0,62754851865,0,-14003504256,0,2028785856,0,-192850808,0,12024202,0,-483968,0,12048,0,-168,0,1 # steer t=19769 want_r=24 k=2 base=12T154
3827685559193352,0,4644184310922096,0,-3388315812064200,0,828421543013760,0,-107190026193672,0,8437130407152,0,-426517592976,0,13969797840,0,-285942231,0,3224556,0,-10674,0,-132,0,1 # steer t=19812 want_r=20 k=1 base=12T145
648073431414,0,177234902496,0,-585910694448,0,317111818752,0,-83861366228,0,12548813516,0,-1048293500,0,36344564,0,1297972,0,-185278,0,7630,0,-142,0,1 # steer t=19812 want_r=20 k=1 base=12T145
18154556001,0,138289451256,0,-187589284209,0,73307798226,0,-10190413980,0,-495718542,0,363946689,0,-56155842,0,4712094,0,-241110,0,7524,0,-132,0,1 # steer t=19812 want_r=20 k=1 base=12T145
20396317464,0,-852008682672,0,4821915832200,0,84448802494044,0,-147584129553594,0,5612749736754,0,10755076867839,0,-892864437018,0,24168620791,0,-245283686,0,1059726,0,-1892,0,1 # steer t=19812 want_r=20 k=1 base=12T145
7202465672,0,26216556368,0,-57381425800,0,42088174720,0,-16337452552,0,3857855696,0,-585072144,0,57488880,0,-3530151,0,119428,0,-1186,0,-44,0,1 # steer t=19812 want_r=20 k=1 base=12T145
1090875241004270584,0,64730792182833263424,0,-31617398663784840784,0,6549827161012815904,0,-753092763856318751,0,52561073289785976,0,-2280716402935812,0,60308963149176,0,-906452309170,0,6630883816,0,-16056148,0,-13624,0,1 # steer t=19812 want_r=20 k=1 base=12T145
8192,0,212992,0,-1576960,0,3258368,0,-3031552,0,1417216,0,-291456,0,-16512,0,23184,0,-5536,0,656,0,-40,0,1 # steer t=19812 want_r=20 k=1 base=12T145
72766389604,0,149995934772,0,-158980157682,0,59390025354,0,-10877445435,0,836667861,0,49074585,0,-18736065,0,2110640,0,-133605,0,5067,0,-108,0,1 # steer t=19812 want_r=20 k=1 base=12T145
97039071107008729,0,906727094403182936,0,-36969980139141198,0,-761247128504345608,0,436830843445353247,0,-93161330070768912,0,8300267127592476,0,-354353862904592,0,7569654300007,0,-77125316552,0,297189842,0,-50792,0,1 # steer t=19812 want_r=20 k=1 base=12T145
18602809,0,-33684324,0,-30236406,0,58767548,0,-5041377,0,-23148936,0,14085420,0,-3872232,0,598023,0,-54676,0,2922,0,-84,0,1 # steer t=19812 want_r=20 k=1 base=12T145
79975717,0,12494086355056,0,3728923908023966,0,-4643320385955408,0,1770677482293487,0,-260999515212496,0,17161961857132,0,-563867583184,0,9820642939,0,-91955520,0,452342,0,-1088,0,1 # steer t=19812 want_r=20 k=1 base=12T145
15211300513703282,0,-14572150877602112,0,-6756863340969548,0,14861428104412860,0,-8129189559473198,0,2139067584497608,0,-291973408521070,0,19672572944500,0,-566921339651,0,5703743388,0,-15686048,0,-13948,0,1 # steer t=19812 want_r=20 k=1 base=12T145
71721437499327407832,0,242057336285949865344,0,-411468379170444247824,0,-848056253592309174144,0,802523147493339198630,0,-53833444985109103200,0,1444850496836237772,0,-19419950542731552,0,139212703675638,0,-511668392832,0,771096636,0,-54864,0,1 # steer t=19812 want_r=20 k=1 base=12T145
47673441,0,140019516,0,-79200666,0,-124423992,0,151088499,0,-74815848,0,21679776,0,-4064688,0,509967,0,-42708,0,2298,0,-72,0,1 # steer t=19812 want_r=20 k=1 base=12T145
237627349,0,317512227,0,-860098527,0,549557654,0,-114614064,0,-22150287,0,17770857,0,-4484907,0,631044,0,-54082,0,2805,0,-81,0,1 # steer t=19812 want_r=20 k=1 base=12T145
154781824,0,1582433153933056,0,29025252877899572416,0,-3691271143112140128704,0,1900735938323100416000,0,-341100260587810472368,0,25368015679830166024,0,-778295448762307456,0,9329917871423217,0,-31789816195092,0,29192776974,0,-727364,0,1 # steer t=19812 want_r=20 k=1 base=12T145
1296912940700500203061,0,-2611247611925282921150,0,1988730654185300579228,0,-705493545859963256730,0,115127552665168340731,0,-7525367569578954796,0,214172964313980640,0,-2588416215535684,0,12545811049735,0,-26389118142,0,23577476,0,-8378,0,1 # steer t=19812 want_r=24 k=2 base=12T145
3105088851943867486,0,-5711706148529947272,0,4041648971322479520,0,-1382845972547940584,0,240882592682132388,0,-21976349603112072,0,1042619131413852,0,-24849098282196,0,276304684788,0,-1415256806,0,3256374,0,-3090,0,1 # steer t=19812 want_r=24 k=2 base=12T145
2673819318729761473,0,-6739903984500183896,0,6871706556484813706,0,-3706482158783986080,0,1149843015124087999,0,-207529926329546336,0,20943927773988300,0,-1073864582943536,0,23073112332607,0,-149451357960,0,292105194,0,-66544,0,1 # steer t=19812 want_r=24 k=2 base=12T145
7320455281,0,-18473069532,0,19352579070,0,-11252665616,0,4115560995,0,-1011732840,0,173246352,0,-20985696,0,1795311,0,-106268,0,4146,0,-96,0,1 # steer t=19812 want_r=24 k=2 base=12T145
3153711461362624,0,-6963452013479040,0,6375915850608704,0,-3156579963460736,0,923375802664200,0,-163377241691280,0,17166060604152,0,-1014001410192,0,31072855360,0,-447542384,0,2684200,0,-4576,0,1 # steer t=19812 want_r=24 k=2 base=12T145
467808081669082356029,0,-1000971337119473047011,0,810924931658091286234,0,-315945134697132729803,0,63131096507835979652,0,-6317129748834872290,0,276102578480488342,0,-3657428779875914,0,15498515795160,0,-28019633691,0,23018082,0,-8155,0,1 # steer t=19812 want_r=24 k=2 base=12T145
1739996026273865452808,0,-6506234616869956888704,0,9596683091167857040552,0,-7060165416243409426056,0,2702800478703297924025,0,-517529207667104837804,0,46055367445497044312,0,-1594347925555163684,0,19480331631696002,0,-47925176270380,0,29831939040,0,-930908,0,1 # steer t=19812 want_r=24 k=2 base=12T145
154611222896176780228864,0,-309187788069590950486016,0,242438136312266437413632,0,-93961572865430668553984,0,18743899566034142996512,0,-1868285632043517267776,0,91392405296258550992,0,-2085776140437145808,0,19639619595061297,0,-47450636045444,0,30192353030,0,-929876,0,1 # steer t=19812 want_r=24 k=2 base=12T145
