# IGP24 class field sweep: deg6.
21998677625,37359875750,60178082125,63833698250,53392932925,32663765550,22306986525,7784251750,6254789085,748894640,1881729960,-490007120,553350151,-178037020,84867832,-20395816,5709299,-858834,137189,-7762,402,-28,34,-8,1 # cft deg6 r=0
50028634711,-124981590922,238505125343,-280721351400,289751074327,-224620616852,159140923005,-90699375492,48356652373,-21403043862,9022866030,-3206505976,1103463535,-322288412,92742068,-22693860,5569525,-1157346,243943,-42652,7530,-1034,140,-12,1 # cft deg6 r=0
7064713381,-64593078110,283516049315,-778624026502,1500611134875,-2145318736518,2349879093015,-2009082306330,1361829196367,-742428561672,331429374564,-122336029992,37504282159,-9536287304,1989863352,-332473840,42052523,-3389418,22151,38694,-5212,64,74,-12,1 # cft deg6 r=0
-5079145,-2770320,31143730,7126140,95540486,-202630540,-3622803,156438184,-78744092,-17885628,44527210,-15272506,-8745261,5558064,160794,-639010,185494,3946,-29137,4418,1996,-304,-68,6,1 # cft deg6 r=12
-33212255,36702155,89293415,-280665930,515729934,-407874713,-103448785,341338796,-200738064,-36159658,94651650,-29868488,-14803552,11566319,-141905,-1765748,324290,134533,-43041,-5198,2630,92,-78,0,1 # cft deg6 r=8
-275520679,217058324,-715046151,112407210,166418660,-51618116,-83805318,529914,-3628966,23943142,20223565,1037918,-5360662,-3994610,212224,780972,144400,-38018,-31585,-1444,2762,108,-100,0,1 # cft deg6 r=8
2271775,-22434225,41826065,51260440,11362649,-244140274,7377832,158865202,205408511,-192566754,-81788712,26212868,40705159,-758677,-2167031,-2093712,-88314,426641,-17877,-28772,2954,724,-98,-6,1 # cft deg6 r=4
-12382561444,3306415632,9348237212,133514184,-5633770167,406260422,1392433944,3598226,-202225575,-82304930,42335838,15218836,-4509927,-1907156,109018,238420,12045,-21466,-1186,1658,93,-114,-8,8,1 # cft deg6 r=4
59750758525,281449824525,599001539410,791906586475,772213999671,609350128769,400309443652,225128251540,111709080579,48338618831,19026558180,6588678264,2090190144,591104522,148922726,34400918,6539736,1168207,153259,14096,1433,-352,24,-10,1 # cft deg6 r=0
-85788400,-365488400,-182644160,197701440,-537506204,157308220,-73493720,-241480520,43964945,-41076411,-17947675,19445130,5623185,2194430,-228684,-739510,-141280,33265,14685,5274,-215,-480,-30,10,1 # cft deg6 r=8
14780642000,-17704515000,3071026000,13176194000,91147754425,68515404350,83186997975,53975388350,24155487560,6222709580,1048589185,-78574460,-83012334,-49626698,-13342800,-3702800,-328299,-31130,28346,7110,2921,490,100,8,1 # cft deg6 r=0
-757504,12464128,-67218176,109438144,-3813488,-112691568,68802736,-8565244,1043717,12004720,-12559078,2941076,135309,-2053632,1300922,293984,-195464,-7536,-2374,36,1645,-112,-70,4,1 # cft deg6 r=4
142202684,-452303124,636061942,-185541238,-253598631,288554388,-12973430,-298809370,78128213,177433566,-45722024,-49276842,11482045,4837242,-3124268,-384816,368369,-1230,-27104,3412,1605,-216,-62,4,1 # cft deg6 r=4
26351330224,-14757491296,-46366482916,68178526348,-47835864685,2559984030,20212383941,-2758507406,-18557330090,10210212766,5221578843,-4947517786,-89447045,862488312,-110488080,-71614924,14890845,3000074,-847569,-53690,22638,130,-251,2,1 # cft deg6 r=8
247446125,1577188300,4595671245,8423739350,11135791796,11374460262,10287361143,8619714316,6245852251,3589334958,1520407797,427192778,50848136,-13646164,-5704526,1026324,1441676,538302,98872,2522,-3069,-666,-32,8,1 # cft deg6 r=0
148177313051,-604683218137,1140007032511,-1358543474736,1140097639368,-686099644409,288149293441,-84574766120,19826793042,-3540997778,1873612196,-341771560,165117293,1663192,4481962,-647264,259657,-65489,-6401,534,1155,220,62,10,1 # cft deg6 r=0
166264225,-2690488015,111396434,-698167479,2615005111,-2386692075,138084570,355172184,-453800719,189453741,-42561730,-6835010,5345064,-2014044,-40964,192810,-26980,11059,7011,886,545,210,34,6,1 # cft deg6 r=4
5223871,-50082759,251332913,-877603456,1985118878,-2424279481,1510111593,-712616520,668409052,-100895628,147404864,26043208,40356593,17474884,9518678,3518772,1356043,365005,112219,20526,5079,570,114,6,1 # cft deg6 r=0
15956742400,0,-24190283200,0,13855584400,0,-4677099600,0,1036176860,0,-165108340,0,19814785,0,-2035610,0,194171,0,-17040,0,1143,0,-50,0,1 # cft deg6 r=4
185202775,96702475,2302329190,4038494015,6163097441,7165277631,7414522356,6112285226,4430942287,2872592201,1515212926,708047296,287012742,99876716,33711986,9050026,2677152,548151,144801,21796,5267,546,116,6,1 # cft deg6 r=0
-6894320,20683360,101609280,-177407040,-239462644,659221360,166001568,-752244156,-34327243,502768340,162966456,-47653212,-22187912,-3317720,-1638934,167132,238950,10328,8796,5192,-1023,-536,-10,12,1 # cft deg6 r=16
113922505,-12280670,-1028194655,1027983640,2056969920,-2766759850,-1698442405,2932969930,730090831,-1635067088,-201118875,538794540,45859140,-109869544,-9340498,13863820,1373840,-1044540,-118988,44154,5435,-950,-120,8,1 # cft deg6 r=20
31891945401,205109484732,-316706964071,-86613763270,306131253322,-48117639218,-127240197953,44603185390,28960177361,-14955084236,-3841753581,2888537160,273882004,-358568016,-5191132,29834342,-658950,-1691578,47242,64274,-627,-1496,-36,16,1 # cft deg6 r=12
-1033874324,2237465720,3502310738,-8102167422,-4963729673,11001591612,2972336082,-7455674252,-29653841,2865727408,-783624442,-699032196,351403888,114720710,-65797841,-10522956,6621311,460118,-371224,-6020,11135,-92,-167,2,1 # cft deg6 r=12
112791001,-1093582648,1578840866,1335879400,-3908030317,1798589832,1277557416,-1562217820,590072291,-191799224,185626722,-145764628,73559167,-29257828,9641702,-2240064,330630,-12324,-23238,8804,-1120,156,-28,-4,1 # cft deg6 r=12
-79701975,108882900,47010400,-70055650,-55390785,21778810,55205920,-20919380,-20588509,11373912,4217436,-3746832,-232169,731106,-35926,-110156,14977,10584,-836,-1654,276,48,6,-8,1 # cft deg6 r=4
-480733904,-2143406832,-4797085904,-5831722164,-4172334707,-1063196966,1299470455,1894441246,1293046089,513247960,66290462,-50961408,-35542884,-8764068,931192,1120000,269259,-52554,-19355,-2746,1708,226,-79,-2,1 # cft deg6 r=4
1180224281,-7631180472,24829789950,-49491361368,66628151951,-63166685512,42578088712,-19368685692,4506931195,888080568,-1268478990,527136860,-95463001,-7773540,7966290,-1348784,-155910,83804,7838,-9324,1036,316,-60,-4,1 # cft deg6 r=4
-12354544,1259488,25404656,35258160,92903412,101451048,75805868,55796732,14376873,-10269652,-11896372,-5160172,1583982,1436408,392228,-310312,-31597,-22608,34088,-7412,-618,300,16,-12,1 # cft deg6 r=4
-3121600,-150712000,-555616000,-1162600000,135728440,-167412240,-1046591280,1024649420,1078681821,-620354802,-473613041,182498738,117590273,-31954902,-18222854,3576634,1823823,-261532,-117416,12244,4668,-334,-104,4,1 # cft deg6 r=8
-5760112919,-15844923160,594954948,29588732612,41858492422,36509616758,9459195512,-11473690798,-7362416236,1521763022,2067419288,72845346,-308637517,-45573300,30131324,7565586,-1672199,-651878,44156,35100,1225,-898,-82,8,1 # cft deg6 r=8
1405195,3970720,-489645,-22783320,-44763344,-24629622,56923158,147378228,180249790,141600300,75527793,26325256,3378618,-2135586,-1581974,-587124,-119690,-16284,-2753,-848,-208,66,52,12,1 # cft deg6 r=8
-2865407044,-4853002500,-1552993750,-1106601678,9882196599,847750252,-4037617573,2970843456,817085314,-1096592004,17679526,82991552,-43798219,7528352,6061272,-1673032,1755,177660,-42529,-10888,3128,346,-92,-4,1 # cft deg6 r=8
55309356,-143302920,206334020,561857896,413500685,438466720,613295042,356901950,-39975625,-126491572,-34676720,17926630,12647205,465990,-1407610,-602118,152205,35110,17992,-8020,475,-246,130,-20,1 # cft deg6 r=0
631628125,-222418750,311471875,2198733750,1558925000,322793750,200227375,73380000,-30688475,20736850,52477325,34070550,4319440,-2366350,-97220,307140,119236,-10494,4252,518,125,62,12,4,1 # cft deg6 r=0
20039466721,9833095448,-10619089228,-3310893524,8582700064,3772105576,-687305360,-1106928,579949020,94714924,-77078060,-11877832,10195790,-490264,-1651380,55796,222312,7112,-16256,-1936,804,116,-12,-8,1 # cft deg6 r=0
1033882293316,123602585076,-1316392121310,-419053215494,837024442999,338622332824,-307382843601,-158841886590,79574157904,41496064116,-11830463905,-8187420890,1627887290,946946130,-171379465,-64524006,11504964,2681440,-475261,-67714,11844,964,-165,-6,1 # cft deg6 r=0
21844145,64841880,54400215,-12154400,14641936,23900682,12128494,13406468,12586008,3075492,268165,2740992,2192242,232510,-136662,137100,129652,29052,-325,792,1188,418,84,12,1 # cft deg6 r=0
26918524525,-97800323600,184107368050,-61703191050,70775830160,21612606730,-35463913715,8592628730,-6795421134,-618237950,787299044,-249300264,311384299,-5963552,36188384,2544624,2138106,307974,68911,16414,1836,464,66,8,1 # cft deg6 r=0
8018235296731,-17126520847964,16398996778744,-9893968596680,4442896054892,-1590242835804,468550988607,-119769177724,29135263008,-6684183414,1501913172,-246870266,22177937,-2252454,-201138,-365536,2458,3144,537,374,552,80,14,4,1 # cft deg6 r=0
4667878198775,-233564632950,2036954418025,-1114919986300,750683536985,-413785899360,230738359615,-107211107080,45587100551,-18933493566,6860716858,-2345815432,743336351,-219156656,59523260,-15018796,3553749,-765002,153985,-27488,4736,-654,92,-8,1 # cft deg6 r=0
-993778445,782496770,9000094475,-9730507490,-20212537190,23843564960,15598784000,-15604574290,-10704693869,4976062928,4377736766,-394725856,-975343764,-109542876,112936416,26624504,-6332279,-2335346,113679,96498,3274,-1764,-136,10,1 # cft deg6 r=16
-387078245,922653820,-655932615,-496355820,2233670320,-2224210230,-328051780,1471653060,-429278669,-221661272,157639782,-55125056,-9544744,25457268,-4143700,-4149408,966129,358156,-92055,-16884,4536,402,-112,-4,1 # cft deg6 r=16
-947168089520,-1833470221680,3235554805040,15796288802400,25966852220160,24462337630800,14372682902320,4876298346160,383124020536,-486371001352,-246288658704,-42438624096,6230813316,4461292564,687861756,-69823556,-38808239,-3426711,624109,142098,1129,-1964,-126,10,1 # cft deg6 r=8
-8809750784,24827442176,-21308439808,-701350400,9323806848,-4631717120,1928984320,471564160,-2025414640,475777920,623441456,-191367424,-114216488,34598960,16438688,-5010456,-1491441,535868,59995,-32578,42,952,-61,-10,1 # cft deg6 r=8
-164556544,640093184,11662920192,55447741440,143414135168,230411571200,242976023680,169751092480,73100887920,11368188160,-8117990304,-7023108576,-2792470648,-644534800,-60397232,14725336,7189909,1364912,85020,-22022,-6358,-632,9,10,1 # cft deg6 r=8
12824784016,-15986221184,-45807146748,86494688760,-25958711007,-29285863830,19572029575,380896270,-2906878995,225938160,317242036,-11650224,-48150558,7059060,4004338,-895156,-194206,43808,20560,-4248,-1123,402,-1,-10,1 # cft deg6 r=8
16128256,0,-129026048,0,3919616,0,120195840,0,-36467360,0,-19311808,0,8817104,0,-423088,0,-165655,0,20260,0,-434,0,-28,0,1 # cft deg6 r=16
703839280,-9564515400,33829518120,-49229468650,32728276465,-11316160450,6821184165,-6463901990,2876322871,-445692340,39560398,-31686530,-8385427,11815810,-2289269,-247970,56685,13500,9806,-5670,-217,430,-27,-10,1 # cft deg6 r=8
605,14520,161045,1093950,5085096,17122040,43133848,82860624,122735672,141083520,126328011,88223258,47776718,19528800,5527236,739832,-204460,-165792,-51399,-9578,-388,264,70,12,1 # cft deg6 r=8
3237025,10899200,1053425,-25494250,-23886320,-3425080,17258080,20141360,11460700,4339160,-1366585,-3487390,-1436414,811632,1056476,394280,-100,-64968,-31051,-5458,640,440,86,12,1 # cft deg6 r=8
-615347920,7926545440,-10763025020,-10312786260,34080175901,-38819877518,26483374467,-11496118118,2353823537,606699024,-698944354,270327336,-38391324,-9295944,7227776,-1151744,-24229,99206,-4839,-1746,912,62,-43,2,1 # cft deg6 r=8
7174355,-120778730,1343554175,-3230519030,-11702352020,-7359505620,4629388790,4322067430,-3571968334,-4039299234,-56241995,879547570,10708650,-186490632,-17390342,21879870,3219650,-1344270,-230297,45098,8040,-800,-140,6,1 # cft deg6 r=8
-4270320,182344320,-525053360,577544480,-78925904,-573315232,776517920,-437752624,10114812,131035488,-35597884,-67001288,74210320,-31630592,1739696,4367680,-1843407,132612,100541,-23980,-1278,946,-57,-10,1 # cft deg6 r=8
5492212900,-10160541250,2639335025,7031350750,-6983500590,28218650,6068805200,-6336219980,2624762421,217377630,-715326977,141525890,306061408,-316124490,139742816,-24793540,-3237185,2148690,-206199,-49850,9928,390,-162,0,1 # cft deg6 r=0
7148468480,68814617600,307337489920,811270435840,1407187507456,1708915377920,1514983186560,1008169701760,512292806880,200011909184,59507990560,13055442720,1936707760,153875600,8075176,7880680,4069585,1069920,158720,8674,-1290,-200,25,10,1 # cft deg6 r=0
72987384971,616361038314,2333846780630,4996684914572,7009358169456,7034475254624,5328757929695,3150364708442,1483300302386,562088471334,171774752776,42032359136,8082108646,1181807856,127988441,12412894,2211018,530106,79952,3664,-704,-12,47,10,1 # cft deg6 r=0
14393228131,67127446742,138011971749,176264867848,166786149731,116927029886,63804586582,25174873014,6938614358,561926926,-262691144,-173695258,13071104,10564538,8790956,-642294,-24898,-187446,29658,786,1321,-268,-21,-2,1 # cft deg6 r=0
1371710255,-4775086190,8539180915,-9336564680,6727034180,-3007141080,696623360,-80492790,265999686,-398182858,321374957,-169865528,62667628,-14834928,1101120,788070,-370644,64530,2275,-4368,1218,32,-58,2,1 # cft deg6 r=0
11794114505,-72869809720,183242800195,-242168713010,176125632761,-70747198740,33096864403,-11725530934,7869263197,-4092581800,1735103996,-657483888,256517543,-85883100,26775016,-7391992,2027775,-485328,112211,-22322,4342,-704,110,-12,1 # cft deg6 r=0
478097438576,2028291489608,3872264308720,4491076087492,3641607386109,2252503055252,1129306274616,478012990140,173471827574,55424528768,16189651600,4098474340,1032764275,212228900,47832570,8859108,1937634,376860,70726,11012,1209,152,30,8,1 # cft deg6 r=0
4816628077525,837048121350,-1486805017425,435661981850,239718996435,-52800298060,18994201185,1105358540,9981935031,-126924126,646138098,193933778,142518131,34657024,8775360,2772064,689639,167538,17135,3342,396,66,12,2,1 # cft deg6 r=0
60450625,0,-110910000,0,84042750,0,-13844750,0,-4145925,0,3060300,0,-644315,0,119880,0,-28239,0,4128,0,423,0,18,0,1 # cft deg6 r=0
24405998336,56169940992,82563763200,96819733184,97878416400,78675277248,49828214668,25133799054,10604592927,3781563484,1159965876,299552154,64923165,11207214,1625382,18124,-37218,-32490,-2934,-1296,240,-38,18,0,1 # cft deg6 r=0
9725371984,4580929056,7338386724,-5426474120,19127240301,-18901965528,18731223135,-11807528646,7410136581,-2984903578,896256012,50703882,-134598739,68454930,-13279302,-245842,1178961,-336288,37800,4692,-2535,352,-3,-6,1 # cft deg6 r=0
45,0,-1080,0,-22680,0,-136935,0,-354744,0,-394740,0,-112299,0,88380,0,57516,0,12705,0,1296,0,60,0,1 # cft deg6 r=4
45,0,-1215,0,3285,0,63675,0,-176499,0,98730,0,144879,0,-239940,0,142851,0,-40935,0,5214,0,-180,0,1 # cft deg6 r=20
67290292501,-28742353368,97612183503,-25007889790,42274557627,3873465732,8366947365,-2205980418,-722438532,-769446108,-134526495,21997566,15347580,-3342048,1851903,1387370,-23850,-94104,12503,6642,-1155,-496,0,12,1 # cft deg6 r=0
11182336,0,65793792,0,-14752800,0,-104867312,0,-44811783,0,-4192266,0,-374639,0,135564,0,-20358,0,-3242,0,0,0,12,0,1 # cft deg6 r=4
191474891,-333804720,-328896054,96205840,498462498,724796220,145066802,82395960,152830950,41240410,64962924,14791140,17926163,-4886400,-503844,-1022570,125115,21330,12818,810,-537,-110,-6,0,1 # cft deg6 r=0
-669633151,753096024,-346082652,1051532076,-21984651,209871702,-658815013,-433810236,-127687737,-117134738,17369835,-18891420,14294425,-6584130,4002840,-1681576,628029,-214722,58056,-14136,3096,-464,87,-6,1 # cft deg6 r=4
171315497881,147359845317,70047643341,86625382074,49779303222,17932774383,13583995292,5678797719,1614039738,912576821,290383320,73317450,29017814,8258670,2312610,458857,259173,53067,-3862,6126,537,-78,69,-6,1 # cft deg6 r=0
960881211,6369268302,-6711322014,-165044178,-1159708239,3714536868,-2660556242,1251134208,-366617097,-31913432,24246864,30135300,-12175591,-4159080,2099184,193642,-131832,-20358,8798,1872,-1104,118,36,-12,1 # cft deg6 r=8
-317226320,-961711200,9892116960,-24461704800,26866431924,-9636295944,-5839320704,4389045312,1053510843,-620798306,-440455653,-85959642,42435785,28314162,12293880,2571794,657381,92334,32868,3762,1332,50,30,0,1 # cft deg6 r=4
21279509,11393994,-25385790,65348430,212805138,165735192,-236897884,-82940832,79159272,-4807926,-5891790,21845868,8207565,-690126,437940,372934,-162249,-104280,-1978,7704,1311,-178,-66,0,1 # cft deg6 r=4
-149561539,1682016282,322672035,-2880632106,-552135690,1811536476,567740499,-590506608,-255922683,111384244,53645883,-7750050,-7075725,-413880,98037,317558,36057,-40614,-269,852,30,102,-15,-6,1 # cft deg6 r=8
9620382041,-32329497168,39202921479,-14112760266,-7675732962,5825634678,502049418,-611559252,132907626,-18537362,-16818831,27902724,1081990,-5338854,390228,690002,-69702,-64476,6833,4020,-618,-268,18,12,1 # cft deg6 r=0
126025,0,7073490,0,-1075239,0,43599470,0,5946570,0,7395210,0,18252105,0,7052562,0,982170,0,67670,0,2985,0,90,0,1 # cft deg6 r=0
52128400,0,-14476244400,0,-9588200100,0,-10218634200,0,-4889804235,0,-45273210,0,388030955,0,80888400,0,7276341,0,351720,0,13863,0,210,0,1 # cft deg6 r=4
190578025,0,118514250,0,-316899825,0,99496200,0,26853465,0,-16866720,0,3153445,0,-482940,0,67011,0,-6806,0,462,0,-24,0,1 # cft deg6 r=8
2418025,0,-34249500,0,839774100,0,-2000994950,0,2452603230,0,-1197193590,0,-120058845,0,13190790,0,4373511,0,194984,0,11967,0,186,0,1 # cft deg6 r=4
190578025,0,303701100,0,247817100,0,168923350,0,31106790,0,-9527130,0,-14452725,0,-10969050,0,-328569,0,86192,0,9183,0,222,0,1 # cft deg6 r=4
133287025,0,301761450,0,-6096225,0,68247100,0,-6142485,0,-11570010,0,159895,0,266790,0,-26814,0,-7254,0,-168,0,24,0,1 # cft deg6 r=4
619014400,0,61372800,0,41070000,0,69419400,0,-17650695,0,6232830,0,-457175,0,-10740,0,15906,0,-458,0,-72,0,12,0,1 # cft deg6 r=0
6561,0,2077650,0,28921617,0,81351864,0,39838824,0,-2653254,0,-2753936,0,146718,0,26712,0,952,0,-171,0,-18,0,1 # cft deg6 r=8
1149095,-23114610,76250580,81924880,-169210659,58925424,-114108425,-639521796,-199072065,388428218,269079216,-17953296,-70628089,-17469996,6493944,3329586,-245169,-326604,-11064,18732,1830,-544,-75,6,1 # cft deg6 r=12
8970025,0,10371000,0,12915570,0,-25288250,0,5124411,0,-332928,0,801625,0,-420528,0,98649,0,-12732,0,975,0,-42,0,1 # cft deg6 r=4
31453615576525,-7705271184975,6045100051275,-1261555673025,54747372735,-101006109345,-121426958155,-40367787270,33200512281,12744431510,464219367,-1220780208,-631027333,-73225512,64308009,19410976,-2102685,-1399986,-32728,49296,4137,-867,-108,6,1 # cft deg6 r=0
32058361291,35977165278,-19744049172,-33501264344,2068924512,13390890318,1852119551,-3262848534,-620881050,357700248,212558478,-73582218,-9198469,850740,1785930,-118292,-38160,-31302,8347,354,78,-110,6,0,1 # cft deg6 r=0
29058780511,25949015064,3547081716,-5382590788,-1457416848,4190051340,6051708536,4650031806,2535671316,1098970698,400220118,122958792,32722457,8705886,2478234,688472,201369,54756,8494,420,21,-46,-24,0,1 # cft deg6 r=0
89,0,-12549,0,291204,0,-626848,0,-8149002,0,15568998,0,-8529010,0,1191099,0,82476,0,-22256,0,213,0,66,0,1 # cft deg6 r=16
917445331,1308961494,740053587,-452599842,-515429340,994725360,716789970,293713512,-388871577,83015226,234467166,-21739554,-47996181,-2743632,5058741,1261224,-238611,-141930,-3957,6966,1077,-126,-54,0,1 # cft deg6 r=4
731873010896,2033720012520,2090763937272,1015098185000,346330749093,64622051730,15152378515,-4674858990,-7276199466,-958588060,1439988579,575608740,-60930296,-70484310,-3884772,5701340,989271,-260370,-73052,7350,3339,-70,-84,0,1 # cft deg6 r=0
3721,0,-942156,0,-17569812,0,-40983036,0,-52583340,0,-37495572,0,-14861154,0,-2053956,0,452004,0,134100,0,6972,0,132,0,1 # cft deg6 r=4
964806300791,-2107850439162,2490653438784,-1952546124082,1182289884708,-573152905152,250871913532,-100694048760,40795829280,-15326893432,5728366464,-1909607760,627189205,-177778338,51725790,-13535068,3903867,-912222,209056,-31386,5571,-496,114,0,1 # cft deg6 r=0
1331193751,429837657,2702688438,5914210682,3249607389,-1856147085,-3343327780,-1394623812,491672745,736514135,243377154,-63387000,-78319856,-21625986,3482778,3813700,840603,-69114,-47488,2016,3387,118,-78,-6,1 # cft deg6 r=0
1101187187631,-2639036261304,3365208216612,-2847747207816,1890980069112,-1014911417628,456500102454,-158133916656,43016250987,-7223283486,561431601,303134184,-42943977,-2378808,4830561,-2279466,297288,7362,9237,1584,-546,-126,15,0,1 # cft deg6 r=0
24324139,16074492,84445278,72188124,45150345,-72882312,-23733465,-49513638,20248455,-170216,6788061,687804,-2024388,1085544,-391914,243362,-3117,-31038,15641,-3606,1509,-302,63,-6,1 # cft deg6 r=4
-29277999,17808282,-17054829,78024528,-77098581,-55614978,181532652,-180691542,85203021,10454574,-61072638,72030636,-45475322,17840736,-1068738,-1905526,1554321,-585792,131007,-20268,-1491,848,21,-18,1 # cft deg6 r=8
-1768192474775,-2960241301125,-523198278450,1743190634325,1198400271435,58907020965,-245817636320,-137437389315,-21604745271,20457208362,12504376947,190570950,-1703853546,-343953900,99859908,38101569,-1782363,-2024946,-89648,59211,5685,-921,-123,6,1 # cft deg6 r=12
27946381,-111043518,172562859,-149957294,108666501,-75852018,14280173,25619544,2610771,-28570490,5608320,17465490,-10055660,-2618088,3458346,-252124,-537789,124236,37628,-13842,-1005,692,-21,-12,1 # cft deg6 r=4
1382055364,3260068848,5972459430,7520237906,7479699231,6019342197,3884474324,2097305235,897482463,314196833,87165912,21004719,8671570,3203343,1235493,255877,130704,-46440,19538,-3387,1359,43,-45,6,1 # cft deg6 r=0
45989563759,-126692642118,169179857130,-135003216346,61440127746,-2949927222,-20386752011,19118084790,-10228867092,3342244022,-243971598,-511629534,415794600,-202015998,72273273,-19924682,4177734,-592830,23998,13302,-3876,502,-15,-6,1 # cft deg6 r=0
345466605316,377546724408,460290006030,1290980958602,2307742904247,2510497847724,1840919581364,948469332204,334103862228,65576665484,-4213438479,-7784872914,-2535921053,-287448762,68684103,32641342,4560558,-422388,-258631,-27960,5697,1084,-93,-12,1 # cft deg6 r=0
398706811,193863498,1416073002,900929251,-479819688,-1677140718,-241777622,-270242508,503506095,155554460,69160527,-15015939,-19457817,-4336989,-508149,371656,154263,-15039,3790,5799,105,-367,-39,6,1 # cft deg6 r=0
652000117504,14630594976,519034662180,588993201480,660249861195,471944234862,293166979599,136294361856,49071056991,7148465182,-2479567050,-2631124128,-848152625,-166235016,23750250,14391540,4870503,219006,-40670,-39078,-2307,-286,93,6,1 # cft deg6 r=0
46117681,0,242784060,0,-313168698,0,162734882,0,-41239077,0,1076982,0,1873205,0,-337638,0,-4017,0,2342,0,-198,0,0,0,1 # cft deg6 r=4
206014091,256485366,-307538079,-328344420,335120748,218735730,-242713160,-113420232,70191492,21153160,1570743,8113542,-5521336,-4584762,1367742,771566,-176136,-32238,15567,-4086,-840,428,0,-12,1 # cft deg6 r=8
-1075625,-2471250,7687500,29861250,40048125,-21146625,-31544125,69065250,68238975,-15326725,-14904450,13483650,3544675,-5221335,-1100895,718510,62754,-45132,24796,9096,-1098,-530,-3,12,1 # cft deg6 r=4
9495198485611,32658207021882,47819520800316,37177420418061,14534486443104,644799497022,-1954903314829,-787738361175,-83335399092,2715041001,-12787883487,-7345437261,-1001706920,261285921,89034201,-5568708,-6003822,-508227,217790,50952,48,-1134,-102,6,1 # cft deg6 r=4
-10792225,47637900,-93732765,95999640,-62468169,22309602,42799302,-94815306,24980556,57243208,-27462033,-18062208,1691059,2085816,510204,-6406,-39756,-2772,-5728,-588,486,86,12,-12,1 # cft deg6 r=4
185009,3089130,24435246,107991972,295651377,474403938,465936446,237750240,80725812,-94547462,-44763978,-24744168,7510152,3323610,1629249,-198106,-90699,-38874,2079,-1074,600,126,-9,-6,1 # cft deg6 r=0
17007376,0,-277030704,0,-380689860,0,-107222264,0,28415037,0,9853782,0,-937121,0,-243732,0,25137,0,2364,0,-285,0,-6,0,1 # cft deg6 r=4
274084289,-189182568,739405188,-664643796,997394079,-929067552,965970719,-690212376,583340571,-430605152,215696157,-78424134,21135031,-1462614,-1369692,832610,-312807,64482,-9216,-786,828,-224,57,-6,1 # cft deg6 r=4
9118978769,346393218,8340749295,-3841906230,2540226618,-2916932562,918297170,-671104548,264181167,-63550322,65250,15667572,-11515373,5567490,-1860042,452600,-42513,-15510,14322,-4536,1518,-272,63,-6,1 # cft deg6 r=4
755161,0,-16647708,0,452742,0,100227870,0,9985599,0,-7745946,0,-1657019,0,-78822,0,7635,0,1234,0,258,0,24,0,1 # cft deg6 r=8
26784801,67683546,156717306,53644224,-58128744,-140181486,249049003,154986354,8012235,171242080,-63794424,58330224,-22372253,8102466,-2882076,214296,-63633,-69780,20311,-8706,2043,-398,75,-6,1 # cft deg6 r=4
11703241,0,6611682,0,17154009,0,16864230,0,12372810,0,9351402,0,2141929,0,235098,0,-5190,0,-2570,0,9,0,18,0,1 # cft deg6 r=0
345394261,141536247,5455198038,-3585926498,9046118595,-8716656648,9235050462,-7507186332,5497329330,-3451119044,1763127525,-726112323,238531002,-54818112,8108361,-403916,-5406,-111840,41786,-5670,-27,87,18,-6,1 # cft deg6 r=0
3392317549,-16388621082,34456757874,-43123293966,36633546774,-22098843600,9537919016,-2869894656,566384220,-90422466,59705094,-55098108,35314465,-15463722,4923216,-1134414,252135,-55992,9262,-2208,-57,26,18,0,1 # cft deg6 r=0
205,0,9840,0,-123000,0,-2248850,0,-10836054,0,-22949094,0,-23978041,0,-12956958,0,-3560301,0,-446336,0,-18489,0,-162,0,1 # cft deg6 r=4
52480,0,-1928640,0,20772240,0,-71096460,0,55006461,0,-79335,0,-13995117,0,4296735,0,330054,0,-353895,0,58677,0,-3150,0,1 # cft deg6 r=20
6173304400,-77758017000,801464826600,-322686777200,327675203535,-150513882300,59014656465,-29756306370,8563089276,-3056252340,995499885,-112013640,-79837871,35558460,-3098700,-1549080,1247466,-86310,-105880,6810,4779,-130,-105,0,1 # cft deg6 r=0
84995,38519910,-235369500,806007610,-1705520925,2125757850,-1264217390,-313721490,1228288236,-1032684934,415345398,-35318766,-44079246,18825072,-385335,-2061874,848427,-230124,65637,-15546,1380,248,-39,-6,1 # cft deg6 r=4
62394239501,-51183140757,196433340588,-273809361562,312377212908,-293041645995,220956265858,-135433987404,68003721786,-26828147129,7353211242,-706448628,-526728261,343287216,-106577469,15784729,1585374,-1432326,336402,-29715,-3321,1129,-81,-6,1 # cft deg6 r=0
8911550512555,-2134964496450,4251857769015,-1758797879970,1161501362124,-243570454344,146943773166,-24744918552,15580929303,-1998952278,1136651706,-129674754,95720175,-8580024,6462621,-485880,394929,-45666,13731,-2778,453,-126,18,0,1 # cft deg6 r=0
-1770976016,32605147464,-31366016064,-42937968348,63791925579,-19008406329,-34250056553,39307904187,6782870355,-16145600502,-880118346,3299135799,179143911,-411885645,-31303710,32820309,3333201,-1665870,-206914,51501,7317,-867,-135,6,1 # cft deg6 r=8
51329665280,187843000320,350328261120,447918705440,430269321504,322937374872,196662153784,98532787842,39569837307,11884632050,1764303219,-549480768,-467675927,-136519092,-4732959,7385072,1693188,-116568,-52937,11430,-1107,-478,114,-12,1 # cft deg6 r=4
10501039,-740823192,-3047820687,-6447776584,-8257394574,-7187251470,-3882020525,-101125422,2248498080,2987753778,2487167139,1624592904,864004014,388253466,148578924,48382264,13614687,3182418,650306,103002,15105,1474,180,12,1 # cft deg6 r=4
-20480,245760,-1332480,-3080320,36949200,21650040,-115952740,-63070770,127366911,87752138,-54594720,-58118070,2361175,17360754,4442457,-1817000,-1011435,-14610,80702,13446,-2160,-740,-15,12,1 # cft deg6 r=16
703125,0,3375000,0,-18393750,0,-33856875,0,120410775,0,49815900,0,-177582525,0,52325550,0,26974365,0,-9659805,0,-487395,0,45,0,1 # cft deg6 r=12
703125,0,-6750000,0,-34650000,0,275833125,0,-40818600,0,-680666400,0,194484525,0,252151200,0,33621240,0,516405,0,-57840,0,120,0,1 # cft deg6 r=12
-40597355,113566680,315638070,-952763990,129424050,491864640,-250094430,-301817610,117652521,89508912,-47935788,-22321374,13839387,6889026,-180972,-339752,-70515,-50886,-10786,1176,78,-74,30,12,1 # cft deg6 r=8
446295435751,-209151214602,-433965335010,195052404631,206995067004,-66808775922,-52979016311,12097638900,8972105148,-1398868913,-1214717370,93097470,134602840,1360560,-11523750,-808589,843858,78930,-51209,-4866,2244,247,-60,-6,1 # cft deg6 r=0
2186911,6092328,20967078,42467000,89762928,30771360,32577625,-162970290,10089810,-38399110,97760274,27173382,-32743673,-7364850,3091662,1124408,182934,-133956,-38285,6294,2622,-94,-84,0,1 # cft deg6 r=0
110665405,180815100,365465670,131348980,93588705,-127412820,-5704560,13432950,-9527211,9891342,1021977,-4670256,4141170,-1980696,371175,26572,-29757,11106,-1086,-486,243,-122,33,-6,1 # cft deg6 r=0
29768394281,48255718452,23673269262,11454713103,13693004715,6684042294,1008398642,707574825,541399173,45774446,-27559200,14634594,5473121,-2244423,276717,373500,4107,-25026,9194,954,-822,162,15,-6,1 # cft deg6 r=0
25139688025,0,48124146300,0,-6708806790,0,-4955799140,0,-633285729,0,137166648,0,50243788,0,4806360,0,-3609,0,-25140,0,-1062,0,12,0,1 # cft deg6 r=8
958441,0,-7320114,0,16533819,0,-15965162,0,7277091,0,764028,0,-2480566,0,1025724,0,-189621,0,16630,0,-477,0,-18,0,1 # cft deg6 r=12
2241927801,0,184593492,0,-1325136240,0,-15305832,0,183118032,0,-24832896,0,-3168154,0,1580004,0,-234528,0,11608,0,360,0,-48,0,1 # cft deg6 r=8
7929856,0,-553801728,0,-273590832,0,467505556,0,120591273,0,-14408736,0,-5336568,0,-1024974,0,93498,0,3344,0,693,0,18,0,1 # cft deg6 r=8
2996029696,0,14258717952,0,17565907392,0,6248460416,0,501455760,0,-112403376,0,-16762612,0,537816,0,121365,0,-3926,0,-513,0,18,0,1 # cft deg6 r=4
160149025,0,283108380,0,-36187266,0,72708426,0,-908313,0,-7405686,0,-2023227,0,-1352034,0,-11433,0,31374,0,2958,0,96,0,1 # cft deg6 r=4
51768025,0,-229284750,0,-130203915,0,54871010,0,20430546,0,13011810,0,602989,0,-342450,0,11826,0,10110,0,789,0,30,0,1 # cft deg6 r=4
96342572881,0,-6785818854,0,-3693277125,0,-368125884,0,119972697,0,4304052,0,-2491,0,31548,0,-44973,0,2574,0,330,0,-36,0,1 # cft deg6 r=8
6041797441,0,58789262364,0,5566987614,0,-16618796850,0,3329411835,0,480011466,0,-245222331,0,27503334,0,-288225,0,-119070,0,6954,0,-144,0,1 # cft deg6 r=8
7929856,0,45613056,0,-33103872,0,-4342784,0,2223360,0,1016832,0,365376,0,-321984,0,52704,0,-4240,0,432,0,-12,0,1 # cft deg6 r=8
844425481,0,1357606374,0,-931679229,0,-665750660,0,-23270295,0,35004444,0,2774221,0,-760116,0,-49725,0,8850,0,66,0,-36,0,1 # cft deg6 r=8
269255281,0,-7848635112,0,-115038872358,0,-39277180178,0,-3684071385,0,520273626,0,188964069,0,26035362,0,2172879,0,119630,0,4338,0,96,0,1 # cft deg6 r=4
153041641,0,965186496,0,-5919129522,0,-1024509254,0,100622775,0,48093582,0,4105221,0,-556314,0,-113181,0,-2410,0,642,0,48,0,1 # cft deg6 r=4
429525625,0,125821200,0,7017006,0,-182369330,0,86542215,0,-12183390,0,-746575,0,168618,0,15855,0,-890,0,-210,0,0,0,1 # cft deg6 r=8
20736,0,-1156032,0,2897424,0,-3206412,0,2004057,0,-200928,0,516604,0,233394,0,13494,0,-5404,0,-3,0,-30,0,1 # cft deg6 r=8
570015625,0,1102866000,0,-406601634,0,-1926425770,0,-1207531065,0,-232897710,0,15421205,0,10930458,0,1683795,0,131990,0,5610,0,120,0,1 # cft deg6 r=4
606841,0,1960278,0,-9385821,0,13850868,0,-9069573,0,2869362,0,-460081,0,178134,0,-60066,0,-1194,0,-228,0,0,0,1 # cft deg6 r=4
15625,0,6506250,0,-28869375,0,-260421750,0,-349362150,0,495946410,0,144682081,0,19887942,0,1740234,0,104166,0,4209,0,102,0,1 # cft deg6 r=4
4250448976,-43204407720,172446763584,-365880554394,466713435717,-369239624670,163846439189,-10737681642,-35611463667,23135696088,-5506715562,-972667680,1100209652,-300801624,-147780,23016042,-6119853,229122,214771,-44520,240,978,-93,-6,1 # cft deg6 r=8
8297124016,-52763916240,166511039388,-326873665104,426337364973,-365795766126,172709496273,3621747918,-61666001772,31822442286,3065830197,-7318385538,922299147,797994804,-175929252,-52683132,14496948,2410956,-622398,-68148,14853,1014,-189,-6,1 # cft deg6 r=8
-859876601,3054694722,-4618405311,1518067644,3412402695,-3287459262,234351206,588103926,-123753498,194514414,-252523956,32577978,81148616,-41430390,-76512,5569446,-1470018,-107478,119434,-17982,-1683,828,-69,-6,1 # cft deg6 r=4
2284362025,0,-33073416420,0,-67765592106,0,256367090622,0,-48204664641,0,-1856682870,0,1453489029,0,-192087210,0,13062591,0,-521670,0,12486,0,-168,0,1 # cft deg6 r=4
92416,0,-939840,0,1250880,0,191932,0,-1222335,0,1274460,0,-329676,0,-188430,0,2550,0,-5092,0,345,0,-30,0,1 # cft deg6 r=8
3915755776,0,21697833408,0,-23989986240,0,-10067967156,0,4689311505,0,2664294900,0,556091008,0,65910750,0,4959390,0,243784,0,7665,0,138,0,1 # cft deg6 r=4
102400,0,-1625203200,0,25868911440,0,26042989780,0,10608617361,0,2427365718,0,349023919,0,34015452,0,2345709,0,115372,0,3987,0,90,0,1 # cft deg6 r=4
160801,0,-1225266,0,1467315,0,8909558,0,-10826445,0,-12574620,0,16574202,0,-2463900,0,141315,0,6382,0,-645,0,6,0,1 # cft deg6 r=4
92416,0,-1497408,0,8569824,0,-6104736,0,-17709135,0,-12641826,0,-3049445,0,-72396,0,66405,0,9704,0,759,0,42,0,1 # cft deg6 r=4
269320921,0,422682666,0,-24881313,0,-36486760,0,-43886661,0,-8280138,0,854551,0,289746,0,6186,0,-3246,0,-204,0,12,0,1 # cft deg6 r=4
4289041,0,55757586,0,120213453,0,91040086,0,39792810,0,13065402,0,3116341,0,509466,0,68634,0,5910,0,477,0,18,0,1 # cft deg6 r=0
361038001,0,1894333716,0,2767049688,0,1404631700,0,574776744,0,325480332,0,109353334,0,19496196,0,2026560,0,129012,0,4992,0,108,0,1 # cft deg6 r=0
874917241,0,107692477254,0,189375869607,0,132853457930,0,48558463083,0,10579576224,0,1479518962,0,137981472,0,8686947,0,364634,0,9759,0,150,0,1 # cft deg6 r=0
33362176,0,86293440,0,65123232,0,-2828752,0,-22031007,0,-6679662,0,884925,0,765708,0,173598,0,21118,0,1512,0,60,0,1 # cft deg6 r=0
3041536,0,-3565440,0,-4905168,0,7335368,0,460713,0,-2506662,0,505015,0,-139932,0,48033,0,28248,0,2667,0,90,0,1 # cft deg6 r=0
33535681,0,1183373022,0,-4474219641,0,2260744424,0,4089042375,0,1772544774,0,391627015,0,51633774,0,4292850,0,226754,0,7344,0,132,0,1 # cft deg6 r=0
50822641,0,731156880,0,935896512,0,544851818,0,126604998,0,6831138,0,-2091425,0,-443202,0,-28617,0,1308,0,387,0,30,0,1 # cft deg6 r=0
15625,0,-93750,0,103125,0,5625,0,-75750,0,62250,0,-31525,0,12450,0,-3030,0,45,0,165,0,-30,0,1 # cft deg6 r=8
-7219,229569,1794525,3565801,5458299,9298638,11652124,11772420,10809333,7627953,5550648,3780906,1952228,972462,319830,57808,-25212,-31392,-3873,-204,-72,-124,-24,6,1 # cft deg6 r=8
181377461,-97874922,-533804982,1304153888,-680829579,-145282992,275406919,-59050026,-132611751,64440128,19733283,-15480516,-421106,2329434,-741852,-72592,142524,-33876,-4976,3618,-639,-22,48,-12,1 # cft deg6 r=4
38947302281,12347251182,-35001883695,-28119737992,7147244436,14407177032,3715215652,-1864404243,-1167062760,70830487,207143250,18822000,-26970351,-4813425,2666655,573249,-212325,-36519,15928,924,-759,84,15,-6,1 # cft deg6 r=0
1437601,0,20840094,0,351124797,0,1834026618,0,1774809258,0,366559158,0,15333093,0,-2895402,0,-251862,0,14298,0,957,0,-66,0,1 # cft deg6 r=8
1140500404711,3737639606457,4401928564200,2222491452358,704506790124,651616253103,464127295416,94247619750,11072033889,40765466482,22463527515,88982505,-2505424855,-282514065,183926145,37413602,-7153596,-2252445,121381,76023,1044,-1407,-75,12,1 # cft deg6 r=8
211838720,983160960,2330778240,3361924640,3338560560,1896265080,267839440,-753948090,-787875129,-462579338,-134581800,7945704,33663501,22350852,8871018,2564896,441108,-9684,-30222,-9138,-729,154,60,12,1 # cft deg6 r=4
36099044081,-38632909854,-2109330108,15989215700,-2998255050,-1738881114,-427632716,516197448,130911882,-111839266,22842012,-18311520,9704419,-2199102,1160670,-520576,57327,-8748,12934,-1254,-477,-76,30,12,1 # cft deg6 r=0
14830088229,47593011888,46063676997,-22857230268,-74842476273,-29418130428,48903843965,57586132164,8674749108,-23316579276,-15987065853,916710942,6321869169,3621505806,798682938,-70857214,-74914338,-11663484,932426,423954,24576,-3130,-321,6,1 # cft deg6 r=4
734897881,0,-622147596,0,-2767564572,0,-1883494830,0,-366449346,0,16942098,0,12732819,0,1396434,0,-9525,0,-14592,0,-993,0,-18,0,1 # cft deg6 r=8
-4043362941,2252851704,6080253336,-3074147424,-3116483856,2411369946,665703063,-1091816550,56422278,299624544,-74291844,-48258432,22752227,4013142,-3926124,65922,488106,-31770,-38645,3018,2112,-150,-84,0,1 # cft deg6 r=4
547129,-10850256,149289144,-485468688,855652026,-1021893822,797180601,-375677118,151213266,-60292992,-68534400,95100318,-11552109,-18349062,1956906,2016486,75144,-160722,-23901,7410,1650,-132,-60,0,1 # cft deg6 r=4
-37541120,7209600,-389674176,-106684416,1681948368,-579889440,-1359120376,650557248,456804435,-280106688,-61745460,56123910,450003,-3870102,93276,-352440,166518,64188,-25478,-4242,1950,132,-66,0,1 # cft deg6 r=4
5308416,0,69009408,0,69230592,0,-400849920,0,545589504,0,-300467520,0,80486096,0,-5285820,0,-267951,0,33850,0,-333,0,-42,0,1 # cft deg6 r=0
482022025,0,-1684142610,0,-1494216189,0,181888880,0,428122155,0,90413190,0,-18881865,0,-9242538,0,-964770,0,5530,0,3840,0,120,0,1 # cft deg6 r=8
964346531,-4983660624,10914813717,-10477336594,-22404021861,6739773006,20094878415,6299637822,-3688373802,-2989907424,-671954358,28390626,52052474,18387384,4126530,176938,-215619,-61674,1102,1806,-390,-188,-15,6,1 # cft deg6 r=8
5911955431,21036385002,24319875522,-1111199224,-17481355620,-5608385598,3501029441,1260209172,106554801,280090844,-223639110,-195735252,59013498,45842472,-7452885,-5329026,583386,317496,-32914,-8250,1323,-38,-39,6,1 # cft deg6 r=4
3721,0,34488816,0,-130513200,0,441251502,0,-508791198,0,-32358054,0,21708627,0,4696266,0,955587,0,103092,0,5835,0,126,0,1 # cft deg6 r=4
1360467964881,0,2928419948376,0,2386766141514,0,922658809770,0,200501493075,0,27212434914,0,2477280169,0,158385066,0,7238715,0,232850,0,5154,0,84,0,1 # cft deg6 r=0
8446345216,0,4049436672,0,257003520,0,1553110016,0,1595481600,0,616601280,0,110949488,0,7744260,0,-176895,0,-26594,0,2175,0,102,0,1 # cft deg6 r=0
16777216,0,125829120,0,34603008,0,37748736,0,12976128,0,4030464,0,1515520,0,193536,0,31488,0,3904,0,768,0,60,0,1 # cft deg6 r=0
33830569216,-76139852544,106974025152,-32809333344,26875444608,192677256,-2233694540,1694879226,-378572277,229517060,50611152,15181542,-682795,1860642,1895694,85172,117690,1026,15290,288,960,38,42,0,1 # cft deg6 r=0
2791184,-40956336,64517616,-41546404,239151195,-473074932,409277934,-201538464,36919014,18057776,-22415016,14707650,-2841133,-763386,524472,-163824,11331,12102,-2567,1014,-189,-20,9,-6,1 # cft deg6 r=8
32923160441,-2894267565,17092367496,-26655816385,-4094417079,-3821826681,4600117072,1317401283,-168992172,94883207,9668904,6036774,1333748,-1479351,-395091,-202418,-85971,7848,17013,2658,-660,-264,-9,6,1 # cft deg6 r=0
-35347381,-88889436,-181329195,-93002366,-2557536,174481350,84842647,56417598,1297968,-83126,31391640,-5682528,1988483,-7413954,-1535085,1456790,-51408,-28842,-7827,1134,441,-312,-12,12,1 # cft deg6 r=8
9945481781,-13275779376,-20105359020,-77521804,21966317691,26626439754,19036909947,9493453542,3497984565,1016612072,297064965,107644692,37798610,8040870,-197376,-726222,-196638,-10362,2728,-1872,-1107,-134,36,12,1 # cft deg6 r=0
-80956080,-103341600,359066880,732149760,614448840,-122088240,-628427480,-470126400,-67679259,132248038,85314690,7841904,-10771713,-5314578,-461454,663438,222234,-42576,-25440,1578,1641,-28,-60,0,1 # cft deg6 r=8
-177654238999,-1196461335810,-3855005355786,-6992298901367,-7245918013464,-3662638266276,290512698737,1570260641427,855547136709,89022590585,-100187791236,-41787264447,297957760,4084394550,888196518,-73642159,-54251067,-4848837,1030726,215790,-300,-2908,-159,12,1 # cft deg6 r=8
184151151,-657645642,907274034,-86653638,-2644182954,6360140466,-7982494317,4412935314,2632268997,-7612588614,7561851381,-4493997372,1794700474,-520584168,96462591,3778986,-5220462,618624,-257428,1626,7791,1068,204,12,1 # cft deg6 r=8
72298496,-5941248,-891303936,-188621312,598872576,606421248,-213832704,-338847648,-11169456,104215168,34848864,-28256472,-4304004,732192,1564104,-92498,-146751,5058,11931,-2118,-504,172,24,-12,1 # cft deg6 r=8
154726824949,-759886318194,1694590154196,-2250486024174,1957055685870,-1153740403680,471676681159,-158388806940,78968054259,-57651969456,33794159661,-12995637408,2734315514,56609322,-240110007,76012722,-9090900,-999072,504580,-54408,-4077,1368,-48,-12,1 # cft deg6 r=4
8179120,2042400,-59760960,-11898400,108995220,-17158440,-106367000,65325360,66139251,-70360898,-13439037,34065894,-3509039,-10357782,1691448,2283642,-60063,-297690,-40648,15426,3852,-262,-114,0,1 # cft deg6 r=12
3045025,0,-49050300,0,-68898150,0,76562250,0,18845115,0,-5588310,0,3493665,0,-949830,0,209451,0,-32982,0,2154,0,-48,0,1 # cft deg6 r=8
-73943024,-26223264,-285544752,378605472,-448681368,-92751504,233148784,46110984,-335083503,144366558,94104411,-61226028,-2250030,7695792,-2325081,29406,396795,-96534,-28048,9990,936,-462,-18,12,1 # cft deg6 r=4
1048576,0,103809024,0,-626393088,0,-3791224832,0,213331968,0,1059714048,0,220160768,0,24663168,0,1711248,0,60608,0,1512,0,24,0,1 # cft deg6 r=4
-773614864,-4532541696,-7933744224,-4521273632,-1829663580,-195620736,1136055808,1508103840,920605143,195768164,-169915629,-211627320,-79292091,16114356,20566992,3292432,-1527801,-545910,20174,29652,2079,-696,-87,6,1 # cft deg6 r=8
-3470502509,13340706183,-21385979979,16756893299,-3917194515,-4244880999,5617031216,-7114768749,10691296605,-12120674090,9338126052,-4844506587,1582735609,-212927574,-71369982,45956515,-10236075,341667,351739,-74232,1500,1293,-126,-6,1 # cft deg6 r=8
24314761,0,31340502,0,-55488477,0,40391396,0,116500863,0,-92097786,0,19711067,0,389406,0,-440502,0,13834,0,1248,0,-72,0,1 # cft deg6 r=4
326127616,-2216798208,4170012672,-2992272896,-523919616,3252349824,-3414363520,1481127648,325914960,-639031104,171322560,89630952,-59753860,-1628016,11527440,-3747146,-28923,308988,-81371,8106,-96,-86,48,-12,1 # cft deg6 r=8
320562896,-729755616,458034144,179204192,-376865304,149663568,33200968,-231654432,25594989,86273410,-17980320,-11560158,6942849,-1610346,-980235,723474,-27666,-67536,12652,960,-624,150,-9,-6,1 # cft deg6 r=4
-13214429776,-45419009280,-64984371600,-53802648928,-35402759640,-24599644176,-15383563472,-7005026016,-2777318877,-1358288324,-594975327,-156711366,-33445923,-14396718,-3081897,813120,255534,-16038,15643,7638,-753,-492,-6,12,1 # cft deg6 r=8
-1690000,-1872000,-1235280,3133920,-184824,4084224,-86440,1868880,751527,823264,889143,126,21384,-128742,33150,-11968,-5610,-24960,-4299,162,984,78,-33,-6,1 # cft deg6 r=4
1831910144,1032549120,-3709710720,-7155343392,-8025691200,-4708621224,462663888,1838820666,769885053,17291054,-253660557,-96446814,51652317,13386258,-4272897,-1120970,75564,104838,2893,-6408,-93,192,24,-12,1 # cft deg6 r=4
-38413520,-13581120,375840,101384960,-64895880,82004160,-1884080,70494000,51611019,-42375332,28840410,24185292,-5790959,-2296926,202614,-92714,-17808,18144,5812,-1416,42,26,-36,0,1 # cft deg6 r=4
1113025,0,19062750,0,-31116675,0,43384550,0,-17890710,0,10908510,0,-3114075,0,472170,0,3786,0,-4574,0,-579,0,-54,0,1 # cft deg6 r=4
131665087279,-568437065484,234280811283,1261260363866,998656676601,-125407244178,-598725675733,-122313845940,129590174385,27986974864,-16877097198,-1914959100,1622687062,-3299316,-59887299,18706054,4173813,-571374,-177173,7164,6795,1464,216,12,1 # cft deg6 r=0
7564124416,-6161649408,-13706812800,5738513024,12661171056,-989061168,-6159793480,-252012336,2073204201,282790267,-467661201,-89265543,79127176,16023663,-10280841,-1694042,1038768,106698,-73622,-3672,3351,54,-87,0,1 # cft deg6 r=0
946423696,0,11640546864,0,38121549468,0,32045288084,0,11778264345,0,2489475648,0,347194916,0,34384674,0,2489634,0,130360,0,4677,0,102,0,1 # cft deg6 r=0
4203275,31901850,70215810,63210525,200723136,423112266,65239262,-458143473,-352251960,102648454,203714319,31508613,-48315751,-17941614,5305941,3383606,-183117,-330708,-15921,17934,1875,-512,-72,6,1 # cft deg6 r=12
13997324681,29192612481,-88540850259,596425034,93237657555,-25553299968,-44918404918,17140892169,12809888331,-5592260805,-2439969363,1113452067,331806459,-146324856,-33310611,13009073,2478792,-774525,-133144,29466,4842,-642,-105,6,1 # cft deg6 r=12
-4809789,-40869594,-59997510,120680226,214440429,-140847921,-233966776,90925800,97181034,-29616259,-10440960,1307085,-1036085,788310,62085,-144361,69444,19215,-12711,-2799,999,219,-45,-6,1 # cft deg6 r=16
-22286838384,25093510416,14231262960,-15026766384,-11472877956,7199700204,3235852604,-925241700,-664874991,-182472639,109762230,56289450,5275650,-7786395,-3429090,311359,446364,33570,-32776,-4209,1449,229,-45,-6,1 # cft deg6 r=8
16331216,57835392,-94934112,35416912,-112213740,35726664,102461556,11155812,-60586923,-10598564,12134187,6135156,327297,-2615208,101163,225598,41892,-20766,-4536,1002,525,-116,-33,6,1 # cft deg6 r=8
-674327600,1417620000,17202240,-2585207680,1326251016,1909466160,-1263085736,-958665216,470088621,386957626,-26998710,-83371416,-21566105,4113690,3824706,785970,-122790,-93456,-10720,3486,921,-76,-36,0,1 # cft deg6 r=8
2384453621,3325417134,271453284,-3518905300,-2289025758,1072901094,1533349852,15802134,-464213337,-123420976,72445317,45329226,-3922333,-8901516,-630468,1062496,164523,-78144,-22338,5166,1512,-270,-51,6,1 # cft deg6 r=4
5041,0,195066,0,905331,0,-4308906,0,-7749453,0,-816396,0,-1145814,0,-69108,0,-55341,0,-1518,0,-597,0,30,0,1 # cft deg6 r=4
400,0,301200,0,16896540,0,116644300,0,229791681,0,98286492,0,-31730092,0,-5370006,0,138510,0,56204,0,3693,0,102,0,1 # cft deg6 r=4
-19634725,479296350,2890916475,3943381900,-3106181715,-9500284980,-2662852945,5577509250,3029536371,-1498749270,-1124804880,244433940,238609729,-25904280,-32353035,1868500,2914386,-83970,-170045,2070,6084,-20,-120,0,1 # cft deg6 r=12
-1787518864,-18138891936,-2261463264,-6870139712,12196728,721310256,-103666592,128324352,32867655,-31399858,9834858,4067460,-1244331,753900,360063,-29252,22365,9078,-5497,-2016,-312,-108,-9,6,1 # cft deg6 r=4
777350161,0,2136356292,0,1493029476,0,210675074,0,-96298134,0,-24690894,0,1768331,0,826062,0,14439,0,-10220,0,-693,0,6,0,1 # cft deg6 r=4
-16470285424,43847160240,46285061232,-83368702752,-75180894132,69770138004,64535543572,-23543286192,-31090650243,-1625558769,6230319204,2022435855,-149141417,-192220743,-36030093,-1934963,436428,420309,149551,12642,-4356,-1038,-27,12,1 # cft deg6 r=8
28365221,-3563231388,5132267961,-561472078,9718560066,-19739022984,-2154540052,25347138108,-14679543405,-4983060945,7634467644,-1680224739,-924167693,479839302,6107256,-44429725,5765571,1836138,-411101,-35127,12396,251,-177,0,1 # cft deg6 r=8
224249951,2933556186,6305890788,4120921322,346095921,-1166636214,-891822798,-153342240,25197393,10031382,8805750,7559382,8191733,1069704,-701130,-669512,-103116,20868,20158,2658,-162,-236,-18,0,1 # cft deg6 r=8
1277141651,-1034982654,343549941,-212488992,632086212,-464282100,290932261,-313268886,79341861,41049502,25664013,-22336902,-4707318,3703254,148584,-362942,99264,21444,-16696,-840,1341,26,-54,0,1 # cft deg6 r=0
168196400,-362174400,1059159600,-1226890000,1467887640,-1344479040,633446760,-142857720,130199451,-3368116,6288279,-4446261,1504631,866532,-506409,70977,133542,24993,-5864,2688,1686,-194,-51,6,1 # cft deg6 r=0
67333562791,114067786092,81657389079,-17788071608,-74610127062,-31378752828,15912275802,9833699070,1444653135,-1451150148,-340755066,7832700,56061405,-3885612,365715,-1576622,266607,-80568,33281,-6294,2331,-134,84,0,1 # cft deg6 r=0
319984146896,885203895240,879053686848,357232286420,61421463951,41608612170,23880176601,-4155636750,-2115678654,1247365100,64386789,95026410,54825161,-27053370,-1569462,981990,353904,91560,-49130,-6030,2997,130,-81,0,1 # cft deg6 r=0
927667016441,-1620867038121,1612344210183,-1189089087330,695486746716,-326680671537,131122924508,-46055104740,13386292317,-2932212659,352164762,90760605,-54112700,1905471,5160906,-1533701,158457,54816,-33409,3366,1740,-269,-54,6,1 # cft deg6 r=0
447721621908016,501146689916208,220930513632552,24946429534110,-18577952549397,-8966082942870,-1573421558762,86290602798,253338484116,115635299856,6744059982,-10874721306,-2674475273,407529606,230258982,5853294,-10130454,-1204578,247398,55650,-1977,-1260,-48,12,1 # cft deg6 r=0
19971961,0,264292884,0,-104174058,0,45726938,0,117887763,0,-68442,0,-3123267,0,-177582,0,31263,0,6838,0,522,0,24,0,1 # cft deg6 r=0
-13429504,95986560,-201080448,241088384,-198235344,95107680,-36919520,9149166,-9447165,7292342,-4933359,3278220,-1890764,744294,-114546,-32776,-16830,42840,-23969,5538,-138,-220,66,-12,1 # cft deg6 r=4
41899931451136,-47511642370368,30114754892640,-7179899975776,-3006761745645,3109772062752,-724843827802,-197762794569,160304740770,-21169082680,-11812082517,4849468002,44537325,-393854289,63979710,15735447,-5707137,-111828,257985,-20358,-6018,965,48,-18,1 # cft deg6 r=0
-162630400,556320000,-785808000,202390400,1181824800,-2418122400,2836964500,-2271521100,1160500335,-181506200,-260008950,245147850,-86507925,-4107420,13381515,-3198650,-455586,320700,-44349,-9972,2817,-74,-69,6,1 # cft deg6 r=8
151771231,-1708632555,6656927850,-7652519999,8781568833,-9576419937,9373571859,-6547085859,5034326055,-2792499060,1508667861,-676593261,274499655,-95444181,29219397,-7435466,1587984,-239649,14222,4494,-1902,424,-30,-6,1 # cft deg6 r=0
11823753775,-17193930750,-19479891570,36224286600,35662457160,3133652220,-27810231391,-19389421554,4309350870,8853950688,2248850820,-1076544630,-679746115,-46274100,50583750,12102390,-659202,-387828,-1895,-4224,-1530,348,42,0,1 # cft deg6 r=8
133209,0,-16774371,0,338399937,0,-1959605496,0,3612594132,0,-2836741743,0,1076296881,0,-209512719,0,20686848,0,-970692,0,22317,0,-243,0,1 # cft deg6 r=24
369,0,14391,0,200736,0,1252017,0,3789999,0,5609169,0,3971598,0,1484262,0,309126,0,36324,0,2361,0,78,0,1 # cft deg6 r=0
947778064,-3540641184,6641871552,-7443707708,5347411623,-1730803887,-810490364,1262164887,-533670183,-34458143,128325177,-34541217,-2935472,7409331,-400527,-446996,104283,-4473,-13520,2520,1260,-74,-54,0,1 # cft deg6 r=0
183292053439,-228442164951,430599288804,-507474984368,429364762893,-307469319180,161949133073,-61631521131,15372678777,687587743,-2129462040,725345751,-75810486,-71727297,33711708,-1348101,-1382667,298020,-24501,-18990,5325,229,-132,0,1 # cft deg6 r=0
60809519,171672084,366814905,517834252,646358571,689051742,709489502,657450750,556831956,417754738,289297731,187276116,111748220,56857878,22587594,6162328,998703,65340,-10771,-12558,-4536,-836,-30,12,1 # cft deg6 r=4
1539700921,-2510925087,3998503272,-3415900645,2870919621,-1567228029,809074502,-243120435,48632577,23385462,-22662837,13488225,-5679055,1977057,-556101,92252,12447,-21573,12049,-4962,1605,-418,84,-12,1 # cft deg6 r=0
2442318449,-9133221840,-5438755911,23755867926,-12475127055,-6367742316,8039268763,-38394984,-2400402048,64553834,468681579,35107896,-62234082,-11595732,4835358,1682564,-151566,-139050,-7471,6462,999,-128,-48,0,1 # cft deg6 r=4
258260031875,92065175625,29634200625,-5920214975,329352630,-1549437120,-1158981700,-218690280,222333411,33830431,-3358056,-19740804,6039074,-393366,1019658,-461162,103581,-27090,15383,-4332,744,-170,60,-12,1 # cft deg6 r=0
-66916349,29484972,-108778830,-217582946,609228411,567542652,-338614650,-543975906,-120313719,76458922,40263474,8426892,4521341,1333758,-384306,-296842,-110562,-35082,-2972,4398,1506,-96,-72,0,1 # cft deg6 r=12
-18059219244,148922492652,-213725263500,-116637184926,196054217181,-57110581278,10309386195,-2909203506,-5060394324,10676265462,-7293303651,1061244852,416989156,-80835162,51763254,-42122352,9836793,-1679232,588128,-103542,7161,-1236,138,0,1 # cft deg6 r=8
25621875,-2268562500,-4757231250,8275230000,21747918750,-8367903750,-39314986250,-6667775250,29616588525,16228054000,-6030526350,-7733307000,-1897266855,484718730,384362880,75499560,-5927535,-5771340,-1114830,-46110,20346,4454,456,24,1 # cft deg6 r=8
87062707611,396598885866,773930728296,762678036432,243878242470,-288708097014,-386806742012,-166924312140,22771987473,59912583926,27353909856,3058965450,-2177577161,-1037903256,-130461468,35305038,15603759,1716060,-258926,-100542,-10176,476,228,24,1 # cft deg6 r=4
-3815481429,-4379458590,-16481106126,-6486898932,72649958562,-1741681062,-57002737095,-6895977588,17943406479,10389418506,-1981021797,-4354409700,-250785878,768086514,111881676,-61144100,-12817920,2116530,672425,-11760,-17277,-1210,147,24,1 # cft deg6 r=4
136161,0,-1361610,0,3286683,0,3356568,0,-16729821,0,16920318,0,-7552249,0,1765026,0,-221058,0,12626,0,36,0,-36,0,1 # cft deg6 r=12
554345,22550520,-9456405,-12923570,-226615485,-177945660,779793460,487979190,-743406009,-470249836,202413348,146987118,-15802198,-22544208,-1879848,2086614,507225,-151332,-48939,9798,2523,-388,-75,6,1 # cft deg6 r=12
-25959424,-3005952,359741568,577487232,104051760,-515120880,-362477244,186419952,317346081,94219716,-72700281,-59537610,-4155282,8781816,3331443,-86548,-389076,-64308,8017,6888,402,-158,-42,0,1 # cft deg6 r=8
-2860255,438390,27079080,46889960,56786055,128360850,243521700,255408240,109100181,-53196840,-97829127,-51492300,-5103262,7668450,3923346,416560,-275295,-113250,-8039,5940,1623,-80,-72,0,1 # cft deg6 r=8
208092775,-53356050,450500775,-1651977800,108215040,1459303590,-1014630240,270826770,183579021,-255104620,66833838,44301600,-25441277,-2020380,3289821,-127280,-140295,3840,-12624,810,1758,-30,-72,0,1 # cft deg6 r=8
65536,0,-8552448,0,-82563072,0,-75628544,0,-2710272,0,8535744,0,-748208,0,-448524,0,140313,0,-17166,0,1083,0,-42,0,1 # cft deg6 r=8
-191629,908454,-4706796,9132888,-18450798,-2274840,25042491,-3791340,-30384024,-138062,13834416,-10294812,-6021279,5234502,175392,-603628,255915,-117324,21163,192,-225,210,-66,0,1 # cft deg6 r=4
2363875895,558918540,-5570936760,-3116509700,2674656240,1391673300,-1436037455,-142366500,1134384936,347370626,-288825309,-135633858,29182367,16291176,-3209328,-788928,411261,-228,-34863,996,1197,-178,-39,6,1 # cft deg6 r=8
138931111,367506942,-635086392,665774628,-584290200,369630750,-63233899,-70118412,77956836,-65548566,34218924,-7785420,-2343317,1255344,-868692,224208,153819,-76212,-6183,4332,1257,-192,-42,0,1 # cft deg6 r=4
9801,0,-838836,0,-1908414,0,-2156994,0,-1420533,0,-728034,0,-439399,0,-209022,0,-84201,0,-6502,0,78,0,0,0,1 # cft deg6 r=4
11703241,0,71713926,0,-205886271,0,130968310,0,-33178470,0,2115846,0,1417681,0,-302886,0,5850,0,5130,0,-351,0,-6,0,1 # cft deg6 r=4
2161908331,-6731447886,8755745505,-6725926948,2433654876,881363574,-675834330,-496286148,478761231,-46452396,-73014654,11368896,17805061,-5360454,-2236494,971604,104043,-60834,-5683,804,801,28,-48,0,1 # cft deg6 r=4
14175040961,-7253595384,-9239791536,10496598062,4127682567,-5476320870,-1982236144,1280373630,702884691,-64608348,-129517959,-25986768,8833036,3539358,200532,301238,60075,-78816,-21667,4878,1845,-100,-66,0,1 # cft deg6 r=0
771071681,-10036045836,58076360808,12990929618,5751747456,-3380646516,-939741038,-757458570,-63644472,77237158,115340910,-1926942,-10236237,-5412264,1570740,520192,-15531,-57618,3858,2442,333,-164,-18,0,1 # cft deg6 r=0
1225055194525,-398569944750,-927814748925,493976073150,324959299560,-209360248800,-64533686830,44595625080,9402482766,-5534001900,-1347016614,501719250,152183062,-34974180,-11612787,919410,1082340,-97560,-34538,-2160,2127,70,-66,0,1 # cft deg6 r=0
3617581,-25202379,52167012,-72168051,303921309,103823511,433201214,488057403,449645298,316047951,190132308,72613914,34348588,10161075,3881271,728922,246897,20724,6003,-1332,-222,-96,-27,0,1 # cft deg6 r=0
8774452955,14840508085,20800458334,15835753621,11343564691,5195469375,3026875350,1183386224,643759921,145172541,38131430,-6426460,-811116,1059226,487746,417370,81480,20849,1501,-2704,-855,-180,-16,6,1 # cft deg6 r=4
64000000,0,13477520000,0,16802771805,0,8017074935,0,1809105766,0,181198713,0,2052850,0,-867742,0,-60871,0,-2838,0,15,0,22,0,1 # cft deg6 r=0
40200724549,-38776016147,4420660215,5034562584,-5307615445,2287030926,975058737,-569786301,9948616,59707059,-55537548,-5624405,9501837,-429649,-1173177,379858,244958,-11798,-11048,4792,1423,-232,-68,2,1 # cft deg6 r=4
20736,0,542736,0,3873401,0,-3754387,0,-23845405,0,9117642,0,8177735,0,2014478,0,243730,0,20737,0,1476,0,64,0,1 # cft deg6 r=4
-450020,2146780,10784354,-28325806,4360025,48685878,-39143804,-108294520,309217547,-397533224,321933866,-170484778,54268249,-4742726,-5353180,3229608,-890003,145872,3818,-10702,3411,-770,116,-12,1 # cft deg6 r=8
-5120,-12800,129280,-615200,1558196,2007764,-6305283,11059756,52360550,36964550,-10718088,-26339478,-21956337,-2594328,9420044,-64148,348420,49288,-12717,524,142,-242,48,-6,1 # cft deg6 r=4
-422384,2870088,-3129956,-11368054,37658319,-72343722,86825621,-64118706,30141392,25533590,-24877666,-1520596,4102293,-11189402,-2046726,2885280,400789,-241176,-37387,9396,1722,-272,-50,6,1 # cft deg6 r=12
15625,0,-135000,0,1012680,0,-732775,0,-14570764,0,-16342584,0,-9348103,0,409308,0,59380,0,-14763,0,1532,0,-76,0,1 # cft deg6 r=4
418615661,1337688065,1015605517,-970166988,-1681138914,-673134799,761213717,515477684,68191788,-163283204,23474386,30943224,13759681,-8111666,-1918674,1134316,228311,-93277,-16065,5916,1061,-192,-30,6,1 # cft deg6 r=0
136505325631,-126756610834,308284381434,-225893672110,211933818542,-127907704874,79838090167,-35847465264,18717627788,-5895813284,2810803702,-612276166,275564037,-40836514,18327482,-1874966,897608,-96716,37487,-6996,1532,-330,54,-6,1 # cft deg6 r=0
2785499516,10554024864,-3276574453,-13660557689,-15097168939,-6511467334,2455079656,3609837785,2093578953,134183369,-273264271,-177470477,-32600822,4485761,5563605,1369432,217778,-15769,-17215,-6136,-527,12,18,6,1 # cft deg6 r=4
52816784,1097030272,-8756675556,27496196324,-39275969721,17459370728,18708717583,-28913761216,14955635550,-2299484146,-969566459,468962108,-42103154,-9817660,18380,838138,-151739,38510,-11346,-578,737,-96,20,-8,1 # cft deg6 r=8
168979316,645004614,463574111,-1188956069,-1728394679,568640511,1822824638,321178586,-893786810,-322967165,130265556,99167546,24452322,-11915856,-6722306,-529876,270397,135575,25871,-344,-737,-82,10,6,1 # cft deg6 r=8
15625,0,-9903125,0,71395000,0,195468250,0,10553430,0,-103834410,0,43431025,0,-8432565,0,947966,0,-65101,0,2722,0,-69,0,1 # cft deg6 r=8
-24605741,-10936916,163086411,71611461,-364276287,-190807967,273220092,257028148,40673934,-153047795,-88238628,14183241,4902624,1438770,617168,-770005,80548,26137,13114,-5892,-28,324,-39,-6,1 # cft deg6 r=12
4894031189,17698901786,32475078019,37343902707,30370567221,18173530019,8973966658,4022688326,1907735678,730207791,149321884,-45166270,-40433942,-8392166,636106,431964,-241963,-118935,18425,14556,819,-536,-68,6,1 # cft deg6 r=8
11281557445,-60204248455,158008404995,-185376472280,153197070525,-84798683230,28329265315,-2999493475,-1082975696,585214941,-414210610,276278193,-87425565,7993461,1359901,11756,85106,-159020,49590,-214,-2833,510,10,-12,1 # cft deg6 r=4
1853499920,-2257317460,-263003345,120677880,-291660774,1501225425,-110253569,371509384,4836242,-95132226,39059334,-46290418,20369731,-7103336,2067786,-9026,-120530,65653,-20799,2274,-33,-164,52,-6,1 # cft deg6 r=4
3733644121,-2775668612,4244531365,1180389819,-555113799,-400033751,-25654574,337409626,191615702,-3684519,-41828238,-9346416,6548832,2821020,197836,-20580,-114173,-64527,3703,7606,573,-350,-46,6,1 # cft deg6 r=4
37013311,377038745,1632607180,4353921091,8159418305,11344746205,11915405182,9322157785,5057653615,1400792728,-384215235,-605932555,-265359895,-21957255,29145135,11930592,290825,-861035,-151143,23440,7275,-216,-140,0,1 # cft deg6 r=12
751783275,3468239775,7879046850,9817590150,10483080210,5695409565,3978376395,322298310,891611416,-371903098,255950233,-149637406,59089906,-26554302,4816138,-525798,-337018,195415,-28228,-1974,3922,-32,-114,0,1 # cft deg6 r=0
92515961,55047833,220720660,-255262336,242827459,-315271757,532223359,-149862276,265519997,-57710230,82072442,-24216990,26863669,-17850888,8408444,-3262402,962772,-226827,50213,-8106,1753,-252,58,-6,1 # cft deg6 r=0
-3664,7168,-70024,884912,-1655977,1378780,-6828054,6668095,-6476825,11550007,-11324697,5654813,-4791444,4913468,-629782,-1925088,875790,192040,-118249,-9160,6153,232,-134,-2,1 # cft deg6 r=8
94771,-1570710,267122,10214933,1789551,-67170991,89025902,41693786,-192807767,169335099,-39251124,-28572514,24110686,-9654844,2641096,-447936,326491,-78783,32825,-8776,2001,-408,70,-6,1 # cft deg6 r=4
10000,0,-237500,0,1342625,0,-2255125,0,-951720,0,4500525,0,-1857845,0,-966925,0,-188754,0,-18756,0,-928,0,-9,0,1 # cft deg6 r=8
45846109,-292674386,309390489,-21519267,-235635029,385769876,-488473862,306190904,-193086757,64795949,880994,-10446560,6687968,-2271774,79886,860476,-132163,-82330,29585,-3866,-26,146,-8,-6,1 # cft deg6 r=4
1267051,-9328147,32650497,-35787223,2039391,108636840,-93594808,8803614,65018615,-78673751,68214594,-46256332,21422650,-6871662,3131176,-817048,399512,-98114,32819,-8106,2072,-442,78,-6,1 # cft deg6 r=0
307827025,0,1545088325,0,2992371925,0,2965442150,0,1719382810,0,619221135,0,140201650,0,19731820,0,1695541,0,85099,0,2346,0,44,0,1 # cft deg6 r=0
-469683875,-360621125,-852670175,-1668336225,-564006380,2221414190,3391096180,1729754280,-408881539,-1071755675,-637097418,-166985830,-1476430,11193790,3277232,715980,125399,-13100,-3767,50,-770,-110,18,0,1 # cft deg6 r=4
-450889,2252329,9356951,860005,-34680705,-57105298,1510812,70502310,36326591,-27979677,-24417644,4854270,7766222,95978,-1362300,-228366,51220,54020,7395,-4994,-1878,-306,-28,6,1 # cft deg6 r=8
641119131,669580749,-895048517,548346165,310306061,-849806252,-58872092,77801260,-79027503,48864681,43719412,-4325520,-4987530,-1317494,-499274,148254,94222,12556,1401,-1844,-570,-34,6,6,1 # cft deg6 r=8
605822422255,937506701050,1183004935815,905828900865,607731537481,297588077156,134498758346,46926251426,15598499667,3957730341,867207496,97329316,-25603438,-17977604,-7972694,-1972444,-446933,-51604,5241,3646,1762,296,76,6,1 # cft deg6 r=0
3481,0,14737835,0,236678570,0,129780193,0,104204000,0,45781545,0,-668166,0,-1307500,0,-51055,0,15082,0,1735,0,70,0,1 # cft deg6 r=0
1377791024,-5481986072,13252773771,-18083821054,16204761770,-11057624871,6609830875,-2021507710,-452920662,583012500,-433472354,262977516,-11560009,-24705136,10124284,-3697122,569824,15677,-18753,8684,-1437,34,6,-6,1 # cft deg6 r=4
29241,0,1307844,0,6980122,0,22774110,0,-48460837,0,-54122506,0,-5320663,0,287202,0,151487,0,2914,0,734,0,0,0,1 # cft deg6 r=4
1907161,0,17512108,0,89786400,0,237063034,0,404688842,0,183261178,0,-94145457,0,944442,0,271407,0,-2704,0,95,0,42,0,1 # cft deg6 r=4
-1017730736,-1878538688,-8902416,3409283680,4316133096,2530810000,974512432,754077712,923080877,670240856,171150441,-114339118,-130979558,-61474504,-15351021,-741072,941812,362412,52714,-4060,-3122,-480,3,10,1 # cft deg6 r=4
115288396864,565648001792,1074264482944,1041932348416,531526739984,87394164624,-60760728992,-42251533824,-5967941941,5226726214,3401500155,854352634,22150098,-45858338,-10355470,821744,817874,123588,-22143,-12226,-1924,-20,45,10,1 # cft deg6 r=4
11788544,31486976,60131520,64373408,47751968,11299176,-12836000,-23368112,-18206695,-8950092,-701538,3843456,5044249,4312528,2892254,1612212,755956,299364,99294,27232,6065,1056,142,12,1 # cft deg6 r=0
22060039,45389830,181726853,381267786,433293518,192590270,-152716825,-286377980,-182306355,-39598220,48078933,62042030,42608506,22036612,9160126,3346256,1116710,344772,100704,25622,5673,990,136,12,1 # cft deg6 r=0
11600902983895,-11388295071790,-3149663724579,4529068552778,1829376268455,-1388959240688,-630163331346,309824515210,125100657749,-45712141883,-16749403578,4502367849,1637776731,-301784911,-119071657,13493315,6394016,-369442,-247107,4116,6622,65,-114,-2,1 # cft deg6 r=0
-66155,-425960,24734,1398358,2580347,-2150616,-8978455,2705406,10159236,10953134,-26336111,-2136134,23055378,-10849856,-2097829,2500500,-273086,-171590,40391,2534,-1519,182,-5,-6,1 # cft deg6 r=12
-1540393525,3088396740,-118302431,-2794678695,812067184,1283321279,-567551430,-445438940,266658627,96888257,-79747037,-16000290,18499981,1416504,-3023240,-4338,335735,-8693,-28184,3498,-204,420,-92,-2,1 # cft deg6 r=8
-468229901,-825199470,851595415,3244214297,2980370306,882807455,153498358,814099431,910174240,280775373,-104524346,-88897247,-12428564,6103122,3396239,912924,-33774,-123948,-20288,6522,1513,-226,-57,4,1 # cft deg6 r=8
1500625,0,6960450,0,-12240349,0,15645532,0,-11325585,0,5122942,0,-1882077,0,615190,0,-144894,0,17830,0,-724,0,4,0,1 # cft deg6 r=4
32098205,90522330,139562029,66281816,-82852216,-252775662,-309083747,-268069602,-171079261,-84881850,-32363817,-7215208,1704028,4112706,3547556,2224568,1075592,410754,125680,31502,6415,1034,140,12,1 # cft deg6 r=4
62989480496,310994730304,-211887723024,-1022947298496,1530684187640,-590875791600,-263484652360,300485625160,-76245791189,-11903199480,8812361875,-971214730,164028214,-264223376,105346500,-18232840,2801376,-1015908,282936,-41420,4395,-894,193,-22,1 # cft deg6 r=8
-50768899,640667530,7437839753,24097789656,43946820598,53557901366,46683976245,29684828450,13338949877,3546305172,-122889623,-656880534,-354180119,-104627432,-13636627,2981084,2081927,526740,54435,-7838,-3852,-562,-3,10,1 # cft deg6 r=8
2575286621836,-4364441921116,1907913116346,913380811494,-1133557942855,314992366622,51515030153,-55343231423,19032623529,-5890828867,1772322479,-479882679,170298598,-62573529,16810119,-3995482,996663,-213668,45817,-11494,2426,-440,76,-10,1 # cft deg6 r=0
1194913775,-4502005925,6542604225,-5581545625,3667788385,551114605,-3148812115,728875640,1471681276,-665985052,-287634118,181349368,33596698,-27215262,-1897985,1684735,266921,-12270,-39345,-1102,1538,133,2,-12,1 # cft deg6 r=0
283431110555,-336342569790,504382234500,-382348661920,314404276096,-169735845260,95141317701,-37391030178,14940763288,-3983435840,1028943174,-95751584,-13123173,16743832,-4409584,398472,297280,-204240,74443,-21182,4690,-836,122,-12,1 # cft deg6 r=0
75226479275,-153699104200,-857236578610,-1298094481205,-860095703964,-88087393851,247895074713,148718092864,6078333753,-24909271589,-8161286967,1022286675,1047864852,126716924,-48575309,-16696226,-565681,712094,133877,-5394,-3894,-454,2,10,1 # cft deg6 r=4
4096,0,-115712,0,941568,0,-2189120,0,130784,0,3701276,0,-2163471,0,-219018,0,283631,0,36352,0,-801,0,14,0,1 # cft deg6 r=8
964400,5504100,7075815,-1780630,51670941,130817672,140445043,146507558,155797657,84459392,39868420,28757006,-2662861,-8398778,-1648212,-1018374,-76705,111174,36753,10006,1454,128,30,6,1 # cft deg6 r=0
234256,0,1321236,0,35853441,0,137240308,0,-8835690,0,-20172128,0,-3132425,0,2196578,0,206010,0,-5078,0,-239,0,34,0,1 # cft deg6 r=0
101761,0,179322,0,-13015397,0,32855341,0,61452343,0,54311469,0,25116972,0,7273136,0,1279538,0,132224,0,6253,0,118,0,1 # cft deg6 r=4
43519096071,-57176632755,-123025010625,110511936414,39770302077,-22363642053,-20733943065,1149396786,7275870775,-420599436,-786788989,-229739300,126324198,29795666,-7379060,-4169694,699069,239603,-71212,8822,-220,-390,86,-8,1 # cft deg6 r=8
-1524969401,-2772616069,-1139443565,1981291736,3699857587,3360464024,2242018289,1241265893,572525746,238147458,97976368,35963533,11092350,3047715,465289,-67304,-43206,-25953,-10162,-3148,-840,-94,8,4,1 # cft deg6 r=4
127602284445,-316918862145,363722572800,-229218575220,60311177244,25074090009,-31783165005,14183121942,-2861419060,-213182976,390225345,-224212928,108464190,-36663686,5183520,1574612,-900340,94319,42930,-12508,-430,544,-40,-8,1 # cft deg6 r=0
59261890001,-17335475070,-42392255101,26882258810,-5351880312,-14140024648,18569253913,-11380895374,4853387285,-820894256,-411203885,441445540,-212544534,58628506,-4301228,-4955544,3063970,-993882,239984,-41264,6737,-732,112,-4,1 # cft deg6 r=0
71143298000,25286838800,-42864709180,1541975720,-10821121789,-14769114326,16672635201,-17804496611,13613395281,-7993759006,4147803027,-1708030783,619878089,-181714325,42705051,-7714838,700821,30495,-35455,9914,-661,-70,30,-10,1 # cft deg6 r=4
57474955456,-78378217008,32186957796,-2388064298,-2779635541,3698647144,-1120920232,-544401480,301260888,-7117019,-24978614,4354508,-2435052,1643112,1220836,-378776,-180590,47725,16828,-3210,-1074,28,26,2,1 # cft deg6 r=0
30976,0,278784,0,-3849824,0,-13945140,0,156620649,0,-237761457,0,-133553398,0,77262557,0,-9789684,0,367431,0,1696,0,-160,0,1 # cft deg6 r=16
43681,0,-237523,0,-1293193,0,8351134,0,-6892893,0,-14563463,0,12329391,0,-311439,0,-707197,0,21898,0,7751,0,-207,0,1 # cft deg6 r=16
234256,0,-7033004,0,17505433,0,2272787,0,9636570,0,-91183,0,-1012018,0,-1276878,0,-335375,0,-92958,0,483,0,-34,0,1 # cft deg6 r=8
2523935900,5692984650,4156929475,-732999700,-3254290760,-1279368935,1165577170,754732240,-337439709,-234901904,83656152,44997760,-15807681,-4233464,1956238,-76090,-83170,43865,-10458,-238,634,-230,58,-8,1 # cft deg6 r=0
67696083920,-242275823080,365502871116,-289683508902,140452424601,-69637470479,47458987692,-22411523669,7117547821,-3706172487,1804079795,-400082987,133938818,-78717591,14636823,-1460574,2142663,4603,75458,-8298,-1030,-110,-30,6,1 # cft deg6 r=0
9645637619,-1703566117,-38952195675,-55031776717,-21134554773,40103356676,84673005632,92099613147,72431212576,45212271806,23349579435,10203648246,3811059583,1216729255,328378352,72555548,12158104,1212839,-43154,-39374,-4954,435,206,24,1 # cft deg6 r=4
227165581,321538522,-1082714411,1388690726,88172236,-2300541278,3351132973,-2833264796,1447705266,-425587760,-10406005,88275550,-44852510,13159772,-417614,-1396704,621331,-105804,-18872,10838,-1515,22,44,-12,1 # cft deg6 r=8
2621392549,5678442376,-3284546435,-7509038708,1667322342,3603609956,-491575820,-630360318,42790973,-59612940,54077890,40935390,-29765460,-4817780,6759607,-422340,-727627,155996,27799,-13262,534,360,-17,-10,1 # cft deg6 r=8
29241,0,-300159,0,830493,0,-751920,0,-663356,0,1424337,0,-847091,0,232681,0,-29160,0,-608,0,557,0,-47,0,1 # cft deg6 r=12
209427275,586494400,1149550000,1582421625,1598485710,1237482750,635809830,143515305,-95229124,-156461226,-86016349,-38445081,-4910287,2543619,1048103,608010,-54905,-46238,5843,-3372,1026,214,-68,-2,1 # cft deg6 r=4
-137722709,-351178835,343586848,-164591955,868221657,-271695135,346594455,-421960065,66724069,-113721820,72982025,-2165025,15780701,-5756775,152385,-1184630,155054,-23545,29700,1440,1882,390,28,10,1 # cft deg6 r=4
51321761,-271816162,636828761,-537984209,-818197747,2358687989,-1607298420,-866070769,1733485024,-484459375,-513570028,367799282,6638616,-77742413,19096147,5894210,-3222956,92116,198735,-34201,-3007,1231,-49,-12,1 # cft deg6 r=8
6995,-259745,2738185,-6405740,-46318945,240714410,-166423425,-462961510,52275434,298818515,61878148,-67738569,-30894629,2359888,4897206,1086226,-279110,-149176,-6185,6990,1670,-174,-61,0,1 # cft deg6 r=12
-93942769,459753819,-1089753239,2159325048,-3418229157,3888430810,-2982841949,1387475984,-155026744,-337212789,326195730,-160258807,36575383,7635122,-9560420,3476116,-408634,-157462,78141,-12762,-600,654,-93,-2,1 # cft deg6 r=8
-31380301,6194254109,2138015896,2595168211,3214416467,4939366063,4903707394,2325550419,932855377,254318054,49378895,-19744803,-49607309,-5516765,11136247,2039714,-1023339,-259701,31951,15576,579,-486,-60,6,1 # cft deg6 r=8
-5621899,52322328,-207945142,478088208,-696814224,573983468,-71574751,-347330016,285211774,23753328,-153020272,73316114,10331809,-20355556,4642598,1729168,-959416,22224,72569,-12392,-1974,688,-12,-12,1 # cft deg6 r=4
20142243941,-86491208092,162389638265,-186523767403,157390183151,-108986144787,63339329935,-30302818529,12049845412,-3841275410,925396252,-11507555,-42959960,28528423,-6971923,-2182856,307113,-46605,11151,15654,449,-640,-54,8,1 # cft deg6 r=4
-6575599,-110324257,-578689898,-1126076653,-690916535,471264271,713750632,-59410445,-439766687,-93912416,163264925,66833001,-32198569,-19302177,2961617,2995790,-9613,-270679,-23521,14276,2193,-432,-80,6,1 # cft deg6 r=12
-1212441129,-7212584655,-18395328132,-25171919883,-17338286447,208999651,12110911002,11331279859,4260695339,-627143404,-1393789075,-520246893,38155073,92242239,23044155,-3974824,-3002957,-290705,136673,34868,-829,-1116,-88,8,1 # cft deg6 r=4
6080531761,33838768668,82434330886,111197740621,82913194387,21275836930,-18143613487,-18059196268,-3681944590,3009485201,1944234620,86156224,-280130688,-80853258,14564883,10608370,571167,-629452,-105012,17861,5054,-197,-111,0,1 # cft deg6 r=0
84117141275,234378115425,333747739490,325168695410,265399240896,174239807899,102793148499,52260725822,24059395774,9906621588,3701017917,1256840382,390463362,109097424,28407084,6571986,1453222,290223,54282,9722,1604,238,24,6,1 # cft deg6 r=0
-74480,-42343560,-448809100,-435358470,1146686915,1256206990,-1180791370,-1225472140,601180564,611838512,-149067838,-179991916,11043180,32341074,2882005,-3373818,-789272,159236,77864,2314,-3252,-522,28,14,1 # cft deg6 r=12
-1773760555,3872243095,-220217155,-8348920455,5634285870,5438129985,-6447601645,-752921430,3302458199,-707821452,-868630794,401165314,100538269,-92589819,2549117,10702103,-1971223,-552212,202032,1381,-7985,845,83,-20,1 # cft deg6 r=8
62489591,-938099969,-864281794,1192344044,-934158950,-2448382847,1511553866,2403322520,-532871595,-1053582666,84529915,283249725,2950717,-50423295,-3618175,6402228,762650,-590515,-113491,23631,6050,-383,-131,2,1 # cft deg6 r=8
33847199,-77938795,1730720954,375643389,784855611,247559137,129179178,266392330,-56877163,73702311,11447690,-15912124,9156376,-3699780,109046,228958,-109916,13477,273,-3844,-259,-18,-12,6,1 # cft deg6 r=4
4976896,486883328,-3779713408,11985491584,-18693056752,9274805904,16078090540,-31607539418,21933898373,-4001514285,-3670455553,2522584698,-437538200,-146097369,82842893,-10079698,-2904793,1021257,-14723,-35568,3240,676,-92,-6,1 # cft deg6 r=4
-617682719,7435957518,-9135363251,-27431163778,-7313209374,14224129108,10242080361,115136294,-2574717140,-1202807286,-71528601,159618264,74130667,10151168,-3109129,-1775278,-366955,-19292,7624,1184,-94,84,66,14,1 # cft deg6 r=12
-1469182377339,-3080875118679,7876608879568,-3792349779288,-2257594844284,2733173805711,-181706248988,-581167120810,90888552223,75303257262,-7284447585,-10234624853,1038068953,798496569,-64516915,-48542472,2816214,2329593,-154997,-68327,5318,1179,-103,-10,1 # cft deg6 r=4
274481232551,809393619100,1022812201960,304573964453,7912776355,291500542812,135144033170,-142296203225,-93725093263,15848262318,21288101464,930759763,-2432302461,-372999804,154435287,38788390,-5067312,-2135943,35636,67269,3113,-1141,-101,8,1 # cft deg6 r=0
481043911,1909035829,4542757367,6538480610,7499158552,7019891459,5700635855,4009592666,2516273208,1412409574,723694890,325361728,143228185,50656434,19784082,5423160,1885685,396787,120157,18906,4845,518,110,6,1 # cft deg6 r=0
177374096,496696256,69750680,-1146963350,-1525698273,-416548690,1055627558,1595601072,968270006,119771468,-181177698,-100345744,-7753440,11727876,4932485,182806,-415896,-114444,-4894,3122,1168,242,28,6,1 # cft deg6 r=0
9339136,0,65025088,0,243306560,0,86909044,0,-205726023,0,183610248,0,-16570092,0,-2412838,0,121142,0,24536,0,-1175,0,-18,0,1 # cft deg6 r=8
-1042506819,1709400990,2440658017,-5727925810,774021152,2869551020,462706260,-1778133070,-373869736,691450400,144563145,-155166730,-39206044,19459770,6667660,-1105140,-602006,11620,25185,-2160,-1518,160,132,20,1 # cft deg6 r=8
-12698096,-42944480,401128208,-338776672,-592174860,515436488,553601164,-295057508,-487113671,214006886,186690258,-90419148,-31686294,22518250,961534,-3732658,416060,405008,-60371,-26653,3203,847,-85,-10,1 # cft deg6 r=8
-7438676641,-14736628178,54607801174,196508946656,263395507414,195383197564,85100844503,16044667896,-5253085281,-4698999586,-1233158070,65793754,140126068,36219092,-1632005,-2858576,-425106,76958,36312,3604,-1449,-480,-15,10,1 # cft deg6 r=8
18916027664,55661849016,55483486032,4748699828,-33862134991,-25466782916,-1511788009,7172874048,3714422086,192915144,-443553672,-144733258,-398579,6292718,-74998,-362340,15593,29506,9171,4118,1368,248,38,8,1 # cft deg6 r=4
78616261,-535865402,755915240,291463714,-2848699674,5677698178,-7163057261,6519785818,-4248003840,1781552372,-299230315,-125485444,96293360,-34686486,12749445,-4392074,742272,2474,-8281,3198,-2340,464,12,-12,1 # cft deg6 r=8
50395801,0,-163530942,0,222200637,0,-151099996,0,44746940,0,1335542,0,-3889768,0,516802,0,99260,0,-10316,0,177,0,-42,0,1 # cft deg6 r=8
-33411725,156823850,282448275,-485012500,-151840940,856291790,-297541820,-457486290,431672896,8847774,-177280026,61490708,27428716,-22181128,1255254,3277918,-1103314,-56008,101841,-16584,-1916,808,-39,-10,1 # cft deg6 r=12
284178955,-780578290,236417646,2032877653,2828530727,2369625128,2234833037,2085560248,704709071,-471812220,-514710204,-216769762,-56989574,13582505,28763908,12890559,1227671,-626551,-117587,28610,8303,-91,-146,-2,1 # cft deg6 r=4
100494080,-8645760,662209536,-726090560,-925352576,1104166296,315555024,-482113520,-4483551,75177964,-5831226,-5874912,1054657,542272,-366978,24012,31228,3708,-5770,-992,1593,-528,94,-12,1 # cft deg6 r=4
2326251820,-821410380,-1725637014,-1576286740,524518205,4299789727,2675565065,53403962,882832129,1875550160,1342242489,509006738,106554666,6442598,-4006564,-1820018,-335009,7725,14504,1932,-50,48,10,0,1 # cft deg6 r=4
30394472000,-64500117600,17996805820,34050807550,-28523442049,2240993951,12037184454,-4986545372,-2245039577,1252994624,-145572336,-325223704,65702633,71360478,6325676,-2618350,373814,287853,-16302,-6370,2320,174,-30,6,1 # cft deg6 r=4
50751199,18591183,338672761,247784896,278555035,1447991554,2537329565,2658799310,2012497313,1089814085,469148561,120695126,15380791,-8567866,-3476176,-994102,99574,68587,33692,-956,-962,-336,6,4,1 # cft deg6 r=0
-3346747975,4104116250,3328020865,-6337316095,-183624904,3127677659,-299673676,-726489952,-93167613,165865631,94067029,-63384244,-20752287,18427702,1301924,-2984922,219339,277781,-44136,-13960,3156,322,-98,-2,1 # cft deg6 r=8
-3856119949,18044096095,-14132062058,-179951903572,-167289591641,27384147842,52386707263,19796386345,-3276575630,-5016937565,-830652493,382107885,144378769,-11717179,-7278055,1299856,-69740,-151700,32711,3352,-2101,292,47,-16,1 # cft deg6 r=8
1559344,6905432,22168384,89505494,317669079,777871728,1347843223,1746016794,1791785880,1509544754,1059657451,627735578,316985016,137257740,51611790,16732108,4806711,1180320,263754,48872,8537,1144,150,12,1 # cft deg6 r=0
13077066025,0,1091333650,0,-2202338745,0,-80619890,0,-324474539,0,-51838384,0,21540662,0,388293,0,-337950,0,17282,0,292,0,-41,0,1 # cft deg6 r=8
-39099600,-372041100,-1278790575,-1794980025,-376636525,1792855725,2355194775,814299400,-847561190,-975264915,-235905775,148815815,93860870,9440450,-1848175,-104080,-533049,-129204,24872,-6512,1670,662,-113,-6,1 # cft deg6 r=12
-2846786864,-10659292552,-23073859512,-32334493990,-32438965857,-23265189785,-11704918215,-3575014315,-201539350,379200145,197433619,46849317,7147302,3194375,2758297,467248,-442021,-253991,-22085,19064,4107,-404,-134,0,1 # cft deg6 r=8
288799216,1103315592,-331230981,-3128036926,4929831094,-68378223,-5169332569,5515375016,-2448741638,291904410,220985364,-149829154,37986923,1577432,-3772486,1286390,-158576,-57279,24953,-3466,-273,302,-40,-6,1 # cft deg6 r=4
277211,1952029,2346602,-6010084,-9608409,2015039,13858181,9078298,-10491521,-11552156,3473432,7529938,-490771,-2881788,-142768,761966,58314,-126783,-10759,12296,1321,-596,-88,6,1 # cft deg6 r=8
1018046021371,772645594780,-133564661403,-302570241855,-94911443956,26040162283,22473863794,-292240243,-3278741115,-495821789,380112206,146849977,-11393233,-11155339,1107697,1709776,284256,-52900,-6618,4712,1059,-192,-66,2,1 # cft deg6 r=4
6633939601,0,4816930255,0,937510822,0,30398781,0,-2729636,0,-1708786,0,710189,0,16302,0,-56018,0,5398,0,9,0,-27,0,1 # cft deg6 r=4
11151325351,2607465971,-12971566934,-7758954281,1278980497,2723457838,2084850366,604162923,-570988985,-417000806,-39215741,38186549,31472105,12455198,-3145974,-2705553,-53020,138006,18649,5479,-198,-537,-31,8,1 # cft deg6 r=8
2850625,-38060625,14524125,467911125,1262879150,1952452350,2515209350,2651829500,2101772650,1467098900,891063975,386712075,105131885,18775840,1445570,-1301650,-611645,-148930,-43490,60,3901,334,-99,-6,1 # cft deg6 r=8
1606621,-4562488,-14142248,15263439,43504827,35363343,23621482,-2690308,25044900,36175539,-14648605,-10552920,10121037,3838708,-1210594,302168,380546,-50363,-13884,7954,-16,-524,-16,12,1 # cft deg6 r=8
-17695999,65073028,-35729388,-68085186,-127333614,811049648,-1392125667,1473973320,-896891927,423969646,-50977345,-14465991,15757313,86447,-2675745,347846,345514,-84221,-32638,4386,2468,-113,-82,0,1 # cft deg6 r=4
-283987225,-32678425,352813560,806263105,-165928789,-317375325,-258533650,-713298215,476630755,-273378904,292288575,-172771695,57165855,-24310775,7956701,544400,-262985,23945,-72935,1016,5475,30,-120,0,1 # cft deg6 r=4
492414923681,-436948286290,415734668233,-124955502105,57087047659,3129509689,2616774606,-878075726,1714297510,-949925417,406051294,-169785176,52236452,-16333342,3657768,-501488,4441,45335,-14947,3704,-631,-6,16,-6,1 # cft deg6 r=0
44801671,345555962,1305369156,3102409508,5610760951,7668873969,7283236613,2041192115,-1115964716,-929652346,910620130,1776531113,1357733086,645755441,213181505,51233352,8770789,840810,-28688,-25548,-4849,-354,24,6,1 # cft deg6 r=0
570412647101,-1671260620115,2411659282291,-2124775590963,1359559121680,-850237459291,488526967329,-196677250038,71987247338,-28661262232,10209674082,-3792456379,1307288214,-353848721,91186687,-11604303,-4484792,1557293,54699,-66874,3315,1183,-94,-10,1 # cft deg6 r=0
11463125,92986250,309581875,536846250,630995750,852786750,1254336650,924644725,1149980255,570427945,756561140,245240355,255054985,60666655,43058125,7692960,3184946,415054,16237,6802,-380,-592,-68,6,1 # cft deg6 r=0
1339486591,-6607704567,13825204428,-16075403908,11436016305,-5511195143,3015532993,-2979123828,2406559845,-1154367412,409379248,-95045606,20035147,-3893604,-333352,670062,-183604,-9295,22229,-5486,-157,290,-26,-6,1 # cft deg6 r=0
63758235655,172260364140,167469354799,84777809115,35172839523,33191937063,33964654496,21737012142,8737518638,2563643615,992412472,592815527,284018158,83305808,10999572,-1264671,-701930,-31659,39428,10740,754,-124,-21,4,1 # cft deg6 r=4
6400,0,-823200,0,28150865,0,-115823030,0,82176611,0,22523864,0,-11957547,0,-1122990,0,353381,0,59600,0,3547,0,98,0,1 # cft deg6 r=8
366025,0,-288566850,0,-161416225,0,624183550,0,-381682965,0,98720875,0,-11197280,0,136375,0,98681,0,-11656,0,787,0,-39,0,1 # cft deg6 r=12
81766639,-36216792,-147799406,237169327,5661190,-317145695,186638181,123687665,-188615436,8766512,83615799,-13733811,-21091401,1498711,4785912,439024,-722995,-135946,51885,13934,-1132,-626,-47,6,1 # cft deg6 r=8
3274438589,11764008266,18879672889,15408143027,4873428021,-1807956611,-1473273112,505393116,711959028,57593581,-196279556,-78983570,14663618,15269634,756826,-1684776,-376993,60315,34955,4546,-621,-366,-38,6,1 # cft deg6 r=8
45185887429,49043576050,32967071735,-1789697931,-31230320798,-24808023953,16128990275,16797842078,-4964197837,-5779277409,827657955,1192993466,-62645770,-158339576,-1432633,13888451,764136,-805115,-73565,29730,3603,-634,-93,6,1 # cft deg6 r=4
943112336,3630856464,-495972389,-4493443679,-2029889249,402061131,774103288,221873736,-128033610,-47505495,26163056,20080466,1454782,-4200936,-1433666,-12316,125367,32665,3751,-574,13,88,40,6,1 # cft deg6 r=4
18004761,168777405,617946102,1538075457,2849086003,3478050491,2716473112,1530640687,830875207,584896424,366525679,131367575,24776203,3011023,-78513,36608,97493,13291,9021,4708,-321,-412,-32,8,1 # cft deg6 r=8
75625,0,54375,0,-1541250,0,-5148375,0,-7260300,0,-4693375,0,-798150,0,494180,0,254341,0,38762,0,719,0,-82,0,1 # cft deg6 r=8
5877140571,-16858756125,7612967907,13253208279,14407372123,-12737903262,-12565382242,11426019208,5492528659,-4039215707,-1184682620,832466374,163091038,-111566558,-17323670,9912782,1447798,-579520,-86603,21836,3406,-508,-82,6,1 # cft deg6 r=0
1190449136,7776558704,23392558932,42246087184,52598352425,49400451561,37659774367,23962340204,13324501555,6502022634,2875491687,1142563768,418751492,139967448,42891182,11783694,2864891,625075,129366,23688,3868,600,66,8,1 # cft deg6 r=0
30057855025,13457928725,10447900025,-24047560800,-9129591515,-7219462725,8455020985,6221180710,5906964751,2309838386,1161704393,318851812,134329496,34077426,13593120,3197256,1060439,207327,60670,10388,2656,394,72,8,1 # cft deg6 r=0
107827456,0,52563072,0,-40734032,0,-21453272,0,3139705,0,2764796,0,290652,0,-157866,0,-23990,0,1332,0,933,0,-42,0,1 # cft deg6 r=8
1,0,36098,0,-334461,0,940270,0,-382565,0,-1888152,0,2155274,0,-423368,0,38155,0,10390,0,-821,0,-38,0,1 # cft deg6 r=12
30976,0,-586560,0,3691936,0,-6229728,0,-12137063,0,7835644,0,372868,0,-692178,0,44438,0,12880,0,-867,0,-38,0,1 # cft deg6 r=12
-207260416,-1226289280,-2499673792,-2624155104,-979879792,2210164560,4876692960,6127431600,5573584460,4117831940,2535211348,1335755950,613169891,244504662,86899136,26782616,7469375,1775232,387324,69022,11553,1430,176,12,1 # cft deg6 r=4
11974064,116769400,558414208,1698183306,3686221733,6063757070,7818581265,8045506110,6666928170,4442840420,2370268723,990066270,316505246,68650212,7304866,-2556044,-1364385,-426408,-76816,-7228,463,440,86,12,1 # cft deg6 r=4
117614025,0,327122100,0,470561810,0,412591430,0,250899891,0,104427386,0,27969577,0,3758170,0,-43749,0,-41670,0,2882,0,-84,0,1 # cft deg6 r=4
82065481,0,252947918,0,166135299,0,-63465620,0,-102506225,0,-37071922,0,-5112061,0,-6418,0,90530,0,14190,0,1164,0,52,0,1 # cft deg6 r=4
92467456,0,-192974912,0,-47317088,0,43860240,0,6050809,0,-3051640,0,-219954,0,75620,0,1519,0,-100,0,-18,0,-12,0,1 # cft deg6 r=12
6400,0,-52800,0,62560,0,214400,0,-7119,0,-190684,0,-56188,0,53900,0,24806,0,-2500,0,-1788,0,-44,0,1 # cft deg6 r=12
2150864,-22582744,111986572,-348554142,766006259,-1270600046,1657961076,-1736395752,1459819371,-965748356,481846888,-160296018,20030351,13424598,-10046708,3895160,-826827,61836,32396,-17702,4573,-902,128,-12,1 # cft deg6 r=4
194266519,152942344,-378141995,421296582,-75177092,-349886716,462251055,-356952528,149156255,-9771598,-37968303,34349954,-16227076,4462712,216994,-962912,602246,-252384,79064,-20182,4205,-726,112,-12,1 # cft deg6 r=4
77721856,0,-337645120,0,555736096,0,-387858928,0,67064417,0,12154304,0,-2645252,0,381582,0,32938,0,-7780,0,1073,0,-58,0,1 # cft deg6 r=4
43681,0,195836,0,-151254,0,-1304582,0,1274035,0,1672362,0,-270115,0,-156062,0,41575,0,-4778,0,-914,0,4,0,1 # cft deg6 r=4
24025,0,-2754630,0,20470029,0,-54614632,0,59674344,0,-23524210,0,1152724,0,756650,0,-62664,0,-5660,0,461,0,-22,0,1 # cft deg6 r=16
109830400,0,-354931200,0,262482240,0,-56329600,0,10010656,0,-1753424,0,-607696,0,275844,0,-23311,0,-3294,0,719,0,-46,0,1 # cft deg6 r=8
6400,0,910400,0,-2429040,0,-27468700,0,-14807159,0,23030320,0,-2957628,0,-1284568,0,117214,0,27152,0,324,0,-12,0,1 # cft deg6 r=8
30976,0,-3202304,0,38859808,0,453900652,0,-38083055,0,-13856668,0,704062,0,-81888,0,-19625,0,1132,0,-42,0,-4,0,1 # cft deg6 r=8
1771561,0,4304454,0,-25012999,0,-24168310,0,-940310,0,4860494,0,1954841,0,352054,0,21770,0,-3950,0,-519,0,14,0,1 # cft deg6 r=8
4626801,0,-7416072,0,-5917870,0,5622654,0,1297535,0,-1457190,0,-452347,0,-117630,0,61775,0,-2426,0,-30,0,-32,0,1 # cft deg6 r=8
4862025,0,1123138800,0,-923391410,0,63177230,0,106789311,0,-19618870,0,-3393347,0,751394,0,47819,0,-8274,0,-494,0,16,0,1 # cft deg6 r=8
6400,0,417600,0,4229840,0,-18094220,0,12292721,0,-6544218,0,1632167,0,-126456,0,-38711,0,12916,0,-813,0,-22,0,1 # cft deg6 r=8
183358681,0,981088972,0,1571676188,0,955373550,0,144930738,0,-44534598,0,-7945477,0,880054,0,94087,0,-5148,0,-509,0,10,0,1 # cft deg6 r=8
43681,0,-3514238,0,76891619,0,317417984,0,444319975,0,273874294,0,77524415,0,11241274,0,842910,0,28194,0,224,0,12,0,1 # cft deg6 r=0
606341376,0,1753892352,0,2382823008,0,1976202540,0,941499313,0,159054042,0,-902937,0,-2067676,0,59817,0,19112,0,-609,0,-30,0,1 # cft deg6 r=0
30976,0,36329664,0,-91511072,0,-21035472,0,98319425,0,42103998,0,10045827,0,1761408,0,224025,0,20448,0,1323,0,54,0,1 # cft deg6 r=0
125238481,0,713587582,0,1603542579,0,1843996054,0,1191069155,0,455102884,0,108240330,0,16642404,0,1677795,0,109694,0,4459,0,102,0,1 # cft deg6 r=0
75672601,0,-258119142,0,181931525,0,85843124,0,-20980580,0,15102890,0,-5207312,0,549910,0,-2620,0,-2856,0,25,0,18,0,1 # cft deg6 r=0
1396480,24849920,241848484,-577043618,333908633,126635320,-346595159,249398586,-11878660,-86963438,66291389,-22429574,2330242,-1746348,2110854,-907148,243095,-72168,26094,-8392,2333,-528,94,-12,1 # cft deg6 r=0
1,0,146230,0,16069589,0,388250834,0,462948922,0,212127982,0,46081997,0,4897774,0,248058,0,9810,0,917,0,54,0,1 # cft deg6 r=0
8202496,0,118310272,0,252766704,0,170525400,0,38837865,0,-1273128,0,-1921956,0,-358122,0,-7170,0,6520,0,569,0,38,0,1 # cft deg6 r=0
180768025,0,-592113600,0,1785411590,0,-264817270,0,-64235629,0,23565490,0,-1080867,0,-357426,0,49299,0,-74,0,-234,0,-4,0,1 # cft deg6 r=0
2301600625,0,3064773250,0,2240570275,0,1077684880,0,366933751,0,90318734,0,16203199,0,2127006,0,215830,0,13846,0,144,0,-16,0,1 # cft deg6 r=0
71487025,0,644051200,0,1201467010,0,981338370,0,518044851,0,189529040,0,46945877,0,7748372,0,848489,0,61092,0,2819,0,78,0,1 # cft deg6 r=0
247149841,0,20262722,0,-80168187,0,150223820,0,29700388,0,-24104858,0,-3443772,0,1009514,0,135892,0,1052,0,21,0,30,0,1 # cft deg6 r=0
1873158400,0,790087360,0,714070976,0,371465628,0,73742193,0,10467840,0,3692312,0,875746,0,73982,0,940,0,193,0,38,0,1 # cft deg6 r=0
-97466895,171871875,-347597379,541946214,-545767299,-210282930,746055888,-392987724,-269358472,303237907,5169877,-84726196,23331624,9849387,-7536812,-138657,1237850,-46979,-118922,-554,5640,194,-123,-4,1 # cft deg6 r=8
-33786895,-329662045,-695036640,-335822470,918169421,1251388586,-603145719,-1063025767,269428444,473449791,-88116439,-131131145,20930847,24095729,-3524553,-3022156,415552,261562,-35171,-15244,2305,438,-71,-6,1 # cft deg6 r=8
-18234182079,5287527369,24702589143,-23766607542,-30799962628,22047360666,29622936952,-3521050915,-13383319231,-2283999911,2978056313,1105426093,-315552305,-210257497,7488637,21444190,1655424,-1245596,-177832,40180,7522,-646,-143,4,1 # cft deg6 r=8
139066631,-12036813434,69349012504,-183965212731,290598149081,-299843586692,205697788884,-86109367520,10300479018,12788383449,-9631523041,3002815297,-86423720,-298006037,107747819,-7806464,-4991079,1414154,-20093,-46275,5397,575,-123,-2,1 # cft deg6 r=12
1129163809,9046454259,34406968355,82286622532,138419041327,173479610033,167181203967,125759815274,73819833565,33048291484,10444646985,1643959272,-416019148,-401589164,-151448718,-33431044,-3237939,509259,229204,27278,-2006,-922,-62,8,1 # cft deg6 r=4
5869486501,6382429512,-38113999676,-38516195811,97799489561,88159157982,-109457846345,-92013097829,45842865818,45073683138,1295069450,-5737648719,-2065646696,-221903245,109256837,41042776,11485467,1394696,237009,5288,2766,-40,80,4,1 # cft deg6 r=4
122976337664,-490174884256,836829581092,-789417072668,443432570509,-156862078774,51705824651,-30847637048,17868528326,-6095736264,1097798758,-221136042,159634231,-76331098,18366942,-2404800,536463,-276456,89381,-16598,1768,-148,38,-8,1 # cft deg6 r=0
75944794220,135335239280,74957195105,1302873620,-39668770184,-24755255829,-12217494703,-2244569806,1401024010,873788310,527055642,48898288,-21059567,-11754582,-7686756,-282742,381120,97697,25693,-2974,-1413,-148,-12,6,1 # cft deg6 r=8
81450625,0,608528750,0,-550539625,0,-8020008375,0,2365289705,0,-17934670,0,-57739060,0,5833370,0,111006,0,-49836,0,3241,0,-91,0,1 # cft deg6 r=8
32179525,142679250,-205968225,-1784239175,-2960583425,-2688412150,-2326595400,-1364958650,-329065605,-72217225,-43600940,8011140,7925190,25590,686350,372560,-44349,2440,6309,-2620,-134,100,-36,0,1 # cft deg6 r=12
-31966229,32702320,191169717,-177590137,-30819049,184930099,-209389498,112992846,-59185742,41346659,-29220214,14106256,-3575314,518426,-299184,236004,-84329,27187,-8125,3884,-1479,122,-20,-6,1 # cft deg6 r=8
621275671,3333776835,6402398722,4257605672,-3264949699,-8808047099,-6475903663,-345905586,3214239583,2611233986,808931266,-146683816,-199314799,-48526646,10650326,7839426,264996,-579647,-65015,24386,3311,-602,-90,6,1 # cft deg6 r=4
-70204,-3818940,-23279573,50513099,69320728,-114222152,-16889222,32686478,-70096851,29908253,32128820,17646074,15540088,7661312,1943890,642402,163388,-9260,4947,2276,646,-8,-2,6,1 # cft deg6 r=8
11971879380,-56366700930,94997546235,-50833273860,-35566698055,47938652335,347979395,-16059270380,533982821,3014715852,276210225,-291053051,-110259829,4762072,14528763,1945916,-770757,-208864,-3487,9542,2191,-216,-85,2,1 # cft deg6 r=12
4096,0,200768,0,3310473,0,7702254,0,-4323767,0,-19424819,0,-10722678,0,-325216,0,195763,0,10751,0,-702,0,-28,0,1 # cft deg6 r=8
2260625680,-10272936960,-18013597860,-5703215600,1558166965,-2781202245,-3439170595,-109978365,527540946,-174936767,-115003175,65721621,25180086,-9462347,-1892977,1484724,32803,-217461,-15577,14078,1291,-534,-60,8,1 # cft deg6 r=4
8143962191,29070904528,43572176849,7291821311,-43073731791,-28004532437,16259628726,17701433244,-2588587028,-5909967745,-67684426,1232817334,108296138,-167484422,-21441786,14959800,2234389,-870481,-139377,31786,5237,-662,-110,6,1 # cft deg6 r=4
-15217039,-112721991,-167602389,66932159,472646916,881100864,259581876,696201764,-21506779,-134551801,211102476,-84040076,72269826,-15389766,2587026,1113554,-258569,166854,-18209,-1256,356,-376,56,-6,1 # cft deg6 r=4
834525,-41310750,223724750,241851075,-1599311275,-2594324675,-898245050,106529750,78636595,139399825,69892250,2046140,-955230,-350680,-566130,-313540,-32409,11695,-1457,310,169,80,-28,0,1 # cft deg6 r=12
263900025,0,-2046545100,0,8603436250,0,2736666075,0,-168677805,0,-195021915,0,-25817970,0,370640,0,209676,0,4728,0,-531,0,-23,0,1 # cft deg6 r=8
9517871,-78197043,239141687,-361717477,279618081,-107894460,249738142,249430996,89334735,108345821,49903254,-37953918,-23471420,9288732,1272516,-1131252,-61598,38334,-4821,-194,212,-158,-22,6,1 # cft deg6 r=4
1297800625,0,-3266986250,0,8380079625,0,-8931031625,0,4017581930,0,-809398565,0,92558880,0,-8728855,0,870716,0,-68487,0,3239,0,-83,0,1 # cft deg6 r=0
51768025,0,1821064225,0,5794961485,0,6457232250,0,3677584966,0,1235671203,0,261797058,0,36046856,0,3245245,0,187751,0,6638,0,128,0,1 # cft deg6 r=0
10277055461,-5420252725,7349955063,-5241191049,2750337043,632851502,1546500658,1693680756,891906387,581986973,357569486,69257960,95807378,-4421774,16652548,-2205436,1833928,-266288,125369,-15916,5104,-484,112,-6,1 # cft deg6 r=0
47898388255,-24145378335,-18558835315,-715274105,22527205106,-8590659561,-5849346720,4126821743,219828791,-671463015,34918010,77602337,-7731797,-6840563,984863,291602,5615,-22292,-2186,456,565,-66,-38,4,1 # cft deg6 r=8
-3061,52306,-395739,1761838,-5166520,10580102,-15630317,16894426,-13070334,6709150,-2633598,1117808,-839569,-177052,475384,21324,-45396,-23236,-2392,4206,691,-272,-45,6,1 # cft deg6 r=12
1162755989351,1362582370336,932564248448,-2024007691949,-77863534759,389534786103,221860707500,-136201939120,-51531932261,29693503503,6931704933,-4428914387,-626506732,511483698,18341574,-39951448,2065828,1862921,-216717,-47374,8242,564,-144,-2,1 # cft deg6 r=8
47133262595,347479437415,-223074147489,-683265608403,779918485660,-30708392340,-277516494570,72677200558,57075412831,-23662309179,-7922072042,4275977938,827569744,-485698904,-70189008,36082476,4704797,-1763892,-226309,54782,7136,-996,-128,8,1 # cft deg6 r=4
-1042954781,-5118091726,-10697620239,-11938361931,-7070609609,-1526334833,478597679,241341795,-39038536,-37824378,-9559862,3504639,4922800,81317,-954973,-66846,101485,10969,-11603,-2352,1207,52,-80,4,1 # cft deg6 r=4
9554281,0,52044572,0,46230042,0,131381406,0,498298225,0,-358411447,0,7847837,0,29969473,0,2458310,0,132331,0,3302,0,67,0,1 # cft deg6 r=0
13935721,-303266154,2611596281,-11993729279,32713514451,-54445180727,53118897168,-25187676302,-131833342,5158338793,-1401806436,-241668091,67002084,66623204,-29579746,2637627,616642,9027,-45208,-3118,2146,206,-69,-4,1 # cft deg6 r=8
1652015600,-3631916000,643484000,1930692910,-380518399,-2344312960,1912932670,16444530,-728086770,195700141,236990290,-192895990,32563110,21163700,-9939734,-668050,1374920,-257835,-28180,12016,-230,300,-30,-10,1 # cft deg6 r=4
212103805,164632610,315937846,344853531,557982101,148836051,46973364,-92027534,204838021,35897651,53873982,-38875282,15230346,-396424,4115096,-895692,-244903,35211,-6059,-1424,179,36,6,6,1 # cft deg6 r=4
3933154341811,9256374685324,10339713332465,6034293727347,1754601350936,137321206499,-41638573270,-25904492753,-22042207284,-12412435931,-2898750324,12977801,96420591,19966281,11270871,4633664,861963,54176,7522,4914,51,-282,-8,10,1 # cft deg6 r=0
9470273875,10967910425,26674118230,19613207400,24736715225,10965101365,9214631345,1851091480,1318070015,26333410,91067256,34081572,4021057,-986694,-2093906,-1668654,345992,273577,-42119,-16416,2609,438,-72,-6,1 # cft deg6 r=0
-414918475,-1005607100,-564308325,-809694125,-1772938540,-1618220805,-1630677735,-1228493195,67830141,621384568,206970472,-111673026,-76308889,2077973,11644305,1958522,-816436,-280889,17370,17306,976,-513,-62,6,1 # cft deg6 r=4
-1202894299,-5568355970,-12389306503,-17239189477,-15578283062,-7707769981,662836062,4184281923,2974423907,691985361,-326745356,-284684015,-60524347,17769037,12536577,1636392,-710112,-278986,-4434,14952,2079,-338,-82,2,1 # cft deg6 r=8
-16338339,-58410681,901203058,-3638421416,8254847235,-12274068949,12512816177,-8556023969,3335976694,18870380,-864056404,476638329,-67689146,-47242741,25714839,-2505074,-1734608,559804,8092,-28464,2865,580,-98,-4,1 # cft deg6 r=8
5640190025,5714304675,24169696550,37238449975,48725260555,45059206950,36544961005,22737890195,12288777446,5301640104,1967618418,573886493,143371446,25241289,4740255,630754,330324,71588,26355,1622,446,-74,22,2,1 # cft deg6 r=0
243443009275,-268732154600,439792832875,-324884566125,307751445785,-169684987305,115281207830,-49361593230,25723741796,-8629037697,3499078766,-905713068,276329210,-52292202,10057988,-1055224,-91197,49219,-19887,3804,-521,56,12,-6,1 # cft deg6 r=0
14912988275,-92148257250,104996188375,65849394100,74490474380,36813952370,-2501358380,-2764598910,-2188368519,187754220,-64415958,113630240,-19234137,5575620,-3574655,442820,23741,-10860,17460,-7690,1938,-570,148,-20,1 # cft deg6 r=8
196271,283514,-990596,2785988,-3813694,2482752,-6697385,15307836,-15921560,-1242444,14108547,-6448908,-4718129,3517804,943268,-650342,-140205,11562,6235,7286,1021,-434,-79,2,1 # cft deg6 r=8
261144329,1594877148,4751259342,11836409830,23989210080,31871687532,25484442001,9989227318,-2323540427,-6622426474,-5317135678,-2293861590,-244873018,284199014,142496088,12562714,-8699191,-2380522,79904,95768,5970,-1498,-153,8,1 # cft deg6 r=12
1756512704,-3550069536,756140912,1958333032,599864380,-799435764,443349784,229949544,-188972833,-15283050,21816953,-1368678,434030,-892784,-176956,311236,-79612,-26514,13901,1854,-558,-240,14,4,1 # cft deg6 r=4
117927664,1288567376,4023477232,-8019731392,671991476,-3987524124,-783672068,-561241508,-479331051,146099543,68439340,-62865726,45565662,-24722155,13045406,-4925797,987096,-96294,1048,8895,-4331,565,59,-18,1 # cft deg6 r=4
9344601233649,-1400834905965,-1329415300116,-1447252226289,502613021320,39584409986,13050427786,-46558621670,9754575357,1028136912,492561551,-650521444,119343404,18902435,7483789,-5153756,615169,53239,38081,-14459,-1844,785,-3,-14,1 # cft deg6 r=4
33161613101,-170715735496,368130471315,-434690451046,308466573200,-141408828834,47867611463,-12273468232,407366667,886104576,209480295,-324899102,65617148,23584014,-13475490,737574,1133811,-301692,-26232,28588,-5512,8,153,-22,1 # cft deg6 r=8
7383541,-145062434,-793754405,-1368466612,-386518188,1652556580,1904427855,29397874,-1114077102,-544419834,180691643,239476262,56762487,-16827596,-10000673,-207332,760803,109198,-29585,-6190,967,176,-35,-2,1 # cft deg6 r=8
-4236539,125594866,-1085210876,2734429702,-264730224,-1752939642,9642230,704274664,157780640,-389362676,-155126283,113285608,89258156,-3559174,-14357397,-2364098,1139550,299958,-32585,-22316,856,824,-44,-12,1 # cft deg6 r=12
1041543824,5721884240,17458490736,34815551504,50531657976,55001298424,45485533176,28285668216,12688398733,3614914369,353832371,-125182619,4896118,49695912,21593577,1959299,-1047499,-189034,76283,26744,547,-759,-68,8,1 # cft deg6 r=4
11798996,-17253112,32965066,-124847070,-30536979,-240174532,418603329,-36626322,-62207596,-5444174,-24331521,-1409628,25848360,-12206652,3768036,-2064618,641005,-101630,26942,-1204,-2537,422,18,-4,1 # cft deg6 r=4
1799701900,-10275802700,26978071500,-46443854350,59670739305,-60335488900,49510267120,-33542563415,18867731531,-8840812370,3440362134,-1108429575,296296074,-65052785,11127041,-654540,-498806,294405,-74731,10340,599,-280,36,-10,1 # cft deg6 r=4
-9799395469,-24574222890,-15518778560,3554963164,1298929465,-1305782531,2574012581,2612957553,2177606208,-1634522530,957258300,-295539347,18300572,-3570727,-3815189,-331288,415367,-210990,63238,-13558,1317,-76,-16,6,1 # cft deg6 r=4
101398000,5299606400,31185570680,-34074951350,20926707151,-3165968524,-5841794714,7644980235,-5731920149,2670857322,-658988260,-38486315,88986860,-26423345,-570493,2826492,-807258,13335,49477,-12938,503,418,-70,-2,1 # cft deg6 r=8
5776,0,86100,0,-1009655,0,-1482794,0,1450195,0,938620,0,-789459,0,-282970,0,160885,0,12716,0,115,0,70,0,1 # cft deg6 r=4
24541996,29643098,-125778043,206876862,-36758575,41873936,-110642013,12372685,84039743,22916814,12781665,-27334689,-1109869,-2509927,410617,-252000,-35868,61201,24449,-64,-1927,-232,10,6,1 # cft deg6 r=8
1662844096,-11463790880,41253137548,-100117809932,175648659463,-227980641546,221606844667,-162592638114,90214280764,-37528247791,11373167465,-2333790912,265814583,-11382214,9438310,-7274886,2464523,-428965,11038,14052,-3644,396,2,-8,1 # cft deg6 r=4
2070419500,-2002088750,-144349975,743295160,2452231471,-193534154,463406207,322810221,213211005,-56717286,-49919681,22285937,7263725,-9060707,-3209387,795288,389708,-26897,-16185,5000,1541,-98,-30,6,1 # cft deg6 r=4
1771561,0,27730054,0,-4005705,0,-52775877,0,61684555,0,16242790,0,-1293383,0,-156890,0,36850,0,2817,0,40,0,16,0,1 # cft deg6 r=0
88284816,0,1096710516,0,-766656495,0,-327521790,0,337702511,0,270094880,0,86109669,0,15498590,0,1706021,0,116040,0,4735,0,106,0,1 # cft deg6 r=0
42941369,113915222,101873808,960058834,-4191539198,1495915156,4242666355,10976542040,-49990842865,78365727108,-71998272135,44112473324,-18842173906,5583261686,-1052655471,74095026,21115032,-7194504,795612,32652,-17521,1104,144,-24,1 # cft deg6 r=8
384027525079,-975972597369,-3126603259469,-1504122070422,1994990096963,2283878730286,227439592594,-757260568949,-378849653904,35224767015,79246665510,16721116845,-5063709283,-2506036641,-36463587,142053761,16139484,-4270062,-764515,75033,17556,-781,-205,4,1 # cft deg6 r=8
17639,616988,1632544,-67822273,110221940,-27576550,-205150244,285319650,-73713241,-133822753,100327999,35903079,-53477416,3275186,8856902,1213444,-3191415,825219,78775,-57976,4268,1094,-152,-4,1 # cft deg6 r=12
9025,0,-262425,0,-1875700,0,-915550,0,-104290,0,537280,0,436065,0,52215,0,7156,0,599,0,87,0,1,0,1 # cft deg6 r=4
1273155269,-4312014888,5517584427,-3704896557,-679716858,5252666149,-5402861412,2458404497,145862644,-1190706887,922418496,-300230959,-6035213,38548707,-13239947,2031968,-85937,-59652,35122,-10860,2131,-368,66,-10,1 # cft deg6 r=4
408848144,-232562856,-1497908916,1683280630,4780227511,602559625,-2952448027,-1007715682,543697909,269238486,26522136,-16244250,-9890767,-363322,-584620,-50896,29221,-2661,7097,188,899,-44,52,-2,1 # cft deg6 r=4
565468996475,-4237487017800,13941458834875,-26963383706175,34254193088000,-29924450795325,18007481763700,-7005118478175,1272879279065,275899195405,-242030789435,55175610660,3205583815,-4447748930,742126055,82118795,-42776921,2820843,888302,-149859,-4182,2439,-95,-14,1 # cft deg6 r=8
-8590461651,-28481712756,219166802593,-501966234148,657094668179,-588495319050,393906154607,-201036041402,72194508354,-12371816306,-3784591041,3674953794,-1313557374,124970012,131286375,-82913502,24472066,-3556158,-39400,115042,-19071,706,170,-24,1 # cft deg6 r=8
10154978019,-28472124348,-25409543184,-7979611446,5440273010,7235992998,2519904309,-84791856,-572802067,-171705418,20452718,38803050,12861438,2055986,506904,518398,297447,87406,12322,-652,-296,64,51,10,1 # cft deg6 r=4
-240412219,318745440,1144412654,-2459510630,533902564,1977285504,-1554636055,-104411584,470408085,-75593324,-72742560,18515820,6616400,-2232100,-684085,414752,18290,-36332,-70,3358,-1,-300,-9,10,1 # cft deg6 r=4
21690356875,-80560167500,107720745625,-53288303750,-24342962625,41209015000,-11302231625,-10034874750,7449561775,-138653400,-1732509550,631368100,77830570,-119927120,23469670,5701060,-3423379,322500,130853,-37214,879,984,-109,-6,1 # cft deg6 r=8
-1481,-13986,1362989,1456328,-8354614,-21398474,-11983802,24432974,16324803,-25332506,-17756766,-18281310,6567643,13747726,-8453194,3848106,-1620213,338290,-87730,8474,-696,-144,57,-6,1 # cft deg6 r=8
22603799,99420504,207986454,180660668,259501721,-29766734,125383083,-148778636,66762098,-81802166,28237569,-20308160,2991148,-803404,-1482819,785276,-530008,176590,-66015,14044,-3201,306,-23,-6,1 # cft deg6 r=4
62229931216,-87396902912,-77033936720,250319205120,-231585785588,112594671040,-32662547348,5400683720,99867181,-210839524,15703796,-87080374,65097780,-11257776,-866769,170214,-235774,109150,5117,-2800,-688,-130,15,2,1 # cft deg6 r=4
-542719570271,-3098980921,4673449586344,-11963123191420,16084600722708,-13930104338883,8145905488059,-3109955925052,631178676038,26959681660,-50445560443,7437708688,2742341780,-1102358236,1236752,75471154,-15132340,-654373,649894,-71924,-6040,1852,-74,-12,1 # cft deg6 r=4
427809813439,-196438485653,215241424389,-104992946272,73670264250,-28585164625,-6545089449,-13330227680,9564298134,30423088,70785964,-615646724,130591059,29252834,880442,-5320684,-411765,670641,-35025,-33024,3613,716,-102,-6,1 # cft deg6 r=4
-2033910000,3849120000,-5243130000,2292030000,4567614500,-2915992000,-1547454000,2723811000,1685772725,-250138550,-261195175,102846200,76480230,-4448340,-8222275,517390,772529,-49284,-53991,3638,2412,-230,-67,6,1 # cft deg6 r=4
120450625,0,540985000,0,98093250,0,-847358750,0,527695275,0,-119443000,0,4184805,0,1981960,0,-147759,0,-12836,0,867,0,66,0,1 # cft deg6 r=4
487740796499,266648314280,-45592626839,-34890876642,8327371160,-8344686962,-5887009938,228411038,460040862,110154698,100751791,45202378,22298298,8847446,2084817,324852,29604,8270,5516,-2244,-1256,-196,13,10,1 # cft deg6 r=0
585629097049,-826006883760,130752624921,181982479448,18370837870,-51318835932,-6341122773,7542312288,2210813482,-651285072,-391316034,-10389222,30157098,9133136,281152,-517258,-174846,-8800,16361,7886,2474,524,93,10,1 # cft deg6 r=0
632069881,0,-54546846,0,-133119585,0,55888808,0,587817,0,-4044096,0,1085677,0,-106836,0,-1653,0,4538,0,270,0,24,0,1 # cft deg6 r=0
2654277061,-5143770799,22783400169,11216885970,1394777697,-4260725044,-175380901,86854925,-37610000,28276173,36910126,-9056373,2112781,-2110875,794329,-201554,83900,-5938,2390,-3100,661,198,-12,-10,1 # cft deg6 r=0
1526543041,0,-41947153464,0,4922722344,0,5517170338,0,-1379642974,0,29496358,0,14497759,0,210894,0,-301581,0,23380,0,-177,0,-38,0,1 # cft deg6 r=12
2422673795,-12290601310,25012601105,-24819844560,9631395826,3363630164,-4563783120,970962322,380470058,39862586,-217574168,49753472,36152862,-20980858,2194912,1398922,-536478,4232,41137,-8724,-472,442,-45,-6,1 # cft deg6 r=12
-520065625,11545531250,-48966821875,31177937500,258141875,-53791468750,27450319375,24254422500,-19064257000,-7978541875,6121688875,2642432125,-700857600,-429247525,21362650,36465550,1931590,-1746715,-201030,47465,7671,-681,-139,4,1 # cft deg6 r=12
-64218704,-262802528,1791117392,-916664352,634367688,-749439136,126408384,414037600,-509804965,223414486,36365103,-86837954,40069521,-3503476,-5059691,2278198,-203786,-95048,33308,-1804,-2381,714,-35,-10,1 # cft deg6 r=12
5607842371,32559310910,23698207249,-20793606592,-22062628848,-2143833732,-82677865,-2656239308,-1051155411,426211736,215560693,-108821580,-41991028,19330834,3793726,-2699410,-68145,256390,-14660,-14800,1468,470,-63,-6,1 # cft deg6 r=8
-4194980,20883060,-12274610,-116264470,213854381,118429327,-587096078,151948063,517048083,46464223,198802247,29440705,-54784058,25361887,8455549,-1651592,266679,105157,28088,14132,3466,578,68,10,1 # cft deg6 r=8
-1267980544,-6464837120,-11064951040,-7249160704,1961801632,7495310528,6597337840,2808977504,-31507945,-841948134,-564435144,-199657960,-36023582,2490104,3996510,1432334,377709,109992,30118,5478,185,-290,-79,-2,1 # cft deg6 r=8
4687616,9296512,-29595648,-78281120,-19779824,77208544,102553192,33727780,-43283963,-48692062,-17136907,4621820,7911980,3145298,257574,-142652,-46638,-1902,2569,-288,-460,-22,44,12,1 # cft deg6 r=8
39387136,271548416,797622272,1307418624,1160826880,256884736,-683656192,-928722944,-567626240,-136597632,54838080,61709984,20734992,-2007856,-4738716,-1944692,-267941,85120,53834,13180,1188,-234,-73,-2,1 # cft deg6 r=4
-237822475,1147497850,-9471765135,50731375430,-127283826994,191342505820,-199111569967,147164787652,-75087964492,25353304744,-5254681765,279277572,476954429,-377186642,156571601,-33281320,625059,1586172,-426803,47794,391,-1088,213,-22,1 # cft deg6 r=4
37008941,257931546,834716915,1689251548,2416238534,2559359346,2034090566,1098100720,305702408,-111024226,-177457075,-112996380,-39742280,-6086310,2533010,2144868,735328,139650,-4921,-11008,-3226,-506,0,12,1 # cft deg6 r=8
-5585669839,-40548143612,-90990655743,-65371193066,58519051717,120592868782,45505872997,-21946194818,-19597631342,-3544376308,943029877,248092166,-255904839,-145431106,-26984853,2316918,4142118,1810068,480007,100958,17177,2246,247,22,1 # cft deg6 r=8
73128989071,-63669877728,30990458097,63614283416,-74607447633,56322775188,-22091698338,11671081998,-7788886222,7106140618,-4059324943,2001243444,-776748339,238520656,-62750693,14324262,-2326412,327852,-17928,-12768,3297,-666,167,-22,1 # cft deg6 r=4
-4620628940899,16358863561836,-24942737666544,22461886416198,-13731382724629,5979489243046,-1799500734925,379122100142,-101794436642,48637684394,-16196285730,2496429982,-61585336,-24583330,10015423,-6423158,2748977,-950732,284156,-70254,13976,-2160,255,-22,1 # cft deg6 r=4
22273989616,126411082688,293621845584,386405211296,311945272308,145678743632,24145298508,-11939706448,-6604990549,482240312,1566165164,731653636,202436395,39612784,3993443,-1437142,-1095642,-352934,-29927,16620,4547,-102,-117,-2,1 # cft deg6 r=4
17161,0,366568,0,1734856,0,-120994,0,-1643714,0,-236006,0,-1223149,0,-1237882,0,-138521,0,-26600,0,-1193,0,14,0,1 # cft deg6 r=4
-535505779,11143015898,8736197011,-14886919704,-21761104131,-6075363390,6064460568,6418001836,2644137350,32451126,-599422829,-360612108,-126396009,-27855212,-131589,2488794,1209710,478204,164688,41150,7769,1344,211,22,1 # cft deg6 r=4
2128681,0,43853484,0,138353674,0,-920892510,0,-182641585,0,422126014,0,67024421,0,3834686,0,457655,0,22330,0,754,0,56,0,1 # cft deg6 r=4
163574949136,0,37340233840,0,19739912828,0,8973076588,0,1342307149,0,-295835922,0,19775641,0,344296,0,105362,0,-23174,0,1936,0,-56,0,1 # cft deg6 r=0
253033711696,909678107008,1431615754704,1277542498496,685552565528,195605656992,-3133333312,-26473746688,-8809026539,381146712,1183559579,424588076,105151290,45017314,25354843,10032798,2621923,515416,81333,6270,-468,-142,-37,-2,1 # cft deg6 r=0
392491,-5442104,34752948,-135793382,363976718,-712180110,1059947781,-1239398070,1171476554,-917673874,608268186,-347774998,174469987,-77059922,30352190,-10451396,3217250,-860058,207757,-42272,7800,-1122,148,-12,1 # cft deg6 r=0
5877526455,-22687260570,41491148715,-43483469370,36972262061,-19703106126,8656739903,-1147579546,-666520193,869095532,-405834372,118776156,-3624441,-19360508,13246924,-6201544,2214753,-667794,171359,-37062,7048,-1056,142,-12,1 # cft deg6 r=0
1028645,2089620,-10063034,-5606222,7906626,-18869920,34189509,57272206,18350436,70990844,34000386,-17576360,2781293,7559510,-142080,-120916,309262,-73498,-20225,8136,84,-524,-16,12,1 # cft deg6 r=8
-1146256,8087136,16319812,-198853028,260783745,317273066,-446195381,155095478,-233614071,258763326,-79648626,-3998994,327041,508208,1269592,-70544,-382930,107044,14895,-8228,-248,424,-30,-8,1 # cft deg6 r=12
-1368094239280,1740272544240,6127333037720,490307720520,-4597243653091,-779790378205,1783287109536,254241231999,-436173884210,-33783472571,70669743670,438666769,-7578599615,441886259,523792441,-60122080,-22145370,3787619,507061,-128766,-3711,2264,-64,-16,1 # cft deg6 r=8
-112175795596,125915632710,216423698831,-323461596305,-79982361521,282802178009,-59745854217,-104416527150,45960532856,20201992323,-12910210501,-2491020343,2028528224,250212060,-205028777,-21361314,14027577,1185124,-616630,-33312,15526,430,-199,-2,1 # cft deg6 r=8
4790256316,1498383838,-4923975195,-1903067956,5504112549,2653839786,-2672850384,-1608073402,675688611,579948601,-34605102,-128224676,-19138413,23034453,4013758,-2935976,-179014,241348,-12110,-11389,1500,237,-57,0,1 # cft deg6 r=4
192151874416,-604713926728,734115190320,-346907484174,-95116865799,206521691282,-98289848421,3162542527,17591477260,-8387986807,1406094660,168771439,-116812945,27671851,-9400165,2578414,51252,-238754,48074,3562,-405,-94,-48,2,1 # cft deg6 r=4
2237552158705,-5892951829435,7943594641061,-7560151897784,5927438083108,-3982286272081,2166385628281,-873919486646,228883024354,-22732005492,-9211699420,4990347302,-1123685627,55804974,50566980,-14748440,735911,400023,-74227,-1314,1957,-60,-26,6,1 # cft deg6 r=4
85707380,56104090,1064798201,-1732775345,2408451384,-5645576909,9543708434,-9522862870,7357069834,-4557140691,2130808854,-836963882,258456472,-56491018,11571892,-1189918,-66462,-6647,-20835,318,-57,202,44,8,1 # cft deg6 r=4
252301456,0,4405535700,0,1365279257,0,-1091553401,0,-56922726,0,59600561,0,1615284,0,-1321487,0,-72508,0,12577,0,1594,0,67,0,1 # cft deg6 r=0
11265811330525,8322846684325,10125604645810,5148598322455,3681843272801,1492682236603,755985754156,259396127016,104467299035,30055742679,10054597906,2430744586,681031694,138824492,37445472,7456338,1950354,340869,65111,5026,447,-50,14,6,1 # cft deg6 r=0
66809842576,0,41180101028,0,-16234596823,0,-7834630150,0,1757434969,0,505064925,0,-61728994,0,-5742880,0,571959,0,4115,0,-438,0,-32,0,1 # cft deg6 r=8
3121437488720,-4400843131840,1826072738404,-228721515932,215339877027,-195494572927,72045441993,-20630467112,4799697817,122143748,-168745259,-75611938,25748908,-14195340,5231688,319074,-72545,8899,-62,-2350,-604,118,-8,0,1 # cft deg6 r=4
807735125,-3258887775,4965936995,-3041811350,123022845,-1089277565,2681774205,-1084388025,-109763100,218270600,-156976716,5495981,18240449,4081411,579474,-720641,-352749,-63571,33686,10484,326,-436,-49,4,1 # cft deg6 r=8
-51349889,200861052,-339604756,114632337,324036436,-376947907,-121210762,290423547,-9983462,-162877520,-6294859,44952746,1029765,-9456348,718504,3058685,1083618,105699,-19243,-8806,-3134,-786,-69,6,1 # cft deg6 r=4
-3129168025,3906063700,3437335675,-9240499635,7321751076,-2160561655,-1152214180,1959239800,-1460547325,679440165,-165395515,-14509720,29188025,-11585250,2060158,238550,-250435,67065,-360,-4280,1540,-150,-10,10,1 # cft deg6 r=4
1277882667559,-1920098929182,732849736304,457924961194,-365232750674,-81590286679,137907149277,-11563820661,-28228408697,7948364051,3427648653,-1883147689,-57359216,200384987,-23482789,-11320200,2580345,376359,-133809,-7814,4417,74,-86,0,1 # cft deg6 r=0
-75906044,372502966,3318853067,-26747610164,69092426790,-92517773056,74352867127,-38918525109,14953421885,-5658173704,2786485897,-1457033033,618648117,-193278193,46848377,-12570644,4417131,-1227245,165911,8392,-6527,860,-14,-8,1 # cft deg6 r=8
168578551,485171915,-270492415,-2214409765,1345009860,1080111035,231260884,-1008213645,-57445200,29549880,228219365,43148735,-94496149,-11194935,16574795,2177500,-1536010,-281965,72779,19870,-1145,-700,-30,10,1 # cft deg6 r=12
-989045,60068825,332815695,1002252290,2163464256,4020284808,6633446874,9221210767,10133309445,8508377437,5313080036,2327422213,591564445,-7350137,-71271531,-26509558,-3161755,722122,300111,24338,-5930,-1382,-46,12,1 # cft deg6 r=4
858313961,2740308820,6043448814,10276308505,29541520987,17028805125,12632415828,6711226100,2375791308,1902551735,766949463,173256400,117275043,43346440,9093658,3527350,1194058,229825,53828,15210,2582,380,74,10,1 # cft deg6 r=0
22069719775,-78696877850,168431986500,-211149352825,201676098485,-112567497375,18273162550,18295064230,-13975555494,3953499299,164864083,-518423652,208698991,-75408266,41243960,-21084306,7466704,-1718227,224700,-3658,-4184,676,-8,-8,1 # cft deg6 r=0
-123177500,34941545000,-78446722750,-218532316000,886438973605,-1158414232505,648867392590,22518373785,-270179879974,179574901794,-53510966385,2837629285,3383420905,-1097820098,78395613,25869845,-4043435,-960565,295638,-1538,-8955,1160,25,-16,1 # cft deg6 r=12
-53858695,-35086300,-28213465,-331090325,189212301,-478756858,79158347,-116771773,-156933808,88160329,-88696814,18834091,2725731,-7628819,3151521,-129134,-226074,84151,-20759,-2106,2517,-68,-88,2,1 # cft deg6 r=8
-1911123664,-16052198848,-34478277840,-40294811136,-24089228824,141676352,15156687960,16353786864,10101699231,4164685292,1025588199,17461552,-111827474,-57936882,-17182331,-3489182,-561752,-118792,-42102,-12402,-2324,-166,33,10,1 # cft deg6 r=8
5861499691,25242221668,36250103289,21547416672,9219565076,-2843723932,-2289716841,-555675188,626515271,513834778,49025349,-104266328,-82924314,-33625302,-7296456,-1103508,-235544,-58902,-18806,-2728,451,308,74,12,1 # cft deg6 r=4
392363776,-931764736,197591232,2004972384,-2305795600,1391576656,34674952,-900705696,940853125,-694169316,404025722,-215409392,110311157,-53101672,23874062,-9442356,3277576,-971580,247426,-52272,9493,-1320,166,-12,1 # cft deg6 r=4
3074434901,1833501001,-8733833981,-3768908855,10427446838,3122637911,-6893985096,-1356965085,2813475976,328091158,-751446177,-36487991,136760927,-2132209,-17661797,1280932,1682410,-167117,-115937,9268,4995,-222,-112,2,1 # cft deg6 r=12
-161645199084,419847061116,132066595450,-595886926094,55023911719,310644451054,-87654014331,-68079163085,30919356024,3688363171,-3712247825,562268550,-7956880,-29991880,14554445,-1773766,324724,-204065,53134,-14504,2019,-56,60,-16,1 # cft deg6 r=8
-2021416499,-3758419106,22481695329,-10650398159,-28933291264,35199230741,-6680168218,-14765540961,10189260928,497386391,-2716226604,766830495,214933894,-155880220,13986791,10327216,-2831422,-122076,134442,-5694,-4879,726,39,-16,1 # cft deg6 r=8
39980024036,64901291888,-17690358466,-81283933008,-25702137209,32611918339,22473938912,-2676516284,-6204672397,-1009339566,701333126,163528528,-92175051,-19177068,18793196,7707204,-229928,-621239,-71152,21404,4406,-332,-106,2,1 # cft deg6 r=4
-97640296479,685822157658,-1237084789221,424329144084,238851638375,-394224490502,178600969427,6405357970,-48005144727,23824180918,-3197873236,-1884311080,950050624,-84342838,-51509582,13281086,1526369,-1000850,48306,44596,-9871,338,147,-22,1 # cft deg6 r=4
3473271611,-12127175380,16100670372,-9939426322,2366395021,824534364,-814389573,206652566,101456358,-119404226,11000981,29146656,-16838654,3652746,494861,-522506,243976,-48428,5685,884,91,-98,45,-6,1 # cft deg6 r=4
13896104461,43636757888,73179858644,80681148676,69009760794,46578214548,27615572726,13541421574,6319289477,2360644340,868315729,228868044,61139813,9318948,1013759,-276440,-264846,-65246,-19227,-1414,-218,-132,-5,6,1 # cft deg6 r=4
49746005,34155130,-16395220,-119141970,-96627394,-21054182,33529263,34528828,1805660,-12708770,-7074342,2060266,3890563,1221254,-312194,-333504,-87350,15576,17317,3602,-148,-44,42,12,1 # cft deg6 r=4
59406013501,-114914263886,40565635593,38829897490,-7374100903,-36953654156,28819478695,-9668813762,4264899613,-3494218036,2320054085,-1184230612,451355293,-126896266,35209155,-12324632,3739238,-818996,164455,-37472,7972,-1440,217,-22,1 # cft deg6 r=0
233762930105,260296525425,56919333580,-54052610710,-38118568279,-1518163492,13244014475,6500099251,-2242575768,-2182090227,255308871,457558407,-13511630,-64211327,302851,6379120,-41317,-403298,14451,11910,-808,126,-2,-10,1 # cft deg6 r=0
4440281970905,4027310679935,5847927432325,5254517798565,1155247061350,-699928730545,-327661653920,26718398785,38317976256,4603728580,-2257769473,-839196895,-12241237,60555165,12679919,-2323810,-1139090,3295,57189,6310,-1357,-280,22,10,1 # cft deg6 r=0
1381861525,-4925043600,69800244710,-23908298490,41472460956,-12633878960,14953972545,-3535053120,2501894385,-698582852,320034140,-32072420,21759660,-1902820,-640761,534680,-31370,38500,-15130,522,495,100,15,-10,1 # cft deg6 r=0
26214400,0,0,0,12451840,0,107642880,0,69595136,0,-11807744,0,-6136064,0,1847936,0,-175856,0,944,0,968,0,-60,0,1 # cft deg6 r=8
135937579151,511195247532,1384917561496,2577857276180,3820780895337,4443939018982,4226705817123,3203406942068,1966100322763,938416674162,353096295013,94950166392,19535709942,1460343082,18168588,-85523428,-16263802,-1733202,-47532,57112,11517,1760,206,12,1 # cft deg6 r=0
1160262734576,-1325137517304,1051384067724,-877214289346,783214867141,-413825250242,216019366407,-132073586584,58368827070,-20496426110,7543195421,-1698423868,263094132,-6620234,-13903551,543440,3198496,743414,526681,68316,19146,1538,247,10,1 # cft deg6 r=0
919258775,-3163409300,-3241801700,2871438200,2186978000,4031852300,-100583050,-168370950,715398835,-290274910,210169285,-65257910,35132930,-6669900,4333365,-545160,351846,-38960,25638,-2216,1074,-84,46,-4,1 # cft deg6 r=4
4146694736,-2655621480,18929394868,73782272670,70817569229,27864888864,20987970251,4960343894,2991552000,135628838,432553474,-135083096,83829717,-33008332,13160978,-4116508,1365361,-318770,91823,-15666,3914,-456,96,-6,1 # cft deg6 r=0
-279081,-4251108,-29800868,-127093770,-366561214,-749955082,-1105888155,-1159950918,-809613026,-276878282,112278382,237513922,195232319,112099134,49776434,18489540,5789962,1539306,356493,67872,11592,1474,180,12,1 # cft deg6 r=4
38282870125,-160205599250,314925661200,-389646731750,343681348830,-232808597980,128060408575,-59983560880,24815948036,-9201656518,3011322532,-828067254,170704647,-16072524,-5384802,3213718,-817470,76794,22629,-9874,1218,156,-60,2,1 # cft deg6 r=0
10452037761,-27811587540,-11562465998,29632321916,6936460226,-11327460800,-6469005685,-1337872346,1148862590,1422331788,740375386,274332610,62464001,2349166,-3978266,-2133084,-479450,-35040,24081,13212,3662,770,116,12,1 # cft deg6 r=4
16675664400,-2400624000,-43615092960,565463040,48129571324,6231671736,-28607536208,-7939264068,9167243731,4023677426,-1205104702,-776343562,68103764,69135808,-5692706,-3275382,1078346,212076,-57002,-4042,2239,-116,-68,4,1 # cft deg6 r=4
84842521,0,21794348,0,-45390590,0,-21657586,0,13925887,0,888178,0,-34447,0,-174858,0,987,0,-10214,0,990,0,-68,0,1 # cft deg6 r=8
23658496,0,1693057024,0,-1451745280,0,486402048,0,-173146368,0,37377664,0,-5649488,0,1054724,0,-39903,0,5988,0,710,0,-16,0,1 # cft deg6 r=4
6706780775,31549860800,71789921940,95816284790,76312697834,30454437786,-610959918,-548903168,13768210931,21281428856,17371326088,9209731958,3239713839,668216708,19796234,-33510212,-9901429,-837594,181018,52238,2774,-616,-78,4,1 # cft deg6 r=0
15625,0,1093750,0,8741625,0,48065450,0,93588906,0,81750558,0,35512777,0,7453926,0,692954,0,20914,0,297,0,62,0,1 # cft deg6 r=0
11508783841,0,17143576172,0,-3346800958,0,1867847366,0,-41809825,0,51048464,0,1525153,0,476536,0,130045,0,9624,0,247,0,-42,0,1 # cft deg6 r=0
53207001,608237286,-6534051085,22698198206,-39932071717,37121846176,-10729941973,-14855590926,18964474844,-8243348704,-479582813,2050097736,-836386695,103248396,22143311,-11660440,2922200,-358646,-54521,24452,-2937,194,15,-10,1 # cft deg6 r=12
9219445841,6603252394,-14661732429,-46825845936,157927302709,-218864644856,193808852728,-126706420890,66097980516,-28099983728,9683266883,-2687298372,598957587,-99841146,11156249,-820682,-38090,10544,-8174,5644,-1161,140,13,-10,1 # cft deg6 r=4
329604025,0,796079450,0,751948165,0,378736690,0,104606466,0,8167386,0,5668797,0,-130642,0,-30990,0,5302,0,597,0,14,0,1 # cft deg6 r=0
120325734400,0,620577177600,0,854877532160,0,292792442880,0,15005125376,0,-2528112384,0,950527408,0,268300260,0,23172641,0,939510,0,20207,0,222,0,1 # cft deg6 r=0
1234321,0,3002460,0,2335770,0,133886,0,209915,0,310910,0,-42719,0,265210,0,11895,0,37626,0,2630,0,40,0,1 # cft deg6 r=0
162946736,-853349888,2000358896,-4522890176,12552305688,-26520257296,35738809560,-29761708656,13494185283,-617489900,-3012630313,1583983524,-130401372,-172725522,61658459,1828348,-4890587,651218,151775,-42348,-650,1066,-61,-10,1 # cft deg6 r=0
54601525,714380250,1411040325,-2569539100,-4041120125,3448083450,1610578900,-3102513800,110541395,599654110,207779845,-85966820,-39954170,3807350,2444800,254040,-168889,26342,4807,-2400,171,-50,8,-4,1 # cft deg6 r=12
357633001,-120667542,-506932378,-825650834,495204988,1216239828,182818699,-633043066,-690003785,177388920,404751468,22849624,-39616752,-8381444,-9406922,-1526840,581055,233726,19174,-6678,-1132,-176,7,2,1 # cft deg6 r=8
-1800510016,7827299392,-2789279744,-21773616224,-11489198664,8185739248,10692295872,2915128488,-1643728917,-1492433408,-393378734,40935820,63934173,23636338,4439354,-429468,-676188,-202780,-6215,10948,2369,-102,-82,-2,1 # cft deg6 r=8
218892025,0,-8838021050,0,-2042801525,0,-806696500,0,-485013965,0,-144044490,0,-17624545,0,1109010,0,585006,0,69814,0,3916,0,104,0,1 # cft deg6 r=4
218347921,2352969882,7913469032,15441541470,21253224629,20462870498,14348997511,6409974364,1232183943,-529959896,-469638861,-104271110,1215816,-4530926,-741158,2265282,577807,-171334,-56969,6952,2867,-144,-75,2,1 # cft deg6 r=4
23658496,0,453525504,0,-182947840,0,-84535296,0,-49403648,0,-23604032,0,5510064,0,4606072,0,854497,0,66366,0,2315,0,46,0,1 # cft deg6 r=4
22596102400,0,507765048000,0,1128138324160,0,832950176380,0,262359820241,0,33317059456,0,485490550,0,-160677636,0,-6158321,0,170784,0,11910,0,196,0,1 # cft deg6 r=0
378674945,-1308634030,23867964,1515490322,-1603698899,-1545717122,1212231761,707316042,-640445489,-305660302,188351528,145514486,26505701,-5155322,-5329326,-1942764,-250028,48138,35869,11552,2264,418,84,12,1 # cft deg6 r=4
203417643581,-359062543328,392852704448,-689054464596,839461293071,-211173062654,854686083206,-232512756414,119021662627,-5299917694,-8236027104,-2643533684,1359139132,199982396,145745841,30721016,12272362,1914666,608221,51556,15186,594,193,2,1 # cft deg6 r=0
-997408400,7222004800,-21063405780,32391521280,-27442325085,11808232110,-441724685,-4455372470,3159469005,-1711274380,697093724,-200351106,35161607,3605098,-3939174,1584612,-291398,-5994,27589,-12572,3444,-726,112,-12,1 # cft deg6 r=4
-1,-3,85,449,-1019,-10654,-15122,30130,63841,-54381,-95006,100402,15480,-125546,105796,31446,-91842,42410,4181,-8966,2674,-488,100,-6,1 # cft deg6 r=12
-168577181,86386710,-135623599,-1087691899,728213561,-970591710,-1046730666,451259296,-269644179,230485611,-10933754,24319798,1601066,-1679814,-181104,-518288,-69163,-28674,-3489,1306,308,196,36,6,1 # cft deg6 r=8
23107635571,-81573528804,-156967060306,-98281489390,82541996262,91682399946,-19025833471,-33816600780,4585011420,7188481528,-1067073084,-989329368,171829261,91607080,-18535716,-5570454,1444740,205042,-85985,-3950,3646,28,-92,0,1 # cft deg6 r=4
793881,0,-27696168,0,-102994272,0,-2768094,0,119294638,0,31926454,0,-4996373,0,-1759694,0,-42677,0,12264,0,863,0,38,0,1 # cft deg6 r=8
-1697701,-14191644,230274449,111390926,-527739141,94534972,395567008,-260814128,-42144357,68237242,14267625,-19421930,1972220,194980,-74720,280894,-73069,6874,-4709,-436,396,-6,11,-6,1 # cft deg6 r=12
16777216,0,-16777216,0,-70254592,0,39845888,0,7864320,0,-9682944,0,2408448,0,57344,0,52480,0,1792,0,-592,0,-4,0,1 # cft deg6 r=8
20169081,0,16367670,0,21537747,0,-2414508,0,-22966877,0,-9495658,0,-1022265,0,-198618,0,59638,0,14382,0,1832,0,100,0,1 # cft deg6 r=4
15249025,0,45471590,0,60366071,0,46011654,0,21483715,0,6190684,0,1371458,0,380028,0,33875,0,-13794,0,-1873,0,30,0,1 # cft deg6 r=4
60388441,0,499772242,0,372741437,0,-57793192,0,-79732920,0,9300914,0,13638204,0,2387218,0,25784,0,-19880,0,-747,0,34,0,1 # cft deg6 r=4
-1246211,-21372807,150989842,-641141068,1683073869,-2234062549,858997622,1247150457,-1663094372,593627155,210562460,-265297006,88716302,471528,-10442655,3395151,-188278,-171643,53228,-3270,-1329,376,-15,-4,1 # cft deg6 r=12
-555901781,1432734307,2561887081,-10207447390,5352719599,13980389517,-21639108298,9244434774,2670353902,-4018602699,2049192290,-694588447,182710060,-52059524,9824556,-991471,-184651,37673,13069,-3878,314,248,-29,2,1 # cft deg6 r=8
-796301,64125820,-776336460,4875969188,-15233845024,27350284880,-30061526232,19201142588,-3882263510,-4924555664,5528539759,-2868140144,852005102,-120516706,-5518893,3349244,753398,-463794,54121,8324,-2914,418,-38,-4,1 # cft deg6 r=12
555264,-11180544,-27952448,660513920,-211968848,668341216,1836086284,-865016304,-938213395,2453335376,2381145551,141257810,-366062892,-54898964,16715099,-827100,-677425,391134,50572,-12554,-292,94,-56,0,1 # cft deg6 r=8
5370689,30014720,277737,-203175101,-75053523,601304135,-12563954,-819553786,710253036,-631080367,808269628,-573571878,170508432,2398238,-17214028,6097110,-735421,-174219,63789,-8238,-267,228,6,8,1 # cft deg6 r=8
778633216,0,4940005376,0,-55021568,0,-728428544,0,-286600960,0,-60556352,0,-6630832,0,-282732,0,42265,0,8136,0,742,0,36,0,1 # cft deg6 r=4
1290680519,-6425151754,12357125042,-15573262790,18506908490,-17228701296,13988108395,-9113585310,5071159162,-2230241946,817779846,-202880872,27366693,10641116,-7793348,3258888,-878822,165144,-13821,-4422,2090,-572,98,-12,1 # cft deg6 r=4
7301896855,-20762188700,28943278809,-23496162656,6323380430,11901042060,-19404789855,14530243496,-5653440669,228182658,1101934142,-742700444,289481714,-73645532,11132803,-657988,-57283,-76826,43999,-8276,896,372,-82,-4,1 # cft deg6 r=4
-35361311,-1448315418,-8583171003,1405637962,27282214886,-19524175410,-14341561064,19228236428,-1738102147,-5969447166,2573494212,413444088,-534215807,81583464,36219263,-13658970,9451,677876,-82452,-11912,2874,48,-54,0,1 # cft deg6 r=12
49953851,-801122681,5593474824,3398376607,-11885951619,-8119168945,6681902676,4729961635,-2903812891,-2163383154,607559331,631019367,11731615,-63344391,945179,6569668,24469,-455155,-8131,19340,-409,-816,-34,12,1 # cft deg6 r=8
1845132025,0,1148961550,0,-227903035,0,-395678280,0,-147241784,0,-24749198,0,-1521892,0,184570,0,81736,0,9080,0,-507,0,-42,0,1 # cft deg6 r=8
170172025,0,-25690157970,0,1494738969,0,-1478844040,0,-118075008,0,-1918278,0,-4895160,0,114374,0,968,0,368,0,685,0,42,0,1 # cft deg6 r=4
-2033671,-13048278,5180060,264182348,1060714558,2196619550,2761294961,2179058250,1069157394,307017724,12929874,-34663376,-13552901,-4319404,-800480,240760,222042,61134,263,-3998,-1216,-132,34,12,1 # cft deg6 r=4
4127980055,-5314907800,-7580335624,14764100784,8786320563,-14498926820,-6570984853,7201814364,3001759700,-2076937986,-874793180,366203426,170991837,-39871842,-22820705,2663672,2052344,-94054,-120854,-150,4772,54,-104,0,1 # cft deg6 r=4
573154983936,-977402363904,1168689070080,-1411254140928,1505651015680,-1304216154112,817935951872,-377684578304,149354593280,-47356633856,20367525376,-2083402880,1595527296,518017776,312835344,128643612,29651553,6691004,937945,120756,17438,834,199,2,1 # cft deg6 r=0
113246291855,-103671240755,-120378702010,123383858150,59743600255,-65908080965,-18133286135,19779049260,3977348551,-3524287538,-713454998,358205232,108334483,-17900348,-12294680,241250,877626,16945,-37045,-3038,1123,282,-38,-8,1 # cft deg6 r=4
556027892080,2919394119680,6574947202720,9449434539970,10771458814861,9356852364116,7051601771409,4287757210546,2344120776399,1054636604788,436786364836,148882983814,47857004951,12458124634,3159658414,626500412,126948608,18885642,3081813,331252,43628,3102,328,12,1 # cft deg6 r=0
608000,47446400,-410409920,-409164480,-1062598480,-264946240,-825000140,154117810,-382951645,127004730,-89399909,17463334,-2583967,-2575592,1516729,-316906,-17664,49672,-7133,-1704,779,-34,-43,2,1 # cft deg6 r=4
4836832276400,9257304802000,2409189402840,-6075124061090,-3750538432289,1952857482966,2348392016896,379286472216,-127537243058,210600656336,282481114646,140418906646,38935038507,6522194546,563809406,-46095894,-28436708,-5655604,-704734,-36424,6887,1646,246,16,1 # cft deg6 r=0
86502034025,550905196000,1474031404320,1869055569280,1056636886795,-57131677790,-453891349220,-252387330500,-11501645835,62037347310,44557167724,18726706342,5746793743,1369655856,248676876,29066418,8094,-930994,-248158,-38918,-3466,102,98,16,1 # cft deg6 r=0
81360400,0,-753573480,0,1465444709,0,812737013,0,321511043,0,33122726,0,-9630321,0,-2412474,0,-132774,0,10381,0,1572,0,68,0,1 # cft deg6 r=8
-35735941,-1383397714,-6938802797,9618246979,9148296859,-7217668332,-1466896948,-207749094,-652037527,536078573,49663390,60918040,14112590,-5937470,-784830,-1247244,-195741,-25138,191,5516,1176,354,62,6,1 # cft deg6 r=12
-3602986775,78747175,3152451985,-471266150,3223419629,-3002689892,723360597,-1008046748,522121953,-49898101,128650321,-37497424,-3369173,-9933000,1414646,201640,427468,12467,3776,-7248,-798,-186,32,4,1 # cft deg6 r=4
2278729475,6643498950,17350172450,28653633350,34595871290,30739226110,22009624395,12324534570,6099460504,2302918014,653574908,-51371228,-188631405,-138271512,-61358520,-18502344,-3244682,-126438,111041,48962,9778,1496,182,12,1 # cft deg6 r=4
65781221,368689136,3817699650,-3198308972,-1022271133,1096388456,1282419893,-1857891936,804538149,-32565440,-71644681,5418808,7060118,1910304,-2578246,211730,470452,-258496,72446,-12032,199,486,-86,-2,1 # cft deg6 r=4
1383939920,19827285280,16426152340,17169439920,12711781421,9371853602,8712650401,6015120482,4500099568,2687187550,1496569065,711333594,302351895,115099316,38439024,11837720,3111668,754560,160462,30660,5329,758,99,10,1 # cft deg6 r=4
-5269,-489172,-416826,4312272,4265201,-12273212,-9581761,16763492,1042021,-30670772,-6175491,28400712,16873776,-6268002,-8506656,-2023228,620276,498618,158344,30572,2241,-132,34,12,1 # cft deg6 r=12
810545395055,-2800030518950,5909592806440,-6484462986100,4079304340135,-1752007988230,1303509572025,-611057568930,235762072916,-86137289374,42425286001,-12345292694,4454357054,-1386384954,386157599,-91801098,25005334,-4014118,1038139,-116210,24087,-1772,265,-10,1 # cft deg6 r=0
135269617241,281522072458,-439642886376,-880940239730,2954105704066,-2512550167288,1174897818140,-569173382924,268068319437,77599042114,17136368057,12463525672,-690820629,-329876836,88510321,-91923804,18766878,-4668818,969671,-110506,22390,-1292,243,-6,1 # cft deg6 r=0
-80,-18400,276540,-1735240,6025015,-12701580,16785835,-13391090,3385954,6214168,-7571175,4564510,1432003,-735284,1742520,859520,326609,304776,95809,10886,3530,528,95,6,1 # cft deg6 r=4
516198400,0,131559680,0,-248410736,0,-84425212,0,14894105,0,4675622,0,640047,0,-165184,0,-31355,0,5208,0,43,0,-30,0,1 # cft deg6 r=12
-303469,-1907642,8743578,13429668,-82007158,74157736,73982821,-150816162,36343467,73988252,-50429936,-8116112,17795533,-3147174,-2868396,1130828,228883,-160634,-9707,12558,469,-548,-35,10,1 # cft deg6 r=16
6691,1253768,21921683,-19541012,-43997493,64393886,24045891,-79985062,7799432,51150792,-13363681,-21244572,4765543,5966666,-638651,-1194302,-93912,123396,29213,-3612,-2021,-198,25,10,1 # cft deg6 r=12
75625,0,92750,0,9159025,0,-29148200,0,31258240,0,-12884210,0,1034556,0,-86590,0,120416,0,-10128,0,-591,0,-14,0,1 # cft deg6 r=8
1,0,-82076,0,-27430094,0,247194390,0,185997135,0,-43442826,0,-19448799,0,-2266026,0,-46245,0,22910,0,2366,0,84,0,1 # cft deg6 r=8
366025,0,459800,0,-25521290,0,-41692250,0,-13937649,0,6776532,0,3130961,0,-427308,0,-148571,0,5792,0,1891,0,82,0,1 # cft deg6 r=8
137007025,0,426268280,0,24698324,0,-212944622,0,-30685270,0,13993222,0,2561087,0,-146374,0,-55645,0,-3832,0,143,0,30,0,1 # cft deg6 r=8
-160721,-8974120,108383107,-410652196,654943545,-427665514,58971861,-43919094,160346859,-143328668,78932422,-34624604,5291946,4163680,-1868134,112096,-40355,32836,10071,-5984,-347,394,-15,-10,1 # cft deg6 r=12
20736,0,-711360,0,8556944,0,-37899036,0,8461897,0,10998732,0,-2687318,0,-236356,0,86083,0,-920,0,-718,0,24,0,1 # cft deg6 r=12
-34829975,69162580,-322202291,-242128550,512243535,468201886,-307306743,-404762526,73234633,187562108,7793900,-55392340,-7977563,11241704,1773463,-1531110,-243280,154618,22702,-13536,-402,626,-35,-10,1 # cft deg6 r=12
564001,0,-22084806,0,-61639369,0,-31536468,0,16916835,0,4995978,0,-1109125,0,-165038,0,35070,0,-5322,0,576,0,16,0,1 # cft deg6 r=8
4096,0,647680,0,-4021616,0,9782164,0,-12337463,0,8576912,0,-3279018,0,644564,0,-53457,0,1440,0,-98,0,-36,0,1 # cft deg6 r=8
-175571,6362928,-68449531,291097254,-16857061,-230852810,48930561,-174812226,-177183435,71130884,62820904,-17889848,-16616775,1538508,2564171,-68274,-324600,-21782,29202,5532,-1122,-414,-7,10,1 # cft deg6 r=8
-25307525,302188100,-676205125,-826399100,1367965265,744229890,-1251010585,-344823570,662089669,103455704,-209131036,-11984744,51599307,3219880,-9760647,-2286932,653224,378090,48514,-10122,-4420,-546,7,10,1 # cft deg6 r=12
1097994496,0,-1826840448,0,846599472,0,287997096,0,-317085655,0,35045174,0,11973683,0,-2166684,0,36685,0,8584,0,-433,0,-2,0,1 # cft deg6 r=8
22278400,0,-29824000,0,-64574560,0,-20359700,0,14411321,0,11682532,0,2862412,0,133924,0,-52546,0,-8484,0,-228,0,48,0,1 # cft deg6 r=8
294499921,0,-1252581578,0,52895463,0,693575760,0,136685703,0,-45759738,0,-12599377,0,294114,0,261522,0,17862,0,456,0,40,0,1 # cft deg6 r=8
1771561,0,4070198,0,-8879343,0,-14114930,0,2392554,0,7934310,0,3146481,0,503330,0,24554,0,-7990,0,-463,0,18,0,1 # cft deg6 r=8
19321,0,-1918376,0,14269646,0,-19249998,0,-23890165,0,3046468,0,743385,0,247112,0,-4255,0,-7512,0,-229,0,26,0,1 # cft deg6 r=12
-16733495,14734960,222133985,-465401910,120730451,220445566,-61077147,-20895450,-45540479,21452308,6506188,-1172352,-1587871,674268,246103,-157142,-91592,11106,15786,1912,-1042,-294,5,10,1 # cft deg6 r=8
18524416,0,-50232896,0,20916736,0,15824252,0,-11892695,0,-4631462,0,629005,0,287512,0,-13090,0,-5922,0,216,0,16,0,1 # cft deg6 r=8
6255001,0,-34231828,0,38199910,0,30370546,0,-16786425,0,-13435850,0,-2145267,0,-54950,0,-36525,0,-8714,0,-110,0,32,0,1 # cft deg6 r=8
1,0,-22,0,-1687,0,642,0,23410,0,-806,0,-22343,0,686,0,8690,0,-202,0,-1687,0,62,0,1 # cft deg6 r=8
487482241,0,-3429552482,0,6006156355,0,-4598018666,0,1674071795,0,-219857740,0,-10912822,0,3871940,0,27075,0,-20946,0,-325,0,38,0,1 # cft deg6 r=8
73805281,0,-227054806,0,-84602779,0,51927112,0,13694880,0,-4409302,0,-722720,0,133742,0,-3400,0,-1232,0,361,0,-34,0,1 # cft deg6 r=8
-432413221,98759270,863127692,-734322116,-475949175,942791926,-162902759,-463348454,275597199,69320792,-114426193,20572266,19714281,-9953000,-475054,1524876,-312945,-83474,43976,-2604,-2102,484,-5,-10,1 # cft deg6 r=8
30976,0,715712,0,3838880,0,-523984,0,-12729255,0,14777400,0,-5342832,0,178770,0,9170,0,-4464,0,665,0,22,0,1 # cft deg6 r=4
5616603136,0,5935841536,0,2002129488,0,295705300,0,28017169,0,-9503850,0,-8094571,0,-1939520,0,-165386,0,3370,0,1308,0,64,0,1 # cft deg6 r=4
5991997625,-3402768000,-39314785725,-50834067850,-16793699300,15031788450,15994601560,4431884160,-1459402855,-1663352090,-667713004,-88912844,69957753,52071486,17199408,3719044,792853,172326,27452,6384,2304,482,65,10,1 # cft deg6 r=4
20736,0,1838016,0,-1411325792,0,-2773940320,0,2161041729,0,-354576900,0,-9642326,0,4452480,0,61139,0,-14720,0,58,0,44,0,1 # cft deg6 r=4
43681,0,942900,0,-433086,0,-12369694,0,-9868673,0,11414388,0,9729157,0,2620416,0,344373,0,31020,0,2027,0,66,0,1 # cft deg6 r=4
11279502025,0,7914816200,0,1700543990,0,48657390,0,-33786789,0,-11583148,0,-2483283,0,-312696,0,-39591,0,-3864,0,-153,0,-2,0,1 # cft deg6 r=4
877877641,0,1835946224,0,194149310,0,-154208322,0,-91914985,0,-27790800,0,-5562203,0,-775140,0,-72955,0,-3708,0,95,0,26,0,1 # cft deg6 r=4
297025,0,2926040,0,-4947574,0,-28412682,0,-7477377,0,5009440,0,642257,0,-611844,0,-44643,0,19820,0,2703,0,98,0,1 # cft deg6 r=4
20736,0,7023168,0,31340752,0,-68637340,0,38555729,0,-6177730,0,-409239,0,12720,0,22414,0,4890,0,432,0,28,0,1 # cft deg6 r=4
10668375811,30763521752,52068238257,57384528503,45549089031,25504080180,9924463902,2379928086,560261575,518572101,494880794,264092692,73268650,-2387108,-11040494,-4485842,-712763,111554,75999,13836,-218,-608,-72,6,1 # cft deg6 r=8
-714422211989,-1871866891532,-1390973327373,-236085340186,29186307989,123332077998,77247283664,27775181286,7547721512,1034533252,-436626328,-131313044,-80542356,2995548,3802458,3514354,1395192,393418,119936,20716,5149,552,113,6,1 # cft deg6 r=4
-6419013749,-28488552811,135601274193,-169009504642,67695456387,13518304294,-9958973011,-3769428779,1169866352,434790337,-381895184,-125563007,75660885,89826763,45368749,16086684,4278580,801514,74452,-9700,-4639,-688,-18,8,1 # cft deg6 r=8
3944139292080,-541542133080,4138302942540,2568609356430,10051307085565,19384904029080,20261432736620,17083298608220,13016247954641,8088996471590,3803058557308,1345127992510,367909729473,80824136350,14731124816,2262434040,295014400,33586750,3532251,359660,36398,3610,308,20,1 # cft deg6 r=0
-961369,-16408597,-75304664,-62522789,137512608,156940694,-131816240,-161858469,99701179,99257845,-85914418,-25660073,48270731,-7282963,-11794853,5243670,418999,-763449,201350,-21076,-1302,936,-124,-2,1 # cft deg6 r=8
-771360400,-10456114800,-3490800500,7195125800,5749442905,3282786350,-2379064895,-1828489110,-123599020,1125709430,1343297325,926713530,520692791,236825292,93139524,30436852,8193452,1709628,268634,28856,2369,254,67,10,1 # cft deg6 r=4
3445786271,9351423958,9840902225,5448726709,-718215529,-3652450921,-3255111654,-1624780144,-378779488,55819601,108300602,55693944,21063292,5407520,733436,-114040,-164563,-57247,-17797,-3384,-337,40,24,6,1 # cft deg6 r=8
759471506480,457739355840,1465132018640,1435451848730,1134169305865,954345314750,532158510210,161839532880,16570779156,-21506619272,-15097668848,-4867754076,-961143439,155287978,217472710,65404642,26574789,4137766,1166655,111496,24701,1362,253,6,1 # cft deg6 r=0
30587179781,134508187044,288831578666,425645772340,507298830025,507146959712,429135883062,313894111590,200969763071,111182575888,55051748371,22560137960,8845902242,2595153628,841632095,162186964,47219615,5460210,1484880,102216,24397,1144,217,6,1 # cft deg6 r=0
-962049275,1906529850,-979764750,-390582490,1196198591,-3190326468,4145126189,-1660179716,-771992170,561033862,243724238,-178035970,-15919845,-6233008,12298154,4660112,927280,36950,-59147,-17378,-2695,-136,54,12,1 # cft deg6 r=4
6019388911616,23607020352512,46618006078976,60161564070656,57231169653168,44304942026064,29898327770636,17610637814760,8653570831997,3386828156538,1010000397851,211769782480,24443910043,-798237292,-838540863,-153665056,-15240203,-97496,344049,102236,21580,2930,322,20,1 # cft deg6 r=0
740998400,5449995200,16256619360,26418295900,31503833831,43089287132,61090164804,65877629888,55473311973,37385299282,20602231315,9528565872,3797948492,1286916010,392362978,100699380,24155557,4726002,899405,130892,19588,1958,224,12,1 # cft deg6 r=0
-5778476,-28435616,-37129618,34964550,148499585,120629176,-109895210,-243943410,-80700443,140679496,116907471,-22244928,-45638142,-3104826,8701902,1547712,-923657,-236844,52439,18622,-1110,-748,-22,12,1 # cft deg6 r=16
-1822888861,5545931280,3742314313,-15418667142,2774440156,14520315494,-8562277528,-4469882268,5045885931,-176240630,-1086665658,192569100,147892169,-28557274,-18800323,2193598,1992515,-45752,-134174,-6936,5006,488,-98,-8,1 # cft deg6 r=12
32477489,-38082726,-113748562,-70066674,178319211,274031698,87755221,-76342032,-123121629,-85456120,-26277518,5868346,13254405,9269366,4078226,1257208,237510,11034,-11675,-6318,-1602,-176,30,12,1 # cft deg6 r=12
16828919600,959155200,-9731068800,6526674400,5171009380,-3905579640,-1425189800,1156005660,199243179,-172477078,21380284,9410390,-10509315,3619276,1031180,-731488,117401,38276,-43754,1942,3837,-246,-108,4,1 # cft deg6 r=8
-46121375,1103304875,-1178492050,-1570095450,2470200355,1261897855,-2285234305,-304758225,1061657491,-237894420,-427292195,151484040,131050536,-24726555,-18670690,1856775,1290451,-156485,-89745,11580,5901,-150,-135,0,1 # cft deg6 r=8
-1420,-4580,25166,58198,-8923,77488,398650,-958710,-5686727,-10236472,-10033949,-6803204,-4520518,-3533310,-2555166,-1388064,-497069,-94704,-5893,-2938,-2342,-484,2,12,1 # cft deg6 r=8
81479,363344,-640227,-2762854,3889771,8990024,-11710012,-11098334,17220748,3148092,-11321559,2220144,3753928,-2585582,232674,579160,-339703,50454,12995,-1782,-1716,440,6,-12,1 # cft deg6 r=12
992049541,-3873097074,6149974521,-4740991190,529631609,2415900098,-2359648257,904937504,36171190,-169142584,35511086,29966596,-22019009,5156706,691791,-887224,324740,-60366,9763,-2162,624,-140,16,-4,1 # cft deg6 r=4
376398794761,-175418436094,-140729767919,96622572250,-4366695541,-14525557332,13397002603,-3364031896,-294502350,634806736,-345165864,55642606,16625331,-22640764,12367501,-4624684,1559900,-384766,99633,-17312,3794,-420,86,-4,1 # cft deg6 r=0
2908189100,783124300,-229580390,-972858320,201325259,208306872,132493671,-135031904,-5166825,14096662,6515714,-2554738,-676449,-611558,950694,-439152,152338,-65856,24449,-5322,640,-132,58,-12,1 # cft deg6 r=0
59537599,-105877182,270720923,-333389058,426988842,-226774972,-120336367,221842932,-69425277,-67152526,56744291,16095844,-8765472,2286862,1780000,-510250,7432,99576,-12442,-5532,2017,58,-74,0,1 # cft deg6 r=0
1852940695,649091540,-560516499,-219608786,214071267,-151676128,196292604,-346254162,402867200,-267979528,101904757,-13945596,-9656884,7026222,-1715906,-53096,220769,-74550,4439,3458,-1316,176,30,-12,1 # cft deg6 r=0
238130325136,108899081544,219830064180,179248506342,5601589465,-41166315316,76313933471,60586278840,-697375391,-3169765964,6338565616,3200457044,-68084831,-380138972,-121528288,-20602836,2130322,2320716,644805,137352,21466,2310,256,12,1 # cft deg6 r=0
2927981845,5754659530,11504266369,14570401260,15575380323,11701187222,6927860214,2769689080,814404892,-102086554,-266831435,-220349104,-117130218,-46828450,-13930498,-3131492,-485421,15222,33453,13792,3412,682,108,12,1 # cft deg6 r=4
852810461936,520039033904,641079575960,40854660250,315986411867,84088966380,267767448153,201756021168,191706425846,129861909892,66087006202,27544138224,11282365260,3755269614,959123270,191442114,35868474,5976294,750401,106328,12803,998,168,4,1 # cft deg6 r=0
110518660345,21650871380,-114751621289,24192494822,68977433924,-20873793406,-15344553023,10385177006,326452194,-2810768170,543300992,333505004,-110372947,-2215262,6902984,-2634454,157742,144442,-25510,3354,-205,-258,45,-6,1 # cft deg6 r=4
5291685315671,3014442160032,-1747861392323,-2951457275182,-318695467852,824445408944,389183448904,-134898010430,-89531264095,16221015036,22789526848,5148212526,-843436884,-607579386,-66805806,7493058,2729139,1489232,461728,65096,14304,1224,205,10,1 # cft deg6 r=0
153682494320,-190193167840,66707824364,119770369248,-100181642849,-26457483992,30857983643,4789467668,-3603898612,-1581343212,132504988,281946998,33099912,-21693934,-7388991,-88254,633271,137480,-10231,-9038,-1466,84,57,10,1 # cft deg6 r=0
-2758419,-60546630,-227137654,622121500,907393245,-1461887066,-969066228,1501445438,299066650,-795518126,21871493,247496406,-40220694,-51892574,16663929,5349054,-3194659,89210,223229,-42580,-2648,1546,-114,-8,1 # cft deg6 r=12
1576578816,2963150208,-242579776,-3048776416,1807097712,6250225952,1562219616,-4038882744,-2611499748,1115937400,1748929732,387655226,-388548561,-271236762,-39683068,15888019,5209546,-111966,-148919,9156,6650,203,-130,-6,1 # cft deg6 r=8
-342225,-3176550,3156975,-5453250,11201035,1766180,13685205,10190355,7359321,8553323,1638076,2728447,706686,225784,678859,16251,115087,28396,-40341,4164,6031,57,-144,-2,1 # cft deg6 r=4
23821088000,121672064000,277785840000,378741320480,348232250736,235768470904,128717771616,61784055964,27420292035,11134735186,4058670144,1389329726,467223620,143634924,37607166,9737834,2670525,608076,123614,25086,3970,554,86,4,1 # cft deg6 r=4
36081268155,157149421920,244843933815,162851054850,84373338636,196665396174,343706157018,324922278162,189710068640,74617230416,21504318779,5082176788,1046193998,165517284,16543636,1318254,65534,-42458,-4511,-714,-390,108,32,4,1 # cft deg6 r=4
131231,-846638,459954,7736670,-841676,-66472054,27754482,147519122,-19784980,-105635548,6005714,27811118,-3836159,-326018,1612544,-1300892,-269425,277538,13292,-24676,649,960,-66,-12,1 # cft deg6 r=16
2578021,-3728466,-69339574,101340500,306056014,-1878368,-624591192,-788142714,-402888385,-25962186,75682296,27864854,-10712409,-10497026,-1820094,1113654,628505,66016,-34542,-11168,-396,210,16,4,1 # cft deg6 r=12
702984091,844983102,-1180709644,-4429139200,-2243924146,3370657076,3203857966,-981759300,-1860894512,-9208914,585857172,59203642,-114853995,-12491420,14220982,767150,-1098343,71794,56300,-10438,-1279,468,-20,-8,1 # cft deg6 r=8
918041,-8804242,-93504,81958226,-185737527,118964726,182115425,-409449424,345144758,-76623810,-109995328,122200966,-50288967,1763512,7471874,-3063608,310088,149172,-45545,-5742,3655,64,-106,0,1 # cft deg6 r=8
14206017625,-82126172750,203145706075,-295169808600,293703018680,-220227530660,131018451145,-62196251410,22425510076,-5010762820,-326634099,1017420518,-602193848,221809526,-48762343,1358570,3320592,-1267698,220308,-8062,-4854,1074,-62,-8,1 # cft deg6 r=8
3304145705,-22622218010,-8883405780,-49597470480,34624115161,-36457795736,14929027338,-4755945824,333214,1285275516,-522679496,137351094,24833384,-25042866,2941085,-444592,-398383,302640,16733,-26112,730,912,-69,-10,1 # cft deg6 r=12
-2144509,-7955805,22604549,134248978,136854141,-191011390,-450485424,-221676948,88840974,235667921,375284761,252203252,-72112483,-133861364,-17542978,19512576,5176756,-901027,-362861,13590,11187,46,-166,-2,1 # cft deg6 r=8
-35211184,369014912,-1470372240,3259425888,-4536622452,4259469952,-2709978052,1016844952,34823289,-390108048,343164158,-189158602,72165255,-16107858,-961721,2421250,-947290,128698,43641,-22774,2278,648,-140,0,1 # cft deg6 r=8
177315856,0,-917014608,0,-2509532964,0,-1669990980,0,-431429675,0,-24548358,0,8183649,0,2570812,0,163370,0,-21650,0,-1364,0,32,0,1 # cft deg6 r=8
1754152525,1036601250,-1933284110,1050972160,4020572366,2012254864,-342276308,-679337582,-292042201,-163442738,-129991364,-41633430,17401815,18488622,4601590,-658862,-463351,37896,70358,18444,1572,-130,-20,4,1 # cft deg6 r=4
4949917601,29972766564,99913030285,195404532906,271070078178,275399489022,216268528975,133729916948,64423046253,24793291628,7339754785,1776249172,376913312,73401022,12242360,-237982,-635482,-268152,-40710,-7488,-267,-74,30,4,1 # cft deg6 r=4
2077627561,0,86615200730,0,864939861875,0,112684477392,0,35857087215,0,39807777670,0,6029304979,0,82453870,0,-10872430,0,-252182,0,4620,0,160,0,1 # cft deg6 r=0
37585834555,61503484000,43187353455,93207432130,193416302236,82489840046,-104973206517,-83623245588,22954863943,37045100836,5864886481,-4075455672,-963021272,323613252,65237816,-24270354,-2502746,1370542,26272,-48964,2157,968,-88,-8,1 # cft deg6 r=0
883871218381,-5920870772488,19200520613875,-38925505209832,54412134282391,-55152348009566,41803116612470,-24164370790240,10759919092462,-3681049429840,947352655174,-174837209098,21028258159,-1149345336,-168254643,74763422,-14113446,1709130,-247216,13090,2309,28,124,0,1 # cft deg6 r=0
75034417525,72226413550,50239002825,104757889700,104030404235,70445555570,57231703770,35103461710,14643243966,7370889832,4539104570,1929963560,734783025,610965216,505717927,251883740,79126000,15556380,2260172,206594,17735,870,140,8,1 # cft deg6 r=0
22435666416,-21625250400,46571278176,-20391301440,22338105860,5208834536,-418114688,5385277352,925340215,-223270434,687825973,186773934,-96708989,24681824,45436354,6099446,-4203309,-1170970,110369,69700,3797,-1246,-124,8,1 # cft deg6 r=0
268960000,0,13572336000,0,31800455600,0,29382179160,0,13867311481,0,3820623232,0,660475572,0,74315200,0,5505646,0,265440,0,7988,0,136,0,1 # cft deg6 r=0
6397549,40882928,-53492817,-329962474,341743252,756076814,-1100412725,-220305280,1127552515,-605579888,-92680395,146177146,26001224,-57618106,14419124,3848804,-1997268,-104376,169072,-15222,-5981,1206,4,-16,1 # cft deg6 r=12
-40885355,-57921395,309491135,435615620,-863474155,-1195002370,866512875,1617519390,-63859066,-973518598,-300794847,239198066,144951557,-13561847,-25803323,-2987666,1990506,462542,-62055,-23026,61,158,-49,0,1 # cft deg6 r=8
-2336215445,4023572100,3886673709,1580337238,2259701326,-920087078,-723041019,319898848,161377841,-86542658,-66474342,55700034,-17735644,3210282,82389,-418076,185387,-34878,7299,-992,-1186,392,4,-12,1 # cft deg6 r=4
13664061031,48929262892,-67770481549,16802619176,81302963834,-155761140478,169177037801,-132402874940,81125807103,-40234002214,16338531358,-5438764986,1464001815,-307490554,46666561,-3707058,-328287,186428,-43175,7842,-522,-104,8,-4,1 # cft deg6 r=4
10439438080,39211433600,57091456000,36137155360,2797542160,-6386528440,4859680960,14595889590,14185841161,8394217236,3410895875,1047390176,298576570,101930050,39563912,13309294,3182802,498012,56823,7608,1498,230,14,4,1 # cft deg6 r=4
-2011453479,8822087568,-15351827598,1126833336,20078297843,-7066490842,-6677860121,-549977036,341788965,1687631080,271624103,-310196956,-53884602,22497776,2983658,-221150,189545,-84964,-39951,6332,2663,-186,-83,2,1 # cft deg6 r=8
-23045692301,26262905795,37914476434,-48684418821,10151405296,3505501532,-35980587,2032267440,-3313491613,1126118956,119330610,-86061619,17861841,-32897170,14986191,2212588,-2719521,303957,148318,-33694,-2279,1082,-22,-14,1 # cft deg6 r=4
-108908719,231255068,-120003116,67027598,30901060,-54348356,-6632391,38851900,-2548100,-11294798,17021620,5664800,-8287793,762200,3736690,429426,-634815,-155260,46871,22132,515,-934,-124,4,1 # cft deg6 r=4
34810000,0,-77414000,0,-200782100,0,-1786466900,0,-606232475,0,-35693950,0,378835,0,4177340,0,359565,0,-23820,0,-809,0,38,0,1 # cft deg6 r=4
323023527625,-268808392000,55162705225,-40707436800,38468197950,-7316203950,432871950,-2841484850,1126961675,249432200,-127520360,-23028730,2421215,6930610,-1929580,345290,-190195,14840,30879,-10474,233,428,-58,-4,1 # cft deg6 r=8
-215963531,278691966,2842073890,-9420735124,8185089124,4706450392,-9918290585,474725482,5151740506,-1008342706,-1648693773,384031761,383296573,-64916395,-62494140,3448355,5941269,130089,-309739,-17801,8967,567,-141,-6,1 # cft deg6 r=8
41847451,-198746781,580046098,-1058775892,1127803513,-708372538,11065891,388402905,-54807463,-98711915,-115422612,47030173,46331680,-2626349,-4570458,-2433365,-141593,226040,-24791,-10074,2703,201,-68,2,1 # cft deg6 r=4
10407876361,0,-62904404736,0,-53415924916,0,-5395935270,0,2053129770,0,344303326,0,-7936841,0,-3534846,0,-120825,0,5800,0,479,0,26,0,1 # cft deg6 r=8
10330608725,-60986235950,72998543875,106804917000,-115281430625,-58521778350,70136115175,32462484100,481498180,2905256030,1530205720,161048290,112405985,32442360,3670275,2337560,492554,29800,20831,5918,-108,126,36,-4,1 # cft deg6 r=4
-610811056,740179648,8762835648,20963276864,28562638828,26342590896,16982842872,7423951168,1327036497,-668398116,-704703601,-230628756,-20033282,28288318,13873572,1088220,-731061,-453770,-19914,33526,2800,-964,-89,10,1 # cft deg6 r=4
3685097025,0,12515868000,0,9296211800,0,3697777650,0,933818610,0,152827350,0,12890355,0,-76290,0,-192609,0,-22356,0,-789,0,14,0,1 # cft deg6 r=4
-40666595,-14221560,-295677209,302322974,-553718612,729882950,-796035969,610900304,-437723561,256880712,-81438719,-34153366,58979604,-38349570,14961144,-3229556,-190204,479232,-223976,62954,-11409,1070,28,-16,1 # cft deg6 r=4
-371163067136,-218053008384,231408871040,-636812504064,553268942064,-506562859008,326394285040,-198970450928,98218187261,-43927329516,16404932062,-5302246784,1373922903,-259752600,19070440,10299680,-5499511,1695704,-349524,53284,-4093,-168,114,-16,1 # cft deg6 r=4
105247081,0,6581442980,0,11042691328,0,8597197486,0,2877550558,0,167237894,0,-86170625,0,-19235854,0,-1679377,0,-63636,0,-237,0,50,0,1 # cft deg6 r=4
3271025025,-428830200,140594668560,-346246387560,290065685284,-147895742852,84113122106,-28137291958,14011792876,-3526017024,1765079178,-320496954,176773667,-31178694,13392145,-1024664,494542,9664,22952,-1454,869,98,11,-2,1 # cft deg6 r=0
6794772480,-27556577280,68266491904,-120206655488,164726702080,-180967374848,162909077504,-121320185856,75192631552,-38702895744,16421611712,-5667182528,1569138672,-348673288,67899812,-15089468,4368667,-1200572,247850,-34388,3620,-302,43,-10,1 # cft deg6 r=0
31075362855,234747118710,850330911240,1714805934330,2184194557025,1967133519290,1330486258330,676221883260,260590924321,79808364486,19879966466,3885840102,578973945,40027716,-8629118,-4071376,-1118208,-189856,-34630,-4242,-246,36,38,4,1 # cft deg6 r=0
15272856071,-29754603296,36141102034,132645120228,87748985305,26174482246,34564248887,8854915346,-7547515625,1862548732,863050179,-1459203102,241475213,245821864,-69377932,-13354178,4697705,481454,-66710,-66626,11362,536,-167,-2,1 # cft deg6 r=0
-2405482839,103051764,6988912722,-50503122,-7958054032,81764564,4942837565,53766672,-1896069823,-154070300,485407152,95210536,-88109408,-25396904,7692747,2049340,1314462,-24448,-63490,-25666,-2217,348,87,14,1 # cft deg6 r=4
5980457216,-10488403072,9949843136,-3490471296,-4342132912,-634708016,8315704168,-3970651708,-2568952987,2162726496,324769082,-597117132,12873792,101553154,-10986212,-10867888,1777168,681936,-135898,-24642,5523,482,-116,-4,1 # cft deg6 r=0
6605056,13741312,-28203136,114259008,243861712,604653360,80497088,-1008194184,268451539,1087706894,362807521,-129661710,-148498800,-57165388,-3400179,4592676,2389828,618566,89461,6200,552,108,86,8,1 # cft deg6 r=4
330725019931,-47118576929,289370211976,164851697193,201009846971,125618902361,81760993790,40143185032,19485142983,7223902869,2893180600,776912182,277860014,47640080,17629578,1405182,770312,25003,24771,2206,351,70,0,-2,1 # cft deg6 r=0
-34987078576,-100184423872,-195238662828,-257463544360,-185090294799,-110399180398,11192070270,53928806238,60899992724,43206362522,21421381482,9213041658,2865886439,761121476,137017794,12099390,-2090503,-1444346,-330177,-56372,-4483,166,105,18,1 # cft deg6 r=8
570971025,0,-1735952310,0,1587183401,0,-866376610,0,205601090,0,-3097710,0,-5599655,0,422402,0,110690,0,-23410,0,1865,0,-70,0,1 # cft deg6 r=8
301401,0,-6580413,0,48001608,0,-145439394,0,160476598,0,438974,0,-28192723,0,-4634934,0,142313,0,63449,0,1528,0,-37,0,1 # cft deg6 r=12
-22846079201,-59969271587,11424570831,113820818585,130620155295,114238470336,67168802888,7689056700,-14762029687,-9161974949,-1634217176,589329802,406408254,76824042,-11014828,-8699912,-1561056,128580,101729,14078,-1154,-606,-42,6,1 # cft deg6 r=12
62817019,-1314218981,3200649314,-1011080953,-17917945479,-7777485377,13408893511,8396380637,-3248618694,-3385059877,-177451150,624481293,205224461,-29556602,-32094654,-5889114,1090604,683853,107784,-5090,-4575,-632,0,10,1 # cft deg6 r=8
-919975,-11155200,91910750,-308531650,654422535,-963438480,1072906155,-993724140,833677561,-664176988,443212571,-230749332,129248186,-89133604,48658064,-15148436,802972,1049814,-243116,-20364,9831,28,-164,2,1 # cft deg6 r=12
364879443511,777055647280,362354934371,-363171532914,-370231363798,57193889264,150103950725,7382627684,-35638680536,-5130032082,5501341727,1030314100,-640848308,-132773628,61754794,15023480,-4107865,-1337180,118820,69310,1743,-1590,-142,8,1 # cft deg6 r=12
-49630210309,-337950498,144503552645,-19899320814,-104939366130,39766892266,22108063613,-14733661372,1164108345,1013757128,-517928266,167005890,-2739364,-19791548,5116891,298056,-303217,29798,1555,228,578,-282,26,-4,1 # cft deg6 r=8
250595731,287046338,-1363142146,-2661469258,-15440349,681829488,-1561946501,-2032529328,-895067409,190086278,636085659,529853032,277172636,108003838,30507144,6135172,741456,-86442,-55496,-16428,-2459,-132,34,12,1 # cft deg6 r=8
-7807773974869,-6157595837623,5479959087310,6657826841514,-223895121853,-2527982692908,-533616498513,556327756407,233039803519,-61374813095,-46963005954,1486791339,5460405068,386749173,-403398734,-48004505,19996697,2624318,-678311,-76646,15169,1117,-194,-6,1 # cft deg6 r=8
1608533789931,-216766723968,-389435737570,561316930179,41162373812,-171679847698,18182077067,39347907282,-4721539296,-10303755365,-406243394,1910844184,328130528,-197827302,-67704344,7777815,6378242,156088,-320271,-21916,9134,627,-144,-6,1 # cft deg6 r=8
-455461549,-6338393495,-11943559616,-9294966317,-3056479528,1636179808,3989910595,2770027907,-164560336,-1177653029,-342509782,208783100,106005537,-21880861,-15997864,1770665,1365700,-107580,-61270,355,1743,285,-63,-6,1 # cft deg6 r=8
20736,0,-4866048,0,-9257504,0,-3991200,0,-2712735,0,-2252618,0,189979,0,-204908,0,-45195,0,17060,0,2351,0,122,0,1 # cft deg6 r=4
-394218000,1354386000,-424672000,-1255030000,62033300,311557500,7849800,-4309300,18861155,-16888645,-6735875,3272875,580050,167740,91560,-164460,-24769,30764,2394,-3252,-66,216,-9,-8,1 # cft deg6 r=4
-27160688839,45697636112,370420478,-85616997203,130458883374,-103180281988,47101885196,-13927592846,5422665643,-1610334793,-688561458,308987482,147080483,-50238305,51129,-10302789,3890927,733373,-355173,-15206,12218,88,-183,0,1 # cft deg6 r=4
29138599391,167397787590,262826987126,265328438866,203340533137,115467147854,44865395955,5529073274,-3640051021,-736424242,703961677,147097460,-184287658,-86901128,-1630146,4377360,-233220,-193350,100150,36900,443,-1060,-92,8,1 # cft deg6 r=8
183282595541,344361726542,257986570256,84449489428,7260228181,-4070426186,-7323984142,-7359106600,-3487530951,-831040906,-137076325,-26739912,5309866,5231426,1356380,557192,190189,21680,9007,3192,-139,116,24,-4,1 # cft deg6 r=4
1513591,-16062375,15738639,63687079,-139370140,41059352,454628516,-1435741796,2033738883,-1947520511,1370645848,-731281528,303943334,-101658548,31043028,-10878936,4338533,-1501666,347871,-34378,-4430,1504,-86,-10,1 # cft deg6 r=4
278990921,1353439086,4056887782,8164869576,12460169955,14586743574,13579214767,9843408236,5529249125,2188248636,543904337,6267382,-50061538,-32153908,-10517218,-2061584,69246,217080,71696,8622,-2187,-770,-24,12,1 # cft deg6 r=4
-3884278000,-69007316000,44081228000,-52455560800,-45804182500,86368179800,-42547355280,11778547220,-8639833499,5283355346,-419624401,-838358400,243551833,59084892,-32290337,-1367682,2290302,-51824,-109113,5740,3605,-236,-80,4,1 # cft deg6 r=4
26265625,0,-70059375,0,-79451375,0,42972625,0,-58779975,0,91008700,0,-40704000,0,6212475,0,-359015,0,-3835,0,1515,0,-70,0,1 # cft deg6 r=4
4734128025,0,11235316050,0,8653357715,0,3107227680,0,1364042671,0,515084294,0,120664667,0,17641062,0,1672210,0,103978,0,4132,0,96,0,1 # cft deg6 r=0
1765082463525,-4996636001550,5798941373700,-3080285658300,253089222865,507337162770,-168587567140,-52594211490,36239729996,501749088,-4109143016,487984508,300896038,-76767152,-9704874,5252454,-38412,-201382,4764,6024,683,-254,-34,4,1 # cft deg6 r=0
655291232000,611863280000,1031482352000,-2159822796000,391186191600,1195211896600,531704185800,23788370150,-75316009245,-54484051960,-4585345285,6277195250,1975422805,-125045800,-74673165,-8944090,-3958564,-109044,88077,11628,8065,252,172,4,1 # cft deg6 r=0
41780926601,188453835064,572285488200,1104501470676,1671658325976,1950408109926,1923392928737,1570170343816,1082221000188,611388928110,275263684864,101871688684,31740732268,8046492348,1645179811,297693370,50160638,7041422,894938,122918,12426,1062,155,2,1 # cft deg6 r=0
6418323409721,-20381010161612,31571328593899,-31385379248444,22180716764253,-11724631700166,4891507050705,-1730141031434,522749435013,-113942456942,13060602744,-1140104156,473347531,-56241730,60754741,-43800024,8685310,-1310896,494037,-17398,12330,108,180,4,1 # cft deg6 r=0
29080638,-36486246,-24035305,41781239,13169814,-25891396,-5164121,9347885,2283885,-2213751,-712533,314199,177670,-39413,-22055,14734,8046,-1715,-692,408,182,-18,-8,2,1 # cft deg6 r=0
47996,320416,1038192,2021100,2465143,1639126,88760,-706876,-155090,612606,484865,-160470,-350258,-54328,124638,54060,-19641,-15690,485,2198,249,-146,-28,4,1 # cft deg6 r=0
12532,15964,152205,-338770,946291,-1643542,2462256,-2944706,2976047,-2501438,1822936,-1116890,598413,-266124,108580,-32814,10142,-950,424,382,47,56,12,2,1 # cft deg6 r=0
518400,-442800,673395,14880,-92954,166457,137061,-290989,39126,119368,-116832,-55773,95467,12618,-34975,12158,20473,-1483,-4876,-186,612,40,-38,-2,1 # cft deg6 r=0
361,0,23294,0,191773,0,440770,0,487490,0,341894,0,150053,0,31886,0,9170,0,810,0,173,0,6,0,1 # cft deg6 r=0
637064,1824926,3501401,6307526,7635718,3890929,-2257592,-4765128,-2722260,25851,1062444,789992,266184,-12564,-61880,-32302,-7391,1040,1904,970,429,126,38,6,1 # cft deg6 r=0
36100,0,101460,23560,84441,79714,86503,65403,89012,39984,28835,44187,23820,-7541,4380,10620,-694,-3448,513,990,23,-115,-11,6,1 # cft deg6 r=0
-603899,-1343398,-613175,1702368,3540775,1010403,-3518329,-3170708,1268100,2707779,25526,-1289054,-253671,449889,112836,-122064,-22390,23808,1807,-3050,84,221,-25,-6,1 # cft deg6 r=8
1352,13200,1220,-80364,99339,132252,-417350,131094,558386,-553382,-200492,541580,-150464,-204672,148698,12630,-45977,11502,5443,-3218,137,242,-44,-4,1 # cft deg6 r=8
-8749,-83758,7544,194312,27944,-264792,774444,8168544,16475111,9616446,-5956518,-9029844,-1148784,2906122,1231821,-351564,-318660,-19258,32222,7142,-1057,-480,-15,10,1 # cft deg6 r=8
33846,256896,1111783,3419540,8260476,16214512,26346785,35759720,41011269,40190268,34098153,25297540,16536544,9548654,4873004,2187204,861898,295200,87748,22192,4791,836,122,12,1 # cft deg6 r=0
173056,-605184,1545984,-2295168,2961024,-2289184,1977264,-964360,843744,-274664,326169,-98402,133078,-24024,36912,6550,10452,3728,2493,816,375,88,28,4,1 # cft deg6 r=0
100,-300,-3720,-3020,44569,178307,329178,369156,266629,89015,-89522,-224740,-273964,-213155,-91898,4322,37892,29221,11905,2213,-251,-213,-28,4,1 # cft deg6 r=8
-34200,-148200,-76900,4360,80293,301333,-154766,-474599,34035,609920,102939,-671424,88734,359183,-133652,-74433,43967,5615,-6335,206,466,-61,-15,6,1 # cft deg6 r=4
100,0,1520,0,-3931,0,-10449,0,4606,0,7824,0,-3803,0,549,0,121,0,-215,0,-11,0,-3,0,1 # cft deg6 r=8
400,5200,24200,55440,63361,16223,-46462,-46491,5530,51675,23656,-12481,-21142,2393,11216,5514,-1635,-1921,-511,184,180,7,-22,-2,1 # cft deg6 r=4
1332900,81000,-1033040,-766020,59169,-747362,-167175,1437411,324097,-943511,-6086,628470,72935,-254276,-76295,50823,25996,-4171,-4368,-92,422,37,-26,-2,1 # cft deg6 r=0
130356,277546,1017709,-523820,3039534,-5807984,5904638,-5619383,2383321,378775,-370481,290373,-148862,63543,-5121,2992,-884,-1376,730,-162,77,-36,10,-4,1 # cft deg6 r=0
1024,0,21455,0,166787,0,1508123,0,3259379,0,2390765,0,724304,0,158696,0,30211,0,3998,0,395,0,30,0,1 # cft deg6 r=0
292032,658944,1629156,2482272,3386717,3143047,2496344,2178466,2744653,4394357,6309218,6957999,4934729,1594324,-181139,-215048,2939,5738,-9430,-1241,1136,166,-45,-4,1 # cft deg6 r=0
9,333,3033,-10626,382,7786,8474,-519,-12889,-4692,10847,7547,-3926,-2068,1767,1001,285,543,301,76,90,9,-17,-2,1 # cft deg6 r=4
4733,44810,223279,663338,1070302,245080,-1929404,-2409622,228982,2122966,950603,-557110,-576603,-95176,113679,88800,2438,-22008,-4162,2704,633,-168,-42,4,1 # cft deg6 r=8
-118739,29124,268953,-13702,-463083,61472,549541,-256674,-155346,-83714,285584,-75486,-56507,-29288,65175,-13260,-11537,1130,4563,-1750,-191,208,-21,-6,1 # cft deg6 r=8
9,-27,9,-78,205,-21,-104,267,-589,730,-245,-534,-199,-1151,618,773,962,845,200,35,49,-7,-13,0,1 # cft deg6 r=4
9536,38016,147380,281624,435253,438698,445068,448729,1086107,609662,-355426,177409,778769,-894249,434815,-26822,-87998,41501,506,-4877,843,186,-54,-2,1 # cft deg6 r=0
1920763,-10255520,29588258,-39875020,6926261,64442851,-88931715,-2565358,99381215,-38233069,-42151033,16984764,13476454,-4405722,-3060384,817897,464539,-99382,-47743,6609,3169,-125,-93,0,1 # cft deg6 r=0
14884,0,280072,0,-566587,0,382587,0,-53072,0,-104645,0,94853,0,-43567,0,12897,0,-2574,0,339,0,-27,0,1 # cft deg6 r=4
971,-5120,9676,568,-49157,143605,-236435,236633,-122159,11858,-19017,80406,-68107,-8316,48639,-27898,-1141,7791,-2699,-501,477,-18,-34,2,1 # cft deg6 r=4
2729,-5807,-52746,866,52798,-197455,46183,721274,172654,-895774,-427119,581725,358703,-237781,-162932,68463,43666,-13729,-7094,1763,696,-128,-39,4,1 # cft deg6 r=12
-179,1058,20298,86401,159162,256280,261180,146722,47538,-34051,-20090,63238,63668,4737,-30618,-24649,-6695,2949,3095,684,-379,-219,-21,6,1 # cft deg6 r=4
1494,23148,137735,391260,687234,-873918,-1776286,-51879,4064557,8681516,10832167,9694987,6737501,3778693,1748851,669510,208898,51737,9984,1796,504,190,56,10,1 # cft deg6 r=0
60258131,-139548865,205873067,-325265509,441708551,-457098692,391485329,-293934720,182359229,-83519672,24693952,-3356350,-457153,429866,-285700,162490,-45447,-3439,6058,-1164,-246,120,-2,-6,1 # cft deg6 r=0
36,0,-36,0,-2495,0,7588,0,-3998,0,-1703,0,2461,0,-1259,0,443,0,-135,0,45,0,-11,0,1 # cft deg6 r=8
-1583,-16236,-49975,25819,344467,303266,-529089,-1081866,-527431,816287,1186511,26232,-687120,-238631,176499,106376,-19802,-23372,-472,2829,376,-174,-35,4,1 # cft deg6 r=8
-1647,-4653,27879,9915,-75236,-45819,95147,100146,-51550,-103809,403,63310,16093,-25236,-11142,6811,4232,-1227,-1045,137,172,-7,-18,0,1 # cft deg6 r=8
-51165,89865,-12021,-61983,272740,-161636,-471718,456945,412818,-540174,-159985,347648,-8760,-115044,29123,13245,-8758,2045,525,-661,174,64,-26,-2,1 # cft deg6 r=4
27697,186568,261366,-248168,-497561,551960,758997,-932550,-899353,1017808,699845,-793770,-372967,414190,129548,-141634,-23662,31366,173,-3576,287,212,-27,-6,1 # cft deg6 r=8
-9747,55233,-4503,-137655,-39527,-102121,55165,140951,-86736,-16151,-19904,-2826,76928,-17245,-49113,14281,16173,-4723,-3338,799,443,-65,-33,2,1 # cft deg6 r=8
-5,140,-1662,10146,-39724,109288,-222512,346412,-409777,351301,-180207,-16324,132165,-131390,64469,-4409,-14588,7839,-451,-1015,308,41,-29,0,1 # cft deg6 r=4
-4583648,-317728,15160760,-21271912,30866137,-36147200,36039283,-26407800,20425725,-12947732,8064048,-4429916,2347215,-1154776,491525,-213952,78978,-26812,9163,-2470,663,-172,29,-6,1 # cft deg6 r=4
-148415,-669210,-240062,411404,634639,-16006,383234,30062,303879,-59822,140701,-3318,12710,21682,396,-988,5464,-4592,3213,-1540,500,-170,35,-6,1 # cft deg6 r=4
36,0,-900,0,6097,0,-9736,0,30062,0,4686,0,-19019,0,8132,0,-1639,0,294,0,-34,0,-9,0,1 # cft deg6 r=8
-1320713,1568997,-14896753,20179872,23399470,-36299476,-19733124,31712888,11450659,-18159589,-4665705,7354618,1340832,-2133158,-278832,440582,45226,-63154,-6129,5939,661,-321,-46,6,1 # cft deg6 r=8
-76005,-69210,40911,335880,535949,946859,859938,818879,788056,386614,512337,65426,176136,-90097,-14440,24988,-10670,3354,1826,-1273,81,106,-24,-2,1 # cft deg6 r=4
-1824451,-930286,-9688913,-23113172,-16369966,-128166,10225833,16262270,11863162,2360114,-2770023,-2630822,-530339,419824,260028,16494,-44163,-15818,3670,2712,26,-212,-25,6,1 # cft deg6 r=8
41585,-43640,170623,-68279,192637,67862,65390,106269,68814,-32305,54018,-30495,-39149,11940,-12651,-3016,10128,390,-2627,232,410,-47,-33,2,1 # cft deg6 r=4
-1437728,23584,-2100024,6030024,-4610337,6090358,-597052,-1899602,2646382,-960334,1096465,225918,676387,495666,364922,207134,84190,28858,7562,2290,592,172,31,6,1 # cft deg6 r=4
-41105,10090,-21452,314826,-603634,-430478,-1207717,1950770,1303302,866014,216638,-706068,-174739,-194116,33983,30230,25125,12422,3237,1270,164,72,14,4,1 # cft deg6 r=4
35322146,76112178,151338381,187119985,204504688,176888051,141103388,97052097,63243563,36341399,19711957,9328221,4144920,1566375,560353,161232,47022,10298,3085,688,282,82,28,6,1 # cft deg6 r=0
284343,59461,4071077,3040759,320641,-2143163,601387,729301,4066766,4243608,3537243,2532653,1483973,682271,369399,112120,53586,11673,4554,646,244,38,2,6,1 # cft deg6 r=0
560971,-3487982,4064476,4081787,-2471844,17794101,48209415,61432491,53587784,34106647,16516146,5908757,1384665,68841,-111947,-67030,-26179,-8900,-2257,-30,358,210,66,12,1 # cft deg6 r=0
25073,59834,-301449,-278672,1164323,509704,-2254670,-424131,2576691,79002,-1878275,150691,910689,-146917,-301249,64154,69051,-15127,-10850,1804,1042,-100,-52,2,1 # cft deg6 r=12
2786909,3828531,-10194238,11934277,-5989112,-8402793,11108516,-1753747,-5486687,6027944,-601902,-3292465,1508690,770229,-596947,-69386,119490,-3889,-14054,1438,1010,-124,-44,4,1 # cft deg6 r=4
-40553,285626,-418135,-96629,476217,378625,-622470,-1021971,1211780,996320,-1299277,-485252,790640,101667,-280934,-1527,62178,-3470,-8850,707,799,-61,-42,2,1 # cft deg6 r=4
498149,2375301,4606305,3096809,-4083357,-10264126,-6530682,4010530,8724306,3640676,-2555720,-3112008,-537949,762550,419506,-39826,-89921,-14621,8903,3116,-311,-252,-12,8,1 # cft deg6 r=4
839106,1140762,1546529,-8174071,11541703,-12167383,9829248,-6090029,3366429,-823894,473361,100599,25517,78433,1357,16996,1917,2441,771,176,139,14,16,0,1 # cft deg6 r=0
10000,0,371927,0,1038015,0,-665645,0,-23613,0,193645,0,-53148,0,-480,0,-677,0,494,0,87,0,10,0,1 # cft deg6 r=0
42270336,-105728328,91147599,-25871805,2556495,-10728684,14835867,-7778225,4811606,-1845445,320264,-451477,289207,-141347,68021,-14516,1714,121,-803,280,-125,64,2,-6,1 # cft deg6 r=0
1492952,-18459168,4938876,56041324,34598477,-57409892,-87737777,-29441856,20227168,21784436,6692673,-826726,-1104291,-162644,35463,-38702,-37783,-5240,4465,1868,28,-132,-23,2,1 # cft deg6 r=8
5576,-50336,241372,-764244,1646595,-2373160,2061446,-575765,-817247,740324,430091,-1041539,474452,266036,-334109,41041,76035,-24377,-8629,3792,602,-273,-31,8,1 # cft deg6 r=8
28088,-38448,-521812,-421044,6536457,-8871382,2094099,-225063,340405,2855044,-915031,-899539,-149715,-63471,191729,125617,-54300,-29037,2344,4667,246,-378,-24,10,1 # cft deg6 r=8
3872208,-6005632,2400144,3026392,-1283153,-3116436,3590581,-69532,-1292467,89210,767110,-188760,-179879,40884,63815,-4660,-8789,-1840,2447,490,-18,-22,27,10,1 # cft deg6 r=0
215091208,124871104,-210436100,-98930412,146703531,53637936,-57249374,-5680498,24640550,-1603886,-8713864,543768,2316807,39480,-392799,-31130,46889,5758,-3376,-388,264,8,-12,0,1 # cft deg6 r=0
-8932409,-7709327,13884111,23680116,9454565,-12865754,-15572187,-2423505,2880684,1067350,-226068,345512,635707,18278,-175834,-1032,19071,-11531,-3670,2119,537,-146,-36,4,1 # cft deg6 r=8
7184340,6320532,-23346140,-16603532,31395031,18681045,-25104003,-12720158,14296640,5430660,-5823858,-1517559,1712728,314276,-362701,-50237,57618,6889,-6702,-705,556,46,-30,-2,1 # cft deg6 r=4
8684,-69276,797444,-438648,-1671075,1069313,-1181031,160365,1675225,-209148,571,13367,-613067,-120030,301257,97791,-58411,-27981,4065,3586,71,-229,-25,6,1 # cft deg6 r=8
169,0,2837,0,14433,0,21531,0,7597,0,-9703,0,-3260,0,373,0,390,0,176,0,-24,0,-12,0,1 # cft deg6 r=4
18846,-192846,842069,-1638159,1161244,476981,-742840,-906933,1771069,-801047,-152511,174373,61944,-83399,23325,2626,-1534,-728,681,132,8,20,16,0,1 # cft deg6 r=0
13,-2808,-18739,-181535,-441526,-472526,-271093,-105124,19654,226894,379745,310637,116334,-23275,-56049,-32854,-6512,3672,2931,526,-234,-117,-5,6,1 # cft deg6 r=4
-659,-4428,1357,80172,231203,131164,-459112,-765164,50675,898178,433254,-378910,-367005,3806,130270,48720,-21973,-17340,1112,2756,175,-210,-27,6,1 # cft deg6 r=12
25,395,-3181,1931,-7252,5450,-3337,7848,-4010,4286,-3118,-6641,2779,4882,300,-4125,471,1571,-391,-353,136,38,-18,-2,1 # cft deg6 r=4
-6863,22908,60339,125396,134427,127042,172390,250768,271240,183182,109903,150644,171614,89870,18370,19948,32516,18868,1407,-3534,-1817,-334,5,10,1 # cft deg6 r=4
1431096,-7148244,10316407,1082298,2475134,1005119,5815353,1023455,1476544,1828915,883352,-84027,129621,144775,47297,2102,7899,4277,1188,200,168,42,10,2,1 # cft deg6 r=0
25273376,70934060,98555331,81357887,29108441,-10246800,-11917614,1230993,7032017,5721210,3169294,1450317,599822,258981,113607,42940,12986,1940,-906,-590,-35,88,44,10,1 # cft deg6 r=0
4015332,5231304,4876767,14397264,23478174,22417803,20439867,18965657,16143470,11286057,6898650,3752859,1922731,926831,428527,182832,71243,25315,8422,2648,760,192,42,8,1 # cft deg6 r=0
3003289,0,8217640,0,-2613406,0,-1134952,0,201821,0,59779,0,35942,0,6138,0,570,0,211,0,60,0,4,0,1 # cft deg6 r=0
74792428,-14135156,179233425,-602967413,-19513516,895483461,-223358540,-644027947,248405471,273710951,-133465381,-73284923,43463410,12187071,-8982087,-1233796,1235370,47830,-105359,2460,4978,-238,-112,4,1 # cft deg6 r=0
86312,473010,736841,-711752,-3371911,-2729024,3294988,7160333,3845082,-1317759,-1398646,18257,231021,110503,-32491,-60128,9174,13728,-2712,-1552,453,98,-32,-2,1 # cft deg6 r=0
10602783,63598380,193983782,370254439,480169720,429610352,251550196,75656222,-6617148,-7778843,12041485,18421640,12645541,5459150,1515150,203342,-36642,-30442,-10208,-2410,-391,0,26,8,1 # cft deg6 r=0
8993639,-37746264,63920085,-48782916,6760407,16026288,-6461784,-4305519,2470821,1562916,-429403,-446929,115569,174137,35481,-15258,-5227,941,-378,-818,-248,36,40,10,1 # cft deg6 r=0
3271,13155,73572,-197284,-198348,-41280,132731,632963,433240,-327600,-441917,-92770,96132,90704,28836,-13055,-15168,-2921,2051,1019,-28,-106,-15,4,1 # cft deg6 r=8
4,22,23,-169,-472,460,3204,-922,-17009,-15653,29694,67020,30383,-41182,-73057,-55943,-21575,-151,4011,2125,316,-147,-45,2,1 # cft deg6 r=12
264196,-33410,169719,305515,95731,-100259,4657,56247,-157979,-292383,-70442,95609,-30314,-88727,21968,61621,11261,-13006,-4484,1260,645,-45,-41,0,1 # cft deg6 r=4
27372,285444,1572211,4437764,9026555,6821342,2206702,-12442120,5070666,-723665,247563,1547950,-73749,-127436,-44846,-36560,6185,12933,6477,2778,941,212,46,10,1 # cft deg6 r=0
114761,509691,1539565,3221597,5294431,6891564,7326555,6408736,4732208,3107153,1990093,1312692,811209,368768,60178,-60053,-49065,-10434,4631,2747,76,-211,-26,6,1 # cft deg6 r=0
4626801,0,13319267,0,9255214,0,2183985,0,1833702,0,275098,0,-1703,0,1238,0,-4819,0,77,0,14,0,4,0,1 # cft deg6 r=0
5625,-103815,607749,-1857492,3510070,-4325025,3295525,-999723,-767809,923577,-119689,-391889,251084,57159,-143321,62592,7053,-17387,6135,128,-691,172,4,-8,1 # cft deg6 r=8
16411,79374,94076,-149772,-472944,-257942,457770,707204,115366,-451514,-317262,93966,184070,24040,-59413,-23416,11141,7706,-979,-1398,32,150,-6,-8,1 # cft deg6 r=8
-292889,-360098,1737383,491628,-5411520,1036906,7586690,-2641734,-6408405,2460112,3715226,-1264250,-1563171,379986,479468,-58484,-103947,-306,14634,1772,-1101,-264,22,12,1 # cft deg6 r=8
37216,168856,567791,1142453,1966388,2511513,2829432,2470859,1967955,1199248,747487,356857,242079,121793,90911,37620,20836,4165,1753,-234,71,-40,14,0,1 # cft deg6 r=0
36864,-147456,310464,-467520,595585,-606901,487825,-353168,250813,-176895,145643,-125794,85399,-29252,-1133,4111,2994,-4551,1920,9,-309,91,9,-8,1 # cft deg6 r=0
13801761,74635590,178358200,231025149,161692360,39463947,-30830523,-35683814,-17220432,-3707141,1011557,1232586,567849,135228,46768,28408,28628,13897,5543,1636,527,164,50,10,1 # cft deg6 r=0
1633284,0,-4944369,0,8194054,0,-3605703,0,1225367,0,-169541,0,11388,0,-12030,0,4662,0,-772,0,57,0,-6,0,1 # cft deg6 r=0
27369711,95771934,114341550,47171121,-10389832,-14877941,17834369,42248634,25128352,-1486655,-596157,6920896,5357945,1153008,-327530,-163460,20694,19025,4503,-118,-513,-94,-2,2,1 # cft deg6 r=0
116630289,317206350,470992953,490772958,364512007,193575618,96132611,63269818,37551358,14252314,7825064,6925532,2462680,-908586,-757773,76274,137772,270,-14954,-800,1087,70,-47,-2,1 # cft deg6 r=0
68224,-1600,106080,657056,882904,-398480,529338,1140361,-1837771,-1996323,2091364,1475247,-1397724,-555889,625304,57440,-152298,11902,21596,-5331,-836,403,-10,-10,1 # cft deg6 r=0
-8469,117675,-298241,-43189,604465,-187551,-240557,290218,-288428,-14904,354192,-186208,-34885,73962,-75248,28260,23811,-14438,-3684,2306,371,-178,-26,6,1 # cft deg6 r=8
859,4384,8927,4792,-26518,-49607,32313,127244,12734,-162026,-67718,111867,60871,-43397,-22781,7979,3348,974,-867,-339,239,1,-25,2,1 # cft deg6 r=8
193275,701175,1338464,-4212162,-15222348,-10059590,8446888,13036560,3071535,-3782619,-2456009,219396,361791,-82818,-10856,41138,-1311,-7603,735,730,-285,20,28,-10,1 # cft deg6 r=8
863,5252,16192,38007,73006,103649,141745,127123,128062,58775,42419,4034,2862,8383,4825,861,1440,-646,-91,173,-11,-28,23,-6,1 # cft deg6 r=0
3602700,-5736860,-1611243,3235877,5459685,-4153281,-3011461,430350,3656168,-1405270,-954424,467152,165353,-99762,-212,8012,-128,-3358,30,454,97,40,18,6,1 # cft deg6 r=0
-783963,-6817077,-27313164,-70950192,-138372884,-215288122,-268780234,-260476551,-179916722,-65573615,21564135,49923421,35683484,13143734,1075735,-1341621,-622577,-65694,31991,11183,343,-406,-57,4,1 # cft deg6 r=4
18673,-20552,-1318043,-4677806,-3194796,9056452,15452190,2527568,-9258652,-5502896,1331853,2293364,386874,-511560,-117473,97718,-8706,-14498,7141,484,-972,146,34,-12,1 # cft deg6 r=12
-58041,-1248354,-1078848,1210107,3676585,-855124,-3674132,-730064,3610960,310225,-2159715,-12559,1118783,-318807,-271919,176937,-3136,-26765,7725,713,-788,131,13,-8,1 # cft deg6 r=4
-9964291,-19828740,10336935,73820184,77227682,-16331222,-88761584,-43592126,38488168,45402092,608391,-18921350,-6634952,3729454,2818501,16726,-453852,-100212,26317,11606,-78,-516,-42,8,1 # cft deg6 r=4
832,37248,-58604,239280,-209315,308845,101029,-340250,307333,-222996,-88717,182684,33890,-85893,1172,18778,-4845,-287,938,-291,3,42,-14,-2,1 # cft deg6 r=4
-65468,-5640,241716,-119496,6109,-32850,352437,-468824,-88136,-16416,269517,-165452,36212,50344,3981,-22222,-15658,11954,1750,-2200,123,146,-15,-6,1 # cft deg6 r=8
9,0,69,0,-509,0,-599,0,434,0,231,0,676,0,305,0,141,0,60,0,10,0,4,0,1 # cft deg6 r=4
-124813,-1479338,-6788600,-16903888,-26004276,-25341534,-13605416,158874,6115588,3725952,-359719,-1566060,-631193,184800,230555,35100,-33626,-13780,1870,2046,149,-152,-28,4,1 # cft deg6 r=8
12464,-90136,491943,-1664025,3972528,-7171389,9705557,-9987033,7079370,-2679505,-326259,1670993,-1020844,514251,6209,-54116,64284,-19474,6696,-200,-91,114,-8,2,1 # cft deg6 r=0
1525225,0,-1898233,0,39849334,0,68662798,0,53865275,0,25731292,0,8197681,0,1799356,0,272873,0,27900,0,1811,0,66,0,1 # cft deg6 r=0
127509,545737,1336286,1091133,-18774,-3624378,-1037187,-465741,6130353,-181858,582448,658273,676130,426155,273135,126222,65096,30496,11529,3558,1152,362,82,12,1 # cft deg6 r=0
1,0,8771,0,246370,0,1737106,0,4544851,0,4414016,0,2060705,0,518192,0,71393,0,5112,0,231,0,18,0,1 # cft deg6 r=0
11251013,542163,-12587686,-5791717,7736870,1195617,-12758544,3180509,19046525,8882529,-1610445,-1910716,-1070825,-619088,602851,1360600,1118619,534062,152065,20444,-1151,-781,-69,6,1 # cft deg6 r=0
924800,7408000,43187424,-12456544,20923088,15410252,9313776,6401836,3684164,949051,1963972,665311,-235451,-55867,13728,-1317,18238,5896,-4124,-817,507,84,-29,-4,1 # cft deg6 r=0
-3824,210784,1192028,2724352,3363629,2665203,1950527,1613689,719325,-497003,-837779,-291510,188704,210373,62157,-8035,-6584,1869,1432,-308,-382,-57,26,10,1 # cft deg6 r=4
4,-48,2521,21913,78031,-343878,-156247,533898,-37779,-525024,-13446,132320,-56293,-27458,3702,-5240,11618,8213,-2936,-1816,402,174,-30,-6,1 # cft deg6 r=8
787,11678,59134,130442,114007,7535,-793,39670,-27692,-61128,7949,21357,-22517,-17542,10572,8636,-2634,-2328,813,724,-17,-86,-5,6,1 # cft deg6 r=8
-55213,143254,-565856,469480,-251183,52870,110715,224050,-139856,189814,393237,-20696,-90672,13712,70788,-662,2615,898,-4862,-504,731,56,-44,-2,1 # cft deg6 r=4
127212588,650163926,1564612595,2334559826,2407180109,1800190472,991112446,397043757,112449576,22858735,5653282,2601333,986695,181469,77799,91770,58696,17292,797,-1062,-164,114,60,12,1 # cft deg6 r=0
921700,-5027410,19984241,-57775405,113117402,-149211414,137644010,-92189610,46207332,-16550323,3418264,485358,-749296,349716,-83706,9464,4453,-2672,1219,-364,158,-70,28,-8,1 # cft deg6 r=0
8748,65610,239355,522531,672867,402372,-34470,26520,404439,333566,-41793,-141692,-10540,58988,27928,-10780,-14643,-2617,2602,1174,-116,-144,-12,6,1 # cft deg6 r=8
976144,-1520532,81567,880308,-260046,46782,-439163,-1047675,612602,767550,-333739,-232258,216818,40668,-116370,-20729,36179,8128,-6368,-1521,682,123,-39,-4,1 # cft deg6 r=4
16,-236,987,2499,-30791,58253,61905,15790,-29919,-59531,-7990,13793,5386,9328,1426,-4519,-1026,295,17,165,76,-35,-16,2,1 # cft deg6 r=4
-584316,-2482506,-4118799,-2760699,431066,1795764,1496583,1884232,2033517,317420,-1445718,-1173536,69351,492658,160996,-84546,-62225,143,9988,2164,-572,-264,-10,8,1 # cft deg6 r=8
131044,0,1185223,0,3707666,0,5355325,0,4189827,0,1922967,0,520072,0,69990,0,-810,0,-1428,0,-75,0,14,0,1 # cft deg6 r=0
-61,927,1573,-5835,-3268,16370,-15209,20356,-34983,26586,9476,-33983,31985,-18583,7379,-118,-2582,1864,-346,-236,148,-2,-17,2,1 # cft deg6 r=4
1,-27,-155,1084,304,-228,296,-1867,951,-320,-2099,3941,1658,-4304,-741,2373,127,-833,31,206,-20,-39,3,6,1 # cft deg6 r=8
9,30,-149,-113,1022,-1349,-154,2147,-2526,1389,543,-1582,464,-95,1355,-1098,-397,708,-108,-167,70,13,-12,0,1 # cft deg6 r=8
-347,-4490,-28122,-108899,-296659,-625054,-1071508,-1532384,-1846955,-1878277,-1596818,-1104110,-579983,-184681,19169,70878,51378,21866,5103,-139,-575,-194,-20,4,1 # cft deg6 r=4
51501228,-5852632,-56032013,27871446,34231985,-25757670,-13670747,12820158,3672934,-4522392,-761922,1192276,118285,-243758,-7704,46276,5292,-4252,-1215,-292,-78,24,20,6,1 # cft deg6 r=0
17647848,-24872178,22237021,-16677576,67353,236074,3241146,1218830,594184,-1550647,-555935,14024,220923,157242,13586,-32284,-7989,-743,2185,358,-71,-92,-2,6,1 # cft deg6 r=0
526312,3292306,10567851,20371414,27619080,24254457,16261540,10324996,7475016,4050471,2702032,1565416,827246,462590,221042,100386,43397,16356,6170,1928,593,158,34,8,1 # cft deg6 r=0
132689,-65409,396150,-358926,777876,-776713,1022820,-922731,904149,-709746,488828,-225537,47902,31265,-24804,-3828,11863,-2202,-2185,852,230,-103,-15,6,1 # cft deg6 r=0
3500928,-3369504,11513468,-14389964,17722583,-22249607,20124147,-14164171,10934154,-3986884,2315268,-863797,-907054,1078438,457936,-516415,36255,70981,-13673,-5201,1276,220,-56,-4,1 # cft deg6 r=0
163809,-2256921,-1230810,611658,19414001,54610315,82668530,77420131,41412105,5765862,-8355648,-5895657,385403,3169440,2090720,364576,-210311,-108774,-3604,7918,1318,-228,-63,2,1 # cft deg6 r=4
-28755,-24030,106068,277092,-487243,-373872,922847,-19542,-831748,387627,290199,-248277,-8165,22386,32028,-13423,-9729,5684,-216,-261,8,-5,19,-8,1 # cft deg6 r=8
-13105395,10444680,15487224,-17207124,-11583596,16326305,9253044,-12031248,-6037620,6451542,2880696,-2351739,-1053522,568685,298196,-83544,-61639,4047,8232,928,-536,-175,-7,6,1 # cft deg6 r=8
-1913409,-20688921,-107351922,-353053782,-818121488,-1406270449,-1836758326,-1830769960,-1366883775,-716864043,-207368770,26750048,60692055,28395262,4309677,-1777502,-1038818,-141480,40557,16336,750,-502,-72,4,1 # cft deg6 r=4
243,1863,4752,-6957,-62055,-130697,-129332,-56075,13445,32972,20524,9565,1840,-1670,-1850,-967,-397,-285,18,9,-3,21,0,0,1 # cft deg6 r=8
75217,565228,1268814,1188732,561297,-414671,-881417,-841309,-41443,512270,361874,-87284,-169119,-22354,43450,13749,-5633,-3631,23,411,130,-13,-15,-2,1 # cft deg6 r=4
9,-117,-222,3942,-12305,22744,-29997,24277,-12555,-710,9197,-6625,3997,-1455,-706,227,-292,29,237,-83,-36,47,-13,0,1 # cft deg6 r=8
-13941,-39375,93552,114066,-30838,-114119,-81564,74571,111521,22568,-32177,-8764,27834,23748,-571,-5311,1385,2085,165,-54,109,17,-17,-2,1 # cft deg6 r=4
80967,607605,2465842,6696285,13559319,21555046,27852922,29856001,26849264,20397774,13066556,6971265,3029000,1011385,223911,10982,-13197,-3906,1206,1588,791,262,62,10,1 # cft deg6 r=0
45163,-75601,-189807,554048,687772,-2667329,529425,4385812,-28752,-10697054,9447265,2152448,-7062653,2712668,1415583,-1493034,330227,97519,-51975,265,2891,-168,-79,4,1 # cft deg6 r=0
26787232,-13496368,70020028,-10045352,51548577,35635368,-2301117,5374305,14738425,-570713,-4134384,906590,1427686,-162052,-263088,40605,45131,-5110,-5062,624,470,-43,-27,2,1 # cft deg6 r=0
74528,-278768,681532,-932156,871181,-1906435,4769845,-6165927,2661487,2744951,-4169398,1417880,992903,-999739,167337,136890,-64720,4259,2297,-906,410,-51,-10,-2,1 # cft deg6 r=0
33489,0,858704,0,8053926,0,14866028,0,9094861,0,2309071,0,280406,0,65778,0,18306,0,2735,0,324,0,28,0,1 # cft deg6 r=0
3206088,-4419874,6285983,-5619286,7437443,-3954345,3239331,-679979,1693603,136257,600967,228833,260760,115789,71165,22860,9269,771,-99,-392,-57,-4,16,4,1 # cft deg6 r=0
48841,0,14630808,0,44369098,0,46906504,0,21183541,0,4220187,0,233290,0,-38258,0,-6486,0,-161,0,112,0,20,0,1 # cft deg6 r=0
2500,0,445943,0,1987896,0,1976230,0,1017589,0,436441,0,153054,0,21734,0,-4197,0,-1417,0,-18,0,20,0,1 # cft deg6 r=0
5816889,4296363,22307215,75496909,157002091,210492752,213439493,165509868,73408446,-1435981,-12821379,11219217,25623054,19617007,7342940,545994,-641396,-208058,12137,16392,1737,-419,-76,4,1 # cft deg6 r=0
5122864,-30969472,89728701,-164290817,211146017,-201220881,150367017,-98953128,68234982,-49830542,31257880,-13402562,2496633,898908,-769638,205142,6758,-26126,12196,-3862,1011,-260,66,-12,1 # cft deg6 r=0
4064336,-8326094,9129435,-9944767,9876434,-6326265,6766424,-2899361,3630013,-1242999,1445797,-434723,410674,-109983,81923,-18498,12420,-1558,1573,98,194,40,18,4,1 # cft deg6 r=0
-150116,-279424,2289512,4609696,-2743249,-8626260,-518271,4210208,-817877,-1080367,2067671,924986,-1072933,-658921,206784,214477,-10930,-38554,-2454,3956,545,-207,-40,4,1 # cft deg6 r=8
27572,341240,1608728,3782528,4398021,1013132,-3708884,-4318649,-717762,1971690,1366308,-176421,-533881,-121689,105987,54657,-9812,-11794,-512,1521,260,-114,-28,4,1 # cft deg6 r=12
256,-5376,-58080,305344,513465,-566535,-748291,703142,587648,-657894,-426233,338095,209142,-145801,-111935,25284,36030,1931,-5770,-1017,543,114,-34,-4,1 # cft deg6 r=8
151463,77337,-467239,-458840,695744,1127906,-989965,-1215888,1078038,642078,-733576,-143407,302620,-6689,-78942,10488,13673,-2322,-1698,315,181,-40,-20,2,1 # cft deg6 r=4
81727,582282,-671455,-2850469,15875076,-31547011,31375349,-10165148,-15611000,19873267,-2597574,-8466960,3733694,1827236,-1278416,-227442,237761,16391,-26738,-636,1802,10,-66,0,1 # cft deg6 r=8
-67348,657152,-2380252,4348568,-3931109,485938,1850211,339215,-3267790,1765882,1366468,-1275116,-412122,641897,-32684,-149838,37124,16292,-7587,-566,760,-33,-42,2,1 # cft deg6 r=4
27053,66144,-242413,-1551656,-3806309,-5375930,-4309418,-938014,1921498,2135058,562534,-663772,-733020,-244066,109595,143434,34691,-17310,-9193,566,888,28,-43,-2,1 # cft deg6 r=4
600,2160,-34468,-300524,-1187315,-2728524,-3470912,-1544366,1875932,3119008,1185889,-964824,-1063045,-107336,294974,119252,-33330,-28758,-288,3400,455,-196,-40,4,1 # cft deg6 r=12
-537,-331320,1368545,204504,-3840349,-1377464,4057356,1668006,-1512447,-549018,108419,6936,-52867,38602,17724,10348,-3134,-1982,-1514,-230,59,38,16,4,1 # cft deg6 r=8
-39451,40726,559821,692030,-716653,-2220086,-1208142,1309078,1942724,616354,-549604,-645694,-215333,38876,109059,42994,9693,-5922,-3468,-1434,-151,22,29,6,1 # cft deg6 r=8
-18317,59345,108489,-520925,528701,1422042,-2863925,-191877,3124306,-707972,-1923847,657526,790914,-304557,-232602,86561,49957,-15524,-7635,1679,770,-96,-44,2,1 # cft deg6 r=8
-1136777,-4215432,-7296745,-4682757,3645357,7455402,2505445,-2665801,-2190640,272807,779060,120110,-174772,-72893,17617,21242,3308,-3563,-1527,398,303,-15,-30,-2,1 # cft deg6 r=4
4,0,8,0,-251,0,-521,0,56,0,447,0,-839,0,294,0,-4,0,-66,0,36,0,-8,0,1 # cft deg6 r=4
40375,-36670,-53729,219523,-24895,-175965,215964,101343,-194271,51593,110157,-77531,-23888,42074,-12121,-13446,7143,986,-1321,271,161,-62,-16,4,1 # cft deg6 r=4
1538225,2162966,1706573,3200052,8025989,14132240,9403105,-5309496,-8730166,745782,5499560,2720860,352194,175998,290639,190226,87224,36882,15462,5412,1435,308,59,10,1 # cft deg6 r=0
10608,-186264,1309757,-5071802,12819307,-22880360,33398646,-38578595,34665194,-24531453,13542752,-5623033,1518587,-73937,-172785,102658,-29348,3058,1737,-638,206,48,0,4,1 # cft deg6 r=0
655972,2135264,4433416,7565568,11300309,13998836,15398747,15646558,14779636,12382774,9061286,5717506,3141498,1474282,550456,120994,-14330,-26438,-11339,-2414,34,176,61,10,1 # cft deg6 r=0
2601,0,30761,0,160975,0,475177,0,842514,0,900506,0,560729,0,187110,0,30960,0,3821,0,180,0,16,0,1 # cft deg6 r=0
3694769,-2630064,-4915582,20088728,38995122,50313812,53459672,40987726,32058855,17030430,10365759,3520966,1406160,-12684,-102540,-136702,-49520,-18378,-1953,430,500,186,50,10,1 # cft deg6 r=0
-4500,50520,-258757,155489,-1655016,3648781,-4684013,4623158,-2726913,-51317,1829123,-2009760,1147243,-154126,-312910,256004,-66586,-16555,14573,-1944,-937,342,-16,-8,1 # cft deg6 r=4
-428,3546,-9725,16727,-17927,-63618,209450,-52005,-15281,266118,-109077,-101404,87206,-60076,-67066,46637,29243,-11652,-6470,1417,747,-86,-43,2,1 # cft deg6 r=8
90000,292500,-787925,201730,2102143,-3179724,-3096633,6049630,3217892,-5652514,-2435642,3139182,1289747,-1090140,-451094,240994,101538,-33638,-14407,2818,1228,-124,-56,2,1 # cft deg6 r=12
556148,-2097318,4473131,-5672495,2856268,5256277,-8758736,173931,10966101,-11461399,2567608,3918158,-3183211,342377,535309,-181733,-36966,18761,7218,-4377,192,256,-41,-4,1 # cft deg6 r=0
2250723,-11368978,47088456,-106213479,160261244,-172691371,120536593,-37456078,-15912224,22004491,-7006997,-3881884,5643657,-3453698,1438314,-479732,146012,-41459,9329,-1204,37,-30,28,-8,1 # cft deg6 r=0
427716,0,-1533957,0,5917090,0,-10560371,0,9956363,0,-5563117,0,1933816,0,-422542,0,58530,0,-5552,0,405,0,-18,0,1 # cft deg6 r=0
605284,6904964,1034140,-48561244,26521947,73783453,-54447775,-41078768,16729948,36147434,-2462407,-24556511,4478036,7443649,-2026909,-1155660,388488,102083,-39894,-5297,2333,154,-74,-2,1 # cft deg6 r=12
-4775,11878,564,-21666,18807,-26657,61586,-49499,-8829,26752,-16869,33603,-32555,-9867,28900,-6825,-11080,8515,-1354,-1075,583,-39,-35,4,1 # cft deg6 r=4
-1519289,2475318,-2576469,2351516,3195109,-10045693,7248509,3299886,-8435586,2928916,3445506,-2713410,-566884,1026987,-35103,-228326,33949,32323,-6882,-2925,725,158,-41,-4,1 # cft deg6 r=4
317,-729,2625,4321,-28812,85222,-133879,199685,-76061,51054,145224,-66291,51580,62000,-34039,-15820,1506,-4959,-1678,1288,424,-103,-39,2,1 # cft deg6 r=4
205622684,-67365216,396490833,-107412843,326999345,-69567817,266594798,35209535,188332731,64430124,79496261,29612845,18080013,5684431,1862287,312586,-7811,-36343,-14917,-3804,-349,86,46,10,1 # cft deg6 r=0
1883268,4395184,3362641,-288153,-2242725,-567439,1928812,1613630,93681,-285601,47204,184444,114392,39084,15698,16366,13866,7887,3581,1476,593,212,56,10,1 # cft deg6 r=0
1314492153,-3437318005,1507533435,4772232832,-3400712407,-3317876460,2678799956,1685366218,-1088147218,-601426048,274689844,154628602,-43968916,-28235527,4268576,3638226,-167842,-314267,-10524,16760,1527,-489,-65,6,1 # cft deg6 r=0
2496768,-6857024,14508832,-21808224,24865112,-18729908,10754814,-3823457,757380,-260534,1001839,-688343,326509,11123,4003,7662,11632,2353,694,830,266,42,22,8,1 # cft deg6 r=0
100256,383216,1019552,1469868,1599442,1177797,1023509,1201600,683746,137348,221819,243343,25901,-29445,42877,35178,-8327,-10052,1896,2685,278,-192,-37,4,1 # cft deg6 r=0
33061328,-16222746,55756183,-24708169,79004323,-53944200,49113597,-39850113,28670406,-19335908,12795686,-7486084,2962986,-684638,-37758,168165,-108496,30109,5186,-5863,931,211,-59,-2,1 # cft deg6 r=0
81,729,2529,4092,1529,-3355,-11519,-28091,-1995,-11505,8907,11309,-3702,-1693,-3073,-1656,3512,815,-1453,-146,299,12,-30,0,1 # cft deg6 r=8
169,2678,-16608,2429,3014,11624,11393,-50414,8856,54842,-33104,-27441,28615,5418,-13116,469,3901,-548,-908,197,158,-43,-15,4,1 # cft deg6 r=4
9,393,4459,1077,-642,-9002,14129,8598,20340,5502,-22562,-23243,-8708,4105,7271,1345,-1600,-650,-123,55,116,13,-18,-2,1 # cft deg6 r=4
-2843,7285,-42565,12258,232122,-256948,-145272,204396,134563,-142121,-43764,42256,-3468,1612,9682,-5378,-6140,3523,1432,-1070,-68,136,-12,-6,1 # cft deg6 r=8
4482,32334,173045,539420,1388429,2386642,3548628,3667948,3219009,1971028,1024816,272782,37983,-57580,-24160,-15382,-2064,-776,-124,8,19,14,14,2,1 # cft deg6 r=0
12114408,1768966,-22612707,-12713917,22503116,28044277,13975806,7550745,8123193,4346103,1105737,157197,397088,107649,22347,-32212,21686,-1038,-247,-226,342,-8,-12,6,1 # cft deg6 r=0
42172,-36,729329,-547161,3968015,957873,4421202,4834429,3174031,1418328,1113879,714987,175619,146805,34427,11026,14935,-997,1903,-228,233,34,-10,4,1 # cft deg6 r=0
3216177,-17870804,44791595,-37618690,-14036752,41455894,-9557799,-9133012,9953752,1392234,-2218028,760590,1385667,-970640,677528,-242470,66751,1726,-2753,-10,586,-96,6,0,1 # cft deg6 r=0
5397600,-5689690,6585997,2070719,24075073,-7723727,17982826,-5040149,5767908,-2505002,1339602,-630279,212746,-100681,46423,-3576,7202,155,922,96,76,12,14,4,1 # cft deg6 r=0
3371056,-4684678,8246553,-11105139,11535720,-11025600,9416092,-7184961,4810803,-3121571,1784790,-922709,468753,-193403,83039,-23504,10963,321,1440,618,216,98,24,6,1 # cft deg6 r=0
124659,-208183,1526268,681859,-792019,-1012438,-239022,6719915,16661724,18902388,13931340,7529275,3126092,957823,163801,-20662,-18185,-4462,2494,1970,823,194,18,4,1 # cft deg6 r=0
