# IGP24 class field sweep: deg6.
250031,-1400010,2476656,-1193372,-348354,-999021,1694979,833021,-2241761,612629,684501,-296901,-174674,84575,52383,-36770,1247,2163,1417,-1054,113,28,12,-8,1 # cft deg6 r=4
1259,-1673,-3070,-858,-3592,23789,-32441,45830,-41476,24546,-19641,3168,49352,-96760,53650,20380,-27466,3481,4206,-1692,-144,212,-14,-8,1 # cft deg6 r=8
349291,401386,39605,646533,1072627,-469325,-2422473,-2325125,107910,2277898,1643842,-395407,-1006613,-264298,225427,133627,-13331,-25071,-2536,2394,518,-114,-37,2,1 # cft deg6 r=8
164179,-776172,1349059,-838326,26574,-433503,1338083,-1437960,952175,-581858,440573,-318271,163996,-69765,43075,-27783,11110,-3347,1807,-981,285,-57,23,-8,1 # cft deg6 r=4
29,147,383,349,-784,-3221,-4965,-2188,5910,14466,16726,11227,3252,-1613,-2867,-2405,-1630,-773,195,448,147,-33,-22,0,1 # cft deg6 r=4
304,-2480,3808,15904,-53468,34940,20676,-32524,27723,-22431,24198,-4730,-31905,32399,6852,-20383,1548,5970,-985,-1000,205,95,-22,-4,1 # cft deg6 r=8
16,0,-32,0,-500,0,988,0,-1291,0,986,0,-367,0,-27,0,194,0,-129,0,51,0,-11,0,1 # cft deg6 r=4
-421,5034,-23627,63188,-109930,135159,-137348,131647,-108254,66926,-27423,16211,-16876,9139,3620,-11159,9310,-3376,285,194,-170,87,-12,-4,1 # cft deg6 r=4
-46931,74401,-274267,833205,-1053306,464551,110029,-91578,30059,-252473,368627,-226211,66053,12293,-54074,58624,-28495,1888,4298,-1628,-53,148,-21,-4,1 # cft deg6 r=4
33616,-197640,493348,-628962,211315,525580,-614765,-111196,610496,-222260,-286914,200840,84298,-88668,-17196,25004,4396,-4284,-1119,414,231,0,-22,-2,1 # cft deg6 r=0
155501,-1560573,7351658,-21152173,40811424,-54735894,50478246,-28636239,4005587,8797147,-8289624,3109349,-137825,-186499,-112103,142694,-48951,3975,-84,1528,-822,126,22,-10,1 # cft deg6 r=4
-231089,1112698,-1575487,674384,2857902,-13854279,27303006,-17881823,-10872706,18299718,-748823,-8196545,2012452,2221013,-769800,-399419,155606,48592,-18845,-3884,1374,185,-56,-4,1 # cft deg6 r=8
-3119,-1648,25277,65637,33960,-8495,-88240,-102169,-37018,16196,20118,27725,-7187,6231,-7323,-7592,3065,3392,-1384,-812,263,89,-24,-4,1 # cft deg6 r=4
6894071,-45766377,98386705,-71803405,-38222736,96442228,-36826267,-41150409,35699583,14675007,-24075473,-9677,8948895,-1838875,-1820878,595622,219439,-90804,-17022,7756,948,-369,-40,8,1 # cft deg6 r=8
-49456,-148760,-227840,-405860,-306243,-334324,-255359,-180822,-27039,-59612,-92889,-35150,76289,49206,-23335,-27654,6368,10912,9,-1974,-120,194,14,-12,1 # cft deg6 r=4
23155984,68688960,87819744,51615312,-7762288,-38166120,-20981688,9300844,14826907,2009126,-4688286,-1946686,828612,647960,-54241,-131184,-9485,17768,3117,-1808,-371,134,29,-12,1 # cft deg6 r=0
45281,-169185,-20209,69614,985077,-1081267,1695812,2872006,3029963,1316259,828077,-755636,-319552,-96555,75732,-8974,7143,8434,-5166,-866,767,26,-46,0,1 # cft deg6 r=0
6483049,-1851384,-539513,8866848,-5017068,-1931318,7041810,-668368,-3043353,636560,936480,-276080,-395124,44060,113732,-11650,-15480,5482,867,-1246,57,128,-13,-6,1 # cft deg6 r=4
206144,325696,669760,320,-262232,-201024,-458600,303580,97705,-601870,-238014,160802,163911,-68234,-52278,14686,9547,-246,-2398,60,337,-4,-28,0,1 # cft deg6 r=4
223609,480868,-894685,-399296,2229816,-901710,-3340167,5043390,-1519610,-2255972,1887995,255692,-835401,180532,183033,-91110,-19377,20550,-497,-2744,307,200,-29,-6,1 # cft deg6 r=4
-6241,-49612,-51638,-233900,-67573,-196145,-241944,15559,-150645,-3679,-706,-13541,31689,5644,-9115,6201,-5765,-55,38,-175,262,23,-27,0,1 # cft deg6 r=4
-751469,-1224458,48136,467577,-689047,-396719,435185,-125795,-209708,144852,6206,-69992,36587,8277,-14741,3331,4258,-2728,62,779,-409,87,5,-6,1 # cft deg6 r=4
-398341,-561963,2575008,3689969,-2043501,-5677444,-472366,3509976,1664812,-912940,-972353,-72976,282445,132054,-43959,-49267,4162,10119,61,-1558,27,155,-16,-6,1 # cft deg6 r=4
1264,-15432,31552,13876,-50579,-53242,122456,43379,-155662,-2729,120754,-26973,-55885,22992,15237,-8950,-2757,2227,365,-419,-22,53,1,-6,1 # cft deg6 r=4
256,-18368,21328,52364,47485,-26841,-58682,-105216,4877,141398,61166,-101825,-61204,53177,28606,-21419,-7006,6297,551,-1126,91,104,-19,-4,1 # cft deg6 r=8
12409,18793,114306,221575,422392,814994,1159725,1154659,891238,690738,512511,290659,129431,64596,30892,6402,1103,491,334,242,59,11,-6,-4,1 # cft deg6 r=0
22271,-266988,1432454,-4742405,11221347,-20358838,29390102,-34364000,32721901,-25221592,15406349,-7070483,2074457,-71127,-290285,151502,-23863,-12748,9282,-2452,59,131,-20,-4,1 # cft deg6 r=0
-641,418,-1875,-725,18161,2024,-1471,8587,161118,18402,156200,-19355,91597,-31712,36945,2295,-7259,1677,392,-130,-79,-46,1,6,1 # cft deg6 r=4
2179,8799,21195,28839,82354,297962,626080,899590,997875,902891,715036,510654,337684,210370,121976,65694,32201,14092,5553,1886,594,152,38,6,1 # cft deg6 r=0
1,18,139,638,2009,4511,7805,13864,20759,6908,-13554,-4756,-6979,-5385,7457,-2598,2702,-309,-613,259,-178,51,21,-10,1 # cft deg6 r=8
4799,-2000,12161,47274,66265,160969,365925,561195,836714,1272013,1602435,1706379,1705500,1499829,979911,401682,66600,-21913,-15255,-3402,-137,120,46,10,1 # cft deg6 r=0
-1259,-14641,-24729,75457,175449,-26339,-219216,14570,205332,813,-137349,1213,83165,7803,-35955,-7575,10206,3023,-1920,-646,245,76,-21,-4,1 # cft deg6 r=8
6190579,22757635,28409091,1715359,-27444322,-16512931,9573722,8955013,822436,-2422188,-972459,231863,322613,24269,-48785,-12886,2544,3163,165,-652,149,-54,36,-10,1 # cft deg6 r=0
4549,2683,-51367,41576,58997,8640,-126461,-199189,666637,-446526,-209066,401699,-112484,-98713,76156,-4163,-15642,6393,653,-1179,199,85,-27,-2,1 # cft deg6 r=8
596059,-805595,858004,-803976,949267,-1224594,845980,-494154,349060,-326672,234940,-39996,-30524,-8677,30308,-15435,-1925,5804,-1586,-727,367,33,-31,0,1 # cft deg6 r=4
164929,-864132,2016751,-2846471,2578746,-1425617,635819,-656360,647871,-382583,214061,-110176,3624,31960,-15861,5859,-1764,-373,283,-108,63,-18,-3,0,1 # cft deg6 r=4
61,478,5409,7688,6799,-5784,-8575,-6096,-1571,1108,18811,-21291,27306,-38820,38017,-31988,25672,-17954,10862,-5696,2437,-779,166,-20,1 # cft deg6 r=4
-1031,-14698,-87302,-331651,-940356,-2066742,-3503702,-4525188,-4357565,-2935119,-1036651,384163,908626,751304,370672,85718,-28965,-38485,-18909,-5026,-358,252,100,16,1 # cft deg6 r=4
-11191,53998,-80412,9389,111371,-123115,-41974,182500,-66225,-127917,105397,54912,-75742,-16864,40409,1625,-16277,439,4851,-350,-983,199,54,-16,1 # cft deg6 r=8
2659,-3052,-382,-22686,-14135,-1376,20548,50246,28684,-28046,-36918,-18224,9736,34220,7603,-20690,-6837,6968,2383,-1490,-358,178,21,-12,1 # cft deg6 r=4
-626081,565060,279631,1024204,1694930,4928740,7505590,17929953,14700656,10791702,2605306,-5396243,-3368186,163017,1092023,120403,-54478,-149336,60657,1475,-4394,641,41,-16,1 # cft deg6 r=4
24649,94671,22246,-73019,1050930,1323164,-194116,1240936,4907959,4881840,1232601,-1521088,-1612506,-527607,174393,240148,83751,-8505,-17823,-5717,16,517,155,20,1 # cft deg6 r=0
-93809,128697,-779810,1424784,-202609,-1532788,986191,482183,-324129,-568047,444771,151031,-199291,-40076,75516,9051,-27402,2859,5551,-1560,-454,216,3,-10,1 # cft deg6 r=4
-19589,97651,-219301,428801,-611198,782247,-1103688,1509009,-1182946,34767,709795,-587156,221606,66531,-162155,41773,36270,-10955,-5618,1217,554,-45,-35,0,1 # cft deg6 r=8
179,6070,3984,17372,-10261,1840,-17822,-24594,43093,-53446,83249,-53990,10082,1084,-6110,7830,-1689,-2440,1533,-2,-253,60,14,-8,1 # cft deg6 r=4
-3191,2722,-5599,-18823,12999,47902,43909,34455,-9680,-95603,-117602,-51137,7087,12313,3109,1662,1624,-23,-407,-56,25,-26,-6,4,1 # cft deg6 r=4
-1919,12223,-21095,25223,-4821,-3096,15675,265,-4878,16684,-615,-12175,12024,-531,-4273,3118,1017,-1696,693,40,-156,68,-3,-4,1 # cft deg6 r=4
6281,-30792,74228,-169942,333748,-476616,581955,-537118,295409,-24576,-157010,140048,-10333,-48665,27927,2578,-7561,2246,692,-682,55,83,-16,-4,1 # cft deg6 r=0
-142049,75549,248127,-220457,-266462,433973,543702,-158505,-363948,48769,168273,-18540,-56753,14371,16614,-6641,-3759,1819,583,-297,-21,29,-9,0,1 # cft deg6 r=4
609961,-1088714,-1843756,3045009,3270633,-3090606,-3037710,1968583,1760385,-846941,-600025,318723,118552,-102901,-1735,30074,-4673,-6109,1963,1336,-187,-166,-4,8,1 # cft deg6 r=4
1,-98,7423,-2999,11682,3211,5662,6786,1153,8718,8313,5817,6333,4977,2979,3412,2433,428,132,259,30,-55,-11,4,1 # cft deg6 r=4
-3011,929,-9981,-23240,3718,10918,49937,95776,46507,14552,-24058,-80678,-31204,30974,14610,-6974,-2402,2684,976,-378,-56,75,-2,-4,1 # cft deg6 r=4
3389,9728,15214,-12606,-31271,-53640,20046,19474,7420,32726,-6554,-34924,-10072,11566,10403,2110,-2659,-2008,55,470,94,-48,-17,2,1 # cft deg6 r=4
14422301,3295891,25701655,11351580,35424103,36030417,45575618,30641284,16706250,2580665,-249664,1758033,4791776,5078146,3556554,1734481,600915,132415,11381,-2912,-776,130,91,16,1 # cft deg6 r=0
764591,-4259120,9977972,-12117814,7474859,-2771395,4333235,-6983313,3754990,1981584,-3400424,873031,1027426,-821687,63349,173100,-72373,-7260,12470,-2382,-577,264,-10,-8,1 # cft deg6 r=0
-16,-32,768,-3284,10481,-24141,41984,-55751,54404,-32118,5675,-3703,24118,-32882,15956,4093,-7891,1923,1469,-904,8,104,-17,-4,1 # cft deg6 r=4
-691,-5502,-17667,-38820,-69388,-91483,-94366,-65185,-30768,-5952,-7353,-9923,-8876,1753,5037,2699,-1909,-1226,-9,347,60,-25,-13,0,1 # cft deg6 r=4
5909,51136,183886,364629,454153,396146,278750,185160,103490,395,-110585,-142499,-63604,20065,36137,12610,-4723,-4988,-443,801,207,-61,-23,2,1 # cft deg6 r=4
-33296,308440,-543504,-424972,1938729,-759554,-2115728,1671899,1138045,-1406265,-357991,728402,74202,-267764,-13205,73566,3940,-14879,-1463,2014,322,-150,-32,4,1 # cft deg6 r=8
15376,-23560,-43280,-5534,78575,91612,72556,15947,-61929,-128849,-103754,-31062,16660,15169,3449,-1255,-710,-583,-227,62,119,17,-12,-4,1 # cft deg6 r=4
199,2518,12320,23960,11768,-15860,-12588,20383,22131,-11178,-17068,6772,10744,-2579,-4877,647,1756,-57,-487,-33,101,15,-15,-2,1 # cft deg6 r=4
256,1920,6656,12992,14992,8000,-1736,-2906,4671,6603,817,-2766,-305,1900,1195,-283,-559,-159,128,90,-1,-22,-5,2,1 # cft deg6 r=0
30169,389908,1430996,2257973,1136038,-1293998,-1969534,-272651,1112100,743734,-170511,-409939,-166775,-8486,-8587,-22552,-10069,2258,3313,646,-299,-126,4,8,1 # cft deg6 r=8
-2335111,-11626339,-20640803,-9721112,15489499,19797001,-2166280,-14567038,-2556229,10302765,8011617,94184,-2605870,-1108463,181992,270406,48771,-24598,-11124,300,939,82,-42,-4,1 # cft deg6 r=8
-2549,38560,286072,861432,2253321,2617005,-454464,-3883144,-3080420,586364,2327730,1046544,-488566,-590167,-71242,126196,49619,-10420,-9178,-244,834,93,-42,-4,1 # cft deg6 r=12
-3184,-34800,-149664,-307680,-222104,314152,777944,368144,-532671,-742787,-123600,393738,313593,3816,-121008,-68021,-2718,15717,9735,2538,-49,-195,-30,4,1 # cft deg6 r=4
-38099,-146688,43037,12034,-74521,-165894,-370276,-151334,-40860,104124,69163,12810,-22043,-9062,10469,8118,986,-1576,-560,214,81,6,-9,-2,1 # cft deg6 r=4
656,-9552,9056,56000,-56996,-102580,75512,59636,-13121,6275,4756,7882,-1161,-5889,-272,587,416,-278,-151,80,21,-1,-6,0,1 # cft deg6 r=12
-63799,-101806,271172,360295,-239471,-556734,4439,479284,145584,-260881,-132476,101208,65583,-32098,-22764,8791,6066,-1882,-1097,390,167,-59,-24,2,1 # cft deg6 r=8
-2749,23281,-84802,191648,-255596,185653,-27497,-121158,251072,-360954,399381,-344375,244406,-155150,93282,-51606,23598,-7379,595,817,-476,109,1,-6,1 # cft deg6 r=4
256,-2688,-96,-12548,-13311,-30768,-10470,1947,-28678,-48126,-78759,-68486,-10967,20657,15902,3095,-3051,-2176,25,420,54,-51,-10,4,1 # cft deg6 r=4
-251,1015,-205,-2577,-3617,22256,-28465,7575,15818,-19747,13827,-8940,1690,4729,-3312,-51,6,-304,368,283,-79,-85,-5,6,1 # cft deg6 r=8
-41,-221,457,8341,38368,104720,202748,305133,377524,394128,343416,240665,134553,72719,57958,55599,41640,21403,6935,834,-397,-205,-26,4,1 # cft deg6 r=8
-67861,484875,-1412614,1559150,561513,-1504372,1634867,-278793,1238061,-1788419,1418242,-871789,481648,-278675,88922,3003,-9317,428,1513,338,-617,139,18,-10,1 # cft deg6 r=4
61,3626,-20288,31806,25245,-143794,131087,87580,-228659,108576,38060,-45310,28826,-20510,-6871,14540,197,-2058,158,-232,-79,16,6,0,1 # cft deg6 r=8
361,0,3895,0,5842,0,-10119,0,-31116,0,-27447,0,-10156,0,-1229,0,224,0,104,0,44,0,12,0,1 # cft deg6 r=4
121,0,-163,0,-1281,0,1282,0,-1297,0,2867,0,-2919,0,1335,0,-95,0,-104,0,94,0,-17,0,1 # cft deg6 r=4
13571,39776,-505291,-878150,2114834,-1747916,1316120,-667830,117140,241698,-293351,181318,-107592,39360,-6915,-6190,5124,-3096,1796,-778,266,-102,41,-10,1 # cft deg6 r=8
-12109,2950,-62660,110036,-108104,119896,-137501,200314,80427,-104294,174932,86820,-17585,40179,27179,1820,2339,-1466,-2178,444,583,7,-44,-2,1 # cft deg6 r=4
7801,31077,-4622,21490,76011,46580,50138,19358,16708,11295,42012,29660,2740,-30620,-11338,11685,3513,-1542,-87,65,-124,45,13,-8,1 # cft deg6 r=4
6259,42041,201977,570153,522458,-213492,-897097,-1042910,-824902,-544387,-257402,-14322,68763,43487,14531,6847,6077,3710,1509,492,229,121,46,10,1 # cft deg6 r=4
7215451,1219267,-1121236,4185600,333861,-1997124,1354965,23138,-170450,314163,-83714,-107311,58097,30583,-10957,-7893,3340,1800,-554,-189,83,29,-7,-2,1 # cft deg6 r=0
22339,8151,101302,-102444,72063,-409426,508829,-331243,764135,-779535,-64009,393686,4778,-223047,94556,23774,-28375,5374,2325,-1301,95,93,-23,-2,1 # cft deg6 r=0
39551,-187608,552893,-1167157,1888356,-2410636,2531464,-2228560,1642867,-1023095,600095,-381774,247808,-145243,78933,-39187,17282,-7237,2814,-872,257,-84,29,-8,1 # cft deg6 r=0
-1979,-169745,939039,-1900030,1484251,450883,-1737365,867077,1039826,-1345711,-287302,965805,67188,-496052,-26972,160443,15153,-27755,-4069,1954,282,-11,36,12,1 # cft deg6 r=4
84719,-21254,204481,-88198,556337,-546833,1088801,-1092781,1183364,-767242,328903,-87864,-19306,78106,-134357,111008,-27958,-14719,10641,-1198,-802,246,6,-10,1 # cft deg6 r=4
661,-6954,25141,-42580,26607,30660,-78994,55879,24197,-66893,21056,40582,-33277,-11292,21147,-1530,-7026,1746,1589,-703,-135,115,-7,-6,1 # cft deg6 r=8
105499,-402839,808879,-777058,-347284,2151279,-2851526,1601046,188073,-910093,631070,-204767,35740,-32853,32570,-6981,-7427,4614,-127,-652,160,35,-18,0,1 # cft deg6 r=4
1949,2038,1784,-13268,23101,-28569,-56525,129541,37310,-198686,46394,131291,-59156,-53647,35155,12548,-12217,-1382,2802,-180,-371,74,24,-10,1 # cft deg6 r=4
-5641,10728,-51227,-26136,495313,1187634,1615329,1063410,1699,-404016,-295653,-228416,-26515,35768,30157,13416,2003,964,-46,-82,163,24,-18,0,1 # cft deg6 r=4
-57191,-74329,-206943,-141706,31360,245664,818905,478917,952340,-216707,-36715,-800886,-479945,-466511,-168827,3080,-185,11108,13329,2663,-955,-379,-9,10,1 # cft deg6 r=8
1,-69,-452,-972,-679,1364,6019,9701,8778,3558,-6634,-10076,-5897,-310,2931,2087,499,-85,-73,-66,22,-10,-11,2,1 # cft deg6 r=8
3491,31056,88394,210616,-41474,-132233,61275,-391718,-62542,556453,69698,-276287,-56809,52228,24037,6141,-3990,-4995,-319,973,213,-75,-25,2,1 # cft deg6 r=4
-297821,2663474,-10397969,27057704,-55324240,92010031,-121698126,124085619,-93319426,45060580,-2676199,-19791707,22751484,-15360543,6928858,-1871553,62196,194970,-92533,20712,-1434,-497,160,-20,1 # cft deg6 r=4
31169,-35952,-178637,455926,-114636,-1149478,2537938,-2907112,2078440,-892236,115449,155992,-152394,55776,25807,-42878,19070,870,-4214,1296,302,-332,105,-16,1 # cft deg6 r=0
238229,-1765269,-3804633,-1309996,5398869,12636716,16106681,14340102,8990774,3743970,1089619,621760,645095,360217,52923,-29740,2636,17342,6785,-552,-889,-128,35,12,1 # cft deg6 r=8
-2658541,-15569191,-34248289,-32092812,4720358,40170312,32257815,-3410624,-22572990,-14290541,1299169,7393152,4236243,83022,-1055682,-539066,-78971,35511,20996,2946,-893,-324,-2,10,1 # cft deg6 r=4
-1481,-19336,-131741,-472619,-863107,26054,808637,-1806121,2156486,-827331,185546,105271,-435171,313152,-22944,-64303,31166,-5479,-937,1232,-422,-12,47,-12,1 # cft deg6 r=4
6241,0,9322,0,-12381,0,-42092,0,-51209,0,-39306,0,-21573,0,-8746,0,-2638,0,-570,0,-76,0,-4,0,1 # cft deg6 r=4
-48176,238368,-713536,1539728,-2077268,1526936,-386712,-95448,92185,-282758,374171,-117655,-101351,96113,-12841,-23366,11361,2350,-1999,-583,443,33,-33,-2,1 # cft deg6 r=4
197891,367254,-145022,-251084,555355,-60604,98456,-187630,244685,-235498,264777,-230247,116947,-54823,6506,7443,-6590,3105,666,-437,184,39,-21,-2,1 # cft deg6 r=0
-7561,37434,-155556,282334,-338248,129096,872180,-819622,-81613,585994,-324273,-170720,127809,-14018,14500,46690,8697,-1840,402,-478,-528,-62,39,12,1 # cft deg6 r=4
1579,5435,-44749,-198591,-354633,-504043,-955991,-2089157,-3628782,-4053371,-1953633,1514285,3385295,2608574,887361,-67804,-175756,-55428,2919,6096,933,-218,-55,2,1 # cft deg6 r=4
-8896,-71936,-140416,16512,2040,-99608,-121504,-241300,46199,141979,-147165,-76832,49752,7291,16920,9834,-18851,-7627,4238,2080,-258,-222,-10,8,1 # cft deg6 r=8
-385289,-871310,2070519,-5791222,4243809,-4674240,2338759,-1724444,860980,-627956,-222184,-415286,-283804,-141888,-42375,9632,22159,18410,8989,1906,-316,-246,-32,4,1 # cft deg6 r=4
112361,455058,1198608,2069400,2722045,2454967,1660655,669292,351611,327165,327084,76518,-163197,-234737,-144667,-53014,-1116,10234,5400,1612,112,-106,-13,6,1 # cft deg6 r=4
291581,117361,4507394,320596,10494982,20251873,-8082287,-28546119,8411775,12765016,-7953216,-1604934,3750967,-416843,-390544,223255,41133,-20623,1390,1832,-479,-224,7,10,1 # cft deg6 r=0
-1,37,-62,173,-956,3689,-5277,6510,10357,-33076,57337,-72183,76032,-71009,57160,-38064,21358,-9398,2885,-421,-133,105,-21,-2,1 # cft deg6 r=4
1789,12658,44171,112461,238702,438964,686054,891268,988146,967683,808601,516019,211582,25649,-37697,-38090,-16773,472,3925,1243,-191,-161,-13,6,1 # cft deg6 r=8
3246179,-8015881,8690637,-4497653,-219200,427212,1103984,-2097472,1036227,10987,-488618,346524,-167306,81158,-53540,35114,-16075,5240,-773,-216,222,-102,28,-6,1 # cft deg6 r=4
-1,-4,16,105,350,715,1571,1119,3232,-310,3657,-2729,2323,-3809,1040,-2370,843,-424,639,-116,106,-48,7,-4,1 # cft deg6 r=4
6641,26457,83591,162589,269612,349900,421936,488714,542055,563853,491410,393062,292510,197436,122666,59306,24987,10240,2785,74,-124,-2,14,6,1 # cft deg6 r=0
-954049,-3410305,2507475,32742757,72398662,77420660,42635247,11703390,8627741,18228307,23451100,20815607,12861813,4499186,-75569,-862490,-329645,-939,31144,6535,-629,-369,-27,6,1 # cft deg6 r=4
1,45,-520,-1562,5373,10098,-20883,-17430,35240,517,-23488,7770,12635,-7729,-870,-1697,1067,1547,-596,-356,115,46,-11,-4,1 # cft deg6 r=8
179,-5236,20154,-21840,588,-10074,63732,-68787,-7967,47185,-1410,-28087,10030,3585,-3433,805,719,-474,177,-16,-39,9,0,0,1 # cft deg6 r=4
-1612099,506877,2612917,1085290,1660961,811917,-355647,-8559,-199216,-68710,76597,59369,60328,28957,16894,3899,483,-42,-734,-347,-123,-61,-7,4,1 # cft deg6 r=4
5119,-12491,40780,-61954,96684,-108844,98007,-89655,42881,-62153,44845,-39926,20601,5867,13695,-4540,-2673,-954,313,246,67,-46,5,-4,1 # cft deg6 r=4
1931,4114,-25102,-78917,-143261,-117607,161256,730306,642043,-16507,-106992,-492092,42266,278576,45302,-83242,-14499,16941,6049,-1078,-761,-108,22,10,1 # cft deg6 r=4
3089,-13150,28288,-50015,54468,-46932,61551,-54823,19951,-11579,22832,-9707,-4655,-2751,6547,178,-2238,-67,792,-298,-14,47,-12,-2,1 # cft deg6 r=4
3221,-37637,223640,-737734,848608,-827897,137758,708651,-25260,-489078,-232724,464651,72285,-239122,49895,60051,-36006,1704,4829,-1549,-32,91,-1,-6,1 # cft deg6 r=4
-394441,1203793,-2013094,2765466,-2795248,2160479,-1154329,274262,234000,-306994,123913,36776,-62674,31212,-2570,-5058,3228,-353,-696,340,-150,-8,10,-6,1 # cft deg6 r=4
-161839,186649,1657083,-1452333,2865813,-3109094,2012842,-786976,-333117,424379,-152558,-131006,50268,52018,-22286,-16846,11248,1880,-1647,-340,304,24,-26,0,1 # cft deg6 r=4
-1244,-3012,-7656,-1564,9673,535,6352,-37027,47375,-38059,33889,-31157,20512,-8525,389,4070,-5041,3667,-1908,750,-196,12,14,-6,1 # cft deg6 r=4
1,-6,-227,-1088,-394,9582,28941,25492,-18454,-50196,-27306,13708,23983,8088,-5692,-6156,-802,1650,718,-246,-221,-8,31,10,1 # cft deg6 r=8
841,17835,327219,-497262,420145,-305883,-37204,45509,223086,-192022,88474,-29351,-72644,37782,56935,-36689,-13783,12669,1100,-2163,106,177,-21,-6,1 # cft deg6 r=4
1232471,2725532,-281734,-3198938,989052,2980203,-1636860,-1937744,1972740,1338623,-1426928,-897714,624685,422386,-176510,-127254,34260,24515,-4738,-2936,471,197,-30,-6,1 # cft deg6 r=4
4484,22232,125416,490032,1245719,2231606,2948099,2917527,2153183,1136702,354763,-24985,-107879,-70015,-24391,-3192,1415,1069,517,328,231,126,46,10,1 # cft deg6 r=0
691,-3525,6976,-2773,-17792,46219,-56499,34067,3791,-24758,21851,-17506,20186,-14999,-237,9064,-5368,-654,1883,-574,-137,104,-6,-6,1 # cft deg6 r=8
80125,132750,82750,55550,-40215,-221570,-154261,166484,167343,95634,-25732,-251380,-25018,185784,10250,-78724,3655,19816,-3215,-2474,617,132,-44,-2,1 # cft deg6 r=8
1249,19511,50707,80090,150033,224636,183366,69097,8969,-41215,-119249,-99635,27549,89972,36305,-19629,-18928,-671,4126,1308,-210,-166,-13,6,1 # cft deg6 r=4
-47869,156328,-252931,-39460,292244,11458,-46884,107122,127647,-89540,38140,58618,-18875,-30324,-7434,4130,3647,-328,-1541,-898,-235,6,26,8,1 # cft deg6 r=4
4732816,4453584,6122048,-1424224,-2620468,-4656004,-1818416,-727560,296801,206213,304472,245378,212888,118248,66898,29214,13040,5164,1922,652,232,52,16,4,1 # cft deg6 r=0
24109,-136932,374960,-723732,1167309,-1649710,2121750,-2521648,2614829,-2285464,1808167,-1370569,852398,-296863,-37730,93116,-37623,163,5534,-1944,-13,163,-26,-4,1 # cft deg6 r=0
311,3706,14262,14199,53597,-789,86617,19627,109961,43435,-57500,6889,-68890,6722,35520,-5700,-1383,-1060,-957,420,245,-52,-24,2,1 # cft deg6 r=4
-2305409,428726,10570831,-2120089,-18962243,5246163,18429029,-6462717,-10313200,3343529,4113892,-641374,-1420740,-92870,389414,94457,-69354,-27661,5949,3989,17,-255,-27,6,1 # cft deg6 r=4
1,0,1380,0,2934,0,-1265,0,1427,0,-320,0,-136,0,190,0,-133,0,20,0,2,0,-5,0,1 # cft deg6 r=4
6259,20846,42201,49780,73817,71261,-3205,49795,-17295,-49761,7560,-19272,-8582,4112,3643,4295,1243,-2267,-735,486,149,-63,-16,4,1 # cft deg6 r=4
641,24163,-97512,271037,-322002,-73896,519390,-361066,-205339,406145,-96038,-177057,116470,31359,-49286,2090,12037,-2252,-1926,466,224,-47,-20,2,1 # cft deg6 r=4
151031,236782,617300,176794,287316,-236130,579093,-171550,263958,-346514,307765,-174802,121885,-106732,68065,-32404,15403,-6800,1948,-170,51,4,-25,2,1 # cft deg6 r=4
-141647071,205749555,-39429053,-90571136,28159013,50328847,-14729282,-47122073,43713724,-8864279,-4974185,2467420,-1646491,2617521,-1810028,457128,57449,-43976,-6992,8922,-2110,7,86,-16,1 # cft deg6 r=4
2070041,-5139464,10191469,-11634551,11628403,-7396803,4710606,-1882566,1517579,-918661,929651,-488069,308337,-94488,50167,-11048,9189,-1753,1182,114,20,39,6,0,1 # cft deg6 r=0
51661,236712,588046,1085378,1724185,2563390,3775327,5600182,8454277,11357362,12441819,10860402,7626236,4339750,1982194,693726,161308,9270,-10590,-4990,-1081,-66,32,10,1 # cft deg6 r=0
-26671,139091,-212407,44947,1723,-43574,-15412,-253367,529158,-213968,-48739,79937,-24242,-12359,14933,-9006,151,1903,-491,-306,189,12,-24,0,1 # cft deg6 r=4
170741,-461247,1089574,-1479785,2063812,-2028403,2196955,-1637924,1397661,-735608,523809,-166581,107750,-453,8222,3930,958,-128,-95,-93,85,11,-13,0,1 # cft deg6 r=0
1662419,-2772836,1915441,-1515979,2561900,-3276983,2985242,-2153315,1735707,-1620993,1367454,-911441,582109,-371595,229281,-121856,57062,-23182,8438,-2602,779,-182,46,-6,1 # cft deg6 r=0
282869,-1441659,3845949,-6474044,7306398,-5462460,2356946,-104080,-532020,203548,180886,-261353,154131,-42994,-3624,7580,-1956,-894,816,-206,-28,43,-8,0,1 # cft deg6 r=0
22052441,108603563,240587066,301609609,203279689,11038473,-122024085,-122518947,-46982098,13823747,26941927,14133344,2241097,-1306479,-756626,-23164,116091,47835,4625,-2630,-1084,-122,26,10,1 # cft deg6 r=0
77419,108961,214026,149464,117535,-53397,-55210,-44023,21206,-26011,-18675,-19194,20298,9763,4219,-2850,-2850,-757,314,276,103,-25,-12,-2,1 # cft deg6 r=4
36511,73476,177001,218565,554316,156887,599223,348836,98613,245925,-3977,-58412,27358,-7936,1087,4711,-352,-671,399,-150,53,-8,7,-4,1 # cft deg6 r=0
183119,-1144931,2790879,-2734454,-1081569,5545393,-4919931,-817382,4695795,-2593814,-1125149,1732630,-336766,-422076,262594,12092,-65637,16403,7320,-3558,-194,280,-18,-8,1 # cft deg6 r=8
-1,33,69,-46,-349,-194,1703,-1888,3384,-10365,16630,-14933,11775,-14774,18560,-15992,9288,-3762,957,34,-166,58,3,-6,1 # cft deg6 r=4
501379,1576533,1835308,144559,-2504043,-3841140,-3528952,-2700782,-1603961,-500498,45192,125738,101053,85356,63159,29129,6622,2893,3094,1195,-66,-143,-21,4,1 # cft deg6 r=4
839599,286008,-1701660,108743,2159381,-493247,-1033606,1129906,-414451,-1160337,584078,488890,-58988,51786,59472,5762,-677,-1317,-1131,-144,-25,-18,16,-2,1 # cft deg6 r=0
149,-1684,7897,-20789,36109,-45145,41726,-32926,20161,-11103,6117,-3311,9047,3497,4853,-1335,-365,-782,-156,-107,91,55,-15,-4,1 # cft deg6 r=4
1277119,-3459335,1318192,276351,3978815,-2920403,-1317824,-1079861,2444189,475968,-880077,-538349,395221,151039,-73935,-46414,14651,6477,-877,-996,79,70,6,-8,1 # cft deg6 r=4
-3435776,-15560448,-26210496,-18303232,-1771360,5195312,9187304,15965088,13990827,2249797,-4999835,-2912401,795076,1292331,284326,-177265,-98372,3250,13865,2781,-576,-265,-9,8,1 # cft deg6 r=8
-151,1276,-5151,12890,-21353,21358,-4342,-25996,50086,-50236,29052,-7616,1810,-8010,11452,-7250,2262,-644,298,-48,-9,36,-19,0,1 # cft deg6 r=4
-41,96,1664,3507,-2487,-10660,-1715,9612,4997,-5918,-6094,3852,6402,423,-2084,-61,1093,701,151,-52,5,59,38,10,1 # cft deg6 r=4
379,1025,2950,4592,2942,-1473,-15135,3273,-2669,13719,3938,-19693,11506,-551,-3226,2811,-382,-1231,851,-34,-169,59,4,-6,1 # cft deg6 r=4
-1531,-5391,2154,44844,65770,-45647,-189092,-123683,90485,163917,31648,-123448,-153818,-81393,-11781,8748,5468,2206,1023,212,-117,-80,-10,4,1 # cft deg6 r=4
36571,-346373,982861,-1006025,73706,467759,-291647,-42606,202190,74569,-135282,-68621,44593,33185,5753,3599,3988,1563,91,-60,49,18,-3,2,1 # cft deg6 r=4
9019,31298,25018,3805,-13662,-39186,24102,19686,67303,-48047,-28017,12792,33687,-13191,-9479,-3746,7042,3390,-2406,-948,435,101,-32,-4,1 # cft deg6 r=0
-22201,83790,361701,50807,377662,1064557,476614,-391910,-1385361,-2098331,-2007645,-1476962,-871763,-374012,-105724,-3512,18241,11967,4370,1010,96,-32,-6,4,1 # cft deg6 r=8
-7541,-22742,-85387,-128504,-149971,-74745,20272,-52982,-157663,-27915,26067,-2933,-1651,-14079,-5034,19103,7597,-7167,-2689,1466,517,-151,-36,6,1 # cft deg6 r=4
82081,-237472,309168,53787,-460921,166398,308450,-291670,-68547,230198,-45150,-126043,62391,50074,-36938,-14669,13711,3311,-3109,-527,419,49,-31,-2,1 # cft deg6 r=4
19,152,680,1836,3637,4501,4207,1673,2194,2052,614,-2031,470,-301,1401,-14,115,-920,990,-718,419,-166,48,-10,1 # cft deg6 r=0
1,-9,-25,-190,-415,-603,-210,-360,1620,3125,7080,5527,-752,-5340,-3538,1455,2349,411,-1009,-196,254,10,-25,0,1 # cft deg6 r=4
499211,-481328,799278,-1001355,1574437,-1236253,1533972,-1500854,1357729,-803557,569988,-309432,187082,-76506,39130,-13438,5809,-1795,667,-48,71,-6,4,2,1 # cft deg6 r=0
17893259,20097103,12536097,20965045,18437481,6962296,8613217,10697201,6125534,2207182,582111,-346928,-381514,-53340,48473,25658,12445,-867,-3660,132,679,-44,-44,2,1 # cft deg6 r=0
49081,-494987,1903407,-4358532,5302980,-3670159,1478256,127187,-1044902,975437,-286062,-292548,362155,-43741,-110367,37569,17544,-7131,-2286,654,354,-52,-31,2,1 # cft deg6 r=4
35865239,-77642743,41030891,36571747,-63628670,10554704,34513134,-16839460,-6016307,6557115,-1424212,-1301798,755208,152806,-119630,-7770,14603,1032,-2019,-228,178,0,-12,0,1 # cft deg6 r=4
1831,1707,51215,104517,405891,327192,248265,21383,-151995,-458549,-180973,466077,228575,-212425,-109171,48740,26967,-4643,-3188,-106,61,23,12,4,1 # cft deg6 r=0
125,500,1000,1275,1480,4130,6279,266,-10240,-15073,9304,17178,909,-4381,-2461,451,1025,-280,-213,168,63,-23,-12,0,1 # cft deg6 r=4
-2869,-19875,-64516,-22855,-29372,296230,270408,433458,443865,318876,349191,260538,167092,114809,60333,32368,18523,7381,1905,249,-200,-141,-25,2,1 # cft deg6 r=4
361,-1767,1497,8088,-7862,-19274,30504,55522,-8826,-43017,21136,-4076,-25627,31231,-15351,6966,-1681,-856,632,-364,131,37,-26,0,1 # cft deg6 r=4
1,34,-15,193,6,182,135,-542,-81,-1908,-246,-2361,544,-530,1527,701,947,345,-69,-72,-108,-68,-3,6,1 # cft deg6 r=8
19,-509,1621,-2223,2127,-2078,5622,-7843,-470,3698,691,-3770,4493,727,-3038,-870,1578,447,-500,-144,110,23,-14,-2,1 # cft deg6 r=4
180196,-1003216,4221646,-3771364,5932211,-8191537,1505445,-926018,1375152,1756964,-397351,-904912,229441,154688,-45552,-30444,13458,3737,-1584,-928,331,54,-18,-4,1 # cft deg6 r=0
1159,-3274,-4083,22254,-7611,-65422,104634,-13888,-114906,124638,-33833,-34470,37694,-15248,3119,-458,-405,226,170,-266,76,38,-10,-4,1 # cft deg6 r=4
19,547,2813,7069,8690,1533,-4457,943,1912,-4483,-6948,-3310,6224,8410,-1771,-5818,-386,1503,406,-58,-125,-19,12,2,1 # cft deg6 r=8
88169,203194,1588529,-812316,2885442,-957458,1418827,615127,-831339,667806,-456218,-118099,200326,-73543,29852,6826,-10427,-1396,1961,116,-124,-2,-3,0,1 # cft deg6 r=0
218579,572171,761489,668168,148456,-365137,-12593,514791,121999,-130746,43467,44337,284,-37269,32849,-7805,518,-355,1404,-238,-42,82,-1,0,1 # cft deg6 r=0
-57361,-224839,-358146,-526293,-740122,-214053,1322993,3168371,4361852,4488573,3742757,2622724,1629911,959849,547332,278633,109539,25329,-1505,-3803,-1423,-207,17,10,1 # cft deg6 r=4
1,18,12,-19,152,-182,-223,744,-1402,1133,474,-2682,5153,-6657,6637,-5461,3593,-1924,865,-244,-11,35,-12,0,1 # cft deg6 r=4
-16,160,-352,-1088,6584,-11064,-6220,63292,-121517,93060,43837,-186443,177869,-8842,-103233,64672,-3404,-9210,3315,-394,-131,106,-17,-4,1 # cft deg6 r=12
3191,-19452,-67125,22425,20123,30678,10485,-3987,-2312,15085,-22586,2895,-3599,1650,3040,-2865,4,1329,-153,-392,64,62,-13,-4,1 # cft deg6 r=8
-73721,330269,382594,-643397,-1817801,-3711530,-1760320,-478268,1995742,1401699,992657,63475,56673,-75544,-6730,-18222,2914,-1706,935,-188,232,-84,24,-8,1 # cft deg6 r=8
-40336,-116128,409040,2842992,7053320,10064768,9089088,4992360,1011351,-949794,-1026265,-522009,-128102,19687,22002,13678,2616,1526,1059,208,153,14,-2,4,1 # cft deg6 r=4
240064,3041984,15630432,49433440,81236024,82620040,57137828,24699616,4715233,-3356749,-3476850,-1937753,-696712,-91594,49513,61110,25426,6123,-324,-946,-271,-24,20,8,1 # cft deg6 r=4
1,-12,56,-124,113,92,-577,1174,-1162,499,824,-1235,343,79,-828,223,443,-15,32,46,-53,-38,3,6,1 # cft deg6 r=8
1875221,-3205770,-4261363,2542141,7531328,3102739,-9499512,-3703168,5560347,1756854,-1372298,-486291,-39243,22831,107120,47182,-21595,-18242,33,2692,381,-172,-36,4,1 # cft deg6 r=8
-781,765,-3525,7046,-15407,36378,-39161,67676,-135430,121948,-7249,-69630,49341,-5493,-12093,9128,-920,-2304,1295,-288,-113,78,-9,-4,1 # cft deg6 r=4
199,3147,20654,65801,136018,109030,-35433,-57577,-152695,-147752,-107057,-132323,-77053,-20537,3016,16562,10610,1211,272,874,285,-42,-22,2,1 # cft deg6 r=4
-11056,64512,314832,-1572656,-833112,5893640,-2257340,-5254908,2550637,3283334,-1558558,-1571186,702692,519118,-216593,-118094,45040,18184,-6181,-1884,565,120,-32,-4,1 # cft deg6 r=12
-2869,-1426,22588,36143,1295,21439,134689,58327,-239296,-255496,82634,230104,46763,-97009,-48671,23127,19252,-3476,-4444,355,599,-19,-41,0,1 # cft deg6 r=8
-431,-1057,-7022,-22030,-15083,30562,48350,10508,-8192,-82,-21910,-38422,-3354,29420,15918,-7738,-9078,-516,2204,694,-195,-129,-8,6,1 # cft deg6 r=4
-59119,369804,982699,2317623,1880105,-43548,2246733,-1055923,-2237312,-567363,-1085442,-1042871,-301537,8843,183055,162230,9910,-36281,-9469,2844,1167,-74,-56,0,1 # cft deg6 r=8
-137771,-1151579,-249966,-3502864,-2641545,1341364,-1684067,-98319,471949,-3947983,-367494,-754087,647530,119563,83606,-11983,-14303,-6068,-641,532,359,3,-22,-4,1 # cft deg6 r=4
-442324,-815656,1268506,1492236,-1321497,137540,16793,-1960849,865543,1814144,-482380,-1084125,279112,361932,-115501,-84236,38875,12295,-7738,-1262,958,41,-52,0,1 # cft deg6 r=4
2281,29370,88088,-28190,29473,-70018,106948,77080,-185094,170126,-69370,24814,15556,-30012,14673,10082,-11323,2632,1187,-800,138,20,-23,2,1 # cft deg6 r=8
89,-572,1900,-6596,20804,-79500,76836,-65622,90015,-82822,10567,7086,7577,-9912,3496,-2464,-1015,1224,52,-38,4,-34,-1,6,1 # cft deg6 r=4
-10384,30464,-2240,-144896,369652,-381744,-127400,963120,-1504373,1291672,-600611,-1230,199950,-130864,19849,20918,-15848,3262,900,-798,120,34,-15,2,1 # cft deg6 r=4
199,-1717,6639,-13857,12983,5998,-26323,15413,15931,-18729,-6934,13823,1463,-6648,710,1287,-639,-308,301,220,-21,-27,-6,0,1 # cft deg6 r=4
545549,2413903,4552431,4069724,948375,-1102238,91363,2142092,2183556,721465,-49727,230768,449517,232812,40242,1532,5150,4885,656,-592,-31,70,28,8,1 # cft deg6 r=0
48091,-122593,71258,212968,-417127,202402,256557,-389820,122166,111293,-19654,-167181,188957,-68733,-21101,30603,-8068,-2846,2464,-307,-165,79,-9,-4,1 # cft deg6 r=0
199471,-270455,-2483858,-1536295,11474694,35239034,55926990,62724907,56227279,42628127,27881658,15950589,8112318,3676722,1471355,522247,164669,44343,10253,2278,451,88,35,10,1 # cft deg6 r=0
1,0,78,0,901,0,2009,0,1670,0,52,0,-609,0,-140,0,136,0,18,0,-20,0,-1,0,1 # cft deg6 r=4
4651,-27297,44878,-77714,-83083,41246,-89822,-113072,40760,15242,-18086,35400,-24694,-109181,-57892,31069,45905,17662,-322,-2575,-845,-37,45,12,1 # cft deg6 r=4
-3807491,-27503058,-50974806,-34415397,-22894879,-10914039,-6716502,3117225,15101798,6161924,-3851300,-3306846,-482734,531717,336198,20546,-53679,-17841,3091,2423,74,-169,-21,6,1 # cft deg6 r=8
9019,87312,212157,171947,958684,753842,580960,-1776272,970205,-1462833,1146225,-409775,175083,-57656,-10218,30196,-2931,1024,-262,-252,228,25,-16,-4,1 # cft deg6 r=0
653264,2887376,1258224,-9319264,-9317924,16006100,19246628,-14450628,-17263537,7689971,7808824,-2745470,-1815248,796531,153671,-193253,18380,32563,-5872,-3168,687,162,-43,-4,1 # cft deg6 r=8
-571,-98267,163931,-258853,146968,-342491,-19108,528081,139872,-122271,208775,266214,-3840,-79087,3789,27951,2296,-6809,-1586,1069,484,-15,-35,-2,1 # cft deg6 r=4
-19991,255663,-364638,-408410,62232,1885054,567364,-4139319,-2785458,3676604,3740957,-1675471,-3077626,-433652,934839,410045,-79968,-82289,-6105,6580,1260,-211,-62,2,1 # cft deg6 r=8
-16001,-14615,112906,435567,697646,536169,-188376,-1473421,-795985,1559379,500915,-502975,-34764,-167758,122601,226,-3242,4222,-3245,-900,397,122,-24,-6,1 # cft deg6 r=4
62248469,92544136,195216045,165896925,125209374,21664234,23458878,21655562,28461581,2796825,-6214029,-6655132,-639580,932521,640317,7287,-73074,-26179,2968,2346,433,-112,-39,2,1 # cft deg6 r=0
25411,-94687,227695,-298044,321385,-359291,464853,-550622,503541,-361640,295931,-252018,186897,-94490,28875,-3102,373,-1749,1378,-338,-88,81,-12,-4,1 # cft deg6 r=0
1912529,-2669513,1888174,-4497593,1295932,891184,14769973,15774163,16413375,7857403,3845161,49430,-320736,-550633,-145321,-44649,24286,8270,3601,-442,-197,-93,2,2,1 # cft deg6 r=0
1019,11864,60747,186226,383701,555369,564672,373837,86935,-146899,-228245,-154309,-24954,46528,39050,7334,-6661,-4261,-214,576,182,-25,-22,0,1 # cft deg6 r=8
-1,-1,54,16,-644,347,-1634,565,2987,2094,821,-7572,1455,-939,4844,-1367,-797,-345,221,88,39,-31,-2,0,1 # cft deg6 r=8
-65869,-195832,83142,950898,1441959,1048534,145345,-1062906,-1406169,-123518,880821,389870,-248878,-187298,29728,49260,3654,-7656,-2154,582,365,2,-30,-2,1 # cft deg6 r=4
-7020919,12365727,-642509,-28167786,10530604,-10935669,14407288,-18364271,5767181,7764556,-12106937,6818693,-943096,-1221944,805243,-134217,-70754,39484,-3448,-2649,755,43,-39,2,1 # cft deg6 r=4
52441,-7786,-292598,-18930,672313,198212,-653863,-305810,283733,200854,-29291,-66376,-12718,3768,1808,92,2516,534,-412,-326,17,50,8,-8,1 # cft deg6 r=4
126839,439950,407790,477576,1189167,1485777,1222175,879635,967937,846854,644502,377726,172683,39676,-669,3826,7048,4897,1428,-24,-49,16,14,6,1 # cft deg6 r=4
1159,3284,-8832,1137,26489,-23828,-15330,34412,7679,-37488,14094,16743,-8697,-6836,6556,531,-1803,261,357,-193,-3,35,-5,-4,1 # cft deg6 r=4
-16,-272,-672,4880,24476,30212,-5864,-38880,-47263,-41449,-10660,12697,11204,9206,10308,4752,-3200,-3873,-527,667,230,-35,-23,0,1 # cft deg6 r=12
-86719,-88295,642545,1171949,-95176,-817404,877748,1454211,-346771,-1001362,87435,509139,27252,-180665,-34135,39698,11696,-5424,-2162,476,269,-22,-23,0,1 # cft deg6 r=8
103969,442453,604218,-1030554,-1780250,512448,1381854,330981,-383682,-478696,60095,402983,116242,-139088,-94609,-1661,19242,8871,837,-1062,-540,-61,28,10,1 # cft deg6 r=8
100979,-765259,9203,2006083,-528366,-1323261,102020,-310107,1173504,-211431,-272749,-160873,145067,103802,-45251,-49578,14513,14628,-4782,-1906,661,136,-41,-4,1 # cft deg6 r=8
-2384,12208,-32976,64608,-102472,141968,-188076,242872,-290817,308681,-284482,236152,-176714,116251,-70405,37343,-17128,6939,-2285,434,62,-101,42,-10,1 # cft deg6 r=4
51179,-154746,27185,222085,-314062,216416,265187,-253896,-26683,-51760,-152893,44117,81839,19961,17495,2370,-15931,-7636,2144,1976,105,-171,-30,4,1 # cft deg6 r=12
234371,-689758,-1090246,3099092,-601118,-2555076,2917591,-2315168,1783039,-1137654,374322,62318,-136876,63220,-941,-9272,3210,-54,-540,460,-213,12,29,-10,1 # cft deg6 r=12
-15376,-138384,-345216,-128464,624956,827252,28392,-699608,-580031,53083,400050,187105,-100157,-108252,1479,29330,4646,-5176,-1240,723,216,-67,-25,2,1 # cft deg6 r=12
2129,-2660,-33461,101550,-162731,118602,99521,-58520,40789,183110,-13224,-69622,66952,10282,-27964,6486,2857,-2810,725,272,-173,36,3,-6,1 # cft deg6 r=8
-5309,45118,19887,-106038,73174,30916,-99788,-70648,47973,59732,-52668,-16802,72750,11700,-24291,-6166,-37,-210,671,168,-32,8,-11,-2,1 # cft deg6 r=8
-4336,-71392,-179280,-160448,-30336,93368,115428,-44204,-213377,-122164,164910,151073,-145928,-81030,80053,7919,-13506,-2941,422,1378,62,-178,-13,8,1 # cft deg6 r=8
126736,-371664,112880,424240,65708,-545892,-504848,1126392,-250563,-305761,21070,238675,-139548,-45454,67094,-10619,-13505,7147,1387,-1962,593,32,-45,2,1 # cft deg6 r=4
-27709,-113424,185843,160827,-497456,367319,597148,-909411,-269429,694661,-144003,-343202,180485,143032,-59393,-18849,31913,6409,-7238,-1253,826,93,-47,-2,1 # cft deg6 r=8
2665639,5548588,-1645005,2043376,1627667,-4924428,3159266,-3102750,884138,-453762,72589,-1664,47035,-444,19474,-1730,1314,1278,414,80,118,0,-10,0,1 # cft deg6 r=4
256,-2816,14976,-41248,12256,12128,103080,9102,-94627,-234402,-52020,56970,92167,112912,85692,46658,20052,4706,-496,-950,-433,-32,40,12,1 # cft deg6 r=4
2767559,-1014860,776678,3192594,2110253,877362,1970984,836362,2341052,196228,1014299,-217232,382810,-34890,146001,26140,40362,10612,7027,1510,755,92,43,2,1 # cft deg6 r=0
13239491,-44722654,106024083,-153948552,196460156,-188784964,174601344,-122536660,90789443,-47216408,29743090,-10890772,6270768,-1327124,863100,-29564,85977,12822,8147,1516,756,56,44,0,1 # cft deg6 r=0
3936256,0,85946880,0,52091136,0,-11713072,0,6561345,0,378736,0,638076,0,-11670,0,-6922,0,2604,0,577,0,42,0,1 # cft deg6 r=0
166291,13417,191568,-2213,337110,191415,-64318,-5997,226603,1679,-186913,-45075,115536,44390,-46007,-26470,17938,7108,-4961,-728,753,-18,-42,2,1 # cft deg6 r=0
1625899,6549236,15080594,7832156,21819661,9746210,27396703,8901390,18979343,1782728,6400721,-811932,1428146,-91410,465786,172376,150625,62024,26123,8256,2173,476,81,10,1 # cft deg6 r=0
23599031,13906296,2574031,-24396238,12709025,24739784,7327965,-9983406,-2851612,4391348,4032002,402758,-597402,-320434,55384,102754,76527,36170,15712,5258,1680,394,81,10,1 # cft deg6 r=0
304,-1952,8240,-10208,42620,-27832,96040,-28892,61579,-13680,-14839,6039,-8806,-588,7279,-1584,580,852,-1362,6,349,-27,-30,2,1 # cft deg6 r=0
-455659,-6137185,-31141703,-83911308,-139427151,-146474724,-87925731,-10295068,28250120,20946955,1467610,-5862061,-3062497,141122,674110,194880,-44548,-36054,-3151,2712,684,-74,-41,0,1 # cft deg6 r=4
27169,140109,210360,-50075,-439924,-334508,244094,470066,45664,-321501,-130947,154660,71429,-55426,-15875,10663,1708,-387,-238,-228,60,50,-11,-4,1 # cft deg6 r=8
125,1125,4050,8250,14680,22990,24004,635,-40790,-61598,-50101,-25943,1994,21603,19642,6247,-1853,-2377,-814,50,178,42,-17,-4,1 # cft deg6 r=8
-1,-24,-68,770,1585,-18357,51040,-74084,62817,-27923,2299,2728,616,-2434,2349,-1681,1130,-708,372,-169,73,-23,7,-4,1 # cft deg6 r=4
17471,187044,774574,1519543,1183890,-629290,-1842321,-708683,841057,756162,-51705,-218143,-52964,3771,12491,2811,-3205,-728,571,428,86,-39,-10,4,1 # cft deg6 r=8
1,-3,-70,83,1404,375,-2232,7514,482,-2039,3772,1323,736,1253,-2433,-74,2181,-154,-764,152,181,-32,-23,2,1 # cft deg6 r=8
-1129,355,2889,7173,37409,-229732,437210,-155721,-240555,264985,-15343,-131934,-32761,-41543,12280,45073,5283,-12628,-2909,1627,498,-97,-37,2,1 # cft deg6 r=8
419701,430817,-56053,145959,650825,363863,-89320,169177,327830,76076,1484,76534,55102,10963,13099,10583,3328,2499,1611,523,209,87,19,4,1 # cft deg6 r=0
176,192,-288,2638,8789,10325,10829,5331,-7537,-10580,-12304,-6525,1001,-1007,6856,1563,3121,1624,974,589,205,91,23,4,1 # cft deg6 r=0
4661,-26143,79554,-176239,304136,-422474,489697,-489084,437806,-366448,289886,-210704,135762,-77497,42541,-24610,13036,-4319,-123,892,-372,21,31,-10,1 # cft deg6 r=0
-95,-260,-585,-6055,-1796,13371,16675,1843,-45037,-22461,32211,21164,-10426,-7158,5107,4432,750,-261,-263,-34,67,21,-8,-2,1 # cft deg6 r=4
192721,13609,-15696,132538,-303158,-215381,284824,-521,-132410,167960,97005,-169426,-53320,69183,29551,-20689,-7897,2731,2412,-598,-342,105,19,-10,1 # cft deg6 r=4
-409,9893,-47980,-25157,82624,157442,-100315,-183013,-38382,205136,85810,-171029,-12822,44004,15700,-8191,-8522,663,3840,-1082,-396,197,-5,-8,1 # cft deg6 r=8
-401,-3044,-9444,3959,71671,118901,73062,88405,81463,-178168,-329040,-109492,85014,33266,-60679,-47650,869,12753,3692,-1085,-784,-106,26,10,1 # cft deg6 r=4
72361,-221925,464876,-441669,146188,207311,-55756,-377332,617739,-412752,-178345,319461,-98651,-143328,160689,14936,-60497,6748,10508,-2294,-836,271,17,-12,1 # cft deg6 r=4
2401,-16807,6860,80948,102214,-346675,605353,-653835,433225,822,-346216,371976,-194980,14628,75041,-86683,57369,-24594,6549,-272,-582,247,-13,-8,1 # cft deg6 r=0
349,2736,8116,13063,23051,27335,19965,21197,-2802,-2187,-14155,-8992,-3709,-1365,3045,1238,1040,-821,21,-220,98,41,-18,-2,1 # cft deg6 r=4
1331779,4214645,7704365,8159707,2647128,-5147070,-7731288,-2308265,4120557,3751980,-602139,-1984625,-300850,630830,182328,-141845,-46021,24174,6416,-3083,-433,256,2,-10,1 # cft deg6 r=4
46511,-468712,1817732,-1075643,2600727,-3833392,-2176747,4802722,303801,-2592363,524897,582056,-270694,-4309,56334,-32690,-102,6968,-1206,-910,248,69,-19,-4,1 # cft deg6 r=0
499,-493,-9211,38257,-59817,45700,-4194,-60312,97947,-45825,-38178,56342,-17026,-13125,12908,-2228,-2627,1666,-54,-317,107,22,-17,0,1 # cft deg6 r=4
-9329,2956,-84601,-111982,-56706,-301562,74126,-216964,-141621,31784,-69508,51566,72199,-15906,-6678,21226,16236,6496,1695,-182,-353,-90,10,8,1 # cft deg6 r=4
3025,48400,266475,499125,239155,-279665,-384345,-64895,260236,82554,-55129,-119622,-7867,16545,23068,3024,-2858,-2745,-53,202,190,-8,-24,0,1 # cft deg6 r=4
625,6875,15500,-11800,46955,1045,-790,50455,-2219,6019,18549,13238,-4414,5990,5706,-816,651,686,71,122,15,-40,-1,6,1 # cft deg6 r=4
1,0,-14,0,-27,0,-5,0,-106,0,7,0,174,0,201,0,120,0,12,0,17,0,-2,0,1 # cft deg6 r=4
625,6875,33250,73350,78520,43455,25495,9240,-5084,-24216,-14902,1192,10099,5989,1558,-250,1125,1975,1438,527,52,-52,-21,0,1 # cft deg6 r=0
22129,-164669,641137,-1764299,3736333,-6060589,7098084,-4930699,-607887,6973067,-10664703,10120642,-6691777,2976567,-649734,-186637,233887,-101182,21014,491,-1500,342,-9,-8,1 # cft deg6 r=4
238400,-568800,1005200,-987200,-159540,1361680,-1311495,419765,188076,-161692,-79676,138847,12484,-154733,109077,11868,-43890,14065,3503,-2898,323,155,-39,-2,1 # cft deg6 r=8
63001,-135289,57654,28695,34018,57524,-314216,217628,177048,-283526,44620,113228,-60063,-19564,23214,-1284,-3051,-972,1526,-121,-310,92,18,-10,1 # cft deg6 r=4
361,3040,10465,23008,37864,40526,49717,58293,91453,100716,85904,32107,-5292,-14064,3531,14692,13141,5174,419,-702,-410,-60,25,10,1 # cft deg6 r=0
3481,-59,-18934,-46043,-58632,-38976,4613,42048,45396,19719,-3203,-925,13626,16726,6193,-2869,-3311,-358,801,362,-35,-59,-7,4,1 # cft deg6 r=4
56471,313183,894937,1725903,2552738,3114808,3222032,2944601,2507184,2076963,1665819,1198416,742972,406946,225290,134940,76682,33024,8353,161,-712,-215,-4,8,1 # cft deg6 r=4
22249,-156750,611622,-802015,44523,618838,-630441,892128,-757112,-493470,1185867,-294352,-549788,308768,108839,-107347,-3645,19208,-2442,-1877,477,96,-36,-2,1 # cft deg6 r=4
349,-3999,26060,-115255,357923,-808692,1385104,-1871446,2073306,-1961149,1651089,-1276121,908798,-581153,319768,-143159,47246,-8237,-1675,1797,-622,85,15,-8,1 # cft deg6 r=0
15581,-10629,53853,-62467,75709,-99698,100726,-73382,64857,-50945,16788,-5200,28680,-32695,5114,11172,-4453,-3012,2476,-235,-287,84,11,-8,1 # cft deg6 r=0
30995,121465,214335,168720,96286,44503,97289,63595,15697,-9947,-12782,-38440,-15930,15070,14199,-1692,-3577,-251,300,9,47,13,-12,-2,1 # cft deg6 r=0
361,-209,-2876,2691,7060,-12447,-3446,21914,-11543,-17729,13180,9881,-7984,-7677,6167,551,3592,-3069,16,-89,165,42,-25,-2,1 # cft deg6 r=4
-305,-1395,615,7500,13111,-17846,-8918,-9702,30646,-12184,7931,-14328,6397,-1556,3745,-2892,1052,-960,804,-280,67,-59,37,-10,1 # cft deg6 r=4
-6571,156337,-567711,1364850,-1302574,-105352,2484740,-2361430,883526,1082295,-1283660,504751,212644,-319515,119545,36632,-45204,7901,5069,-2154,-52,169,-22,-4,1 # cft deg6 r=8
-1,20,-31,26,1188,-2653,-1789,1698,9469,4479,3497,2026,-1723,4026,-1630,2014,237,-412,674,-466,253,-110,34,-8,1 # cft deg6 r=4
-1,42,-655,4963,-21072,71938,-127336,-7375,371967,-574222,409351,-127681,-67667,127301,-87719,32688,-961,-8778,7159,-3598,1338,-366,76,-12,1 # cft deg6 r=8
125509,212590,-219803,238087,855190,-408962,-817056,-1108913,849402,266632,487036,-553968,170661,-161145,104616,-23179,8000,-2354,58,-920,338,89,-36,-2,1 # cft deg6 r=4
10009,-21074,-20142,3024,-10561,12727,11978,-10987,6461,12736,-13539,-8129,10227,3818,-5330,-1684,1774,562,-413,-116,81,20,-12,-2,1 # cft deg6 r=4
125,1500,9425,38750,119110,283610,533931,783805,927705,922174,780982,565635,348262,170022,61845,12908,-611,-1394,-411,124,92,4,7,-6,1 # cft deg6 r=0
-1,-1,5,-266,575,187,-1320,1512,-2178,3277,-1836,-1773,3298,-1414,-697,872,-144,-227,199,-69,-16,22,-1,-4,1 # cft deg6 r=8
1,3,-4,-7,24,127,206,156,34,-109,-303,-336,-44,238,171,-108,-263,-230,-108,-14,30,32,18,6,1 # cft deg6 r=4
6089,36883,148400,384915,701725,904611,810330,447895,69326,-104818,-75240,8653,39489,21074,-1743,-7951,-3939,71,968,338,-68,-65,-7,4,1 # cft deg6 r=4
133979,692187,1657577,1952009,1414984,149354,-728966,-708141,57080,432270,335111,36462,-120677,-54620,11228,16449,4745,-2633,-1715,331,276,-31,-23,2,1 # cft deg6 r=0
-54333355,21047485,120653421,-34515893,-123894728,30656032,83398658,-19084211,-40702807,9095432,14762234,-3383344,-4004573,991083,804808,-227897,-114568,39596,10200,-4776,-344,333,-20,-8,1 # cft deg6 r=4
1,-29,428,-997,847,-599,6102,-4167,15549,-4020,14256,-7139,-751,-6092,-3494,-1049,260,453,633,63,71,-16,-20,0,1 # cft deg6 r=4
801025,-3123550,6684275,-5077900,-473295,5301095,-5428370,366320,3253436,-1572099,-1646672,2576351,-1157753,-439201,690406,-167330,-104264,57720,2471,-6445,581,320,-45,-6,1 # cft deg6 r=4
158479,572040,2810203,8441356,15775714,23397299,28202182,24156496,12816589,3048533,-609140,-519152,56724,173234,96987,34733,7098,-654,-1027,-526,-192,1,31,10,1 # cft deg6 r=0
72381431,-124086600,174800774,-89992669,46000676,27594388,-6441369,12379954,4135487,-396527,1202363,-270827,-15576,3263,-37132,8763,5517,-671,541,-302,101,56,-11,0,1 # cft deg6 r=0
17833381,-38185534,21120058,21884148,-29444981,408167,15691977,-3517133,-7317242,3255124,2174416,-1987685,-304388,586167,-67108,-98606,38011,9137,-8200,-632,919,54,-48,-2,1 # cft deg6 r=4
22021,-199728,771555,-1611016,1819818,-786848,-375322,98918,1039167,-1118858,1569,715545,-402531,-97024,170001,-32509,-27830,13625,1097,-2063,239,146,-30,-4,1 # cft deg6 r=4
2659,-15240,50173,-120380,230090,-360351,465226,-500104,456604,-367303,278209,-218924,185713,-150162,95776,-38728,3189,7260,-5291,1884,-304,-46,40,-10,1 # cft deg6 r=4
64,-448,768,888,-4664,5936,-1149,-3399,-968,9118,-9229,1069,3306,-1501,-1018,230,424,-46,-366,132,89,-48,-14,4,1 # cft deg6 r=8
19,126,380,287,-1109,-3483,-3665,-1491,1819,2941,1804,320,182,-1133,584,-1045,838,-552,506,-273,135,-74,30,-8,1 # cft deg6 r=4
276481,697041,625976,319352,395955,-184393,-803624,-379255,575657,428833,-177631,-270966,21443,113034,4685,-34342,-1995,7415,289,-1123,16,110,-8,-6,1 # cft deg6 r=0
421,-1374,676,-9890,-48777,-47606,-12277,-28741,-37982,39536,51288,-14600,-37248,-3590,16919,8718,-2442,-3208,-276,581,189,-22,-19,-2,1 # cft deg6 r=4
-5,90,-425,770,726,-6871,9220,833,-21106,28900,-13643,-5581,12571,-7495,121,2357,-1368,261,126,-90,-3,7,9,-6,1 # cft deg6 r=8
-3779,-22546,-57584,-35715,250618,948403,1689135,1642213,550153,-615462,-786206,-169056,266622,173015,-35309,-56912,-682,11018,590,-1464,-7,132,-11,-6,1 # cft deg6 r=4
17429,-25453,59009,-87899,35162,-118012,-61899,-96792,-74072,-50370,16443,-1401,22401,38281,3577,-23184,-5966,7261,1692,-1441,-172,173,-5,-8,1 # cft deg6 r=4
16871,18060,-60570,-336464,1442863,-3080105,4581912,-4888766,3545943,-1196592,-699627,1147091,-533597,-77901,201442,-70673,-17792,19709,-2712,-2018,676,69,-49,0,1 # cft deg6 r=4
764849,-56392,-1569758,619726,1990959,-1229784,-2144971,1107126,1791810,-526225,-1052564,121633,429783,650,-124242,-9114,25825,2913,-3860,-486,406,46,-28,-2,1 # cft deg6 r=0
1128625,11334775,62839499,157878917,189799699,78318208,-61698815,-81652013,-14259257,26401200,16644716,-794159,-4306768,-1281579,374975,304360,27796,-29030,-8925,836,800,54,-36,-4,1 # cft deg6 r=0
-11,-879,-1079,2312,465,-55,-2200,-2888,-11609,-2923,-26274,-6348,-25244,-8322,-13183,-2924,-10,1093,-386,117,-84,-107,-1,8,1 # cft deg6 r=4
32309,-82359,235485,-159114,243807,232536,89917,439606,185525,-42081,31873,-92144,-53302,68901,39678,-11869,-13619,-1397,2990,1395,2,-93,4,8,1 # cft deg6 r=0
58969,421276,1203404,1874102,1025872,-1237348,-1389733,1891194,4004185,1992869,-809968,-1155985,-104986,380816,184773,-29051,-52372,-13508,3060,2302,250,-121,-32,2,1 # cft deg6 r=4
3475,2275,1450,31150,-41430,88340,-92795,109525,-89861,72912,-30500,-3658,30738,-31127,19899,-5071,-1990,3405,-1857,609,-33,-48,28,-6,1 # cft deg6 r=4
625,0,45000,0,-58500,0,-64250,0,230800,0,-278650,0,195655,0,-88260,0,26126,0,-5002,0,589,0,-38,0,1 # cft deg6 r=8
-5,590,-2670,22365,-69924,131536,-267128,551739,-333145,-58950,436412,-245157,-124332,54338,-3661,51538,13555,-29388,-5642,4326,787,-248,-42,6,1 # cft deg6 r=4
3136261,-11116575,23704497,-34125095,42112709,-46752965,47703877,-40487220,27224862,-13783935,5646818,-2343115,1358464,-787025,314536,-48310,-13471,4770,2904,-1790,247,85,-25,0,1 # cft deg6 r=0
39930721,-195872521,458527764,-675249123,694309966,-521691482,289194088,-114497907,28716324,-3140415,984245,-2153863,1725729,-678636,82810,41464,-13036,-5996,4492,-760,-199,90,1,-6,1 # cft deg6 r=0
3005,10590,29995,23615,10689,29137,23801,-31760,50577,17405,-29007,-5478,17723,448,-2163,14,-1698,405,747,-294,-11,-25,33,-10,1 # cft deg6 r=0
42589,196084,547574,988690,1381883,1497910,1415430,1123409,850004,541157,351321,177962,110784,54962,35788,11332,3055,-632,-317,-238,4,10,11,2,1 # cft deg6 r=0
42079,-200375,531968,-945476,1313198,-1540978,1706985,-1846687,1734104,-1287702,754699,-377523,197041,-130727,95627,-63006,35920,-17739,7587,-2890,977,-278,64,-10,1 # cft deg6 r=0
-21179,6948,292814,-112152,-647699,-1674510,3271157,2498924,-4570828,-1563225,2788942,554003,-783209,-118828,56588,16014,18127,-3203,-4096,1020,388,-138,-26,6,1 # cft deg6 r=12
57591,-67068,-217647,458919,-200367,-365871,550177,-258955,169700,-192446,-216217,515621,-152662,-268463,216197,6012,-65150,20565,5013,-3778,263,218,-38,-4,1 # cft deg6 r=8
-14561,106773,-308866,683098,-1013721,1186502,-925790,403051,183545,-504463,487488,-267427,44594,60611,-59736,23776,886,-6061,2984,-540,-69,74,-20,0,1 # cft deg6 r=4
-1242361,9286996,-16199665,1471176,20828066,-17983480,-1809194,10069021,-4798546,-470169,1260922,-476534,52836,4555,-195,7951,-7827,1269,1295,-596,3,36,5,-6,1 # cft deg6 r=4
-475,-1425,4460,20555,37331,73318,27019,-92650,-52892,49421,-4039,-63083,-12374,21187,-252,-8459,1281,3235,268,-304,5,-10,-19,0,1 # cft deg6 r=8
2641,14054,31839,-24927,-118905,37016,180042,-59298,-132757,30137,71439,-5329,-27030,-3101,8292,3016,-1673,-1321,149,287,26,-29,-8,0,1 # cft deg6 r=0
409,-2183,6749,-14446,23845,-28239,22437,-7539,-2987,3718,11278,-27198,30426,-15974,-1471,5696,-809,-2001,1419,-370,-60,76,-12,-4,1 # cft deg6 r=0
-475,-1425,22935,-82680,150471,-138459,3807,136366,-124166,-32846,139166,-88548,-17607,46167,-9284,-11903,3483,2280,-56,-553,-60,89,4,-8,1 # cft deg6 r=4
2011,-25749,12684,-122781,-29549,-120702,-133851,41760,11918,-23291,64949,-5273,-22575,85443,76419,-9129,-33224,-7881,5502,2410,-273,-245,-13,8,1 # cft deg6 r=8
-203521,42536,548940,-975857,3181554,-840237,999698,1003326,-1494976,-119682,51261,-129846,302423,18686,-126193,12976,25510,-9311,1171,140,-358,137,1,-8,1 # cft deg6 r=4
79,1502,-141,-20398,-66627,-48558,111978,174544,-21755,-148791,-34035,59987,27487,-8581,-9166,-3605,1992,2123,-442,-516,105,67,-15,-4,1 # cft deg6 r=4
58081,-260762,639736,-1138581,1570385,-1550237,767172,666691,-2334514,3807538,-4602559,4267869,-2884877,1220366,-89436,-290111,228985,-88256,14652,2472,-1837,335,6,-10,1 # cft deg6 r=4
991,16828,66736,-32848,73316,-30984,-157089,236669,-246979,168136,-14894,-64679,48172,-4589,-5157,4082,758,-7415,6064,-2702,1092,-308,58,-10,1 # cft deg6 r=4
8725,-69875,264375,-495475,658420,-763290,725470,-591770,448349,-293274,181813,-104013,54613,-25874,12064,-5345,2238,-1034,551,-191,11,-10,20,-8,1 # cft deg6 r=0
-179,-706,2320,7755,-15296,-26446,57790,29065,-112016,15923,101297,-54239,-36670,41573,-2739,-15006,5735,2457,-1563,6,199,-56,-20,4,1 # cft deg6 r=12
-38851,133263,-22417,-390704,391206,239970,-430121,-61212,196311,160714,-246114,-3256,119435,-34754,-32966,20682,3965,-7194,1681,778,-504,58,28,-10,1 # cft deg6 r=8
-19,117,67,-1348,4242,-4300,-5561,14930,-11579,5227,-4148,5805,-4715,-2980,6416,-284,-2902,244,1225,-376,-164,76,9,-8,1 # cft deg6 r=8
-29,290,932,-6515,-233,42551,-72363,4855,104363,-92501,-33240,88584,-20918,-38691,23036,7713,-9578,260,2136,-493,-235,102,6,-8,1 # cft deg6 r=8
7019,-18105,-408779,2354151,-5795949,6964210,-1121627,-9595495,15501620,-10280952,-202558,5316868,-3163769,-164756,916347,-279984,-82658,60517,-2543,-5227,908,192,-54,-2,1 # cft deg6 r=12
599,-1124,2643,375,-13949,20951,-14130,20003,-29497,23218,-3215,-5940,-3560,5201,5788,-7238,-801,2854,-235,-419,48,0,-6,4,1 # cft deg6 r=8
601,-435,-3320,1868,8377,-6252,-10670,13358,7652,-16946,-2599,13723,-1454,-7375,3068,2532,-2382,-171,828,-213,-100,68,-2,-6,1 # cft deg6 r=4
97229,-1487596,2499237,1861918,-7974957,1506814,9544001,-4888514,-5707298,4884318,1578669,-2580962,24045,808376,-155330,-155326,50648,18075,-8363,-1182,794,34,-42,0,1 # cft deg6 r=4
601,-4652,17005,-37404,58127,-72942,78609,-64088,37291,-12780,24534,-17503,-5557,-5232,11598,-2684,-1458,552,717,-366,17,32,5,-2,1 # cft deg6 r=0
20641,-104837,84952,-57801,53805,63511,-229955,97358,-11232,-86327,60833,-46490,-2015,36619,-18128,-3444,11794,54,-1618,1114,614,-38,-42,0,1 # cft deg6 r=8
9025,-79800,341615,-707655,658234,79702,-690239,406757,223504,-353241,51277,136348,-69267,-25538,29675,-1382,-7019,1949,1022,-574,-37,78,-10,-4,1 # cft deg6 r=0
-1,25,73,-308,685,4320,2922,-2509,-2949,-7603,-8434,10056,15581,-5403,-13343,1407,7328,-43,-1992,-14,238,-17,-13,4,1 # cft deg6 r=8
-11,-187,1422,-2444,-2368,14193,-14345,-11115,32276,-14385,-13500,9386,1420,4348,-4693,-1555,1480,6,226,-155,-26,22,-7,0,1 # cft deg6 r=8
-1681,14965,-34369,-17342,41954,19672,-3876,33551,21624,-88906,-80213,47860,80803,-3087,-42224,-7894,14003,3603,-3089,-659,418,59,-32,-2,1 # cft deg6 r=8
71149,-268359,575430,-557105,85542,15526,232818,-172558,-113812,126671,209570,-340996,146652,8072,-20418,9592,-2239,-2112,1797,-830,372,-128,34,-8,1 # cft deg6 r=0
-14341,105297,8524,-66047,-573699,-482931,-61330,383945,366514,-121396,-235386,-48283,101564,51063,-10925,-26788,-6974,6885,3988,-952,-840,-6,76,16,1 # cft deg6 r=4
401,4270,16481,31860,48582,78030,110412,156960,146409,33300,-56669,-97320,-42874,31780,30958,1920,-7631,-2730,711,540,32,-40,-12,0,1 # cft deg6 r=8
5041,42529,161706,364422,541854,596191,643984,922943,1392660,1612032,1238779,498152,-82618,-250435,-150701,-26863,19367,14339,2802,-970,-640,-89,25,10,1 # cft deg6 r=4
298141,-766962,647951,578936,-2602084,4586616,-5171034,3457306,-515998,-1390869,1374845,-475260,-110818,177122,-64807,-3402,13711,-6068,464,818,-418,61,17,-8,1 # cft deg6 r=4
-12689,-64465,-176192,-345941,-522286,-634334,-616068,-440777,-149104,119882,216351,128992,-1579,-60237,-42835,-7571,8485,7027,1926,-366,-448,-134,-5,6,1 # cft deg6 r=4
238949,-754388,270334,1231949,-1050380,-527132,1010861,-44254,-425813,74124,38014,8678,38961,-11010,-12537,4601,-83,-2228,-71,418,157,-17,-9,4,1 # cft deg6 r=4
-26969,195191,-634476,1124078,-916474,-165283,475011,502243,-504160,-1261074,1925442,7434,-1394857,499294,433938,-257967,-57537,59212,-359,-6574,817,299,-57,-4,1 # cft deg6 r=4
-179,-1125,-6429,-6253,194030,-458859,355714,-27565,12490,-67851,-15286,44685,-63042,94476,-52668,1452,9969,-3955,429,-261,58,98,-24,-4,1 # cft deg6 r=8
853789,-1311097,-3738505,13289715,-17037241,11521556,-3283018,-3805205,8603241,-7053141,324469,3619627,-2026788,-430197,729883,-100466,-119117,38635,9039,-5112,-133,320,-22,-8,1 # cft deg6 r=4
-2111,11655,22161,-67960,-40032,130794,9470,102646,-312863,-75215,422096,-107033,-148262,31613,32148,5468,-4541,-4460,100,927,129,-81,-21,2,1 # cft deg6 r=4
-151,3118,-898,14997,-34220,-212679,-388040,-438408,-320540,-68960,480824,1201318,1197835,294620,-443970,-422206,-96523,58684,46005,11192,21,-481,-64,4,1 # cft deg6 r=8
-158755,-1683530,6493685,16377575,-36625106,6727028,36417512,-47971020,37558474,-17635310,840398,1543854,2938582,-3294340,931036,95480,14859,-96950,37724,-1145,-2279,450,13,-12,1 # cft deg6 r=4
95,740,-2900,8750,-19144,28662,-40780,47889,-41978,37421,-22406,3274,2387,-6659,7870,-6350,4325,-2473,1323,-701,341,-143,47,-10,1 # cft deg6 r=4
-7399,145411,588291,441357,-557194,-638858,-28972,-678384,-1040921,273557,1106193,284185,-450706,-225701,108282,87743,-9589,-18351,-795,2337,339,-150,-31,4,1 # cft deg6 r=4
1,23,-235,255,849,-1613,-2354,8662,-3302,-13065,13186,7039,-14669,1375,7787,-3925,-1367,1833,-305,-307,139,6,-17,2,1 # cft deg6 r=8
125,0,-175,-1300,-2945,-5000,-7700,-8945,-10244,-8243,-4452,109,5866,8179,8087,7114,4879,2315,395,-428,-352,-85,10,8,1 # cft deg6 r=8
19,-95,-111,1715,-3952,-172,15807,-27286,9000,29753,-42234,10134,23526,-20608,931,5426,-1534,-438,-158,448,-183,-13,33,-10,1 # cft deg6 r=8
-1,5,-5,-18,74,232,-837,-258,1575,-1868,2498,-1884,-723,2484,-1800,454,-81,156,-101,64,-58,18,8,-6,1 # cft deg6 r=8
109,-1616,4368,11044,-35016,-36931,129729,106183,-218576,-111577,72481,87680,-65839,-54642,82877,32323,-71526,4462,23689,-9236,114,471,-55,-6,1 # cft deg6 r=8
1,-49,-328,953,-2499,2429,-1801,-1706,2892,-3092,-377,2763,-3119,1053,481,-590,27,176,-37,-35,-11,22,-1,-4,1 # cft deg6 r=4
1,-3,0,45,591,-1777,4950,-7675,10093,-6930,2174,5239,-7447,7804,-3930,1711,444,-477,445,-91,-1,24,-12,0,1 # cft deg6 r=4
361,5206,7954,-70879,-180581,74054,297417,6777,-253546,-69943,141156,63189,-43445,-29513,3684,7524,2443,-918,-995,-75,207,26,-21,-2,1 # cft deg6 r=4
-3319,22099,9468,-323541,476968,539681,-475452,-1096296,40153,1382276,-5428,-1126915,75604,537470,-81039,-144594,34949,20409,-7042,-1279,726,7,-39,2,1 # cft deg6 r=8
551,-4272,15409,-34340,52667,-59013,51419,-37743,22614,-3946,-14383,20187,-10356,-2166,5487,-1858,-894,712,61,-175,32,19,-8,0,1 # cft deg6 r=0
179,5818,4041,17229,-270862,829310,-1402484,1436341,-613437,-541183,1084921,-798964,249591,85025,-155236,95193,-23719,-7427,7443,-1645,-308,195,-15,-6,1 # cft deg6 r=4
95,-315,1875,-5400,12666,-25412,43900,-56167,79186,-70509,72475,-51299,35216,-20811,13445,-8948,7034,-5264,3294,-1670,681,-218,54,-10,1 # cft deg6 r=0
-29,419,-1303,-1240,342,-4482,8014,-3908,6639,344,1292,233,528,-1380,1065,303,-191,-15,111,-90,-13,22,1,-4,1 # cft deg6 r=4
-19,-83,10526,-506,25584,179771,210949,136383,153132,73013,-31276,5191,7956,-46220,-29984,13900,14905,-360,-3163,-396,358,67,-24,-4,1 # cft deg6 r=8
32041,0,67662,0,59893,0,57613,0,45632,0,9550,0,-5735,0,-244,0,2689,0,-159,0,-106,0,4,0,1 # cft deg6 r=4
1259,-20061,41727,-49106,76150,-84494,68629,-66092,41389,-49221,19348,-26348,4498,-6004,-400,-1001,-1055,-308,-168,141,154,77,36,10,1 # cft deg6 r=4
1579,-1153,-4916,20054,-58422,60780,-10027,-40069,57924,-46141,-48051,36021,44050,-15745,-26654,6374,9524,-1543,-2723,432,416,-52,-32,2,1 # cft deg6 r=8
114599,3023921,5103690,-3210572,-11677259,-4335986,4788071,861640,-3243467,426231,2313233,-147243,-1055405,83386,436457,14576,-121746,-24520,15302,5564,-406,-379,-25,8,1 # cft deg6 r=4
-1,0,-8,-33,-139,-306,-272,887,2999,3888,1149,-3187,-5263,-3035,676,2455,1843,454,-323,-373,-188,-54,-3,4,1 # cft deg6 r=4
-879721,-162923,7716952,4019978,-20771293,-4333200,29139003,-6296726,-17880200,8770780,4839950,-3759156,-757647,1007604,39556,-186694,11300,23924,-2893,-2206,388,122,-26,-4,1 # cft deg6 r=4
3421,-3674,343,95974,251086,213491,-32365,-12087,565080,1119088,837207,16942,-355675,-135957,83048,63594,-4880,-13096,-941,1724,296,-117,-26,4,1 # cft deg6 r=4
-5399,-52936,-96638,131721,333347,-185792,-524676,192108,503447,-154647,-329096,93053,153894,-41101,-53078,13341,13815,-3129,-2685,502,362,-48,-29,2,1 # cft deg6 r=8
-1769021,1618734,3175714,-2604299,-2588184,-894812,-982382,-283961,-17514,210082,330721,274843,188729,121369,72761,34758,15863,7066,2625,882,276,90,16,4,1 # cft deg6 r=4
12911,-5889,-10849,3063,55475,-38454,-53320,26721,79853,-61134,-44754,42358,27908,-46423,2521,25494,-14994,-3404,5350,-630,-676,203,10,-10,1 # cft deg6 r=4
-152829,-559221,-127976,1496896,639720,-1722952,142635,956391,-735543,-87371,405149,-142894,-58569,48117,-1827,-3492,-1793,1016,297,-364,113,-6,7,-6,1 # cft deg6 r=4
1,8,6,-93,-330,-718,-1730,-2984,-1819,2245,4195,1596,-1715,-2421,59,1236,272,-280,-204,-38,89,21,-16,-2,1 # cft deg6 r=8
-34911,204255,-430614,366132,72656,-321137,-228643,1257048,-2164722,2420272,-2038833,1355382,-698862,255422,-34346,-38704,42612,-27183,13084,-5092,1618,-418,84,-12,1 # cft deg6 r=4
37469,-206866,460290,-564456,529981,-597877,645399,-333393,-65797,36444,200300,-142676,-85001,111350,4221,-40876,7214,8327,-2490,-990,383,66,-30,-2,1 # cft deg6 r=4
16981,349310,-1383680,2217893,-1403911,-154494,1305518,-1535458,1089333,-215900,-475069,473405,-93529,-87178,54835,-13591,319,4795,-2837,-244,489,-26,-35,2,1 # cft deg6 r=8
-1289,-1599,65857,-184862,274795,-104327,-200082,452337,-429103,283815,-248995,99411,-9136,-91776,77977,9117,-17877,4110,-162,-953,369,73,-35,-2,1 # cft deg6 r=8
55696,-278480,-1876672,-2573344,95772,2258468,500944,-1902008,-1123823,982129,926809,-371228,-527036,29177,201610,30986,-42706,-15503,5680,3150,-431,-298,6,12,1 # cft deg6 r=8
128549,511379,-1097900,-3407783,3897668,6972013,-5441356,-5142715,581024,4338109,124149,-1381579,-445086,237168,278888,-53075,-70800,10530,10977,-1962,-876,185,42,-14,1 # cft deg6 r=12
-697616,-979680,-509552,1263504,1185424,-758616,-1618824,-392812,1046409,832056,-485789,-735916,34961,380503,118760,-83864,-54326,4077,10132,1374,-845,-232,20,12,1 # cft deg6 r=4
105739,-207994,-71045,771880,-1558904,2186580,-2530852,2495348,-2035009,1306144,-674786,331772,-169276,68588,-13488,-2812,4069,-2854,1071,108,-252,64,12,-8,1 # cft deg6 r=4
-6451,-60527,-101457,-153524,-124475,48924,106097,166676,13019,-76567,-69627,-4720,33823,24426,-9394,-12952,1990,3783,-460,-680,98,74,-14,-4,1 # cft deg6 r=4
-29,-781,-3309,-7441,-25327,-44750,4948,-2769,-78619,7086,59724,-34001,-10961,17789,-13144,8492,72,-1678,545,-296,40,78,-17,-4,1 # cft deg6 r=4
2651,2922,-12215,-3520,-54297,148361,-114402,10781,14064,5513,-11540,9334,-5446,517,1446,-941,-296,523,-8,-164,37,14,-11,0,1 # cft deg6 r=4
-1461989,2633900,20737251,35709172,24638141,1108210,-15973498,-20620016,-11606338,2695390,8561551,3361380,-2042701,-1750254,108892,411960,55374,-51458,-13500,3168,1272,-76,-56,0,1 # cft deg6 r=8
1069,-8974,36236,-98276,210566,-354236,506110,-601918,622078,-551628,433135,-301584,193757,-116518,67452,-36734,18484,-8350,3459,-1396,565,-214,64,-12,1 # cft deg6 r=0
-941,4255,2752,-42395,113453,-183095,204507,-164869,91701,-30271,12507,-21429,25138,-14056,2989,2451,-3197,2396,-1081,304,-12,-25,14,-6,1 # cft deg6 r=8
-17371,-32961,279464,-37200,-1033878,676618,1334686,-730945,-1931002,1474874,833439,-764339,-426824,432496,22827,-124735,46844,-405,-5321,340,722,-53,-38,0,1 # cft deg6 r=8
-373936,-1605200,-2379296,237280,7542588,13972100,9913804,-2510772,-9395751,-6408373,-1201998,1076700,1044658,410407,34130,-37570,-21043,-5763,-534,-166,-139,-40,-8,2,1 # cft deg6 r=8
656,7408,50736,241984,297468,24484,-236384,-849892,-1175703,-699361,-247513,145446,481834,375245,45677,-29814,23911,12497,-3127,-836,318,-28,-30,2,1 # cft deg6 r=8
-105269,-768498,6514607,4329636,14056940,-7488512,-6051598,-9046644,-10260883,-1659937,-20246,253915,606643,333700,149026,56739,9991,-534,-1567,-829,-228,-61,-7,4,1 # cft deg6 r=8
-1344256,-7323904,-7604672,12326848,24235488,3695136,-11001136,2360560,11956557,4182187,-2343907,-115754,2848264,2396627,801313,3915,-95830,-30823,853,2750,349,-140,-29,4,1 # cft deg6 r=4
-26269,-81359,-74010,1350473,-501823,-1649548,4178922,103857,-887133,902966,-785055,610188,-105794,-169085,113016,-19328,-11649,6391,-762,-514,207,-5,-12,4,1 # cft deg6 r=4
158411,2137329,10683003,33969148,82411214,162419006,261215837,337864510,344562151,268595374,149913361,48967600,-1661827,-11050045,-5180779,-472552,523053,222648,14784,-12794,-3633,-122,100,18,1 # cft deg6 r=4
-10912379,14037302,8448835,-27261492,14643635,18477258,-24878736,-3596621,15071583,-3758099,-4094918,4027566,623769,-1722600,-108901,382586,-3268,-72156,-5997,6607,1045,-255,-53,4,1 # cft deg6 r=4
1443469,-10940696,41844675,-107196314,205592400,-312348006,387889131,-400771554,347722720,-254131506,155930503,-79278472,32309345,-9646354,1407921,478436,-447579,182532,-45350,5132,1004,-620,144,-18,1 # cft deg6 r=4
20917719,-187835385,804701924,-2178160767,4154156172,-5886560499,6359018116,-5277601107,3338088831,-1568359237,527170185,-137299453,59875380,-51232364,35520879,-16792778,5377128,-1084486,87503,19228,-6963,762,26,-14,1 # cft deg6 r=0
-9,138,-725,521,9931,-43253,76950,-71082,63975,-38697,9149,12869,-26911,19134,-1933,-3302,-1177,-473,1266,246,-12,-33,-14,2,1 # cft deg6 r=4
-3781699,14479608,-19151543,14179444,-8991239,-3734586,18178266,-10141198,-8951024,9738473,1532856,-4476444,412241,1261472,-300404,-230606,81366,26793,-12513,-1812,1122,56,-54,0,1 # cft deg6 r=8
1289,-15104,-250236,-330652,1049899,-805328,569019,-328498,133452,-369598,310302,84228,-115399,-62006,59031,13046,-16270,-1646,2968,288,-588,82,36,-12,1 # cft deg6 r=8
-109,3460,-2371,-76428,-383501,-912114,-1279833,-862044,149437,488034,36576,-132142,38072,63758,9556,-3430,-5713,-3086,107,386,85,12,-3,-6,1 # cft deg6 r=8
-359,8784,166524,-53802,-1114564,-1188748,1161989,2610260,813428,-1249434,-1114696,-25112,370819,132180,-66806,-52166,4357,13704,3239,-1296,-797,-78,40,12,1 # cft deg6 r=12
-27584,101184,-147072,109312,-39304,-40464,73552,-119244,147403,-140530,109475,-74228,51044,-33574,20546,-12052,7009,-3550,1264,-210,8,-38,33,-10,1 # cft deg6 r=4
-26002000,122672000,-129235200,35304000,60634820,-51295160,13086464,5462372,-5373581,5046826,-2091434,-1369186,1523779,-103026,-414835,101150,58404,-25930,-6032,3317,512,-223,-33,6,1 # cft deg6 r=4
1,-1,-209,-421,1147,2879,2857,784,511,-3936,-2857,5864,6287,1554,-1841,-1824,-911,24,370,70,-3,-7,-8,0,1 # cft deg6 r=8
-660071,-374526,837597,-597646,331996,237574,350331,-163444,180027,-3426,-62071,-57586,-14810,-23856,-24660,-1890,-412,-1592,52,610,99,-14,-10,-4,1 # cft deg6 r=8
-1061,-5420,-7397,3292,16215,9961,-16641,-37106,-16725,28167,39013,6074,-23375,-18060,1683,8092,3337,-844,-1052,-87,126,45,-13,-4,1 # cft deg6 r=4
8651,110932,53182,216501,414301,-136469,885234,-335402,497780,143079,-16231,120138,93605,-42878,23422,22046,-8652,-7421,272,1546,194,-132,-24,4,1 # cft deg6 r=4
12224,129600,658476,1283222,1424443,940860,558408,463024,436871,258962,90394,11468,11623,2140,-1423,-2870,-1282,-100,381,138,12,-20,-8,0,1 # cft deg6 r=0
383609,225688,-294154,22888,419955,85862,-66100,29810,36382,15041,21911,7873,-9537,-3989,4833,2987,-411,-511,148,175,76,47,27,8,1 # cft deg6 r=0
1,0,1598,0,4587,0,3200,0,-1501,0,-1706,0,603,0,346,0,-226,0,-10,0,40,0,-12,0,1 # cft deg6 r=4
72689,-556907,1907944,-3897750,5322843,-5224483,4102393,-3161149,2791764,-2430698,1615736,-621571,-5500,141591,-58301,-5616,12850,-3246,-770,638,-13,-72,8,8,1 # cft deg6 r=0
-81,-189,1530,2040,-571,11039,-2441,-2763,-1532,-14982,4143,-3315,4665,-2739,4108,-1302,1787,108,706,93,146,55,29,6,1 # cft deg6 r=4
-81,351,-135,-6348,43937,-119483,243825,-382678,496948,-534529,486356,-367479,236000,-123038,54460,-18412,5088,-288,-430,156,-108,20,4,2,1 # cft deg6 r=4
65029,-344410,724107,-797675,584856,-419637,500216,-578171,389814,-165473,108362,-93677,81120,-1816,1649,-5296,4254,98,-1060,-216,243,26,-21,-2,1 # cft deg6 r=0
2359199,3650760,-1066799,-5804829,-755994,4674599,2038219,-1812275,-1007405,-12671,133145,448999,194544,-233971,-121558,61454,41506,-4818,-8078,-75,876,17,-47,0,1 # cft deg6 r=4
3879,-7140,46792,-41080,162794,26921,-63140,216987,41630,-143818,73891,30061,-24548,-1141,12408,495,-1473,812,766,-109,25,45,1,2,1 # cft deg6 r=0
944,-12624,57648,-101598,7443,193409,-122232,-314334,468546,68587,-643277,537552,-32381,-213303,113019,18774,-35852,7060,4778,-2420,49,186,-30,-4,1 # cft deg6 r=8
414801,-4131,-280746,-1108836,1259010,-217488,390431,-280069,-356003,218897,167319,-1600,-92415,-36023,32991,14552,-5559,-3022,177,338,101,-18,-17,0,1 # cft deg6 r=0
70101,-1224009,3658060,-3474436,3303970,-13800612,33281552,-47107262,42900819,-19690353,-4288297,11109615,-5162332,-315876,1233500,-388272,-70940,68557,-6358,-5039,1083,169,-55,-2,1 # cft deg6 r=4
-3501,-29400,-138223,-414214,-480079,5112,-615418,156330,237256,-246252,-70011,31196,79184,47479,-12990,-18511,-5816,1233,1748,499,-82,-103,-13,6,1 # cft deg6 r=4
227441,218744,-2491613,8518816,-13053659,-2748691,38467448,-52531466,20413963,20271639,-26642511,7859707,5008963,-4334255,450070,673555,-250961,-28449,32309,-3340,-1657,407,12,-12,1 # cft deg6 r=8
-42201,246753,-607626,734772,-235454,-280703,-159755,946533,-856023,276505,-204154,386250,-170303,-173261,190657,-19778,-48745,18132,5323,-3728,25,290,-35,-6,1 # cft deg6 r=4
279549,-568461,-1808516,8840890,-15214203,13115985,-3387312,-5152051,6557200,-2917107,-276086,1010612,-455032,-60,87369,-40513,-1768,7101,-1226,-356,203,-26,-19,2,1 # cft deg6 r=4
21991,-28246,67375,-64238,84555,-24355,64272,45279,-19895,68053,-48775,24599,-4142,-17526,-590,-512,2883,257,272,-208,-38,-29,6,2,1 # cft deg6 r=4
-1,-4,8,24,-12,176,240,-223,180,-682,-1026,176,-349,315,961,345,334,470,162,-15,17,5,-9,-2,1 # cft deg6 r=8
16,272,-400,-2160,-200,-4024,-2588,23092,11901,-11719,-9054,-14408,-2437,9727,4023,184,-1286,-1179,-232,387,157,-55,-21,2,1 # cft deg6 r=12
-1435741,-256238,6989519,-3873068,-6112800,9622378,-8142233,7158398,-6017505,3481804,-1292769,455300,-241252,53420,40030,-16944,-10114,5956,1434,-1690,281,98,-36,0,1 # cft deg6 r=8
-1471,84665,-520665,14023,787907,-773799,-202901,230575,30494,488174,-729833,37728,509768,-320944,-10097,87869,-35571,-1100,5831,-1693,-188,177,-15,-6,1 # cft deg6 r=8
20656,-43696,30768,120768,-317564,549340,-636380,563320,-313833,5427,196776,-192820,92067,163,-28981,17825,-1850,-1383,1089,-64,-117,44,-3,-4,1 # cft deg6 r=4
-8819,-7142,24468,-20359,-2739,29119,-12475,-3388,30574,-27660,-8525,36436,-29613,-5464,18470,-2053,-6916,2285,1171,-690,-31,84,-11,-4,1 # cft deg6 r=4
4789,-14678,3965,42156,-81442,55912,31755,-114428,124777,-45794,-58027,95480,-49154,-11160,27018,-10374,-3198,3664,-548,-460,187,14,-18,2,1 # cft deg6 r=8
37584,45792,-341712,-527472,772300,1653328,-289692,-1927800,-482615,997330,417134,-318868,-118760,185901,135544,6252,-18211,158,4480,1065,-206,-67,23,10,1 # cft deg6 r=8
-537839,-4391520,-14721769,-28414181,-36618981,-33325222,-20343117,-5625061,3672002,6187311,4606290,2184627,618195,-3037,-119163,-83000,-39332,-14363,-3287,260,687,360,104,16,1 # cft deg6 r=8
791216,-2411000,-6507652,7929126,2165173,-9484388,3182380,2775607,-3398133,676730,938061,-712847,71061,203209,-87129,-14839,23053,-3007,-3119,796,189,-117,-16,6,1 # cft deg6 r=8
-8896,102784,-85184,-318752,573400,-512856,-7516832,-14516908,-13553677,-7373425,-2016208,1239599,2383178,1479028,83746,-471884,-340232,-119141,-20315,1507,2248,817,171,20,1 # cft deg6 r=8
462096,2721792,5596720,3615744,-245356,4640848,9837948,4177628,-1292799,598700,2198906,805334,-91860,93788,176373,54424,-384,3652,4866,1322,-1,-3,30,10,1 # cft deg6 r=4
-96409,68330,-168578,1023029,-712609,-1579207,2802705,-1577172,-77840,1016808,-1110111,497775,147389,-336465,155666,37459,-60511,12644,6353,-2938,-61,209,-20,-6,1 # cft deg6 r=4
497111,866280,1951394,2760315,3127167,2452155,1063078,-330056,-1579034,-1579377,-77887,770886,480159,79194,-64842,-49558,-8216,3681,2242,486,-100,-60,-8,0,1 # cft deg6 r=0
401069,-477955,1863226,-1718556,2946001,-1516246,2342931,-618219,1264354,-197157,338481,-71295,-7061,-45091,-18005,-12158,-750,336,1073,686,279,114,27,6,1 # cft deg6 r=0
-23879,-94427,-89466,-197689,-1893789,-6088973,-9572668,-8215577,-3956746,-1215925,-78314,501546,324132,199111,71965,5832,-8339,-9102,-1753,1032,310,-102,-39,0,1 # cft deg6 r=4
-2810411,13245583,-26864062,29409336,-16683914,2426305,1386688,959253,-78305,-4639060,7359933,-5546066,2311157,-677717,403312,-318851,150967,-37639,1983,2106,-757,37,44,-12,1 # cft deg6 r=4
-229,3680,-9785,5231,11731,-12666,-8021,15305,-18232,11628,43354,-61199,5445,13994,9267,-10847,-249,749,1522,-742,-117,114,-7,-6,1 # cft deg6 r=8
22720419,-78769206,227359440,-313937454,340404106,-77976356,-80528632,166789100,-9321139,-58303528,26587629,4275164,-6230468,607936,810911,-176618,-44970,26098,510,-2028,210,126,-18,-4,1 # cft deg6 r=0
-89,36063,-540617,-746374,837637,1293223,-513336,-550276,376300,194895,-400904,-377037,85104,199172,83200,-20837,-20497,-5505,1951,796,66,-64,-17,4,1 # cft deg6 r=4
98541,29088,-34338,343143,97537,-73683,494257,-125810,178735,-135538,166533,-96474,-95229,101748,6043,-23451,5659,1415,-1344,336,156,-60,-7,6,1 # cft deg6 r=0
-569,2770,21147,11945,-9371,5369,8225,-19453,-21668,34954,44242,-25521,-33418,16049,17047,-7020,-5437,2653,1167,-682,-115,114,0,-8,1 # cft deg6 r=8
9,333,-2682,6450,5743,-76510,226455,-367545,341622,-122293,-111890,182311,-99109,-4142,39929,-21832,-363,5401,-1796,-406,331,-9,-26,2,1 # cft deg6 r=8
2847375,-1946625,-4757950,-1396775,2183575,5021525,-2914394,544349,2227288,2992367,1291772,8972,-333324,-83873,7235,25026,4559,-3414,725,-44,252,-40,-33,2,1 # cft deg6 r=4
76249,280547,479239,146246,-439195,-528692,153939,507547,242158,-368337,-176988,121667,104337,-36211,-32151,6574,9376,-3168,-972,614,47,-126,50,-10,1 # cft deg6 r=0
107811,-2430648,-39400812,501288,-49390948,26286816,-14968400,27291440,-7314038,6242488,-5241921,338132,-63434,202954,72471,-99720,15362,2554,861,-296,-126,-6,18,4,1 # cft deg6 r=4
11549,-56280,56854,221498,-727611,734264,180902,-1045298,692106,377406,-743088,182394,324124,-235714,-29697,79966,-13987,-13018,5353,618,-754,120,23,-10,1 # cft deg6 r=8
1721,-25394,159602,-577042,1409628,-2578232,3643909,-4087630,3711238,-2811922,1922513,-1336788,1007052,-759804,502639,-265822,104602,-26000,801,2394,-1010,168,8,-8,1 # cft deg6 r=4
27904,-64640,-10048,396512,-1093248,1538776,-1248756,464592,13437,13218,-94434,19106,1030,46952,-53501,23370,-2106,-2230,360,718,-426,52,27,-10,1 # cft deg6 r=4
120749,-921502,3081586,-5679246,5971726,-2693300,-1399693,2509282,-480170,-1640630,1801669,-676030,-206178,324152,-83367,-83572,93996,-45670,11344,-292,-706,176,4,-8,1 # cft deg6 r=0
1543424,7606272,18642496,30383296,33511424,19459392,-3337408,-12739376,-3960343,5182639,4120217,-386974,-1443005,-249297,354030,162803,-31784,-35909,-2234,4567,1310,-51,-59,-2,1 # cft deg6 r=0
-6611,32,18788,-11902,-58447,-27260,41134,34094,-22331,-23498,16105,906,-2293,-3722,5915,-1690,-1169,452,43,302,-333,112,-3,-6,1 # cft deg6 r=4
-5116,3448,-1006,9306,-62377,118422,-85497,-59346,172409,-107126,-34289,78616,-19447,-24824,17220,1366,-4661,1080,587,-378,33,42,-17,-2,1 # cft deg6 r=4
-59,602,2731,-1232,-26725,-61990,-67602,-42660,-27669,-29402,-29207,-16008,2595,10960,11153,8000,5371,3108,1262,202,-77,-50,1,6,1 # cft deg6 r=4
256,896,1856,2272,160,18488,-10876,13560,28013,-46856,64972,-42020,17715,-3692,-927,4038,-1346,-1108,453,-106,71,16,-13,-2,1 # cft deg6 r=4
81,135,-360,-546,2194,879,-2632,-2013,5382,2322,879,-3090,-509,1188,-413,27,307,-150,21,-24,-9,9,8,-6,1 # cft deg6 r=0
25429,167159,594879,1302892,1934025,2182351,1949188,1345510,764014,480341,420716,379284,277413,164506,84856,40361,18920,6006,1749,83,258,-49,-23,2,1 # cft deg6 r=0
1,-5,-24,-55,-116,-462,-363,-138,185,1986,7036,11941,11729,4960,-2506,-5285,-3352,-609,697,490,107,-50,-21,2,1 # cft deg6 r=4
1289,0,-15468,0,2506,0,122753,0,-233203,0,136098,0,13467,0,-31292,0,1798,0,2106,0,-28,0,-28,0,1 # cft deg6 r=16
1289,0,-14179,0,33951,0,-7582,0,-34437,0,15622,0,9666,0,-5446,0,-553,0,548,0,-42,0,-9,0,1 # cft deg6 r=16
1451,10496,29128,39854,24397,-9706,-43954,-53303,-8729,62308,77844,16279,-43541,-36295,3654,16618,4237,-3627,-1754,406,314,-19,-28,0,1 # cft deg6 r=8
1,0,17,0,47,0,161,0,256,0,141,0,-12,0,-85,0,-70,0,-21,0,-3,0,6,0,1 # cft deg6 r=4
-2979,40896,-186433,527400,-1003604,991325,502401,-3724764,7671246,-10581712,10848065,-8291902,4534406,-1540350,92630,218596,-114946,13803,9706,-4128,148,226,-36,-4,1 # cft deg6 r=8
-739,-4365,8065,38695,-77293,72050,-14066,-110219,70083,-54358,-54562,41745,-15532,-12881,13647,804,-3643,1192,546,-306,95,80,-12,-6,1 # cft deg6 r=8
44224,234688,203328,-864608,-2040488,-1356928,591832,2041460,2186625,1852366,2919930,4500248,3816612,1321933,-327648,-444154,-100269,36877,22822,2106,-1203,-319,4,10,1 # cft deg6 r=8
-64,384,0,-3808,8936,-19336,50704,-61620,-3827,74167,-67103,39872,-31129,5167,28117,-34770,19384,-3207,-3788,3456,-1316,205,16,-10,1 # cft deg6 r=8
41,-817,-8608,-24177,-16777,30543,79701,125887,122129,338,-71981,-41801,-31941,-3683,-683,-1352,-1020,395,70,-124,-190,-90,-6,6,1 # cft deg6 r=8
100189,-1589089,1518069,2691229,-3360215,-2733404,5544506,-620141,-3139050,804510,1719257,-830105,-460842,318723,102431,-102006,-4877,18459,-1275,-2418,491,128,-40,-2,1 # cft deg6 r=4
1739761,0,-166194,0,-1201701,0,612433,0,660083,0,-15071,0,-54316,0,30512,0,23742,0,5872,0,705,0,42,0,1 # cft deg6 r=0
-89,-95959,693190,-2175925,3855303,-4157079,2982887,-1595770,373131,819842,-656818,-367280,571456,-30321,-180785,29661,31090,-1921,-4527,-424,542,58,-37,-2,1 # cft deg6 r=4
377219,-742872,68566,4991450,1193257,-3207333,-4104114,-443652,1938226,1501171,285058,-344127,-300222,-71964,38243,19205,-5751,-4514,195,591,50,-45,-3,4,1 # cft deg6 r=4
435619,-970208,314592,1239426,-2360797,2733408,-2401470,413880,2087575,-2470502,600336,906286,-768122,44614,211455,-84376,-19848,19642,-1088,-2120,404,112,-33,-2,1 # cft deg6 r=8
68161,192039,730254,565588,-798500,-1643267,-162246,1289384,494887,-398790,-205601,19459,17339,29837,7303,-16620,-2332,5341,217,-1035,34,115,-11,-6,1 # cft deg6 r=4
59,-843,4768,-7748,2004,11478,-33934,2365,45696,-29432,-48697,28087,26290,-19781,-10810,8993,3863,-2009,-902,204,142,4,-15,-2,1 # cft deg6 r=4
116,-654,1251,-1161,899,1653,-6101,527,10841,-9952,9427,-12840,10928,-8321,4644,-1706,1320,-685,420,-236,96,-41,14,-4,1 # cft deg6 r=0
-11227509,34090167,2644763,-38737025,-34399848,30411509,28864973,-17467057,-12405900,76859,3759210,2662948,-817284,-786902,48455,43560,23710,15249,-6074,-2828,555,193,-18,-8,1 # cft deg6 r=4
79801,-551759,1529849,-1847206,144509,1443618,1583045,-8600055,12568074,-9163904,2234935,2044720,-2147013,629284,234109,-234327,40970,24768,-11879,-274,1418,-11,-64,0,1 # cft deg6 r=0
-1089,-7623,-12100,-10263,-53799,-60926,-25066,-78411,28830,132593,-62816,-115803,61391,71996,-33960,-28966,11692,7601,-2884,-1120,440,79,-34,-2,1 # cft deg6 r=8
1,-98,268,1112,-3086,-3726,8426,10187,-10680,-15946,6704,13644,-639,-7255,-1853,2569,1370,-562,-502,45,109,7,-13,-2,1 # cft deg6 r=12
-7424,30704,-49515,20982,105939,-241898,185849,12940,-97456,-1756,95807,-50882,-28280,27418,7568,-12170,-34,3384,-552,-588,165,58,-22,-2,1 # cft deg6 r=4
4034111,-96615,-7037017,-2633427,9706532,2890913,-7203687,-3392351,4547281,2350217,-2335146,-1048917,941793,299803,-276411,-56578,57761,6754,-8302,-462,777,13,-42,0,1 # cft deg6 r=0
24971,-57188,-36390,125634,75359,-280342,173310,32592,-103356,66488,-39074,-10616,44216,-10332,-2875,3132,-2123,-1268,141,-6,68,52,13,4,1 # cft deg6 r=0
7681,7976,-108119,-322881,-275720,131822,479207,687673,1071791,1292164,677797,-310702,-590674,-175301,133258,93068,-6009,-18851,-2462,1974,485,-103,-36,2,1 # cft deg6 r=8
9,123,635,1447,995,995,651,-2106,813,-54,-108,3422,-2711,-2635,3823,38,-1914,721,328,-250,15,29,-6,0,1 # cft deg6 r=4
916375,281875,-2035150,-2824500,472720,3305775,1755459,-1347802,-1494573,235873,691502,-26094,-245495,12495,75097,-5697,-15955,2833,2335,-794,-192,119,2,-8,1 # cft deg6 r=4
-22349,181106,-532418,486533,824384,-2394475,1628527,1126597,-2219114,746041,644792,-587459,-2434,165647,-13896,-38117,-5424,10073,2202,-1962,-184,200,-7,-8,1 # cft deg6 r=8
59525776,79400808,-65025316,-113747590,28852731,64429304,-14039266,-16361784,11802729,129202,-7508375,1303818,3069378,-537178,-840874,142532,156832,-26198,-19436,2954,1498,-176,-63,4,1 # cft deg6 r=8
1424,0,24096,9984,126008,147360,138488,58888,19581,30608,-2364,-63250,46979,-2152,15538,-13464,419,1096,1022,-544,-129,82,8,-8,1 # cft deg6 r=0
31328959,-63307430,161966178,-64824154,199339513,122919688,152192826,32387392,2761471,-24393196,-4748828,-531576,2586329,535428,67984,-165446,-34464,-2182,6498,892,-4,-122,-8,0,1 # cft deg6 r=0
103237291,-347989999,523698021,-485318523,386226890,-239918453,45865424,55174929,-12785294,-19524897,7840547,-61529,-632427,243590,228871,-83100,-51457,5500,7538,686,-551,-142,7,8,1 # cft deg6 r=0
-1019,18078,-28797,-58606,-17143,53716,-4398,-18286,41562,45242,-45357,-50128,28414,23762,-11588,-4600,4157,72,-1219,36,170,-22,-18,2,1 # cft deg6 r=8
101,-4235,55845,-224248,32785,131220,-33032,187583,150613,-256587,-329697,145599,300415,-63522,-150005,26261,44350,-8155,-7704,1466,760,-126,-41,4,1 # cft deg6 r=12
391019,4856719,-583034,-15992219,3828705,18952681,-6461412,-11037050,4383720,3575239,-1541437,-745497,361680,163569,-95432,-49534,30006,11370,-6559,-1426,789,86,-46,-2,1 # cft deg6 r=12
16819,-16254,63844,-384460,913290,-1806958,2987660,-3976308,4191365,-3411686,2031184,-745450,-28549,270220,-225504,105442,-21745,-10184,13038,-7494,2984,-868,172,-20,1 # cft deg6 r=4
729,5103,4410,-29757,-122092,-183724,-104087,114373,195805,80353,-129763,-99432,31010,68329,12733,-38553,-5750,11990,639,-2128,107,183,-22,-6,1 # cft deg6 r=4
256,-49024,66496,1088,-166224,228240,-155488,-29748,135619,-47716,-89974,90036,458,-41214,16003,10046,-9556,896,1732,-600,-106,82,-1,-6,1 # cft deg6 r=4
82321,646169,1000034,-638388,-1619070,1666917,2471876,-2810363,-1994334,2874424,844109,-1813890,-46499,687808,-88829,-162281,37681,23880,-7385,-2106,789,101,-44,-2,1 # cft deg6 r=4
-13799,60332,158596,-677806,79838,344200,-1601537,1175308,-1213813,-175634,-97008,-446338,-178628,-33402,-88849,-28170,9164,1986,-418,924,297,-92,-35,2,1 # cft deg6 r=8
-8611,-73944,-274314,-554345,-590007,-110952,568844,754384,269905,-285902,-364777,-94895,100001,85734,7205,-21237,-10003,1061,2253,506,-173,-96,-3,6,1 # cft deg6 r=8
2251,-13993,46437,-92175,134274,-160009,168547,-163078,145266,-112206,72838,-38361,17740,-9589,7361,-5685,3542,-1493,471,-70,41,-21,16,-4,1 # cft deg6 r=0
65536,0,2048000,0,1044480,0,711680,0,-43520,0,124736,0,-26032,0,9480,0,-1495,0,150,0,19,0,-6,0,1 # cft deg6 r=0
1769611,-10503444,11254004,9019096,-19366030,929389,11165393,-1452592,-4633392,81647,1475646,387863,-432853,-167510,94573,34371,-11938,-5045,511,773,13,-63,-5,0,1 # cft deg6 r=4
-52641,-141546,338201,128180,-764639,-271367,598551,-105123,-460716,147268,130763,-77292,21688,24310,-26745,-8568,4896,967,141,376,-46,-96,-8,6,1 # cft deg6 r=4
-595801,-1683568,415928,4924584,1612186,-10909652,-14447129,1380263,17912322,14514731,-1198560,-8777295,-4019833,2644277,4350810,2657166,894408,131716,-23264,-15991,-2978,31,109,18,1 # cft deg6 r=4
12119,43923,36000,13444,-49548,-63805,82838,133259,59205,-39514,-120635,-13034,99641,3417,-72522,-12205,31263,12681,-4919,-4164,-553,281,120,18,1 # cft deg6 r=8
2969,-33624,-413857,-521840,-555805,-615495,-190763,645601,352868,-564974,-463939,172722,203148,-14162,-41279,-966,8272,1261,-1567,-256,232,22,-20,0,1 # cft deg6 r=4
-1,29,221,590,326,-1241,-651,4352,4614,-5550,-10559,601,11111,6327,-2956,-4192,-646,1021,530,-34,-108,-28,8,6,1 # cft deg6 r=4
1,0,-34,0,-15,0,376,0,-388,0,161,0,-154,0,-75,0,68,0,12,0,21,0,10,0,1 # cft deg6 r=8
14096,93184,210360,263672,300193,289738,199902,175741,156147,106261,71891,51709,35106,20282,13352,6582,3526,1816,813,270,131,42,12,2,1 # cft deg6 r=4
10091,-109333,-355195,-88095,629495,1164874,871089,39333,-420402,-263332,30705,94826,41584,12714,24467,9076,8317,-25,898,8,119,-12,-4,0,1 # cft deg6 r=4
72701,225830,-1833710,1169095,4233486,-6321704,591094,3873480,-2477637,420232,266067,-815335,609879,185729,-346557,23620,84389,-13717,-12538,1933,1161,-105,-55,2,1 # cft deg6 r=8
-236144,1296408,45184,-1247630,-50397,2217006,-78682,-1803995,395982,1543619,-386901,-777798,314342,344030,-148510,-108353,41509,21420,-7399,-2478,849,133,-50,-2,1 # cft deg6 r=4
138001,142835,2532179,-2264842,615995,-1208605,419526,-438214,538470,105393,70246,-42139,73140,20748,998,-2367,4653,1079,-75,-54,118,16,-1,0,1 # cft deg6 r=0
4549,21350,23817,-22510,434,121080,235699,353807,413337,259540,198648,82605,38708,22149,-22234,-12230,6701,3106,-407,-36,16,-60,-13,4,1 # cft deg6 r=4
1179,10827,35006,1345,-55397,-23398,12195,-51383,-55198,103790,240632,216243,106548,12721,-25929,-18472,-3970,458,1625,192,102,-36,6,-6,1 # cft deg6 r=0
-10979,7460,39742,-69963,-60043,212130,267707,65561,-149196,-165782,81064,161679,-25502,-85383,5143,29948,153,-6882,-281,1066,76,-104,-10,6,1 # cft deg6 r=8
-7031,31484,-29538,-77109,215123,-235842,150226,5784,-233987,289404,105183,-328731,8191,183651,-24319,-66426,13913,14688,-3880,-1968,637,113,-44,-2,1 # cft deg6 r=8
631,8448,-80793,288836,-459487,213976,387120,-738282,306622,366602,-302641,-104638,95086,41894,-1900,-23334,-14349,18642,-1313,-2884,556,160,-38,-4,1 # cft deg6 r=8
-9,-1710,-37002,197670,-169820,-561630,1302561,-858644,-201043,717256,-701474,325610,239185,-396341,101339,101594,-62287,-4180,11242,-1772,-779,253,6,-10,1 # cft deg6 r=12
-48064,-167744,-145600,-201440,-1095400,-2192688,-2108208,-953052,222515,614766,402021,121194,-24485,-33430,-8828,668,1371,222,-914,-776,-158,82,54,12,1 # cft deg6 r=8
-911,-59070,18344,370230,-101503,-671265,157239,674017,-217972,-426961,176452,208235,-93218,-87424,36310,28661,-8653,-7385,1129,1320,-22,-139,-12,6,1 # cft deg6 r=8
1125,11250,21975,35400,-5525,-25500,-68861,-41772,-94111,-165090,-51651,39286,-13483,-1190,9849,908,-532,260,-741,64,76,-10,9,-6,1 # cft deg6 r=4
1,1,-212,609,4398,-4656,-12885,10076,13070,-4203,-7079,-7975,7403,7681,-6660,-1368,2015,23,-176,-202,126,14,-18,0,1 # cft deg6 r=8
67021,-100684,-682685,-569582,571907,1009724,15948,-678124,-156090,366196,138549,-161044,-70921,60820,24309,-19912,-6692,4992,1578,-934,-271,144,11,-10,1 # cft deg6 r=8
219481,391949,-307807,-1362769,-1178241,1276789,3409968,560490,-3567408,-1809462,1911865,1405193,-573718,-567894,60444,146136,23220,-34071,-5032,4486,473,-295,-30,8,1 # cft deg6 r=8
657721,-46227,-1515155,-228587,1885899,282195,-1470506,-254201,910423,151812,-417773,-84000,146214,32999,-41623,-10918,10587,2576,-2229,-402,335,40,-28,-2,1 # cft deg6 r=4
3481,-14278,24285,-11855,-28367,57203,-34436,-40477,106773,-87082,3609,61681,-66897,34969,-7315,-2674,3589,-3102,1846,-588,6,85,-24,-2,1 # cft deg6 r=8
71,1034,4240,616,-12298,-11094,4843,-11800,-52473,-48218,4210,36602,22818,546,-5813,-3032,-828,62,422,76,-31,10,-13,-2,1 # cft deg6 r=8
1,-23,-231,2112,-5499,6617,-7306,4543,784,-4312,10014,-11733,10286,-7986,6447,-3585,1599,-1281,970,-431,140,3,-21,2,1 # cft deg6 r=4
1296,-14256,64800,-66096,85788,-31284,-42336,55980,-57923,6727,8345,-40155,-17333,-7681,-9457,-4154,187,-26,163,488,186,-42,-27,0,1 # cft deg6 r=4
-8201,-2498,130895,176428,-367319,-619926,333939,678738,-149949,-329044,45190,143816,24834,-68796,-14162,27540,189,-7210,635,1052,-163,-110,15,10,1 # cft deg6 r=12
-1886659,-9875982,-22992254,-20249798,12283157,35254062,15696509,-18268520,-20359917,2143794,11121485,1988434,-3657670,-1184142,775210,331952,-103273,-56424,7419,5924,-79,-348,-25,8,1 # cft deg6 r=4
44491,8363,97160,-50488,81579,17164,259148,159820,128765,-190005,-135734,-106606,59761,-42273,-7892,29300,3097,-5710,-1574,58,330,61,-28,-4,1 # cft deg6 r=4
1,-15,122,-642,2296,-5637,9296,-9617,5297,-1767,3552,-4758,56,4281,-3855,250,1966,-1028,-391,376,39,-64,-4,6,1 # cft deg6 r=4
1,-73,4490,34298,78401,43222,-40160,-24795,-605,-34574,27868,-686,-21729,11768,5109,6112,1418,-1991,-5,143,166,87,-19,-6,1 # cft deg6 r=4
1,24,145,-281,-2244,7641,-7226,-5697,15553,-5217,-10107,6284,1915,-2130,627,253,-359,13,50,-17,8,9,-5,-2,1 # cft deg6 r=4
1681,-13981,48206,-93742,120018,-85473,59678,-34455,52846,-43678,18833,-5747,5340,-13254,7185,673,-1656,524,299,-280,70,41,-16,-2,1 # cft deg6 r=0
59,-357,2421,-10725,33348,-60929,83080,-89992,85941,-101401,143840,-159989,122997,-67439,28284,-10158,4177,-2293,1193,-377,4,27,5,-6,1 # cft deg6 r=0
4331,-27556,98555,-215216,324782,-332340,240135,-105550,25521,26886,-35987,34286,1041,-9194,8845,1932,-775,778,67,-158,14,4,-5,2,1 # cft deg6 r=0
4972491,29802393,32840632,-7411256,-17503812,9335660,7291272,-13373301,-9793939,4914867,5956209,-338517,-1978030,-271575,436768,117240,-66323,-25896,6092,3436,-202,-254,-13,8,1 # cft deg6 r=4
179,1173,2652,7572,18983,25735,15051,-10717,-28449,-20620,2537,17137,12022,113,-4464,-2940,-554,612,488,92,-29,-17,-6,0,1 # cft deg6 r=4
-24119,44002,86671,-295633,325768,-240560,-139709,890408,-614933,-778676,701035,350206,-295776,-95161,44440,19365,6571,-3445,-3295,508,428,-64,-27,4,1 # cft deg6 r=8
588911,10292273,66380881,289790157,816241144,1569852837,2191712825,2322808809,1915636139,1232549920,603166084,207290199,36440864,-6973679,-7081003,-2108668,-127994,120115,42775,3856,-1365,-438,-22,8,1 # cft deg6 r=4
-101399,-958728,2959812,3981547,-2274947,-5589388,5483954,-8471841,17484577,-12058271,-3638225,8430977,-2483198,-1564681,1119529,-29716,-168747,50087,7511,-6352,915,158,-48,2,1 # cft deg6 r=4
-6558869,-53859326,-227128128,-541115502,-755350099,-556251115,-37025484,328359436,286198568,55294412,-69744490,-52879708,-6952970,8137151,4147246,164796,-449405,-130880,7382,10246,1294,-287,-70,2,1 # cft deg6 r=4
-16,104,-140,3594,19311,-5225,-17763,85646,-200776,-237923,1041861,-584958,-558679,511453,86767,-152496,1019,21867,-1477,-1776,68,28,0,6,1 # cft deg6 r=8
521,4632,21297,69972,185808,415582,793014,1302534,1857812,2315524,2527610,2413502,2008807,1449614,899474,473254,206053,70972,17531,2188,-330,-212,-33,2,1 # cft deg6 r=0
483083504,3374170160,11104274576,22598145728,31348731220,30666064420,20848843292,8846387672,1102206251,-1276420863,-885652136,-176722006,75545471,57602110,11559628,-2340977,-1644222,-211247,58467,20346,443,-599,-64,6,1 # cft deg6 r=0
18481249,-117577398,301682527,-384146823,186146091,131043519,-237152765,93375469,55983514,-66312123,10236707,15892256,-8139243,-1109026,1882021,-262021,-212304,70481,9733,-7111,233,337,-39,-6,1 # cft deg6 r=4
2678239,17899694,-3877208,-41039136,-7489231,48620228,8719597,-27445180,-10446583,12916428,5812008,-5619154,-1364513,1682302,116960,-329352,7548,45224,-3425,-4268,482,240,-34,-6,1 # cft deg6 r=8
-874822079,703143058,984579431,-897556431,-531483742,610807341,190495282,-280760098,-41322543,94938838,3036061,-24372065,1356749,4913053,-630609,-749956,140153,80418,-18780,-5537,1534,201,-67,-2,1 # cft deg6 r=4
-9584,33152,-20496,114496,-122020,170176,16312,-95904,145385,79032,-227193,127842,54175,-98705,-978,35884,-12890,-789,2476,-988,197,74,-36,0,1 # cft deg6 r=4
9862571,-21933784,33895341,-47012426,44886828,-29542100,16988946,-9199512,3748084,-1074562,-34357,764564,-783404,241184,101508,-82774,1524,11508,-1273,-1280,244,82,-18,-4,1 # cft deg6 r=0
41949,89301,358189,790138,1406456,1926229,2156456,1730559,869637,-7533,-451805,-371948,-25948,165247,105791,-5750,-29622,-7766,2943,1656,2,-136,-19,4,1 # cft deg6 r=0
439,72608,205345,-26327,-434159,-209613,439858,456602,-123114,-347110,-71598,127862,66774,-20730,-21992,418,4388,343,-778,-91,131,21,-15,-2,1 # cft deg6 r=4
-239,1819,835,20994,-330702,-1081717,236653,1066776,1267542,-560610,-1209484,214357,235306,-64798,50175,2814,-16804,2531,229,-172,153,-2,0,-6,1 # cft deg6 r=4
6091,-9836,18712,9915,-11150,-44789,61248,-4523,-79503,84708,7091,-70246,36688,17251,-23956,4447,5467,-3365,78,606,-231,0,25,-8,1 # cft deg6 r=4
-1185179,1840950,4615897,-15765154,13222188,3976558,-8230878,-2853944,5149668,1158300,-2226939,-239030,553761,124670,-144862,-19436,22145,2840,-1779,-758,169,98,-21,-4,1 # cft deg6 r=8
-101,-1126,-7046,-25651,-83116,-189075,-309484,-418192,-471279,-472811,-401085,-297390,-186881,-100391,-45661,-14362,-3874,1154,434,734,-20,59,-22,-4,1 # cft deg6 r=4
-71,8021,-72839,309723,-242661,-1209994,-1373765,-441394,883098,953565,416560,-117951,-186983,-98522,-14962,22588,23314,2476,-5510,-1482,950,50,-51,0,1 # cft deg6 r=4
228944,-1324676,3691787,-6479121,7846295,-6683263,3885274,-1493944,574408,-489116,262296,186333,-412937,292030,-67446,-55134,64865,-33760,9704,-898,-343,93,12,-8,1 # cft deg6 r=0
11269,-47753,98185,-119535,93575,-47694,5842,36932,-23421,-103787,242721,-229481,96871,1970,-17350,5603,-552,69,143,-132,44,-1,-10,2,1 # cft deg6 r=0
15931,-87572,280547,-636601,1134354,-1697955,2202715,-2444535,2259204,-1699653,979255,-294607,-204069,398069,-311731,128690,-12231,-15628,8252,-1320,-288,167,-20,-4,1 # cft deg6 r=4
8291,12471,-22661,21241,229384,254747,51340,94553,166095,51165,17794,-9757,36155,-10859,-7295,4642,4351,-3144,152,430,-7,-92,40,-8,1 # cft deg6 r=0
26951,233296,-501089,-891148,1495036,2382200,-246162,-2071672,-1475478,368690,1435341,485361,-614547,-380576,136680,133106,-12700,-26916,-873,3232,337,-214,-31,6,1 # cft deg6 r=8
16451,52205,575899,-1532591,-2014323,4434888,-280124,-501361,-1513199,483886,268146,78176,-74146,-130865,77423,2588,13946,-9612,580,-4,316,-17,-24,2,1 # cft deg6 r=4
178118081,635470480,927000574,1291063484,1073105694,984359054,614856639,418392394,219784089,115125946,53953310,22291044,9552299,3264534,1247150,385882,120676,37664,8690,2822,490,142,26,4,1 # cft deg6 r=4
55331,26551,-61161,-13753,-23069,-70912,9372,125840,101669,-76103,-154448,-6494,121218,32132,-62090,-17424,21148,4344,-4585,-512,582,22,-38,0,1 # cft deg6 r=8
-120301,-596390,-693123,804841,1509171,-796945,-2166954,-570534,1374085,598363,-1133327,-561563,643945,16592,-120495,46242,11135,-15259,-2270,2482,406,-195,-34,6,1 # cft deg6 r=4
-73471,-151885,879851,157280,-2232513,198853,2414275,-116566,-1424169,-397272,803640,165593,-149372,-137222,23996,47281,-1311,-8654,-1232,1199,215,-119,-15,6,1 # cft deg6 r=8
781,5442,-3473,-43426,46185,131104,-161225,-199080,108451,37888,-20318,71788,-1048,-23614,6309,-5646,-931,2372,-393,76,-207,64,12,-8,1 # cft deg6 r=8
-54121,257474,-589197,258382,1696405,-2492968,980832,1051036,-2037767,1049330,396406,-503316,27184,77210,11463,-18502,-5485,5220,753,-1150,111,102,-25,-2,1 # cft deg6 r=8
-29389,193148,222507,-585368,-1470305,-1358590,92622,1500970,1541268,744064,163331,63436,121559,94756,20724,-9518,-2740,3276,1840,8,-234,-46,16,8,1 # cft deg6 r=8
-29251,215998,-417908,-105260,1646889,-2560976,927348,2130480,-3464888,2091072,99013,-1198822,979537,-307662,-75498,103312,-30372,-3520,4494,-992,-53,92,-21,-2,1 # cft deg6 r=8
-4189,-17766,28987,6570,-33602,-54414,59780,-10734,92599,-115974,20393,36890,14698,-1882,-14880,2598,4599,816,36,-296,-137,-2,6,4,1 # cft deg6 r=4
-700979,5417736,30677069,69252169,87729016,67158049,29845246,6104421,-1189268,-3001580,-2923078,-838577,623549,437933,-58895,-126160,-19891,18982,8306,-362,-1003,-217,12,10,1 # cft deg6 r=4
1936,-5792,-8608,30016,42520,-128448,-77252,354744,-132295,-318830,318813,56498,-233580,66934,78329,-41612,-12363,10150,513,-1268,138,80,-23,-2,1 # cft deg6 r=8
-944,6592,-22080,40720,-31560,-58888,252416,-509004,904425,-1368274,1568932,-1445010,1071633,-642200,315859,-124890,38007,-8440,1454,-408,296,-176,62,-12,1 # cft deg6 r=4
-114409,-194388,19430,438536,457348,-337232,-630109,-49770,208500,80410,-64332,-66890,16548,27356,-1469,-9020,-616,2952,-34,-626,96,70,-19,-2,1 # cft deg6 r=4
567639,-1710942,3412066,-3295032,2301557,-2222430,2214374,-1513384,999621,-384196,445513,-158788,138690,-18084,31266,-4698,2927,654,158,224,5,-6,-2,-4,1 # cft deg6 r=0
4534391,-16310502,25766888,-22465952,10548416,-1315418,-633891,-1485156,2987264,-2214178,507304,476772,-478517,137476,63216,-77424,30603,-956,-4811,2312,-363,-92,58,-12,1 # cft deg6 r=0
4003749,7797897,18996739,23622112,23144985,12510711,7799179,-35651,791792,-900907,1082238,-478053,253082,-171956,85612,-28295,15719,-5531,1011,-522,194,13,-6,-4,1 # cft deg6 r=0
6704,-7024,13928,4082,-48801,61822,-60755,56975,29146,-29902,55050,-35831,10521,-313,-3473,-6646,402,1366,797,-67,-115,-27,5,4,1 # cft deg6 r=4
-65291,-30137,110578,-70683,-86371,48763,73854,12039,-95364,-38490,7858,92115,-10986,-31103,-14006,14088,4246,-1485,-1247,-92,226,32,-22,-2,1 # cft deg6 r=4
17659,487213,3255074,6146666,-3445802,-26726082,-20931320,23565704,44023677,2744069,-29140678,-8031694,10322504,3270256,-2325274,-653866,351383,74056,-35088,-4784,2178,160,-74,-2,1 # cft deg6 r=12
-89,-182,184,-1019,-751,-6846,20681,103676,125527,-29927,-258818,-332907,-212384,-56836,38175,50722,18585,-3885,-5580,-772,671,124,-42,-4,1 # cft deg6 r=8
-125,-625,-1500,-1925,-6655,-7710,43691,-9770,11513,-3017,-52858,24914,7795,-1500,13174,-14485,-3129,7965,-1573,-1372,603,18,-41,2,1 # cft deg6 r=8
-1901,119292,-833324,3360576,-8128092,10716412,-5599976,-2348850,2599666,1726146,-1565297,-470978,313700,124586,-21557,-6128,2416,-5266,-1611,514,380,4,-30,-2,1 # cft deg6 r=8
-60259,296686,-325121,-33298,40865,497560,-615929,87136,361632,-420162,319437,-206432,115353,-46802,10655,832,-2090,2612,-705,22,223,-26,-7,6,1 # cft deg6 r=4
-64,1920,3232,-17760,-4096,26464,35020,-194052,240587,-38100,-106280,47774,-728,9426,-5918,-5418,6913,-352,-1666,414,135,-102,-15,6,1 # cft deg6 r=8
-191,4690,-23876,31996,862,-38583,-67822,43182,113738,-64887,-121340,42762,55173,43552,-1318,-17988,2264,1087,-2056,334,441,-51,-36,2,1 # cft deg6 r=8
-8464,64400,-146888,130206,-181333,145246,-1690,115693,-268123,101556,185093,-247385,-3595,158753,-43477,-51591,21635,9299,-5101,-870,647,29,-40,0,1 # cft deg6 r=4
24045561,115939641,197308549,75751480,-144309187,-124336294,70448313,107389298,-1061993,-47631115,-10585535,14721270,5444265,-3392054,-1609992,518062,294860,-46163,-32432,2112,2060,-38,-70,0,1 # cft deg6 r=4
1296,-309168,-971536,-83872,236340,-3612596,-2400288,7608668,10410041,5158697,2232912,1442802,759484,483912,310752,138106,55232,15786,1172,394,232,-106,-42,2,1 # cft deg6 r=8
7744,49280,1440,-229472,222768,712640,15828,-893708,-856209,-109088,399606,324444,23857,-105412,-46612,12684,14338,590,-2217,-452,221,74,-20,-4,1 # cft deg6 r=8
2095771,8165098,3851468,590132,3478557,-18193059,-18290777,11390636,10557733,-4224325,-591336,3344454,-393463,-1660475,-118119,376538,66816,-47538,-11976,3476,1098,-138,-53,2,1 # cft deg6 r=8
478529,-6447947,12786535,58522,-17739631,-840830,-498698,-5930036,1312180,2544289,1190845,731368,-19709,-174694,-16512,-3254,740,6541,-735,-1320,193,110,-22,-4,1 # cft deg6 r=4
256,3456,-2624,-44096,-67120,28336,225120,326172,187943,-44674,-162759,-117028,-10264,37808,24540,1026,-6537,-2512,672,766,34,-110,-11,6,1 # cft deg6 r=8
247189,3774,597529,-449150,998439,1284282,-79706,838756,171373,207594,112028,-250314,17988,84368,-79822,58628,17027,2236,4947,-1282,63,-40,-31,4,1 # cft deg6 r=4
-223625,-195125,-195975,-1053250,3767940,-4619250,5984669,-5795671,2277758,200500,-1046017,1490232,-729324,-356986,421207,-19940,-94168,23301,10187,-4651,-170,317,-23,-8,1 # cft deg6 r=4
349,2126,-15329,-1602,18434,-15922,-792,138178,-38789,-198892,46101,91722,-40946,4114,32736,-12544,-12518,2966,1281,-720,19,88,-16,-4,1 # cft deg6 r=8
-7209,12042,239040,823923,1602106,2181882,2023184,854715,-904546,-2126892,-1965743,-866079,112335,392234,205110,6154,-41725,-15707,2051,2435,220,-157,-29,4,1 # cft deg6 r=4
-328336,-352480,43360,605856,2112332,4117472,5142620,5010400,3639207,1792354,200817,-630799,-741217,-508379,-231119,-55944,8538,13497,4798,236,-404,-139,-6,6,1 # cft deg6 r=4
2739929,779160,-1479645,-1040526,3235297,8286084,9264112,7591606,5421266,3513004,2133774,1075182,408432,166662,74948,-1094,-18846,-3384,3527,1320,-159,-118,4,8,1 # cft deg6 r=0
14576,-11024,31744,42592,80148,12940,33328,-30700,55467,-29743,52408,-13018,16668,-11297,1867,7427,-3532,-7,431,-24,34,-1,0,-4,1 # cft deg6 r=0
1936,9856,23568,34464,72684,129496,203640,307384,417129,499732,542804,522879,438134,317354,198026,104492,44852,14075,2213,-596,-470,-108,8,8,1 # cft deg6 r=0
157375,274000,1319625,2246600,5955415,2874935,-6169246,-2263323,6750951,2292279,-2518215,-1095257,250188,624162,748496,440380,156421,45125,7332,-936,-526,-113,-22,2,1 # cft deg6 r=0
109071,-745761,5210134,7908505,7943287,5708121,4002426,1546145,228106,-276061,-137694,-40478,43966,47319,21559,3018,679,796,431,362,148,-18,-13,2,1 # cft deg6 r=0
21181,-10599,-177757,228176,282368,-779038,770958,-790575,902755,-590085,77810,109079,-33857,-27691,24913,-7894,-3111,5802,-3289,796,18,-72,30,-8,1 # cft deg6 r=8
225616,429400,-1074116,-630882,1109079,213922,-460446,735927,113450,-1214198,-161169,888302,197258,-375311,-114267,96678,36012,-15384,-6598,1490,706,-82,-41,2,1 # cft deg6 r=8
41535909,112464450,118096542,41131125,-61152147,-114076359,-67187790,32748924,97766687,96537233,54622240,12083862,-6885840,-6160534,-1252980,485266,252277,-4991,-20017,-740,1189,56,-50,-2,1 # cft deg6 r=0
-361421,-725897,-328385,-70547,-461392,-551206,-162540,5174,-327229,-698399,-619796,-236270,56848,126444,72442,15950,-5879,-7248,-3537,-932,-18,120,56,12,1 # cft deg6 r=4
21051,1156170,4621291,-17896106,5639366,7376702,3332182,-400274,-291535,701730,-645095,-564498,299832,185734,-128944,-42872,38814,9754,-6593,-1596,637,130,-36,-4,1 # cft deg6 r=8
6259,35624,-2472,-145174,-134775,77824,220526,166526,4297,-86346,-43349,6640,-5628,-4340,1917,-4770,733,2536,-944,-496,215,38,-21,-2,1 # cft deg6 r=8
-356,-4928,6026,-11302,71387,-75258,-80760,181154,-139296,88346,8027,-112408,78618,22194,-49055,15378,8595,-7912,1285,956,-501,46,29,-10,1 # cft deg6 r=8
-3041,-103878,-337090,-149618,331302,-65402,-296421,283908,27155,-204026,148025,24228,-87948,33316,16008,-15514,1360,2938,-1000,-296,175,2,-17,2,1 # cft deg6 r=12
-1681,5466,18298,43768,89906,77438,85888,-24630,-6943,-82086,62375,-20604,39391,-39298,23119,-11736,2170,2196,-1813,764,-204,-12,33,-10,1 # cft deg6 r=4
-71,-4187,31750,-101440,192203,-250272,243076,-145293,-6682,99913,-97086,106753,-75857,-859,47920,-37218,585,12388,-3597,-1452,667,52,-43,0,1 # cft deg6 r=4
19359,-25623,-190611,-11634,460232,190669,-565548,-371652,431448,380242,-219098,-254573,79854,119926,-23462,-40394,5796,10443,-1958,-1608,438,100,-36,-2,1 # cft deg6 r=8
26721,-445968,-800635,-373518,512257,1100864,837789,-89579,-643319,-463931,-8603,169998,101503,-18861,-38643,-7276,9385,2952,-1384,-622,187,61,-14,-4,1 # cft deg6 r=4
67481,395876,730011,2799,-1665671,-1760837,496266,1806328,386623,-1042143,-536786,339863,265054,-86910,-90646,18380,23918,-2608,-4560,192,604,22,-39,-2,1 # cft deg6 r=8
139,-146,-4434,7936,27655,-57517,4911,-1895,58093,-21540,-10232,-11514,8659,2292,-3599,-562,-640,1993,-418,-304,-9,90,-16,-4,1 # cft deg6 r=8
16,-1384,-10464,-38728,-101687,-227686,-475256,-859875,-1249913,-1377858,-1127331,-647015,-215719,21357,85983,69873,36527,15345,5525,1886,737,249,66,12,1 # cft deg6 r=4
121,33033,120087,296978,559395,862237,1333134,1725788,1789762,1419773,745352,35171,-273788,-198636,-37982,32471,26371,7095,-575,-1098,-352,-44,9,6,1 # cft deg6 r=4
-5659,2465,-12904,38404,-42636,84387,2962,106674,23349,13052,-33980,-44157,-34732,-11392,-2800,6872,1651,433,-587,-410,88,72,-8,-6,1 # cft deg6 r=4
1341364,5657766,14475225,25446011,35911037,41821420,42477387,37954637,30509772,21684569,13138535,6665537,2808439,976967,274837,59417,7376,-2657,-3175,-1618,-404,7,36,10,1 # cft deg6 r=0
9,-183,1360,-4635,5543,5863,-7052,-13563,-2364,13624,10398,-5333,-7428,-2159,1120,1140,1432,709,-781,-516,262,64,-30,-2,1 # cft deg6 r=8
7459451,2348784,8574303,-3699131,32091,-5672299,-62118,-1464848,702770,-134524,439848,238916,306098,157150,85270,34036,18482,8263,2692,65,-189,-69,-5,2,1 # cft deg6 r=0
1251,8223,14827,-56,-8221,19832,3864,-23586,11681,6610,-2595,-2170,-5433,15793,-9154,-3353,6437,-2546,-367,671,-252,23,19,-8,1 # cft deg6 r=8
778361,2856694,2623245,-2166302,-4617611,-316168,3525302,1512552,-1531688,-1149642,406468,533528,-32575,-172858,-23230,41296,11911,-7342,-2963,894,422,-64,-32,2,1 # cft deg6 r=4
318796,-4529412,17678738,-16220016,-29545829,60849224,-4612194,-54379694,18740034,30032512,-15721597,-9933047,6941568,1869900,-1789579,-194324,287083,9668,-29381,-79,1873,-7,-67,0,1 # cft deg6 r=8
-493004,918540,2188762,-4537556,-2600997,8676847,-62914,-7869421,2083278,3958682,-1501711,-1872975,937308,734176,-405168,-198629,99689,34897,-13411,-3798,996,228,-43,-6,1 # cft deg6 r=8
91683961,-258541524,219606339,1071278,-85489366,14881982,29492586,1869616,-4765557,-1338,2560314,67632,-872108,-160824,136794,40614,-17125,-8632,1650,1382,-35,-94,7,8,1 # cft deg6 r=0
18901,106164,291267,232894,236949,-90722,85882,-57240,326770,1294,-90099,-15276,41161,33852,-11541,-14972,6960,4050,-1922,-494,319,42,-27,-2,1 # cft deg6 r=0
-899,3951,-913,-8641,-13369,22300,16722,11853,-24998,11150,-28426,-28380,-4687,21772,20791,1281,-423,-2091,590,721,189,68,-29,-4,1 # cft deg6 r=4
22381,47230,-59778,-94983,87512,-290513,-292522,866786,-883041,782140,-135881,-398335,167934,117991,-83383,8990,546,-1321,2724,-772,-331,166,-2,-8,1 # cft deg6 r=8
-22699,-49743,-64059,955,151126,301636,363891,310257,195005,99798,48631,15352,-16650,-35241,-29881,-12169,615,3427,1534,-14,-284,-112,-11,4,1 # cft deg6 r=4
11,-88,344,-841,1066,-183,-456,1369,510,-905,1377,1190,-502,401,696,-197,32,318,-100,-160,39,39,-8,-4,1 # cft deg6 r=0
239,1682,2531,11046,15041,30279,36432,50326,33444,44332,9047,4192,-6,-9966,-268,2204,1638,1941,907,324,165,50,14,6,1 # cft deg6 r=4
11,99,524,1845,4739,8843,12016,10329,2230,-8077,-14478,-11583,-632,8633,7691,-48,-3560,-1417,511,510,21,-77,-14,4,1 # cft deg6 r=4
-956861,6677957,-3551489,-20531135,7146469,28403839,-5616543,-22218336,2571471,11564355,-442629,-4310034,-209851,1174417,179670,-221259,-60654,25782,11645,-1169,-1267,-116,54,14,1 # cft deg6 r=8
64031,17369,43970,166116,-7743,103740,-31130,-30527,-136735,-85130,-123633,-86108,-61959,-35763,-22624,-9022,-4045,-1343,-235,26,90,45,22,6,1 # cft deg6 r=4
181,1628,-4087,-5284,11093,18434,-17602,-31602,9733,33871,-2545,-23725,-409,15048,2844,-7167,-3670,684,1013,241,-74,-50,-9,2,1 # cft deg6 r=4
121,-847,-3443,6974,73824,252846,547705,859837,1024314,929263,619990,267226,28805,-54731,-44306,-14672,1054,3735,1994,443,-79,-81,-16,2,1 # cft deg6 r=4
271,4287,21889,-136310,637266,-1498055,2223572,-2623433,2277883,-1267659,299723,193449,-279020,191205,-84241,16626,5284,-3629,-276,810,-206,-44,34,-8,1 # cft deg6 r=4
1249,65823,-487815,1526151,-3256993,4549848,-4876104,4421205,-2500351,497945,474131,-776903,635814,-368579,204781,-108648,49087,-20159,7235,-1928,395,-106,40,-10,1 # cft deg6 r=8
451,-619,17867,34896,-8971,108062,-35621,29316,31964,-57612,6775,2798,-15966,3206,2844,-1524,287,430,72,200,157,64,26,8,1 # cft deg6 r=4
26279,199474,633482,985624,528408,-698846,-1227108,-442277,228944,-235300,-814308,-554064,44521,241502,104058,-16967,-27078,-5918,2362,1325,82,-104,-23,2,1 # cft deg6 r=4
-1129,32829,-179344,198444,-141513,255322,-286205,39990,115149,-20106,-4996,-124523,165791,-52803,-46441,42443,-1777,-11863,5004,428,-829,183,14,-10,1 # cft deg6 r=8
449,-14800,-82157,187194,563539,-1461085,181796,1300640,467214,-2199515,513133,1080666,-154684,-771184,334520,197644,-174042,15231,23035,-7580,-228,448,-48,-6,1 # cft deg6 r=12
1,100,4680,-1440,9612,-3929,-3891,9419,-11650,7236,4449,-9506,-5152,3545,-1317,-71,-732,-908,-271,377,235,-51,-30,2,1 # cft deg6 r=8
4799,19637,47549,62940,80171,70536,100779,51831,89321,-32640,90761,-46337,77761,-56303,50841,-28078,16241,-6311,2515,-706,231,-56,20,-4,1 # cft deg6 r=0
361,-6802,67930,86482,115428,84444,8522,-43106,15895,38556,3759,-21318,-13663,-5993,2694,6861,2279,-2198,-1245,310,264,-15,-25,0,1 # cft deg6 r=0
1,28,378,608,-1229,-4178,-2078,4025,4474,532,35,1146,748,3,-561,-610,-125,221,193,30,-35,-15,3,4,1 # cft deg6 r=4
-45601,-1514905,4899987,1093956,-9089273,1789083,10329176,-1442629,-8828046,-82170,3606765,1313000,-1167500,-288287,68339,-928,54437,-688,-9917,-389,927,48,-45,-2,1 # cft deg6 r=12
2189,768481,9610527,28822170,30133917,5943286,-9143187,-5528901,612886,2885727,2845175,1701807,470517,-182575,-262348,-113732,-15684,4536,3426,1440,244,-78,-33,0,1 # cft deg6 r=8
821671,3944310,5498900,4230537,3369372,1392388,-715948,-446017,119692,-57502,-24579,85441,9708,-27898,-5900,-3211,-4723,-1049,69,-133,4,33,3,2,1 # cft deg6 r=8
-1459,11545,-28437,58981,-164909,376205,-575182,570424,-259778,-184261,386320,-224992,-25581,109742,-45599,-11795,16011,-2135,-2337,850,220,-104,-15,6,1 # cft deg6 r=4
571,3010,3165,-28140,-83744,-24054,155644,181741,-1197,-147722,-143960,-36753,71552,68589,2979,-16320,-5188,-235,785,388,-25,-16,-8,-2,1 # cft deg6 r=12
-78529,306130,369776,-1096381,-461615,1877194,265287,-2058551,49456,1558766,-206291,-836720,193233,315133,-106469,-80108,37691,13132,-8261,-1204,983,38,-52,0,1 # cft deg6 r=8
34481,3071,-105362,223315,-260362,-50878,364114,-296515,-22235,270847,-203770,-100153,183759,25168,-86672,-9175,24903,3224,-4464,-689,488,80,-31,-4,1 # cft deg6 r=8
3625,-104375,-36325,44950,-56195,91715,-36136,-538705,-237577,554326,469485,-173483,-298547,-17321,96952,28464,-17282,-9806,1002,1591,135,-126,-23,4,1 # cft deg6 r=4
-41,-20,53,329,-423,-903,-1192,965,1331,1204,-552,249,-3453,5674,-1350,-2060,2366,-309,-827,340,174,-71,-28,2,1 # cft deg6 r=4
59219,516506,2228527,6109695,11543300,15328007,13877801,7403655,503181,-2540838,-1775731,-112177,522951,310413,44733,-15960,4421,10913,4544,622,44,96,54,12,1 # cft deg6 r=0
-11,88,-348,806,-1372,2294,-4810,8503,-12416,13896,-15234,19222,-20130,12691,2079,-9867,4320,2476,-2210,-388,416,41,-34,-2,1 # cft deg6 r=4
7432081,26666529,47021072,48671745,30436452,12764227,10775673,13526458,8795721,1733392,-28670,1054873,859687,45323,-107420,21719,31031,43,-3346,215,398,1,-24,0,1 # cft deg6 r=0
315611,142343,-595211,-521875,1928520,5865317,8405583,8458538,7251337,5691017,3963098,2310684,1127344,508632,238282,115710,51299,18887,6210,2028,714,234,58,10,1 # cft deg6 r=0
34831,19012,226443,-1093568,1686727,-2184956,2505133,-1492810,783722,-884630,559431,-454298,302521,6488,85578,-47972,1548,-3971,1825,-167,286,-13,-30,0,1 # cft deg6 r=0
-2341,54,-1940,-5785,5640,-12499,6444,-3723,2497,-7484,15134,-18310,25402,-25647,17715,-2584,-5873,4579,28,-1493,406,100,-38,-2,1 # cft deg6 r=4
-3091,-42317,-69905,-27060,29592,93742,111871,52287,-19487,-47432,-61739,-55067,-16793,17257,22723,12340,3768,-353,-1295,-872,-295,-34,20,8,1 # cft deg6 r=8
11,-22,-287,-6608,53161,-166340,279362,-235687,-21253,296290,-337732,155627,21138,-48946,-12433,47333,-29906,3273,5329,-2721,213,184,-44,-2,1 # cft deg6 r=8
-2399,246802,407604,12887,-463619,-125385,483873,222211,-252990,-167430,98080,102380,-39218,-43023,15416,11498,-7121,-2114,2627,-237,-218,65,-9,-2,1 # cft deg6 r=4
12911,-16362,3499282,2208700,3181946,-155786,-496563,-439632,182046,12226,-10377,-173168,-168990,11638,46219,22242,2305,-3650,758,1568,169,-140,-26,4,1 # cft deg6 r=0
25981,70531,-80714,-315079,17887,497196,250721,-205291,-476194,-305876,404192,439615,-178321,-231784,46783,58854,-15784,-10274,5294,2778,-265,-273,-17,8,1 # cft deg6 r=8
-3401,-40580,1028676,187117,-3532991,796089,4360502,-1467675,-3471874,1606101,1712556,-969884,-639999,462122,138468,-150606,-5801,27851,-2702,-2985,543,165,-38,-4,1 # cft deg6 r=8
39601,-100495,77117,-140242,-21698,704111,-1131299,2264516,-1927113,-1504707,2885901,-573604,-991011,480084,116085,-117992,12149,5874,590,-1030,-11,129,-21,-4,1 # cft deg6 r=4
1549,0,-23235,0,35051,0,396154,0,187917,0,-305038,0,-102778,0,63251,0,9861,0,-2975,0,-241,0,42,0,1 # cft deg6 r=12
-1481,-17050,-48780,-34169,259237,757542,237247,-764147,-570995,93710,229092,116446,31764,-6672,-15547,-15169,-6135,2313,2583,400,-248,-106,-3,6,1 # cft deg6 r=8
121,2574,17474,38801,13560,-17187,3082,-28467,-60964,-41072,26177,54010,10158,-19269,-12103,1726,5247,839,-1294,-288,207,40,-20,-2,1 # cft deg6 r=8
-512149,-4703281,-1510336,18488325,12570851,-48387265,-7146929,74365246,-32623475,-41818763,35110611,7136037,-14300338,1565687,2801704,-825106,-246271,131617,2887,-9633,926,325,-56,-4,1 # cft deg6 r=8
121,0,-1265,0,2968,0,-4381,0,3915,0,-8897,0,15403,0,-14404,0,8680,0,-3055,0,502,0,-37,0,1 # cft deg6 r=8
62149,74929,-813721,-1696784,221542,2816439,1860836,-573131,-1252119,-871995,-310841,241585,334136,109391,-18707,-27128,-13838,-3315,820,404,-176,-76,18,10,1 # cft deg6 r=12
361,0,-6856,0,49786,0,-153970,0,253737,0,-264664,0,192539,0,-96682,0,31852,0,-6435,0,735,0,-43,0,1 # cft deg6 r=8
1669,0,8345,0,-30559,0,-52171,0,79717,0,45802,0,-63638,0,-3699,0,10721,0,535,0,-446,0,-28,0,1 # cft deg6 r=12
6761,4502,24290,186556,426165,539707,557001,571959,546154,468439,372198,285481,222739,171707,118603,68072,30875,10249,1930,-138,-170,6,32,10,1 # cft deg6 r=4
788009,8655877,43754552,135030862,285621413,440903070,515899738,468033901,332402315,183652425,76230701,21177239,1954810,-1442839,-804941,-158904,22697,21900,4558,-428,-371,-18,32,10,1 # cft deg6 r=0
14641,-22627,-57112,19481,145816,104456,-132992,-266430,-89952,188184,235478,56890,-92759,-96806,-41400,-10848,-3705,350,2824,1963,456,-56,-40,-2,1 # cft deg6 r=8
148751,1011107,3604746,8723687,15924102,23268181,28307997,29439640,26674815,21367390,15215471,9640634,5443652,2728740,1202202,457910,147536,38378,7521,956,30,8,10,4,1 # cft deg6 r=4
1681,3034,2774,9338,25245,39802,50411,63430,79559,88286,83859,74454,66554,55414,39632,24904,15540,9348,4487,1342,100,-88,-28,0,1 # cft deg6 r=0
1,-149,6082,-25548,25361,59290,-152527,92263,96021,-208029,142654,2804,-86181,83289,-38233,5180,6901,-5124,1911,-84,-186,92,-14,-4,1 # cft deg6 r=8
-38251,-189142,1912811,2956412,-5159245,-7191229,6525867,11274884,-10989220,-5581550,8789215,83698,-3629984,1046544,659113,-379166,-29006,57106,-6079,-4230,913,150,-49,-2,1 # cft deg6 r=8
-3671,18151,234058,776586,1438403,1769223,1379628,363510,-608752,-901753,-495886,50879,249273,129624,-12532,-40133,-12368,3834,3358,418,-303,-111,6,8,1 # cft deg6 r=4
4865099,2033815,6316198,25437178,23795489,6927748,7628050,11828213,-1197676,-11181777,-4224268,3374357,2203802,-525228,-564059,46952,94005,-2130,-10931,9,872,3,-43,0,1 # cft deg6 r=4
-372299,-236618,76043,-1744196,1856340,-2247876,1030394,465329,-1491528,1647027,-762856,-22335,339210,-140095,-85438,81774,-7275,-12856,4480,491,-564,88,18,-8,1 # cft deg6 r=4
3721,0,-31781,0,-72854,0,-49030,0,-46713,0,-68383,0,-42908,0,-4194,0,7011,0,3455,0,662,0,52,0,1 # cft deg6 r=4
1169669,-4452873,-1505792,13160444,-11840327,1744458,3985573,-3849394,1700470,-235802,-215280,233786,-108089,22852,2462,-7766,6692,-4664,2317,-922,314,-92,30,-6,1 # cft deg6 r=4
390119,-61176,9409,-939242,2897385,2653306,6798198,4929212,6066723,3363494,2964621,1221638,863882,228502,143464,9908,11860,-4162,407,-820,70,-62,16,-2,1 # cft deg6 r=0
-270919,616891,-582892,-457007,1465902,-1833618,1470862,-1393548,1645018,-1573531,1182998,-448878,10626,163790,-105196,36238,633,-3432,731,564,-296,56,12,-6,1 # cft deg6 r=4
9181,-33292,-17974,180808,-136697,-228160,361882,-17415,-219491,28179,122744,26817,-136432,39719,51338,-33563,-3665,8454,-1383,-944,330,43,-29,0,1 # cft deg6 r=8
41,1238,3268,8547,-190,1817,-756,18300,3143,3351,25833,4125,-18948,-8340,8344,4674,-2414,-917,217,36,99,-13,-19,2,1 # cft deg6 r=4
111959,15731,-131821,448294,1426499,1238045,-379641,-1209400,-143992,877680,444810,-302355,-257716,72628,100251,-1189,-22171,-2757,3194,909,-127,-94,-11,4,1 # cft deg6 r=4
2074571,-238262,-5204474,-496861,7529397,3266537,-5615500,-5003869,2721990,4634463,-213545,-2020255,-218479,421473,27816,-49084,14244,7212,-3616,-1246,346,129,-21,-6,1 # cft deg6 r=0
-41051,741640,-3968458,5647763,12109571,-36591831,16219961,14727551,-17286277,6149899,2041232,-3524531,1531429,106035,-454389,195242,12763,-39296,10547,1712,-1412,198,32,-12,1 # cft deg6 r=12
61,-247,1069,5923,-44615,103037,-68349,-79905,78920,13431,134831,-212927,27683,97736,-105588,79174,-27521,-8829,10180,-2031,-572,266,-11,-8,1 # cft deg6 r=8
-15649,-67119,-295131,251316,73070,-415560,353242,-11873,782520,553889,-590863,-398639,166745,139539,49445,6958,-28587,-11236,5426,2553,-389,-248,1,10,1 # cft deg6 r=4
284339,-2219323,3058402,6277608,-20573459,14074138,9435481,-17868155,3375615,6873097,-1630620,-1664816,-52889,521557,103301,-138745,-19065,22842,2068,-2615,-50,180,-5,-8,1 # cft deg6 r=4
-11051749,-45774322,-105486494,-146038579,-117555482,-32579736,36026115,43680427,33898855,46234717,50883273,25750386,-2660476,-11083190,-6107182,-1095364,346368,222668,32804,-7391,-3515,-389,42,14,1 # cft deg6 r=4
1681,-4100,3783,18714,-27191,22475,21581,-69718,96256,-55014,-24821,91894,-103332,72518,-32349,7468,1314,-2206,1377,-530,53,60,-23,0,1 # cft deg6 r=4
-319,6319,64024,207878,460385,601130,408776,-153597,-738713,-908259,-589435,-137167,163688,230879,164445,80268,29187,9022,3082,1324,599,218,56,10,1 # cft deg6 r=4
1,11,56,138,717,808,4912,4599,11509,9730,12378,8449,6384,2427,1229,-315,-42,197,202,88,28,-19,-9,2,1 # cft deg6 r=0
641,2919,5692,-6418,12200,-14347,16806,-13680,7414,-2921,2940,-8095,3614,3827,-1737,-3090,1760,1377,-871,-326,198,41,-22,-2,1 # cft deg6 r=4
499,-3340,-577,-2069,17293,-17359,1796,-26229,51629,7383,-11252,-37919,4341,35339,-1545,-17545,1239,2839,1014,8,-332,-94,19,10,1 # cft deg6 r=4
3721,21106,65667,55656,15310,21109,-65056,-108013,11560,64231,32604,-705,-27132,-15901,6753,6445,-1718,-2009,313,679,88,-93,-21,4,1 # cft deg6 r=8
-3209,24421,-27993,-58852,16751,-469560,918244,492839,-1577804,-29688,816590,-68567,-813,7678,-113665,21952,45831,-7511,-8892,1175,948,-78,-49,2,1 # cft deg6 r=8
-400919,989885,1454856,-2983190,-6046148,10099994,7167301,-15464389,-2173658,11218156,-1021639,-4555259,1023923,1103607,-370328,-160731,77622,12064,-10323,-75,882,-48,-45,2,1 # cft deg6 r=8
78749,45386,-296828,404802,-463465,459517,-252139,133578,-97191,-2500,84994,-54735,14511,4877,-5003,4289,-18,-485,432,2,-45,9,-9,0,1 # cft deg6 r=4
1201,14269,73166,201638,317585,272282,262649,364033,292693,73131,20593,67642,15173,-50053,-24563,15390,12366,-1574,-2869,-94,378,32,-28,-2,1 # cft deg6 r=0
1109,21554,109267,373161,971750,1998076,3419046,4977185,6217108,6812217,6576364,5566547,4129469,2648175,1433985,643396,232984,64219,11824,780,-284,-74,12,8,1 # cft deg6 r=4
-281,1891,-2344,-6462,12672,-13314,-48069,12448,18768,-21831,24102,34996,-8332,-31867,-2442,12414,2931,-2089,-1800,348,369,-36,-34,2,1 # cft deg6 r=4
991,-5284,7184,8737,-38338,47887,-7950,-73150,124650,-61211,-74827,124871,-43383,-41697,40566,-1593,-12246,4397,1366,-1081,35,108,-18,-4,1 # cft deg6 r=8
671,-1683,8129,20988,-20660,-82908,-117510,-9577,215778,170117,-98593,-148375,-8562,53691,22147,-6582,-7794,-1626,598,264,-47,-30,6,6,1 # cft deg6 r=8
-1,-4,-35,1138,3651,-17361,-9396,55719,10308,-84013,-6849,71758,1329,-38582,3144,15662,-2452,-5493,256,1239,134,-122,-24,4,1 # cft deg6 r=12
-1539,12231,26757,-5859,25308,90072,-13938,-101856,41366,138834,-46743,-130816,15588,79442,-4273,-30750,2680,7468,-1183,-1115,268,85,-27,-2,1 # cft deg6 r=8
-647641,-621556,705278,-162738,-1128594,636826,512098,-818261,-76934,370181,-2998,-45625,-1396,14289,687,-10578,877,1705,-737,148,187,-60,-22,4,1 # cft deg6 r=4
8311,-50725,177383,-550399,1307039,-2200913,2092740,-1594716,2339657,-3605989,3799331,-2865186,1676371,-824280,378494,-172294,70721,-22397,5324,-1448,650,-266,72,-12,1 # cft deg6 r=4
941,13870,85079,279536,565867,730759,626165,450086,483988,676584,768918,667382,484787,338098,247382,181992,122013,69787,33021,12708,3903,926,160,18,1 # cft deg6 r=0
5581,-17275,-113593,248622,424913,-1126610,-208552,1940996,-860077,-1289740,1087346,360825,-580464,-15949,186524,-17712,-46690,12630,5586,-2706,-119,221,-21,-6,1 # cft deg6 r=12
-1,-159,-1005,5462,8594,-43291,-30625,103361,51334,-162116,33332,86178,-69280,3646,32426,-18751,-4545,6399,-678,-753,257,8,-25,2,1 # cft deg6 r=8
-639,-5412,-13483,13742,99457,29488,-198817,-75481,161753,-10091,-100175,25363,17728,-2133,10663,-2440,-3534,3162,1797,-674,-548,-42,42,12,1 # cft deg6 r=8
-1,27,-132,-421,-939,-2385,-5135,-3813,4821,10984,3188,-8209,-7072,1704,5699,1056,-2088,-1207,488,263,35,-49,-6,0,1 # cft deg6 r=8
-1147399,-1416798,3518464,793447,-3110666,1110761,1596110,-1091816,-731617,417456,117172,-50063,96066,-34521,-53645,20914,9577,-4867,41,322,-205,63,10,-8,1 # cft deg6 r=4
13504,77440,216000,419288,654120,867464,1044447,1118135,1009237,859001,692153,457513,247668,122011,42553,-9910,-27416,-19728,-7543,-1162,326,240,70,12,1 # cft deg6 r=4
8591,-10835,22332,-15314,6557,-18267,28426,-33885,19320,-4592,29145,-33599,-4217,8141,14182,-8370,-4647,563,4577,-2548,160,185,-33,-4,1 # cft deg6 r=0
85691,20157,74536,-76494,21256,95024,38893,24544,-101006,-24091,51976,20516,-10248,-21114,-5480,12573,5024,-3932,-1759,675,315,-60,-28,2,1 # cft deg6 r=4
-419,-3995,7450,24571,-59178,46295,335993,116350,-80610,52524,-261219,114807,103386,-126495,64120,6249,-33820,14306,2872,-3014,260,197,-36,-4,1 # cft deg6 r=8
10884739,38912051,97919265,161918740,194193050,161124754,85414473,16423012,-12568035,-10479954,-951398,2780356,1833903,313888,-191916,-132594,-22023,8138,5199,728,-168,-96,-6,2,1 # cft deg6 r=0
-328849,443786,1964628,-4542181,2418533,-248883,1997347,-2262339,88723,556171,59101,-185772,-4940,84779,-70628,27084,3272,-7184,2228,11,-165,59,-11,-2,1 # cft deg6 r=8
171,-1233,3195,954,-21218,19021,34444,-56395,9126,34097,-32812,18315,-9032,306,5733,-6080,3696,-1611,477,-45,-41,27,-5,-2,1 # cft deg6 r=4
981,0,-9810,0,25263,0,12546,0,-77711,0,-18199,0,54738,0,20527,0,-4170,0,-1856,0,-11,0,22,0,1 # cft deg6 r=12
981,0,14715,0,68370,0,152631,0,189658,0,136518,0,53886,0,8119,0,-1580,0,-732,0,-56,0,8,0,1 # cft deg6 r=4
1279,15482,-3088,-25420,-31157,2078,55234,49137,-5724,-61239,-47733,15264,41342,15839,-13997,-13092,1470,4512,270,-913,-73,116,1,-8,1 # cft deg6 r=8
-14409,-68031,140835,1323348,4001284,7219611,8514382,6296598,1837923,-1700156,-2358899,-992848,344937,640598,278432,-36472,-86589,-28870,3541,4645,831,-138,-53,0,1 # cft deg6 r=4
16319,82220,456775,951856,821506,13577,-691935,-763935,-422062,-252725,-315749,-187975,114984,220548,93580,-30079,-40788,-8857,4531,2589,30,-219,-27,6,1 # cft deg6 r=8
6649,-54385,-349333,330692,-257680,-1222544,-347753,1653026,2499679,-1037317,-2847887,250417,1581355,55612,-504827,-46154,99559,10998,-12556,-1308,1004,80,-47,-2,1 # cft deg6 r=8
-105899,207161,-7662,105659,-381812,-329357,786315,38743,-267813,-295096,96379,344916,-106615,-200520,102268,50170,-43085,-2388,8837,-1447,-702,228,8,-10,1 # cft deg6 r=4
59875,59750,-497000,109900,1347440,155290,-770784,253888,688699,-982805,-35349,1256678,-362563,-631999,268480,146483,-88700,-12225,14968,-1020,-1172,243,25,-12,1 # cft deg6 r=4
-101,-1203,-1377,-2570,16745,-23179,50725,-156568,141197,135383,-93801,-40140,-3943,-1574,14858,4173,-2389,-565,-276,-184,24,8,1,4,1 # cft deg6 r=4
499081,17213,4962528,-1375828,2087192,-5615657,-2300561,9379320,-2186146,-6055935,3045707,2003552,-1535082,-311012,429926,-7503,-70717,11940,6238,-2064,-141,149,-16,-4,1 # cft deg6 r=0
19,137,206,327,-10,-2694,-6407,-6045,5798,25362,37506,33535,17100,1014,-5514,-5655,-3583,-1233,-7,545,455,24,-38,-2,1 # cft deg6 r=4
214531,-1339495,4446216,-10127924,17335931,-22997329,23402188,-17343078,8232466,-1697139,183369,-1210423,1509057,-662508,-72018,186088,-53594,-13745,11359,-1472,-624,214,-2,-8,1 # cft deg6 r=0
32909,-96792,-1154893,-3239028,-4570293,-3709028,-1582781,477910,2090304,2600556,1569039,117664,-412184,-147664,96600,80058,8747,-7672,-971,1182,297,-50,-14,4,1 # cft deg6 r=4
3121,11866,29207,64325,118538,172692,218419,238126,221044,169395,117438,62582,7540,-14192,7082,30514,27253,10650,478,-1277,-467,-11,35,10,1 # cft deg6 r=0
121801,-102955,-493526,968426,-600863,56371,259782,-766101,1162302,-918518,513260,-453151,427170,-183703,-31483,52989,65,-17322,7262,-1,-739,154,18,-10,1 # cft deg6 r=4
196771,-463363,716633,-1072105,1416019,-1554200,1558864,-1471680,1270789,-1015028,769994,-547622,361427,-223930,130322,-70146,34894,-16113,6801,-2580,889,-276,70,-12,1 # cft deg6 r=0
1009,-1007,819,232,1762,-3925,6012,-7795,9675,-9542,10296,-11138,8630,-4369,2682,-2579,1811,-632,158,-94,64,-11,0,0,1 # cft deg6 r=0
-6859,-14725,21985,6960,42210,-100775,91026,8427,-90517,29781,107235,-132693,-4388,149171,-173765,106546,-33778,-1595,8270,-5004,1898,-496,96,-12,1 # cft deg6 r=4
-15661,4230,92707,73383,-92211,-405536,-370047,338689,687942,223040,-375633,-302511,97287,168299,-3179,-56216,-5328,12400,1472,-1911,-117,186,-7,-8,1 # cft deg6 r=8
-60161,357706,-399079,-930663,3455538,-4703292,2164970,3348884,-7729674,7619026,-3800305,-155234,1818758,-1483914,614496,-85896,-57319,43351,-14228,1958,400,-290,78,-12,1 # cft deg6 r=8
11801,35415,22659,93945,63905,42863,40281,838,-32191,-24873,-12533,-18039,-9069,-1919,-5633,-4907,-807,63,-194,24,90,21,4,4,1 # cft deg6 r=4
-81,675,7164,24054,44104,54227,47045,17630,-12142,-25745,-18826,-2691,6353,6674,1003,-1514,-1404,154,406,33,-81,-21,33,-10,1 # cft deg6 r=4
-111165841,-163900242,-48033591,-133105022,48469723,-13026478,31164651,-8838854,-2396179,-7878196,2843854,988690,726458,-213036,37329,-66188,26992,4708,737,538,-354,12,-5,2,1 # cft deg6 r=4
87111,-321939,397948,26104,-395123,-55858,933226,-1313588,1065316,-512547,296987,-318350,305575,-201880,90934,-30327,6107,1052,-1340,415,70,-131,58,-12,1 # cft deg6 r=0
701,29341,-13258,-6092,86469,-342766,436756,-274214,-154604,413246,-171348,-180507,278698,-87034,-107176,93683,-1894,-23819,7622,1415,-1094,81,56,-14,1 # cft deg6 r=4
909,1869,-961,-10691,2791,-20439,-21990,3872,-47374,-14258,11522,-22376,9443,12405,-9175,4770,6988,-3133,-2351,603,376,-54,-30,2,1 # cft deg6 r=8
1,0,53,0,237,0,465,0,665,0,287,0,17,0,-344,0,-142,0,105,0,-28,0,4,0,1 # cft deg6 r=4
-11579,-68504,63686,412063,425305,169220,114245,-65103,-518269,-649104,-372835,-182315,-153079,-55627,84737,122344,68428,14812,-3846,-3560,-937,-24,48,12,1 # cft deg6 r=8
57019,276370,717123,1582863,3429855,6437090,9615141,11375498,10802164,8216501,5005311,2477111,1013008,345063,109261,37460,13446,4716,1373,310,72,32,11,2,1 # cft deg6 r=0
-2069,15481,-42858,65790,-4073,-91038,57362,20855,-38351,34651,3538,-26957,-231,6109,1786,2173,-114,-1753,-412,312,85,-27,-9,0,1 # cft deg6 r=4
1,-25,-45,-381,-1543,-1086,6163,16051,12550,-6213,-17054,-6162,9121,9184,-231,-3951,-924,1070,327,-185,0,42,-7,-4,1 # cft deg6 r=4
19,-380,3014,-7796,-11963,50055,25252,-114027,-50429,118263,61506,-67612,-47771,20135,24150,-163,-7154,-1885,1151,616,-75,-92,-5,6,1 # cft deg6 r=4
-739,88,4756,-2490,-12388,10416,20631,-13380,-26319,-732,15840,12552,3600,-4199,-6778,-3422,1011,2031,708,-196,-210,-44,8,6,1 # cft deg6 r=12
-9,-324,1466,-3638,-10820,-13396,-14336,-23851,-32094,-21484,-879,7614,-2069,-7938,-1261,2633,799,275,109,-35,-182,67,11,-8,1 # cft deg6 r=4
7461,-14532,175265,-259757,394022,-293692,145782,38869,-145951,152162,-92262,40670,-9329,-3791,6096,-5920,4460,-1735,57,222,-123,43,-3,-4,1 # cft deg6 r=4
59771,-35202,50396,485734,625666,276542,-722,-61019,-43898,-32389,19941,26069,3158,-10306,-3044,316,1572,16,-212,-98,71,24,-14,-2,1 # cft deg6 r=0
13901,43141,80734,114770,141912,149165,137647,115401,83608,45582,26561,25443,21609,12438,6705,2560,-1255,-1700,-13,586,195,-36,-24,0,1 # cft deg6 r=0
29,-104,275,-199,466,3082,-7601,-5391,13775,15574,-53099,50632,-15320,-9225,9711,-4306,2069,-780,-69,149,-12,-19,5,-2,1 # cft deg6 r=4
769,-6391,16087,-43413,84234,-135940,211573,-241565,283969,-242012,199654,-122510,66032,-28134,14084,-9615,6062,-4380,452,-42,5,73,12,4,1 # cft deg6 r=4
19,-265,1905,-8520,25474,-50606,63238,-42847,13639,3221,-45987,16513,-30194,-11311,2253,-4759,2888,3489,1038,808,313,-53,-36,0,1 # cft deg6 r=4
75125,108500,-93525,-66050,90740,59930,-11291,-42942,-93781,19378,128043,4937,-95438,-17888,45656,14250,-13529,-5908,2211,1399,-94,-157,-14,6,1 # cft deg6 r=4
328841,1436462,922524,-4275965,-9077075,-2600761,12078824,15576627,1814611,-10989648,-9117803,-388632,3418168,1850079,-71092,-427442,-139858,16728,20631,3450,-746,-311,-12,8,1 # cft deg6 r=8
619,2496,17443,16316,-5892,-649799,-703415,-892047,-553763,184462,279511,298932,159587,-65684,-42524,7824,2626,3570,1542,-951,-135,133,-5,-6,1 # cft deg6 r=4
-1721,14346,-55179,45249,220616,-298658,-275417,462005,135757,-325222,48461,94614,-85058,19869,35625,-25372,-4525,8408,-941,-1219,314,77,-29,-2,1 # cft deg6 r=4
3119,46845,225450,533981,690327,426294,-31677,-234257,-215102,-261555,-263083,-81255,98834,111814,19262,-32655,-16255,4966,4279,-736,-602,135,31,-12,1 # cft deg6 r=8
-2081,-9073,92590,-192491,290388,-725341,1426657,-1641591,1265056,-774929,218715,164896,-26009,-219697,140046,38864,-65681,15215,7016,-3927,214,222,-37,-4,1 # cft deg6 r=4
479,1845,-7242,-59893,-172172,-254447,-41210,670161,1392099,1070543,-417963,-1620793,-1351442,-271323,321172,221506,6309,-38090,-9084,2760,1123,-74,-56,0,1 # cft deg6 r=12
1,585,-2597,5274,-7782,15989,-29023,28093,-12453,13367,-28750,13539,26618,-33917,3733,15344,-8209,-1783,2642,-387,-316,114,6,-8,1 # cft deg6 r=4
1521,9438,1184,697,-13158,-114578,-19167,66750,-87017,-31138,149458,44403,-44404,34863,37227,-19932,-18236,4744,6410,837,-587,-169,14,10,1 # cft deg6 r=4
117531,-175122,541026,-565461,1130265,-1253322,1817949,-1737321,1962269,-1838762,1825455,-1531367,1218157,-840191,527505,-282188,132632,-52858,18642,-5646,1525,-346,68,-10,1 # cft deg6 r=0
22599,-4617,1272996,-2687391,2722689,-1810980,638514,747240,-1128530,788577,-321346,16180,101528,-77150,34948,-17108,7364,-2498,1287,-532,162,-60,18,-2,1 # cft deg6 r=0
27409,167621,-380282,539461,91233,-1413733,2927187,-3626675,3219399,-2243191,1432033,-1027894,767043,-429702,97950,63134,-59949,15133,3416,-2717,304,136,-34,-2,1 # cft deg6 r=4
9,147,-175,-2552,-9820,-21983,-30256,-17134,37169,131867,227469,265796,218535,117444,26647,-14579,-14615,-3297,1807,1244,116,-104,-27,2,1 # cft deg6 r=8
211,-648,2905,-17112,21651,25377,-49149,32686,54937,-59492,-33423,27387,-26133,-36728,5967,6088,-6188,537,5484,2518,41,-208,-34,4,1 # cft deg6 r=8
1451,10834,45096,134155,321930,615432,944105,1107533,963858,554367,157332,95557,198973,124245,-30336,-57419,-7930,13542,6248,-300,-810,-137,32,12,1 # cft deg6 r=0
5419,-39346,21171,130288,-66892,-177050,68226,67205,-65775,101233,105238,-166591,-169342,70118,150045,59257,-10928,-15039,-2528,1354,505,-43,-35,0,1 # cft deg6 r=4
1115281,2963110,3295358,3257855,5554764,7578748,6109707,3655575,2594636,1737337,657084,183156,172916,108025,14308,-1605,5498,1925,-696,-125,119,1,-11,2,1 # cft deg6 r=0
122329,-1185867,5036443,-12126017,17926121,-16560910,9852039,-5461151,5343051,-5053814,2886593,-1075310,572885,-431980,173900,-6163,-10297,-6515,5870,-798,-463,159,3,-8,1 # cft deg6 r=0
-639,1194,-19817,31752,-156622,252080,84777,-711751,787153,-299590,-131167,251021,-71867,-95190,56837,15817,-18416,513,4191,-1306,-215,108,-7,2,1 # cft deg6 r=4
-25616169,64363518,171814383,-1031068743,2102308823,-2321146664,1368357588,-160484221,-380002810,275483257,-42802949,-43051009,26129620,-2315959,-3115822,1266339,-11790,-118937,29600,1734,-2058,293,28,-12,1 # cft deg6 r=4
-2606139,-3393648,2407554,3161157,-1880657,953745,4355860,-2132259,-4768333,1136970,2644294,-297860,-787848,67683,110361,-21966,2160,5964,-3412,-892,536,67,-37,-2,1 # cft deg6 r=4
-165241,537303,-783199,100594,1365710,-1733600,113508,1597284,-915112,-901815,863575,321363,-477520,-49915,173330,-12856,-40127,8649,5361,-1917,-310,198,-5,-8,1 # cft deg6 r=4
1,4,-17,-41,46,-184,136,849,-2058,520,3156,-3262,-1406,3860,-633,-2383,1141,783,-578,-132,145,10,-19,0,1 # cft deg6 r=8
78139,350277,804080,1300550,1855861,2358181,2572188,2569991,2503272,2301179,1939347,1591569,1245704,847849,512501,272610,114335,34115,6658,898,238,112,36,8,1 # cft deg6 r=0
441,1260,2337,-1548,24602,26604,6393,-22675,-17662,11556,36903,3645,-26786,-7926,17446,-2425,-2095,-516,740,153,-220,12,31,-10,1 # cft deg6 r=0
529,-10511,37088,-34818,72030,-195578,482998,-507803,-223786,698902,-414924,-152152,459110,-148450,-221183,97655,61342,-24145,-10072,2929,954,-173,-48,4,1 # cft deg6 r=12
-729,-4374,10854,-2430,8883,-33750,62298,-71532,77970,-59196,26327,-14364,11482,-4726,4798,-10116,8732,-2274,-1485,1442,-464,20,32,-10,1 # cft deg6 r=8
-12231,47790,-33453,-133380,283968,-60030,-362142,358698,47663,-232554,59479,86186,-58622,78,14582,-8332,835,2008,-771,-282,144,36,-18,-2,1 # cft deg6 r=8
43839,218364,371392,149774,-52976,151720,86793,250312,-157500,50156,-34154,53189,7143,-24996,40709,-36765,22758,-10715,3390,-654,22,75,-28,0,1 # cft deg6 r=4
9001,-10927,12167,9278,198789,-242963,206597,108632,77826,-525668,61506,400335,-264603,2509,146950,-89030,-23066,31460,-1778,-4102,657,221,-47,-4,1 # cft deg6 r=4
292891,-1670187,3696235,-3952334,2499493,-2947883,4891659,-2983694,-2905386,5983219,-3232778,-809160,1873745,-735072,-185283,251054,-56035,-22723,14036,-1039,-996,258,8,-10,1 # cft deg6 r=8
-179,7565,-73536,173972,-195085,6396,283337,-362783,210112,-52937,-44237,159468,-229379,145045,7320,-72818,46465,-9675,-3035,2570,-703,23,44,-12,1 # cft deg6 r=8
59359,-610135,2995455,-9175019,19841199,-32511596,42185310,-44663660,39463945,-29637746,19237082,-10975096,5601279,-2589994,1074382,-375200,91282,-3027,-9805,4942,-1141,48,46,-12,1 # cft deg6 r=4
-229,1730,724,-10230,-15058,-123,17193,15237,-1189,-11756,-9323,-2648,247,-435,-955,-378,316,469,337,212,140,79,32,8,1 # cft deg6 r=4
119979,-440427,1083086,-2021223,3207639,-4438842,5445290,-5982239,5995497,-5583542,4871011,-3932129,2871345,-1856987,1054171,-524714,230126,-89036,30463,-9134,2388,-524,94,-12,1 # cft deg6 r=0
4761,-25737,69047,-145475,170589,-92900,59598,-59581,206535,179705,500827,456993,276860,-6406,-101732,2641,8299,-10577,437,1779,-331,-12,30,-10,1 # cft deg6 r=4
-25321,205871,-1667094,-440060,-1039162,-9709571,11073535,12713602,-11657366,-1650545,3317723,-2446067,490,950620,-204001,-65699,58696,-19221,-9587,3784,1004,-270,-49,6,1 # cft deg6 r=8
-8591,-53658,-96131,74883,377303,29275,-399700,-166187,370960,299841,-181359,-251320,19917,106645,17461,-24193,-8403,2315,1677,213,-142,-79,-3,6,1 # cft deg6 r=4
-38821,357783,-1277824,1992838,-1287767,-3711372,6742262,7603703,-2477613,1267044,1688195,-1195806,38899,72745,-94112,18810,-3419,4017,311,-530,258,-15,-30,2,1 # cft deg6 r=4
383051,643305,282790,2362790,2890963,-2797905,-1501891,8542235,8826465,527960,-2307894,-801890,255538,-25090,-201367,34505,76721,-2410,-12884,-110,1131,5,-50,0,1 # cft deg6 r=4
7697309,-2535769,-25897391,15624107,43650577,-67810369,32287301,7240059,-17844211,9651462,-345328,-2777695,1691834,-240120,-231117,145882,-23584,-8712,5748,-1442,-91,157,-23,-4,1 # cft deg6 r=0
-229,597,5315,-31267,85661,-158908,221936,-238719,194569,-103792,9187,49439,-57039,32304,-5144,-6814,5733,-1332,-726,632,-134,-50,39,-10,1 # cft deg6 r=4
-71,1336,3329,-64976,-456424,-1422253,-2626880,-3129321,-2362764,-731852,977940,2016867,2009833,1154455,211182,-193912,-141862,-20970,12702,5191,-33,-311,-34,6,1 # cft deg6 r=8
11079,3687,50108,39896,78099,76440,69999,56410,40324,23870,19104,15366,10739,9526,8916,4648,2294,1938,719,-402,-346,-26,40,12,1 # cft deg6 r=0
30119,-33197,-4069,-20443,24054,16433,-45201,-30471,37961,69203,14765,-41407,-35940,-2527,16435,10377,-1959,-3903,-489,658,174,-56,-21,2,1 # cft deg6 r=8
14661,-55161,-53964,306786,-326,-646370,98889,981206,-766593,-206051,815677,-621013,105933,171325,-153162,48542,11295,-18777,8802,-1941,-33,147,-30,-2,1 # cft deg6 r=4
184441,935001,1808151,1382905,-260727,-1360465,-1125808,-83380,841232,672662,-236414,-475805,-6659,194049,26820,-54786,-9182,11188,1546,-1634,-113,157,-3,-8,1 # cft deg6 r=4
1161536,-5041056,11180256,-17665200,22477976,-23703116,20913279,-15825656,10405363,-5711703,2435673,-841593,395719,-313295,215576,-96494,21011,3253,-3493,440,519,-345,104,-16,1 # cft deg6 r=0
2931309,14953491,52222320,121871601,204100218,259487496,261256128,213826806,144317465,80683570,37166675,13766160,3782280,526850,-140614,-118056,-36428,-5537,-774,-584,-220,0,26,8,1 # cft deg6 r=0
-601,-3503,-16520,-52492,-108468,-158418,-153126,-70655,50135,131433,118838,32930,-59882,-94769,-70453,-26632,-1305,4011,1780,349,-60,-82,-19,4,1 # cft deg6 r=4
-3439,-27958,-53566,-334661,-614572,-477031,193735,698885,639947,284966,48359,700,8936,21283,17718,7152,-1939,-502,748,277,-189,12,25,-8,1 # cft deg6 r=4
1,-107,-1780,8574,-9217,-6561,-81136,154250,-77641,-27611,65971,-65383,46826,-7585,-17591,14985,-4821,-1253,2164,-670,-169,127,-9,-6,1 # cft deg6 r=12
11,-175,376,3198,-16005,30804,-36739,34187,24195,-8308,58776,7857,7993,16254,-5069,-2314,187,-1405,-205,447,96,-58,-17,2,1 # cft deg6 r=8
-4451,-195457,-2103791,247002,11918761,21425258,24716547,23290700,16825516,10695340,6262957,3183626,1505406,549984,246582,128834,34627,13082,2774,462,345,-32,22,-4,1 # cft deg6 r=8
97661,645491,-516533,-1517516,1002872,1521255,-1113761,-1107914,681069,581555,-311585,-245488,99297,78487,-25819,-20473,6529,4682,-1179,-886,156,99,-13,-6,1 # cft deg6 r=8
2223369,-15668397,52011693,-111207060,173088108,-209938725,207594825,-173000751,124689263,-79493954,45860520,-24439469,12154430,-5619823,2390667,-924154,320703,-99670,28068,-7156,1633,-344,60,-8,1 # cft deg6 r=4
1,3,-22,-139,-322,-323,-234,-210,-402,633,-309,-228,920,-1100,843,-450,71,188,-188,94,-34,2,10,-6,1 # cft deg6 r=8
67401,-10764,-59577,-157032,29129,159385,45208,-52724,-61912,19278,23146,-5353,-2600,2692,-1019,-2054,755,680,8,-269,-1,46,1,-6,1 # cft deg6 r=4
650249,-360075,-1223760,3432678,196111,-5014324,1197610,3010441,-1927325,-493227,1204525,-365597,-333234,280083,24753,-70526,15367,10114,-4400,-422,573,-28,-30,4,1 # cft deg6 r=4
77841,-426033,996966,-1157124,451303,416881,-476096,-32250,262120,690,-196340,106348,70888,-104445,40085,11460,-14423,3059,1798,-1131,70,120,-23,-4,1 # cft deg6 r=0
1,-27,1098,5703,-14223,17556,-15156,-15614,36664,-29497,4450,20357,-25135,1143,18074,-9140,-5986,6235,-210,-1439,425,67,-38,0,1 # cft deg6 r=8
292681,1335188,1860332,-789119,-4470092,-2974218,2534117,4027757,484674,-2062508,-1101616,406240,513432,50959,-120780,-46920,15473,12134,-974,-1812,44,163,-7,-8,1 # cft deg6 r=4
14821,35776,-37159,-293399,-693151,-999954,-803342,7005,816051,862338,228519,-285552,-242448,49269,178578,114420,24735,-8100,-5621,118,1232,586,140,18,1 # cft deg6 r=4
121,22,-865,-5117,-6030,-6903,-2857,893,4654,3950,1270,-2773,-2176,-215,1200,749,-247,-532,-174,139,90,9,-16,-2,1 # cft deg6 r=4
3121,-14014,25805,-19886,17301,-45088,48620,3166,-30439,-2411,19932,4938,-12967,-10806,22457,-8783,-4617,4577,446,-2464,1703,-635,142,-18,1 # cft deg6 r=0
7391,-7848,15920,-11175,21233,-16534,21119,-12659,14226,-7746,15154,339,7829,553,2138,-3028,-1327,-20,814,122,-105,-63,7,8,1 # cft deg6 r=0
7561,-13530,149289,47557,200902,225886,349676,-85290,214819,15998,21733,-83512,142425,-28626,-16337,-2728,6217,2963,-982,-961,174,104,-14,-6,1 # cft deg6 r=0
229,11257,74528,241778,426347,471430,310996,118323,91515,195201,234905,111745,-59492,-141233,-116861,-59284,-19791,-3354,1258,1452,691,232,64,12,1 # cft deg6 r=4
1381,2152,-7773,25368,-24976,-37531,75889,-45828,36130,12073,7915,3186,-9058,1248,3824,145,-240,96,-277,-67,99,19,-15,-2,1 # cft deg6 r=4
15296,2144,46368,461328,232540,-5122,149621,-190987,26629,-12082,71571,45970,-82838,-5031,35382,-4783,-8789,3159,1059,-687,26,69,-11,-2,1 # cft deg6 r=4
14981,71209,-119260,-194406,79819,18072,-130843,-10343,-140806,-321862,-96626,108646,-3689,-96723,-27513,27096,12251,-4045,-2250,715,446,-18,-31,0,1 # cft deg6 r=4
2059,98848,-300393,-1526908,-3890589,-6976118,-2646321,8996011,7863742,-6237185,-8879591,-137941,2777630,327085,-432249,33644,81850,-9691,-9528,1323,690,-116,-36,4,1 # cft deg6 r=8
143821,-249613,461006,-91136,289427,422606,225459,262824,319857,50827,52757,73367,-3844,-17054,11128,2898,-2762,791,721,-466,-102,79,7,-8,1 # cft deg6 r=0
-3931,15735,-27205,63249,-167168,186602,89719,-360399,145967,240009,-184782,-103949,121124,26002,-46588,-6490,12787,1900,-2497,-430,315,56,-22,-4,1 # cft deg6 r=8
251,-2377,3105,-6362,-4947,-10437,-19173,-17093,-25733,-26592,-16370,-9925,3736,7914,3891,1833,-887,-1227,0,-6,64,40,-13,-4,1 # cft deg6 r=4
-31,115,45,-1688,2829,-7061,22987,-15666,9859,-11680,-28088,-21127,24217,11232,-6273,1935,2383,-752,-823,-83,75,23,14,6,1 # cft deg6 r=4
119979,195561,288038,632948,622312,160257,39698,-147194,-702012,-534607,307488,500968,45273,-168183,-56031,22093,11535,-922,-730,209,170,31,-11,-2,1 # cft deg6 r=0
5779271,1017638,-14726277,-11134523,6829993,7096112,575307,4623106,12412468,12431378,8582219,5045766,2875709,1372804,548582,151254,27072,-5406,-4582,-1984,-377,-34,14,8,1 # cft deg6 r=0
961,-9083,32606,-40109,-3165,-15894,23250,30612,17926,6997,23086,-7803,-20861,-9519,2850,330,838,723,-316,-367,-25,101,-2,-8,1 # cft deg6 r=8
-81,10530,-103356,-48528,211124,182010,126,-135309,-221434,-124525,102197,181409,24202,-92870,-32434,27488,11854,-5368,-2440,702,321,-56,-26,2,1 # cft deg6 r=8
59566671,-358659495,779104332,-663703416,-265808511,923278905,-385662633,-377084337,317296057,64351236,-110278525,1694198,23366294,-3644944,-3741400,875218,507464,-95339,-50431,4529,2906,-76,-85,0,1 # cft deg6 r=8
1,28,-6,-956,3822,-3244,-16779,62400,-101637,90318,-32756,-19384,30786,-14655,1472,-1574,5581,-5327,2174,-40,-334,120,-4,-6,1 # cft deg6 r=12
81,270,-2286,-5601,16010,7920,-42095,-22535,50130,-1122,-15496,-2064,8924,-4885,-1298,3284,-1563,184,148,-136,64,11,-15,0,1 # cft deg6 r=4
1,-12,61,-173,284,-197,-511,2684,-5648,7083,-6942,5590,-2164,-870,551,1067,-1110,200,271,-255,97,11,-20,2,1 # cft deg6 r=8
-139,315,270,-1201,664,426,-46,100,-2076,2498,436,-2555,1157,617,50,-1557,1673,-739,76,2,88,-91,42,-10,1 # cft deg6 r=4
-23769,-77886,-36334,221835,382207,-236650,-2402119,-5005982,-6907213,-6359954,-4152157,-1489360,207924,718497,558524,258128,76680,9347,-5097,-4104,-1465,-269,-3,8,1 # cft deg6 r=4
-641,-8316,-18628,-39601,-57229,-56849,-35011,1698,45029,50259,24428,-5172,-25109,-18956,5836,13004,1276,-4076,-960,694,218,-62,-24,2,1 # cft deg6 r=4
14291,77293,182582,203633,62206,-127739,-206119,-86997,139646,148054,-34967,-104863,-10431,50612,11797,-18024,-4277,4807,755,-919,-36,110,-8,-6,1 # cft deg6 r=0
78541,10876,1445815,-1864290,-4107155,4487153,8464840,-609487,-5084220,2490760,9516036,8500139,4006408,1085913,198581,87768,69487,37482,14375,4524,1318,354,78,12,1 # cft deg6 r=0
-261,456,4889,10671,2805,-34305,-89590,-122222,-100342,-39823,11152,22850,7814,-5390,-5027,1153,4012,2689,652,-204,-196,-46,7,6,1 # cft deg6 r=4
19681,38455,124340,143570,229480,152506,162295,30925,37788,-33501,5608,-16826,9908,-3806,4467,-2318,923,-815,335,-136,84,-31,10,-4,1 # cft deg6 r=0
271,-1543,4270,-7964,11041,-10418,3822,5681,-10672,7274,155,-4232,2859,189,-1274,397,492,-471,56,144,-96,14,11,-6,1 # cft deg6 r=4
508579,1131488,993238,1124054,1945226,2327434,1774733,484603,-154371,880914,1694076,708619,-513235,-512645,-3694,137375,31721,-19051,-7394,1526,835,-80,-45,2,1 # cft deg6 r=0
-12521,-364149,458416,1396728,-444510,-180237,2842461,332260,-4098960,-1582166,2508043,1340260,-995366,-676782,250419,224678,-29131,-44638,-562,4915,459,-275,-38,6,1 # cft deg6 r=8
1801,7460,9926,3862,6315,21694,19989,-189,-1988,13804,7846,-7651,-3995,4130,1490,-2507,-723,775,256,-140,-16,7,-6,0,1 # cft deg6 r=4
-3109111,-17686181,-35597862,-23165694,15448322,26576145,4318756,-8370842,-2926287,1565078,373922,-654852,4955,315386,8946,-92261,-4948,17601,774,-2322,-17,199,-11,-8,1 # cft deg6 r=8
130489,-7863447,-7013699,5722595,5969537,-243677,1065854,1600405,-970354,-948539,255423,120602,-173473,2312,79667,-3625,-29025,-4273,5148,1610,-335,-191,-4,8,1 # cft deg6 r=4
130959,1172505,4534709,9487411,12771960,12295363,9231172,6203632,4365843,2999330,1493105,170959,-370355,-264057,-14413,75504,40872,-499,-7667,-1198,745,125,-41,-4,1 # cft deg6 r=4
-700699,-1666370,-1518719,-1987569,-1361734,-2044509,-532142,480371,184231,74462,57010,381516,-105039,-262612,44701,103654,-33874,-18385,8874,2089,-1741,223,46,-14,1 # cft deg6 r=4
19321,-82427,242105,-461754,718856,-860735,878035,-720168,521080,-335645,216221,-144295,83817,-29840,-1055,8101,-62,-4655,2565,89,-465,100,21,-10,1 # cft deg6 r=0
-101,-356,3639,1233,-32070,40310,34839,-68074,10199,5304,28245,-34859,17224,-6227,5098,-4731,3502,-1199,385,-384,138,-6,7,-6,1 # cft deg6 r=4
-439,599,-8499,-20763,9805,39409,-736,-26146,14318,27973,-4737,-16759,-8134,-7844,-6090,1323,2658,-298,-545,471,363,-3,-36,-2,1 # cft deg6 r=8
598464,1323360,-1890656,-4709824,408592,4161176,1003401,1162445,2093015,295128,-46492,350505,-96122,-209234,47686,65679,-15329,-16675,1543,2607,101,-202,-24,6,1 # cft deg6 r=4
183919,-538247,444470,-342725,519481,-223229,155872,-247448,23530,-37392,40579,2332,9357,-2603,1885,1336,-163,-1202,-196,270,72,-40,-12,2,1 # cft deg6 r=4
3511,-9742,25607,-41534,61518,-75747,89821,-95195,98472,-92902,83021,-69537,55313,-40941,28549,-18642,11286,-6222,3129,-1432,584,-201,54,-10,1 # cft deg6 r=0
5457721,-221783,-5838160,1065629,8572954,108099,-3657087,1084557,527026,-645705,897507,642374,-397091,-181937,166366,61554,-36205,-13687,5492,2603,-236,-222,-9,8,1 # cft deg6 r=0
-1,18,618,4185,13106,22676,23691,15915,3065,-7656,-14424,-15189,-9916,-3319,1158,2350,1891,900,195,-87,-111,-48,-3,4,1 # cft deg6 r=8
258581,1555620,4555698,8833548,12109281,12423034,10255248,7611082,5417058,3417062,1573231,285854,-280962,-361022,-252220,-128364,-48760,-12656,-1127,960,694,274,72,12,1 # cft deg6 r=4
12659,-83326,196457,-511430,1763708,-3471583,3509797,-1823201,38176,1474438,-2127457,1115682,346189,-682695,208448,98592,-75744,3196,10195,-2486,-494,257,-10,-8,1 # cft deg6 r=8
5374531,-2604191,-1394707,360298,4504070,-3530827,-4373332,9198457,-2966970,-6348019,6173008,628047,-3334640,1031336,811329,-612564,51152,72749,-20413,-2845,1661,-3,-61,2,1 # cft deg6 r=0
66581,101387,1250685,654397,-2612016,-4002070,6670435,3246947,-8071732,-198882,6345914,-3203159,-869638,1043325,-6409,-201231,29682,23567,-5537,-1822,581,78,-33,-2,1 # cft deg6 r=0
-154541,-1421237,-2559756,-1471157,653305,3142306,4300708,2122266,-949846,-2251995,-1522995,330728,1093233,226156,-358524,-114948,72317,23934,-9593,-2668,823,158,-42,-4,1 # cft deg6 r=8
9171,-49989,90109,-129364,188943,-238102,261461,-227142,126479,-13337,-58853,74093,-54990,26844,-1959,-10524,9672,-3645,-322,991,-404,25,31,-10,1 # cft deg6 r=8
9,543,4220,-24040,-3749,135611,-128544,-138168,191975,-128971,183406,22277,-281287,172966,57139,-83174,11799,10911,-2126,-1353,332,68,-10,-6,1 # cft deg6 r=8
19,168,801,2577,6219,11931,19017,26064,31708,35241,36721,36426,34477,30888,26002,20460,14908,9831,5665,2742,1075,330,76,12,1 # cft deg6 r=0
9679,-68055,217970,-407884,432542,-152108,-249537,401280,-174738,-149196,246897,-60564,-183406,211579,-49986,-64881,53075,-8290,-6776,3277,-4,-385,127,-18,1 # cft deg6 r=4
-9,-99,-343,2211,28009,126970,319006,476358,385095,51742,-210248,-174496,6713,78322,26284,-17924,-11484,2529,2713,-304,-425,62,38,-12,1 # cft deg6 r=4
89,-117,356,682,-3571,12345,-25465,43112,-52626,40508,10180,-92343,175018,-216140,197128,-131922,61146,-16877,729,1607,-744,134,9,-8,1 # cft deg6 r=4
964079,4827719,9669214,8780880,4289842,-455087,-3125979,-1547891,639891,291883,63418,304445,-132914,-214911,53080,54007,-11835,-4826,1672,-226,-74,75,-10,-4,1 # cft deg6 r=4
1,85,-1600,2340,-643,1890,3906,-3509,-5471,-3614,-5684,-829,4995,2154,-1892,-1108,207,124,-57,34,37,-6,-10,0,1 # cft deg6 r=4
-3609,-13203,-1536,39042,55343,-19026,-116619,46827,98105,-114738,-11142,24131,30223,-19576,-9909,8078,3063,-1013,-1033,-73,216,24,-23,-2,1 # cft deg6 r=8
-9,-141,370,-1244,855,-2002,1173,-1464,863,-552,358,47,351,17,93,-49,69,-11,-122,-34,47,15,-10,-2,1 # cft deg6 r=4
829,7671,36328,104379,203948,282487,292788,248125,195204,136940,64638,7095,-8712,-3038,843,253,-243,-313,34,108,44,-7,-11,0,1 # cft deg6 r=0
-2511,-13203,-36639,-74223,-119457,-157203,-174864,-167436,-134308,-80771,-21872,23254,44583,46702,39417,27625,13985,3335,-1125,-1190,-306,52,51,12,1 # cft deg6 r=4
-5751,11340,12069,23004,8694,-35685,-21078,34527,-60173,52284,-41787,54679,-32026,14670,-12640,2680,2918,-1368,1094,-1946,1597,-684,162,-20,1 # cft deg6 r=4
81,162,-6264,-42984,-107118,-87921,102219,272931,173410,-72238,-152542,-43897,48501,41182,4656,-6228,-619,2563,1209,-254,-379,-99,9,8,1 # cft deg6 r=8
81,-243,-225,-450,2125,1786,4497,3901,6671,-2289,-8810,-5529,2431,4773,2429,-1430,-1253,26,130,-6,97,18,-18,-2,1 # cft deg6 r=0
1726191,6018300,12146490,23060079,42301188,63694476,73124928,63630435,42147410,20487511,5751594,-868308,-1759320,-540223,306874,342231,116148,-4375,-16834,-4742,397,581,159,20,1 # cft deg6 r=0
361,361,-6555,17081,-13175,-17471,39533,-12882,-36147,42111,5839,-36654,11924,14794,-9870,-1900,3706,-647,-781,234,60,-48,-2,6,1 # cft deg6 r=4
9,129,719,2641,7747,17176,25459,20266,-3390,-28715,-27374,3759,29145,21344,-1561,-10588,-5284,315,1291,435,-61,-77,-11,4,1 # cft deg6 r=8
-556389,-1692621,-1793504,477915,2318009,1437996,348000,-645295,-1750474,-622925,1148064,737162,-345185,-347333,35936,93313,8163,-15230,-3348,1499,507,-78,-36,2,1 # cft deg6 r=4
29241,-126711,216828,-65208,46426,-121464,-139850,28795,90454,117434,1539,-43593,-7305,-11863,-10794,5732,5485,350,434,618,30,-103,-19,4,1 # cft deg6 r=0
-821,6353,-9124,-12779,54241,-70142,-57754,243180,-50660,-259485,78196,116194,-2020,-25802,-9100,-5432,2450,1742,1167,-392,-86,-60,10,2,1 # cft deg6 r=12
31,-241,-371,6574,-20821,24034,10053,-47107,26533,15450,-16337,11107,-12111,-3169,11829,-4486,-1301,1747,-953,190,101,-78,36,-10,1 # cft deg6 r=8
-571,9987,6004,-63563,-58213,37426,98852,100313,-27933,-57555,-44762,55449,15599,3955,-203,-12006,-7544,141,2376,980,-4,-90,-12,4,1 # cft deg6 r=8
-89,-2790,-272,9848,71236,135698,-219202,-179802,106638,41260,39759,28046,-32306,-23220,9854,9416,-1933,-2554,85,450,62,-44,-14,2,1 # cft deg6 r=8
-15669,16029,6509,38240,-56350,-183573,508076,-677137,575801,-81897,-509555,813707,-736702,481203,-236341,79718,-9790,-7659,6414,-3074,1102,-292,60,-10,1 # cft deg6 r=4
1,14,106,543,1758,4472,9113,15255,21751,26797,29263,29638,28600,26216,21900,15128,7104,954,-1486,-1295,-505,-79,14,8,1 # cft deg6 r=4
210969,-925482,-744350,576873,923031,41729,-873704,-195466,605982,129053,-244446,-146616,103706,92937,-50526,-30896,17408,5975,-3709,-713,478,53,-34,-2,1 # cft deg6 r=4
-1078339,-3321862,-16790929,-28064833,-21805743,-16525148,6479982,29953234,11074241,-14147334,-9152734,3452247,3594701,-510941,-884349,52189,144038,-3415,-15958,143,1161,0,-51,0,1 # cft deg6 r=4
1,6,-43,46,80,-179,177,-311,380,24,-564,629,-262,-74,141,-22,-29,-52,85,-16,-30,10,9,-6,1 # cft deg6 r=8
44521,222816,508475,782688,1020689,947522,388843,-220197,-512103,-508376,-225081,192552,397543,285680,81010,-22966,-26220,-4276,4395,2694,414,-113,-42,0,1 # cft deg6 r=0
729,11178,20574,-130275,-165663,-649935,413424,-618720,1083337,-591238,-80700,21065,-50598,234450,-47551,-78477,18804,11854,-2967,-1250,337,87,-23,-4,1 # cft deg6 r=8
-213131,1125999,-1198084,-64810,901852,381957,-1104710,320374,389230,111367,-279866,-86697,311447,-81134,-92838,61703,10978,-14405,546,2160,-113,-174,7,10,1 # cft deg6 r=4
-660069,-1808892,-3475089,-4262868,-3914910,-2538855,-1231041,-621741,-514294,-329775,59235,331161,263354,52725,-39047,-9528,23065,19123,5115,-872,-999,-268,-16,6,1 # cft deg6 r=4
2473659,3927933,3382965,173421,-1229103,-1172466,-251562,-129111,-367450,-273017,1996,108767,88606,4575,-14598,-2405,7788,4308,1066,-512,-355,-43,28,10,1 # cft deg6 r=0
6661,48967,194283,432291,738214,971502,1091523,1004013,761192,471608,231398,98375,45714,22579,14995,10985,2926,-1635,-469,742,379,-10,-33,-2,1 # cft deg6 r=0
-479,-3513,-15541,-50374,-126813,-258397,-427623,-576635,-619847,-510565,-296562,-82998,42673,63247,30365,1819,-8977,-5801,-262,1367,297,-130,-37,4,1 # cft deg6 r=4
3221,-255775,-1797992,3079559,319440,-1014654,-250754,-825928,514423,59664,85089,207916,-71806,-30962,-5212,-21650,-4912,725,-682,-14,136,-26,-12,4,1 # cft deg6 r=8
1,7,5,-91,-971,998,7267,2411,-13268,-24950,-24384,-6192,7542,8908,3066,-1390,-844,-560,636,331,16,-54,-8,2,1 # cft deg6 r=8
12641,36843,63802,75691,108273,133688,94846,-373,-23922,3679,-238,-27314,-5856,22397,15874,-4838,-8244,-2112,1072,791,172,-30,-22,-2,1 # cft deg6 r=0
1411569,4809996,10741438,16548491,20482048,19954762,16550177,11399650,7082109,3710794,1736383,542061,87298,-62102,-34885,-13891,1381,618,751,33,59,-24,-4,-2,1 # cft deg6 r=0
12689,91516,268377,404979,276418,-121178,-469024,-447176,-126719,133042,137862,14347,-51070,-28420,10297,20149,9909,307,-2237,-1297,-300,25,37,10,1 # cft deg6 r=8
5696,12288,75152,-22360,30144,-80722,-57205,33853,5992,58137,-14146,-10481,-20715,3605,8835,-648,2511,-1359,-159,-94,66,69,-17,-4,1 # cft deg6 r=4
491,3876,14364,34426,53109,49908,3956,-70041,-125594,-124110,-65580,2728,35100,26903,2863,-9602,-5480,955,1719,262,-219,-73,11,8,1 # cft deg6 r=4
7589,-15392,29998,-23940,-21791,28497,-10506,9968,42907,-14790,-3799,8404,-9438,6784,4375,-6026,3169,-2101,1399,-464,180,-75,16,-4,1 # cft deg6 r=0
87104,176320,-145872,-600688,-683556,-771614,-885855,-473704,-45835,51231,169946,281401,158372,-38910,-89610,-32477,11070,12461,2370,-1260,-663,-37,44,12,1 # cft deg6 r=4
11689,-10858,13099,-1631,-4954,2238,-2606,-2378,5215,1782,976,6416,8333,4604,4472,4158,2880,1887,1299,602,227,122,54,12,1 # cft deg6 r=0
-229,455,722,-141,-6222,-15979,-22415,-15533,8141,34160,48462,40274,22290,5750,-881,-1468,-108,477,539,298,-40,-67,-3,6,1 # cft deg6 r=4
-5184,-2304,5680,-5704,-2184,11958,-4353,153,1937,3803,4184,-12037,9971,-2910,1040,-3482,1559,810,-1058,-70,239,0,-24,0,1 # cft deg6 r=4
1709,-1799,-10299,28225,-89433,27470,436607,-658943,9572,546605,-250616,-153788,89051,78687,-39737,-33590,18252,6284,-4235,-574,537,21,-36,0,1 # cft deg6 r=8
1201,22921,-91752,74491,47774,102014,-378458,-151563,1390585,-1892719,1098871,-40146,-354253,213845,-37551,-4710,-3318,2635,1153,-980,95,31,12,-8,1 # cft deg6 r=4
1691,-7535,5052,11031,2132,-27784,5001,17922,-6917,15880,-42095,35061,-1403,-17186,10903,620,-3898,1482,447,-478,56,54,-16,-2,1 # cft deg6 r=4
1501,-24109,91692,96334,44928,401451,537314,143467,15850,232535,335827,323421,264836,147341,50929,14736,3906,-287,-330,36,-44,-10,26,10,1 # cft deg6 r=0
5821,-15521,24411,-43699,124774,-79609,23113,-2310,-47764,-79336,252924,-193193,-45877,164013,-14921,-51880,11132,7521,-2979,-533,383,11,-23,2,1 # cft deg6 r=0
39616,-49760,-64944,121776,-100956,516,142121,-225010,89954,139057,-178025,47353,62074,-57549,7826,13930,-8197,234,1544,-542,-64,80,-10,-4,1 # cft deg6 r=8
-1,-6,71,-156,99,-114,27,-273,281,497,901,1007,1413,1227,778,588,461,397,283,166,88,42,18,6,1 # cft deg6 r=4
-16321,-75652,597922,-1058470,50486,2325591,-3552011,2038861,496568,-1559410,969610,-147984,-104872,22921,33974,-16781,-2201,2959,98,-523,75,40,-6,-4,1 # cft deg6 r=4
33129,-49572,-69327,208494,33970,-305694,62005,295951,-75154,-179109,71714,72373,-57685,-15607,27574,-1567,-7201,1911,1007,-493,-45,54,-8,-2,1 # cft deg6 r=4
-541,-1616,19018,-24358,23413,-11442,14128,-25318,15444,10962,-14719,-11134,11228,3528,-4916,-3012,1610,1294,-71,-338,-54,64,40,10,1 # cft deg6 r=4
16481,-10497,263143,141018,633408,913987,961079,718208,603929,404225,211137,110832,205466,27870,-83658,-35735,8147,10987,2560,-788,-522,-57,28,10,1 # cft deg6 r=0
24649,-190755,559717,-743609,262068,631324,-1065957,443769,522521,-677662,95846,345078,-200325,-103143,102440,23899,-30499,-5882,5591,1361,-533,-189,11,10,1 # cft deg6 r=8
-2029,-18973,-71651,-120511,59363,878218,2666130,5299366,8032955,9782148,9773863,8081759,5542210,3132809,1426442,494868,112824,5425,-8293,-4024,-875,-7,49,12,1 # cft deg6 r=4
-79,-293,-370,-544,-619,-387,-1825,-2633,4942,9343,494,-1541,9342,665,-10477,690,9188,-1938,-3155,739,475,-100,-33,4,1 # cft deg6 r=4
-222811,609309,1319618,4642230,7502004,2924085,-2289429,-4304035,-3703179,-79745,2340123,757567,-854046,-402143,203554,117974,-31799,-22108,3008,2726,-104,-208,-9,8,1 # cft deg6 r=4
-25,-275,-1190,-1350,10471,60322,150023,199459,150103,44620,-82883,-120163,-34172,32024,31349,9234,-6679,-6340,9,1307,194,-117,-25,4,1 # cft deg6 r=4
-431,4268,-18671,38792,-10822,-27144,37526,-33652,-30236,10803,74712,3269,-67774,-401,28790,-2979,-9081,1437,2599,19,-441,-88,23,10,1 # cft deg6 r=8
-2450079,-18750504,8686082,25747168,-1772677,-28208673,244483,25330012,-1457102,-14331195,1876399,5579500,-918319,-1541730,254198,311980,-41240,-45788,3526,4688,-31,-296,-20,8,1 # cft deg6 r=4
5419,26588,-8192,-199758,-281359,-116416,-77403,-47493,20528,-122010,-7931,289842,116851,-170529,-94217,47410,33199,-6972,-6337,531,686,-17,-40,0,1 # cft deg6 r=8
2681361,5987478,3666013,-4679062,-5287795,5643914,14876005,8383740,-4007311,-7312793,-1959530,1956826,1385798,-131506,-351710,-51822,49641,15467,-4123,-2156,273,148,-8,-8,1 # cft deg6 r=0
4289,-15970,57878,-137005,290311,-500382,710325,-881809,978859,-936022,783421,-651107,580607,-488063,330585,-166152,57276,-9626,-2760,2702,-925,114,24,-10,1 # cft deg6 r=4
1,54,521,-5028,4383,11769,-6479,-15579,-1342,13962,16968,-28386,-3904,17227,708,-6479,-1305,2962,-181,-246,-124,45,23,-10,1 # cft deg6 r=8
-1489,9918,-24316,24447,8426,-92740,206616,-223409,94524,97984,-206673,107733,45541,-69504,27415,-724,-9090,6264,1432,-2732,645,146,-52,-2,1 # cft deg6 r=4
55975,-66575,-47425,-258575,57115,-35880,110265,-2760,41541,21002,-940,5700,24360,-7174,-19678,275,8070,785,-1988,-256,295,35,-25,-2,1 # cft deg6 r=4
25,-50,-375,400,1495,-430,-2125,-1845,296,2837,2524,146,-1335,-1641,-596,505,717,104,-269,-92,47,35,-9,-4,1 # cft deg6 r=12
1805,-5605,41100,-123515,251046,-435301,674510,-960915,1261250,-1482101,1531949,-1378193,1068910,-704570,386158,-166657,49558,-4774,-4405,2785,-708,8,47,-12,1 # cft deg6 r=0
212011,448527,753498,681872,888227,1195732,1873985,2255240,2392005,1961353,1460140,843709,466722,177845,73329,7434,4551,-2750,788,-304,265,-80,29,-8,1 # cft deg6 r=0
-1499,-7062,4644,1381,73246,-19349,71393,-182592,1230,-21824,122371,-22203,14583,-41484,-12323,15700,14295,-8696,-3091,1914,341,-202,-21,8,1 # cft deg6 r=4
19,-148,478,-1075,2061,-3246,3826,-3503,1932,465,-2137,2536,-1285,-506,1134,-630,-41,284,-97,-65,20,-7,-1,4,1 # cft deg6 r=4
-435901,3330040,227104,-7848939,5277966,11058289,-13189323,-13604015,13082814,11017900,-7197927,-5344186,2590038,1643483,-648145,-333541,113767,44858,-13724,-3853,1076,190,-49,-4,1 # cft deg6 r=8
1793261,883938,-3403488,231699,11526324,-6911946,-6313311,3014827,2980268,-2575206,903659,1880527,461397,-651584,-154203,107918,29695,-12389,-4087,1159,408,-74,-22,4,1 # cft deg6 r=0
-881,792,21166,53610,13968,-155978,-313225,-259032,-50557,96168,112845,54681,1358,-15001,-6972,2144,4451,2483,376,-287,-200,-50,5,6,1 # cft deg6 r=4
1678829,8357963,17413100,17283503,2678869,-13355341,-15869777,-9065429,-7254115,-12641924,-15391532,-10247161,-2070003,2812821,3310751,1896157,667264,128594,-1609,-8739,-2383,-200,40,12,1 # cft deg6 r=4
7691,-25507,-240044,-658898,-758017,62938,1430489,1943949,1088001,-34275,-346188,-48243,141715,61728,-36240,-34190,-773,8550,3089,-380,-488,-91,14,8,1 # cft deg6 r=4
-16109,684584,-3114644,3087660,6919944,-13963126,-3248252,20574090,-4564290,-15076265,6658707,5635182,-3493873,-782428,851378,-97806,-77797,29369,-4277,-50,377,-208,66,-12,1 # cft deg6 r=8
-39089,-158395,10239,312008,-246136,-162237,685149,-76337,-694524,355804,415228,-323764,-113862,164280,4040,-48421,7879,8839,-2648,-1013,403,68,-31,-2,1 # cft deg6 r=8
-13471,-428174,2615152,-9274277,21398398,-29531727,25241837,-13832461,3876139,1020139,-1035642,-134402,78307,215404,-62799,-60471,19146,10858,-3624,-1301,470,83,-34,-2,1 # cft deg6 r=4
2371931,-3274543,-95591,2780356,-1545573,-1071929,2857666,-1941353,-548903,1174474,-45099,-415650,78705,74787,-5420,-10768,-4703,2325,1291,-253,-138,-24,14,8,1 # cft deg6 r=0
-152199,421740,-52758,-1121214,1775305,-489684,-1441778,1607774,1966,-1067722,573629,251830,-343094,34716,94952,-37057,-11757,9944,-186,-1327,240,87,-27,-2,1 # cft deg6 r=4
