# IGP24 class field sweep: deg4.
806393,-197911,5080075,24819921,41395697,32132079,14052270,12948857,23962151,24591450,12649670,594175,-3130218,-1749923,-110317,313717,225420,99009,34198,9247,2055,392,65,6,1 # cft deg4 r=0
325144,-1799732,3096722,-1041827,3806924,-862859,542567,-1346560,1778228,-1404309,-118606,-106226,599891,-68646,11751,-95974,3509,5409,7127,-151,-616,-134,23,7,1 # cft deg4 r=0
94125212,-298047592,553799728,-709355436,544568547,-171368630,-105957790,160083895,-68800688,-15386025,27942557,-9412570,-160650,394516,220284,-86510,-32768,21670,-1509,-1628,358,81,-26,-3,1 # cft deg4 r=0
165032,-398664,1209334,-1560301,2198740,-1885217,1367499,-1009942,919104,-593323,346096,-252212,103821,-13692,3169,-2176,-2669,1157,337,189,-38,-66,1,3,1 # cft deg4 r=0
29620555,-59283559,104551404,-87980029,102189355,-56439051,51566791,-20020168,15137009,-4756933,3493459,-686203,971133,14545,306049,51904,71213,16489,11748,2464,1239,234,69,7,1 # cft deg4 r=0
442142,1449850,3996091,6971242,9883895,10645514,9797868,6640101,4156706,2487925,1587630,771850,297437,118955,45098,16649,6308,605,74,183,39,21,7,-3,1 # cft deg4 r=0
596063,-320931,1363700,1851005,1114837,1822471,1019385,3858908,1888693,717435,1166315,-396009,526521,-187673,186167,-28940,44411,-945,6924,382,713,64,43,3,1 # cft deg4 r=0
1620477,-17740095,85876235,-235960631,393324020,-381903040,145063207,122128414,-202815002,113519656,-12329204,-21349049,14286826,-4532777,1019230,-247180,54607,-13249,7020,-1621,-12,-34,1,3,1 # cft deg4 r=0
605907,1497342,3109294,4146803,5411250,5381559,5350404,3874020,2934073,1528041,1046041,449906,330910,109820,78808,16091,14726,1426,2193,-302,284,-67,26,-3,1 # cft deg4 r=0
548311,-1112282,2233690,-2946648,3667730,-4002014,4280246,-4491456,4604602,-4347446,3744352,-2760927,1729900,-869607,354639,-105009,24907,-8020,5949,-3733,1435,-378,78,-9,1 # cft deg4 r=0
1421001,-10748790,35415640,-66888376,71306915,-32683654,31698858,-29837257,22413111,-9247610,8505705,-3051781,994191,-803676,147507,-81424,39781,-4475,4399,-678,172,-99,5,-3,1 # cft deg4 r=0
911387,1289614,1895633,1908720,5307549,-832252,5686549,-1272389,3279880,-625438,1188202,7395,208423,97184,8184,34172,-1349,5083,491,195,219,-33,26,-3,1 # cft deg4 r=0
4669349,-39681620,181708070,-601634307,1572543358,-3287381983,5463757601,-7177094824,7408690957,-5947944373,3632446213,-1605315271,446255400,-29468427,-34541019,15436120,-2219581,-392894,206248,-22608,-3360,1011,-37,-11,1 # cft deg4 r=0
728107,-4455602,13023879,-24563657,31074648,-26088149,11547303,3379129,-7029070,6792677,-1283088,121434,927320,-369006,271212,-38429,18533,6837,-669,1180,5,46,17,-1,1 # cft deg4 r=0
262976,-1811040,7124880,-21240008,49312236,-85329602,105207137,-89585362,53255796,-26347230,15211010,-8632210,3042037,-671054,403285,-255782,45697,8536,2919,-4054,722,84,-15,-6,1 # cft deg4 r=0
841,-1856,5478,7305,4174,-25154,37907,-63194,-112307,277492,80939,-244945,-74999,68580,123678,-37212,-6257,-7641,-324,213,430,78,41,3,1 # cft deg4 r=0
171764529,-264140568,550342422,-480355270,473693505,-267689410,162061900,-55048433,29713755,-9903776,7399431,-3547663,1510903,108486,-87901,-27740,33111,755,-2615,138,282,-11,-13,1,1 # cft deg4 r=0
11106281,12295396,-557018,17443024,19372057,-1973183,15177933,12672903,-3047339,6915004,2786330,-2117985,2002855,-367624,-218613,215632,-69903,-24,12168,-4130,-192,325,-30,-7,1 # cft deg4 r=0
1161560267,-1201426374,1063426072,-621689439,168708464,-164801093,-50309885,70196527,16213526,27391600,16259331,9381770,5460512,763020,130078,-72580,-51869,-5931,-866,855,493,-69,-37,2,1 # cft deg4 r=0
852873616,1332228464,-427437192,-1598830344,-859606463,185914391,742162566,399558305,-63518373,-141567551,-100731400,-11895888,41348154,13100239,-4853176,-2011840,124604,74467,7246,5027,1412,72,7,8,1 # cft deg4 r=0
9835981,43784815,90977112,127283491,158188923,189357328,191834617,154981513,98301455,37739087,-5836916,-20912404,-15074699,-5264407,-522181,450010,334180,143663,46258,11504,2549,440,71,8,1 # cft deg4 r=0
4347001,19473384,43208223,70041220,96288744,110895136,111327038,98890569,78265012,55979918,36121013,21264254,11469241,5632265,2538469,1041668,386540,130569,39415,10590,2536,514,87,12,1 # cft deg4 r=0
431303616,128406132,-171642900,-278489587,-8522136,182938460,280091637,255015546,185151481,105408461,50500046,21334789,9420385,4847752,2756355,1480490,695521,278411,94465,26981,6391,1219,178,18,1 # cft deg4 r=0
1646863,-3892455,16567176,-26200922,49892242,-42804217,50681072,-25306158,24377998,-6991705,7068998,-575228,1430712,459176,438316,263127,125236,55998,20297,5988,1691,336,67,8,1 # cft deg4 r=0
136984,-153340,307444,62691,-241869,530017,-184700,-53455,159789,-133608,85991,-38462,26926,13408,1410,2360,-2142,1453,639,285,-12,-71,11,2,1 # cft deg4 r=0
93352,-364,-61040,-18221,-3717,-18991,-24702,10429,42913,5996,3955,5096,2836,-3290,-572,-896,746,273,281,-105,-56,-5,19,6,1 # cft deg4 r=0
1898451,13121928,39419913,63779945,53273574,8403095,-25881735,-21400799,358330,10083934,6871484,2519294,1099513,695594,299902,61562,1264,-203,263,-573,-320,17,47,12,1 # cft deg4 r=0
10021480,-32751012,139217820,-231556703,52588711,149001699,-83736002,-33326125,45623655,-16734494,-1286663,4159974,-1378622,398552,11214,-44016,25704,-10787,1387,39,-82,71,-3,2,1 # cft deg4 r=0
6049,-1547,-19693,-26419,-6515,32617,103314,62887,55031,4676,44322,-4531,-3210,-3011,10271,-4505,-408,771,354,-363,79,14,1,-4,1 # cft deg4 r=0
33595184,166398512,293765388,247184420,193138939,225183077,185566675,60140003,-20054769,-24110562,-3683722,7618198,7544306,3781113,1209467,270452,41622,3591,1478,763,-48,-93,-5,6,1 # cft deg4 r=0
15414175,-14109795,37375142,30788030,2762207,-7814793,-46195015,-27332092,70472058,-13111914,9894130,-5037949,-1488102,556190,-449700,186790,19510,-16767,6503,-1225,-314,164,-15,-4,1 # cft deg4 r=0
265672,-3943976,26820658,-97579559,221790118,-341025814,392988929,-372793174,303409805,-214268037,133471923,-73581638,35831400,-15727009,6218722,-2183846,702157,-201772,51269,-12025,2395,-421,66,-7,1 # cft deg4 r=0
664832,-395136,9730224,15214696,17606876,10524416,6495783,3752959,2657515,1389269,587321,210371,73976,29379,7917,-1533,-3108,-1470,135,164,-28,-46,-4,3,1 # cft deg4 r=0
4319624,10317816,-38993302,-27601679,269606702,-509813596,536400099,-358108551,151465695,-27028383,-13721000,14473016,-6490313,1351510,294843,-385924,179265,-54245,11355,-1790,312,-99,34,-7,1 # cft deg4 r=0
814421,-1779131,3664326,-5684728,7064357,-6731723,5985779,-4901542,4134863,-3227249,2685397,-2153518,1608263,-1069062,618900,-318271,144068,-54282,17317,-4730,1164,-237,45,-7,1 # cft deg4 r=0
1883657,-9048133,26936008,-52877618,80994850,-95849072,92549730,-71233989,44111304,-20602252,6543903,-546155,-725057,478835,-122174,-13804,25581,-10315,1670,429,-301,49,13,-7,1 # cft deg4 r=0
2992297,15208004,51318036,83627223,98872392,80908688,33269977,2280868,-2149838,402456,408762,-749098,-196707,-61768,38234,-39039,16030,1752,1070,-854,222,-45,4,-4,1 # cft deg4 r=0
195746209,607781523,991350535,470528311,320362567,117710840,271713965,258459579,265010114,134650741,60016114,5755302,-3163211,-3807277,-468543,190246,124970,38246,-17353,-5034,1415,227,-58,-4,1 # cft deg4 r=0
56,616,2198,-861,-21091,-6006,110586,-91889,-83853,121507,4637,-41064,-5894,724,17956,-5494,-2212,-669,835,-56,74,-43,-1,-1,1 # cft deg4 r=0
416585792,-1423409456,2408797048,-2625014679,2138817639,-1449239890,751457602,-257191683,55998187,15326123,-19566453,11415726,-4040696,969336,73726,-181514,78330,-19253,1631,418,-178,9,3,-1,1 # cft deg4 r=0
90271,238740,616073,-1009859,3969236,351032,749405,3076145,1115973,388604,758494,274545,-5459,18503,-9933,-14234,5890,4325,-856,-533,125,56,-10,-3,1 # cft deg4 r=0
313283,2055849,5513708,6535476,998149,-4828995,-3116999,274729,1340314,1108355,-201884,-987225,343987,159425,-70190,-20367,8380,4262,-1760,-402,240,8,-16,1,1 # cft deg4 r=0
63379,-81554,-116036,210516,48104,-242259,100114,120024,-161697,4984,111832,-41621,-39191,24856,921,-7063,6083,953,-2502,81,467,-20,-36,1,1 # cft deg4 r=0
21789,24876,-27972,-90592,91489,101518,-29875,-185772,93684,76071,-1363,-89447,23876,30838,-2802,-14522,1213,4954,-614,-765,205,74,-20,-3,1 # cft deg4 r=0
3713972380,1810675360,7708875107,6016868872,6269212921,3998014259,2468932550,1362656541,655110334,298667282,123459624,41650460,16051547,4165853,1456176,357076,96720,25984,8050,713,877,-68,57,-4,1 # cft deg4 r=0
64043888,-89360,116807144,1014848,81283323,-1826535,41352722,-2247172,15268575,-1695959,4391135,-670011,1122836,-168258,234787,-32933,38321,-4648,5446,-402,626,-23,42,-1,1 # cft deg4 r=0
153,-243,3096,-13469,38300,-72303,80458,-45663,-11392,60415,-67342,30245,11986,-32440,33714,-24715,13247,-5359,1975,-578,101,-44,9,1,1 # cft deg4 r=0
25327293,116926494,269770329,419795644,513077866,496314901,421187122,294488089,198230471,105332224,61480604,24936070,13496442,4086194,2188743,470048,266402,37428,23871,1979,1486,64,57,1,1 # cft deg4 r=0
28071,-286236,892827,451052,-1253699,-1252699,858931,1483634,-60135,-953060,-321005,342171,242371,-54629,-89461,-5338,19952,4572,-2945,-1023,319,105,-22,-5,1 # cft deg4 r=0
1405912,-8083264,17363462,-18177089,20373386,-30888653,45513931,-19984400,-7916704,5657267,1271450,-1913148,397607,349128,-126253,-13664,21085,-4131,-1511,517,220,-52,-17,1,1 # cft deg4 r=0
36025081,14895089,313174393,274838416,113840825,60434025,69394930,-38270339,-2990746,7867141,-4956227,110038,2087760,-510894,50182,33574,25795,-1221,2126,-419,173,26,9,-5,1 # cft deg4 r=0
31020831,-34087491,34462116,-49518654,92994198,-70800987,-985336,30040249,-14433054,2557835,-1383761,521281,485263,-363357,150189,-91072,27318,-6208,3579,-366,-5,-22,3,-3,1 # cft deg4 r=0
19330424,46160016,107094034,134573831,138436540,88988758,30298746,-5607057,-12995368,-2945443,4912245,3147013,810630,-885849,-271253,80413,61003,3509,-8540,-1146,637,78,-27,-3,1 # cft deg4 r=0
444883,-179568,1262656,-1230142,766066,-640161,1202219,-247451,-727271,630116,-22232,-201682,82318,1678,-10665,10925,-3005,-2042,748,49,13,33,-12,-3,1 # cft deg4 r=0
12510157,52642256,112278295,109205899,65614051,-26367219,5945637,-17591835,30751416,4317980,11016789,5414719,664455,-813125,78831,110056,1237,-14353,533,1368,148,-41,9,7,1 # cft deg4 r=0
1228959,1019052,485967,603640,-276301,1174738,1352437,760112,118727,-460143,311829,-144269,-142471,-202275,-76872,-6008,23262,16806,7817,2456,634,139,33,7,1 # cft deg4 r=0
1077613,1804072,3463216,3249401,2396417,-125173,637366,1430091,560161,-388569,-357681,-98028,-54128,-73856,-43494,-426,13883,10165,4677,1687,467,89,21,7,1 # cft deg4 r=0
2169028,-36564408,175262108,-54401788,36442505,-27864710,40996095,-18342627,12911864,3274166,-4081055,1675155,270207,-419001,122321,76123,-48305,-7493,9881,-1322,357,-154,15,-1,1 # cft deg4 r=0
2691641,11869200,20292379,21603105,21509103,13411613,10885194,5710659,4673290,1748545,1349471,331787,341935,54767,64849,2144,12238,676,1540,123,193,17,14,3,1 # cft deg4 r=0
76229,120387,229377,225207,183920,258865,337391,159901,-24812,-152302,-17124,137168,34934,-61878,-7785,20349,-1208,-4070,582,494,34,-41,-5,5,1 # cft deg4 r=0
18433879,87850164,226308391,403798365,553898920,652873786,698578873,657455510,516475356,320898435,148636210,50721819,15193200,5071898,1355320,148582,14921,21196,7300,1582,739,195,17,4,1 # cft deg4 r=0
2276,7208,77204,55324,61297,-164870,-225407,130705,125909,-15512,20317,8318,-45827,-21859,15924,22706,3961,-10351,7221,-2644,763,-151,41,-4,1 # cft deg4 r=0
134456,873964,2170504,2821175,3862523,3723265,3132570,2979053,2037616,1539972,1132691,578242,381970,206717,76079,39025,13740,4893,2240,196,139,63,3,0,1 # cft deg4 r=0
583541,1126216,1064721,8699418,42291158,96240809,100656697,71977460,85409130,63357689,37675840,31308045,13845804,5521182,4346641,1166196,344509,113923,31405,4955,1168,271,28,2,1 # cft deg4 r=0
1139319,-6874791,158244281,516807447,968896440,1177622302,1050931763,717372956,391631554,176429692,64656648,16605913,134838,-2608251,-1483192,-400196,-12299,31039,12492,1431,-246,-176,-15,1,1 # cft deg4 r=0
1778897,999799,-4185647,3377921,4019857,-5754209,2717121,-667363,473671,-1522896,1826874,-1124544,207327,113876,-200356,-86027,108247,42808,-2027,-3978,195,184,5,-9,1 # cft deg4 r=0
215549519,-72875980,-474087030,209642595,777916614,-1349836686,841345343,444193535,-898840742,296904638,187718303,-222419553,137164629,-66494699,21442103,-3911735,554844,-124729,12977,85,975,-220,0,-3,1 # cft deg4 r=0
12103400,75806300,217307724,342021411,306187207,151270201,48778555,31750881,22289613,-1519357,-39015,5347756,2409630,-1697354,-413684,418028,63410,-47625,-6279,3785,699,-173,-45,3,1 # cft deg4 r=0
6341,-64024,277105,-569094,656129,-889894,2129641,-1222809,3834056,1497477,-2615998,1006781,737890,-472913,-47348,67817,4752,-3745,-1867,313,257,-45,-1,-3,1 # cft deg4 r=0
5160119,-13464421,35575275,-42237604,53391247,-39122483,39226108,-24747338,21264504,-10092219,5783197,-2096858,835431,-221304,-9132,-6033,147,3276,1264,-491,87,-79,18,-1,1 # cft deg4 r=0
1498951,-3251940,6636442,-11780344,16673599,-19371292,23362733,-20785696,16408805,-10242918,3463860,-403039,1036370,-2142875,2536086,-2076072,1156132,-428404,109057,-21734,4118,-674,74,-7,1 # cft deg4 r=0
3136,7840,279440,2443512,8152156,13345494,14829243,12366052,8070941,4418821,2165133,1005839,448146,196159,81794,24195,9977,2834,895,174,97,29,6,3,1 # cft deg4 r=0
1429,-19404,106202,-289471,441070,-446768,421379,-398286,268026,-131992,115536,-106106,38765,4858,1852,-8267,1616,1484,-272,-364,124,35,-18,0,1 # cft deg4 r=0
397237,-2251046,6779740,-14238197,19695753,-13540634,496018,762408,8585156,-10582123,4811580,-1653322,1252887,-400548,-151073,52103,16914,2342,-434,-1592,88,-25,35,3,1 # cft deg4 r=0
37126424,99135380,181722232,266676901,314503706,308481524,263724274,195568566,131950976,79737102,44249159,22535328,10760876,4562008,1966640,671492,268188,71627,26206,5368,1702,258,64,6,1 # cft deg4 r=0
1979749352,-5329048312,19206490800,-56996735320,105531897114,-127939321244,106319522043,-60378227098,21091934598,-1913137604,-2370811660,1387661926,-284904171,-43685712,39817983,-7315070,-1051333,644546,-53353,-20258,4048,238,-101,0,1 # cft deg4 r=0
368824,137728,1220040,-1224804,4296978,-4316340,5945213,-4640566,4555923,-2936376,2140047,-920640,367494,4928,-48622,47294,-15319,4060,855,-798,469,-140,40,-6,1 # cft deg4 r=0
345803,174477,262643,-580605,-169890,1050303,-545110,-1208977,928870,1008121,-614295,-643873,268184,308964,-101719,-102710,35070,19102,-6848,-2352,962,88,-51,-1,1 # cft deg4 r=0
218347,401681,839910,-2026538,-787178,1474765,927334,439206,-83585,-400985,-236326,-38545,116229,49697,13645,-1398,-8644,-2990,-388,239,220,41,17,8,1 # cft deg4 r=0
1008817,-2084551,295419,1072988,1921470,-3729818,1560981,-1259553,3045866,-2663488,1207926,-696221,455964,-195139,111489,-45011,-2941,2860,2558,-973,-189,91,14,-9,1 # cft deg4 r=0
35233298,48771328,57788329,44776090,32148161,18673855,15661002,6063508,5354833,885027,1518097,246258,154032,-24332,46544,4356,1473,-2268,165,325,346,134,39,7,1 # cft deg4 r=0
198826,-481118,-881697,1595035,4349905,-5166234,-6685945,4644345,11021689,-6386017,-6996063,3670891,2459043,-934940,-515953,115206,71336,-8876,-8207,327,686,65,-1,4,1 # cft deg4 r=0
697583488,-242280960,-724209463,-531825065,414109412,349030105,68620324,18901285,37165823,20391192,11352891,5908720,2905022,1447494,503721,187780,72359,16730,7724,725,633,11,33,-1,1 # cft deg4 r=0
9019144,40451456,78969507,95814328,91059919,63956056,37274298,17387235,6985849,3213102,1418219,823801,354798,98103,50798,-6490,12633,-1933,2693,-491,248,-62,21,-1,1 # cft deg4 r=0
1853809,1342576,3348872,-1058200,-981295,-1185170,-2398379,1627759,3727178,-1816261,-2078345,788393,896908,-305549,-210919,56593,37106,-6141,-4495,145,457,-5,-18,-3,1 # cft deg4 r=0
63115893,234623712,250396850,-34235413,-99224233,-108135130,-76654188,10281054,33912433,11521192,193281,-1134289,-1176580,-322560,320119,211706,1073,-29519,-4924,2145,628,-74,-35,1,1 # cft deg4 r=0
43008,-45696,153664,-379288,398300,77434,-363587,100821,315280,104701,-43353,-62957,16233,24532,-13682,-16123,3630,9135,3747,-28,-475,-134,3,7,1 # cft deg4 r=0
1318035,886125,2224109,1117883,-381835,181309,-3272982,-2537106,487970,508346,808632,324283,-97137,25908,-1971,-792,18616,-6002,-3013,1681,326,-138,-15,7,1 # cft deg4 r=0
2437847,-13617593,36701881,-62910796,76932834,-72970239,59327047,-45449969,32673925,-19888275,9232338,-3015007,611209,-65858,59768,-79082,39188,-1765,-4795,594,574,-111,-26,3,1 # cft deg4 r=0
11910968,49967860,87898770,82916855,63102470,40700072,20638133,10308963,5894589,2965469,2103438,1149612,530771,270966,70625,24472,6803,-661,1379,-74,278,33,28,3,1 # cft deg4 r=0
1117377,-5274673,7137883,-812570,-6358518,14391785,-7059981,-16151998,11832073,8753404,-5880168,-2855453,315906,-169287,316192,495184,196285,67191,29313,5398,496,275,33,-1,1 # cft deg4 r=0
34813,32994,-12741,-50762,152482,204822,164692,615,117603,61309,68967,164834,122877,13026,-27033,6669,11154,97,-1003,-29,280,3,-19,2,1 # cft deg4 r=0
30127945,-76005369,102627418,-99433231,106590320,-73905089,59977109,-27846676,17331964,-7731469,3162977,-823677,254506,-150593,136522,-54177,9766,-7027,3553,-1013,298,-73,21,-6,1 # cft deg4 r=0
5041,30175,104282,319264,767174,1336430,2039335,2300007,2075075,1682160,977840,439091,240672,89608,18164,12765,3079,-1509,796,57,-37,46,7,-4,1 # cft deg4 r=0
1777057,-7547252,18366794,-29714057,36773568,-35916153,28836775,-19232702,10483469,-4254044,962346,167100,-246847,113697,-34618,6212,2972,-2685,1075,-231,35,40,-12,-1,1 # cft deg4 r=0
18575488,8410944,-8036338,-5477541,-2315680,-15494085,20218790,-753285,-10388279,4975849,569218,-500639,455243,-495710,177383,-63318,52547,-27463,12416,-4695,1315,-304,56,-9,1 # cft deg4 r=0
85933,-534465,1613505,-2975086,3557832,-2796783,1431823,-637951,696831,-964155,941592,-659514,363475,-171737,71336,-28073,11108,-4802,2323,-1005,381,-117,34,-7,1 # cft deg4 r=0
3301887,-2152455,198843,1804766,260960,-256275,289709,500644,412707,97477,-10399,70852,77553,27396,5376,12,2008,1691,1045,26,55,-46,1,-1,1 # cft deg4 r=0
441476123,828592743,254306289,-316916031,-49246381,167806368,111659533,30418411,-2444731,-9891109,-7285454,-4196841,-912241,64125,222355,128134,68597,23067,8179,1938,611,76,29,2,1 # cft deg4 r=0
366978375,64604187,1244530017,1600464480,1523931720,1074486051,635781233,387196763,225062135,121463350,60697299,26288620,9946720,3280854,942928,279214,67721,3670,-2255,-729,-383,-111,7,8,1 # cft deg4 r=0
5593007,-3571806,-3418142,8295847,3510941,-18382,4476464,1125870,76738,557377,-32542,75228,49689,24686,29111,11429,8810,4196,1622,734,254,57,25,3,1 # cft deg4 r=0
1652104,-6597104,13918522,-19956143,21958433,-19337422,13881016,-8705673,5214457,-2946411,1380357,-438288,62472,40466,-39258,17058,-6534,1753,-97,-174,58,-33,13,3,1 # cft deg4 r=0
7244615,-18053470,10235196,-4759578,5807291,4114206,2620352,-500324,-3034229,-2287492,-589663,433687,675311,324163,93471,-7594,-17666,-5897,-630,209,249,-28,10,-5,1 # cft deg4 r=0
59693560,-317457160,589407562,5131233009,10724311496,6653289633,-1666704012,-4391311512,-2058252204,104949430,476519083,175594969,4540921,-12156261,-1490644,818489,138660,-64641,-12361,6112,2135,30,-61,-2,1 # cft deg4 r=0
1883649,7755639,27518796,62144239,111125147,157174039,171857936,150129154,106408026,59752522,30838580,13061849,3956685,873719,79349,-71320,-43515,-12915,-306,280,34,131,-3,-9,1 # cft deg4 r=0
48472074,-148176000,310065861,-453553324,558538337,-566878062,511881762,-401995963,288484357,-184136952,108946164,-57897189,28721491,-12811858,5357774,-1994710,700411,-213096,61827,-14709,3399,-576,98,-9,1 # cft deg4 r=0
31182098,166643648,372752691,493966284,510429773,449798319,306481082,189878094,115560060,55855209,30488430,12534720,6220199,2210560,883312,230127,116748,24389,8638,983,1041,-107,71,-6,1 # cft deg4 r=0
355883063,-113629181,407086949,1886496982,1758335533,622265109,-129472988,-339214552,-187020093,-35646435,18036165,23464999,12972402,4561742,851502,-127278,-105045,-1351,13061,2584,-555,-266,-15,6,1 # cft deg4 r=0
38939003,-3040158,189481410,1059451135,1931516490,2112013639,1731927087,1129065730,593849807,263735109,112826927,53470365,24816803,9725388,3357130,1150917,410088,134332,39297,10240,2385,452,71,9,1 # cft deg4 r=0
1683059,2134006,-9713200,-29035047,-1140027,101691833,162756569,67828528,-78955050,-108969032,-37716776,16859623,18809281,5106010,-305011,-157205,161709,54833,-4365,-1515,808,115,-22,0,1 # cft deg4 r=0
880832,1534224,4735064,9143319,11944169,14955142,17964302,16402869,11964729,7800539,5423651,3592502,2147728,1077152,415738,120758,43898,17089,5025,938,278,61,13,3,1 # cft deg4 r=0
17021,129606,712376,2736911,7446636,15133889,23203252,26781820,23297583,14966484,6692545,1649109,-148862,-299579,-91466,16729,25851,11030,2232,-36,-142,-16,13,6,1 # cft deg4 r=0
32521752,1408152,-51538150,-30948565,33733697,51369409,19145426,-6196519,-6064949,866972,2228423,682782,-27202,54638,111438,50446,8988,2309,2225,1001,184,25,15,6,1 # cft deg4 r=0
2019241,-905177,-213346,3114391,265629,-392196,2690835,-800205,979265,329225,19416,256118,-17981,78361,19787,4446,11682,-29,968,550,119,12,15,6,1 # cft deg4 r=0
20952,62856,67530,48493,43989,51881,37642,-25925,-94763,-132422,-43369,5626,40136,33320,12230,3104,-1958,-2089,-687,-341,10,31,19,6,1 # cft deg4 r=0
26609067,-82849968,183098385,-355291721,614410172,-796419795,798682788,-655336609,494509364,-329424764,193152356,-94507615,44578300,-17831532,6733024,-1635228,393771,3006,1058,-622,1406,-219,53,-5,1 # cft deg4 r=0
93243231,124687323,-66017514,-97255142,100839379,19191696,-60255263,19252980,19237050,-12242657,777558,2852851,-809615,-101545,163203,-40041,27092,-15564,4995,244,-593,137,11,-8,1 # cft deg4 r=0
28700055433,-63864169159,63662405289,-29650146855,1388149791,3669591310,455844983,-1583747953,401267213,141102967,-21757594,-49726566,14871127,3990833,-1435460,-556161,216204,16516,-9408,-1287,252,106,-1,-8,1 # cft deg4 r=0
609257873,-1483633284,-37447571,3162054426,-2379283167,-389867864,1692986045,-1478286341,944021372,-446205080,142283025,-32599782,16930970,-7782484,995148,303766,47173,-62163,7683,468,486,-153,0,0,1 # cft deg4 r=0
201341,710010,6620635,-16842028,34846609,23260405,35941102,62029222,-34913034,-15736087,2478475,-5409429,11719983,1780830,697297,-594882,126643,59171,15551,1433,-192,-44,3,4,1 # cft deg4 r=0
86992829,-306696159,663954060,-1106079297,1493737640,-1663296531,1539862793,-1195516408,792193158,-455349658,229357686,-101400074,39049362,-13119347,3953825,-1112251,306512,-79916,15622,-2482,821,-181,-2,0,1 # cft deg4 r=0
81660251,-625876742,2389254004,-5931543331,10599881993,-14235420025,14832308030,-12235910769,8048899157,-4200728945,1697301170,-491838158,75459611,12287895,-11891309,3625455,-451479,-69133,37062,-3511,-1052,246,19,-11,1 # cft deg4 r=0
72955861,26808797,-30545017,-80090172,5548921,30549932,15659580,-9008587,-3775758,799407,526571,-392059,-24501,116426,-8039,-12959,3964,3189,-503,-350,197,-26,3,-3,1 # cft deg4 r=0
475208432,1419610580,2437254028,2844521783,2494610750,1682682239,835662063,263016009,9749735,-46232521,-31537466,-11037112,-1289946,844201,514401,96581,-13932,-4288,4287,2103,143,-112,-24,1,1 # cft deg4 r=0
13259,22338,122394,34915,172545,-57715,-42294,171203,134869,36914,-58343,79456,62591,16763,2994,-14260,-485,-1635,1253,26,127,-58,1,-3,1 # cft deg4 r=0
470623,821108,1294951,1746129,2109142,2225607,1976185,1279823,574374,70232,-132435,-141716,-61300,-9604,7877,5802,1348,-455,70,-61,19,-12,2,-3,1 # cft deg4 r=0
1394051,6274225,14586545,23274116,28800502,29681634,26573580,21108077,14998983,9586223,5597545,2999377,1490838,675159,283175,105025,36607,10248,2827,639,166,44,-1,1,1 # cft deg4 r=0
2065257,7538805,18404130,26400115,30429877,23272575,16070656,7212346,4538210,1663022,1495572,476849,564511,196521,185253,42746,33895,3777,4052,-66,392,-17,25,-3,1 # cft deg4 r=0
14327,-99254,265094,-85730,-117538,65396,-64900,-26860,138855,-177447,129988,-80776,103578,-92591,70125,-39379,15370,-3309,-1716,1388,-283,-44,41,-9,1 # cft deg4 r=0
166477,751983,1570175,2546714,3057328,3577157,2972721,797108,2322415,-1945391,2383625,-2080428,1641259,-1115228,671098,-357158,169270,-69551,25491,-7796,2081,-434,79,-9,1 # cft deg4 r=0
401534119,699402424,1037141217,1000842067,897822215,658498893,460481191,269627662,158118019,78736051,39177841,17193354,7387235,2886369,1084667,375846,124519,37824,11048,2754,766,128,38,3,1 # cft deg4 r=0
2129344,6420960,13272336,15376984,18719092,20442058,24902473,25442410,22325610,14600656,7752522,2966110,862951,229138,129889,81270,27251,2968,-579,378,268,28,-9,0,1 # cft deg4 r=0
419,2668,10667,49033,137989,98752,-348586,-821885,-412095,678400,1137953,612070,-30526,-232218,-137643,-23345,15840,12092,3169,-361,-483,-115,4,7,1 # cft deg4 r=0
2304,-23040,84672,-130656,191100,-209388,163237,-95218,96431,38954,59842,44842,19553,5346,-304,-2011,-220,37,84,138,16,-42,-10,3,1 # cft deg4 r=0
8074647,-4445847,-5663763,-4899861,9616887,6315309,-312963,-3788001,-263151,1183553,786630,-240625,-307790,-19313,102599,20783,-18368,-7881,2198,1323,-70,-140,-7,7,1 # cft deg4 r=0
2433024,15132672,48694848,67681696,58825908,53748712,35057529,3887411,-3715007,2907230,1797490,-614095,355001,347609,-81856,-30289,15809,1715,-1811,90,286,-27,-22,3,1 # cft deg4 r=0
1413,4293,-477,-15483,22770,12207,17653,27249,40902,-64738,153601,-131525,62431,-40805,15985,-9541,2258,2148,655,711,249,77,26,7,1 # cft deg4 r=0
5409,1980,-68553,-33567,242706,127956,-193739,-59783,459014,53564,710774,205146,386126,157871,117806,59535,26805,11841,4500,1500,462,129,29,5,1 # cft deg4 r=0
434944,-351232,1315136,-1599136,-2387884,1551444,1685883,86832,-934354,24906,334304,-29207,57633,-40326,15799,4706,-1376,-73,806,-129,16,34,11,3,1 # cft deg4 r=0
57771,-809235,1177029,9893415,28861728,67662483,131329232,189850003,206119083,179012568,132982604,87277344,50108464,23792860,8611134,2488143,744534,213052,44219,8526,2024,329,33,7,1 # cft deg4 r=0
7238475,8456913,21848463,28295277,38417265,33957099,30742838,20021937,15361700,8391826,4973191,1933015,839279,370615,236174,126207,38521,10833,4188,1350,378,65,10,5,1 # cft deg4 r=0
32476081,35336409,69867601,47424238,80625694,89715824,111401138,128595112,128139692,98132050,68994452,39457693,17642123,6588017,2225407,666878,169822,40000,8367,2340,751,92,-1,3,1 # cft deg4 r=0
24701,13989,846448,1260231,1181271,256004,48995,-319028,-58809,177766,329254,39557,-113985,-6256,46247,27478,-3976,-3490,1867,357,-59,75,14,-1,1 # cft deg4 r=0
18982825,64313340,73555287,56090995,43051614,-11020803,2405680,7863510,6099656,1013428,493453,244188,209086,-156612,-45009,-37116,372,-3097,77,161,172,52,11,4,1 # cft deg4 r=0
55189,-132477,1267980,-2767762,2752898,-2171681,410554,2463445,-2665449,122126,1192620,-568378,-12915,12476,61155,-20492,-1717,1262,1256,-149,121,2,3,-4,1 # cft deg4 r=0
23923,14225,133620,419091,161282,-278150,102692,261394,-208953,-83057,166290,-40739,-47140,32882,3848,-9443,1622,1668,-378,-204,-8,3,8,4,1 # cft deg4 r=0
625843,987302,2397925,6239196,9061742,10062620,11082228,10981946,7358903,4825348,3223401,820553,354445,75080,-32346,3,1961,-2925,-780,-208,39,18,-7,1,1 # cft deg4 r=0
887552,-5036088,16408646,-9368187,-2957436,4329766,-3136280,2418513,-734905,-251081,322114,-224584,108237,-23128,-517,3483,-2073,-205,788,-519,275,-107,30,-7,1 # cft deg4 r=0
300223,1858402,8311767,14170389,6427841,6117158,13026905,3815522,2476433,881592,1750,-56766,-205009,-13986,-8328,2176,-675,-1845,88,-200,158,4,20,1,1 # cft deg4 r=0
2833496,1304064,-2662004,-3966808,3906414,-24292,1231687,-1610830,-61374,-213910,434122,171686,-170565,-59778,55149,-10590,2855,-1580,915,-364,-98,92,-5,-6,1 # cft deg4 r=0
103544,202272,50848,193516,712058,951652,1250689,485986,23176,964942,-126600,-133038,573421,-515534,402091,-222486,109769,-42472,14741,-4036,1030,-204,43,-6,1 # cft deg4 r=0
1572893,-5507628,401786,12426896,5046248,-5725238,9451870,-10896700,11493320,-8118086,6453098,-3112074,1692550,-617414,213632,-66112,21927,-8432,4898,-1790,808,-186,52,-6,1 # cft deg4 r=0
28154281,-28594336,14818178,-6346128,16413954,-10330466,7170966,-11311244,6340506,1116562,-1762340,-891322,1149032,69826,-260756,-33720,51847,4328,-4780,-1158,454,74,-14,-6,1 # cft deg4 r=0
137341,138676,55703,115096,341800,-654898,-156291,601678,46351,-511666,285587,76666,-94672,-27558,39236,5690,-17950,4972,2843,-1844,97,130,-14,-6,1 # cft deg4 r=0
18872,-121352,415240,-746920,465278,735560,-1599023,1189026,-84946,-851978,1248448,-1149550,795375,-438282,201691,-78630,26103,-8036,2575,-852,304,-100,25,-6,1 # cft deg4 r=0
139853,-575988,1898897,-4547992,8368826,-10812306,10356081,-7439358,3611229,-934210,-260861,371994,-89734,-106974,177582,-132598,80006,-35284,14061,-4212,1207,-242,52,-6,1 # cft deg4 r=0
159832,457688,226336,2412,565226,54688,-402349,334026,131300,-225814,119898,70406,-85199,14098,25193,-12342,-1455,2656,-395,-172,64,-12,13,-6,1 # cft deg4 r=0
483230357,-1544267250,2150212670,-2120458506,1864579574,-1443073540,1030908436,-692502342,440992983,-260312354,145275460,-74216686,34967600,-15040318,5871972,-2085868,672054,-193338,51178,-11420,2470,-388,70,-6,1 # cft deg4 r=0
14923,46818,125732,-34275,232488,60832,349369,32078,147839,-106484,-10697,-81158,-3096,-10920,10299,4209,3110,612,-182,-181,-101,-14,3,3,1 # cft deg4 r=0
1741271,-4389742,6992468,-9549210,9869638,-8609412,7266554,-5129902,3368749,-2571346,1687950,-912166,569982,-331742,145124,-69012,33292,-9590,2218,-1132,346,-16,4,-6,1 # cft deg4 r=0
1356859,-793310,165133073,-459741680,823355530,-967681888,893715108,-671547698,434825194,-246090958,133311404,-63871664,31927961,-13332870,6000194,-2076814,786494,-212726,65225,-13010,3193,-428,85,-6,1 # cft deg4 r=0
53,141,359,-3095,12726,-39082,73262,-83413,51590,11351,-74906,99090,-66265,5943,35665,-41869,28415,-13982,5483,-1843,549,-149,36,-7,1 # cft deg4 r=0
518319,94041,883548,162324,1481895,-117504,749142,172563,453808,88387,243984,276557,215770,28659,10355,20627,27894,10135,-1369,-2438,-2,169,13,-11,1 # cft deg4 r=0
51304783,200514296,480693982,377319369,163642364,102135888,91974181,87698154,65363553,31519677,14831693,4899969,636129,93697,22299,-77406,12388,-11239,3996,-1445,568,-168,38,-8,1 # cft deg4 r=0
271280177,975641364,2189042065,2584614029,1983526878,875106200,132501113,-60771253,29611191,73854751,25341693,-6624849,-7272309,-243675,1894672,916537,189195,-4461,-5092,1427,747,41,-36,-5,1 # cft deg4 r=0
157977,331340,1023799,-204066,1766505,-989265,1824601,-288863,880345,-658191,420993,-111519,130692,-97508,48215,-18787,9354,-2955,1316,-363,60,2,7,1,1 # cft deg4 r=0
124965127,-104545343,-81937828,157126055,-28127139,-71341622,44687352,1884956,-11828405,2948121,-753873,492998,75659,-107093,147162,-16883,10809,-2432,-325,145,-99,-4,1,1,1 # cft deg4 r=0
128376608,-188584576,142109050,-9993621,257937336,-35296852,170949829,6021783,43256296,4042704,6970699,-363836,-415192,-315008,-320738,-72742,-51002,-3244,1238,1253,912,127,59,4,1 # cft deg4 r=0
5953,11525,-100357,43346,2350312,-11487374,29158368,-45818292,47197001,-29446621,5440986,7551747,-6839403,1907365,642658,-819111,384756,-115696,27182,-6016,1267,-216,23,-3,1 # cft deg4 r=0
6907,98926,423536,300368,389770,428477,75085,103352,153950,-29390,11693,10782,3640,-14268,10515,-3522,-650,1446,-500,67,111,-50,22,-4,1 # cft deg4 r=0
36434849,-73132162,160375309,-351771662,573556200,-607273780,445058804,-249548934,123027391,-59895209,28242336,-11635920,4206998,-1502295,572731,-207449,62146,-15790,4845,-1575,296,-31,17,-7,1 # cft deg4 r=0
34396272,-106953060,141847328,-50505539,-80185343,57820003,139650303,-319410217,325121262,-204412630,85562157,-24690198,6522184,-2529024,1308761,-618432,204836,-41387,2588,1276,-347,1,30,-9,1 # cft deg4 r=0
44717,34314,-78029,45410,65150,51374,74598,-125314,246607,-199957,89666,40450,-78482,61709,-20193,-1491,7552,-4498,1375,-79,-58,33,-3,-3,1 # cft deg4 r=0
3106609,-14965330,28483729,-25724588,12403354,-5904276,3128954,-268530,927893,-2229865,1781724,-1123898,660218,-255145,65577,-13955,1436,-1952,2369,-1311,550,-163,33,-7,1 # cft deg4 r=0
22504915,6583310,-70204731,-27245150,66365058,62622926,-19812902,-47647868,28596509,1360361,-7099730,5203536,-1980678,12651,296823,-150959,72310,-24094,6763,-1259,170,-37,15,1,1 # cft deg4 r=0
30269511,39688344,43404033,-16982531,11371410,-46346513,-15225207,52629309,18765878,-24938358,-9764056,7286658,3362985,-1400578,-759742,188102,122268,-16935,-13501,967,1008,-31,-45,0,1 # cft deg4 r=0
6488,139084,2340964,202647,-4081237,2253271,5856620,-2125621,-4256357,884076,1967723,-133788,-619504,-41542,141404,29976,-23282,-8779,2417,1509,-74,-143,-11,6,1 # cft deg4 r=0
69592,-61904,656818,-341547,-1208427,-158659,1267262,301927,-552963,44622,96835,-149622,26260,61688,-21194,-10348,8130,-257,-2019,395,302,-53,-25,2,1 # cft deg4 r=0
187160,973120,2101138,-2363407,-868323,9164363,1555346,-10425553,908117,8822588,-1576625,-4998350,779538,1809980,-76954,-388644,-44540,41667,13013,-885,-1134,-169,23,10,1 # cft deg4 r=0
433502,5454694,26637299,65847653,98483556,96537030,65346264,31434372,16352480,14457459,11748865,5735042,825110,-519810,-92583,131794,47503,-6606,-4557,524,502,17,-26,-1,1 # cft deg4 r=0
130651538,283180884,63693623,-308184962,-306970310,1040026,225215712,53850313,-58719118,-6237724,3852401,1250009,2862220,210234,3919,71056,-31713,5864,-976,-726,310,-110,33,-4,1 # cft deg4 r=0
84735907,-105280783,339571292,-31049692,54689652,253102914,55945860,50210970,39043702,-10178422,11607821,-6718051,2005926,-1569651,198014,-73725,2156,11487,-2175,1250,-105,10,15,0,1 # cft deg4 r=0
1629025135,769698778,2581150429,521545858,2013406188,-106760428,998965071,-182659626,377080870,-50044224,110045763,-7618630,20183908,-2702222,1966769,-625072,122842,-58834,11116,-2268,760,-80,19,-6,1 # cft deg4 r=0
13166789,2416121,17979042,-947080,17729588,-4475759,8279813,-2150739,1479713,-846703,166240,-200329,4898,3375,7717,1699,660,-24,-315,-60,58,1,-2,-3,1 # cft deg4 r=0
301193,1833964,7711589,11403795,525866,-43708468,1948236,43856428,1073985,-39189872,19444498,4691259,-5227043,-540087,1621525,-537657,762,39950,-9550,1009,94,-100,35,-3,1 # cft deg4 r=0
42127567,74946047,91787441,107844057,39027864,-51788485,-27484495,23283114,23096458,4577557,-8703988,-7616271,-254777,1641047,512913,-3297,-45876,-15495,-1910,-865,134,122,10,2,1 # cft deg4 r=0
711041984,1789654240,4482133868,5619030764,4271816319,2084117510,803109772,92329597,-35208766,-13791095,-81834,9382320,5323975,848913,248323,-202682,-47611,-14917,-2685,-335,211,55,7,2,1 # cft deg4 r=0
126051449,-628988765,2180617076,-5928193301,11612100371,-16346365486,17273993787,-14497196778,10193064820,-6176347260,3164243041,-1275109035,346144004,-30630640,-20474619,9822628,-1469821,-247510,139863,-17334,-2044,761,-38,-9,1 # cft deg4 r=0
446113256,273380080,-626033186,-122988205,388372174,-168230415,-6582667,77351234,-41974518,-10264399,11827798,1260160,-1969453,-591260,414275,102952,-40795,-19763,2369,2171,70,-134,-19,3,1 # cft deg4 r=0
316729,996464,784462,1367589,2532684,-87272,4201007,106204,2469981,1772112,212285,1550809,173467,345998,291180,24296,82497,13143,15922,2341,1522,144,65,3,1 # cft deg4 r=0
423323,-922226,-970125,2943983,-78100,-4960899,3753250,9194319,-2370466,-8879442,-681714,4774913,1491776,-1386650,-729502,214690,205449,11204,-21216,-3428,1190,249,-41,-7,1 # cft deg4 r=0
2880576,-7135512,16034434,-28092127,33427531,-11571507,2011336,4409145,474783,3956604,3354388,1657423,1566276,985909,450557,184658,52698,4143,-4016,-2294,-582,-20,34,10,1 # cft deg4 r=0
28880829,19394826,-6465644,-3797623,-1750715,-3634414,-3597122,-1012988,559589,292878,69028,99408,107940,27486,6456,5160,4374,856,397,294,132,23,10,4,1 # cft deg4 r=0
2089669,-3046411,-2550912,7000716,1490361,-15769487,18779399,-8765472,-1350337,3647521,-1320143,-402516,475489,-118290,-19160,19265,-8170,2424,717,-814,106,71,-17,-3,1 # cft deg4 r=0
20952,-151632,500418,-725023,388649,-600475,2103866,-979498,1019217,-5979163,7119171,-4911099,2446164,-453391,192880,51149,41022,-2480,12047,-1156,1250,-49,55,0,1 # cft deg4 r=0
4563,9633,706862,-1279668,254107,-25208,1415229,-254542,-1371054,519562,42622,238633,-61204,-176856,142052,-68270,30448,-9821,2551,-965,342,-68,7,-3,1 # cft deg4 r=0
1881139,6449040,10972871,15394431,17015619,15620045,13443585,9022380,6820557,3405161,2479691,894756,686837,163515,151563,22602,26507,2998,3698,412,376,50,26,3,1 # cft deg4 r=0
47720,375056,945076,600192,-231126,812096,939015,-729988,31783,325983,-109175,-97577,-53019,-33467,32538,19940,-5966,-2899,816,98,-34,19,-4,-3,1 # cft deg4 r=0
1465533,-3832320,3667747,8208068,18570978,21742190,21410754,15685322,10302899,5273792,2619981,1013703,503251,170483,112035,36143,21354,6551,2409,787,189,43,19,-1,1 # cft deg4 r=0
64,672,2352,2072,-5940,-9002,31111,48888,20616,2156,4290,10094,6209,3822,-127,-2534,1981,1652,-689,-210,172,14,-15,0,1 # cft deg4 r=0
123586408,-458804568,1201715956,119540580,964490910,637173930,279495651,303231,44673318,42519409,9645894,-351985,-404180,927521,301035,76004,19671,8362,2503,354,168,-22,22,-6,1 # cft deg4 r=0
67851,267120,467103,517469,266278,260834,578307,214197,113197,220248,110664,-58794,127029,-44051,4013,8119,-1325,-1469,553,123,-167,39,4,-4,1 # cft deg4 r=0
278793559981,-456506784992,512135002269,-425391915559,324596722085,-197485797647,115315503287,-53966223279,26206253164,-9860905644,4181761647,-1265708649,494098495,-117827688,44171605,-7876485,3005587,-365474,150534,-11281,5164,-215,107,-2,1 # cft deg4 r=0
1222643387,-8573506482,26269409091,-45569768452,47969083283,-29472046622,7501376984,2626625136,-2605698992,581026280,122922947,-82176696,6245612,5537104,-1549847,-275434,240497,-42824,-4459,3622,-672,-40,40,-8,1 # cft deg4 r=0
73782133,98070054,218489437,172370529,152785979,35810236,13499960,-5263141,10721007,5886921,3239433,-967346,-409663,3806,233691,59358,-5293,-13277,-1435,645,365,-21,-15,-3,1 # cft deg4 r=0
9346021,-13464803,-16084792,5873619,14523696,33833191,33720909,19415103,12606373,4085194,265415,267779,-255948,-3464,80035,-4490,16540,1182,-1192,203,-37,39,16,3,1 # cft deg4 r=0
599637,-361917,-2538924,2032553,4711173,-5303921,-2611724,1074966,12215312,-17158912,8090558,892301,-2388887,774837,59601,-97140,18849,4983,-2080,-692,350,-3,-9,-1,1 # cft deg4 r=0
222249,438099,-843849,-2495906,2217170,4980970,-4080299,-4095443,3770330,656708,-126670,-901959,63492,203731,24581,-18493,-16745,1914,2362,345,23,-89,2,-1,1 # cft deg4 r=0
176819257,-49693191,160138501,27216849,45733967,30796476,19486134,9308744,7548432,3282136,1549141,1033807,345403,161274,65363,28653,11036,2698,758,351,116,29,10,2,1 # cft deg4 r=0
601,3970,21845,26686,38588,-74364,101771,59406,-204365,84440,100453,-85650,19464,27806,-18880,1440,4958,-1394,-319,226,17,-6,-6,0,1 # cft deg4 r=0
2424952656,-1098592362,5241735821,-6153068587,4113357609,-1191387089,-221210368,281433394,-81816196,32438778,-17513372,1173801,1683767,-115062,-34515,-123468,47626,8649,-3472,-1894,657,52,-22,-4,1 # cft deg4 r=0
856519,347786,-2162136,-2271455,8541310,-15988199,20110361,-15510006,13001108,-5561759,3945696,-658364,698292,108966,120080,52201,27223,11570,4979,1655,549,137,34,5,1 # cft deg4 r=0
5201,12838,4130,11087,24369,3730,64086,-100240,295626,-323103,283820,-15962,-71309,51516,76441,-46249,7022,-1830,5254,1112,910,111,53,3,1 # cft deg4 r=0
5564880,-8615040,39914276,-77077472,103038005,-125940408,162233378,-185841430,159570227,-104789987,58860157,-31778828,15955627,-6545546,2477260,-1003813,325595,-86862,28807,-7407,1233,-310,54,-1,1 # cft deg4 r=0
5886273,32521569,65939427,32200367,3111751,4458656,14359848,11381410,4100182,4416981,5211852,2929060,1020790,767278,786293,409714,54649,-43284,-19659,-3,1523,151,-55,-5,1 # cft deg4 r=0
1510505,5904302,14264353,19321519,18339242,12594529,10928375,12874712,11578161,6333615,1279930,-1665770,-1482441,-351199,223649,134787,790,-19015,-3488,1655,507,-92,-34,2,1 # cft deg4 r=0
829598071,-42637432,-382924991,1094300282,2518855907,1540586642,-1099930231,-2170908706,-831631287,543010798,561967221,69116832,-103757241,-39827257,7595781,6962346,503611,-514051,-104910,15239,5608,-68,-120,-2,1 # cft deg4 r=0
189439,-433197,377213,-212332,382939,-118519,-95747,-15931,123871,19784,-16047,5711,-21472,-992,1419,3257,892,-757,-12,-85,-11,2,8,5,1 # cft deg4 r=0
3400783,25975350,85767099,153085629,152641852,105382567,113790266,110819435,32130720,-30845281,-25237702,1254762,12343785,9721128,3645824,91695,-513065,-175398,2430,12457,1727,-284,-72,1,1 # cft deg4 r=0
10851,-5187,-85209,97865,223529,-365298,-275443,225164,762020,524183,-198031,-625830,-257189,200445,171682,-16091,-40400,-4075,4205,872,228,145,23,1,1 # cft deg4 r=0
654471,-1454589,3562641,-6658963,9259170,-10806254,11819916,-10153105,6874378,-4659043,4418490,-4187674,3683041,-3029421,2199765,-1244289,471297,-116940,28705,-8635,1639,-157,38,-11,1 # cft deg4 r=0
1246280,11461478,51225433,131271246,206150111,183748930,55513500,-37068480,25655613,128143649,104625848,14202935,-19972248,-8605848,157087,668957,137002,20396,-2122,-3282,-509,15,4,4,1 # cft deg4 r=0
1130087,7332899,32522399,60097822,85629562,92781137,34846922,-41214599,-46998598,-4175744,15427731,5953897,-2573893,-1686286,390180,146792,-22417,-5283,4737,-3414,642,53,0,-8,1 # cft deg4 r=0
3411568,29314272,101170364,154457328,96526783,-23489960,-64899967,-12435494,22962416,471143,-10098490,4089993,7145801,311770,-1871885,-879508,-40068,149579,78013,20395,3887,711,97,7,1 # cft deg4 r=0
42979,25993,601747,-1284185,2326428,-6834079,4607917,7265143,-7317098,-2248036,2578847,154567,1018047,-990323,51217,-22653,88208,-20484,-701,-1205,673,-7,-12,-5,1 # cft deg4 r=0
2835392,48276928,251508544,50863632,-289666740,-284389148,-119387891,49513836,142885679,125108312,73014763,34272694,11643588,2086960,-40606,-69190,13147,16208,2555,-1184,-13,140,-8,-6,1 # cft deg4 r=0
18858069,-154260036,640773336,-1627729529,2669904388,-3074151220,2824281003,-2258362808,1522872169,-824767744,405706272,-204831328,85318422,-23849059,4771561,-950275,299130,-102532,16647,656,416,-238,-1,3,1 # cft deg4 r=0
104321,248773,1555505,1624105,3870951,-375389,101626,-789733,-1134595,-789670,2028124,3276875,3141040,1321201,304983,-171269,94920,62699,-5760,-1251,459,78,65,4,1 # cft deg4 r=0
20700124,-2546834,1658599,-24289085,-9646416,-12007926,9570153,-1302245,10305622,14670975,4854056,5192552,2865030,652725,408186,86973,1596,13132,592,-63,523,-134,46,-6,1 # cft deg4 r=0
4952375,7534485,8804886,7967065,9829362,9724090,6677728,3208480,919228,111755,-266144,-260147,-113110,-30266,1625,3875,4763,2663,963,579,155,42,16,2,1 # cft deg4 r=0
18640384,-68593728,120946112,-112613417,55786500,734706,-26803637,35374668,-26365675,10411583,-229467,-2684094,2006074,-1006061,465010,-146776,44751,-19712,4537,-1805,869,15,64,1,1 # cft deg4 r=0
221888,-871744,1363664,-449920,176180,50044,1165131,-3482990,5089084,-5259597,4210952,-2734507,1502419,-769240,393261,-188016,81204,-31955,11673,-4003,1227,-319,68,-9,1 # cft deg4 r=0
3978157,937182,5188865,-1122511,6219047,-7616132,6136022,-9312982,7542184,-6570356,6576708,-2657700,2833581,-558480,775023,-90795,138174,-10342,15577,-1203,1152,-72,53,-1,1 # cft deg4 r=0
71847,-210537,503730,-672400,626251,-327067,130495,-427816,819739,-802973,583391,-316820,123991,-125818,194836,-136251,28748,14418,-5209,-838,114,-29,43,1,1 # cft deg4 r=0
470597,1911864,1590505,-2777012,-5233192,-1835922,2149896,2490832,1816377,800802,-269320,257669,244633,-22064,78821,-5394,13704,9,2264,-96,364,-22,32,-1,1 # cft deg4 r=0
307479,-2329910,7141600,-12244211,14284650,-12269079,8562663,-5667651,4584440,-3112020,1903979,-598674,465375,-295619,78538,-37753,22040,-9271,3308,-1163,353,-69,20,-5,1 # cft deg4 r=0
23,350,1370,-742,-5321,-5320,7174,1660,16523,5454,9072,2574,1813,658,-688,400,861,712,330,-78,-29,-18,-4,4,1 # cft deg4 r=0
97,1806,15170,12024,319011,-898032,1425486,-1287362,1280786,-897110,749554,-372660,250727,-110696,72482,-25078,10630,-3746,1422,-556,135,-36,10,-2,1 # cft deg4 r=0
162483712,-381096960,778567680,-834320512,549291360,-349217632,253161840,-167503184,75864268,-7841312,-13586424,9179784,-1835608,-641252,523180,-128584,3107,8938,-3152,746,28,-46,24,-2,1 # cft deg4 r=0
8286219,6008418,-8298288,-1404072,-7718049,-9245754,10536158,-2882654,6348011,3123698,-1775156,1572698,-1017959,102,29420,-102348,73669,-19090,14142,-1428,1231,-40,54,0,1 # cft deg4 r=0
6617,-14300,-12350,32432,50710,-127442,18526,58272,75598,-70938,-22576,-8322,10312,14190,2008,-5068,-1751,160,344,234,10,-42,-10,2,1 # cft deg4 r=0
59478393,87398074,56954838,-63479576,-42320999,-3040960,46310412,478668,-892211,-2629022,-144492,299310,61785,-88130,-8940,9320,7697,-398,-338,-174,49,34,-4,-4,1 # cft deg4 r=0
5423192,12485136,18417792,22239192,23525096,20166400,13754628,7479852,4314166,2051472,664234,252402,125781,-5814,3652,6752,-3907,848,322,-458,215,-82,20,-4,1 # cft deg4 r=0
619759296,636270336,2382284736,1935839232,3484020384,2013575232,2488217120,975953760,1027553888,253534336,282037264,36522880,56679992,2158000,8547752,-254168,924264,-64144,69444,-5104,3418,-172,94,-2,1 # cft deg4 r=0
52887728,-10344928,-20766912,-61089696,49753860,246125248,437544840,491632048,325485304,172882704,75994148,24641448,10301197,3037848,1373194,442328,174195,61504,19576,5896,1403,312,58,8,1 # cft deg4 r=0
76157893,-38309252,-9096992,-26099520,6359726,19266132,13753376,-29813832,-847843,14362556,157276,-4827556,-204938,1019048,186916,-187028,-38378,21880,5976,-2176,-520,164,28,-12,1 # cft deg4 r=0
1730070178,1623812868,-266036496,-1807904436,-891286502,330972924,358524042,-111888060,-219550251,-60533560,33652084,50360736,41382164,23103688,11347080,4154840,1355020,337268,84660,14884,3170,380,78,4,1 # cft deg4 r=0
14283100256,-1039798464,12435537248,3899094368,2623951528,1926383112,1495153548,-860593072,1342139841,-766055608,517006352,-232613176,111816260,-40917304,15560664,-4701160,1464774,-362984,93136,-18376,3836,-560,92,-8,1 # cft deg4 r=0
46912,451328,1890048,5166080,9661696,9207808,3658368,2776704,1750800,18464,696256,-901184,592096,-500784,252048,-153024,68072,-29056,11104,-3256,996,-188,44,-4,1 # cft deg4 r=0
123893,-128710,12860,76432,-132946,-17488,183408,-93848,160031,-98792,45736,7572,-39351,40330,-18882,-34,6340,-3458,638,280,-143,12,18,-6,1 # cft deg4 r=0
41020407,-15782202,150808524,-65588394,94104400,-27158020,86440,18130618,10514747,2555560,5031164,987700,-602995,-381090,-112434,-59430,-7242,10230,5346,494,-257,-118,-8,2,1 # cft deg4 r=0
22648819,-135573636,348194254,-411640332,304470058,-173277370,194499602,-114054014,14260647,-12679780,14790470,3698990,2332925,-1293912,-869544,-235330,-1530,33398,18608,2768,243,148,22,-2,1 # cft deg4 r=0
476647,2355400,19357344,10757790,137214929,120052130,144874328,56581630,28967784,-4328228,-1995000,-447826,522869,-297426,-195592,-14238,2452,-1636,4640,1706,-107,-142,-16,2,1 # cft deg4 r=0
5390833,-7965748,22205908,17151358,27325414,69855708,60977710,14124768,-2892915,2757196,5689160,3963520,2156005,1256638,658710,224782,40836,8244,5458,1568,-209,-176,-14,6,1 # cft deg4 r=0
6317581,-24303858,30035034,15455114,-16088116,-15949922,21142010,-11436174,11212915,-5435948,1621876,-689812,472888,-28908,117028,-41092,39655,-11690,6154,-1614,492,-90,26,-6,1 # cft deg4 r=0
582004,-1988760,4235368,-3882136,5159976,-1101120,365576,1942176,-1120648,938160,-171432,-79296,162268,-84924,31420,3052,-6695,3710,-398,-486,456,-198,58,-10,1 # cft deg4 r=0
343324709,693900480,348101962,-681870048,-1015523278,-27481014,599339342,183872428,-88646306,-42128918,-1183176,-14141038,1686524,256246,474624,385016,99089,48264,14164,3030,1134,102,50,2,1 # cft deg4 r=0
121301,-704216,2589614,-5458000,5590306,-1787006,-1820682,1586192,2372638,-4569082,2580408,-393962,145124,-311078,186396,-69392,31341,-13188,3448,-706,234,-54,2,-2,1 # cft deg4 r=0
234693193,900399304,945873656,-1435234416,-1523231192,1215223268,901802800,-788859032,-55221722,170706104,-45305232,1171132,8582854,-5425956,-265312,818088,-20707,-55076,-5664,2732,1102,-208,-40,4,1 # cft deg4 r=0
942100,-548120,750376,-1095896,1062072,-1580480,1085336,547584,-314264,-444968,372136,-67208,22572,268,-9652,10668,-5263,1698,290,-66,144,-50,26,-6,1 # cft deg4 r=0
9403256,14331776,15854272,-6072608,-7038824,-9268140,11310080,-3433148,1331845,-912176,873412,-727776,363616,-123640,50516,-35352,23130,-9360,2668,-544,240,-156,60,-12,1 # cft deg4 r=0
27337,-2274,114762,63542,388096,234010,440286,-147514,278027,-122556,345908,-57212,-3136,3132,32732,12916,6723,4630,794,318,64,18,14,-2,1 # cft deg4 r=0
1457309,2965004,-665394,-9202840,8858717,37203056,36200722,-693248,-20097842,-10018444,4769334,4729224,296377,-1049128,-158338,125200,32754,-6940,810,1336,329,80,30,0,1 # cft deg4 r=0
4279817,32401224,13000982,-158774940,233756676,-195729942,95930010,-33767304,5053782,10171486,-2412626,2455142,779798,-168730,386228,-39192,93269,7640,14110,2098,1234,182,60,6,1 # cft deg4 r=0
17962192,154354336,620646368,1552964672,2807778080,3956661744,4502221072,4181341456,3172605620,1964116688,988923024,398633664,121760524,23159932,-305584,-1929544,-634897,-75634,11512,5398,532,-106,-24,2,1 # cft deg4 r=0
1175,-6930,11902,20242,-100228,82732,169772,-413998,385437,-245654,279124,-443302,583420,-634842,531144,-308204,140126,-58282,18586,-5184,1436,-208,62,-2,1 # cft deg4 r=0
1222352,10778784,24276800,-12295168,9344896,-21114736,20779776,-13821456,11999236,-4872832,5209784,-1975872,1481420,-426996,291656,-75608,51839,-8986,6360,-606,588,-42,40,-2,1 # cft deg4 r=0
86862256,-77241120,111530592,3794432,33094560,15623168,13227248,-8875376,-5444300,-2990856,2855448,1111536,547400,-178912,-79308,-59752,-5061,-4898,3264,-342,636,-46,44,-2,1 # cft deg4 r=0
758272,5602304,10499712,-1606336,-4599664,10012256,-5873056,-2010480,6905972,-7379232,5149920,-2677504,1080296,-360892,92944,-32656,13559,-5078,2408,-358,120,10,12,-2,1 # cft deg4 r=0
49877,-93838,-115464,545054,-98134,-1606428,2914470,-2403166,1426745,-1043902,765986,-423690,187070,-96518,64464,-25080,4290,-4010,2258,-92,74,-92,0,2,1 # cft deg4 r=0
28810718456,-149349407376,356012939360,-517554949288,515124911704,-376358134464,213198050564,-97164656244,34909295510,-8296085256,141467882,894211550,-425075751,96065638,2014652,-9947604,2923133,-2080,-157486,16786,4339,-598,-84,8,1 # cft deg4 r=0
79543,419902,1586012,4097058,8239920,12907748,16415744,16747762,13780959,8969108,4255652,585212,-1235515,-1111398,-255098,178390,111590,-6766,-15938,-666,1223,70,-52,-2,1 # cft deg4 r=0
1239975,-1419120,2144124,-4094298,7831836,-7572636,962786,6213402,-7418043,3527132,504656,-2011892,1630459,-824024,305606,-100604,41890,-22620,11498,-4750,1567,-410,84,-12,1 # cft deg4 r=0
36448,-64192,403168,-298464,1274560,213216,1453056,688032,499942,212124,-384262,-135826,90445,22074,27756,18432,-11515,-9136,834,1678,151,-134,-24,4,1 # cft deg4 r=0
222988736,-409732544,58935776,706141248,-500982600,-251859840,341257600,-182580704,92765670,-4966956,8091734,8749890,-12569,1842272,144960,177318,35557,1604,3374,-618,429,8,36,2,1 # cft deg4 r=0
8375753,7671698,5216776,-5004820,-4014507,-4202354,-1481224,-807968,939141,680742,560894,213236,62525,-51220,-37930,-14350,-2607,1892,1520,490,-35,-56,-8,2,1 # cft deg4 r=0
1409,-15914,93866,-345480,914784,-1739382,2532704,-2747008,2470381,-1877272,1267654,-788806,459445,-252212,131164,-62606,27852,-11244,4388,-1526,511,-142,36,-6,1 # cft deg4 r=0
59428323,-107722872,121850676,-160647156,165155340,-113334448,91872998,-53806490,29893325,-11953916,7103984,-2589584,1326093,-339970,284974,-6202,39006,-1192,4386,458,425,18,20,2,1 # cft deg4 r=0
28708757,91076790,240867046,507792068,923668900,1312211306,1423520804,1143042920,705963893,339672356,133617326,47463590,19759353,9035808,3793632,1155178,322612,88520,30504,6838,1475,230,60,2,1 # cft deg4 r=0
149812499,-234841108,239972488,279791226,133748529,-23369610,81510410,41642732,25991219,1510384,7898912,1871778,1193583,-235062,89592,-56538,3029,-10360,958,-888,137,-22,30,2,1 # cft deg4 r=0
3327856576,1548992832,1952255968,340118048,590336056,98297344,210173424,30890136,43480006,-2243388,7157698,-722298,2228207,369704,618908,152682,88045,13404,4666,362,269,8,16,-2,1 # cft deg4 r=0
729,7290,34506,105300,238023,426060,620762,761718,795678,672714,465542,246624,93299,18904,4874,5270,6718,2118,754,-228,87,0,22,2,1 # cft deg4 r=0
82819,-176768,372462,-473424,626944,-703084,570194,-275944,165989,-182972,179334,-166916,139204,-97944,67464,-49364,33358,-17564,6872,-2208,734,-256,70,-12,1 # cft deg4 r=0
19411,-8824,-1298,-20896,20408,8588,-67762,72856,-19931,-19012,45386,-44612,24864,-7880,-4880,8876,-4074,188,20,208,26,-120,58,-12,1 # cft deg4 r=0
456659,-1209064,1893706,-1833744,1412756,-908844,79382,801144,-988659,780892,-462878,145004,68600,-140784,124744,-84132,49410,-25732,11768,-4624,1514,-400,82,-12,1 # cft deg4 r=0
14723,-87632,346394,-919072,1746292,-2602884,3269674,-3700392,3940997,-3962588,3683550,-3088212,2303132,-1520576,888208,-459204,209986,-84764,30028,-9248,2438,-536,94,-12,1 # cft deg4 r=0
3087,-5670,9558,-6608,20335,-18728,22746,-12414,11923,-15202,5650,364,-6375,1192,3962,-1510,1373,-1380,528,-268,151,-42,14,-6,1 # cft deg4 r=0
7900934719,4984086314,-2188396092,-2586093224,415135795,658923638,-166482054,-42746790,6289379,871874,7374348,-3647330,-719875,887062,-176408,-109152,126029,-73566,31358,-10348,2679,-564,98,-12,1 # cft deg4 r=0
165939543,-75289662,356985144,-243675468,558630099,-487758258,549841210,-417659334,323062355,-203059138,122263304,-64150910,31914025,-14214878,5975516,-2245456,788349,-243846,69986,-17272,3907,-712,114,-12,1 # cft deg4 r=0
10862739,25473474,58551372,-6344016,17360019,-20005722,8017046,-1584450,654803,1279826,-1241152,346322,529069,-471358,266544,-126040,81205,-46914,22650,-8212,2407,-540,98,-12,1 # cft deg4 r=0
4699802507,14356490646,26317105082,28220223400,19660629302,4992367138,-3865408896,-5702676278,-3115450731,-804963564,185675850,234025614,109052567,27741046,6011292,1111832,377162,47060,10240,-1304,667,-20,22,-4,1 # cft deg4 r=0
692306728,2625177968,5455894296,7590313088,7713571372,5865905960,3351570932,1421103292,473511620,190532432,140251788,104949140,57960745,22973784,6712982,1614948,392319,99812,19888,2320,615,156,34,-4,1 # cft deg4 r=0
29221,-126388,237838,-230440,33754,275966,-496686,442840,-137942,-161502,254396,-173986,65968,-15690,9104,-8692,4805,-1620,380,-46,-14,-6,14,-6,1 # cft deg4 r=0
5686025,-15596250,38181690,-43235730,34509853,-12360960,1063436,3631462,-1310503,183386,594938,-345692,161977,-26440,5142,3546,-1267,378,412,-300,233,-70,18,-2,1 # cft deg4 r=0
783577,3175408,4179736,-2734368,-12582662,-9488932,10925792,21162508,6589341,-10093384,220116,4362460,-160362,187364,639940,4352,-30378,31204,7344,-2156,-164,148,12,-8,1 # cft deg4 r=0
17006489,22562228,-11603700,-25606324,-6666766,2207564,-245266,303408,4115981,4926384,3172052,1481188,756927,317612,97202,288,-7156,-4408,-1498,-772,-159,20,30,8,1 # cft deg4 r=0
16911575,29362950,45653700,40717010,39303095,22074490,14432896,5170080,1813240,-69842,-379204,-350794,-165941,-62850,-168,10728,12348,6954,3340,1338,443,118,32,4,1 # cft deg4 r=0
528491,1231006,778010,-1653620,-1467590,-144486,289240,-980726,-428195,515168,1242110,270150,-106349,-78702,18672,-8660,-622,1272,804,-272,-69,-12,2,0,1 # cft deg4 r=0
1739746107,4459082562,5537302884,4951593234,4467108780,1511478840,496528400,86396250,2978767,-7089504,21999388,10768384,5534793,1684466,716542,200970,103310,32150,12386,2098,1011,94,48,2,1 # cft deg4 r=0
47493,70176,-176392,-120526,172850,-225496,530750,-501152,308969,-161696,135288,-61096,24137,-8918,4138,710,-564,408,-98,56,3,-20,2,-2,1 # cft deg4 r=0
107483537,392001312,429949588,117111358,94894414,96092372,12800858,9069204,11668297,5824316,262500,577176,920981,-284446,218866,-32958,24156,-4868,4134,-1060,527,-124,42,-6,1 # cft deg4 r=0
870907043,-418378154,2072040044,-1755848922,1080322167,-575703986,363707186,72606140,4863143,8078478,-12104470,4540908,4886317,-1239652,426918,-42178,92953,6250,-636,134,803,20,-20,2,1 # cft deg4 r=0
67472394417,-66096477030,6679136534,14595561394,-10290647343,3668356044,1908903296,-2535314530,2285359709,-1449536958,570952274,-168662488,43592261,-11597388,3188410,-369750,72885,-64550,3264,1768,869,-134,-26,-2,1 # cft deg4 r=0
2056984112,-8013009152,15756453728,-21591905456,20146014972,-12405830336,6475477216,-3756754240,1965269952,-782435324,283286560,-122082564,50311263,-14727274,3618050,-1334818,495747,-84720,-892,-1288,1409,-138,-22,-2,1 # cft deg4 r=0
4697641,-28278094,77048790,-111195938,89445005,-49468760,38427548,-33231946,12865325,324538,1953254,-4192600,1776621,-137044,190298,-233330,72393,-7822,7444,-4756,801,74,-14,-6,1 # cft deg4 r=0
23353,-172568,857474,-2020780,3703528,-2151614,-1182294,4607832,-1402878,-2023526,2682582,10106,-1072070,54294,192632,25248,-8331,-11220,-2086,1494,430,-86,-32,2,1 # cft deg4 r=0
102967247,-91663782,-39226722,-91115218,206874880,-63573516,-7981884,-32539746,33587185,-10868846,439596,1214782,-415164,-17274,55544,29780,-13670,-278,-630,-288,92,4,14,2,1 # cft deg4 r=0
687389,-177494,509764,332866,-79010,573184,-188232,-35588,303591,-289032,166716,-40600,-56069,79468,-47614,8884,7760,-7726,3522,-788,-45,76,-10,-4,1 # cft deg4 r=0
64312,-230304,212808,-109280,-44564,1408512,3660388,2887620,-2997532,-6473948,-1080992,4830260,3554125,-10872,-888854,-337548,27039,39072,9108,-104,147,36,6,-4,1 # cft deg4 r=0
189,-324,1944,-6498,10827,-13590,14708,-13602,12821,-10532,8338,-4428,2687,-1228,710,-168,-31,178,-52,-58,19,18,-4,0,1 # cft deg4 r=0
31975,111550,403050,644410,1149695,884480,324486,-686880,-582329,-255382,35052,108582,139893,101786,22532,-28840,-29827,-10472,1110,2886,1479,450,92,12,1 # cft deg4 r=0
1521,27378,209898,942864,2908737,6687564,11863804,16389804,17558453,14324158,8484068,3186978,371521,-252190,-72668,30344,8269,-4438,670,1758,253,-134,-28,4,1 # cft deg4 r=0
70829,29238,-146338,426840,872400,2524718,4263300,1427076,1500053,289484,839538,-448146,369733,-167112,97272,-57430,38488,-19772,9404,-3214,1043,-226,52,-6,1 # cft deg4 r=0
981787,7214282,28465524,76346722,152448536,236584940,294055836,299076782,255092027,186528672,119108212,66753692,33094661,14528498,5731650,2010630,643118,181146,48366,10426,2403,358,72,6,1 # cft deg4 r=0
220845731,735083972,1009763300,694789404,355240920,341370092,421429438,340035266,203358729,87069060,25520280,6001456,2211669,1311274,648874,228658,48734,5132,1874,1342,441,98,4,-2,1 # cft deg4 r=0
2076178,16556216,60319064,125154580,161592896,135949704,78055736,33547518,10084761,-3158536,-7900452,-5025744,-941172,522400,371888,95132,-3992,-16656,-5820,684,724,24,-40,-2,1 # cft deg4 r=0
409844,-1751208,2786256,3012312,-12144720,-9868768,78357112,-138364808,159827152,-130240360,84630444,-45147896,21929008,-9649036,3922028,-1296360,350049,-74278,17154,-4038,984,-122,18,-2,1 # cft deg4 r=0
25757,-69852,288380,-934088,1955158,-2849032,2991562,-2310676,1350193,-625408,228876,-18712,-91141,112016,-67574,15976,7048,-7284,2422,-148,-119,4,22,-8,1 # cft deg4 r=0
15619,-14596,10484,60194,-124195,154950,-62276,-128522,402212,-628784,783828,-805862,725193,-568966,394932,-236238,122216,-52376,19708,-5930,1705,-322,68,-6,1 # cft deg4 r=0
1487725,-8510590,18983222,-15850736,5795571,-535440,1382914,-231882,-703318,488578,128234,12932,16847,-88940,33434,-17090,12466,-4250,1430,-640,235,-4,30,2,1 # cft deg4 r=0
46183,-363834,805738,-123660,1989723,-2005456,-2957202,2168314,1609035,64846,-824430,-768872,680321,-100088,79330,-58942,12549,-7908,4804,-1328,463,-158,30,-6,1 # cft deg4 r=0
14255716483,-3643301702,3870593984,3952430470,104936208,3123745902,1146429868,1089909026,684483643,303037932,200736256,60320916,40028192,8415044,5546136,886780,542593,67066,38656,3334,1936,110,60,2,1 # cft deg4 r=0
1953801,-212508,-2521434,-6499244,10723612,-3637230,88526,3074552,-4119554,-124050,1752558,278438,-666430,-63886,151512,-53804,2713,12416,-2718,-666,446,-6,-28,2,1 # cft deg4 r=0
584548,-4585272,14810632,-25221048,26484216,-22716112,16058392,-2975960,1637568,-9337312,3362584,4829864,-1464420,-1865908,503204,359136,-56799,-53514,2610,4894,232,-262,-30,6,1 # cft deg4 r=0
3643081,3078842,23439156,49925742,57655045,52064662,38262760,24382018,15664673,9486786,5356968,2840918,1339513,628190,291144,123540,49105,18064,6402,2152,669,188,46,8,1 # cft deg4 r=0
632,3600,3008,-1352,53288,-30848,-260092,-88324,411846,193848,-10954,-157530,21125,32266,11284,-11776,-4339,1648,1270,58,-153,-42,4,4,1 # cft deg4 r=0
2718703792,-692357920,-396197632,744908624,690748972,-545948952,-80136440,206850600,40066140,-68818212,16070264,14811584,-4435379,-2535508,924910,255092,-46897,70580,7788,-10896,-317,588,-18,-12,1 # cft deg4 r=0
49928,-256592,1964952,-3491808,540108,4180368,-2206620,80868,1532788,-505292,767000,882788,110985,164536,83606,-23724,-1097,560,-1388,552,63,-60,18,-4,1 # cft deg4 r=0
2263221,7684452,7490406,3086380,10147488,14573474,7383294,6815900,8042018,3751594,2221330,1988438,701402,317534,214172,40148,24237,7488,2390,634,234,66,8,2,1 # cft deg4 r=0
836408752,1080482624,574639488,561459072,393370108,210200984,161706136,59124608,36773528,14482512,5443100,1072908,-4625,17310,12746,34606,2283,6076,3248,552,17,30,34,-2,1 # cft deg4 r=0
176053,1287090,4367718,9929140,19832988,40892750,80822296,133501328,174376437,179214092,146669374,97162894,53067553,24343332,9539352,3240366,969600,260000,62664,13278,2483,430,64,6,1 # cft deg4 r=0
35937,-250668,579852,-627786,828855,-1060650,1129636,-1165258,970757,-716984,566990,-363636,149891,-62860,51130,-21288,3281,-2466,1560,-170,35,-54,4,0,1 # cft deg4 r=0
555449,-1236616,-2603328,1015140,8757144,-416060,7598764,15599840,42047966,27536156,9677196,3705988,3986702,701924,184148,53340,58477,4984,2120,248,314,12,4,0,1 # cft deg4 r=0
14977,150640,324000,-787432,-1611380,5827860,13242848,-13308304,-33201226,-2141520,26111852,16399012,3272234,359212,514880,252424,57025,8308,2380,1436,470,16,-4,4,1 # cft deg4 r=0
26352,-606528,3669840,-1483632,458244,2662128,-685876,-246840,778641,-63280,-206984,100772,74408,-7320,6208,18372,7070,288,632,636,52,-72,-12,4,1 # cft deg4 r=0
298297,2781692,10991796,22769432,28209150,26116820,22883236,15420040,7972719,2902440,2959784,3522288,3340420,2063992,967400,311024,75159,9820,1636,632,510,180,52,8,1 # cft deg4 r=0
7959641,10974760,36248808,69422408,74231826,58390464,46900296,32012616,17441775,8147936,3120880,750480,-43428,-187888,-121584,-46928,-14601,-3784,-600,40,146,112,40,8,1 # cft deg4 r=0
827306467,-3270700798,4795341434,-3756158126,2390080512,-946919972,366709932,-94372202,-8371159,13707730,-673928,-3507398,2184732,-520134,-196428,70956,6630,-12306,838,636,-32,52,26,6,1 # cft deg4 r=0
5314233712,-2643056352,6327899040,-3333835168,4380215200,-1952681792,1943027408,-804363504,599836148,-216773608,126757336,-40026400,20168216,-6009504,2673948,-798092,292435,-90278,27484,-7098,1852,-354,72,-10,1 # cft deg4 r=0
2069,7484,21536,9188,139042,-38780,473404,381604,326337,-20388,129204,-46520,84766,-13952,48232,-7612,13970,-2552,2820,-240,396,-12,32,0,1 # cft deg4 r=0
11108032,-61023872,153262720,-238038528,260070720,-206553152,122090176,-70149248,49357776,-29369664,12098368,-3740160,1457072,-744688,491248,-234048,106792,-36256,13920,-3272,1072,-160,48,-4,1 # cft deg4 r=0
29704,-465696,998184,4376176,32568444,63191272,88725876,80076292,57665620,29884636,10791996,1709544,-1273135,-1154448,-642950,-222184,-49393,-2920,6296,2756,1263,276,70,8,1 # cft deg4 r=0
81551,140054,159320,277576,220691,-96242,-57498,87470,-77513,-61602,93624,-338,-43927,22714,5112,-12132,4085,3426,-1582,-452,259,24,-22,0,1 # cft deg4 r=0
65256137,-512269244,1366313094,-1447263372,646473449,-109144020,197724442,-254573776,61755018,37573780,24435294,-31388740,330905,2587524,1913670,-822336,-9670,34332,18962,-7036,377,180,14,-8,1 # cft deg4 r=0
81372296,-65373120,-44590496,75507856,-75852272,-40701600,62650736,33389400,-2450484,10489024,22484672,6010768,4657792,5449312,1905352,801032,269286,60032,24152,916,1580,-64,56,-2,1 # cft deg4 r=0
296053564,-247235648,312862956,-191404104,210062526,-197071904,199896518,-124122002,59794873,-42851564,32677988,-19463744,8405124,-3996548,1761568,-536700,196378,-61268,13824,-4424,830,-156,42,-2,1 # cft deg4 r=0
364624,-1584608,3162176,-4494176,5542052,-5744208,5076184,-4163544,3064860,-2015572,1276000,-738792,390367,-203358,96702,-41802,18447,-7064,2484,-916,257,-70,22,-2,1 # cft deg4 r=0
30517,-42580,-96834,113600,234930,-191742,-244658,126940,160622,49334,-27700,-77366,-14064,35722,16156,-528,-2291,-2448,-608,614,234,-58,-26,2,1 # cft deg4 r=0
2197,-1170,-17908,15150,65478,-130644,65566,11562,35097,-72502,12482,33606,-14,-27238,1636,10752,1590,-3310,-798,524,210,-48,-24,2,1 # cft deg4 r=0
1164292,-1462488,4665312,-6229336,7472192,-1455304,-837360,1110808,1879352,81664,816900,360656,240760,-47456,53016,-17824,-3315,-4814,3194,1446,844,186,54,6,1 # cft deg4 r=0
16861,-57538,70980,-207322,876906,-1491136,1046802,-549022,742217,-116634,-38222,49550,43882,-20874,2376,3780,2426,-1550,486,128,-134,28,12,-6,1 # cft deg4 r=0
7813412,-8069208,11979056,-5077208,7766568,-4144592,4062552,-392024,1389736,-1499328,264108,-319320,230812,-70900,2996,-16400,11885,-6006,2362,182,240,-74,-6,-2,1 # cft deg4 r=0
105363392,-577247424,1591944608,-1894356640,1365486296,-24494912,-938844000,382839504,260973710,-120264072,-45093702,16430814,2586233,-1095702,657128,96240,-88547,748,2298,-1154,227,114,4,4,1 # cft deg4 r=0
333775,2085460,5499936,7791914,8049301,8313786,13020904,17297618,16523676,12786020,8399924,5052138,2323465,747258,403332,85226,33212,4644,3612,170,277,50,24,2,1 # cft deg4 r=0
2266596229,1959259062,601937834,390390300,298767519,-95429988,173918646,125767870,118808362,90975566,43076694,21639472,9349827,3445376,1415734,461278,124466,41962,7890,1588,487,32,18,2,1 # cft deg4 r=0
1837561,-913232,781336,-1280556,892376,-928564,742228,-264256,86870,452204,295220,-16780,201614,-71660,-33388,15964,-6027,2504,1280,168,418,4,36,0,1 # cft deg4 r=0
110569,754636,1200002,-2173912,-4842394,2682234,8014690,-1507660,-7504058,53522,4515380,561710,-1841804,-445374,529172,203368,-76435,-42108,4516,4538,106,-254,-26,6,1 # cft deg4 r=0
27241,544808,2692326,-1196080,-2051602,2251298,-1902046,348108,3745950,885362,1128808,498114,-125680,-100446,71536,29044,-7847,1148,1656,-462,-10,102,-2,-2,1 # cft deg4 r=0
36857,197756,337106,-566984,2314042,420830,21590,-1085264,-88286,70570,89932,87978,15312,5890,-14308,-5800,661,88,292,178,30,-30,-14,2,1 # cft deg4 r=0
636116,-493480,-402896,946712,-443768,-752336,986392,161216,-712688,44832,324476,25680,-168756,-36508,71972,4596,-3811,-5666,-246,926,192,-78,-22,2,1 # cft deg4 r=0
3346224,17866464,53022368,85877472,91216800,50317952,23039744,3168528,7893620,6257976,4779152,2132672,1008232,1213952,812968,387172,147843,48306,14352,3194,796,126,32,2,1 # cft deg4 r=0
74563456,158157952,174137536,-37541760,232708528,-148268128,93139328,-35006912,32120064,-13529352,-2722484,-2279712,391279,449174,70618,12910,23319,-11228,-7704,780,793,6,-38,-2,1 # cft deg4 r=0
612361256,-451894144,-107201640,751019568,236656420,3680664,196577628,68043820,7653828,35298336,12737440,-1613752,1778607,885210,149402,-42366,2767,-368,2292,-1328,-79,-90,22,2,1 # cft deg4 r=0
734131,-547630,1479772,-1287826,1901947,-1920542,1857398,-1853912,1370835,-1221306,789522,-535748,345121,-162776,99970,-41470,17993,-8318,2380,-1042,279,-68,24,-2,1 # cft deg4 r=0
9270656,-32230784,67747936,-71913168,67831708,-44179280,24774216,-11572088,1062700,-139428,836892,-667112,181191,69686,-1746,-19306,6111,768,-760,-164,161,-2,-10,-2,1 # cft deg4 r=0
29800731,-96118182,230869656,-384687182,524712432,-570610052,534660316,-422932310,297805191,-182253300,102281568,-50452004,23379337,-9461746,3695306,-1221042,411698,-107754,32522,-6138,1807,-186,64,-2,1 # cft deg4 r=0
40085629,44026538,194652174,134997432,297578619,49456236,65160298,-35787386,-5429898,-5840258,3971214,2616700,1594603,295132,41054,2018,19854,10490,4538,764,163,48,30,6,1 # cft deg4 r=0
1139919,-4254606,10405566,-14296634,12630474,-5494790,613868,747674,-690831,320760,-27810,23570,30605,-15312,2432,1058,1866,1596,164,160,97,56,30,6,1 # cft deg4 r=0
1611761,527802,-1272442,2777460,96327,-3691972,2441270,-634250,-1262766,1913582,-725034,-267520,434563,-207388,10522,28162,-8450,-2246,1938,-336,-93,48,2,-2,1 # cft deg4 r=0
36372961,-63663236,-22300238,117090518,99367580,-17124274,-71237110,-35852992,18293655,9107560,5557054,-3188074,-514903,-350360,242896,30254,-2712,-6562,-828,242,265,-62,12,-6,1 # cft deg4 r=0
922719,-152016,293868,4149386,438485,-6935170,-1154080,-2155442,10577792,-6531612,79652,1218042,139921,-633718,433080,-113998,-2428,4868,676,-570,193,-2,0,2,1 # cft deg4 r=0
12054148,12314024,17476768,25020248,24468920,21722016,18329200,11749168,8930184,4816232,3181044,1492984,864108,368244,184496,71180,31677,11110,4362,1362,468,122,34,6,1 # cft deg4 r=0
4626548,8902888,22959888,36397048,66814840,38666064,-5738704,36586856,-23767912,-45932752,34491236,-681016,-4584308,1588596,-391936,-82120,131545,-26958,-5722,2498,-292,-26,42,-6,1 # cft deg4 r=0
847,-2464,-1670,5110,2826,-4242,37954,-44554,57627,-53100,37218,-28162,16183,-13270,7632,-4988,3086,-1394,872,-204,185,-8,22,0,1 # cft deg4 r=0
15186875,-61487500,132487650,-205730350,246899174,-240031754,195359262,-135195798,81999919,-44742752,23177982,-11905302,5797855,-2533250,980660,-349768,121958,-42106,14356,-4684,1445,-384,82,-12,1 # cft deg4 r=0
561337,5472236,25687994,72890452,135549656,169714814,139539322,64245280,-278690,-22061918,-13747370,-1684022,2573582,1621302,190960,-221668,-112987,-5720,11874,3458,-242,-258,-24,6,1 # cft deg4 r=0
89155759,-271701332,621499624,-892601702,1020519960,-945746296,758110190,-520544778,319396025,-173399344,85580832,-38533084,15909983,-6032668,2157206,-674232,221754,-52984,17586,-2706,1087,-66,48,0,1 # cft deg4 r=0
304836533,1488794052,7330175398,6180452528,716216354,-164099594,299194494,-441177784,-487043266,156099886,246291580,-7062302,-63262240,-7658006,8789352,2019260,-641899,-233980,18300,14578,546,-466,-50,6,1 # cft deg4 r=0
53189989,268292742,635528854,909227174,845595184,508294754,180497870,32576010,15735747,23537652,17191644,6816628,1804880,671756,377484,140028,25343,3038,1974,670,-96,-102,-18,2,1 # cft deg4 r=0
320399,1204654,1353892,190876,729927,1809482,-564094,-1484422,1368967,542326,-345556,815614,488029,-201670,-17176,100996,7005,-15138,874,2056,-149,-212,-10,8,1 # cft deg4 r=0
746407,-1448522,5248606,-305796,-13482773,-23480,16773310,2781762,-5214197,-486746,-516022,177496,1927249,-167932,-794006,86594,155785,-19992,-18756,1992,1403,-82,-54,2,1 # cft deg4 r=0
5929,6160,70074,-126964,40100,-443834,1003946,-195088,238066,-540138,204774,-38522,73474,-52406,20176,-10596,8877,-3704,938,-698,322,-42,8,-6,1 # cft deg4 r=0
46899,260172,537282,388842,-259295,-653312,-455790,-210176,-89365,194012,444822,343356,83123,-43680,-37862,-7784,5213,5566,2248,36,-311,-92,10,8,1 # cft deg4 r=0
13088,-69728,234608,-1277456,3817556,-5373248,5711856,-3455832,3141804,-2556224,1513452,-523952,212045,-242048,194922,-97608,33983,-7800,1544,-488,155,-56,26,-8,1 # cft deg4 r=0
3329772019,-10919541024,21913811948,-31174351320,31834469660,-24715661432,15391330462,-7740402878,3114475889,-934793772,145978856,36809356,-38876063,16541774,-3918994,372226,232638,-104328,34566,-5294,1161,-102,40,-2,1 # cft deg4 r=0
12470861,42781076,57206188,46819786,74303554,143194116,159022794,94869536,27004877,1163560,-628028,469752,364353,124710,44698,22170,7360,108,702,392,135,20,-6,2,1 # cft deg4 r=0
1729208,-3415152,-655720,8056256,-18411276,18854160,9461388,-39770356,63587236,-71868980,49188236,-27856364,11947995,-1219570,2726782,-1255090,748455,488420,274400,65292,14333,1786,234,14,1 # cft deg4 r=0
40067091,171075636,308398866,276420780,576861829,2233318696,5386427022,7970982854,7951446419,5759759296,3184423752,1397755162,531458907,203222930,80309248,30291438,10128773,2765854,641058,115670,18181,2080,224,14,1 # cft deg4 r=0
870981751,862083144,3001648678,4217565168,7896999781,12387434116,15347095850,16159517974,13824825271,10101172024,6339674680,3420162474,1625329363,671835918,244314876,78046022,21618649,5174418,1071054,175470,26221,2652,280,14,1 # cft deg4 r=0
18854776,5023808,147145752,587931256,782327836,147915776,-272871656,270282056,598833058,249606224,-27720534,-5244074,40912023,19469900,-1595504,-3076318,-692091,-46920,6426,9922,3277,364,92,6,1 # cft deg4 r=0
2164352,2256640,33879040,-38467520,-26749760,32828704,-9450816,-2811080,14354490,5533380,3606954,3929930,2220257,921754,673672,170196,95641,13488,9506,-214,1115,18,28,0,1 # cft deg4 r=0
18347200,50709760,1723776,-57124544,61935168,8836160,-53339488,54456384,-6806480,-25216896,32090912,-19986912,8648920,-2199152,397688,9080,10464,-3608,3500,-240,134,32,14,2,1 # cft deg4 r=0
310690739,489780532,1323512992,1284010784,702799284,1245861064,1347555118,848603258,630933805,336626940,79914904,61151244,54011685,10445782,-4078994,-665598,599298,104004,-36338,-6006,1601,178,-52,-2,1 # cft deg4 r=0
1167304,-4403744,6111264,-2153672,-4308872,5654592,2950412,-15598564,17323034,-9432780,5439166,-4063386,1470335,-498776,406628,-41322,48137,-9392,3390,-690,421,20,36,2,1 # cft deg4 r=0
391112,1766624,2767408,3359224,3896216,-2013288,-3037076,261004,3135234,-1382232,-156418,337962,-94421,-61308,88520,-50462,24305,-9172,3350,-926,297,-48,24,-2,1 # cft deg4 r=0
1366577217,402117390,1819037970,-60860888,1465866415,-224274048,701099306,-56869390,170975734,2849094,21984606,608788,3221291,-504492,532282,-80622,31206,8210,2282,2064,399,132,70,14,1 # cft deg4 r=0
30785403,-210268500,402873752,11825000,-514965952,339741768,411541374,-592242634,289977329,23581388,-60821024,11674472,11645189,-3758642,-1113230,800538,79370,-90732,2566,7826,-307,-342,24,14,1 # cft deg4 r=0
1675199,276532,19805760,-15576326,18466669,-14032326,11029852,8657090,-5369540,-3347364,825060,759346,30369,-132830,-35960,27002,12,-5972,1692,1130,-259,-142,12,10,1 # cft deg4 r=0
5982254539,-10034547148,17121832516,-14735764242,13327433777,-7069087366,4227053456,-1269221598,582144676,-31418856,37585380,16784078,3955165,2302702,900896,237766,88128,32832,6852,1930,677,114,16,6,1 # cft deg4 r=0
29513,109972,99610,-1920612,5886824,-4217454,-2936594,-1456368,8340278,-3560298,-326958,775622,-345490,162562,-37596,596,11317,-7840,3586,-1098,398,-110,28,-6,1 # cft deg4 r=0
47171628772,-128687076912,102097728040,17101020480,-54894501700,8746015552,12885007532,-2865625204,-1748353099,227912992,156549788,12898504,-6333456,-3236160,-340380,184592,72958,-2608,-4852,-1064,-132,64,32,4,1 # cft deg4 r=0
1692709,14275700,50998646,111733032,214081895,306506112,420324056,461905272,456996833,299104900,153479834,40832844,13599723,3107364,1108758,225472,33313,-18076,-10464,-3388,-669,-4,26,8,1 # cft deg4 r=0
6991465159,-565080830,4779339484,-2301819550,1888977651,-977707230,908690594,-255199036,307741895,-54364978,70039122,-7401460,10291437,-60204,1218466,160494,118989,19398,9784,1590,515,104,28,2,1 # cft deg4 r=0
4725,7020,3726,-141516,85752,501714,332734,-1211320,-393286,1295958,-370926,-293018,352438,-118558,26800,-4604,3637,-3248,2970,-1410,518,-166,40,-6,1 # cft deg4 r=0
231617,1053310,100194,-3267380,-863261,4153024,10624122,-3737622,-6874246,4111274,4848394,-1082584,-1672353,170632,444590,-31250,-101186,-5266,13022,1472,-441,156,30,-6,1 # cft deg4 r=0
527449,-807482,-544518,1769768,-224705,-1552824,379690,816862,35798,-352026,-213562,113276,127683,-7060,-34366,-9698,2886,2682,698,-64,-97,-44,-2,2,1 # cft deg4 r=0
227977,-262738,145416,-890,137306,147956,195674,331626,260257,177446,124906,57102,24446,15426,7600,5364,3874,1230,102,64,26,-24,-8,2,1 # cft deg4 r=0
229383327,794562066,2091412948,3873573750,5157032547,5165783442,4282479568,2372508904,2735830688,-735265918,1929341068,-879390926,717026519,-269573610,135094896,-39001552,13635396,-2900714,742980,-110722,20359,-1946,248,-12,1 # cft deg4 r=0
3599773,-2043694,15868782,-4515824,15615519,3451824,5370046,-3573210,-550802,276246,-599570,-404100,196563,98872,-31358,-7246,10930,82,-2278,-68,291,20,-22,-2,1 # cft deg4 r=0
149599,98602,235880,72130,247260,-18656,464704,-41582,356435,-189236,76808,-185104,42953,-48318,35454,-8274,8642,-2694,870,-558,103,-46,12,-2,1 # cft deg4 r=0
1095769,595754,1545136,230882,511262,-1346884,224410,-54158,781093,-342290,62870,-54190,38402,1978,-18888,13420,-3770,-1374,2066,-780,18,80,-16,-2,1 # cft deg4 r=0
256712,-307744,783488,369264,-88272,800608,1293248,681352,665004,738016,431280,279696,272960,160032,59800,27816,14054,4056,936,396,84,-16,-4,2,1 # cft deg4 r=0
205331498,-322909512,550040428,-630561772,1103422324,-1604293664,2159588804,-2246838294,1811605069,-1181421188,583666504,-207508204,80008628,-41198412,15932184,-3655072,768204,-197068,35380,-5808,1488,52,60,6,1 # cft deg4 r=0
250340661,-741967848,2791406024,-5796845964,10751033622,-13096151336,12782471760,-8432656820,3892224999,-878210848,-145767360,132008392,-2355388,-24172640,9385968,113720,-1049309,229320,28920,-16828,934,456,-64,-4,1 # cft deg4 r=0
1520672117,-6866924864,11986489432,-8338163888,-2155585884,6878417376,-1348579164,-5266120568,5562320134,-2109567828,-187860896,465858360,-130615690,-22902880,20047300,-1969024,-1283387,324652,35604,-19600,322,604,-48,-8,1 # cft deg4 r=0
21117506033,-92502152704,171257279596,-174108852892,109924281298,-48776952224,15714361684,7100460,-4238199937,2023820080,-48612280,-157920760,12494844,-3399568,6355416,78552,-891697,102800,37580,-9580,178,368,-44,-4,1 # cft deg4 r=0
1133137665616,-4266404057344,7232639662656,-6361279985728,2445200012480,451913437280,-756965999328,167253102016,69325231752,-30192950352,-2062827712,2175898352,74905704,-12025448,20710024,4560992,272253,84308,56004,8704,1198,396,20,0,1 # cft deg4 r=0
524468992,526773248,1545287168,672519360,1230093680,32434480,368913192,-180132424,38147474,-61128448,439930,-2637666,3836175,855224,2094088,-52830,425849,-33928,41418,-3366,2237,-144,68,-2,1 # cft deg4 r=0
146069,-651488,1484582,-2378244,3438684,-3952886,3167838,-1987136,1172630,-605686,236598,-88370,51542,-23642,5400,-4700,4125,-1384,490,-378,154,-30,12,-6,1 # cft deg4 r=0
38000243,53594098,62450950,6208160,46413490,43780118,31022348,21998078,13859445,11171072,8239574,5086958,2542987,1427942,743024,325352,146518,53888,18920,6460,2035,488,98,12,1 # cft deg4 r=0
241881,-265740,341030,-544534,616256,-931130,1286386,-1364264,1757943,-1673568,901058,-446042,332349,-91940,19124,-33990,17220,-2030,-252,-350,253,-22,-4,-2,1 # cft deg4 r=0
36163,185368,282572,-1201200,374825,1150846,-1514914,393438,920063,-779068,23174,257812,-101473,-52712,36162,12476,-7947,-2620,968,474,-23,-62,-8,4,1 # cft deg4 r=0
461,116,1318,-9160,22454,-35786,54498,-66904,67414,-59862,54936,-41986,32236,-22202,14528,-8772,5125,-2620,1320,-574,238,-86,26,-6,1 # cft deg4 r=0
504475,3568080,11053764,16625554,18663832,14450084,10668646,7611486,7491889,5891436,5263728,3505552,2018367,960916,452766,231156,122182,61624,26618,9418,2763,610,108,12,1 # cft deg4 r=0
19238283,221792958,605772756,-1273312606,1096917691,-171760574,358560888,-1558181504,2669843844,-2633567882,1792488420,-867880570,307709311,-75375242,11931496,-462616,-123120,23666,18708,-2998,951,126,8,4,1 # cft deg4 r=0
455625,344250,2016450,3476530,8276792,5996186,15391288,-1348096,14338837,2911956,7323638,4974810,5008627,3465374,2227060,1053632,456224,153568,44736,10422,2469,330,76,4,1 # cft deg4 r=0
4518502500,-6854175000,16183577500,-10906172000,14309932750,-8090853000,6881808750,-2765712250,1647937125,-394620740,140939300,34440220,-15424944,9527620,761200,-593312,421430,-36964,5040,4548,-142,36,50,-6,1 # cft deg4 r=0
1331504364,-3388204128,4612388444,-4413462152,3061187790,-1630994272,674470422,-207090970,53642261,-11662692,5026652,-2505924,995920,-200220,61464,-35712,22334,-10524,2008,12,-334,124,2,-6,1 # cft deg4 r=0
11744,55072,313456,1182064,4807756,13426432,29812212,42065540,39173077,14240116,-4722208,-5241420,1578004,1590588,-222744,-239948,27530,22748,-624,-2516,288,84,4,-8,1 # cft deg4 r=0
6553444,19193984,86083212,-219754560,125594386,-71735724,97169322,-43924450,15686569,-17576692,6061180,-1942304,1739244,-429028,160864,-96684,19554,-6572,3720,-496,162,-80,6,-2,1 # cft deg4 r=0
648803,175370,3066796,2055096,5720620,2936240,5224248,2002102,2941251,760144,1125156,163492,343951,17192,99626,-4604,26718,-2966,5410,-722,681,-86,44,-4,1 # cft deg4 r=0
10961,135576,240710,-1429080,2765049,-3530772,2548386,-782172,-127442,235900,227786,-458712,347325,-155736,32618,-760,470,-1468,1542,-1076,689,-220,54,-8,1 # cft deg4 r=0
77343040841,32983248736,639814122,6611230728,952496130,1762492146,330732262,-473362440,169935126,-49114486,44117796,-7401918,1675948,2378882,58708,157104,-13951,19520,7216,-2614,454,142,-26,2,1 # cft deg4 r=0
123877,1164774,1859344,-3755202,16648718,-10408588,3987206,4850142,-5008387,357526,834934,-391066,197458,-26958,-96724,40956,21274,-8290,-4078,868,534,-64,-32,2,1 # cft deg4 r=0
491213,1208788,930926,-179808,450938,1255426,1552406,-4829728,5188522,-3390626,1068892,-251294,43280,33802,14752,2492,-5447,412,-12,-90,74,-26,2,-2,1 # cft deg4 r=0
108578,-438040,410784,881404,-2055412,298016,2685520,-1890790,-1536215,1936292,329476,-1054368,167736,263060,-92372,-24316,10320,1900,2588,-2572,540,4,4,-6,1 # cft deg4 r=0
5573213,-16355844,25698562,-26046360,17496734,-5327378,-3464946,6440824,-3385710,950914,318452,373410,105976,66666,66936,-30748,19917,-9520,2680,-1038,234,-70,18,-2,1 # cft deg4 r=0
36211941,-115848630,227621664,-306928422,333292374,-306556920,253592134,-188862638,128623673,-79455718,45066482,-23175946,11016978,-4759094,1914144,-698128,239066,-73254,21414,-5400,1334,-260,52,-6,1 # cft deg4 r=0
31137346,158325280,99051144,-516665440,1756079184,-1356190244,991801812,-600538142,365618045,-125550984,49787776,-7078632,157508,2142176,-755168,477004,-45660,36152,4592,-488,804,-156,52,-6,1 # cft deg4 r=0
395541684,-1185042312,1649888352,-1053279648,39689820,468294732,-331631104,72772596,36954301,-36754780,16318748,-3632948,73764,522180,-269228,86916,4318,-13324,8500,-3068,1040,-256,60,-8,1 # cft deg4 r=0
17933,16772,-96224,79092,279036,-754348,1391524,-1888296,2166542,-2122944,1826492,-1397960,970158,-618568,367260,-202268,102921,-47192,19256,-6756,2014,-484,92,-12,1 # cft deg4 r=0
71417,157728,214228,-1003440,3516324,-5364696,7224084,-7304920,7353054,-6540436,5784256,-4624776,3456458,-2262464,1333496,-677280,306157,-117436,39856,-11080,2718,-500,84,-8,1 # cft deg4 r=0
6635225,-57201880,190910958,-358075100,507884009,-570692432,512456050,-360391912,204244206,-99605076,45638490,-19311036,6748877,-1946756,532178,-154116,44862,-15596,6182,-1784,281,-8,6,-4,1 # cft deg4 r=0
422018,-3662972,13877456,-30074064,43855240,-49190924,46528064,-38370722,28170505,-18855028,11439116,-6303304,3247208,-1537852,645940,-250484,94112,-30952,7732,-1736,528,-128,12,-2,1 # cft deg4 r=0
10343008,-25713856,43916416,-69546848,88803904,-94671376,97063808,-89655088,73928300,-57790224,42197072,-27247232,16216188,-9413852,5011976,-2333484,916897,-300168,85108,-19868,4246,-636,108,-8,1 # cft deg4 r=0
11538521,71721316,197695772,360011612,531784516,501196956,225965260,70085800,68751842,29975916,1587072,8067984,4125906,-663296,158112,183508,-56563,10836,9648,-2692,-98,224,-20,-4,1 # cft deg4 r=0
2429689,14024428,37995836,63447892,70878510,52376756,20715732,-4024708,-12002883,-8065888,-2112448,772024,943798,340292,5404,-39748,-13054,208,1296,496,88,-32,-16,0,1 # cft deg4 r=0
74921,640636,1390208,266768,692470,-208116,968512,-188904,-173395,138100,312036,-363228,231398,-34856,-48524,48588,-19334,1888,2824,-2120,944,-308,76,-12,1 # cft deg4 r=0
20027189331,-5819160258,8117143752,-2061576428,3188056215,-5915877622,8782557610,-7543801970,3898087423,-1096824814,-17624068,131243082,-19952595,-22677726,12998408,-1980964,-668323,368806,-48666,-14184,8131,-1932,278,-24,1 # cft deg4 r=0
1461512,-9326096,16576872,-8718632,10727340,1590576,-1466696,4235768,42438,7244,477294,-32722,112307,-33992,24308,-8614,7905,-3876,1334,-534,177,-64,8,-2,1 # cft deg4 r=0
65571781,688272,194654808,431668240,1074052899,1361012658,1222770908,750373300,197779365,-32402728,-13790300,10528806,3872435,-250318,-14960,93718,7889,474,3326,512,-41,38,10,-2,1 # cft deg4 r=0
581519,1452360,3108044,1847446,1342929,-1095350,1904060,-858390,485952,-911004,586196,-359650,321441,-186938,101652,-50738,23432,-9276,3332,-974,297,-78,12,-2,1 # cft deg4 r=0
1036911,-6283768,13745760,-13843974,11369965,-9449506,13908444,-14950902,14839048,-11671564,9074584,-5342494,3009321,-1526414,685172,-265322,102004,-31564,9720,-2258,625,-98,28,-2,1 # cft deg4 r=0
94225141,41686470,196051002,114300656,95093699,119399264,25822634,22060254,10089822,-7877462,-181838,-1079404,-813993,342408,-63282,37754,27178,-12298,4822,-2324,415,-124,30,-2,1 # cft deg4 r=0
29704,157440,626392,1642624,3501460,5972736,8431420,10181804,10433620,9277316,7421696,5099716,3230691,1589730,628002,174698,35335,5516,2316,-580,501,-26,38,2,1 # cft deg4 r=0
11671709946496,-32608527989888,36873623072320,-19559291874368,2738204237200,1930533427136,-666067641408,-183375510736,100539653976,12925127312,-8594244668,-3755321240,2775418827,-646156590,99299174,-25233666,4658647,272212,-159384,-11964,6293,-14,-90,-2,1 # cft deg4 r=0
34699,-643440,5123412,-22495654,58301033,-88266810,68402118,-534696,-49934333,39750928,-1912436,-15016914,8665371,-914594,-389656,-297330,288305,-52632,-9522,1632,977,-106,-42,2,1 # cft deg4 r=0
1541449,-10651732,27289444,-35213516,22574175,-4121910,26080756,-12271428,32397469,-169276172,251575220,-127368722,-26151125,36297014,-461084,-5066802,839033,325026,-21458,-9632,2203,270,-30,-2,1 # cft deg4 r=0
1304189393,532794808,921267672,363269712,275978508,57083052,65675072,-6854812,-6461282,-5047700,2721308,-838708,80326,86188,247520,9684,15037,-40,1732,-176,158,-100,12,-4,1 # cft deg4 r=0
623872,-840704,14961664,-10335232,24921984,-42127360,56111744,-78809088,68817520,-15325824,-3184032,-15171264,19472808,-6877936,-581192,1222208,-287455,-41848,32476,-3856,-1110,352,-12,-8,1 # cft deg4 r=0
55937713,66662232,220185940,-64520080,288624152,-25528264,186713488,57537200,83627530,11640992,-332844,-8674880,-2756538,-157528,404908,9040,16497,7592,-472,-1032,-110,24,-8,0,1 # cft deg4 r=0
3087,2898,1566,1942,-760,5488,10388,-550,2377,-2906,-5360,4006,-2528,-3074,3340,-832,498,634,-346,152,64,-52,26,-6,1 # cft deg4 r=0
1292836311,-386988030,-443760876,-198069742,686117107,-182279786,-223611920,22463124,171718824,-84390310,-15176220,12093454,8185855,-6328942,156160,1027092,-312492,-27170,33076,-4910,-993,378,-16,-8,1 # cft deg4 r=0
38503,-243492,803002,-1768654,2864974,-3474850,2769958,-381934,-2365281,2996524,-1015546,-1102314,1314431,-339470,-263136,208776,-23290,-28430,11212,432,-1063,156,34,-12,1 # cft deg4 r=0
1547053,-11392344,47226394,-95330488,88602716,-9653678,-54356174,43210256,2172551,-22390320,11679674,1943386,-4306341,1332994,320864,-312500,62056,10254,-8160,2046,-89,-114,40,-8,1 # cft deg4 r=0
119087,-196496,1088012,2068704,5071593,6117410,8417242,8913346,9454623,7621664,5544430,3082884,1515143,565108,182698,33340,-819,-4180,-1116,278,409,206,64,12,1 # cft deg4 r=0
219300237,-915324192,2270116152,-3963125682,5645586762,-6775565940,6812565418,-5668194548,3860000445,-2109733544,893618984,-271075928,44560841,5601670,-6385910,2142942,-391156,20376,10358,-3932,879,-120,26,-2,1 # cft deg4 r=0
201913717,-128737954,-333942470,-1088951052,-290987713,1310933408,2420038186,2675546690,1301174438,669610418,440672818,85563320,93683303,956488,13965742,-1299242,1494222,-205482,106070,-13856,4503,-452,102,-6,1 # cft deg4 r=0
343038125,-165742250,784027150,-392190400,896721284,-473522726,658460400,-334139452,322201009,-146636424,107319398,-42606990,25095461,-8611968,4221136,-1239238,511436,-125348,43332,-8450,2399,-338,76,-6,1 # cft deg4 r=0
2414464,-7678080,17744448,-27181824,33864912,-33421984,25365744,-13021616,6123220,-4370608,3058504,-1293664,603240,-382844,93536,-61824,28323,-4730,5472,-438,580,-34,36,-2,1 # cft deg4 r=0
41046847,-156780382,176277944,16024930,-102139941,-71551186,143560940,1507828,-73470960,3168746,34317464,-5070978,-10710689,2607674,2053300,-701004,-216508,104398,9488,-8542,159,370,-28,-8,1 # cft deg4 r=0
1793664616,-5157577152,6543296216,-5871575496,5486799092,-3894451992,834353192,913255920,-668059194,55027200,99726050,-41862258,6288593,-832090,-3708,353176,-157919,-13620,32018,-10626,1067,158,-32,-4,1 # cft deg4 r=0
333588855708,-822679003080,423675399528,470703754280,-497246007628,54276866756,72577909044,-27179805804,10103698289,-6856559752,4007272864,-523501044,-276083448,-70606648,31839728,2482292,949842,58592,107032,9788,1508,-28,60,8,1 # cft deg4 r=0
40829807,98863568,121741532,96731290,52499509,23973426,14163258,11517880,7903191,1189200,-1232980,-2341698,-697309,-55138,316024,184730,56697,5640,-6574,-1516,-71,110,22,-10,1 # cft deg4 r=0
23,-262,950,-1246,4860,-29940,86968,-147382,178697,-177046,148060,-102686,57008,-20994,1892,1452,262,-678,326,-136,48,-12,10,-2,1 # cft deg4 r=0
3700,-18440,4472,-21624,293160,56640,699144,339384,-813896,-322136,507904,573856,272612,-175532,-245380,24,69041,8262,-9382,-1510,704,138,-30,-6,1 # cft deg4 r=0
288395033,-153431460,-577706928,2939098216,10354742492,15609819332,14339894088,8708131164,3482372278,918331472,265843280,132699076,38234782,6894944,4742664,1284156,142521,106456,21056,-176,2246,-196,80,-4,1 # cft deg4 r=0
2504884,-20968144,70349944,-122816096,194764828,-96983040,59105220,-39677980,43833237,-29467472,16810968,-7048844,4403420,-1004608,1024224,-53908,221094,14256,32416,1756,2264,48,76,0,1 # cft deg4 r=0
34733,52504,148644,320900,509082,747124,1065376,1175804,1184829,884820,626508,366992,277754,214896,126460,85756,38138,18100,7844,1608,868,48,48,0,1 # cft deg4 r=0
764261,2512396,1887418,168904,3497006,4730050,-394006,-4279420,4907298,302186,-4958596,399098,1776012,-279194,-258764,118924,10241,-17136,5800,546,-514,18,38,-10,1 # cft deg4 r=0
14450,70040,63596,-118228,35132,295728,-266036,-60150,552801,-773964,335780,41928,-72356,34492,-7064,-11020,8768,-1316,-712,332,-56,-4,12,-6,1 # cft deg4 r=0
1057471025,-3284558940,6137844414,-7865932516,6808491937,-4000334832,1372252874,-266310668,235795662,-175722968,31597546,223924,8005813,-2567620,-274390,-165264,108326,16880,3766,-1800,-151,40,46,8,1 # cft deg4 r=0
198667475,-528066370,220099758,-64503286,583275292,64290496,-294443188,-110195298,114063037,72798722,-11521816,-16129518,-3473092,2545550,1835044,244124,-74110,-41770,-10662,1844,1272,-12,-50,-2,1 # cft deg4 r=0
1653723,-5951376,4779564,4290604,684473,-12384854,-66138,4317542,6837599,-972396,102690,257128,2141679,1549620,1193766,578556,300421,112508,42148,11790,3269,662,120,12,1 # cft deg4 r=0
33134307361,2615640964,11180429796,14868042312,2131629142,3326396236,3138673588,506883976,316301919,312598008,54706760,9441872,14181140,2655016,-335480,203888,66111,-23420,-4844,872,-106,-116,4,8,1 # cft deg4 r=0
8117865821,-11841347336,364970372,7734818416,-3869802534,-431035904,1000061076,-606013048,183550135,60043760,-54635064,11847328,-925604,-1611488,1205032,-91344,-133205,26584,8436,-1104,-438,-96,4,8,1 # cft deg4 r=0
83909632,260450304,2537786880,2851432960,4226168768,-6083485952,-381351552,3264301504,-179718576,-795420480,110042592,141599104,-27115712,-15606496,5542096,1150208,-628424,-12208,47224,-4928,-1836,424,12,-12,1 # cft deg4 r=0
103025,762580,17207684,44669100,90747546,48175668,8051076,-15535412,17635695,5391000,224056,-2692168,1238908,-75944,176664,-51592,59679,-9388,8196,-1316,682,-76,36,-4,1 # cft deg4 r=0
16462217,-58439332,154087040,-265595980,396259910,-544776384,760984864,-1019808580,1193928817,-1091066196,719149480,-312936100,74086766,4751004,-9479864,3382968,-270530,-124860,52352,-4312,-968,368,-16,-4,1 # cft deg4 r=0
1011857939,-4497650222,8826090420,-8584152086,2529301015,3015413338,-3090842616,589398412,670369300,-305723534,-12296308,33709382,-10549597,2621598,2548392,-336452,-101904,18998,-11964,-1766,1203,62,-48,0,1 # cft deg4 r=0
700893,-1870614,-1515366,4840326,5993932,-9267418,-8428024,4797000,9571493,-1520468,-1305878,-2256634,-393037,352714,200192,76516,46928,22976,9916,3906,1133,294,60,8,1 # cft deg4 r=0
38070713,-249958724,899129674,-2060492132,3370366240,-4130983630,3998262374,-3148528696,2072765959,-1114273896,457671422,-138046830,29812259,-1683642,-1929480,773628,-168092,7050,10692,-1018,779,186,16,8,1 # cft deg4 r=0
366314957,-1006369908,998197274,-84249568,-633207310,357809974,379696766,-764947468,683898902,-445332126,249917256,-125148938,53594680,-19485090,6491932,-2080640,574949,-125752,27764,-7142,1246,-110,30,-10,1 # cft deg4 r=0
82392569,152088356,-268109968,-352370396,546514416,181424320,-533048508,136277740,180283654,-142616204,44970752,-10687300,-2490894,8823020,-5858772,1268560,341521,-279960,76428,-12148,1962,-520,120,-16,1 # cft deg4 r=0
1678954993,-5658933910,8716793562,-8865141566,7305682696,-5010886518,2818933374,-1362439062,577102923,-198760324,58942468,-16783876,3787520,-1286260,799708,-290180,149883,-57598,13850,-4790,920,-110,46,2,1 # cft deg4 r=0
8990144,12977024,-15619840,-19499520,29736544,19407552,-44594976,-17752256,53819356,34904152,-23349304,-26213264,341792,8319136,2473320,-877308,-577045,-22298,48632,9730,-1260,-558,-20,10,1 # cft deg4 r=0
111469243093,-249175890540,133203646696,81458217518,-143708600518,97190654356,-26234621062,-33292202304,57191598453,-41231841844,16129835940,-3160979944,176692997,-9853558,29568410,-9923002,1071340,-49644,33750,-9672,2147,-380,10,-2,1 # cft deg4 r=0
3494470923,-3618015498,1814798796,-728915602,2090699008,-1187198854,567331960,-554756078,270632059,-91623836,63442760,-34046412,10428976,-3521252,1365088,-85364,-108871,19974,1004,-642,528,-54,-24,2,1 # cft deg4 r=0
343243,-3385438,16403730,-50812168,109866291,-170158320,186481958,-135317590,49284971,12712194,-25819098,11562916,817625,-2984668,986718,176442,-195807,28496,13944,-5148,-113,298,-30,-6,1 # cft deg4 r=0
7661,83068,269846,-146912,33650,67274,109962,67264,-2954,-9434,38532,19542,13772,5842,4328,2652,1465,176,164,98,70,-10,-6,2,1 # cft deg4 r=0
45722455475,-65251542680,24119141424,5329022868,-3484628496,-4579463160,7862430034,-6293306178,3322859805,-1403737004,556888052,-213219112,77319849,-26100550,7993590,-2244370,597570,-157540,40066,-8542,1653,-330,48,-6,1 # cft deg4 r=0
1173836797,2387683116,5773967328,4969841980,3773887818,2864263352,1493803990,840925916,448274857,166691912,79132084,29739464,7916795,3970124,878714,169564,123084,1252,6094,2636,-263,188,34,-4,1 # cft deg4 r=0
1056563797,-893201074,1855642628,-1327712864,896404849,-582840614,377613700,-170635488,100098349,-39436846,13156674,-5163188,2018241,-166744,146130,-65526,18777,-9972,3136,58,25,-4,28,-6,1 # cft deg4 r=0
43312,-592352,2829856,-6708096,15285468,-24587936,17135288,6013080,-13762008,2760756,3105836,-743108,-256861,-374538,253258,31306,-25597,-5760,-560,1440,181,-106,-14,2,1 # cft deg4 r=0
79003,-287490,651242,-1050008,1337455,-1235892,764786,-379046,517263,-911654,1071554,-903668,619721,-369288,193966,-91446,39725,-15600,5464,-1756,491,-106,22,-6,1 # cft deg4 r=0
249401,1501350,3467408,2099082,1860550,2869436,-3710626,-8791618,1072649,6297794,320346,-1619974,-57118,125798,-17952,-21868,-7322,10086,3030,-1040,114,92,-16,-2,1 # cft deg4 r=0
1128177801,5250860316,10458250506,10522664088,3862674142,-2448962354,-2894081118,-379071844,670966510,234882890,-93895176,-49491738,10831972,7079598,-1132064,-759512,107321,59696,-9700,-3446,698,130,-34,-2,1 # cft deg4 r=0
12019,53136,2217664,5726624,11265629,10515594,11271482,6477154,7817723,2140400,3611614,400512,1241543,-7120,349546,-38196,79053,-11832,12448,-1734,1169,-130,56,-4,1 # cft deg4 r=0
98388031,11322918,-35898494,-85581890,-667532,20950796,29345296,250810,-6320719,-5078806,454432,999958,421388,-99534,-102960,-28564,2710,4770,1802,860,352,104,18,2,1 # cft deg4 r=0
336617923,-567605112,553077180,-567543880,961287193,378527898,-1499710846,520690786,404326251,-312904036,32100506,38116120,-13861617,-1454784,1959434,-247892,-133547,39684,4980,-3278,161,134,-16,-4,1 # cft deg4 r=0
3631609,8066170,5173200,11214306,15349421,10417382,16181888,10199978,11860801,7555786,6342804,4044314,2660373,1537646,816388,399756,172505,68132,23366,7124,1865,392,74,8,1 # cft deg4 r=0
9197,43852,751534,2682920,1779617,-4454644,-3600938,2913264,2257554,-502960,-647878,-518400,172869,297048,-39474,-64452,5506,5064,-466,340,113,-76,-14,4,1 # cft deg4 r=0
21061637,-74626618,224420622,-448935768,548788179,-454809112,312427670,-165431614,63864530,-18244050,1308458,2358620,-1524769,666020,-256458,63178,-9510,770,1350,-760,203,-76,18,-2,1 # cft deg4 r=0
8900693,5942500,20169686,15829152,15419905,14269932,1814670,2845600,-2387942,-2161416,-782814,-831080,171181,-78752,112638,10444,28418,5672,5102,1068,569,92,34,4,1 # cft deg4 r=0
154691,609794,-30772,-1280530,671203,294090,637428,-719132,-270384,-18762,97480,100762,4783,16714,-664,-2248,2352,-14,-120,-54,-61,14,12,4,1 # cft deg4 r=0
41873,-286326,862602,-1618438,2359504,-2916182,3098004,-2818996,2222297,-1509304,872922,-400174,130479,-14490,-14664,12464,-4020,-416,1020,-206,-107,66,-4,-4,1 # cft deg4 r=0
743300075,-866342670,1159988694,-988000124,826147863,-510166600,337497910,-167268030,88181275,-39664754,17850114,-7643352,3521737,-1435992,704858,-263638,119349,-39276,14884,-4032,1207,-238,54,-6,1 # cft deg4 r=0
24920057,-224928432,860194728,-1714301468,1817117134,-854157640,-213677108,613115860,-353879690,84991040,79000986,-71216516,57908272,-19394336,11472948,-1844792,1306977,-46612,97722,5396,4590,440,122,8,1 # cft deg4 r=0
81913481,276226288,210076620,-153243964,-96425800,106715148,-22723804,17250612,35935598,-68876872,56657384,-31348688,15428906,-6428476,2308984,-718672,220341,-57124,15280,-3344,978,-144,44,-4,1 # cft deg4 r=0
80367143,144344076,311631814,756990636,969252010,1164040092,1770555034,1902299240,1513112519,1535224792,1599577900,1045174344,337082364,14239096,-20471020,-2401152,1494561,323596,-48986,-15300,1586,476,-38,-8,1 # cft deg4 r=0
1690072,2695792,46424144,88058032,383936968,745176512,1021122424,1204980912,1252413492,1095593824,788033120,459302848,215006296,80971648,25063488,6693824,1653014,384236,78940,14060,2462,392,46,4,1 # cft deg4 r=0
15414248,-61782160,54682776,11542384,2730204,1217728,21848420,-16639708,27595116,-15697388,12814304,-4975672,3223313,-587848,362918,-29224,-4145,-7896,-3452,-1164,-9,28,26,8,1 # cft deg4 r=0
117431,338894,371514,766902,-685344,-2434556,2787820,1466418,-2253743,-624942,1370756,281958,-307060,-94906,39032,2792,-2742,-1126,2186,304,-160,-96,6,2,1 # cft deg4 r=0
115887,-523134,943120,-550352,-584713,1507698,-1293186,321402,848791,-877050,584752,-146274,-43359,-11362,9340,-1824,11257,-5066,-874,588,-21,20,-6,-4,1 # cft deg4 r=0
4546171,-1395122,-702062,-1225136,-1933169,1813528,489502,-844086,882083,-3406,-277294,-28252,141481,-20916,-47574,27666,-1775,-4444,2372,-212,-233,78,6,-6,1 # cft deg4 r=0
150663,-1243494,583362,11369590,11571975,-5704520,-8963070,3058600,3642391,-2289450,-1531848,629458,250937,-182466,-15040,62384,23065,5560,4610,2786,1071,334,80,12,1 # cft deg4 r=0
5970425,-2415650,2957550,-17176100,2610625,13947420,-2320296,-2331628,804661,-2399998,-1175584,2079406,922101,-860938,-359792,220112,85501,-33662,-12558,2794,1021,-122,-40,4,1 # cft deg4 r=0
47648789,15337008,21375046,20056020,44143852,41918602,42317718,30370440,26306215,20946072,18144746,13942142,9906295,6070366,3318708,1560928,654020,233438,74284,19530,4563,814,128,12,1 # cft deg4 r=0
119475,665820,8378478,16479486,27950706,33515298,34257830,29095846,21650087,14389324,8601370,4687810,2332003,1069982,452732,175404,63338,20698,6580,1552,557,52,34,0,1 # cft deg4 r=0
488490633,593452134,1031059602,1119489078,1181976276,932079030,702653828,410657180,216903777,85396736,30733454,6467162,1196079,-217466,7348,-40784,-18460,-15240,-2756,-254,101,-10,8,4,1 # cft deg4 r=0
87308541,-185311026,351573498,-557631816,680573559,-751910484,718712414,-604997434,464178078,-315849022,196723154,-109832468,56260427,-25653244,10839810,-3997566,1375090,-403282,109590,-24572,5035,-784,114,-10,1 # cft deg4 r=0
879401,-1695938,2201024,-2478080,3326818,-6358180,8798396,-9069696,7853875,-5593516,3551396,-2028312,1085721,-567286,259322,-110850,45184,-16566,5882,-1916,569,-148,34,-6,1 # cft deg4 r=0
1976679,-452484,-1551168,-2996250,3041913,916962,268264,-950246,466668,-1252236,693276,-160042,262141,-230670,235124,-151150,78452,-34740,13452,-4138,1201,-254,64,-6,1 # cft deg4 r=0
2512053,4022622,5847228,8277426,11883006,9516636,9063266,9545314,6510813,2968598,1916910,723774,438398,163234,54872,22560,10658,2098,1062,128,266,-80,40,-6,1 # cft deg4 r=0
7252727,8908840,-7232936,-3480322,6952097,-4442478,-1240944,4573706,-148760,1331396,3043856,1055638,-15391,22414,70512,29758,11584,8228,3464,426,41,58,8,-2,1 # cft deg4 r=0
95707,1593508,16848280,11035566,-24289699,-129155178,58855972,433950726,731535016,680247836,490035460,288037534,138819465,57715118,21570144,7182886,2102384,550012,132228,28326,5253,846,124,14,1 # cft deg4 r=0
3797083,-6445690,46179430,-49234758,28898630,-1002970,-11870176,-57333610,64473049,24317468,-13987662,-11798950,885417,1941260,1284220,350818,39130,-15436,-9212,-2444,117,136,62,6,1 # cft deg4 r=0
17098756,-23575304,49855080,-41201944,44734448,-30113336,26414200,-15987264,12552296,-9648584,6094464,-2960128,1021784,-636368,186556,-44036,38261,-7234,1966,-874,96,-42,22,2,1 # cft deg4 r=0
281881,1995640,4125568,1760896,1889220,8696112,-737756,-10356888,6903898,9032184,-5451788,-2659792,2488754,181216,-574100,78360,68437,-15400,-1176,-512,690,-80,-12,0,1 # cft deg4 r=0
971690929,1944064604,1938269676,1736317660,1336680524,866675084,576031420,241116856,14431754,-2049220,10142616,2989680,2485682,2188648,759824,291236,114341,26188,8280,1596,14,88,4,-4,1 # cft deg4 r=0
16947469,43363244,74851408,94306092,93804492,57843644,35709700,25804840,16877606,3467196,4293856,1579128,779110,296488,220004,-57548,49461,-6612,5812,-2940,1534,-440,96,-12,1 # cft deg4 r=0
27889,-142408,368320,-485336,492714,-184736,-262820,656960,-649435,436096,-115136,-102752,192950,-169488,108012,-51312,19442,-7144,2988,-1416,616,-200,52,-8,1 # cft deg4 r=0
289,-4352,29980,-114616,281738,-476496,551876,-391064,75722,153284,-162506,57436,5448,-4716,-3368,-848,3681,-1232,-542,240,130,-60,-10,4,1 # cft deg4 r=0
23693,138568,418700,284544,179454,-789576,15508,139256,592878,244112,-25594,-135324,-68816,24164,30160,10000,-3967,-3460,-166,584,114,-64,-10,4,1 # cft deg4 r=0
11731,12672,-48134,-331808,856860,-1076576,1740734,-1757724,1502601,-885896,490082,-26140,-115356,94140,-34116,-17992,2930,5632,1964,-564,-242,-60,14,4,1 # cft deg4 r=0
25580525,-26473770,-24965586,85267724,-24128773,37206100,86925930,46887786,117818518,19157378,53159182,-2305824,14171131,-2145100,2538638,-508018,261070,-49706,17866,-3224,835,-64,46,2,1 # cft deg4 r=0
32123197,-99942666,141780480,-100268708,56391246,-22689668,11799808,-3083060,2080831,-1559628,865596,-471976,349089,-89790,79642,-15010,14004,-1390,2502,88,361,32,30,2,1 # cft deg4 r=0
186407,3553732,25770472,83049980,37079952,-507204828,519223094,-148397210,11131185,-41388828,36697492,-14394328,5055297,-2084810,647738,-232570,101530,-24336,8058,-2078,497,-54,36,2,1 # cft deg4 r=0
128565253,-272035058,198133546,-487023800,1234702520,-1422553822,811531376,-241014460,101059257,-65075148,32002754,-20876342,11474573,-4269808,1722112,-569094,136136,-42588,8536,-1314,615,18,36,2,1 # cft deg4 r=0
442977003,-708828120,841828624,-834668408,975124297,-945053914,815736574,-546012294,308265887,-128625584,44502806,-9540892,2968839,-1154460,664574,-94392,-61247,46348,-10288,1146,101,-62,36,-8,1 # cft deg4 r=0
1448163248,-1409599072,1888124448,-779262512,914048324,-116611768,266215560,6839448,52903032,2146468,9708716,-399020,1466937,-279256,294274,-64748,51019,-3772,776,1572,-153,88,26,-4,1 # cft deg4 r=0
74164232,-136773456,521937432,-568320848,1118760524,-981253696,820465460,-501497276,257072548,-129714300,53248544,-21099856,8096921,-2192324,946110,-243044,80095,-12872,7428,-1420,359,-8,18,-4,1 # cft deg4 r=0
3367231,-2012038,4696748,1281840,4983279,4845302,5532418,2990514,2120387,703530,919788,29198,497565,93406,-71152,29528,24213,386,1386,444,-25,52,10,-4,1 # cft deg4 r=0
18854721,-9611928,32324508,-14343476,16913912,2774380,-3614564,4444008,2981834,-1716828,447896,1269352,576966,118556,-21864,-17332,-9859,-5672,-256,36,-202,4,44,12,1 # cft deg4 r=0
9517925,28490280,34657748,9497380,-18647384,-22814364,-3263052,15883320,15962538,-268192,-6421668,-1088536,2138474,1329716,232752,-6308,37565,32348,7932,-260,-334,64,56,12,1 # cft deg4 r=0
121225,-111670,-119132,-2771414,13599106,-23020092,13101270,7874586,-10720919,-1092950,2992834,1706242,-835378,-1203026,450804,239332,-41586,-63094,11214,4188,10,-320,-12,6,1 # cft deg4 r=0
13822407,-24110406,-32924286,71143188,90502970,382482,-21858684,-16395054,5032249,8336224,3003266,-1269494,-1070905,-148846,152644,65676,-12778,-8180,36,724,3,-48,26,-8,1 # cft deg4 r=0
1577131,1201540,6006858,837768,9501061,250160,6334342,717586,1416259,-566808,448108,-338402,282051,-43570,67336,-22210,18309,-9134,4054,-1466,537,-84,0,-2,1 # cft deg4 r=0
358250525,-1714926910,3451516906,-3592454104,1503872697,648612004,-827843514,-118800678,491298246,-117373322,-112747326,49014484,23908665,-9046724,-4130902,1123278,503710,-83398,-42706,3868,2481,-120,-78,2,1 # cft deg4 r=0
119753,123756,-155616,-92588,58392,-283052,870612,-1101152,905630,-334712,-94148,293564,-239178,118904,-18732,-20828,25129,-15848,7424,-2672,798,-196,44,-8,1 # cft deg4 r=0
14949,9090,-117054,-54192,473739,43410,-1035937,-166348,2819913,-2602404,-102905,1130580,-323743,-64720,59107,-23476,9517,-3916,3050,-1592,593,-186,45,-8,1 # cft deg4 r=0
10633,183848,753032,-3211460,2681679,2460458,378704,-4739156,-524485,1591444,1011396,332678,54261,18914,-8620,810,1105,1254,782,-124,105,-30,2,-2,1 # cft deg4 r=0
4878489,-12666990,22921710,-22926610,17562202,-10914036,9055220,-6105850,2390439,-953090,685460,-278214,-63420,157482,-74156,-1384,14518,-5158,530,40,-34,32,-10,-2,1 # cft deg4 r=0
149921,-129840,-75412,294968,-298827,12440,430128,-502712,221511,128636,-212130,80084,49945,-90816,63060,-21308,597,1992,-306,-272,117,-28,20,-8,1 # cft deg4 r=0
577,13824,181857,427574,3750754,-228096,-4642170,1809600,3029500,-1652648,-776722,932344,-36483,-237056,111110,10932,-26742,8144,1793,-1550,167,104,-23,-2,1 # cft deg4 r=0
66629,-254328,341294,-213164,454140,-1077280,1030318,-430620,126381,-98028,129806,-131024,70092,4540,-18072,420,4372,-1824,768,-256,-46,28,14,-8,1 # cft deg4 r=0
232041,-394896,802230,-1305244,1801552,-2025192,2063686,-1839420,1470417,-1014444,634462,-360784,202316,-113628,69800,-43164,23340,-10800,4224,-1456,454,-132,38,-8,1 # cft deg4 r=0
752440025,-275481560,-487317804,10772018,488660643,-124380802,-155104284,17538018,81283326,-29011300,-9572492,3525658,3256999,-1914934,384300,-128442,79070,-21708,3580,-1290,291,54,-20,-2,1 # cft deg4 r=0
11939703109,-25770757100,31425945769,-25198698588,14258248773,-5362500396,825365755,512956268,-451033115,148151054,9513005,-32995434,15735960,-3279830,-22842,107488,45145,-36590,7256,1188,-859,156,6,-6,1 # cft deg4 r=0
615984529,-1002645210,932181313,-245101648,-364417573,521943260,-279279593,17565296,93960641,-67044228,19348969,4456718,-5358226,1784766,58790,-184204,56117,-3912,-368,720,-289,36,14,2,1 # cft deg4 r=0
902492737,-2577893264,2839841349,-1172483238,-311625665,529218262,-232877843,67622684,-26364103,6594822,4416217,-4700488,2146074,-589000,88360,-32460,17505,3658,-3592,-350,395,26,-24,-2,1 # cft deg4 r=0
98609030581,312091339054,396475714742,250759609406,84744320890,28228634110,20087266183,9856247134,2505788783,796446986,361830512,75524788,22453378,14491344,2156715,-181346,268156,89864,-7185,-108,1372,70,-25,4,1 # cft deg4 r=0
15299989,-9038226,-16003851,2581210,6356255,24278,-1677771,4095098,1625610,-3911368,-66668,1756768,-223421,-432868,132882,42388,-34240,2800,3562,-1060,-20,106,-11,-2,1 # cft deg4 r=0
265705841,-980562382,2756405256,-4871416916,6371971464,-5753516536,3396796584,-926326644,-264883787,344166940,-123940608,2484760,14136195,-5172474,585838,153034,-67912,20930,-6654,284,399,-152,2,6,1 # cft deg4 r=0
45477125,93474020,69863844,-138111518,-35994949,35641614,108636244,-139479922,88058586,-24797064,-3174564,4713866,-2151585,543674,6196,-41342,25578,-11600,1732,406,-309,102,-4,-6,1 # cft deg4 r=0
38619301,88225942,186280359,131074280,29906236,4131782,37480347,29608620,24870469,12371804,9585226,4272520,-134248,-371592,-175488,-87836,-5054,13704,4912,-396,-547,-98,17,8,1 # cft deg4 r=0
394581456,1805952672,3904088544,5023218240,4119243192,2316367392,1003465720,394997088,92330937,-48056450,-19119060,-5448324,-7729234,-2070696,420753,128928,31041,37572,12192,-1860,-1599,-214,33,12,1 # cft deg4 r=0
2403337,-31886414,158238043,-339548348,343746036,-248518822,247901999,42888296,85842393,31934156,36390582,27020580,15114044,3304484,-629140,-699364,-147102,46792,22760,-4,-1187,-90,49,12,1 # cft deg4 r=0
1641387969,2904796728,3178496754,-99771156,-2083136534,-1206623698,284780959,442428428,141330910,-249688,-8425760,-6620560,-1695467,859312,514844,-58412,-78608,-11368,5362,1788,-207,-150,1,8,1 # cft deg4 r=0
46552,193936,514808,644220,422274,-174862,-133183,-17630,261830,75736,73405,-24566,-14998,18346,16642,12636,6602,2940,1454,628,339,128,42,8,1 # cft deg4 r=0
154399744,254087424,338775648,161584432,44723964,-118182876,-89411823,-16273416,7066584,8104316,5088645,451518,-1719098,-995418,30618,237780,110046,18120,-5404,-4110,-981,-22,48,12,1 # cft deg4 r=0
1437032704,2614063360,2972109616,2416692744,2137053902,1840045462,1453498377,960381538,556401420,277683238,126810417,53819256,21851402,8200100,2763944,839928,248296,73154,19162,3846,703,202,64,12,1 # cft deg4 r=0
5614264,12790496,17056568,4383436,-6758910,-8088882,-1231367,1055264,-278272,-1677546,-1580159,-439712,548138,639072,283824,45328,-13234,-11080,-4284,-1076,-107,36,26,8,1 # cft deg4 r=0
2135697941,297054662,2600096758,586727258,1580158311,593146124,773395760,427000026,357426949,216425014,137697654,74280620,38542091,17138708,7378762,2641054,939625,267134,77472,17100,3923,630,106,10,1 # cft deg4 r=0
4953481,23892252,60635186,114951346,178903504,218837018,204909542,148105396,83816681,36045784,10107866,863170,-191173,452636,489484,162306,-23162,-33698,-6912,1970,975,-2,-48,-2,1 # cft deg4 r=0
53402381,-21278992,107897213,-6458366,66022867,-24242822,29369565,-44063808,17173139,-14432904,16112933,-8231704,3972456,-2433174,1167316,-501676,201499,-53116,6844,478,-741,250,-20,-6,1 # cft deg4 r=0
63711625,142743190,506245747,1727248838,2614040469,2119355244,1492746081,958288578,302044597,74303974,25624929,-11419364,6448898,82536,475568,114468,-76137,1458,1246,-76,347,-60,-34,2,1 # cft deg4 r=0
14953,-38752,399572,-775650,937180,-43168,1101949,38570,750243,139066,368940,55104,104932,15694,23117,4374,2942,684,-17,72,18,30,11,4,1 # cft deg4 r=0
3377,7940,1546576,1221508,380802,-780876,-123760,305052,917558,-1173820,612738,-646804,591456,-370964,164804,-37152,6855,-3952,3258,-864,174,-56,34,-8,1 # cft deg4 r=0
27437041,190803100,532211892,327206728,-1428089512,-796081808,3622653034,-2744840338,130835295,844756576,-370399272,-44119428,65351819,-5213030,-6176946,761262,562200,-86712,-30410,1946,2187,-118,-68,2,1 # cft deg4 r=0
2838086689,-4029721928,9035170960,-4598642188,11867094528,1071848500,7702445350,3721285922,3084662115,2130945580,877232080,410984984,115096799,16686862,4431670,49942,-236420,46812,10474,130,991,18,-44,2,1 # cft deg4 r=0
14069201,-21936734,45930326,-40843314,47554934,-31718936,27831228,-15374266,11073323,-5245138,3207664,-1336494,732356,-290330,152288,-59816,29194,-10154,4274,-1120,414,-68,26,-2,1 # cft deg4 r=0
1493,-10952,45451,42288,-44434,-52698,53483,-12240,68261,-38692,-14944,-12072,26137,320,-1360,-5540,290,378,681,56,-80,-50,0,4,1 # cft deg4 r=0
904769,4803162,7895893,59800,9710919,120281312,322367407,415822700,274688711,72239354,-568687,10075994,9864216,1150724,-336530,205696,122195,2290,-4980,828,667,20,-22,2,1 # cft deg4 r=0
3769725781,4279053232,5968123764,2929524998,2381760199,325783850,271979424,-143573426,-36292462,-47132484,-5642588,-8026578,4673715,-1409730,930776,8490,-70046,40100,-10068,-2302,1399,18,-56,2,1 # cft deg4 r=0
12307585,22409338,85041206,107598536,119355261,56349652,-50135382,-32995530,25967178,19372222,3990718,-5706252,-2062395,352180,456310,121714,-45942,-19110,-190,1476,445,-80,-18,6,1 # cft deg4 r=0
844007669,-1374158330,503788190,761193168,-433872898,66836370,189159196,-93576336,85785837,75183832,9761782,22440406,9898863,-1909020,919336,422674,-298154,-22964,25116,-2894,-963,282,0,-6,1 # cft deg4 r=0
3260223072,-22076489952,34298153856,14394486720,16918043958,-13337050242,-7738804309,-6446113452,843231147,1169594322,1172194841,336260026,98700615,-2703452,-2214571,-1251760,114849,64134,20280,632,-390,-230,19,-2,1 # cft deg4 r=0
373349669,404912872,670984587,631738576,580668655,389280080,212155177,94795402,27264980,3868282,-1985494,-782014,33817,153764,26894,-35922,-22510,-5970,1418,1044,282,-54,-21,-2,1 # cft deg4 r=0
17105138308,30060706444,42255661906,40515991734,33020585355,21023514632,11678746047,5119445360,1967034955,558638484,125615451,-259884,-8328508,-6144446,-1767298,-584018,-92408,-16552,3469,662,617,30,41,2,1 # cft deg4 r=0
4422263033,6494473426,3112694038,-751784638,255930982,1630134912,1092284191,106123546,19650615,98326774,74930816,24374666,11941119,2039222,86450,-391208,27067,-60304,-1671,220,-142,78,16,4,1 # cft deg4 r=0
64629,-558540,2217753,-6871656,9970698,8050632,908717,-1212890,1843159,413604,676036,151472,-136395,-16252,40720,27536,-3996,-5458,193,914,90,-84,-6,4,1 # cft deg4 r=0
110297592,-214385400,235528236,-171646848,119353194,-68650614,69833399,-29074540,2979397,-14430306,10398478,4709310,1678477,-1530586,-169098,166860,112059,-15378,-8301,-854,636,140,50,8,1 # cft deg4 r=0
8269334669,-33561000018,55089739631,-44753459832,17453050011,-4305766822,4525689647,-3578091058,617765743,336682960,24721709,-164188050,71190290,-10962880,-523286,60608,343837,-148128,24282,338,-1343,262,-12,-2,1 # cft deg4 r=0
1626420,-1419720,4605768,-3675596,5226553,-5095880,2708906,-2839556,675461,-355904,275384,229592,-5806,50112,-36212,648,-4122,-440,688,-396,213,-56,26,-4,1 # cft deg4 r=0
1774328,-6960560,24221352,-29329224,31811324,-24532672,16823100,-12406992,8075906,-6659324,4307238,-2741930,1539773,-759168,399247,-147394,66146,-16752,6903,-1318,584,-96,37,-4,1 # cft deg4 r=0
31468901,11210060,47493802,28007648,53136854,-5534666,49848026,-20045550,17383683,-7343728,2493378,-3059250,1633503,-1000052,445000,-71066,27406,-4770,-9928,2588,821,-208,-38,6,1 # cft deg4 r=0
178522658624,-329445307904,223766873264,-51471810368,-6072544644,-13943100912,22028819573,-8468739160,-749036579,1026947212,321765447,-363208118,36747473,42324470,-10868925,-3146748,1501185,14910,-71692,548,2616,8,-63,-2,1 # cft deg4 r=0
1620506177,-6195346282,10476559211,-11571862114,12240189338,-13218643584,11382739859,-6813633072,2835892187,-953662354,356701020,-135010994,29024048,2057926,-2577060,289036,126100,-32976,-4332,3570,-809,62,23,-8,1 # cft deg4 r=0
2099689681,-4650972160,7220538959,-8111465542,6257112013,-3474495762,1848088253,-1076290678,509145213,-183067454,78043413,-34912392,8013934,-1064438,515540,57940,-116493,15324,-3070,1848,431,-164,-22,2,1 # cft deg4 r=0
5431168,24097024,32401088,12946944,13813784,6968912,-1832960,1234152,264866,992596,1066132,484114,217203,23618,-18670,-40312,4009,-2064,1984,66,-127,-62,50,-12,1 # cft deg4 r=0
270304,162336,2468768,2184800,6510620,1698240,5228408,829708,2883041,-2874958,3481143,-3209378,2194249,-1348972,654666,-293832,114778,-40832,13558,-3768,1061,-218,51,-6,1 # cft deg4 r=0
1670217728,-2940448768,3028090112,-1912170752,-576280432,1326755808,-716651048,213913576,666518725,58590276,67369858,106099804,-17555209,-35515204,-2932874,3989080,909235,-44372,-36674,-5968,1030,392,-40,-8,1 # cft deg4 r=0
3619891792,11551929600,20604384480,21570897248,14710512664,4774089520,-272756656,-1265689368,-369819267,41146204,274012670,117719116,66869627,7292300,4649046,-818760,424687,-79716,48622,-7152,2790,-392,104,-8,1 # cft deg4 r=0
27014553,-39483126,238851423,-32698188,222476238,-86651982,94329077,-246133754,-21543293,-53509008,64753008,47828976,49133953,25379264,13787656,5334424,2048810,608964,174877,38942,8168,1220,166,12,1 # cft deg4 r=0
1917237493,-3280658942,2607220294,-3966925650,4416139128,-2600332784,1476510965,-677318138,409335767,-344662388,257541716,-184369434,101539246,-44618152,15363539,-4330536,1234246,-283804,70423,-12046,3274,-202,93,0,1 # cft deg4 r=0
138947329,-874095330,2384561060,-3602997020,3143718360,-1390902968,17986320,318630580,-206284159,104165248,-27285368,-22020932,19357135,-2167370,-2042210,458818,49224,4410,1218,-2952,-269,52,26,6,1 # cft deg4 r=0
92772025,-648904260,2130640466,-4120866734,5248217320,-4684481914,3109036574,-1489201104,418942785,-16896052,-33157846,10923486,2384223,-3391392,1298828,-296118,63046,-16194,7100,-2150,179,14,4,-2,1 # cft deg4 r=0
563303837,-234527720,-612772800,2209694,506738843,61230210,-195835984,-65759974,32835042,33140628,2776920,-8132642,-4446465,2492822,831480,-553026,22274,30380,-2808,-2622,827,26,-32,-2,1 # cft deg4 r=0
5816911961,7096259772,8475640691,8369775358,6479946305,3627754592,1949054367,1076623000,892294695,721083992,501591593,297804262,154324508,68712414,26587022,8969004,2680489,702774,162726,32894,5875,902,120,12,1 # cft deg4 r=0
9094206136,26224368712,64114522620,99451526252,137252011892,145046522380,137191346573,103964489176,70956904462,39645428336,20265997701,8571760836,3396383972,1110402594,349869128,88687336,22403300,4346670,874388,125244,19733,1924,230,12,1 # cft deg4 r=0
1049408009,-7503443560,22489705365,-37404167728,39160109065,-28520527740,15792050435,-6786473412,2163075281,-522316654,83396077,-3234094,5168312,12646,1501286,191432,143965,43138,15080,2660,1265,156,42,6,1 # cft deg4 r=0
41798453,-86088014,189099223,-79801644,141174185,34530192,262420659,-47767490,-44325463,-24620368,43215353,5566006,-9094266,845980,784314,40160,-53393,3734,6462,-1250,323,6,4,-2,1 # cft deg4 r=0
3675318425,-2615797810,-4670809962,3889362004,3098730549,-2207224008,-1112938722,584612346,293155570,-48200318,-36535738,36731816,37577997,2865624,-4017326,-1172050,132082,155022,-9110,-11640,1301,420,-62,-6,1 # cft deg4 r=0
8575264135184,-504789533088,-6489744447956,-102975449984,2363953093021,140521032820,-499974814018,-65961440996,75995105095,13317805224,-8126658782,-1778271028,648550105,163191860,-38953882,-10816428,1809286,523624,-66538,-18356,1876,488,-48,-8,1 # cft deg4 r=0
2767363457024,1986864934912,-825214247424,-1535316359424,-209039211584,485554204800,173165968368,-87042018096,-46479593324,10416175768,7409906060,-1023399880,-806736363,98533452,62910446,-8936492,-3440725,640448,118768,-31504,-1749,924,-26,-12,1 # cft deg4 r=0
299234587408,1047097621312,1043821729676,-159713854112,-718375818807,-138392015656,209474027996,67353832148,-25656506600,-10734115288,13698322,348243900,308964690,110724508,-29072234,-19729364,1495617,1587384,-83802,-72276,6051,1324,-142,-8,1 # cft deg4 r=0
34602960128,-19027042304,-144569638464,40989976832,155837933904,-2907522112,31023663744,20465900096,-17925963704,-93711136,3288204188,-1481733456,-181905827,322148764,-20929306,-32261556,3775631,1734712,-246224,-49912,8411,716,-146,-4,1 # cft deg4 r=0
694872,1966408,6905868,14847720,30587642,44060074,56934067,57728318,54513375,42089574,28480865,16387476,8488759,4618832,2059481,810106,346465,90890,36176,6320,2250,246,75,4,1 # cft deg4 r=0
3388928,-1807360,2738688,35105408,19043424,-18846240,-4662736,-5595744,4268568,3558712,1310036,674272,-170926,-190134,-29805,-69316,22725,-9208,6590,-540,752,-10,43,0,1 # cft deg4 r=0
835962368,-2470123648,4195080208,-5515236040,4212034046,887641166,-2770853865,499395356,1145729919,-1442088240,1092915720,-527325678,180289834,-36993164,1957225,1999438,-586795,113498,16665,-2920,1099,180,-9,4,1 # cft deg4 r=0
3011612672,5014685696,4530479616,2444526080,907133312,-50705664,91749248,-31583808,-182014688,-85735616,61450160,27819344,1574888,-1683792,-12372,47876,-14756,-19368,-3675,1580,331,-16,15,8,1 # cft deg4 r=0
65827851605,-77471113456,56497239351,-30539353316,-4503494723,9623383114,-217434345,-145822526,-1115791547,102081512,384704153,-118746402,-49434234,29747210,1732138,-3726004,275279,269384,-40666,-11270,2459,246,-76,-2,1 # cft deg4 r=0
137448653,-284027782,-169223082,831086000,-239105971,-921712732,573252674,495932522,-385242130,-171579234,122856862,48374380,-15401515,-8731812,-234082,986782,295446,-75118,-37550,4004,2325,-136,-74,2,1 # cft deg4 r=0
120692396896,31084931376,-24218787356,-6873207576,9521088388,5998410240,3748867157,1348665416,262660489,-126911144,-27756946,12840596,7080884,-1267448,-706483,74936,133533,21700,1229,448,777,188,39,4,1 # cft deg4 r=0
57302193,603244322,2560849719,5416051974,6750796121,5764095172,3782016900,1999122496,847192554,279467380,123524476,39910764,10331868,6683840,1539058,513164,371181,-2350,43165,-2626,2524,-134,77,-2,1 # cft deg4 r=0
81366352,104524848,66110388,-7304000,-110657956,-80621492,-8756783,26294996,25858732,9667438,6758889,2526598,2225878,1264574,720126,255200,90232,32750,16490,7108,2501,630,118,14,1 # cft deg4 r=0
785681,-1884350,6736171,-14512862,18176886,-23624120,10535003,14094428,-2180285,-4016146,912236,308070,-380912,170346,73436,-51424,2736,4832,-1772,134,199,-26,7,8,1 # cft deg4 r=0
8280686592,-21229608960,2146357248,17932705792,9486736448,-10047695072,-2854179912,-485093448,1018867348,347865704,-31168914,-47425426,-7340535,3434500,2310346,460280,85529,-30976,-2095,-1918,914,242,93,12,1 # cft deg4 r=0
1897495493,-5027732574,12279368003,-19908255082,14472469727,-5039483040,2015991254,-733114456,-93662048,255419254,-78798264,38749098,-1188414,-7445686,3357230,-1547256,331997,-54080,16555,-2778,1160,-218,5,0,1 # cft deg4 r=0
141285877,-631011822,944066165,-18263326,-1329183803,1091232550,42348345,-431891788,494569291,-303038186,86416941,7502192,-4787998,-2655806,1124780,291288,-123645,-18566,6952,2262,-339,-146,4,6,1 # cft deg4 r=0
496652437,1672831638,3178102864,4030633308,3492671848,1701221888,155407304,-769703088,-698502271,-381129660,-73529196,37912924,42236775,18749774,3730130,-511694,-500908,-122526,11686,11748,907,-408,-54,6,1 # cft deg4 r=0
2441732096,-1944737792,-1246658944,506578848,627692004,109196672,-168892288,-89266712,4795116,19991720,10329824,-2844284,-2803919,202928,412488,44524,-53573,-15024,9680,692,-1053,120,40,-12,1 # cft deg4 r=0
967576,-334288,1365052,-142092,737909,-20992,278059,-110334,123584,384,19253,8186,-4133,-436,-1068,-572,-89,92,-143,2,32,-8,15,-6,1 # cft deg4 r=0
31005231449,15457394202,-14859586606,-19398996364,5151742162,8965471370,-789921176,-2993466764,103894041,834571000,-146234862,-103413362,28393727,4094388,535660,-1383054,123746,88736,-3600,-8754,1505,166,-60,2,1 # cft deg4 r=0
15095296,-53351680,52758464,7504896,-14832944,11688192,1959360,43942400,15175256,2454256,3102700,-2231872,3064541,-514600,-19906,-77376,5663,-7360,9120,-384,1115,-8,54,0,1 # cft deg4 r=0
1230879808,-6086855488,11365434976,-8215558128,400250804,1005077232,963615444,-889535468,271110169,-29611868,28919195,-8423076,-349123,-1131556,348378,-31524,30098,-4132,6090,-40,529,-40,27,0,1 # cft deg4 r=0
152285508,-964054944,2283901668,-2898024808,2924952992,-2240372456,1421667260,-745185168,328261629,-120570696,36924559,-9966486,2682862,-781826,216496,-57046,27172,-15022,6928,-2180,648,-172,47,-8,1 # cft deg4 r=0
1006262,-5479712,16358810,-33080072,50383355,-60268496,58509896,-47201168,32507255,-19504298,10608657,-5311006,2549313,-1124354,493901,-197542,85004,-25910,11381,-2386,1054,-110,59,-2,1 # cft deg4 r=0
18946656,-76427472,233390284,-1111537056,3140381913,-4805932180,4713702132,-3115129892,1439992345,-434100444,79837870,-6058460,1341383,-2457764,828334,-50924,-47228,20724,3978,-2508,-86,80,18,-8,1 # cft deg4 r=0
104756,1774132,59875258,185905506,634098409,913333728,1159513360,1012650900,808629504,488519260,286618226,127186612,60236342,19792840,8323472,1909102,813197,105748,58320,2282,2911,-44,84,-2,1 # cft deg4 r=0
765330625,290319850,-371528190,-1950224692,2700535913,-831124544,-840613398,832222902,-131262206,-192246282,107549154,8584584,-22084359,3087840,2233286,-491710,-127470,12490,4254,2712,121,-236,-26,6,1 # cft deg4 r=0
219638537,16946066,455050276,674434,426849295,-34605630,250594686,-36328884,101735027,-18286606,29646574,-5631556,6348947,-1182076,1036798,-183934,135843,-22370,14520,-2014,1161,-108,56,-2,1 # cft deg4 r=0
738477,-421848,-419013,350298,1001016,257328,48029,-109894,183519,-64156,104236,-35252,-43995,-34012,33708,13336,-906,-2924,623,-54,-6,24,18,4,1 # cft deg4 r=0
3779136,16651008,32197140,38805456,37843196,34169068,26124121,15986906,8998249,4898066,1942614,411422,40401,-40594,-71926,-41116,-12681,-4158,-1105,80,206,86,32,8,1 # cft deg4 r=0
297863568,683440416,1215578016,1562350464,1451137644,1058748120,755452576,478026168,277066861,138677138,78790384,29879446,16155778,5234106,2409522,689842,281367,60888,25730,3376,1647,114,62,2,1 # cft deg4 r=0
9008746645,-13587762888,7545646248,-5287100614,5553101819,-1145538858,-1484594428,-160945298,1051856018,-289647884,-127699552,39830594,11681615,2113730,-3047668,-397182,380522,-9404,-656,-6994,915,294,-44,-6,1 # cft deg4 r=0
1245673,-442742,4770993,241186,-63692,-1266642,52946,-878614,540424,518478,-779970,222856,233733,-146024,6458,25442,-9742,-4140,1583,448,-89,-34,37,-8,1 # cft deg4 r=0
14685229,-88739580,246764092,-417983916,494976947,-453118750,343879991,-223523258,125147203,-60129842,24738691,-8606726,2444749,-478794,31821,25770,-18065,7112,-1884,580,-113,-10,3,-2,1 # cft deg4 r=0
6984732757,-2090604058,2777593521,487717208,873706171,-454408672,198518531,-35654116,-63647847,-29661656,11787805,5348086,1725530,3441158,1861818,313388,-45935,-21796,1792,3680,639,-140,-22,6,1 # cft deg4 r=0
19328,-14784,93904,-253792,189968,-402336,633028,274544,-311156,-565936,254344,285200,214020,153064,131609,56704,31403,7756,3728,680,332,36,19,0,1 # cft deg4 r=0
180374,-2674300,16624526,-56296842,120596949,-181832510,206586817,-174723710,109356930,-50810482,20191161,-7806972,2794045,-595280,138638,-94382,49463,-12422,2647,-502,302,-22,7,0,1 # cft deg4 r=0
33456141,167780658,304181239,211549958,-26864980,-124887134,-43977716,35132260,27250004,-1682120,-8941782,-2775536,2017523,739294,-29024,-222824,16312,20708,-2087,-466,-243,-20,25,6,1 # cft deg4 r=0
53959509,98876760,184578850,-96410454,117072760,-154713370,88870437,-98352126,97114753,-66697332,53826916,-29061134,15592632,-7353698,3253721,-1200440,410968,-108540,28409,-4866,1580,-178,55,0,1 # cft deg4 r=0
1391997,-1254270,40107556,-33628400,35253132,180790688,388175767,356188852,313219151,171212730,134145042,34839522,8862914,-5888962,648789,560270,373680,26468,-4223,-3170,490,320,97,12,1 # cft deg4 r=0
48641841,-102478512,73321697,22208868,4133723,-55412510,60741223,34085276,27541008,5824322,12182348,1589448,1322123,-333186,369980,96684,94394,31720,18756,6044,2206,506,109,12,1 # cft deg4 r=0
23193517,-29216040,11643097,-37445128,41849047,-8439630,23313427,-30987456,2906525,-3954024,11300473,-564910,-1489054,-2059084,478246,620132,-29827,-88662,-12508,6564,2059,-196,-78,2,1 # cft deg4 r=0
104701525,69997444,460547624,-381772842,753702931,-755855886,686176560,-442941618,297218906,-101184888,32219280,443726,-5868601,5416310,1164408,-661958,126474,77320,-18384,-2430,1539,50,-48,2,1 # cft deg4 r=0
4584449929,-6209955420,8604626958,-3768712256,5729828104,-292580646,6304268854,154805900,2732391214,-276054242,605824896,-190897314,89404093,-41275448,14145762,-4338920,1819456,-329254,132606,-19866,5475,-606,124,-8,1 # cft deg4 r=0
9105011712,-23522586624,24448310352,-19343699640,14361682302,-6839979666,2655630455,-739024712,-109664929,213842852,-66938336,12882158,12978422,-16346204,9997261,-4326306,1452465,-421698,103381,-22308,4035,-612,95,-8,1 # cft deg4 r=0
3359990597,-8502234354,12014230745,-11387354974,7364684615,-3088424856,495515669,341911240,-288760215,89849258,10136389,-26419748,16041626,-6467758,1996784,-554952,154517,-43408,12108,-2678,511,-66,24,-2,1 # cft deg4 r=0
22665452049,-48422558754,103782203451,-88226876052,93660595308,-56202145956,33661489733,-11938195420,5925680965,-427481476,292945342,153247522,-19247653,-33362,3521874,-1460080,-28576,88836,-14847,-1844,1526,-2,-58,2,1 # cft deg4 r=0
11572735653,-16273674090,-4113279981,12607169616,-2123685972,-2690404560,1754053705,-236824360,-560379331,135164916,109860318,10977458,-3348613,-7465882,-3156198,-76256,397412,225304,22677,-8608,-1226,-314,30,2,1 # cft deg4 r=0
16821125,108259360,236443572,22868238,-331498965,-88033806,461789712,-300280374,38446698,28600420,-21132140,7172470,2263535,-1658170,164408,32358,-57654,17524,3324,-982,-21,2,-8,-2,1 # cft deg4 r=0
1171308401,759339746,796649717,-607279454,123599747,-491815940,92336745,-236482092,157837633,-7554542,30447725,19955912,2229362,999770,179420,-364248,-61147,4720,-1616,1942,795,-118,-48,2,1 # cft deg4 r=0
1971513,-5767254,12736632,-19215140,24831064,-26682220,26176479,-22355276,17590647,-12336894,8033454,-4721114,2566678,-1261082,573313,-235734,89188,-30196,9597,-2786,806,-204,49,-8,1 # cft deg4 r=0
490921,-1928084,3425488,-4232332,4354796,-3665108,2525124,-1399232,602726,-108936,-117192,146972,-94454,37456,-5852,-3676,4181,-2656,1508,-752,294,-100,32,-8,1 # cft deg4 r=0
7633,-37122,1970356,-14772022,63909414,-142105160,160559912,-68409362,-39792429,60493504,-19568100,-8040928,6876379,-437494,-705282,30874,74580,14390,-13974,-850,1349,-38,-56,2,1 # cft deg4 r=0
137805165,-424135332,484922997,-88621452,20261457,-430296318,646370933,-289740880,-31050786,45860010,59929488,-63884360,20683863,884758,48916,-1856904,1212262,-470184,145614,-35028,7348,-1194,167,-16,1 # cft deg4 r=0
3871670272,-4053385216,8047690752,-4336358912,3410304384,228099072,106743808,-143629376,604837984,-387435136,199796688,-95015600,51157752,-26731936,10071260,-3211724,1066088,-253504,63233,-12324,2535,-224,75,0,1 # cft deg4 r=0
1,-18,157,-824,2701,-5392,6211,-4544,7824,-14494,6890,10796,-5869,-11538,8102,4928,-5256,-484,1678,-268,-250,88,9,-8,1 # cft deg4 r=0
8397344005,-21006635304,64042320578,-66833151344,94199414043,-73154669756,68902789612,-43022919896,30171029801,-15577580204,8491003522,-3640941988,1567885803,-552673988,188300446,-53460308,14246861,-3176764,647452,-110728,16911,-2044,230,-16,1 # cft deg4 r=0
15665430528,16009297920,26222045184,7732927488,16246234368,-1273426176,6772200704,-1852764288,2164545552,-725194208,531748448,-170899184,98105256,-26683480,13102264,-2838468,1271781,-203828,86244,-8524,3778,-148,100,0,1 # cft deg4 r=0
1098739169,-615547284,1428739408,-451799084,648077924,21692476,67185196,115132688,-23237698,33107496,4642072,-4226980,7976026,-4319104,2650444,-1066604,446461,-138528,43916,-10432,2550,-436,80,-8,1 # cft deg4 r=0
1655173525,-9235709790,24410670166,-38633758972,38946782506,-23592772198,5130384048,4478506676,-4509460163,1383644364,399687990,-486190386,145984827,11365716,-19161860,3500590,213290,-82776,44940,-4074,-139,110,44,-10,1 # cft deg4 r=0
8784802417,-19051435366,33585977698,-32801077680,16866125481,2178506100,-8744278562,4444858022,361664738,-1456353810,611698218,-53795012,-18243671,7024244,-3493198,543666,185586,-29094,-3594,-1828,-135,160,42,6,1 # cft deg4 r=0
12383361,-25752042,61039965,-76715470,82311449,-74829338,56721729,-38428744,22636190,-11790342,5895258,-2546578,1288267,-539852,292556,-124774,57366,-23098,8020,-2760,748,-176,41,-4,1 # cft deg4 r=0
54244693253,160208316906,252992558222,278669185788,231478612668,142293411580,57134106977,7049742046,-7975675937,-5941865174,-1691055076,96575518,251472162,80294294,2524035,-5643796,-1632594,-56776,68635,15508,218,-404,-55,2,1 # cft deg4 r=0
2151509473,1949394006,622752053,717268138,-322093819,-1419373346,206434689,765137548,-69731811,-235450784,34826517,28991544,2265864,-4078052,-1164348,402976,219633,-26500,-26544,1830,1797,-94,-64,2,1 # cft deg4 r=0
1058841,2420208,28286181,52285548,78301902,-47075322,-85760378,-161651156,10573284,105507968,43824884,-14926376,797917,706858,-885508,188620,76602,-35318,8609,252,-1097,218,27,-12,1 # cft deg4 r=0
205757710209,-84174296904,79714892664,46216134618,-34656022305,27385927242,629047559,-4988651826,3807405193,-592646156,-340630099,286459612,-56788193,-17289782,12949225,-1899208,-787543,317658,-2774,-18772,2125,532,-81,-6,1 # cft deg4 r=0
1538277625,-2221017972,2120116356,-932428516,618708218,-374127120,66984588,-47989724,42818097,1105060,1501352,-4606908,345874,-273036,361100,-49736,-8206,-1180,3264,616,-364,8,40,-12,1 # cft deg4 r=0
18762731725,63481954630,83159220642,52440991298,19737400809,10334779802,6204134278,1666375632,314602985,188810990,36766738,16707428,11789601,666172,423616,157734,-45065,28182,1662,98,595,-160,38,-6,1 # cft deg4 r=0
5590125,34908390,116003034,233327400,314945859,302943738,255835967,230721748,188115549,111540332,44730763,11855112,2552825,1132332,604979,137388,-24199,-24756,-3498,804,401,-18,-11,0,1 # cft deg4 r=0
73379205,20343078,79028217,202446228,247112436,101493552,123660142,135027586,6360308,-44275526,23439084,26095288,494881,-2400966,141800,182910,40490,12366,-3333,-2346,559,176,-25,-6,1 # cft deg4 r=0
7152006889,-22541759858,28017860090,-15245413744,1668857089,1893630724,-971014010,244454326,40904970,-30891750,7861010,5622028,3002257,2820996,1290378,538018,226522,69262,21470,5852,1297,280,50,6,1 # cft deg4 r=0
749881,-1482216,3816654,-6444552,8911648,-10504296,10870614,-9298796,6760973,-4557488,2984826,-1761708,896872,-426456,207476,-92064,34532,-12296,4808,-1668,442,-112,34,-8,1 # cft deg4 r=0
80281,-250604,539048,-1183308,2239221,-3530090,4598632,-4808116,4077089,-2858076,1633686,-764470,325209,-138822,60334,-30366,12883,-934,-1478,148,173,-6,-12,-2,1 # cft deg4 r=0
14229,-13392,-5208,-11228,-29199,48404,54312,-9448,10939,6912,-30178,46464,-45883,6480,27864,-38108,29421,-14900,5490,-1400,285,-68,28,-8,1 # cft deg4 r=0
102461,-120456,589816,-2468156,2974681,-224076,-1059224,-893704,1792603,-710232,-1362,-13616,51765,-21304,4424,1684,-3859,3164,-1214,88,117,-68,28,-8,1 # cft deg4 r=0
22909,-56110,99789,-87880,-41286,162922,-138224,-9552,106962,-39752,-14240,14296,-7617,1778,4174,-5900,3758,-1128,-185,368,-151,4,21,-8,1 # cft deg4 r=0
17853,-33726,56868,-107558,102637,-159880,236202,-93040,-95013,131762,-39368,-36210,30283,-7950,-482,9968,-2989,712,568,-226,145,-74,34,-8,1 # cft deg4 r=0
3048413,20614112,56340187,79103116,65870157,48685962,37751831,9471678,-5036387,5758572,1688073,-3444202,2387462,603442,-920150,-49804,182335,18064,-22118,-2538,1659,122,-64,-2,1 # cft deg4 r=0
1774397,-13786536,56897503,-157642348,320036147,-497713492,604191355,-578490430,443987989,-279003038,145389525,-62147802,20279384,-3442940,-1068210,1047652,-354329,33608,18166,-6650,445,234,-32,-6,1 # cft deg4 r=0
2343241526,3786280236,5593289096,6514279934,6419545271,5586368522,4220233196,2818905760,1682493537,886914288,419969375,177922224,67710657,23408828,7277057,2086016,538382,129540,28737,5458,1206,122,43,0,1 # cft deg4 r=0
7291636,-18735952,67076776,-85703960,107637813,-50204006,19183147,-32300676,2589475,9634970,3507367,-4084832,883566,-153848,133034,-49664,2488,-3514,1847,156,77,-18,5,0,1 # cft deg4 r=0
839831725,-2372733260,3517244243,-2886889768,1159576157,-281687678,342509015,-310434366,80604709,10990208,9101993,-13781746,2377102,1094978,12966,-270700,27239,29108,-5234,-1442,171,122,-12,-6,1 # cft deg4 r=0
48668993,-159775556,120192256,94544966,18435839,-91856950,57012376,7469066,-17359282,-12279344,12780608,-2027130,-2482421,1199870,386808,-243042,-9970,23984,-4416,-1606,671,74,-40,-2,1 # cft deg4 r=0
884359153,-1758700962,181932657,3136163640,-3923538535,813510634,2375215283,-2576171192,961885713,118210498,-207000103,29565130,28876344,-13238152,251590,1227976,-256455,-58700,33504,-3620,-987,312,-14,-6,1 # cft deg4 r=0
142134293376,647762966592,1147054541560,982994888992,446020653842,103643796406,13801498323,3091945290,-574929607,-998150388,-98544884,111585620,30309672,1075720,-1267974,-1222984,-323266,51188,27972,1164,-306,2,-21,-2,1 # cft deg4 r=0
470217728,-963049984,1746145856,-3665172096,5928253504,-6016539712,3957589696,-1576047424,293622208,-13201232,50235072,-18346648,-16208224,11728512,-1465071,-953924,427457,-14580,-6890,4436,-594,52,41,-8,1 # cft deg4 r=0
11641188233,-12141213620,14370704308,-13719813074,14468274527,-13497716622,11443388732,-7424871446,3640639502,-1204694656,197675676,53705598,-46976501,15426102,-2220948,-281778,222870,-44880,5604,-782,-121,162,-28,-2,1 # cft deg4 r=0
703109700,-4407084360,9800866344,-7832752924,-1705363923,6018556236,-1959902316,-1494084092,955448920,139323448,-190193134,-2734200,22513826,975164,-2309962,-259340,208413,25840,-9494,-3708,735,120,-6,-8,1 # cft deg4 r=0
3700623440,9772699776,11037273332,8768375812,7386683973,5062708916,2561762500,1483536804,656359236,204864936,122882338,15202728,10663942,2382484,-380698,382676,-102987,6776,3222,-3772,1235,-328,66,-8,1 # cft deg4 r=0
824228083636,-1022471087608,644215588336,-252836977292,165713172769,-79861411224,31294153506,-8549118276,2825403471,-1014320860,365759082,-113819864,39205569,-12808472,3933714,-922100,265474,-51148,18578,-3516,1408,-272,72,-8,1 # cft deg4 r=0
2038535168,-5739284736,28266433888,-28512676368,47517905668,-32685611240,33884787872,-16413540732,12226632301,-3839867562,2265066944,-357123462,197651281,3086758,7485854,1231880,740867,-137414,99158,-17192,4892,-592,126,-8,1 # cft deg4 r=0
270333461,413908830,652827007,429445352,323394479,125826794,64809273,15655760,5780704,817300,542338,305932,178561,86096,28550,15324,394,1704,-174,148,30,-22,19,-4,1 # cft deg4 r=0
451601,-1082310,3176744,-3524838,79590,5044628,-2374449,-3145732,4625163,811686,-2383034,337464,1253246,-226594,-337199,78180,78836,-5514,-9423,566,836,-24,-37,2,1 # cft deg4 r=0
2620687473,-9782686476,18035556558,-21416175466,18613640752,-13114774094,8116781805,-4538039984,2309687559,-1083065730,470590866,-189271184,71571124,-25497984,8564059,-2739364,817346,-225430,56617,-12394,2574,-416,75,-6,1 # cft deg4 r=0
2443501,10480130,22072833,33237688,37722577,34460884,36622159,42094652,36259580,24669790,15142246,7756052,3704711,1682338,644278,251768,81736,25980,8910,1896,806,76,41,0,1 # cft deg4 r=0
4850966752,-6895782144,9540120928,-8055883256,5680499054,-1641651102,-159032343,852670546,-944893342,617629900,-187335108,-2638558,19276815,-18196148,14436432,-6348872,1352830,3662,-51857,-1566,2982,-52,-64,-2,1 # cft deg4 r=0
58564636992,-42021453312,-24404577136,96942323584,-77603676040,24032236464,27637261285,-45232983818,38555118900,-23667189944,11771368340,-4835148706,1674021475,-503449148,132326012,-29861440,5786668,-986748,160495,-25130,3672,-472,32,-2,1 # cft deg4 r=0
50672982037,-125685800250,167467832030,-151083250856,96973642821,-44682886444,15617272890,-6260458602,4299276342,-2778262414,1086515942,-38862980,-224891539,116227388,-14607242,-6182430,2074942,-15634,-40870,-10588,3469,144,-82,-2,1 # cft deg4 r=0
7370557,32014390,57772678,72241132,80463349,29549240,-78577362,-90098694,13262142,55760346,7647142,-18305752,-4356019,3805616,1088338,-447394,-141770,12334,3402,2224,1453,172,-14,2,1 # cft deg4 r=0
82671125,192688330,237289146,-5218756,-85917635,2824408,294324690,93076342,14379398,-51216346,3213714,34121768,28162445,13252248,2890606,-186894,-290106,-68182,8310,7640,701,-292,-42,6,1 # cft deg4 r=0
28321210261,-41483610880,71175753182,-62966477146,53498639152,-27695335310,13065779238,-2654387256,256964425,482655852,-128978430,47052114,12638639,-2210436,1658284,314530,7506,21518,8348,606,-45,154,4,-2,1 # cft deg4 r=0
1714675933,-784870964,-281931645,365275434,-155628307,23012610,41652881,-21348454,6885001,-1256974,-1882631,1869320,-338402,-210554,174756,-35852,-20093,13184,-266,-1556,307,88,-30,-2,1 # cft deg4 r=0
4123673525,-9146928426,17557797260,-22993312786,23539261386,-16132113828,10640544336,-5514911378,1946836583,-587852020,130601544,15861316,-13788773,-1384018,2355562,-474830,-38952,24878,-610,-1294,445,14,-12,2,1 # cft deg4 r=0
10874725,19061340,30355997,39389130,51519304,46847638,33665525,20202434,7612415,-4682228,-8284796,-3070788,1075421,989400,118532,-54520,-17762,-10418,-3461,1274,704,-20,-38,0,1 # cft deg4 r=0
2795946709,-599611110,1817599410,-1271455082,789964326,-563813860,380219708,-133555746,122217387,-38565386,17278796,-12938778,2004620,-1529878,739292,-78364,75030,-25566,2830,-1840,562,-72,18,-6,1 # cft deg4 r=0
35527000,-133114400,247538120,-304552688,273088940,-184533712,89893120,-29848696,11621210,-9280656,6436350,-2496556,773959,-343300,-12896,72298,-13105,4510,-3037,8,224,-48,19,-4,1 # cft deg4 r=0
193889,751620,1557296,1099000,-101955,-1911674,-1446970,1455132,1075960,-648652,543776,294574,-165135,79388,10754,-19182,5198,-576,-412,106,42,38,4,2,1 # cft deg4 r=0
6089,-22840,29207,29538,48268,75666,67856,67080,154171,171436,140131,143434,83216,6576,3187,-90,-5437,188,746,260,364,46,33,2,1 # cft deg4 r=0
299113,-1256014,1470394,-718518,1578300,-1451112,92834,-803550,638450,284068,361272,-68684,-106811,-112896,-20318,7756,14484,4570,570,-558,-113,-8,16,2,1 # cft deg4 r=0
25777,-50416,27302,-124380,252579,-27844,1045702,1181004,599944,-970272,193126,252712,-28579,-37576,-4528,19256,-1810,-1872,88,52,88,-20,6,-4,1 # cft deg4 r=0
315605153,-128477580,252727631,-180506542,286354678,-126157152,193406017,-66358106,76805205,-19306296,21747802,-2867632,4629578,-111904,811102,70012,123662,19212,14320,2340,1099,152,47,2,1 # cft deg4 r=0
326681,-368520,1040458,-192156,378367,979068,-469818,696540,62568,-171272,247090,-141560,47557,6032,-9856,10696,-1978,688,672,-268,244,-44,30,-4,1 # cft deg4 r=0
70895824,-162566448,-32578556,35960304,160358264,97512284,76438341,48344224,31014527,10450624,3715383,1198780,534031,52944,40879,40308,31841,10824,2454,120,80,76,35,8,1 # cft deg4 r=0
465727869,-2403472662,3166010628,526016922,-1688579060,-506233144,857219002,441885126,-87316565,-114016590,26354178,95919858,82146486,46315978,18744116,5789944,1450760,327422,67746,10972,2428,256,68,2,1 # cft deg4 r=0
28706509089,82445658372,96908587932,44252412780,-19863757739,-37952261754,-16940619960,4712925656,9592738317,5067849380,1045023642,-162213774,-124638239,-4741950,11515138,2617778,-332457,-185978,1690,11712,1837,-146,-52,2,1 # cft deg4 r=0
857088,-6142464,18058368,-30069760,35099424,-33409152,27061984,-19722368,14181740,-9633800,5973024,-3718820,2411681,-1535808,938810,-523812,258251,-111336,41052,-12652,3207,-656,106,-12,1 # cft deg4 r=0
20407952,9385888,17869544,48415120,30326237,15135406,16997195,-1628804,3682868,106818,-915827,1380096,-950737,403152,-41440,-80644,82059,-47450,21045,-7404,2132,-502,91,-12,1 # cft deg4 r=0
7336024,-13721568,10937096,-14299488,18780522,-14319776,8117406,-4513524,2064293,-221944,70980,-443680,509512,-334320,119024,16768,-41086,19096,-2796,-1344,1038,-368,82,-12,1 # cft deg4 r=0
5805056,-6618496,3871512,36704,-3010048,4981080,-4617782,1391620,1483980,-1966852,1310709,-593418,268391,-139664,53765,-7894,-1045,-212,875,-238,-79,32,9,-6,1 # cft deg4 r=0
2439807665,-6837481766,11450120758,-14635329132,16264545492,-13231491026,8538231819,-4386884468,2260031369,-934272472,312903346,-127134392,37280326,-5303258,4640333,-229516,163538,-75976,1507,-3096,904,48,57,4,1 # cft deg4 r=0
282285085,-542430162,950966404,-1050257140,1037216230,-850132756,638452891,-432358264,273289427,-160928828,91271670,-49357416,25036714,-11916264,5248825,-2077576,765508,-241494,69837,-16116,3400,-526,83,-8,1 # cft deg4 r=0
158854825,-887277770,2182353168,-3074220422,2694609930,-1466210316,425184468,484538,-54490229,40949048,-35076952,18245828,-1321289,-2819982,977766,-14306,-5864,-5550,-5118,1838,29,-14,0,-2,1 # cft deg4 r=0
15327473152,25403559552,13561884536,-1505170736,-3211855878,1228589826,2608468035,1395905572,380793079,102966320,79066636,61863338,31768677,11006918,3175198,1102856,502997,208152,69441,18654,4012,720,114,12,1 # cft deg4 r=0
2799142209,7423347618,7035758388,-2128914372,-5142193122,-918079338,2073212675,1337093900,-83315513,-399085498,-99464398,57125312,44945791,5848528,-3623226,-1745814,34163,258996,130123,38998,8902,1528,204,18,1 # cft deg4 r=0
88711849,186397168,424027867,510824910,609147725,481165638,374348485,205058882,114045307,43884480,17214569,2581088,-74008,-624564,72336,187736,79281,-12734,-12174,2384,1027,-152,-30,6,1 # cft deg4 r=0
1313500477,-3325298420,2225402112,-776164606,866118704,-438932408,461337294,465562358,-359098493,-106786920,39927780,599940,-6776561,197684,1570498,356064,36604,31648,18926,5358,1059,198,44,8,1 # cft deg4 r=0
305317,-1087658,2098304,-2480624,1768391,-1213186,1920934,-1955926,2481711,-198654,1076764,86822,103785,31186,15340,45412,31409,18778,9606,3368,1087,276,46,8,1 # cft deg4 r=0
9395261,-73883502,243281234,-419305916,356655474,-21071282,-252297876,206420880,-3038715,-86675396,41774114,9463290,-14364541,2566452,1959888,-927350,-40394,111164,-17128,-5426,1749,54,-64,2,1 # cft deg4 r=0
3650473,-12676702,33403876,-55870674,73112642,-73989932,63908967,-48080362,32865865,-20501988,12054484,-6378694,3149758,-1495516,727631,-335732,147658,-57656,21541,-6666,1814,-378,71,-8,1 # cft deg4 r=0
188541,475488,448830,-134492,1818531,-1828912,2867612,-2908808,3054065,-2660168,2147674,-1554160,1056699,-620240,317202,-128576,40973,-9412,1696,-568,375,-184,50,-8,1 # cft deg4 r=0
148,-360,1936,3376,-7308,28032,26036,-171560,308473,-307182,221198,-129916,76946,-44594,26121,-12876,5941,-2172,888,-354,149,-46,13,-4,1 # cft deg4 r=0
146772,487872,82432,-869416,-131335,465852,-428592,270872,590616,-592108,-225402,508912,-113582,-167032,171486,-85368,30533,-7208,1354,-308,211,-64,18,-4,1 # cft deg4 r=0
151253507597376,102261229838848,-54896957797952,-51570498794880,11329247030096,14121392627168,-1338007073424,-2350272173712,117448936160,262507750616,-9793673180,-20681635624,768636701,1179332836,-44326712,-49822608,1474722,1663672,-23546,-47940,789,1068,-50,-12,1 # cft deg4 r=0
992968493,846934768,1403821164,571523732,355644911,-418393730,-737621694,-320615244,220570542,179646768,11419762,-34391794,-9095801,1351776,1162516,113954,4460,-3528,-5090,-1330,322,138,-18,-6,1 # cft deg4 r=0
58820247000,-124683928200,273823634970,-236811336682,24345508095,90662011624,-53991144559,-5140868002,15121281774,-2933333116,-2222197035,971255452,149877067,-155295676,9918298,12652662,-2664967,-379200,180243,-8986,-4554,760,19,-12,1 # cft deg4 r=0
1701588006880,-4560351646928,5387611304116,-3087368783800,835280981992,68790677608,-160765337115,53414589140,4910504220,-7095108082,3105777852,87236304,-110794465,64805608,10805696,-2451356,673536,236336,-16661,-2396,1704,150,-20,0,1 # cft deg4 r=0
1165673783125,-1791325071120,146482962072,1092228202562,-480898290509,-197650656082,141460456204,20356176862,-20992014990,-4255791972,3953692256,-162889974,-211165817,-18932022,28910724,-5033726,-279190,151052,37328,-19930,939,606,-68,-6,1 # cft deg4 r=0
20365813,10724932,-56833224,-5983992,66219692,-24291068,-21963786,32378166,-18086033,-6806404,17571288,-7996188,-1802429,2392266,-171398,-362534,68148,38444,-10214,-2870,943,122,-48,-2,1 # cft deg4 r=0
638968097,-1081521408,455654988,-133488074,1166042930,-1887459156,1480170430,-1012033900,835439933,-461676584,33194436,104912572,-49141577,734786,5161994,-1291578,122580,-104652,58990,-12856,1477,-360,118,-18,1 # cft deg4 r=0
4891181,9519486,16034643,11811454,9342449,-1956680,1724241,3535434,2122917,-2054258,-221947,2174708,-1228742,1832,419548,-233220,50407,5790,-3870,-172,431,-36,-18,2,1 # cft deg4 r=0
1189325,-10096196,38900871,-81080740,109683795,-108933516,102040559,-68375518,44246841,-24508434,10092717,-4555166,1726000,-334148,112182,-23572,-26305,9604,1174,-818,45,66,-20,-2,1 # cft deg4 r=0
7720086125,-15562104720,12435666983,-5101783092,539356669,2110686966,-3474766173,2766034758,-743318309,-555074814,546504293,-161320890,-5792968,17568964,-6289438,1213844,70873,-117022,26542,-2054,-285,210,-36,-2,1 # cft deg4 r=0
40175021,53342618,15715434,-29519508,13236802,6574670,8861439,-9967536,552077,3821322,1115950,-3808722,2389686,-1071680,670833,-357690,115558,-23814,3155,-190,126,-22,-13,0,1 # cft deg4 r=0
12641617,873926,7104849,-3809800,6292315,-9965164,3759873,-2411132,1291134,-2313118,1533530,-258484,-243345,302674,-72422,10560,13808,-4008,1412,-168,-72,36,-1,0,1 # cft deg4 r=0
1963746853,-3171345608,-179156876,3941032982,-2102141437,-1212641670,1435701288,-350449814,121459706,-147413444,42119060,8158798,-3200521,-978418,425216,-101866,97722,-37844,1452,834,67,74,-32,-2,1 # cft deg4 r=0
119171825,-340295510,345783804,-68711876,-112558036,50631216,25515244,-7758180,-13696383,4113348,3347840,-893884,-553293,-24234,122266,21498,-12164,-5558,-566,1216,195,-132,-18,6,1 # cft deg4 r=0
36320832,12238560,-113743224,-45764316,126016737,76359762,-37867457,-50660132,-14935760,11337466,11278253,826316,-1868549,-333660,179352,20548,-29861,-5870,2741,984,48,14,23,8,1 # cft deg4 r=0
408384,631872,-18144,-957216,-1484448,-515424,1089448,1008776,-217528,-456284,482392,1395460,1640561,1238148,715042,344176,142039,50868,16708,4924,1295,292,58,8,1 # cft deg4 r=0
559773593,-2527128030,5636627552,-7675922246,6557758194,-2911134152,-456025500,1618651302,-1035565005,194548540,138897664,-103940008,20573051,5732362,-3509974,385306,79444,-1498,-4042,-2314,1037,2,-40,2,1 # cft deg4 r=0
166040333,561046624,859904576,1064505270,887514039,-183629646,-952210904,-439817854,258389010,250890060,-2286288,-59401690,-12834189,6808086,3044216,-207370,-338838,-40572,19024,5354,-273,-278,-24,6,1 # cft deg4 r=0
743440384,-385220608,567926784,-1663053824,2071667712,-1596086272,932007296,-342805184,248824400,-243142816,241337856,-198870288,123993432,-66443352,29452744,-11052856,3690553,-1002004,255040,-49884,9486,-1252,168,-12,1 # cft deg4 r=0
12664307008,-13639807808,8466864352,-238918176,-2130717440,762839216,-3044929016,4385875976,-1410183248,-1130786876,1111404382,-347973402,33245833,3146850,-223584,163632,-106769,-26160,26726,-8658,1847,-390,84,-12,1 # cft deg4 r=0
303850884001,-1244991418798,2287845147519,-2490283119376,1778314572605,-853461849334,256242373741,-28143433624,-13333866797,7072445958,-925579019,-458553368,278663296,-68441484,6770432,234080,91877,-67856,-7226,7808,-573,-496,158,-20,1 # cft deg4 r=0
3200000,-19465600,70359800,-164210984,293201546,-407266530,486107145,-480109140,425240482,-321621542,221624669,-130939274,70541460,-32415544,13703338,-4888120,1628016,-444390,116256,-23458,4767,-658,104,-8,1 # cft deg4 r=0
36640232945,-114367584464,155821723711,-120164844104,53516192373,-8088805218,-6755309837,5967201586,-2494810745,594460886,-35522095,-38535698,23834784,-10455192,4087478,-1334908,337957,-64810,13270,-4614,1871,-550,112,-14,1 # cft deg4 r=0
213499925,247495950,680846205,-825786140,-70899788,246396580,1404413201,1232332146,828830043,246282472,27159338,-37916318,-18618355,-6217526,-83322,499136,397808,156170,55471,14244,3266,618,108,12,1 # cft deg4 r=0
16638291225,14369852250,15177772965,12084079590,11643389164,10879033398,6584540269,3819692174,2189729019,856649836,225721526,67521398,10388137,-7069042,-4895038,-1529596,-99954,21902,6875,-624,82,164,72,12,1 # cft deg4 r=0
346436,-2874824,14954044,-41517808,55553264,-32598712,10806528,-7845836,5341245,3362834,-2637841,1280486,-151521,-81582,113682,-33334,15828,3418,926,850,295,52,23,8,1 # cft deg4 r=0
126369,294210,-49572,-826026,-952914,104916,2244211,1580174,1482605,2698104,5338496,6107542,5021222,3031872,1425659,470516,86806,-8496,-10491,-3858,-694,34,55,12,1 # cft deg4 r=0
70352,594128,3126424,4095064,-143528,-4998544,-3910486,-5612,1779758,1315978,1084363,532420,-39831,-137950,-66549,-20540,-1223,2198,1669,836,359,126,35,8,1 # cft deg4 r=0
2797461,10540404,21124863,27865554,28345809,23575482,17494199,13150108,9731522,5663628,2090752,454890,253169,282046,139514,-2098,-38338,-21758,-5898,-444,368,216,67,12,1 # cft deg4 r=0
237,-366,90,-1270,2537,-514,3351,-5392,-3507,1246,4149,1330,-741,-204,-201,-458,-373,38,236,116,-27,-40,-5,4,1 # cft deg4 r=0
1461,-3690,8316,94442,236751,965396,3871505,9422752,14772981,16199904,13138401,8195782,4067885,1659042,567575,156946,27213,-3234,-4912,-1948,-275,94,57,12,1 # cft deg4 r=0
7013,4062,-16792,20150,7977,-4524,44826,-63604,65971,-3442,-12572,33270,-8237,-4882,11706,1320,-1525,108,584,90,-139,14,22,-8,1 # cft deg4 r=0
1304233,4769856,7185262,3789596,-3142056,-5619764,-1827442,1942632,1658789,-126592,-518730,-42872,118556,11448,-27368,-2200,6480,740,-1180,-132,166,8,-18,0,1 # cft deg4 r=0
102375739589,-247207768740,187241601488,11440392458,-83625570226,29795621388,12518907194,-11533917864,1303039901,1702132988,-737763116,-40435288,116713367,-31695738,-2409198,3241370,-520232,-131220,66166,-7552,-1395,496,-34,-6,1 # cft deg4 r=0
5868089,27675944,54833494,58835312,30914786,-4966998,-16818174,-4773802,6034243,4794948,-1476670,-3215158,-513661,879976,374752,-92370,-69782,-6442,4484,2524,97,-216,-26,6,1 # cft deg4 r=0
3249388249,-22040633328,71620970880,-145280989634,202664073347,-202586770518,146868479560,-76380959586,27420317782,-6258883940,832684520,-181237610,128306503,-53665698,11112624,-1194214,352830,-154524,18408,1114,715,-206,-24,2,1 # cft deg4 r=0
36657694,242612352,718678982,1229797994,1361014133,1052906872,602660301,252088260,65568650,5041564,-2760931,-1932742,-665487,42280,80502,12826,1219,-2292,-1249,-140,182,56,-9,-6,1 # cft deg4 r=0
7427072,13848576,-10784896,8849216,26064692,-31397724,33169410,-27504716,19561640,-14508072,10181221,-6272200,4142531,-2007224,1132453,-500296,254991,-109496,45139,-14552,4081,-780,129,-12,1 # cft deg4 r=0
8976857,4199038,-18333480,-80264056,349048740,-702166880,943968424,-928770872,718551109,-427450736,203420216,-68744204,16148247,-597818,-817298,310938,-15152,-13426,3942,-732,343,-192,58,-10,1 # cft deg4 r=0
3395989,-15068638,26774330,-36968394,59070832,-69652586,55930892,-46448062,34787563,-15351696,2238278,4518258,-2342225,762268,341688,-132162,57062,16444,-2144,1800,431,40,26,2,1 # cft deg4 r=0
4268468608,1432523872,-1506278140,-4535884688,4048325732,1357298232,1016347513,789430144,819165699,433104094,130960716,63099656,20144957,3544780,-97002,47000,35137,-9174,757,-748,394,-4,44,4,1 # cft deg4 r=0
21601541,-9568272,-8715108,13206824,2689494,-15265152,1837709,32057208,47754927,42324238,29882756,17010012,8123369,3171540,1179032,457468,185673,61796,15679,2920,504,114,24,4,1 # cft deg4 r=0
13400977,-71919472,165284431,-213295488,179174407,-131883096,132025843,-152891070,143963271,-100208116,50891341,-17929890,3263034,601574,-663338,200236,201,-22670,11002,-1074,-83,198,-20,-2,1 # cft deg4 r=0
94382659136,-39830781888,59346598048,-15663195280,-2922902124,-7662058248,20989532952,-18779051612,10345391381,-4189072810,1368155084,-354885770,64608034,-4052950,-1418913,249224,179935,-106602,24512,-1510,-705,264,-17,-6,1 # cft deg4 r=0
41780684101,-35433281390,1751266974,-5120737204,1494284285,3415277586,-341202915,-876870404,505929725,-8285894,-45147451,-9561652,25069037,-9409612,373439,712342,-167747,-14320,14022,-2054,-257,116,3,-6,1 # cft deg4 r=0
29479309,-2912812,-128040409,389824536,97551863,-1038073572,1459155494,-984408332,311123088,54498954,-105644912,52394894,-7975154,-5096786,3525134,-548300,-227627,111246,-2729,-6156,1028,156,-35,2,1 # cft deg4 r=0
31921216996,-49551831516,49206032298,-24258144366,12579643965,-6519420648,5034870920,-1517699778,508788619,-152975268,157389684,-6646086,-450503,-3330756,648830,503256,68486,-29124,-9050,1764,692,48,-26,-6,1 # cft deg4 r=0
18459849321,840552670,-2302113658,1317868130,220126334,1068633280,-396368772,-133055366,127212939,-15318198,22483904,-16421082,3926812,-727574,584816,-306736,128106,-28670,2786,416,-306,100,-6,-6,1 # cft deg4 r=0
40769536,108006912,154360896,158409088,118503504,68468224,30605088,12859584,9074872,4815664,524508,-170600,376225,207596,-57666,-34216,18506,10122,-1496,-1344,-69,14,-2,2,1 # cft deg4 r=0
110203549,-124243392,53882135,31633120,-25786887,-2259966,20288275,-23030198,32183771,-40527938,33800381,-19628722,10629124,-5977928,2424182,-328580,-156615,54690,10546,-7214,399,314,-40,-6,1 # cft deg4 r=0
40579435769,-16764423176,-38283435458,19544820346,17423145392,-11871916366,-3553311394,3862412336,73688137,-673469020,97351282,50411286,-12017361,620240,-1144560,131762,213094,-62814,1820,-70,171,134,-40,-2,1 # cft deg4 r=0
5873165285,-9214218846,1054937147,6911617678,-4049897681,-1810525014,2220631829,20627734,-644304627,113738420,119681221,-35366648,-15258348,5845570,1360844,-608592,-80265,38578,2938,-768,-155,-88,6,6,1 # cft deg4 r=0
12735319,-3819545,36875873,-9632712,-7968932,-52212069,4400000,40909456,8116426,-15965628,-7115303,3588143,2263429,-367019,-332621,-11780,21118,817,1033,483,48,-97,-21,4,1 # cft deg4 r=0
35392333,-75169983,103975465,-131454178,113644396,-38798442,-9937123,-15342812,23899295,7959867,-14963109,-4016489,4704988,2683671,-122441,-615978,-179681,41269,30380,2397,-1637,-361,17,12,1 # cft deg4 r=0
4109,14294,-14349,-46728,162379,386456,67686,-436583,-252897,282671,391389,112204,-121899,-133870,-39838,18382,20909,6918,-804,-1605,-530,3,47,12,1 # cft deg4 r=0
756391216,-1682192512,9984880532,-6982481044,-833828715,4951469564,-2791760597,-488452294,1268645997,-707151007,274711453,-92500017,23860664,-11468617,10021185,-5091328,1318438,-163383,18895,-8766,2020,-51,-17,-5,1 # cft deg4 r=0
16438967360,-17669529632,12977716816,-2401977944,-2843882348,3538776378,-1698417361,278619421,270291517,-222921137,84764411,1842597,-12403315,6206390,-753805,-498991,242147,-34759,-22860,6234,1528,-255,-61,3,1 # cft deg4 r=0
6694783,6075254,17040489,-4599494,6833647,1939640,-2122323,1115694,2776629,-2230293,-1299861,948823,441613,-439687,-85786,123366,25768,-26364,-3879,2814,514,-169,-31,3,1 # cft deg4 r=0
17948032,-5643760,53630228,-137367164,100208687,-2348344,-94900910,121489697,-55812424,-27276596,62927849,-46813661,22399664,-8575014,3000058,-939963,292255,-89477,21411,-4192,1014,-181,19,-5,1 # cft deg4 r=0
1638897373,1848144173,460230671,-437190587,-319500302,-5763372,15044490,15051973,20145801,-2117083,-3119405,1526844,162388,-555340,-29837,127667,8889,-20305,-1542,2064,250,-117,-25,3,1 # cft deg4 r=0
13948216,36343296,11472698,-36134201,-23597677,8002372,7767760,-3960825,496769,3561355,-1105731,-1159480,702206,414600,-218352,-106082,40764,16339,-2875,-2466,328,121,1,-9,1 # cft deg4 r=0
278653,200601,358796,-442000,-195290,-746878,366611,389084,1136999,1020998,893271,669851,407408,231171,131567,47686,30972,6159,5038,525,529,31,33,1,1 # cft deg4 r=0
6293504,6943328,16014852,-10239880,-14717583,-13504971,4691630,19874925,3535763,-10180548,-624997,1319205,39957,97687,-31920,4578,-10219,-4234,4398,-565,-357,141,1,-8,1 # cft deg4 r=0
67888,-280714,687527,642516,-2190953,-2057718,5194514,2843906,-2582882,-1006646,1345330,-544406,-415801,563692,78805,-191010,-6002,34746,-277,-3830,171,240,-17,-8,1 # cft deg4 r=0
2949115621,2245358378,3699539865,2358810882,2565507222,1498974833,1330083094,696220165,491883935,221867065,129541149,51379051,25057292,8832593,3650819,1129212,408111,115235,34870,8800,2150,476,84,10,1 # cft deg4 r=0
24417787,-35513634,-16423876,21966909,64863549,-77235948,185174373,48103600,110658597,-129138583,52471132,-52070645,16296975,-6110844,3500827,75668,530565,82881,52659,8378,3134,379,98,7,1 # cft deg4 r=0
3090221037,-2614977231,-899979734,2646814525,-1100039725,-757239612,1040096022,-133452495,-339471270,151126904,44731737,-88558247,49000928,-10608138,679789,389164,-218568,52533,-9521,1488,260,-103,20,-7,1 # cft deg4 r=0
4667411529,-12072867477,20630281261,-24796935250,22638625886,-14283965538,6288009898,-1116803040,-750194486,959446434,-442256230,151965495,-31465360,-4059762,6160801,-2918079,1019709,-264653,53313,-9603,1606,-293,57,-10,1 # cft deg4 r=0
44536,-33060,348536,291809,374519,-575558,-538719,-263069,767518,675872,216972,-315054,-315279,-127760,2540,37886,26513,15596,5723,1687,437,65,23,2,1 # cft deg4 r=0
52136,-338884,1210300,-2863805,4543336,-5183927,4728413,-3919276,2903654,-1776612,1310910,-432500,232967,-111383,20416,11952,-9441,4917,737,122,138,-54,-15,2,1 # cft deg4 r=0
12525963,-27823687,40415678,-40031590,37295624,-26094832,16387355,-7878203,4627021,-1439164,964055,-125830,361790,23244,79554,28134,22749,5507,2807,571,226,33,21,4,1 # cft deg4 r=0
2305647,-14173902,44931727,-91622239,135977061,-148130420,122354127,-76412266,37580264,-14414723,2880228,1685690,-1801340,409287,139113,-31763,-18357,-5729,3912,1231,-211,-113,-12,4,1 # cft deg4 r=0
1020209,-3009805,4951918,-7634235,11326639,-13984921,15010727,-15582747,15000353,-11629805,6906095,-3532380,1883043,-976277,407603,-147351,59364,-22870,6461,-1710,564,-130,18,-5,1 # cft deg4 r=0
5800237339,27576616236,58631044771,68461592485,42088037537,4613194599,-12436499320,-8058594667,-525549373,1323988206,482402203,-3438120,-36533940,-11881404,-2250828,336450,273783,44165,2891,-1145,-730,-95,3,2,1 # cft deg4 r=0
4333751,827587,61242131,-89811491,68772708,-45980891,49303956,-70103771,64943528,-25452979,308005,169237,2462970,-1176760,-21787,45378,49270,-16008,-2760,300,512,-46,-19,-1,1 # cft deg4 r=0
1,150,7386,-10818,-47382,107863,373709,387657,275230,282864,257762,163289,156323,33019,45445,18829,21956,-3007,2835,770,743,-60,57,-3,1 # cft deg4 r=0
947923,2424421,3451305,618265,2892909,-1057417,-3920020,3778257,3114267,-3608241,-563296,1608058,-282078,-295049,194777,-41001,-11581,11616,-3574,114,413,-206,55,-9,1 # cft deg4 r=0
315968,1293216,-211900,-4890588,8207257,51459472,81933605,71210723,47761289,25256404,7504604,1702289,761255,-122963,88627,-50922,10444,-19520,7764,-3385,1837,-187,81,-3,1 # cft deg4 r=0
734584,-1562174,7213565,-21512566,34217429,-41969401,49452996,-52710316,49581313,-40364825,28410957,-16854362,9084630,-4107740,1826572,-664216,267495,-75568,26645,-5317,1672,-200,61,-3,1 # cft deg4 r=0
3038848,-15680944,34347232,-46218944,53751668,-65522013,73369311,-70375656,61607934,-48573671,31887101,-17671438,8912306,-4021938,1592320,-605416,214584,-65966,19990,-4721,551,-160,42,3,1 # cft deg4 r=0
10611904,-14153696,-2241328,18305208,-380764,-16171618,3326931,10955111,-1886707,-6133808,393404,2476232,214455,-703807,-136506,124673,39911,-13834,-5962,790,580,-18,-30,-1,1 # cft deg4 r=0
549457976,-1434734800,2835983158,-3939985695,4616407734,-4429500062,3721652739,-2695549731,1747891539,-1000983598,520780566,-242116195,103360722,-39556948,14029643,-4435502,1313021,-339628,83707,-17126,3491,-516,87,-7,1 # cft deg4 r=0
841921371,-2281916286,-3138821604,8164933947,6140847942,-6334838964,-2547556276,755642531,95639078,182102738,12233961,19936118,27607000,-927736,501270,-158308,441939,-18124,-20339,2035,1649,-53,-57,2,1 # cft deg4 r=0
3354645637,21833525742,59193206977,83892311746,62000338500,16702833400,-5586472372,-3114259248,967205193,575424825,-43382618,-17405352,4114668,-3815569,452201,643195,-121286,-6888,7025,-4661,966,169,-59,-1,1 # cft deg4 r=0
30239848,-122516268,313127388,-525288001,720183469,-807146256,815747138,-730706039,584135551,-403750893,236233653,-115069752,46707376,-14344946,2587550,385182,-430104,131159,25603,-12600,412,413,-29,-7,1 # cft deg4 r=0
344,1378,7943,26084,122611,305736,115224,-702367,-1219295,-630142,500481,1191621,1070650,510709,94000,-30690,-26333,-6295,1727,1215,118,-48,-15,-1,1 # cft deg4 r=0
75904922,-196348950,537768049,-134966107,-77193506,-263357255,259669014,22665502,-171022462,44266763,47365575,9126826,10089247,4573669,1242526,468055,251776,12233,27275,-364,1710,-62,65,-2,1 # cft deg4 r=0
4381426,-21899976,37329055,-7663048,-222576,-73439594,144324211,-155874678,120422050,-68631728,44935380,-26655042,18793810,-9580676,5204494,-1947974,804070,-205246,68747,-10848,3397,-260,91,-2,1 # cft deg4 r=0
46011189,119502852,171434713,152560875,108353848,75500344,55194082,38967394,25236305,15308896,5945546,3210639,3095087,-200781,-552213,100437,69390,1904,-4548,-241,1030,296,67,9,1 # cft deg4 r=0
415783,1484480,3069595,4861652,5756508,9171892,13437359,9285454,2942955,1024519,2747295,2395944,726983,-37799,224681,336625,196392,59813,16640,5167,448,-162,-5,9,1 # cft deg4 r=0
191737,281505,199227,182161,1518231,1141032,-2664610,-7167546,-6870939,-2222538,3939336,7659015,7550188,5252769,2895981,1240651,382422,83511,21990,6732,1761,260,45,9,1 # cft deg4 r=0
4476319,-21950140,65436739,-104449214,91774435,-23307123,-29816479,-48940774,15815875,36551993,39985947,28950043,17595855,8675478,3642418,1370206,456302,131570,33133,7828,1657,258,43,9,1 # cft deg4 r=0
9909456,16520400,14793268,3558648,302527,-6645484,4013641,8972114,11997696,6857357,6612477,2554242,3303639,1093707,1110905,295371,221420,47560,26336,4414,1732,196,58,3,1 # cft deg4 r=0
2455993,3915005,19019269,-13697886,1220513,-6972367,6892052,16077,2047511,-582629,-1393606,142347,141692,174888,25341,-60815,-16165,481,4460,1224,-50,-88,-14,3,1 # cft deg4 r=0
98415,-275562,1732104,-2978694,1994544,-2005479,3156570,-3144906,2895588,-1862838,1376352,-1294947,987471,-672624,360450,-146772,69012,-17118,5697,-918,378,12,36,3,1 # cft deg4 r=0
9994063,-11804698,2020867,4376560,-8734259,6608562,5712059,1942205,5570200,3140775,1382081,883826,248464,27586,-53513,-21665,-711,-2960,1797,663,409,92,34,3,1 # cft deg4 r=0
2233093,4910744,16101381,23816710,29194362,19750897,9509710,-1605466,-4084070,-4304807,-1205297,-167710,728294,315668,217789,-2307,2237,-13646,44,-726,428,13,40,1,1 # cft deg4 r=0
5941176256,18188236736,19655692692,4855881420,-6997978657,-5034927239,886097064,2076318312,505913554,-300974048,-190294917,-12824778,20233094,7160480,6109,-632617,-160655,8990,13229,2368,-202,-147,-16,3,1 # cft deg4 r=0
32834176,91773232,-23224732,-106971024,165165265,-102130978,78673919,-66995161,45877375,-22625210,12178509,-7947651,4571101,-2078956,762174,-346814,171292,-64919,22287,-7519,1593,-219,68,-1,1 # cft deg4 r=0
3623,-5921,7492,-12690,14342,-4535,11291,-29722,21430,5715,-5160,-12223,14300,-5060,1366,-514,-432,263,186,-156,19,8,5,-5,1 # cft deg4 r=0
1564205392,-572059706,-576986407,606440424,-291356955,-49864609,63329232,-29864244,30205679,-9769051,478405,776540,-546230,318330,-162662,44378,-8321,2426,1191,-1421,574,-146,37,-9,1 # cft deg4 r=0
1058779,-1987101,248126,6983398,-13241895,182985,46757472,-116426826,174048568,-189394215,160532669,-109453778,61077832,-28160360,10797955,-3469105,948989,-228780,51282,-10915,2066,-310,41,-7,1 # cft deg4 r=0
78737,-153576,406390,-239580,367837,-138093,582012,-617982,272526,-84594,214716,-258232,141180,5611,-50078,23183,-60,-2199,599,-297,92,40,-19,-1,1 # cft deg4 r=0
309121,356481,1848008,2576313,3802188,6661832,9717665,9454948,6656115,4109042,2324482,919064,158141,60555,98565,50446,15061,11171,6241,880,-293,-31,41,12,1 # cft deg4 r=0
12812807,11506131,7520629,803484,6561367,12333893,15584834,17133159,15394658,12674442,8798760,5315619,2840352,1301541,524035,175608,50754,13038,2797,540,268,168,62,12,1 # cft deg4 r=0
272069,-6038879,105857102,-181293759,114900768,-30564030,25860482,-41646774,27603190,-11289473,8051979,-5445896,1609367,-90398,46518,-31721,3169,-656,1998,-353,-32,-10,-3,-2,1 # cft deg4 r=0
1433545,5962988,10798871,12460238,8943006,2713970,-284091,464100,-309399,-3151446,1648055,946496,-339858,-37074,-61440,2594,25570,-2292,-3133,114,415,-6,-22,-2,1 # cft deg4 r=0
6884093545,4907387534,-4266889032,-6861947750,-1645537159,1988207144,1708683284,436388274,-109572547,-109314170,-36816164,-12523392,-849603,3179792,1507924,89298,-97027,-21570,684,-160,-495,-90,24,10,1 # cft deg4 r=0
1273041973,432743570,2512568753,36968739,1015712724,-323996946,-29432878,-78445193,18359434,-1164109,35349363,10340580,4430500,930516,1148567,137506,-6133,-19447,3336,-482,-118,-115,2,1,1 # cft deg4 r=0
4617083,11554050,10495830,3988535,-3672010,-11185557,-7999274,1297756,2886645,604187,1119455,-636160,196376,-89820,53357,574,7754,-523,1890,-303,330,-64,27,-3,1 # cft deg4 r=0
129439,-292744,295190,-193900,547466,-482997,379795,-28016,317076,498834,485665,477382,355702,219040,109073,43106,11154,650,-1076,-681,-207,-20,14,6,1 # cft deg4 r=0
50074733,90474764,42997728,3579740,23000582,35793188,27633069,3731868,-10237556,-7710914,321599,2036637,318450,-91605,28449,-34105,-24739,4042,7558,3485,901,101,57,-1,1 # cft deg4 r=0
286128056,-119139214,3595211,223382278,-9457503,-44239994,32813643,9426242,-477298,-681804,2754926,-782439,210669,78407,152,-19307,15170,-2165,340,31,109,-16,12,-3,1 # cft deg4 r=0
23820021,-155432160,557723661,-1252246928,1980142918,-2240034637,2105302273,-1535775909,974278595,-518362032,250717320,-113455170,48162171,-19227904,6893401,-2241540,676806,-179503,47644,-9507,2253,-308,70,-5,1 # cft deg4 r=0
478463783,-962382736,981479947,-562551262,196006517,-96920628,84764547,-32899384,-2007705,12333202,-8043609,274862,1543158,-276554,-91336,8280,-6463,4774,1660,-490,-109,-8,0,4,1 # cft deg4 r=0
43799,-61404,56820,-40148,-14790,-5828,9816,-8900,41042,6642,27341,10674,5263,1728,784,-856,-240,-204,-39,70,58,-8,-10,0,1 # cft deg4 r=0
138201,259728,277608,-18692,-121385,-21450,150165,98274,10847,-36604,-5153,3008,8940,1892,656,-1312,-511,138,161,58,-14,-8,-7,0,1 # cft deg4 r=0
669,4428,12672,18704,15135,11468,20408,28394,12269,-17744,-22487,1060,13942,5080,-2070,-736,826,-168,-292,34,109,-8,-1,0,1 # cft deg4 r=0
520921,1720796,2658227,982718,-2203156,-2265736,1065038,2452018,271728,-1451952,-571079,585780,391192,-155550,-161567,25058,45540,-2544,-8063,202,820,-8,-43,0,1 # cft deg4 r=0
11370496,-52035584,135249920,-265580544,449527808,-470668288,584608768,-468269312,430050816,-265400896,179428352,-90105520,50216816,-19485412,9541614,-2677299,1178536,-226183,90237,-11161,4076,-290,99,-3,1 # cft deg4 r=0
460532716,-283499160,-133274419,421425003,52077832,-454173818,493323789,-350819382,132258070,-39903386,41514134,-24239443,5048649,-1510878,1058881,-369534,133497,-14196,-15235,1757,1271,-100,-50,1,1 # cft deg4 r=0
468892,-821868,1780076,777608,2827037,-2761695,1007465,1149803,28183,-2852281,1015604,2082334,-1631206,-374956,713837,-85497,-131999,40133,10808,-5502,-175,335,-23,-8,1 # cft deg4 r=0
1323308623,-2998295545,5724037242,-6291005728,5779829822,-3445667591,1860502172,-580054220,242325059,-19404558,31699343,1996249,7456716,451228,1292548,114106,144665,18530,11175,1408,777,9,44,-2,1 # cft deg4 r=0
2663413,371318,2617062,-1726171,-3814396,2061821,2683731,-2039842,-308057,761434,-61613,-97964,15439,-39729,358,11116,-1423,3437,870,-247,323,-107,42,-5,1 # cft deg4 r=0
169352,661348,1236896,1052311,-303767,-1776505,-1696133,47425,1661211,1632187,463105,-366622,-340466,-24712,88616,36850,-6612,-7705,-599,891,225,-45,-21,1,1 # cft deg4 r=0
2803712,-16147392,56166572,-143862772,242886741,-269587427,224076558,-152089268,91830745,-41022594,10662221,1929764,80441,210997,343565,65247,47267,40523,11358,5380,1410,227,65,3,1 # cft deg4 r=0
304592,-1277870,3300649,-6734725,12647918,-22135760,34676357,-47859144,58134593,-62407767,58964740,-48558580,34401532,-20520283,10014726,-3872391,1145682,-246660,36339,-4409,1174,-302,17,3,1 # cft deg4 r=0
2473,-18039,64503,-17789,-180373,271094,-96349,-211289,551940,-446287,-259293,659915,-220824,-289515,268013,-31792,-52858,22595,1768,-2916,345,150,-33,-3,1 # cft deg4 r=0
38515201,41465709,-55450311,-82548034,91856913,42507881,-65191229,-9300431,23927909,-4936746,-6259895,3188947,1986160,-262938,-263933,-97839,-34524,10583,11532,1555,-783,-242,4,9,1 # cft deg4 r=0
702787,-2013343,4511227,1493835,-5780236,-3248789,3278453,3871360,8150,-1923460,-1188626,-73095,410991,322529,69668,-45722,-30819,-41,5418,1289,-327,-144,8,9,1 # cft deg4 r=0
961,2232,5888,10390,12337,17902,31135,37451,37713,34646,5749,-37287,-38870,-2234,17770,9432,-513,-1570,-10,297,27,-43,-8,3,1 # cft deg4 r=0
39638272,68828176,120541236,106716280,85889845,35513624,2602775,-11806944,-14311124,-6337864,-2607968,480692,608326,295325,191509,-24848,17196,-16636,1112,-1741,307,-41,33,1,1 # cft deg4 r=0
11042082,-151087980,619571701,-719271248,376375583,46073572,-39687564,-33227504,55877869,-20061180,1980719,4316878,-3097310,1275118,-159733,-102576,67383,-20304,2640,676,-462,114,-1,-6,1 # cft deg4 r=0
107130592,-82390000,-122555843,94264385,51066846,-46253407,12049372,-13897307,9969338,-5657192,2912634,-162014,142742,-163661,-86442,26217,10797,2126,-570,-1031,326,-46,15,-6,1 # cft deg4 r=0
185679,-2157354,11649192,-29191313,55393586,-69984142,61827709,-46338678,33398312,-21056701,10942989,-5235074,2613615,-1186627,411733,-118490,43591,-17581,4999,-1058,306,-85,18,-2,1 # cft deg4 r=0
1648157,3080448,15455405,-12475008,63729449,-56956564,81992878,-64839842,51495787,-33732970,18042758,-8826150,3616945,-1290002,439755,-145372,44542,-14666,4413,-1136,336,-96,17,-2,1 # cft deg4 r=0
985168,1466510,3592423,930043,3532703,7458522,11761261,2361686,-5182999,-4186228,353488,1429457,339622,-256807,-124482,26562,25029,-477,-3443,-285,322,44,-21,-3,1 # cft deg4 r=0
16152896,51763280,35868040,15016043,199547271,549689923,1068879421,1430583344,1401801498,1127246871,749833183,423107658,208876608,86171854,32335826,9600494,2748604,545637,125663,14237,3661,150,88,-3,1 # cft deg4 r=0
3696309,11002635,11279970,-971619,-6514254,-2222397,3749776,8688558,9118705,4054103,205679,376789,1171135,869925,347897,97924,11949,-5860,-2374,-289,-176,-53,17,9,1 # cft deg4 r=0
117483499,14584255,-171179777,96356958,733234393,1309885685,1535995034,1362733110,973544009,604585780,336259933,168796653,77984157,32460537,12479575,4299960,1370316,387393,101013,22827,4714,795,119,12,1 # cft deg4 r=0
308749,-1279292,3045791,-4179847,4307345,-810166,556724,-2337510,-974561,3251451,-1351252,-414351,768013,-543334,313046,-111917,45700,-12852,5199,-1308,484,-118,39,-7,1 # cft deg4 r=0
1517707,1245778,-1898325,-2802463,1080215,774591,4133622,4113226,4273210,2089015,-724481,-1271968,-139027,108826,38588,20874,12573,-3830,-313,-327,-74,-6,8,-1,1 # cft deg4 r=0
16918221376,-56993615392,103236885472,-115094955080,83432152120,-34127339802,666042217,8651490974,-5372327526,1229946441,186419811,-177679976,47336798,-10868987,4350851,-1561204,362187,-54412,11710,-3172,370,47,-4,-3,1 # cft deg4 r=0
4245361,-30703005,196013034,-523128188,804824198,-740792829,371427977,-35408417,-56295854,-6101057,41924336,-13335330,-9154911,5716508,398618,-878226,113785,64543,-17550,-2107,1204,-10,-37,3,1 # cft deg4 r=0
6026862592,-20258083712,34558232704,-37624544600,28209803100,-15016459314,5954263689,-2145958180,989256930,-504298011,188124365,-39265860,4570395,-3381521,2669444,-867182,62188,28958,-146,-4127,919,34,-22,-3,1 # cft deg4 r=0
60758800,170524400,360404932,443940240,705122803,445909094,438609827,225021866,41083380,-4672591,17353798,10526126,2407412,713755,541034,80974,25225,14983,3458,-6,701,-158,53,-7,1 # cft deg4 r=0
26591959,149349823,413320625,867053907,1425132905,1648743855,1347110285,846238071,462709385,238607198,111718440,46095842,17396948,5785158,1809715,574601,147926,40710,9750,1850,682,36,32,-1,1 # cft deg4 r=0
1888384,17869808,88007660,272660404,567642731,806180679,766829337,482437827,219304059,95111023,41823371,14585116,4472540,1555032,590788,95520,40692,10224,3641,-747,751,-175,53,-7,1 # cft deg4 r=0
95389,82803,-388892,-501417,500368,935134,57017,-554941,-446658,-142139,77726,99948,77069,81250,51921,19777,9690,4874,1271,251,115,33,-1,0,1 # cft deg4 r=0
32061,133998,453417,764054,1107907,858141,809453,560414,196396,215110,181277,9399,-28903,12708,9862,-5100,-2641,1305,668,3,-23,-25,-4,3,1 # cft deg4 r=0
13110881,-39983069,139630988,-127604869,289763362,-166766208,240082332,-144187918,97995107,-58046478,19083813,-5394438,1749885,721567,-363884,-180971,78018,18814,-6589,-2549,879,73,-39,-1,1 # cft deg4 r=0
6005157111,10631669028,9108373951,2216772674,359574138,314827245,-234227819,-82341362,41801600,9310046,-1360479,2933556,1427059,-1085703,216970,6839,-23562,2257,3070,-912,-214,5,5,5,1 # cft deg4 r=0
4841973767,17474676908,28764637476,30175542271,21788858801,10793286015,4713571453,2924463820,2092996706,901309421,144001011,-43707379,-38004920,-19763260,-5638528,-564681,45497,53383,32111,9496,2000,423,58,7,1 # cft deg4 r=0
13628944,38168704,150978716,108918712,229792661,-133571179,22334582,-231246161,162320171,-108251616,196936641,-185851309,96359150,-36031088,12191545,-3289533,357895,96104,-28187,-1713,772,130,-19,-7,1 # cft deg4 r=0
297128309,-2839250144,8634018140,-9377141299,6718809592,-2655903057,279391017,999492672,-486070371,-131240570,91859211,-1734866,7662967,-3879169,-584918,230268,55907,-15525,2918,-1271,393,11,-28,-1,1 # cft deg4 r=0
6337508825,13801267505,16407966718,2296571999,6606057902,1315193579,2118478427,-113912061,149860810,-165309907,-2930610,3205795,3424837,-1753826,-976371,298691,101296,-16434,-12282,604,1010,-18,-16,1,1 # cft deg4 r=0
5888359,7685684,1326033,-18016009,9011632,-1422889,-419768,1310650,-37335,-413898,279769,-181298,52619,22935,-26807,15401,-2455,-2026,1200,-349,-23,32,-4,-1,1 # cft deg4 r=0
126221363,-51590127,-3225736,94906591,80406916,-3624977,15400382,-5013264,6371486,5444930,2049728,1184889,130897,-66701,-39022,-16064,11350,-812,4529,294,492,45,30,1,1 # cft deg4 r=0
86808547,451878343,945483224,159140681,-1764380436,-1085202216,1523134788,731990175,-688307312,-181552567,147452872,25364220,-10431116,-6667047,631951,776438,18075,-48457,-11376,2617,811,-53,-27,-3,1 # cft deg4 r=0
16699327289,-78769294458,79617199089,51303034977,-45919552402,6758936744,18914147599,-9320772416,-1420839034,725602716,494172309,-119193580,-27154210,-16402412,10258166,-400227,91471,-180276,17677,2287,1121,-234,-20,-1,1 # cft deg4 r=0
1508044175,-288219305,2635805559,-224551644,-1398421974,92279059,1631643418,-758742913,-233100818,32477946,109731523,-8659207,-9266489,-3859504,1872675,-138978,85984,-12884,-2459,-1233,393,49,-28,-1,1 # cft deg4 r=0
17205696,15138720,9505408,22953688,15780912,14373134,23468921,20488653,14559913,7909243,4509864,1817781,317786,-161498,-90735,-63999,-23582,-4089,1673,1073,171,-27,2,2,1 # cft deg4 r=0
544124963,279829028,-607668444,-998537147,1199498801,723930020,-268787717,-126967793,170709554,-199394473,-115322370,94674442,31921597,-5659500,3911537,2344734,142549,116686,53999,3518,1121,448,21,2,1 # cft deg4 r=0
225313256,-373987124,873442462,-652889923,817246852,-235926035,506069614,-17101014,113922570,18474501,20568855,4978855,3033113,1210839,410302,50716,98661,-5321,7825,658,371,-4,38,-4,1 # cft deg4 r=0
449549,-491235,-1065969,166187,953308,731934,445433,-128216,-182874,5068,126052,104375,-382,-50283,-14756,16134,7357,-3611,-1724,647,270,-58,-21,3,1 # cft deg4 r=0
646581933,-1797324660,-593037471,3849350192,1363805546,-1864286155,1059048220,1421575554,-287050556,-240445855,39094571,3238740,2437149,4161304,786087,415454,37012,-10887,7467,229,62,48,29,5,1 # cft deg4 r=0
477212143,420280034,-395157351,-327799514,815087282,72036809,-216810728,-104537751,140480456,95565334,3477092,-7273624,2628505,2904544,478125,-114875,23026,22663,5559,-399,185,43,5,5,1 # cft deg4 r=0
1024601,2309975,52073423,1132467,20178418,-122064543,64713134,-23207561,42158861,-21206747,7262720,-8959936,4127492,-1077938,871728,-240684,21345,-28340,4226,-379,490,113,55,8,1 # cft deg4 r=0
328085,580079,3284317,4276965,11194503,10195110,18264851,13487066,16073594,9934037,8275173,4704825,3112370,1354521,617721,259484,116934,40610,12349,3677,1023,223,39,8,1 # cft deg4 r=0
133,266,-665,-13699,-20254,119795,360809,224397,-162740,-170294,75930,75172,-2257,11552,17286,4226,7520,7051,3253,1177,258,43,11,2,1 # cft deg4 r=0
259009,-307953,109649,-417411,1286199,-1273332,811345,-648099,493474,-168681,84839,-50349,-7405,-3861,265,3529,2011,666,-49,-298,-139,-18,13,6,1 # cft deg4 r=0
20887168,-10443208,9888774,-7076397,3071108,16619669,-11438203,-7538660,2192879,2207355,-96622,248226,-7994,-293740,264862,-20688,-23450,-12625,2723,834,-31,-30,25,8,1 # cft deg4 r=0
729037,191344,7811128,3039095,16650904,-4248556,-2458167,-20306126,-11535953,-65598,12759623,11197924,5610803,1203405,28360,-44019,36743,33454,16141,5598,1567,368,57,8,1 # cft deg4 r=0
3902507,-891408,10680334,515529,9370760,226233,5571629,-321405,3126123,-628586,1199499,-277277,347741,-119807,75177,-14750,5762,805,-412,534,-86,21,12,-3,1 # cft deg4 r=0
127867329,-678863592,2008950870,-3681869068,4881049177,-4880771205,3874059953,-2516449262,1398660646,-694739801,315351422,-132003492,49727285,-17200253,5721729,-1730251,475957,-119463,27595,-5870,1137,-190,19,-1,1 # cft deg4 r=0
23228375,-29069677,3843436,20402722,14988047,6788777,-5978405,-2890003,-1986062,-1139325,137172,139348,203904,94033,15291,17682,8413,-838,2285,652,42,115,11,-1,1 # cft deg4 r=0
479300231,-2675595093,8778868808,-14771934124,17798705131,-16747586371,13173581386,-8828992921,5176990729,-2679692613,1240758425,-514293526,192687352,-65016607,19893360,-5482407,1383387,-310115,64337,-11897,1937,-293,52,-1,1 # cft deg4 r=0
82643,-377916,-21979,1550609,-1038437,519386,2367437,-4121602,3761506,-2419196,579988,154850,-273060,146226,-26180,5122,5658,-1494,1770,-121,-23,70,-4,-1,1 # cft deg4 r=0
308749,1066926,2864386,1395744,1816040,-1620118,-673727,-1625887,613735,892351,746228,378812,-112565,-249166,-84544,20677,25579,7638,-353,-1088,-350,-7,29,9,1 # cft deg4 r=0
8777811,16139424,25650324,28819007,31927445,24745217,16852846,9455241,5176823,3113439,1367339,177087,-76906,19443,74323,48900,12804,-1974,-2499,-600,154,168,62,12,1 # cft deg4 r=0
21991769,-17745434,21506287,-87582359,104147841,-63060480,51605856,-46834251,31082517,-22236607,13105282,-5590646,3029949,-1011488,480910,-176663,63546,-22887,6646,-1867,539,-140,34,-8,1 # cft deg4 r=0
141670013,-111810786,-53897055,52428928,48725805,-57090414,17166919,-12646158,17869058,-8820924,1626614,-1272132,1260491,-500476,168086,-78098,30022,-11772,5250,-1342,464,-150,33,-8,1 # cft deg4 r=0
32184000,-104284800,120461760,95618368,-174356036,-86174028,249890987,-48146787,-81396901,32456832,18835638,-8872158,-1574083,1126782,212690,-43344,-16602,1999,1850,521,61,-29,-5,4,1 # cft deg4 r=0
2678686136,-1363233116,3082541588,-2986308969,2359170562,-1290589734,1106330267,-748958917,173507061,-157167752,120636362,-17776157,5433948,-7146088,1496745,-95408,135085,-21476,-1841,-3056,755,134,-29,-5,1 # cft deg4 r=0
9680000,-22602800,46519660,-68861628,93072001,-94574348,86942704,-66139860,45164773,-21806692,7823045,-1156680,193211,102038,-56730,66282,-10737,200,-702,-80,146,-50,8,-2,1 # cft deg4 r=0
8611456,41005944,93560649,106331666,81961026,67686689,33679254,17401265,10883628,-1300663,3985359,-1925966,1084507,-575750,220574,-110598,34341,-13688,4009,-1189,367,-68,21,-2,1 # cft deg4 r=0
351900936,-866781324,86066856,651137709,370655347,-350106655,-636378894,240948421,377751528,-135003323,-108854260,40148906,19030054,-7359558,-2308846,905444,212258,-73230,-13389,4727,797,-201,-36,4,1 # cft deg4 r=0
364452984,173545848,8451618,-241015467,341999420,-64747277,58352574,-7531104,85219925,5581527,28805378,9608767,10649403,1575747,861891,95468,23774,11865,-6669,-3695,-592,-41,29,10,1 # cft deg4 r=0
280231,1797810,4557725,-3187036,-4845694,79917,3645017,294901,-994889,-357343,652164,-649875,160081,96196,76830,-80582,-4709,3829,4563,177,-350,-126,5,6,1 # cft deg4 r=0
91737,-213372,641511,-1036668,1510833,-1703058,1191743,-938822,319104,34231,7849,110354,1602,4136,-1766,-7338,-2467,-302,1002,470,-104,-66,-4,3,1 # cft deg4 r=0
13937956,10451224,9944713,19366729,17837438,15617812,15328095,10671020,12109417,4976641,6495866,1790702,2400999,403257,641645,55036,117557,5477,14196,470,1092,31,49,1,1 # cft deg4 r=0
1900778453,-4390067780,4903688230,-4212700128,3454332616,-2421950342,1569440488,-848824795,438658038,-200624935,87837281,-33246906,11805382,-3652477,1110276,-316465,98324,-31080,10193,-3297,963,-201,31,-1,1 # cft deg4 r=0
33423341,89884963,190044785,213137456,220259704,134698893,120228150,42309491,48338661,-786282,20785058,-8001483,8166551,-3638708,2163994,-812078,355008,-103152,35519,-7595,2119,-302,70,-5,1 # cft deg4 r=0
522843916,1182536208,996077292,247138360,135338707,248526460,117053055,-17092082,9228886,16809478,1358224,-2513134,409534,409244,-89239,-52532,7925,3894,-818,-206,108,0,-5,-2,1 # cft deg4 r=0
2305395,-8222952,7699897,6723898,29808777,-58855902,-15337468,37118278,32443794,-24491680,-29022620,20313578,7445801,-7569798,162393,930632,-133107,-33238,6027,-1744,757,28,-26,-4,1 # cft deg4 r=0
248877056,-74993664,274501632,-497285120,81289728,195292928,-60828032,-26692032,-1678976,10925200,-453284,-1698728,37671,160538,79934,-64094,8455,-408,2284,-1114,160,-16,20,-8,1 # cft deg4 r=0
31094032,48141744,-157118828,-406401252,-64973971,714579311,1042383745,774448993,402187255,165058729,58597097,22847365,8683092,2644349,500971,-65018,-50954,-19646,-758,-309,163,-64,7,-2,1 # cft deg4 r=0
42810233,44799129,8785891,-36530894,-26966070,8386669,14888439,-261035,-2677106,286143,-112874,-187001,163577,76423,-10699,-9206,-2520,-1629,-558,214,174,40,12,4,1 # cft deg4 r=0
179274691,447016042,150651338,-73944607,118337346,-92904393,93949025,-19106917,-3335840,-17223524,-6304000,3462728,2129316,-642101,-87587,113626,-17663,5340,8575,-923,-383,190,5,-6,1 # cft deg4 r=0
690325419,983359440,1547245058,1329343481,1068488730,555079650,236015634,45705857,-11552135,-9716339,-4106961,47188,936789,219669,-5034,1461,-11303,386,2491,-247,-195,-32,-8,3,1 # cft deg4 r=0
54272,-292480,467616,-30064,-139144,-543808,1939532,-4663171,7599871,-8203883,6384419,-3708394,1586694,-466826,60128,20656,-10126,-1228,2622,-1006,82,63,-15,-3,1 # cft deg4 r=0
91495744,-940768704,4629220732,-13534663276,25967143179,-34696355580,33460582569,-23703347465,12310384575,-4517775605,1007058008,-14804283,-88418663,37434799,-7444608,61052,424732,-131723,19713,-393,-761,221,-9,-7,1 # cft deg4 r=0
388458176,457673536,-27236544,295375208,960317480,1224952066,1062983659,533953724,243287533,40866622,19049677,-2065991,4682309,-21683,755618,-176877,50280,-24112,8011,-1335,514,-124,22,-2,1 # cft deg4 r=0
2854486251,-10385296578,18930562488,-22037863023,18179237664,-11123026341,5104216250,-1612060596,182905437,169117933,-145477319,70746732,-24878462,6218478,-804925,-208966,195164,-88219,28476,-7609,1680,-302,55,-5,1 # cft deg4 r=0
6208448,19232160,37873264,58680056,55451884,23889518,6001817,9516284,6649302,-553609,-424665,811460,195091,-92331,-12726,24730,5940,-5658,444,1029,-325,-20,36,-9,1 # cft deg4 r=0
134681,136076,141170,145092,26323,16687,97234,89871,90128,26756,31225,-37371,-19792,-13488,-2539,2007,1869,277,333,45,-34,-38,-2,2,1 # cft deg4 r=0
119,-462,595,-490,1176,-1932,4673,-8595,8397,-5449,2142,1514,-2186,-314,2634,-3599,3304,-2013,681,-22,-71,8,15,-7,1 # cft deg4 r=0
1456,5824,17004,21612,106701,40083,227650,13610,217455,-52739,96059,-65601,20690,-23960,5387,-1339,1037,-746,2,-216,100,-1,22,1,1 # cft deg4 r=0
5377,-17678,11192,60315,347193,790985,1370040,1950199,2016149,1742792,1466752,1095832,712013,439457,258484,137086,65391,28744,11405,3889,1151,294,64,10,1 # cft deg4 r=0
18506987,-15448485,73380991,45553740,10980118,-54122815,3068534,-30188594,19742545,-8059617,14096239,996543,358109,-1543537,-307971,-43653,64646,12542,3770,-650,-53,-69,10,2,1 # cft deg4 r=0
16466471,22156631,-9686871,-40972668,-18238407,31421976,25626541,-11834500,-12194054,360634,3928672,672185,-659908,-309849,58312,48943,5924,-3977,44,332,94,-31,0,2,1 # cft deg4 r=0
180833,-522391,-176108,1483185,2123736,-14493166,29258983,-35770056,31201100,-21101627,11819947,-5798926,2622360,-1124464,457175,-168620,53197,-14363,3791,-1144,329,-65,16,0,1 # cft deg4 r=0
612800577,2073658059,3960976243,4925925146,3531965069,870338759,-590274184,-458318244,-22881532,64558433,8762209,-5876947,570869,942036,-152225,-92889,6653,-4827,-1222,1871,345,-146,-31,4,1 # cft deg4 r=0
9505339,3949967,24057686,-12111112,5197732,-7334908,14910199,24459297,10780111,-16472760,-3495948,4089228,4155117,-181316,-525358,-60948,117402,5100,-8727,-1719,1005,-10,-21,-4,1 # cft deg4 r=0
9717129947,20612936484,23693258807,16243243827,7696867790,2512465352,760780046,207016288,109711472,62660990,37134736,16048972,6166184,2493182,581180,365390,62361,14224,9860,-249,505,24,23,-4,1 # cft deg4 r=0
330800,-1395200,936748,748780,5509949,537763,-717412,-1282471,-87040,486889,306287,-45158,-8896,-30842,22493,3072,-1377,-5,1240,-235,136,-43,27,-6,1 # cft deg4 r=0
27756069167,7773806463,-31717705547,-28478803015,20121952563,15173686328,-4095289531,-3834173707,582661067,636769014,106220058,9212186,264776,-4345701,-1175733,40017,102732,35778,1930,-2341,-18,91,-15,-2,1 # cft deg4 r=0
151727,-712624,1704862,-2665443,3466508,-3541195,3271215,-2613770,1851558,-1178748,632049,-303929,117772,-35702,5635,2289,-1450,733,184,5,79,-52,30,-7,1 # cft deg4 r=0
2776393,14682450,55472503,107180870,123030013,101065467,67945002,37100948,14589313,3228623,334309,659755,692856,155553,-99521,-41826,17485,9811,-2101,-1221,210,96,-15,-5,1 # cft deg4 r=0
178000,-581900,-639300,2416327,443202,-1215586,2113568,-1882820,2138479,-1500553,1160388,-683350,418678,-196722,106472,-39870,18077,-5128,2503,-426,326,-20,22,0,1 # cft deg4 r=0
115672,-767790,2009383,-6074794,15508237,-15421502,17221645,-12491581,11894009,-11383566,11701940,-8507940,5621218,-3183782,1565627,-651277,256768,-83010,26115,-7369,1783,-340,66,-9,1 # cft deg4 r=0
13563629,-146634636,628360203,-1406137272,2029347242,-2003024707,1571534517,-1151245637,794177581,-450522008,198082551,-73253711,23090160,-3043477,-1825492,959011,-72215,-61277,19943,-1458,-604,164,-4,-3,1 # cft deg4 r=0
432376,-3837288,-8505476,83401136,191743850,-39352866,116596119,22995876,16614499,8938978,5317682,-511022,1313961,-485282,108899,-16578,-2689,-5216,3699,-2112,802,-252,62,-10,1 # cft deg4 r=0
153664,406112,1001728,1177624,1417304,761236,827744,325134,990974,566503,888732,186758,287395,-73446,70173,-40346,22813,-11012,5083,-1874,699,-198,45,-7,1 # cft deg4 r=0
35626796,-234600436,723639060,-1382201928,1828573771,-1780440043,1327596059,-783070165,377582391,-153398625,52674721,-14515913,3122285,-927159,615415,-335539,105757,-16453,1153,-859,587,-195,44,-7,1 # cft deg4 r=0
721316,5147100,31461796,16413112,32308113,-10353879,-4172153,-11609931,11980317,173674,-334831,-2880182,1381115,416525,-372076,-27123,89455,-34059,6356,-850,214,-105,43,-10,1 # cft deg4 r=0
1176000,-21638400,104265140,-33542656,30584967,-48609176,29209180,-19332082,6635993,-476504,-95991,1819720,-1302124,357326,-31523,-182432,192357,-97928,33576,-8914,1979,-350,45,-4,1 # cft deg4 r=0
530736588,-1454750532,3329013255,-5116550064,5130424400,-3753691881,2157024805,-764377255,-134805285,420177108,-318833875,138293092,-27814993,-7731271,9380925,-4562920,1549326,-422091,95285,-18541,3225,-425,71,-4,1 # cft deg4 r=0
2388992,3010304,7369916,-268392,-4678697,1100391,1730579,-1497651,-452931,-89410,543300,-374104,54433,20759,23151,-12286,5847,-1140,254,151,97,-53,-2,3,1 # cft deg4 r=0
5666067,1928619,-8703288,-4085961,663924,-3432021,9535435,-1444046,6376898,-100884,1957809,-42048,374575,-50419,62759,-5520,11482,685,1599,-1,130,12,17,3,1 # cft deg4 r=0
120443,636494,1653261,2980182,4222805,4915862,5018918,4633804,3713527,2612706,1688338,937703,423968,173001,63706,15964,6099,6377,3209,388,-92,53,50,12,1 # cft deg4 r=0
20288,41664,-19328,-83552,264900,-22736,57341,-285076,559923,-229427,168307,-63608,17248,-23944,16716,-25540,4136,4292,1580,-388,259,36,5,-1,1 # cft deg4 r=0
24535557,-132756084,262746126,-347352780,480016287,-433988238,438077221,-316384074,236893196,-142665861,80636928,-40212980,17388057,-6972714,2387412,-763814,232050,-68261,21393,-5743,1378,-256,56,-4,1 # cft deg4 r=0
122189607,-152421669,296680914,-569202840,580871763,-173948283,168726331,-122077434,-96167649,119651831,-23586004,-19378163,14092766,-2073194,-1639289,677386,45143,-79278,16479,1887,-1662,262,26,-12,1 # cft deg4 r=0
21620771,-83579030,204841024,-345761230,425364807,-352887924,199616167,-80761668,46276181,-28196502,13236796,-1607432,2453469,-490782,281553,-83378,26084,-7494,3877,-888,294,-38,17,-4,1 # cft deg4 r=0
2560000,-13107200,62415872,27517952,150529280,-422448384,427024000,-151689088,-305968,-17458224,40445872,-17858272,-3645,850062,640855,-265970,-57319,26768,5573,-1798,-717,214,23,-12,1 # cft deg4 r=0
21638387,30600964,329901825,764535037,763837434,378088142,151976220,60999914,38648156,4397516,1914561,3460928,35116,997020,213434,101256,70092,2152,10857,-392,960,-35,47,-1,1 # cft deg4 r=0
40692296,23501136,32982162,28011621,38581656,-11225497,-7183613,-4776987,8812206,-1516927,-4256039,2487980,344328,-901326,293726,90898,-79598,7545,8492,-2723,-225,193,0,-9,1 # cft deg4 r=0
43836928,90068080,97319440,61416032,11442708,-11100815,-10257938,-1609248,1236649,173051,-182941,-10860,163614,8406,-11730,-7408,2294,-2200,464,157,100,-54,11,-5,1 # cft deg4 r=0
109076503,63652003,-134811384,-38519802,34837951,-19349710,27470085,22577125,-23375850,-9354377,10846079,852382,-2971471,344096,544238,-152426,-57367,26873,2909,-2834,101,150,-9,-7,1 # cft deg4 r=0
218223796,279949880,142824973,-65045570,82711992,80250805,15117117,-56347766,15838527,-3806547,13293638,-6098583,-8178872,6704901,688611,-1953675,408293,145859,-55207,-4183,3089,14,-86,1,1 # cft deg4 r=0
115331764,115511356,-381300264,17804912,646551309,-412788105,-212056384,352182912,-17100229,-138921149,50219944,20520843,-17466714,1624233,2368138,-885218,-76894,108615,-11867,-6212,1361,173,-57,-2,1 # cft deg4 r=0
6841664,4640416,18456784,16124136,32884604,19921426,44122691,7691418,17868708,-2893489,8935800,-7279129,6550405,-4257106,2637134,-937747,425358,-73357,36899,-4724,1895,-124,53,-3,1 # cft deg4 r=0
