# IGP24 block wave: imprimitivity quotient steering of thin pairs.
171969449684875,0,64560701245200,0,47811400951845,0,27743335194774,0,10574670429640,0,7703610014096,0,810811872048,0,37178578570,0,910024408,0,12785502,0,105824,0,482,0,1 # block t=9884 q=12T148 r=0 k=1
9728218153665872199898,0,-9673273991608531515276,0,3087792914196175126704,0,-455757171621855907484,0,34808604357534236253,0,-1488496590349545768,0,43558771074963288,0,-948529741790436,0,8820423557484,0,46797262660,0,754991268,0,-7728,0,1 # block t=9884 q=12T204 r=4 k=0
1567797956632384,0,365453386561152,0,-243076168952448,0,-127681876762240,0,-25342202460240,0,-2584115984448,0,-128247942864,0,-1261609344,0,280183500,0,-4786840,0,47412,0,-264,0,1 # block t=9884 q=12T204 r=4 k=0
21447175413737219021,0,276937204344841838605,0,343016617258950613906,0,100214695810793907836,0,13564995356653312315,0,1002818972829556656,0,41645263386464007,0,895717759920300,0,6852399681723,0,-27760335740,0,22952490,0,-7889,0,1 # block t=9884 q=12T204 r=4 k=0
13941438923,0,-32681556534,0,33842920400,0,-20028156394,0,7199994931,0,-1568891612,0,224274584,0,-31806932,0,4547585,0,-340750,0,2456,0,-34,0,1 # block t=9884 q=12T148 r=4 k=0
8651940826508386389529,0,-7755917222710860336064,0,817534847879928330867,0,-41082519816728898464,0,1255608826485940750,0,-25746763641660288,0,371006392168183,0,-3829467069408,0,28298001566,0,-146663936,0,507651,0,-1056,0,1 # block t=9884 q=12T148 r=4 k=0
15989311659314042705,0,-13589587903629595352,0,2015116941429284246,0,-149049522653298764,0,6909810133992986,0,-221562348713284,0,5184723312296,0,-91390945614,0,1229891290,0,-12502574,0,91629,0,-434,0,1 # block t=9884 q=12T148 r=4 k=0
169652911655305171,0,-221956437226743042,0,79833304820514110,0,-14008429828133656,0,1432500803762926,0,-92829182685052,0,4021242908178,0,-120998763290,0,2532480957,0,-34905142,0,307804,0,-966,0,1 # block t=9884 q=12T148 r=4 k=0
1063827156492581482537,0,-888458012455560536942,0,164855638774378662444,0,-14934243022549608984,0,807665857600594697,0,-28264350087125714,0,658991418702309,0,-10172101639602,0,99092447504,0,-533463914,0,958415,0,2088,0,1 # block t=9884 q=12T148 r=4 k=0
11365257664332352,0,-17253516258502080,0,9234142454937756,0,-2689798324014752,0,499780307064888,0,-63620958412764,0,5729995089420,0,-368806449330,0,16655071365,0,-482832824,0,6689802,0,4782,0,1 # block t=9884 q=12T204 r=4 k=0
25357584148778125251904,0,-13535304499265112799104,0,-7473132751864973450112,0,-1006546602589966290560,0,-38433637841908626000,0,685408957427946816,0,34031464568155824,0,-745730757649728,0,3877639921260,0,-7280352920,0,7740708,0,-4248,0,1 # block t=9884 q=12T204 r=4 k=0
246925479627550386159047,0,-223366505777274956381972,0,34215218960947511772588,0,-2310056475364211842364,0,83386632497339375316,0,-1703634739775695638,0,20092933637738848,0,-151819560021618,0,946322983900,0,-3352478568,0,10339333,0,-3826,0,1 # block t=9884 q=12T148 r=4 k=0
126874441,0,297538220,0,136038442,0,-77885428,0,-89314817,0,-31622760,0,-4764628,0,-5576,0,112791,0,18748,0,1482,0,60,0,1 # block t=9884 q=12T204 r=4 k=0
32786314479627062297716,0,-68499929549550466484304,0,53813519246358210168300,0,-18945694381739847566396,0,2584613270763115016859,0,-22452741850574911518,0,-2134307002498440528,0,196883880379234758,0,4317302620031139,0,-24842133079574,0,93887104710,0,450354,0,1 # block t=9884 q=12T204 r=4 k=0
485605652053097,0,-9688132344660,0,-174827938869606,0,-141940094410740,0,-43808724221697,0,-5266039807080,0,-194274803636,0,-88188360,0,179543031,0,1475900,0,4026,0,60,0,1 # block t=9884 q=12T204 r=4 k=0
72239862889,0,-142592916646,0,108423782741,0,-46130148730,0,12693989096,0,-2426175622,0,334074951,0,-33643072,0,2471489,0,-129574,0,4610,0,-100,0,1 # block t=9884 q=12T148 r=4 k=0
9557009220757199285,0,126787306321481901536,0,68399601997425565083,0,13417824032539770040,0,941198943937106858,0,-26119595333018288,0,-6151251837419849,0,-165431914110664,0,2991252514562,0,-10806882752,0,9838995,0,-4632,0,1 # block t=9884 q=12T204 r=8 k=1
255548333188494713011968,0,350084332354172926178304,0,23643829956859532226144,0,484871323619145554352,0,-1288213111780034895,0,-188258775687465840,0,-2703757002227604,0,-12394317546000,0,38685542166,0,468195120,0,424044,0,-3168,0,1 # block t=9884 q=12T204 r=8 k=1
121995559611,0,-218785750038,0,166800840048,0,-72787468026,0,20501906643,0,-3960821916,0,541565976,0,-53059572,0,3710961,0,-181230,0,5880,0,-114,0,1 # block t=9884 q=12T204 r=8 k=1
581560551655622051,0,1235257480670693730,0,-359054861942888292,0,-10950995309875570,0,8616382768029483,0,-258873120170100,0,-52497467028840,0,1911615471252,0,62257133169,0,556240018,0,2033292,0,2910,0,1 # block t=9884 q=12T204 r=8 k=1
67835228300704,0,-45446138473632,0,7184225791680,0,-1174039853168,0,103172846364,0,-8919840276,0,528475644,0,-36186264,0,2222334,0,-146426,0,6645,0,-138,0,1 # block t=9884 q=12T204 r=8 k=1
1166049579302222598144,0,12113873167644068782080,0,6787402009063336837120,0,1223011994848053999616,0,85722991237162344192,0,1557701516723509248,0,-43154412041798144,0,-550711790520448,0,4145567535472,0,-416738016,0,-19181664,0,7552,0,1 # block t=9884 q=12T204 r=8 k=1
63983201572653604927048,0,21721487213759943733792,0,-42145239391405424024304,0,12229138992781123315884,0,-1129242801534596365611,0,9659915625496442056,0,1771407953116796578,0,25660185474500324,0,127614484112282,0,249920539980,0,179437590,0,38736,0,1 # block t=9884 q=12T204 r=8 k=1
65083608534844251091,0,-54194980526286022254,0,-9992055638765028552,0,-791219129141910946,0,-36635652563467581,0,-1041917986002060,0,-17081901665112,0,-135794022084,0,-111040407,0,14838746,0,233760,0,-1146,0,1 # block t=9884 q=12T204 r=8 k=1
1711520365763106479524,0,4348311343209233167728,0,2091898550250473721804,0,191091016636388132728,0,-22966055006954376839,0,-3104329559564256460,0,-43927897771363680,0,397930882509156,0,4857432453410,0,7066917276,0,-15711628,0,-10252,0,1 # block t=9884 q=12T204 r=8 k=1
72717487078632228,0,220268439702590580,0,-67561041946796552,0,6811316843573528,0,-175141264089186,0,-13444457145672,0,894203115726,0,-7741005904,0,-527565453,0,10597396,0,-1644,0,-576,0,1 # block t=9884 q=12T204 r=16 k=1
13618461371653718984375,0,-15739258467836279975000,0,611608791702771276750,0,3240935344201989303305,0,-240446211968593800401,0,-155196278079749816270,0,9236543627267807941,0,-111769512508068974,0,334093224240095,0,-319749743953,0,93600679,0,-14447,0,1 # block t=9884 q=12T204 r=16 k=1
901062058550536760576,0,329004748068723407616,0,-840422925955112939392,0,184986585584425469440,0,-8734151356334854640,0,-452208287448492272,0,18679427932606432,0,604115635677792,0,395248183580,0,-49506733264,0,95405568,0,-43588,0,1 # block t=9884 q=12T204 r=16 k=1
3803427909,0,14421766176,0,9211522014,0,-15370381656,0,-16826033961,0,-1091079648,0,1524085140,0,-254364048,0,19492227,0,-806528,0,18414,0,-216,0,1 # block t=9884 q=12T204 r=16 k=1
4553192169875159,0,-10734295931568949,0,9527155602146292,0,-4071448620274124,0,922172915563609,0,-114195556970890,0,7716612803707,0,-277570572850,0,5263709771,0,-51267434,0,255190,0,-697,0,1 # block t=9884 q=12T204 r=16 k=1
82904493433413,0,412841895785976,0,-218971120764516,0,-30403278800600,0,10654396164720,0,-934580692404,0,32092282962,0,31851864,0,-35105724,0,984432,0,-8160,0,-60,0,1 # block t=9884 q=12T204 r=16 k=1
16883,0,16638,0,-163488,0,-982150,0,4795299,0,-6478132,0,2980696,0,-192556,0,13097,0,-2794,0,648,0,-46,0,1 # block t=9887 q=12T142 r=0 k=1
11401867,0,-17251998,0,16280697,0,178224466,0,172546506,0,37439991,0,-1062093,0,464814,0,225054,0,-15431,0,1218,0,-33,0,1 # block t=9887 q=12T142 r=0 k=1
4096,0,-337920,0,6933504,0,2392576,0,-3041280,0,-490752,0,279424,0,40608,0,-1680,0,-776,0,0,0,18,0,1 # block t=9887 q=12T142 r=0 k=1
1864913712199,0,-11427447742793,0,29784066479243,0,-42054835693034,0,33654821635599,0,-14229446283728,0,2305577493625,0,100518432613,0,1815034515,0,16844045,0,87443,0,273,0,1 # block t=9887 q=12T142 r=0 k=1
7063,0,-34601,0,80773,0,-118105,0,119999,0,-89026,0,49369,0,-20597,0,6412,0,-1452,0,227,0,-22,0,1 # block t=9887 q=12T142 r=0 k=1
157607,0,-4954248,0,49734204,0,26286654,0,-10217532,0,-1061205,0,1405035,0,14427,0,-13980,0,-1579,0,-45,0,24,0,1 # block t=9887 q=12T142 r=0 k=1
163996220688106566187,0,101552654196867373082,0,-10316708592522376020,0,-270784121615911900,0,78098256715464893,0,-4596691264296293,0,135783657659713,0,-2094327427249,0,12659469198,0,9990901,0,203920,0,1080,0,1 # block t=9887 q=12T142 r=0 k=1
12613458444019819,0,30155221413373380,0,30013180567575054,0,16736607844368346,0,5811367984029784,0,1293930559574761,0,180735131656317,0,14486287004657,0,499369914667,0,1486461983,0,-6793675,0,4817,0,1 # block t=9887 q=12T142 r=0 k=1
1849847446871128,0,2952089643068436,0,471556042764078,0,-521477199478049,0,101660515637715,0,-7324206265161,0,224032570098,0,-220424292,0,-20039607,0,372505,0,1353,0,-114,0,1 # block t=9887 q=12T142 r=0 k=1
102900355314057185215059,0,227040415045290189626229,0,208553437116300980327673,0,102930386698835407833194,0,29262592661123441226677,0,4732073743388080745796,0,393817248835591700026,0,12461757671024198597,0,22013436717356239,0,11974592448177,0,2033273065,0,101986,0,1 # block t=9887 q=12T142 r=0 k=1
25186144256,0,63696625664,0,66559266816,0,36609018368,0,11050796544,0,1673513216,0,79691904,0,-3061088,0,423408,0,39552,0,1500,0,-42,0,1 # block t=9887 q=12T142 r=0 k=1
52030636718149,0,88848903890916,0,51872500631799,0,15199669131671,0,2565769040337,0,266219943219,0,17740888633,0,802848609,0,26531631,0,638183,0,9966,0,105,0,1 # block t=9887 q=12T142 r=0 k=1
53701765943886916004533,0,51695222405175436224032,0,4827996995000648847189,0,212019359193492170853,0,5616663367788478067,0,99085301894776260,0,1218842140454374,0,10647801973574,0,65948649279,0,283259444,0,801629,0,1341,0,1 # block t=9887 q=12T142 r=0 k=1
2579035202923711609071,0,1819520978953832082918,0,77532930477298627677,0,318888086761086372,0,-28791643701549393,0,23614759884690,0,27753463074843,0,734713700796,0,9698389281,0,75590442,0,352827,0,912,0,1 # block t=9887 q=12T142 r=0 k=1
543556681681,0,2905355911054,0,6450902608906,0,7632135427507,0,5103168667647,0,1860348825630,0,312744154814,0,12822069289,0,295156024,0,5094987,0,59764,0,369,0,1 # block t=9887 q=12T142 r=0 k=1
17651687029920700700957,0,15517083918019084655815,0,-49719261685278510563664,0,14568000520168384421674,0,16320108329434179639360,0,-10314362944056960446257,0,1487725665741776219327,0,57442382345893820719,0,70263424485833013,0,26689218369412,0,3308062230,0,126414,0,1 # block t=9887 q=12T142 r=8 k=0
75191500738281006463783,0,91803716884239181138499,0,45723718884756782996,0,-57568566080480467250,0,-411345593922719603,0,10123269245838035,0,137932294223492,0,18733621455,0,-8261639428,0,-45403958,0,-16191,0,472,0,1 # block t=9887 q=12T142 r=8 k=0
31958235593,0,-116811897324,0,168842309214,0,-124278384492,0,50536574619,0,-11606311686,0,1482290290,0,-96139353,0,2283897,0,9066,0,2769,0,-171,0,1 # block t=9887 q=12T142 r=8 k=0
314957106741248,0,-377365439111168,0,162709119637504,0,-37526159938048,0,5406182961408,0,-525247953280,0,35806511424,0,-1742040224,0,60422592,0,-1464000,0,23604,0,-228,0,1 # block t=9887 q=12T142 r=8 k=0
23052613038209,0,99458866746309,0,143024070362747,0,21601538042380,0,-167552812787277,0,-212524265169783,0,-114960661567982,0,-23541623468917,0,1428266419617,0,-3353229818,0,-10083404,0,-4339,0,1 # block t=9887 q=12T142 r=8 k=0
195137688077,0,-323869576695,0,215194744629,0,-77487231985,0,17576131503,0,-2748407127,0,313513653,0,-26916045,0,1756776,0,-86640,0,3150,0,-78,0,1 # block t=9887 q=12T142 r=8 k=0
95081617213361176,0,-101049986566791980,0,28542263161912440,0,-4063120386591975,0,354092561564436,0,-20626584818004,0,838987110635,0,-24276063332,0,499492336,0,-7162517,0,68188,0,-388,0,1 # block t=9887 q=12T142 r=8 k=0
5923,0,1890,0,-3224,0,1934,0,-4381,0,788,0,1928,0,-612,0,-263,0,106,0,16,0,-10,0,1 # block t=9887 q=12T142 r=8 k=0
13660167055541,0,42723031427552,0,45602120871468,0,17266675900847,0,271136185179,0,-495744355134,0,-38891560532,0,634197997,0,39868516,0,-268619,0,-11720,0,29,0,1 # block t=9887 q=12T142 r=8 k=0
618855004914959,0,-664533863957808,0,257749963726283,0,-54493463322994,0,7317203427828,0,-671277869209,0,43635037436,0,-2038865544,0,68263713,0,-1601898,0,25060,0,-235,0,1 # block t=9887 q=12T142 r=8 k=0
1128836087,0,1180270843,0,-408721378,0,-891556139,0,-279256641,0,41794288,0,30838477,0,3234672,0,-105259,0,-11071,0,1162,0,-61,0,1 # block t=9887 q=12T142 r=8 k=0
26775589,0,112642578,0,-281757504,0,255544483,0,-122501403,0,32425452,0,-3863307,0,-128655,0,76266,0,-4412,0,63,0,-30,0,1 # block t=9887 q=12T142 r=8 k=0
56680004769604649,0,-14952032962814753,0,-189006326708737384,0,154959699393213575,0,20967775529628967,0,-41059950306967143,0,3428660943291843,0,1897454959598055,0,15072045969566,0,38923637016,0,36787580,0,12129,0,1 # block t=9887 q=12T142 r=8 k=0
15856537808939507,0,-19465414869335976,0,7548230275790895,0,-1700165583825478,0,228915665808852,0,-15206072143500,0,211612265683,0,18022686726,0,-278156904,0,-10028636,0,153843,0,-726,0,1 # block t=9887 q=12T142 r=8 k=0
5118118141676962589,0,21627803557759553117,0,28848165211716584923,0,5558542482951647647,0,-17404547516824577069,0,-13662432867119478136,0,-3184304008257647296,0,-146084000783968243,0,405513992218310,0,-123326351576,0,-177645413,0,-18077,0,1 # block t=9887 q=12T142 r=8 k=0
67644455659791,0,633827204908380,0,-648940869752244,0,37271482059088,0,90524716381056,0,-23394032325468,0,1668026597382,0,-42219580848,0,134030055,0,9450404,0,-121470,0,312,0,1 # block t=9887 q=12T205 r=16 k=0
4409294100635085019,0,55679021736029027402,0,126389048818556333944,0,87371077755888782782,0,-3264830497702365389,0,-15069865442624918268,0,443122245561883784,0,-3695445979314404,0,12494974619953,0,-20447437742,0,16995008,0,-6778,0,1 # block t=9887 q=12T142 r=16 k=0
14245759589090651,0,20640012903738036,0,-24325002785486592,0,3317001881058012,0,1254051813885252,0,-299690782464492,0,16008839272454,0,-294907267224,0,849801999,0,28718056,0,-264426,0,480,0,1 # block t=9887 q=12T205 r=16 k=0
18225258607908328411,0,33713091615688983971,0,514797792713570515,0,-18954832171011807382,0,-5892441476837801316,0,1306148833430899625,0,407370407632282668,0,-42785253406550087,0,182739449697401,0,-255779051090,0,130244035,0,-22951,0,1 # block t=9887 q=12T142 r=16 k=0
176302025444460378653,0,480111062579361627079,0,258855955795877399433,0,-335265968121602389205,0,-405392926677143394180,0,-112259127038052547980,0,2800612426267175080,0,-20031995759500767,0,55081791640111,0,-68642581446,0,40364656,0,-10714,0,1 # block t=9887 q=12T142 r=16 k=0
270061895998326339267,0,240912006688062817200,0,-31229301382050124284,0,1210366290004314032,0,6754226149252734,0,-2018433012936804,0,70664278351066,0,-1163598884004,0,8408336547,0,10158700,0,-524898,0,2184,0,1 # block t=9887 q=12T205 r=16 k=0
64033794842400259281,0,79693975824652198044,0,-27196851214199251230,0,3687503360257337782,0,-277272954923202532,0,12752744132645727,0,-365717890196503,0,6259622460238,0,-54164432847,0,84400554,0,1199974,0,2058,0,1 # block t=9887 q=12T142 r=16 k=0
147198666929,0,-440747950237,0,-366296136065,0,225713153418,0,-26803000930,0,-2166170431,0,469904469,0,-2691759,0,-1969514,0,53650,0,2012,0,-96,0,1 # block t=9887 q=12T142 r=16 k=0
121460886707,0,-6499407633803,0,85619949546236,0,-144398646619509,0,-1007775614536527,0,428460528584403,0,-44761134303458,0,501348340770,0,3512459976,0,-30412892,0,-99072,0,411,0,1 # block t=9887 q=12T142 r=16 k=0
4753603049,0,99646208724,0,-386522572167,0,536711186981,0,-356169038045,0,118537542984,0,-17572501809,0,428406735,0,93087643,0,483640,0,-39308,0,119,0,1 # block t=9887 q=12T142 r=16 k=0
15704870340863129,0,14067531721453045,0,-195441240521316910,0,364769364880388529,0,-293634380316223611,0,111023991238069997,0,-17110189870452303,0,618383578056619,0,3729591263284,0,1116374968,0,-10718914,0,3259,0,1 # block t=9887 q=12T142 r=16 k=0
45302101595180753,0,-63654113631850064,0,-221500830694519505,0,401848982656888294,0,-190085643552190281,0,20151434755784766,0,-493635926808877,0,-5603021326266,0,18625134591,0,153351180,0,-242203,0,-680,0,1 # block t=9887 q=12T142 r=16 k=0
348676731262151136349,0,905233603592540865841,0,-3310808324085087952200,0,-8565456317757714377091,0,-1662592278123184577530,0,32015718781484346968,0,14370981226858502637,0,-99675599898488650,0,200097619563076,0,-176225140685,0,75144211,0,-14735,0,1 # block t=9887 q=12T142 r=16 k=0
445564170708938351898624,0,275535877845830718799872,0,-248228510687255442843648,0,36262251438212398458880,0,1822420915855776794880,0,-473104728399770136576,0,7068635233467188096,0,-29700547280418816,0,30132030949920,0,37047559200,0,-65674992,0,21792,0,1 # block t=9887 q=12T205 r=16 k=0
1067657636491344098647,0,2183490751961567829847,0,-996777663783408667857,0,168981989716269591380,0,-13969894420147974619,0,537134938422824909,0,-3420709800686832,0,-344182262503203,0,6039413716919,0,47073022070,0,-65547460,0,12599,0,1 # block t=9887 q=12T142 r=16 k=0
386163058946733819766973,0,-713640010674397719008167,0,501876831371643120041898,0,-166799730615293040394569,0,26492127139261490397037,0,-1833329991154359491122,0,42086064218863764282,0,-195626457879351902,0,321347659415554,0,-243843631472,0,91723671,0,-16131,0,1 # block t=9887 q=12T142 r=24 k=1
1821969982337,0,-4194441591984,0,4098325354468,0,-2253652204364,0,773709841664,0,-172924789099,0,25339171465,0,-2381597081,0,135807570,0,-4240644,0,62499,0,-415,0,1 # block t=9887 q=12T142 r=24 k=1
542726932434090251,0,-1299159596995279397,0,1283446841180728317,0,-673294896281691258,0,200744489837638178,0,-33692685227980232,0,2940311393023492,0,-109537817412365,0,1019728510042,0,-3884478476,0,6659825,0,-4757,0,1 # block t=9887 q=12T142 r=24 k=1
517409056436997300941623,0,-988759964578271027027196,0,710147381592641996666300,0,-235524319989089089146240,0,35995658783787780235719,0,-2367802162326817658043,0,55444871298828203298,0,-241859178227854638,0,376152799108432,0,-272172376351,0,98160833,0,-16637,0,1 # block t=9887 q=12T142 r=24 k=1
6408847074483832986681,0,-5775392154546197848404,0,858378144770641440318,0,-56542956162447294736,0,2122020809349254889,0,-50539695468574860,0,804370509200506,0,-8733381180252,0,64512882366,0,-315528836,0,959328,0,-1584,0,1 # block t=9887 q=12T205 r=24 k=1
1581108544346476544,0,-2798140562634790912,0,1871137043966962688,0,-585899490909974528,0,88432232107588096,0,-6636243081411328,0,247350713252992,0,-4508989443136,0,44501181328,0,-251581832,0,815016,0,-1406,0,1 # block t=9887 q=12T142 r=24 k=1
789667656301,0,-1275194052885,0,855357435316,0,-323147891819,0,77998747053,0,-12832833376,0,1488735078,0,-123477579,0,7300780,0,-301157,0,8249,0,-135,0,1 # block t=9887 q=12T142 r=24 k=1
67599869,0,219099236,0,307302477,0,242321863,0,116850407,0,35087933,0,6365334,0,627915,0,24827,0,1043,0,317,0,-6,0,1 # block t=9888 q=12T142 r=0 k=0
1784401347171213,0,2417889299554080,0,1213584972162606,0,287994125337957,0,33179759193996,0,1604099856033,0,-17982152172,0,-3264741693,0,107605917,0,-450279,0,-17460,0,378,0,1 # block t=9888 q=12T142 r=0 k=0
2247726534656,0,3546235355136,0,2109234818048,0,701301288960,0,150659998976,0,22362696192,0,2367391168,0,180682496,0,9883680,0,378272,0,9620,0,146,0,1 # block t=9888 q=12T142 r=0 k=0
125445738016768,0,331670559494144,0,363606423599104,0,211263150676992,0,68295880047616,0,11441443836160,0,692570114432,0,-20222841728,0,205608496,0,-2571664,0,48536,0,-368,0,1 # block t=9888 q=12T142 r=0 k=0
630834641,0,300974322,0,-227101257,0,-127489723,0,17066430,0,22347228,0,4195522,0,-270351,0,-8235,0,-881,0,198,0,9,0,1 # block t=9888 q=12T142 r=0 k=0
170757760229583062610339,0,356097921553115687944179,0,306077426047115723091186,0,139251820024805141872579,0,35610476183324421605498,0,4951261477162543357060,0,319976400459672321726,0,5506018471861025867,0,19131240418508084,0,19050308801490,0,2343735226,0,87264,0,1 # block t=9888 q=12T142 r=0 k=0
220201543611901,0,258482724191541,0,94062229465059,0,15180945422121,0,1094301009510,0,15514998582,0,-2290865966,0,-125501277,0,-1779027,0,93499,0,7521,0,174,0,1 # block t=9888 q=12T142 r=0 k=0
5915150444792,0,9772844803356,0,5539849654886,0,1697790800941,0,330638524779,0,44129414269,0,4189462689,0,287022227,0,14142344,0,490010,0,11351,0,158,0,1 # block t=9888 q=12T142 r=0 k=0
3019397291,0,14610325906,0,29406866704,0,31832931006,0,20026859763,0,7399959604,0,1553997976,0,175044540,0,11606625,0,474906,0,11864,0,166,0,1 # block t=9888 q=12T142 r=0 k=0
1834117500284952229717,0,1199699802837403777036,0,143143743331104339886,0,8391383597992315548,0,302040406583049623,0,7329526756464888,0,125409041343572,0,1541295746424,0,13596178227,0,84329340,0,350174,0,876,0,1 # block t=9888 q=12T142 r=0 k=0
13812295663,0,3749850303,0,13909635882,0,11834016097,0,133341165,0,-379327833,0,282892632,0,-2829204,0,-46872,0,11515,0,-363,0,-18,0,1 # block t=9888 q=12T142 r=0 k=0
515700289,0,1632004140,0,2513224992,0,3724301137,0,5740355502,0,5382230202,0,2016291534,0,47001393,0,559935,0,71032,0,7203,0,111,0,1 # block t=9888 q=12T142 r=0 k=0
97,0,387,0,634,0,521,0,143,0,-153,0,-166,0,6,0,130,0,116,0,50,0,11,0,1 # block t=9888 q=12T142 r=0 k=0
33485000293033389116701,0,32223586016678872107543,0,4219023901186824238597,0,219422061708309532422,0,6317781120177233663,0,115310430450773635,0,1423495301616738,0,12242890734705,0,73795920411,0,306730234,0,839617,0,1365,0,1 # block t=9888 q=12T142 r=0 k=0
1180726001,0,-6726977936,0,16382257220,0,-21918589616,0,17064431377,0,-7396692443,0,1461915260,0,-49122956,0,2143394,0,-94025,0,3767,0,-43,0,1 # block t=9888 q=12T142 r=0 k=0
197957601109601112858847,0,610720570278901348306279,0,626725422911328100391393,0,195552962362124877526645,0,-37491133176879834522635,0,-20577701488034862552681,0,-1497344272520749681589,0,-1252629763213900358,0,811697391607793,0,194243334198,0,-67847483,0,-6803,0,1 # block t=9888 q=12T142 r=8 k=0
122155356766967422858616,0,-97406504929741852748084,0,8440811490020762256404,0,-344971951698088977185,0,8509317634384789184,0,-139895924836451022,0,1606606113954471,0,-13143728116180,0,76587827643,0,-311503862,0,842321,0,-1363,0,1 # block t=9888 q=12T142 r=8 k=0
279114766278745811,0,2711836669677394987,0,-1284191371099780365,0,256823031179715532,0,-28522133361805030,0,1906839331980247,0,-76920409516754,0,1735243820520,0,-16537162458,0,-31188654,0,673047,0,2093,0,1 # block t=9888 q=12T142 r=8 k=0
1871133025192122033,0,9827794366878807720,0,16272733077273928278,0,8818574993112165491,0,-1484534527835386559,0,-2235293699572032333,0,-251229378881428147,0,-2965302254331698,0,24890334820535,0,-30652634836,0,-27185941,0,-665,0,1 # block t=9888 q=12T142 r=8 k=0
115636657912155965452288,0,-107736978372584638141440,0,9424770575199191614464,0,-386976281114829445952,0,9577485925987591584,0,-157777431317663040,0,1811925047395752,0,-14777663740992,0,85472869482,0,-343069211,0,908442,0,-1425,0,1 # block t=9888 q=12T142 r=8 k=0
33503,0,-76925,0,-179169,0,-53997,0,28516,0,17545,0,2848,0,-526,0,195,0,253,0,-8,0,-15,0,1 # block t=9888 q=12T142 r=8 k=0
1482057246370989707,0,5519792340242489817,0,7143049340688549837,0,3115089167561512473,0,-594072225838134524,0,-665199809262119666,0,-55156970902430469,0,6202854437320886,0,9982823681145,0,-13863941776,0,-15498486,0,8938,0,1 # block t=9888 q=12T142 r=8 k=0
212332735294084831,0,-193685309500525797,0,49361764141892608,0,-6462606276831824,0,524233486073829,0,-28666196944664,0,1101414892832,0,-30247587475,0,592856980,0,-8121456,0,74027,0,-404,0,1 # block t=9888 q=12T142 r=8 k=0
40960461573499,0,210946511113893,0,369852975378780,0,243031264041865,0,2479012503246,0,-54340234694226,0,-14304513366516,0,-638534318103,0,11080091160,0,9137176,0,-368550,0,-426,0,1 # block t=9888 q=12T142 r=8 k=0
4786679702855597,0,-164796917859849829,0,1443834282997492777,0,-1992221820884395211,0,-8731172089288276805,0,5721149143067682403,0,244900036118428991,0,2586891317996456,0,10276293930663,0,18781898702,0,16668365,0,6831,0,1 # block t=9888 q=12T142 r=8 k=0
51857481339,0,-1142291862837,0,-3023023475232,0,1380484270161,0,5696312104071,0,5377477452849,0,2997328784751,0,575727787179,0,-135909526671,0,-314881263,0,2063403,0,-2658,0,1 # block t=9888 q=12T142 r=8 k=0
121551637466453587,0,464496092950984036,0,523586687857860548,0,205300088739634347,0,-6561948798615723,0,-21285443043168024,0,-3636818102725066,0,-92887604799619,0,1104777880247,0,-1649272223,0,-4930076,0,-608,0,1 # block t=9888 q=12T142 r=8 k=0
701289783970883,0,-991671648650427,0,457277182954449,0,-103104340584043,0,13012427715942,0,-974000160612,0,45960910028,0,-1630444269,0,54496857,0,-1479035,0,28806,0,-321,0,1 # block t=9888 q=12T142 r=8 k=0
2409102529,0,1030067936,0,-1115045982,0,-783402184,0,-67497969,0,60512000,0,18112124,0,1548016,0,-51569,0,-14368,0,-382,0,24,0,1 # block t=9888 q=12T142 r=8 k=0
4096,0,12288,0,-17408,0,-75264,0,-36352,0,28928,0,5312,0,-16320,0,10128,0,-2912,0,428,0,-32,0,1 # block t=9888 q=12T142 r=8 k=0
208060827770443533254543,0,897960556237275898604449,0,981329271507977561476062,0,-329882082502595802394313,0,-789051628072713408125267,0,-33324058910824096378590,0,140157289239070286638028,0,-2991640879681007265328,0,1789163254822047516,0,-324901371634313,0,18355899080,0,-306291,0,1 # block t=9888 q=12T142 r=16 k=0
1628096670412506379,0,-109559736866181785,0,-4012098064384257588,0,4296285319722239799,0,-1808790838431174021,0,314989457589458182,0,-10378013096228544,0,-1616296359664493,0,6731336070596,0,-453360429,0,-13273601,0,-3621,0,1 # block t=9888 q=12T142 r=16 k=0
4451270078045071,0,-60923783524143749,0,-168274920362143575,0,-115877174972566642,0,-7611273505022371,0,14859863167446443,0,3248154913592595,0,-70447634500387,0,523774800025,0,-1854572803,0,3373651,0,-2996,0,1 # block t=9888 q=12T142 r=16 k=0
457625727,0,-3633814168375455,0,-8158470018327501153,0,-3149360830940115564628,0,14672356911160773745038,0,8120982640986896895825,0,-1279208184978510316059,0,-238884950840805327486,0,193185033012125418,0,-54197101678298,0,6146099073,0,-229986,0,1 # block t=9888 q=12T142 r=16 k=0
100541157111319,0,327249291339909,0,87230222741509,0,-579379851428417,0,-505504188081141,0,30827012865076,0,84436823504687,0,-11751476178775,0,239154035831,0,-1801784204,0,5534384,0,-6228,0,1 # block t=9888 q=12T142 r=16 k=0
362808660573317123551,0,1148834403378901717703,0,1162747064323151441608,0,317868642131061180028,0,-63053313162964660062,0,-3615381189655486300,0,422162296434610138,0,-4980720825467009,0,19927841023991,0,-33553751061,0,25399356,0,-8467,0,1 # block t=9888 q=12T142 r=16 k=0
302418521213473689419009,0,311944472815198733663779,0,-913550985117166656603378,0,641403365234385181429681,0,-204740848185807837534392,0,31556620716160449385062,0,-2027474895892761074485,0,27151781893313544823,0,32630801460703840,0,5934651904001,0,-1643271916,0,42066,0,1 # block t=9888 q=12T142 r=16 k=0
262418515221601202176,0,132048543000183556096,0,-134434527937685000192,0,32064100829878180864,0,-3241093984140568576,0,139656312186012928,0,-1494766807541120,0,-26579742472864,0,19806770640,0,342610392,0,-230528,0,-1094,0,1 # block t=9888 q=12T142 r=16 k=0
36227785529420700687,0,217787306139899015220,0,34520967978443366148,0,-6207751577081292128,0,-753897418216760520,0,18459801105546924,0,1407412894764326,0,-43895661936432,0,460265287791,0,-2226762860,0,5175234,0,-5040,0,1 # block t=9888 q=12T205 r=16 k=0
2141669458254341,0,7668154899200220,0,6112738032106209,0,-4805188469355600,0,-6254637437356112,0,275699289769669,0,1098545226784443,0,-80416851476029,0,890356862220,0,-3686609314,0,6446769,0,-4574,0,1 # block t=9888 q=12T142 r=16 k=0
9053571736108977858353,0,18397554001579473295089,0,1211832816371132616145,0,-16022765069231739118693,0,-7163193846274888563110,0,922111157342669784476,0,193902287514565296710,0,-786102660107828531,0,992741026471691,0,-569361921996,0,161719538,0,-21500,0,1 # block t=9888 q=12T142 r=16 k=0
4962076128690913,0,-9299312473775265,0,-7773156792748103,0,12404349226798699,0,-4616483700949601,0,540465148629455,0,3493698689041,0,-883260948514,0,-10085349641,0,31643806,0,299239,0,-1161,0,1 # block t=9888 q=12T142 r=16 k=0
59795836999768146229,0,188344000084697275296,0,203382120581552834862,0,78069629273946692904,0,534961851321513047,0,-2556661900149737920,0,142780953338344020,0,-1262331079431024,0,4736160870803,0,-9109024928,0,9352542,0,-4856,0,1 # block t=9888 q=12T142 r=16 k=0
5511193421,0,-154028095,0,-5411278151,0,3971928418,0,-1272836102,0,199788820,0,-10120613,0,-1234090,0,172756,0,-1049,0,-664,0,12,0,1 # block t=9888 q=12T142 r=16 k=0
3465287267,0,11086573063,0,-21986186426,0,7079393622,0,3015109663,0,-2120341075,0,358392667,0,9947532,0,-8646095,0,782695,0,-18655,0,58,0,1 # block t=9888 q=12T142 r=16 k=0
11348100773839,0,-17200068074172,0,10801091729292,0,-3787848418040,0,834016031112,0,-122002579764,0,12175941806,0,-834818304,0,38930703,0,-1198476,0,22914,0,-240,0,1 # block t=9888 q=12T205 r=24 k=0
5377834336223845058317,0,-14362106213986395325876,0,15550556196911633774891,0,-8724370216282352763541,0,2680343742466865527351,0,-435224260226017887060,0,32282074745181962323,0,-669159451041055880,0,1555138423843203,0,-1235681026469,0,364617455,0,-37922,0,1 # block t=9888 q=12T142 r=24 k=0
8151432847399170961408,0,-14570908812726447921152,0,9842676411686546089984,0,-3092782431972744544768,0,451155172712289513216,0,-27927721241040333440,0,588715818613195008,0,-4198179698337888,0,13014598866768,0,-20303095072,0,16550552,0,-6624,0,1 # block t=9888 q=12T142 r=24 k=0
5245700784801930902231,0,-12944942587820111220048,0,13060043305345453693305,0,-6891228230871671659056,0,2013721764501819494632,0,-315602929819151554559,0,23094355386162696867,0,-506076836232289717,0,1258655378209200,0,-1066837247764,0,333294753,0,-36428,0,1 # block t=9888 q=12T142 r=24 k=0
34044763537421041,0,-23424092109100392,0,-429030235389059,0,2909625399105605,0,564231241026470,0,21881306321982,0,-1804246834068,0,96024821063,0,19919235667,0,-340035771,0,7479408,0,789,0,1 # block t=9889 q=12T253 r=0 k=0
326522926238921,0,-744265531381558,0,690255886682993,0,-364139982570718,0,120469171844778,0,-4767389240166,0,562589743633,0,-36794448898,0,625782762,0,13739398,0,31249,0,-562,0,1 # block t=9889 q=12T253 r=0 k=0
120159863969056870017,0,218803347190826345412,0,126162569702338788642,0,30946929109429273364,0,3632817555390273135,0,209776600264365960,0,5885192405737436,0,83732067259464,0,633401513967,0,2585237940,0,5453346,0,5028,0,1 # block t=9889 q=12T205 r=0 k=0
1308724840072,0,-837940646724,0,400224457146,0,-112143931727,0,21904133571,0,-3525241113,0,434877450,0,-38268630,0,2731167,0,-175955,0,7761,0,-150,0,1 # block t=9889 q=12T253 r=0 k=0
182516432750677129,0,630742222840534974,0,904404599861670577,0,642676147655126616,0,211183883264599526,0,24692045094762168,0,30311900204564,0,1526100264150,0,12008857961,0,10191818,0,-7797,0,-246,0,1 # block t=9889 q=12T253 r=0 k=0
434331625476480724728149,0,359054098113095263340360,0,69779268907395688066888,0,6221762838760243920044,0,300152624247756590590,0,4936459502270266460,0,41514288465048866,0,214917313194996,0,693536680197,0,1743476712,0,2363266,0,6204,0,1 # block t=9889 q=12T253 r=0 k=0
1991302495504769677,0,1753778032844719804,0,387351532152771596,0,42947382022329127,0,2910369051318072,0,131433308708193,0,4125950748389,0,91643917136,0,1439953354,0,15712959,0,113884,0,497,0,1 # block t=9889 q=12T253 r=0 k=0
621605909,0,1684450032,0,1937790814,0,1285580296,0,555532855,0,166057728,0,35376724,0,5428336,0,596691,0,45904,0,2350,0,72,0,1 # block t=9889 q=12T253 r=0 k=0
368975393850620714179672,0,434036259756623950818544,0,130854452684146886332904,0,16657170859748371586528,0,984875791889514810312,0,26162176315973956120,0,325356398431357104,0,2019864881602384,0,6636143398498,0,11870541164,0,11403226,0,5436,0,1 # block t=9889 q=12T253 r=0 k=0
64349219688036650207,0,50906408042733422289,0,9030245847849399310,0,791544198045928640,0,41892942263922117,0,1451051485944294,0,33943123109179,0,536999606178,0,5606914649,0,36710273,0,142509,0,377,0,1 # block t=9889 q=12T253 r=0 k=0
1329258473750899,0,5737921285792164,0,9176831635617642,0,5099649827885432,0,610648053525198,0,-15054623927370,0,1288865139414,0,795469448412,0,21964382469,0,20655110,0,-94884,0,474,0,1 # block t=9889 q=12T253 r=0 k=0
9087481873,0,-3214228476,0,-273290343,0,133514861,0,19705338,0,-4159818,0,-1248528,0,274311,0,26091,0,-10363,0,948,0,-39,0,1 # block t=9889 q=12T253 r=0 k=0
15558802813,0,-21912814842,0,-1008414303,0,19704614098,0,16418315394,0,5348965284,0,826959003,0,52220574,0,1662912,0,63346,0,3108,0,84,0,1 # block t=9889 q=12T253 r=0 k=0
5924593085953855921,0,5627061131291255336,0,2038438078613842042,0,343961833070898744,0,24417101820663343,0,-69366384018288,0,2973634580652,0,-676352141456,0,15076454847,0,114646984,0,64826,0,-1064,0,1 # block t=9889 q=12T253 r=0 k=0
366508294068676943,0,602304956270705205,0,350956568026718752,0,100440261501453592,0,16251447794335017,0,1583246119858452,0,94212161852227,0,3327978115110,0,64199456327,0,564316621,0,1416369,0,-263,0,1 # block t=9889 q=12T253 r=0 k=0
22760892002303,0,-197239735872059503,0,-1012849352110285907,0,-630878319306797668,0,-124061375308901061,0,-15598889370916260,0,-1045106223729872,0,-31221806789450,0,-217806576808,0,2264094092,0,3712087,0,-2065,0,1 # block t=9889 q=12T253 r=4 k=0
118254756683444018769,0,-329984373313173937590,0,-443960878332396593664,0,391493382957539723664,0,185945112724549763718,0,30142765379926638738,0,2286426780543399210,0,74170237738269438,0,357459352698501,0,203290076096,0,87345426,0,17664,0,1 # block t=9889 q=12T253 r=4 k=0
6237209198592,0,95301907292160,0,73553390143488,0,21789112854016,0,2976274261504,0,173808479872,0,1108457280,0,-295148512,0,-10096928,0,-29312,0,2404,0,58,0,1 # block t=9889 q=12T253 r=4 k=0
12457317956124741632,0,15764375564338593792,0,-5390784570351341568,0,-2254116916953614336,0,255733049826485760,0,72945682017492480,0,3371514619988096,0,60641955206784,0,523097427792,0,2319456640,0,5178456,0,4968,0,1 # block t=9889 q=12T205 r=4 k=0
98732423065496182419577,0,37209936476109076780131,0,-70936659838223117674873,0,-9522665771154798682707,0,-439722783517897869930,0,-8516444550342553562,0,-50188913878764391,0,475768966161882,0,8421498788487,0,25017211456,0,-3601686,0,-4414,0,1 # block t=9889 q=12T253 r=4 k=0
1102903300056454889,0,8153362499500324352,0,9205629790517371294,0,-137772445273270186,0,45059307789326282,0,-2257363554816126,0,40240705417220,0,-746524236538,0,6105580107,0,-70812876,0,264810,0,-2010,0,1 # block t=9889 q=12T253 r=4 k=0
51406253777324395549,0,-45955102157668608378,0,-121449928603034212107,0,126598251947912685214,0,-39754481816580357816,0,5286156024900355614,0,-314442740264873700,0,8440335746435250,0,60002999889642,0,-19426631480,0,154686,0,7482,0,1 # block t=9889 q=12T253 r=4 k=0
19648062747993552495811,0,105568427196945019669760,0,11129196526129597189557,0,482477044124336570051,0,10645955413269417692,0,113533108424920629,0,192674049885294,0,-7476548815673,0,-57024967794,0,26739690,0,1269677,0,1794,0,1 # block t=9889 q=12T253 r=4 k=0
207202978881,0,-89283717936,0,-1551305903274,0,156993157972,0,187666644393,0,467382672,0,-3807071202,0,98254692,0,19682622,0,-129204,0,-8352,0,36,0,1 # block t=9889 q=12T253 r=4 k=0
58581882487502541,0,67172404494042090,0,-4187623001972103,0,-1302181723066644,0,-85023923765013,0,-3417972313698,0,-152543970252,0,-6549480342,0,-182520621,0,-3085344,0,-25416,0,-6,0,1 # block t=9889 q=12T253 r=4 k=0
386123201901294478587007,0,489283519166779868101248,0,26065785006816166472571,0,-1099558090407833680145,0,46218681791656079814,0,1584720750788269020,0,-234299926210426959,0,6778864548190548,0,-27340655651514,0,-60556964057,0,35155050,0,6417,0,1 # block t=9889 q=12T253 r=4 k=0
319997633214997673012197,0,498335274187714740736974,0,-271980529436684832788841,0,42812946494869539741232,0,-2726375909154175765125,0,62909045221456380852,0,-75018336556860876,0,266682096316296,0,984541408695,0,177296278,0,-58128,0,-852,0,1 # block t=9889 q=12T253 r=4 k=0
414863511789833,0,625051443623670,0,-602507078647999,0,120152336194160,0,-12742666079784,0,995430054304,0,-62102567734,0,2830892198,0,-84961972,0,1495080,0,-10896,0,-52,0,1 # block t=9889 q=12T253 r=4 k=0
720655842949,0,-53338983290453,0,-158610586916222,0,-91844401099424,0,1293526918391,0,-1176526378093,0,5287306401,0,217448495,0,-292467409,0,5251077,0,61364,0,-244,0,1 # block t=9889 q=12T253 r=4 k=0
8329788067364144209,0,-2487820605508347456828,0,-817621774245535379226,0,2579663269443912368690,0,669098333795413650705,0,68317460902151273376,0,3349669512143674491,0,71894498843984922,0,371484990766332,0,243111490226,0,86605149,0,16314,0,1 # block t=9889 q=12T253 r=4 k=0
20367982219264,0,67257965582336,0,-51679157972992,0,15295099115520,0,-2373874825216,0,204589376000,0,-8664920256,0,4729568,0,17340800,0,-811976,0,17260,0,-188,0,1 # block t=9889 q=12T253 r=8 k=0
29,0,-768,0,-2344,0,2912,0,12687,0,4400,0,-10896,0,-7240,0,-461,0,672,0,208,0,24,0,1 # block t=9889 q=12T253 r=8 k=0
246858596052977727,0,18587798620252475355,0,-29627857977254281647,0,6621535179673779231,0,-433147179993408621,0,31081114918517121,0,-756666547418529,0,21406537885500,0,-188402904828,0,-842309064,0,3875796,0,-3645,0,1 # block t=9889 q=12T253 r=8 k=0
14484603393359499,0,65007669518438850,0,59204286572726889,0,-29168912528710782,0,-15315446688912720,0,-2047915202882274,0,-110442695571201,0,-3200288338224,0,151577304489,0,-133513760,0,-24774,0,-1014,0,1 # block t=9889 q=12T253 r=8 k=0
11773267381275943537,0,30407173182615415404,0,12003156047008279614,0,1357206950180441056,0,14693489926629471,0,-1137730512581784,0,-20478970251516,0,201039465168,0,5257421487,0,9684364,0,-188610,0,-528,0,1 # block t=9889 q=12T253 r=8 k=0
11895853195213,0,33654650214393,0,23770867354650,0,3731040724771,0,-1233745052031,0,-316105677075,0,1135046178,0,836663640,0,-4404990,0,-1040043,0,28311,0,-282,0,1 # block t=9889 q=12T253 r=8 k=0
1525489061144,0,5837906907504,0,8437892336840,0,5688955836032,0,1768092730488,0,204411266024,0,518002896,0,-789425056,0,-1440110,0,904428,0,-10190,0,-84,0,1 # block t=9889 q=12T253 r=8 k=0
10046309395121,0,15853661555082,0,-68695198470516,0,-114039402747694,0,-57475627921071,0,-9709174460322,0,-477374314293,0,6133000392,0,1450903680,0,-8227136,0,35067,0,-384,0,1 # block t=9889 q=12T253 r=8 k=0
21875550056176706947,0,46308277162506955622,0,-12286636377578366004,0,1334456031158989792,0,-79202577187617660,0,2763510241072101,0,-55084204004704,0,505475197603,0,799462038,0,-44884830,0,104579,0,882,0,1 # block t=9889 q=12T253 r=8 k=0
316912027474009727,0,-2564214429101612070,0,-8949571187162295279,0,-3782459956790137570,0,1794115805868181305,0,-437562193869622332,0,138922570339002738,0,-16861560573157938,0,229053650031351,0,-184597278158,0,69414330,0,-14316,0,1 # block t=9889 q=12T253 r=8 k=0
5235293122856656164369,0,-5251014763540807861620,0,1032440595460610352912,0,-82942132525441175592,0,2989024272061471854,0,-56658144391261812,0,639693407958246,0,-4632313522716,0,21310080129,0,-81408024,0,440838,0,-2136,0,1 # block t=9889 q=12T253 r=8 k=0
166289244831202180293,0,240502097082378901662,0,-30762579937921804908,0,1613640862532987046,0,-44379936235925289,0,594091328365080,0,665690941296,0,-173523925494,0,3280497147,0,-33065846,0,198345,0,-672,0,1 # block t=9889 q=12T253 r=8 k=0
167867261369942295752704,0,-344649723441807777071104,0,301784216974335925121024,0,-133559384895847039467520,0,27482422932996818618880,0,-1777610094064198549248,0,-3022323997259031040,0,7169773897070464,0,3153933798128,0,-13294537968,0,13224112,0,-5964,0,1 # block t=9889 q=12T253 r=8 k=0
31293736620067699,0,83288816919931258,0,57626791369694659,0,5290503134970836,0,-283699497658437,0,-87374739963285,0,-4269504375379,0,26479784486,0,5525175815,0,-74125770,0,122579,0,281,0,1 # block t=9889 q=12T253 r=8 k=0
185408266792858372673,0,3156460903305378781008,0,-3374855343286133809611,0,-60765326720983134358,0,157208458477881212352,0,-22001567329918203678,0,1292157256582268316,0,-33710927303814804,0,247123551468708,0,-191446383638,0,66194346,0,-13164,0,1 # block t=9889 q=12T253 r=8 k=0
78987077458853463432,0,-62429743156517875620,0,9902688323712115518,0,-766609882988792391,0,35899303717353474,0,-1115990274864537,0,24172876580265,0,-374505697773,0,4193083422,0,-33638328,0,185589,0,-633,0,1 # block t=9889 q=12T253 r=16 k=0
823542031063,0,4380508167528,0,-7508590033356,0,65517067008,0,2353619665980,0,-736967345232,0,70856126478,0,-2371534836,0,-8337219,0,2072108,0,-37338,0,132,0,1 # block t=9889 q=12T205 r=16 k=0
31476458829855255441408,0,-19493595342645897406464,0,965441713988910243840,0,-17805118724383278592,0,202882899111608064,0,-5204356169431680,0,148945087089792,0,-2461787009280,0,24129654720,0,-145909256,0,538284,0,-1116,0,1 # block t=9889 q=12T253 r=16 k=0
3459688,0,-13236008,0,22294758,0,-22050809,0,14371439,0,-6541443,0,2142210,0,-510446,0,88093,0,-10763,0,885,0,-44,0,1 # block t=9889 q=12T253 r=16 k=0
102536300138388506552,0,492541107493398993808,0,-12799971058382388376,0,-925065385099123712,0,43609449016905144,0,-371410817182680,0,-11828662226936,0,304774333048,0,-2402071158,0,-1071580,0,122410,0,-644,0,1 # block t=9889 q=12T253 r=16 k=0
15903036001296690227437,0,100273942736501831999836,0,2942731497908409138010,0,-515448967768207535116,0,-5148902961153659003,0,540422173596472644,0,-586197407591346,0,-163951571157120,0,1592989378974,0,-4872098176,0,6624296,0,-4180,0,1 # block t=9889 q=12T205 r=16 k=0
128511628769,0,-285239912484,0,253492565714,0,-122920373876,0,36841931247,0,-7280864840,0,983301756,0,-92285960,0,6020239,0,-267924,0,7762,0,-132,0,1 # block t=9889 q=12T253 r=24 k=0
170226542338048,0,-247014106793664,0,117092118860472,0,-29087214725912,0,4471620724620,0,-460001902815,0,32930202543,0,-1667245293,0,59594787,0,-1472765,0,23961,0,-231,0,1 # block t=9889 q=12T253 r=24 k=0
77920799884024,0,-1113193014385296,0,2580995273279756,0,11882468944632740,0,-19164007900245098,0,6355282112043956,0,371398211245531,0,-4254655342507,0,-165222448510,0,-534577372,0,2811722,0,-3128,0,1 # block t=9891 q=12T142 r=16 k=1
243076213800433,0,4606794050159666,0,16398483505440742,0,2935187201686821,0,-12466117932152203,0,-3018607459380295,0,1589270359304497,0,-89155772703317,0,943524818875,0,-3818010406,0,6571307,0,-4608,0,1 # block t=9891 q=12T142 r=16 k=1
267232301505310138733,0,298782020432213669736,0,-498050334023793867258,0,-622060625216334656823,0,-158392205837571916612,0,13201152521889179388,0,5329576431262605144,0,-211114235411061709,0,603921525894350,0,-587127444020,0,216713987,0,-28844,0,1 # block t=9891 q=12T142 r=16 k=1
465794057,0,66018888661,0,2420458329214,0,16057025327339,0,-4810552381992,0,-220555477016,0,150184727939,0,-12845461496,0,476265594,0,-9133177,0,93787,0,-487,0,1 # block t=9891 q=12T142 r=16 k=1
31068376762137137827069,0,58335853899097646342125,0,-10209865573981376098355,0,749261993446840159601,0,-30817590393276070378,0,777487930014270604,0,-12226219811338170,0,114341131275363,0,-533100385213,0,351137926,0,3980434,0,3922,0,1 # block t=9891 q=12T142 r=16 k=1
363561757,0,-783270565,0,-110658983,0,1140813473,0,-518540309,0,-192395512,0,92331459,0,11448653,0,-3041544,0,-225096,0,16157,0,-262,0,1 # block t=9891 q=12T142 r=16 k=1
183628292021084051,0,-383623045928103396,0,-2913519709930608185,0,7520453882869508849,0,-211309086787715861,0,-1835736844735477564,0,-290731028853216501,0,-1694296475942459,0,587750678315717,0,-8217198558452,0,1354025928,0,-65901,0,1 # block t=9891 q=12T142 r=16 k=1
191326559012956253936813,0,835515233960663949386473,0,557010715642546873062843,0,78986458871302747178002,0,-19920888401275282798339,0,-3938912802704736489320,0,123607440939075640357,0,-491422911075637585,0,669526909977033,0,-420245744309,0,131030723,0,-19191,0,1 # block t=9891 q=12T142 r=16 k=1
123920516894036180217241,0,187352992436706309339197,0,18883683610656364794569,0,-3187409153622718654064,0,-417561568977240050428,0,677409554146089386,0,846469883760211913,0,-6867976013962028,0,20102144883710,0,-28368132763,0,20679386,0,-7392,0,1 # block t=9891 q=12T142 r=16 k=1
93182737449228119111,0,4765036434312709260932,0,22470411047185798787768,0,-34635512893722668931340,0,-218657952084115961160749,0,-13234660404806095600917,0,146282106037089666623095,0,-2877221084808839427429,0,1769176462082066580,0,-327808240067312,0,18438726660,0,-304757,0,1 # block t=9891 q=12T142 r=16 k=1
3396986917515489264511,0,14404983483707629393239,0,9490705861507339075513,0,1235364081186283404941,0,-389191994546442035184,0,-70704283276840043908,0,2825555949276941728,0,-18166533854337973,0,44223436228333,0,-51914750532,0,31267966,0,-9148,0,1 # block t=9891 q=12T142 r=16 k=1
1196719618725278689,0,6544193022335984668,0,-1242469847569779630,0,-105227771557860596,0,21544103538022127,0,-760757764357576,0,-3873816782212,0,446253064952,0,-5050377841,0,3835564,0,169170,0,-772,0,1 # block t=9891 q=12T205 r=16 k=1
260549630540451934753,0,1010930681006720746129,0,-886527219335418115163,0,279567255007825269597,0,-40793134025059734293,0,2436554395913642987,0,11911951758445588,0,-5237559028233089,0,20277563775204,0,-6538002989,0,-25097507,0,-4411,0,1 # block t=9891 q=12T142 r=16 k=1
1350692998387189940449,0,8292692106491692931037,0,14847378776457160432205,0,8280147337291344027940,0,-1516291294228537202049,0,-1843799346774635706069,0,47028347484889764741,0,-232075253246765465,0,387008782200871,0,-289382320135,0,104719355,0,-17368,0,1 # block t=9891 q=12T142 r=16 k=1
1006396357209212482283,0,-1215063659681540237721,0,-8609429175835803561900,0,22484078374573031816424,0,-20245296389241714502271,0,7691490280260238358048,0,-961263951328327722156,0,-35283164062923248831,0,32209066754498235,0,-3282368825672,0,-1589979303,0,-54238,0,1 # block t=9891 q=12T142 r=16 k=1
149407614199117,0,-523675727849692,0,748657661874454,0,-564715934944308,0,242016306856532,0,-58893338306611,0,7680736424602,0,-479607013046,0,12754126030,0,-149852665,0,748874,0,-1527,0,1 # block t=9891 q=12T142 r=24 k=2
635876058314613231770453,0,-696770102525721866567552,0,164480418389802448434640,0,-13728317774988418708996,0,548426960505424369778,0,-11836579373476820104,0,144772092686723986,0,-1008902397514132,0,3894802219845,0,-7970221964,0,8631638,0,-4680,0,1 # block t=9891 q=12T205 r=24 k=2
833512049048974100959,0,-893382455001926698044,0,334712784479740403508,0,-58684630283668320864,0,5324150627081458056,0,-256502886341673540,0,6516161339354238,0,-88218546775128,0,650683296687,0,-2620083220,0,5486586,0,-5040,0,1 # block t=9891 q=12T205 r=24 k=2
395669610597563,0,-764211635435605,0,580120887607396,0,-221886535123595,0,46431491646880,0,-5601834462008,0,402035843173,0,-17511294427,0,471198682,0,-7847474,0,78557,0,-432,0,1 # block t=9891 q=12T142 r=24 k=2
284006552517577,0,-1201022263552629,0,2048515281801236,0,-1799481292531934,0,862826257547344,0,-221605724571561,0,28265054398129,0,-1536607537603,0,33058583679,0,-303536275,0,1148566,0,-1817,0,1 # block t=9891 q=12T142 r=24 k=2
56441507894992492637273,0,-51948758695719986603568,0,14812710507173745047268,0,-1876901550384151424724,0,119844558605486497398,0,-4000728648349415844,0,69707344500771026,0,-642144972051324,0,3204562017477,0,-8697311216,0,12245070,0,-7548,0,1 # block t=9891 q=12T205 r=24 k=2
12617384741367247106231,0,-16469409465180696810208,0,4473107915553271741770,0,-461127399325554844164,0,23530403904911561687,0,-663815251526843712,0,10860258655290876,0,-104500066986136,0,583746344321,0,-1835865072,0,3178514,0,-2820,0,1 # block t=9891 q=12T205 r=24 k=2
55099293793591455227511,0,-123946736498085388103469,0,116059097135728290489030,0,-58182240377985053393654,0,16637815234406314972672,0,-2643815458507003061689,0,203524447323369538907,0,-4823554234702145799,0,14277479423145478,0,-11997860969497,0,1878858755,0,-84085,0,1 # block t=9891 q=12T142 r=24 k=2
3041375052617551386197,0,-6088971954117080751483,0,4753004958709120498244,0,-1847176081388720142774,0,371076888305918075007,0,-35116441291271381511,0,1119774369837496946,0,-8299902860645893,0,23784996269628,0,-32852911006,0,23195149,0,-7912,0,1 # block t=9891 q=12T142 r=24 k=2
144,0,-654,0,1286,0,-1284,0,430,0,450,0,-578,0,172,0,130,0,-143,0,59,0,-12,0,1 # block t=9893 q=12T206 r=0 k=2
829647430268824,0,1579989488376876,0,1126612318178046,0,356022874106393,0,42036824062017,0,156375903528,0,67383280140,0,-2325101742,0,69792282,0,-1634584,0,32034,0,-255,0,1 # block t=9893 q=12T206 r=0 k=2
2971310833695853533,0,-11580083431246522116,0,16638019948108037718,0,-10155690772320305220,0,1873024071646279239,0,241727244436509048,0,11431205587379076,0,258515376391512,0,2581076907387,0,3618527500,0,20950662,0,-8340,0,1 # block t=9893 q=12T206 r=0 k=2
32207104,0,184752384,0,444426048,0,577351936,0,433729156,0,187139144,0,44221393,0,6176745,0,886954,0,52846,0,2457,0,57,0,1 # block t=9893 q=12T206 r=0 k=2
9024773338118817,0,39364033059795708,0,70330590193869954,0,65916130626215884,0,34437774321874863,0,9796524790825656,0,1301852194056732,0,18419314314168,0,118150896015,0,327223884,0,179586,0,-900,0,1 # block t=9893 q=12T206 r=0 k=2
48578473,0,5093157,0,6956085,0,1266628,0,-132912,0,124749,0,-25833,0,468,0,1332,0,-329,0,93,0,-6,0,1 # block t=9893 q=12T206 r=0 k=2
2887192372,0,7231320320,0,7654352104,0,4629862260,0,1804462117,0,481094180,0,90445410,0,12127126,0,1154345,0,76250,0,3324,0,86,0,1 # block t=9893 q=12T206 r=0 k=2
1440,0,-9684,0,27900,0,-45784,0,48708,0,-36804,0,21132,0,-9504,0,3324,0,-869,0,159,0,-18,0,1 # block t=9893 q=12T206 r=0 k=2
7380143,0,25008410,0,27918745,0,8410067,0,-3419258,0,-1179588,0,323786,0,-24121,0,14229,0,-4349,0,518,0,-31,0,1 # block t=9893 q=12T206 r=0 k=2
3277667636769074284,0,12470893038787927035,0,17683021553666769228,0,10972353394267333699,0,2392842160148695389,0,-88377291748666737,0,1299040971390654,0,-42969624495507,0,973960414443,0,3994684897,0,13960542,0,5529,0,1 # block t=9893 q=12T206 r=0 k=2
220388772613135,0,675304075010061,0,858728409104643,0,578407047120428,0,216223834131405,0,41700072283614,0,2913101511405,0,-77947963956,0,3678716673,0,-49207687,0,294714,0,-852,0,1 # block t=9893 q=12T206 r=0 k=2
1194127145442488683,0,-2596699432379447646,0,2420879514707093637,0,-1316583715767529622,0,474530776271110602,0,-109457620868549034,0,11603251562609913,0,123608664210186,0,563583289356,0,1089319216,0,456852,0,-1392,0,1 # block t=9893 q=12T206 r=0 k=2
24002607726379918,0,-44136097265129559,0,34446443119144842,0,-12530130809976023,0,2262329322120405,0,-203732527433553,0,8954621447892,0,-188270913807,0,2656315035,0,-30054929,0,240420,0,-807,0,1 # block t=9893 q=12T206 r=0 k=2
112346045947926116992,0,119890575950926702272,0,21943634165394761424,0,1849697519614940048,0,90336575789025705,0,2833802886179016,0,60212493660498,0,888583328784,0,9146144439,0,64570496,0,298614,0,816,0,1 # block t=9893 q=12T206 r=0 k=2
4860,0,-5994,0,-2592,0,-8830,0,27078,0,-12984,0,-5008,0,3348,0,330,0,-331,0,144,0,-21,0,1 # block t=9893 q=12T206 r=0 k=2
64395267976878597648,0,159550281136512203488,0,103444621752201364256,0,9681502631124765840,0,232376413360741500,0,-7744635114487800,0,-537264059070864,0,-11379394294592,0,-98486370386,0,-139793664,0,1577274,0,-2326,0,1 # block t=9893 q=12T206 r=8 k=2
60827254803,0,305087794704,0,614483038998,0,622864890972,0,319013245287,0,65796285744,0,-1613714940,0,-986719320,0,52408485,0,-54944,0,-29346,0,300,0,1 # block t=9893 q=12T206 r=8 k=2
770097217536,0,277211349319680,0,25547456992149504,0,910190878712856576,0,12510577276123834368,0,44631284024539514880,0,783591970545782784,0,-17123480957507328,0,70115428776960,0,-60484995648,0,-37291392,0,43704,0,1 # block t=9893 q=12T206 r=8 k=2
1477038160625588492401,0,334089082719766326633264,0,-38630277536527102806318,0,110378002226231471816,0,32304238167026119947,0,-775703231041332504,0,7611402223115960,0,-29141326615992,0,-61923313737,0,988134840,0,-3341898,0,3600,0,1 # block t=9893 q=12T206 r=16 k=0
5026175581869268863,0,7247695870662025788,0,-1602258983283261372,0,20373022877759608,0,6719877763176735,0,-333088340831544,0,3534317443172,0,115643237904,0,-3801535425,0,43889160,0,-213600,0,204,0,1 # block t=9893 q=12T206 r=16 k=0
4346565544416937,0,4412030028217136,0,-1365967660236574,0,-114419229841936,0,39943593602015,0,843006912480,0,-362697591684,0,1574397664,0,1019045527,0,-22867216,0,192898,0,-720,0,1 # block t=9893 q=12T252 r=16 k=0
371310551146355625,0,-923785188593970600,0,929955590310314610,0,-488135374320260944,0,142613445880083339,0,-22654615998010608,0,1721093659727160,0,-43172360199792,0,468340614495,0,-2443189800,0,6146406,0,-6336,0,1 # block t=9893 q=12T206 r=24 k=0
11556424809,0,-28063067580,0,29031221610,0,-16941449980,0,6237898047,0,-1534951224,0,260256684,0,-30789144,0,2532663,0,-141708,0,5130,0,-108,0,1 # block t=9893 q=12T206 r=24 k=0
147852247559699700063,0,-268194831735140615808,0,191059495861565575764,0,-67851417532210398684,0,12555692795216267487,0,-1135366316304416784,0,40956901803335340,0,-562688804920428,0,3514178575647,0,-10771433892,0,16103880,0,-9972,0,1 # block t=9893 q=12T206 r=24 k=0
36832209082207881075,0,57209916672160143714,0,29235885947738430342,0,6876416260500087866,0,823686547174483087,0,51917869769914068,0,1781708507631732,0,33153706759564,0,318538004469,0,1479459866,0,3108318,0,2922,0,1 # block t=9895 q=12T206 r=0 k=0
193941613979035887635,0,151914210231838936008,0,27118355715076790922,0,2339751687205893284,0,119597460515316375,0,3957346372930368,0,88438046551740,0,1356544847544,0,14219157525,0,99159640,0,433218,0,1044,0,1 # block t=9895 q=12T206 r=0 k=0
83998359041008775932,0,323304861241858618578,0,453953886854149385094,0,262428148456900563460,0,36661504688206325694,0,-10675482245707336128,0,448361776255570728,0,4611789570364236,0,26964868673286,0,81967423243,0,101453313,0,19218,0,1 # block t=9895 q=12T206 r=0 k=0
34301623,0,96339105,0,125863863,0,104347346,0,63174303,0,28237986,0,8891358,0,1936116,0,293481,0,29441,0,1863,0,66,0,1 # block t=9895 q=12T206 r=0 k=0
1986120515584,0,-3524089774080,0,2258410340352,0,-601819488256,0,60406769664,0,-8707898880,0,2233817088,0,51215616,0,21710304,0,170456,0,16968,0,-174,0,1 # block t=9895 q=12T206 r=0 k=0
1543180071600,0,-9152772105712,0,22503994856296,0,-29241339060416,0,20974031207519,0,-7633640051289,0,909315098038,0,92912872033,0,4260034502,0,56742774,0,333729,0,926,0,1 # block t=9895 q=12T206 r=0 k=0
243358159168,0,-2591676039072,0,12787989187908,0,-22695139498432,0,16984292857776,0,-5501110077396,0,808150764309,0,-36236347956,0,766819422,0,-8455414,0,50385,0,-210,0,1 # block t=9895 q=12T206 r=0 k=0
100740025002917888,0,221604233312120832,0,193336476209534976,0,84604281028233216,0,19488350297240064,0,2353329211372032,0,154084754789120,0,3304165911168,0,44430099648,0,296825432,0,1770732,0,-1524,0,1 # block t=9895 q=12T206 r=0 k=0
35937,0,-57112,0,94402,0,-97584,0,84079,0,-53584,0,26076,0,-10112,0,3087,0,-728,0,130,0,-16,0,1 # block t=9895 q=12T206 r=0 k=0
4718592,0,12552192,0,14183424,0,9854976,0,5342976,0,2427264,0,863424,0,228096,0,44496,0,6312,0,612,0,36,0,1 # block t=9895 q=12T206 r=0 k=0
15286284669096,0,-78479339566104,0,177545094090498,0,-230506184360044,0,181615708653876,0,-80710000832898,0,14751275499327,0,490284601254,0,6837039567,0,40173108,0,52470,0,-468,0,1 # block t=9895 q=12T206 r=0 k=0
749568,0,579584,0,300032,0,83968,0,38400,0,27008,0,16832,0,7552,0,2400,0,584,0,100,0,12,0,1 # block t=9895 q=12T206 r=0 k=0
583873210362375,0,1393166887458525,0,1363506497978805,0,705526146765278,0,207979985935833,0,35159480658714,0,3211322540378,0,126858820284,0,3130605339,0,41488319,0,434367,0,-750,0,1 # block t=9895 q=12T206 r=0 k=0
89002893,0,-246429812,0,280692025,0,-204836691,0,152935913,0,-111013372,0,52222188,0,-12432448,0,988877,0,26952,0,7037,0,101,0,1 # block t=9895 q=12T206 r=0 k=0
2745,0,-11602,0,18085,0,-12243,0,4744,0,-4084,0,2400,0,-101,0,297,0,-53,0,28,0,-1,0,1 # block t=9895 q=12T206 r=0 k=0
29070350544280006,0,119283685102074096,0,-22828732995797256,0,-2812148423810508,0,100972131004032,0,16139004852948,0,367420464248,0,-9513907344,0,-569498604,0,-9949756,0,-68778,0,-48,0,1 # block t=9895 q=12T206 r=8 k=0
5877760,0,-544768,0,-22550528,0,-2082816,0,20541952,0,8166656,0,191232,0,-324416,0,-43840,0,1280,0,624,0,44,0,1 # block t=9895 q=12T206 r=8 k=0
2095603385697,0,7234729705080,0,-5141781427356,0,-368967712788,0,220511919222,0,14310899436,0,-2570566518,0,-213644532,0,4612541,0,807000,0,24742,0,284,0,1 # block t=9895 q=12T252 r=8 k=0
1186579684007402208902,0,1361485577336023759464,0,-66157937614718595540,0,-13669850990268939460,0,691572757776983460,0,9648089194590744,0,-356873538845324,0,-4975312492440,0,26133001362,0,680523432,0,3522150,0,5976,0,1 # block t=9895 q=12T206 r=8 k=0
151444043888709060,0,181069448920170912,0,-41424057163572336,0,-20939577950615616,0,996221634445944,0,118009027678968,0,1189886840364,0,-95624964288,0,-3026019036,0,-34813840,0,-158448,0,-60,0,1 # block t=9895 q=12T206 r=8 k=0
89200191577,0,630407143548,0,1026273395214,0,-337856500822,0,-124652295935,0,29156758480,0,2967581679,0,-765724042,0,12030652,0,1773102,0,38737,0,330,0,1 # block t=9895 q=12T252 r=8 k=0
584192072710865678336,0,478152257535917162496,0,-235487377263592003584,0,8621240284578879488,0,838457673070151424,0,-7356924644696064,0,-525353307222272,0,-2402624155392,0,72161625744,0,917189120,0,3942408,0,6072,0,1 # block t=9895 q=12T206 r=8 k=0
628262768560,0,2972062483936,0,2617826794408,0,241894762752,0,-364035608045,0,-74846447786,0,10721877258,0,2951345936,0,139619633,0,707764,0,-31512,0,-2,0,1 # block t=9895 q=12T206 r=8 k=0
135496508886379,0,673497972264360,0,1333297294517622,0,1317681375847132,0,655390515765303,0,135969706967040,0,2655966945732,0,-307649537496,0,4223069469,0,3995032,0,-283650,0,876,0,1 # block t=9895 q=12T206 r=8 k=0
2981837818992376,0,4620938454587376,0,-1196530154746896,0,-261817972582656,0,2556070995372,0,2251366566000,0,109205296520,0,-478997568,0,-168347166,0,-4870228,0,-53136,0,-120,0,1 # block t=9895 q=12T206 r=8 k=0
103935866417298,0,-547632858937536,0,-321938545390776,0,3701532362602500,0,-1402539481242360,0,-5966679649388040,0,4339452170861604,0,101748428524008,0,890603721108,0,3658032540,0,7127766,0,5760,0,1 # block t=9895 q=12T206 r=8 k=0
6613495714823880087,0,36685734207192250164,0,-2369321641526087664,0,-71971120856510092,0,9727578156469203,0,-259803916976376,0,-12894587556,0,105473217564,0,-1356154065,0,-5182248,0,196812,0,-1044,0,1 # block t=9895 q=12T206 r=16 k=0
341186303690651506194,0,330293231240479371216,0,-26322376110297984072,0,118368255539320812,0,43812646198400664,0,-1507675192780752,0,12797952475356,0,214089522480,0,-4339218204,0,7503508,0,262614,0,-1392,0,1 # block t=9895 q=12T206 r=16 k=0
63957139394655936168,0,67856287389033582000,0,-7044146379329080608,0,73299433684558176,0,15626237921765100,0,-706072735073808,0,8094776693256,0,128728034640,0,-3396979962,0,6850844,0,279084,0,-1488,0,1 # block t=9895 q=12T206 r=16 k=0
1786776161193,0,731772075636,0,-1432141993998,0,91096747086,0,151725626549,0,-9733458812,0,-5078503165,0,278951658,0,51362668,0,-2622202,0,46261,0,-354,0,1 # block t=9895 q=12T252 r=16 k=0
2674482222076,0,5613209769216,0,-1514344167000,0,-1118012207656,0,256369868226,0,4746886308,0,-3845845470,0,167797962,0,11622339,0,-1040824,0,26160,0,-270,0,1 # block t=9895 q=12T206 r=16 k=0
15313816507731464271611,0,46724124399403788990764,0,-5258683769507800422261,0,90358784265323650178,0,11412932301744643919,0,-699153569452867010,0,16721968951813234,0,-188762670787430,0,864538207479,0,-374176612,0,-1687904,0,650,0,1 # block t=9895 q=12T252 r=16 k=0
27334311653097,0,-51929348892132,0,35634784839514,0,-12736062189828,0,2724115753855,0,-372427946376,0,33580803148,0,-2016505704,0,80028919,0,-2045716,0,31994,0,-276,0,1 # block t=9895 q=12T206 r=24 k=0
1974030167146106880,0,-1961937683397328896,0,486672805050966016,0,-58283608820711424,0,4114125099283456,0,-188123039408640,0,5855179677568,0,-126961399296,0,1924118848,0,-20030144,0,136736,0,-552,0,1 # block t=9895 q=12T206 r=24 k=0
11152490934,0,-26858180520,0,25809926244,0,-13873049588,0,4765025028,0,-1116744480,0,184605404,0,-21803832,0,1833066,0,-107280,0,4158,0,-96,0,1 # block t=9895 q=12T206 r=24 k=0
1034199732166227630217,0,-829992233309919921960,0,169919172150625656450,0,-16553070021002193912,0,925921863313222839,0,-32272378483004808,0,727174345182680,0,-10697793209064,0,101468298915,0,-596386784,0,1990998,0,-3072,0,1 # block t=9895 q=12T206 r=24 k=0
184074863166337099739,0,575705047153201182532,0,250502681111423958939,0,31196166386171273950,0,297589128560297951,0,-75845868775857886,0,-1596420911672702,0,33252819015206,0,741612440727,0,755640292,0,-1478288,0,-938,0,1 # block t=9897 q=12T252 r=8 k=2
137963441141296,0,538468222656064,0,310697683351600,0,23069191334352,0,-9987050440052,0,-1138984578608,0,65835142428,0,9894490352,0,255491528,0,-129428,0,-39282,0,28,0,1 # block t=9897 q=12T206 r=8 k=2
2703462890444788850,0,12009584323717223520,0,19333984008862915260,0,14395081217292338164,0,5186051343228301272,0,844280569678928220,0,42374555117125524,0,-980637627238344,0,4645218029202,0,-812561452,0,-18845394,0,18564,0,1 # block t=9897 q=12T206 r=8 k=2
1848787264424060,0,546916450623168,0,-1647706516975152,0,-279164009185088,0,12568805105172,0,2108796401736,0,-3998184392,0,-4515553824,0,-83337642,0,1816180,0,65520,0,564,0,1 # block t=9897 q=12T206 r=8 k=2
462564494467,0,1292636065584,0,255272036868,0,-115118254318,0,-22563549279,0,1424176398,0,489031989,0,24517008,0,-696384,0,-75484,0,-633,0,54,0,1 # block t=9897 q=12T252 r=8 k=2
121458366,0,310010976,0,225199116,0,25259940,0,-31710798,0,-10923984,0,191700,0,582264,0,78462,0,-1764,0,-918,0,-36,0,1 # block t=9897 q=12T206 r=8 k=2
1729026240390834036093,0,9198807209805651408504,0,-81507054094547536152,0,-39509181556237036728,0,326993722363458513,0,37685454332337648,0,-280415633788440,0,-8936999494380,0,-70064721,0,647704772,0,3462852,0,5424,0,1 # block t=9897 q=12T206 r=8 k=2
2880213418627800271362,0,10032103700290065227832,0,899416366540862792508,0,27271488580194515804,0,197003158800358626,0,-5684801394623112,0,-106888653979476,0,5937710400,0,11699447094,0,53209536,0,-400194,0,-2556,0,1 # block t=9897 q=12T206 r=8 k=2
508707505610146,0,1794230285808480,0,2419453113212640,0,1559528159208188,0,486892161754200,0,62878434403752,0,850211995596,0,-185826278232,0,3183358788,0,484412,0,-244626,0,888,0,1 # block t=9897 q=12T206 r=8 k=2
3527631,0,7777674,0,-3444498,0,-9172248,0,-1113773,0,2206028,0,870651,0,66548,0,-17220,0,-2912,0,3,0,22,0,1 # block t=9897 q=12T252 r=8 k=2
61022946779320562146,0,147806446053167125968,0,20285295924539025636,0,-300040111067237612,0,-95548353649590552,0,1510620885974160,0,137792396071500,0,-5269418542320,0,75093199182,0,-515146860,0,1736670,0,-2544,0,1 # block t=9897 q=12T206 r=16 k=2
523513856,0,5651054592,0,-5208809472,0,-2367251456,0,2130630912,0,-407142656,0,8462144,0,4865536,0,-434880,0,-2496,0,1772,0,-76,0,1 # block t=9897 q=12T252 r=16 k=2
194752644181057898000,0,801591810381609312000,0,-37200683838056047680,0,-2587440596511940064,0,250420841058010944,0,-8052796598738016,0,115647704330200,0,-275368126272,0,-14752956432,0,215001960,0,-1234176,0,2520,0,1 # block t=9897 q=12T206 r=16 k=2
596131840,0,-261390336,0,-831062016,0,333824000,0,181094400,0,-75033600,0,-7421184,0,4576512,0,-389952,0,-14592,0,3168,0,-120,0,1 # block t=9897 q=12T206 r=16 k=2
697907,0,14526960,0,-1711908,0,-26970422,0,23741385,0,-7507922,0,621437,0,167632,0,-39168,0,1452,0,311,0,-34,0,1 # block t=9897 q=12T252 r=16 k=2
387500327694,0,319179572928,0,-303016826124,0,21673359900,0,7924197618,0,-1084630464,0,-25889580,0,11673576,0,-575442,0,-16228,0,2442,0,-84,0,1 # block t=9897 q=12T206 r=16 k=2
169172971201,0,-342253750560,0,278610259266,0,-126798413400,0,36712649163,0,-7200107256,0,985923000,0,-95159352,0,6421095,0,-294424,0,8646,0,-144,0,1 # block t=9897 q=12T206 r=24 k=2
2887192372,0,-7231320320,0,7654352104,0,-4629862260,0,1804462117,0,-481094180,0,90445410,0,-12127126,0,1154345,0,-76250,0,3324,0,-86,0,1 # block t=9897 q=12T206 r=24 k=2
82613725544448,0,-129428500905984,0,79228337004544,0,-25467259621376,0,4907554877952,0,-607150275072,0,49908298624,0,-2757628992,0,101680688,0,-2434816,0,35856,0,-292,0,1 # block t=9897 q=12T206 r=24 k=2
263252367875177,0,-1338845463697236,0,2772677641253586,0,-2968652591443532,0,1711860323187447,0,-496089611798040,0,58170767959044,0,-2417902646328,0,44875371951,0,-407761684,0,1807914,0,-3324,0,1 # block t=9897 q=12T206 r=24 k=2
57326905088232967730817,0,-78846963369373411408044,0,24621782520007767855266,0,-3178163187650811405852,0,197901936315539049455,0,-6339698870668784600,0,109752348518379356,0,-1029607771346456,0,5001858036335,0,-11739674748,0,12391202,0,-5836,0,1 # block t=9897 q=12T206 r=24 k=2
62672639674061792929,0,61138139462973764108,0,-11002711229137569518,0,610594369792839420,0,-6170527270121105,0,-571343718697192,0,19895294483196,0,-134639624360,0,-3049699249,0,46264796,0,-105582,0,-340,0,1 # block t=9898 q=12T206 r=16 k=0
2063408816168217,0,2306114944693668,0,-941525444543114,0,124913676819320,0,-6117464408803,0,-95923954124,0,21659498138,0,-689038892,0,-5077474,0,702580,0,-12196,0,8,0,1 # block t=9898 q=12T252 r=16 k=0
42563272704,0,118612688896,0,17034493952,0,-29343891456,0,-540243712,0,2451436544,0,-272160640,0,-32028160,0,7263856,0,-474496,0,13976,0,-192,0,1 # block t=9898 q=12T206 r=16 k=0
1483817766859636379,0,1844007330587056566,0,-3941239525320347976,0,1838324431488258824,0,-243590616340451136,0,-13484123795500054,0,2839610763709364,0,-65245370985670,0,272356665468,0,1546150482,0,68255,0,-2300,0,1 # block t=9898 q=12T252 r=16 k=0
11402900629726040857,0,21705498766497300096,0,-3822557671376618718,0,41422422861772760,0,12021374106256059,0,-547661677570248,0,6075299297880,0,131398013880,0,-4463577201,0,50149080,0,-238602,0,240,0,1 # block t=9898 q=12T206 r=16 k=0
18134214728306688,0,-17673261084966912,0,5634959990724608,0,-941995159826432,0,97526765802752,0,-6765095779328,0,327139991424,0,-11213439488,0,272078432,0,-4577664,0,50864,0,-336,0,1 # block t=9898 q=12T252 r=24 k=1
2046656017844096,0,-2322225169012672,0,929352936137072,0,-194791047168096,0,24939269928329,0,-2109011391848,0,122844820130,0,-5023932752,0,144375655,0,-2861008,0,37286,0,-288,0,1 # block t=9898 q=12T206 r=24 k=1
7644768356123605089,0,-7411146684437628252,0,1956737458409599746,0,-249111046125421452,0,18364985787374127,0,-851979521575608,0,25892396653212,0,-523271673336,0,6997007951,0,-60281580,0,315778,0,-892,0,1 # block t=9898 q=12T252 r=24 k=1
111374999,0,505008928,0,961634590,0,986102792,0,589505999,0,207773844,0,41523392,0,4455208,0,347545,0,37732,0,578,0,-56,0,1 # block t=9899 q=12T207 r=0 k=1
21368224723,0,30781669241,0,10788824131,0,-1344050921,0,-636555359,0,152903259,0,2245274,0,-3493467,0,444954,0,-14437,0,340,0,-35,0,1 # block t=9899 q=12T207 r=0 k=1
492105786989808752896,0,996599849800124583424,0,799077748705932733440,0,331073749138596374752,0,75682614112673494624,0,9158794143650443488,0,473731899275880725,0,2681596844472983,0,78858070510259,0,47616641658,0,27426527,0,6855,0,1 # block t=9899 q=12T207 r=0 k=1
4844739618575663173632,0,3859128690596950388736,0,309018905137275037696,0,13554595332073599488,0,425446602901555200,0,9989734792119040,0,171735738749824,0,2113659754208,0,18298317472,0,108707176,0,422524,0,970,0,1 # block t=9899 q=12T207 r=0 k=1
242667,0,-495726,0,2240,0,77454,0,562643,0,-164908,0,102616,0,10364,0,-5055,0,-646,0,104,0,22,0,1 # block t=9899 q=12T207 r=0 k=1
7520600636412809754736,0,9128656298012709039936,0,2479863791902093593924,0,206870453858060329136,0,2227970245651302204,0,1199268318819788028,0,272556554338731660,0,16001158965011298,0,298954513125441,0,243261993776,0,6093818562,0,143610,0,1 # block t=9899 q=12T204 r=0 k=1
376434295,0,182259123,0,66652794,0,2145496,0,-2040831,0,-1151064,0,13065,0,72756,0,18441,0,2890,0,348,0,27,0,1 # block t=9899 q=12T204 r=0 k=1
12480679606032,0,51282801098820,0,85810003092792,0,74466793688436,0,35295847147260,0,8980700426166,0,1225187140076,0,83893880219,0,2533741449,0,65351680,0,3749174,0,-1305,0,1 # block t=9899 q=12T204 r=0 k=1
286501174018662772736,0,648799290666538360832,0,605790443604782908416,0,302126789344510273536,0,87893055588685419520,0,15609512369312882688,0,1780278377907578944,0,134517882717205760,0,5645682710793152,0,-1311716453120,0,3246817556,0,-100496,0,1 # block t=9899 q=12T204 r=0 k=1
1092999292911,0,1886125561398,0,1235589696180,0,441435030309,0,99720107559,0,15366334392,0,1681864965,0,133067286,0,7599177,0,306423,0,8289,0,135,0,1 # block t=9899 q=12T204 r=0 k=1
190210231,0,296264328,0,331459878,0,222856916,0,106503399,0,30964104,0,3504120,0,287028,0,-138879,0,13352,0,354,0,-48,0,1 # block t=9899 q=12T207 r=0 k=1
21323724263838822016,0,36898823663364366848,0,23941311617067885120,0,7789887496761189280,0,1369052929719316016,0,124826664725460624,0,4743965408464712,0,25316835099936,0,1373442249368,0,4006113990,0,5413357,0,3701,0,1 # block t=9899 q=12T207 r=0 k=1
24739393536,0,51790043136,0,50296017920,0,27475480576,0,7939292416,0,1006748416,0,79384640,0,24555936,0,2503456,0,-173432,0,7008,0,-142,0,1 # block t=9899 q=12T207 r=0 k=1
6887494643603473,0,9298240816876284,0,4669307805386850,0,1247970755426476,0,204105529032399,0,21838625636472,0,1570677044892,0,75531435192,0,2343339135,0,44018572,0,447906,0,924,0,1 # block t=9899 q=12T204 r=0 k=1
2383988126924402786304,0,-4860875209556141776896,0,3807191382931038527488,0,-1367667715392880228352,0,199573913263176520704,0,-5475054936431931648,0,547229671265984256,0,-21121251577651552,0,147369692709136,0,1401140358304,0,6431864088,0,-74958,0,1 # block t=9899 q=12T204 r=0 k=1
-223772672,0,730415104,0,312840192,0,-1516464128,0,-929676864,0,-257394240,0,-46414848,0,-5520832,0,-339360,0,-4072,0,780,0,48,0,1 # block t=9899 q=12T207 r=2 k=2
-6402625209719,0,-13532754701972,0,10788513053953,0,-3504121120618,0,667685829170,0,-84167674540,0,7403204858,0,-464480965,0,20810132,0,-653164,0,13696,0,-173,0,1 # block t=9899 q=12T207 r=2 k=2
-7331592482,0,-19802792148,0,-40924930360,0,-24124236818,0,16585376369,0,-2802578307,0,1653038256,0,435360743,0,40396724,0,275183,0,6760,0,3,0,1 # block t=9899 q=12T207 r=2 k=2
-12803878460880819153,0,-38423101939086607842,0,220651135464642096260,0,-288373163204517027158,0,119187400235028958363,0,2605375524555136172,0,98618817173768128,0,722140466967124,0,1901900252597,0,2523676182,0,1609020,0,1570,0,1 # block t=9899 q=12T207 r=2 k=2
-550147,0,6120024,0,7803728,0,-226175840,0,419048601,0,-86502098,0,2961142,0,142549,0,75884,0,8421,0,-2084,0,90,0,1 # block t=9899 q=12T207 r=2 k=2
-7632063,0,-6532005888,0,-156489564168,0,-995191453332,0,301081591728,0,219213765936,0,44297899974,0,4228177104,0,228089592,0,10035948,0,420672,0,1200,0,1 # block t=9899 q=12T204 r=2 k=2
-1199942599704208641,0,-3093385815547028721,0,-2671551249843573243,0,-708979324334225439,0,156358427559916009,0,99889664324629300,0,13542886953220969,0,441961527854298,0,3928817494261,0,11565523845,0,10164902,0,4704,0,1 # block t=9899 q=12T204 r=2 k=2
-4147172306309,0,-24253567022188,0,-67754320719242,0,-114974233356232,0,-125027862096845,0,-85299907403748,0,-33291648186284,0,-5747108285056,0,-52684057599,0,1140843736,0,12139462,0,-3344,0,1 # block t=9899 q=12T207 r=2 k=2
-1028543,0,-2203362,0,-678423,0,117005,0,46143,0,-1260,0,10383,0,11313,0,5094,0,1325,0,216,0,21,0,1 # block t=9899 q=12T207 r=2 k=2
-3455548733273708369512,0,4986058745355235096640,0,2594057126567513185000,0,-9257725182741549425896,0,6901769913775331284864,0,-2134516658023654283460,0,227996243405245579470,0,2558389061363994102,0,6686957751246506,0,-1084818063110,0,105047971,0,772,0,1 # block t=9899 q=12T207 r=2 k=2
-72376594464654,0,-43067308732524,0,43049082203496,0,-13725219446132,0,2441653323073,0,-280289524236,0,22057330008,0,-1219173308,0,47363060,0,-1265144,0,22040,0,-224,0,1 # block t=9899 q=12T207 r=2 k=2
-325786811934766181723001,0,-416343006996929799379194,0,-29890317027202308291020,0,-933182060598049781910,0,-16095802163344572245,0,-163674760684782180,0,-951350296693376,0,-2441506280076,0,4497620877,0,61467518,0,276364,0,770,0,1 # block t=9899 q=12T207 r=2 k=2
-152991512865143615151,0,-570744142347368747736,0,-113437972156390436342,0,-11186149604366687191,0,-651328001204027565,0,-23423043138487850,0,-537500926586942,0,-8123109833374,0,-82990230982,0,-566824926,0,-2234179,0,-3502,0,1 # block t=9899 q=12T207 r=2 k=2
-2030140721072617254,0,-928723685259000233412,0,-12025163993061186856620,0,-44565040897325507403108,0,10784531503802106074727,0,-746193041125977981528,0,17917572422322072810,0,-109424573386966512,0,8614785522790062,0,48939462593088,0,71693240970,0,-287688,0,1 # block t=9899 q=12T204 r=2 k=2
-2524107195873,0,-19215329243112,0,-10365491338794,0,-2117916624096,0,-170838027693,0,1537688448,0,1155150072,0,68613480,0,1051461,0,-14040,0,1026,0,72,0,1 # block t=9899 q=12T204 r=2 k=2
294654662581,0,-914981122798,0,1050057291300,0,-507293366645,0,66603956884,0,10177334221,0,1579975401,0,-203000307,0,6172198,0,-218898,0,8270,0,-151,0,1 # block t=9899 q=12T207 r=8 k=1
32573882574594297,0,-91879818795205224,0,97447824381207250,0,-47156363881489896,0,9652954207467103,0,-510712081435824,0,12699457243964,0,14093957264,0,-1700056505,0,-8373096,0,22610,0,-40,0,1 # block t=9899 q=12T207 r=8 k=1
2760772362644276335672,0,-1517954708806930749804,0,-258791400347514250896,0,-13611448061343344227,0,398940732624797874,0,8656925968666044,0,448595664369432,0,-5659617454740,0,-142461896310,0,-1290244186,0,-5218248,0,-12393,0,1 # block t=9899 q=12T207 r=8 k=1
141811821302567487,0,-305181509955058526,0,232114229421534793,0,-78787442516780346,0,13291290213881709,0,-635523178559098,0,12026160895256,0,20171705431,0,-1393244486,0,-8280238,0,22170,0,-52,0,1 # block t=9899 q=12T207 r=8 k=1
87623019373167,0,-87594570209811,0,29550943508674,0,-4852201370313,0,397919819996,0,-6146186431,0,-1777004867,0,130456320,0,1054921,0,-515618,0,24709,0,-457,0,1 # block t=9899 q=12T207 r=8 k=1
146614978916617774185496,0,417927061937476139656376,0,27134587801936990755832,0,524748600487701135992,0,-1929554313724000472,0,-205331615619636444,0,-2784894275148784,0,-11648685485636,0,46144191648,0,476179096,0,370110,0,-3144,0,1 # block t=9899 q=12T204 r=8 k=1
705882209221262368,0,-831754221369798336,0,202875381616208352,0,-24404925454610960,0,1791531044041860,0,-87823569578616,0,3000107072160,0,-72601087752,0,1240613118,0,-14618696,0,112611,0,-507,0,1 # block t=9899 q=12T204 r=8 k=1
3160193750785,0,-13637326981882,0,-28448993838749,0,55678010234624,0,-30492424998088,0,5388074163860,0,625501945263,0,-307678857094,0,24395744698,0,405459108,0,1455713,0,2016,0,1 # block t=9899 q=12T204 r=8 k=1
257181788168435824,0,481226074390361712,0,263154395621227248,0,58141214890328696,0,5408600069084472,0,111051159614712,0,-10522178847876,0,-263163835296,0,11664103140,0,-114794506,0,409506,0,-828,0,1 # block t=9899 q=12T204 r=8 k=1
5842274694608638829619,0,17417584613446077087108,0,7146856231919953215330,0,644019784072987732792,0,1107648681435049403,0,-212321514149152672,0,-1090161121311780,0,10694805695032,0,32740653561,0,-175594924,0,-270926,0,744,0,1 # block t=9899 q=12T207 r=8 k=1
5550348338073164875279,0,-8186402844731516277403,0,4436452052633881508087,0,-1073657016418893516295,0,107401093549568202401,0,-2213889421682843767,0,32979183129508822,0,-201356698738682,0,600317714820,0,-753312353,0,11170,0,-1209,0,1 # block t=9899 q=12T207 r=8 k=1
467735432877767495007,0,484695913720661399799,0,-848326568966229439863,0,-364998452490048898935,0,576825399994948603839,0,-152561316698940937986,0,7385197591444900203,0,-96639250433876568,0,312766025139459,0,-309396674943,0,90206748,0,-14076,0,1 # block t=9899 q=12T204 r=16 k=1
9457641,0,-311126076,0,-824844150,0,-465798060,0,93416959,0,53469384,0,-11852884,0,-868856,0,479479,0,-57996,0,3306,0,-92,0,1 # block t=9899 q=12T207 r=16 k=1
212935663685648858815,0,1090098324008092820421,0,557141871237730027144,0,-2073157901651044538700,0,1058328701205305588105,0,-177677546743569587116,0,8020911978385320725,0,-99834753514084624,0,315947854687525,0,-311836009976,0,90918414,0,-14109,0,1 # block t=9899 q=12T204 r=16 k=1
1008548780606272,0,1087208134779936,0,-295635243417072,0,-34557666677600,0,12384731856240,0,-1139192757576,0,45168402228,0,-431460774,0,-27335223,0,983776,0,-9978,0,-42,0,1 # block t=9899 q=12T204 r=16 k=1
867612534315215616,0,524714023066675968,0,-329688905116624416,0,64836208521034048,0,-6302079221048451,0,327379980099240,0,-8382359438574,0,54578274228,0,1597319163,0,-22886700,0,-12042,0,756,0,1 # block t=9899 q=12T204 r=16 k=1
104803073443786770109,0,-135977965757752806352,0,38391711751461021310,0,-4455948269801914624,0,269710448529903111,0,-9656539625736288,0,218109943156884,0,-3195078959616,0,30389114907,0,-183217104,0,662030,0,-1280,0,1 # block t=9899 q=12T207 r=24 k=1
606628598658949,0,-1061763744140436,0,624671791079970,0,-162787401421204,0,23713299700677,0,-2168868767580,0,132264298878,0,-5534442432,0,159895602,0,-3140464,0,40080,0,-300,0,1 # block t=9899 q=12T207 r=24 k=1
4982083103840879064736,0,-10071182933147436226272,0,7694931084922624879904,0,-2763177841057905001936,0,478339212024815293436,0,-39187312471838845484,0,1379190031117029044,0,-17684961421846744,0,83402719739366,0,-167369462220,0,134704910,0,-27320,0,1 # block t=9899 q=12T204 r=24 k=1
19824569537397824,0,-23288281494116992,0,7518781566556480,0,-1231222939458880,0,123601743632608,0,-8288767985184,0,387448760880,0,-12852297040,0,302296356,0,-4939760,0,53412,0,-344,0,1 # block t=9899 q=12T207 r=24 k=1
419067848979762931796716,0,-494263509302101347590396,0,195094113900295511522632,0,-35526942847545798940864,0,3220764981400461024538,0,-142094782988801908840,0,2923337535152123762,0,-27390248143655144,0,119171713976295,0,-229256671452,0,167475708,0,-37920,0,1 # block t=9899 q=12T204 r=24 k=1
1649465814417846272,0,3864710939451842560,0,3747801261821532160,0,1941037721628049408,0,577582228705182464,0,98680973072223744,0,9055213869043456,0,359001134403584,0,-203392003312,0,2368427136,0,7645944,0,2320,0,1 # block t=9900 q=12T207 r=0 k=1
60051391,0,137350859,0,256513761,0,236989346,0,113366772,0,32480233,0,6311502,0,908902,0,100101,0,8768,0,621,0,32,0,1 # block t=9900 q=12T207 r=0 k=1
67477617927169,0,250596015952423,0,356899678379308,0,242350536510003,0,79589756064565,0,11162913905686,0,177935746858,0,-56809779446,0,1561780313,0,10692987,0,-21286,0,-53,0,1 # block t=9900 q=12T207 r=0 k=1
39891339350631,0,3264451972721,0,-40389833521712,0,-1195487669967,0,7611947858637,0,1444872781429,0,121536180293,0,5787767513,0,170454241,0,3226900,0,39414,0,292,0,1 # block t=9900 q=12T207 r=0 k=1
280203264,0,-481181696,0,514571264,0,-357224448,0,133927168,0,-26237824,0,5082688,0,-1773184,0,375552,0,-27896,0,1288,0,-36,0,1 # block t=9900 q=12T207 r=0 k=1
26642586021983799507,0,14677509573038455110,0,-4123576745447187456,0,374286250409811474,0,14788176692609827,0,-426222622991908,0,41035550853464,0,671776664900,0,-27005283383,0,374614334,0,-2288920,0,8266,0,1 # block t=9900 q=12T207 r=0 k=1
7967535500870320656384,0,-980681918183810187264,0,-2308499187522026268672,0,799438103575075768320,0,-68666193350601672960,0,1418888345966539776,0,97924916033434624,0,1210062987389952,0,5184438651120,0,9015128320,0,8920008,0,4632,0,1 # block t=9900 q=12T204 r=0 k=1
2066396128,0,-2165053776,0,-338653440,0,-362470432,0,871302384,0,-15809040,0,-26340042,0,4503501,0,180765,0,-49006,0,5316,0,-135,0,1 # block t=9900 q=12T204 r=0 k=1
22781184833,0,55303165156,0,45537829154,0,5445841428,0,-10174952977,0,414480072,0,5439503324,0,2555981384,0,140422575,0,4590164,0,75810,0,420,0,1 # block t=9900 q=12T207 r=0 k=1
1202987661117900660544,0,2411666686302789142144,0,1875484951018473730320,0,725594142787435684576,0,148543368739507309036,0,15401122646384475176,0,640549217460044663,0,571503265878162,0,80192188385371,0,46610979462,0,26744569,0,6800,0,1 # block t=9900 q=12T207 r=0 k=1
2701397641,0,3659626908,0,1958471844,0,506622992,0,56435724,0,3399687,0,3547302,0,1654749,0,342459,0,37676,0,2313,0,75,0,1 # block t=9900 q=12T207 r=0 k=1
18219754413257422252573,0,29148729314231487935832,0,16324235783756246502948,0,3546201419598401052476,0,184664984689851018939,0,-5734799356767461100,0,147250837709559636,0,-20909910651929316,0,460246235924871,0,-1464241178164,0,7419991656,0,-161328,0,1 # block t=9900 q=12T204 r=0 k=1
12174891371112038400,0,-25572212571183022080,0,21656391849524854784,0,-9306875522826633216,0,2100275136302665728,0,-241907351931623424,0,15718975652949120,0,-571482471389152,0,10887675230864,0,-94925376560,0,301980432,0,31978,0,1 # block t=9900 q=12T204 r=0 k=1
1329201,0,-5798830,0,11747125,0,-14356606,0,11606474,0,-6413982,0,2417437,0,-601666,0,92602,0,-8002,0,389,0,-18,0,1 # block t=9900 q=12T204 r=0 k=1
24415450706316120432727,0,22256714809923884451576,0,2339161475873313761214,0,113837565726455460260,0,3291414853903840827,0,62627846651074368,0,823835505433092,0,7653365725680,0,50266819125,0,228968336,0,689454,0,1236,0,1 # block t=9900 q=12T207 r=0 k=1
607510799538973,0,-1539230931955648,0,1691031070613934,0,-1050152697210464,0,406280082400615,0,-102032919458912,0,16345732336916,0,-1411436454112,0,28601364315,0,-376653792,0,1471326,0,1344,0,1 # block t=9900 q=12T207 r=4 k=2
430436654137,0,-167325935371,0,-47549234588,0,-1408044754,0,4652085850,0,-431360487,0,-22690769,0,1257592,0,218975,0,-2259,0,-426,0,-14,0,1 # block t=9900 q=12T207 r=4 k=2
1906398539776,0,-4911867291648,0,5116014317568,0,-2726273156608,0,765716042496,0,-100510332672,0,3204708864,0,111502528,0,34597008,0,170200,0,2384,0,26,0,1 # block t=9900 q=12T207 r=4 k=2
752502525497215474599,0,2179872659136312670239,0,-341337301555891660268,0,21302782990693668071,0,-678108110164835178,0,11176149685394183,0,-76831383852318,0,-78744322925,0,1619591332,0,10721509,0,73085,0,-647,0,1 # block t=9900 q=12T207 r=4 k=2
530017,0,-1615836,0,1132098,0,565268,0,-165585,0,-312888,0,-101604,0,-4152,0,7503,0,1556,0,450,0,36,0,1 # block t=9900 q=12T204 r=4 k=2
346738200037051011379,0,1027075396297457897710,0,629309773963555093494,0,140861317594093276127,0,13633811896511932693,0,494046778918725936,0,-2270021794456895,0,-320867994311192,0,205206077127,0,5771990395,0,9035947,0,5103,0,1 # block t=9900 q=12T204 r=4 k=2
31968776539426816,0,-36429965404631040,0,8968084237277184,0,-1039365091028992,0,67925629122048,0,-2605762153728,0,55223552256,0,-518084352,0,5159520,0,-420736,0,13872,0,-192,0,1 # block t=9900 q=12T207 r=4 k=2
1066621781800669,0,-1379545954124724,0,478501473010967,0,-84310716283579,0,9231519361566,0,-695507011948,0,38377115994,0,-1608008662,0,51545580,0,-1230979,0,20519,0,-211,0,1 # block t=9900 q=12T207 r=4 k=2
5066946647588921863,0,-8973517139037432978,0,5705888464610380740,0,-1792752088667393520,0,302479918619581131,0,-26413249262688812,0,953591716893056,0,-3172960210248,0,228003023341,0,-1184008018,0,2492668,0,-2488,0,1 # block t=9900 q=12T207 r=4 k=2
28478395718557713,0,-37081674865682766,0,18450075365801208,0,-4815287133856632,0,744013669638474,0,-72187033286286,0,4542154519644,0,-188489849256,0,5200922196,0,-94533696,0,987174,0,-1692,0,1 # block t=9900 q=12T204 r=4 k=2
4131454976,0,-1008173056,0,324960256,0,-7633829888,0,9541030912,0,-4775968256,0,1091000576,0,-94226176,0,699232,0,-229216,0,5040,0,136,0,1 # block t=9900 q=12T207 r=4 k=2
159927992,0,-7092880,0,136554774,0,-201066681,0,-26422210,0,-3180304,0,-1377970,0,-147898,0,-5210,0,-1782,0,-188,0,5,0,1 # block t=9900 q=12T207 r=4 k=2
41852,0,-210288,0,480640,0,-661976,0,612790,0,-402180,0,192119,0,-67379,0,17237,0,-3140,0,387,0,-29,0,1 # block t=9900 q=12T207 r=4 k=2
2716265917881,0,2728463851801,0,-8392387046283,0,866462120264,0,4631745118649,0,-1983098879436,0,95677082260,0,-1231887735,0,-34719647,0,-65234,0,16721,0,121,0,1 # block t=9900 q=12T207 r=4 k=2
556562613661067527037,0,1889611027041443918219,0,208189676714638808770,0,-13333107083109716650,0,-1438655563211525871,0,-64863738715444502,0,-1937159299436329,0,-38280298703307,0,-444247453399,0,-2824711188,0,-8842159,0,-11773,0,1 # block t=9900 q=12T207 r=4 k=2
128900074549,0,59248382140,0,-592581012520,0,381139162540,0,-4010843002,0,-12840492884,0,-626696450,0,105444496,0,13400093,0,649212,0,16026,0,200,0,1 # block t=9900 q=12T207 r=8 k=1
543263257521743257,0,-585783073525577958,0,144962514916982467,0,-17748236513461354,0,1322738358118219,0,-65714244954370,0,2275422138388,0,-55961416809,0,977266174,0,-11876664,0,95682,0,-460,0,1 # block t=9900 q=12T207 r=8 k=1
24348181829586330099,0,-44846325947438301676,0,28531760417744651420,0,-7872748043729084424,0,980447662779721943,0,-47090088379204651,0,1761882663861742,0,-24870241672493,0,132851319809,0,-326683800,0,377643,0,-700,0,1 # block t=9900 q=12T207 r=8 k=1
20943001027023954127173,0,277688406223579983774876,0,-24526074060817122046680,0,-158597490787417869192,0,58821669676825660260,0,-719764076899278720,0,-37514220398832222,0,519495150875220,0,5391319146120,0,16205396480,0,19939980,0,9312,0,1 # block t=9900 q=12T204 r=8 k=1
312091251551677500076417,0,-299686514972821306135506,0,16320079252127941139166,0,-479137528042299561641,0,10079098506940429746,0,-159278840999290575,0,1846386339876159,0,-15322616220663,0,89375792706,0,-357459734,0,934740,0,-1443,0,1 # block t=9900 q=12T207 r=8 k=1
1309187184939,0,-1385298763617,0,740564134718,0,-313018381331,0,70862736855,0,-9250707854,0,850550326,0,-63337265,0,3807452,0,-187838,0,7237,0,-159,0,1 # block t=9900 q=12T207 r=8 k=1
458513569,0,2921868188,0,-3207875198,0,-523751476,0,265709999,0,55182008,0,-3314020,0,-1533704,0,-87921,0,8364,0,1282,0,60,0,1 # block t=9900 q=12T207 r=8 k=1
1932918872929092131,0,2351432693684016508,0,-1115270506789442920,0,-350307576309271955,0,204968264654269975,0,-25169173177594816,0,407425995810501,0,40481560598044,0,4888893973,0,-1639823179,0,3983949,0,-3401,0,1 # block t=9900 q=12T204 r=8 k=1
4585599773937983083369,0,-4803426550194937890716,0,498773868123176010385,0,-30716786513212206844,0,1161831792003324291,0,-27847809502175130,0,441474720255916,0,-4766541580591,0,35409653534,0,-178904336,0,589470,0,-1146,0,1 # block t=9900 q=12T207 r=8 k=1
458513569,0,-2921868188,0,-3207875198,0,523751476,0,265709999,0,-55182008,0,-3314020,0,1533704,0,-87921,0,-8364,0,1282,0,-60,0,1 # block t=9900 q=12T207 r=16 k=1
493830964243054229400337,0,-310240657740276813930702,0,32364201163761761864837,0,-1587994733845551031656,0,45659837601316093138,0,-838164930578649514,0,10158379900077789,0,-81556763992240,0,424767539150,0,-1371927154,0,2562541,0,-2512,0,1 # block t=9900 q=12T204 r=16 k=1
89071174449517115279113,0,111186394650771909833116,0,-10927805316992617151942,0,363450606934056818620,0,-4793124011783768257,0,3180850795883896,0,552829520565644,0,-5094243106024,0,10158426903,0,63020652,0,-260390,0,-84,0,1 # block t=9900 q=12T207 r=16 k=1
18683802271,0,54181508640,0,-46325715612,0,-6306043540,0,5272793775,0,28345104,0,-197136336,0,12538548,0,2027169,0,-269752,0,11388,0,-192,0,1 # block t=9900 q=12T204 r=16 k=1
122732856937548577,0,-234832507603461012,0,149190287718226764,0,-41817942998858668,0,5572657820688966,0,-381271939698312,0,14987611311702,0,-361469485152,0,5489294193,0,-52066552,0,293898,0,-876,0,1 # block t=9900 q=12T207 r=24 k=2
530253466737674206857192,0,-601182954754223808878496,0,86910399132755630773320,0,-4755417163730553183512,0,131658404565268129512,0,-2132872289284266376,0,21746495156929184,0,-144165052986472,0,624387711118,0,-1730747380,0,2912740,0,-2664,0,1 # block t=9900 q=12T207 r=24 k=2
495844550379,0,-1163193968808,0,1103335170822,0,-555510710844,0,165621809619,0,-31157891568,0,3838112100,0,-315101016,0,17263449,0,-620784,0,14022,0,-180,0,1 # block t=9900 q=12T207 r=24 k=2
40606487978693248161,0,-34065684972933454692,0,5987679992426173122,0,-513945775139409172,0,26695124734470063,0,-920552789757384,0,22049959957276,0,-373976811080,0,4490580111,0,-37419220,0,206146,0,-676,0,1 # block t=9900 q=12T207 r=24 k=2
153194894431461,0,-204517236826836,0,105290491207986,0,-28927002458340,0,4860668908773,0,-535684103676,0,40164854238,0,-2080912032,0,74369826,0,-1796256,0,27936,0,-252,0,1 # block t=9900 q=12T207 r=24 k=2
704139014606848,0,2514106812596224,0,622572203919360,0,7462332790784,0,-5926626494208,0,-129199593984,0,19676009088,0,412253952,0,-27053088,0,-551392,0,12320,0,288,0,1 # block t=9901 q=12T207 r=8 k=2
1709785072303495541,0,-1389167658697745730,0,274640912859783867,0,-27896401352711266,0,1782804011151819,0,-78318062795282,0,2469053800212,0,-56840845271,0,953211976,0,-11377998,0,91742,0,-448,0,1 # block t=9901 q=12T207 r=8 k=2
950305749726291493,0,-1538914770542701184,0,820645349314876958,0,-153452755724879503,0,5100122521842955,0,-157364476467163,0,6729409600382,0,-127307533687,0,-114282449,0,13413572,0,56420,0,-2636,0,1 # block t=9901 q=12T207 r=8 k=2
66361,0,-195842,0,232743,0,-95900,0,-34409,0,34538,0,-788,0,-4023,0,370,0,226,0,-20,0,-8,0,1 # block t=9901 q=12T207 r=8 k=2
1461053577280951,0,-1630379182285713,0,185778885751320,0,6960732884789,0,-473914396638,0,-66406336551,0,2878640241,0,231451713,0,-9550485,0,-957316,0,-27078,0,-273,0,1 # block t=9901 q=12T207 r=8 k=2
1938276861003043925643,0,-4656385787047994458596,0,4141385985475881678338,0,-1641279160687204853299,0,255567924783229036276,0,-5142184771713166218,0,61663173942909601,0,-342866811028103,0,911347937771,0,-1004465532,0,259237,0,-1358,0,1 # block t=9901 q=12T207 r=8 k=2
389961482055539507577,0,-325158040702807475292,0,44522522011230520324,0,-2955344515311960220,0,119574086352920817,0,-3245165629765405,0,61898226786876,0,-847074602929,0,8329908721,0,-57800656,0,270073,0,-766,0,1 # block t=9901 q=12T207 r=8 k=2
17329616503641,0,45686395349361,0,-52891805756943,0,20914994929407,0,-3772021378631,0,250430792950,0,12527248315,0,-2257555536,0,23848611,0,4116533,0,34586,0,200,0,1 # block t=9901 q=12T204 r=8 k=2
9640807759855292161149,0,-17533825025739639132906,0,10728076650005952594435,0,-2754726691877510310683,0,280870943672016866442,0,-6688955837486425630,0,82854828146709947,0,-547986166513393,0,1549523527401,0,-2438637789,0,2008423,0,-1364,0,1 # block t=9901 q=12T207 r=8 k=2
69962265739280223,0,357878738688661836,0,518442636649672620,0,126139490158644846,0,-110872738519382027,0,-6631130860174452,0,-118266714058144,0,-223874433178,0,12152924812,0,80385186,0,-142380,0,-1330,0,1 # block t=9901 q=12T207 r=8 k=2
5779971,0,-18944577,0,30776502,0,-31707808,0,22108924,0,-10164546,0,2806472,0,-419091,0,39285,0,-3416,0,245,0,-18,0,1 # block t=9901 q=12T207 r=8 k=2
6346826211467304933,0,-11827256215247105860,0,8208783584729078676,0,-2619476850389673884,0,377304108556119885,0,-21375226382163385,0,912021983099955,0,-14612949037885,0,87528988822,0,-233501838,0,212608,0,-484,0,1 # block t=9901 q=12T207 r=8 k=2
1597137565300863801624,0,-3395848128012403562664,0,2687399533437465782766,0,-939265006475691700939,0,121129038578665246799,0,780833504870789661,0,69696509200835151,0,-473894655251638,0,-133790368877,0,-934735810,0,3400713,0,-3104,0,1 # block t=9901 q=12T207 r=8 k=2
178170421265721,0,588278746747368,0,-132598021185468,0,-950600373188076,0,-36155665919034,0,4550950931076,0,112290332562,0,-6294198636,0,-121192443,0,1973160,0,57006,0,420,0,1 # block t=9901 q=12T207 r=8 k=2
279657877748403959172117,0,-265442556813842714440914,0,40009887207467791046634,0,-2594879075519773404635,0,88275954094819299252,0,-1660378776208185766,0,16855012532169956,0,-94361486151807,0,625763554886,0,-5984247547,0,21403719,0,-45505,0,1 # block t=9901 q=12T207 r=8 k=2
11473463957222478772736,0,91848604548747347556864,0,-186820259092196750268416,0,87481030651910423673216,0,-16161068881772216345840,0,1252729084790303928096,0,-30020426865057438032,0,-357488400818183064,0,2722727510586372,0,-2846744340252,0,-1180853076,0,161148,0,1 # block t=9901 q=12T204 r=16 k=1
101516983858421261397,0,-82116194571198673488,0,13035724658483105925,0,-1013332485186584496,0,47960727227388358,0,-1515945588796272,0,33456348945637,0,-525164476536,0,5858679478,0,-45505524,0,234333,0,-720,0,1 # block t=9901 q=12T204 r=16 k=1
3771976828880213148137,0,30511754850042342707064,0,-2836521098851960175056,0,98681514115629022792,0,-1318244770481939322,0,-7167058070398428,0,457288874386862,0,-5820019529872,0,30189821357,0,-24194588,0,-275794,0,388,0,1 # block t=9901 q=12T207 r=16 k=1
3879136316556034847296,0,-2615799917875408653696,0,316649920708406340288,0,-18428167968792044224,0,645775115628490848,0,-14989770215432928,0,241381037668560,0,-2750081834160,0,22170454596,0,-123984640,0,458268,0,-1008,0,1 # block t=9901 q=12T207 r=24 k=2
3252032947851264,0,-6753860330434560,0,5389489340522496,0,-2068875611523072,0,395576496992256,0,-37451694500096,0,2003759766528,0,-65570161728,0,1356772656,0,-17697536,0,139344,0,-592,0,1 # block t=9901 q=12T207 r=24 k=2
493288815170719812719,0,1484794599025541377631,0,1575428576590043099851,0,705381609457803084198,0,115532056458535099693,0,-3462649894849032715,0,-1643745981419780735,0,78770387610111080,0,-216344616258935,0,-92654591297,0,270520212,0,-41367,0,1 # block t=9907 q=12T235 r=12 k=2
16958663986330885769,0,72795737298308250056,0,32132211796235798503,0,-140995632250707710109,0,-26824176211895964551,0,117015363482731232539,0,-52200541427594876216,0,6205130544188999151,0,247384622059153575,0,855801593206949,0,-89996822019,0,917478,0,1 # block t=9907 q=12T201 r=12 k=2
1867853767029729553,0,5424214092679283406,0,-60577356854772285,0,-83242324995072880,0,-4670911536049467,0,-2950033551282,0,4494159759831,0,35389916838,0,-1817561907,0,-6440008,0,353703,0,-1902,0,1 # block t=9907 q=12T201 r=12 k=2
18790165261725471225,0,-37989574090155860550,0,28583285546869099375,0,-10472646391351797650,0,1955229649290275655,0,-164866016259789330,0,2774519546741580,0,161807775246110,0,5396433499119,0,-25196417712,0,-5189790,0,-6804,0,1 # block t=9907 q=12T201 r=12 k=2
273565129314304,0,640981147193344,0,-119046346537984,0,-8520315368448,0,2597255643136,0,-48776068352,0,-15918864960,0,832994304,0,18578384,0,-1747696,0,4856,0,792,0,1 # block t=9907 q=12T235 r=12 k=2
16711439069712132749,0,15014013228270346600,0,-10452827597949550928,0,1569690590242674465,0,-90611695453855860,0,1378818884445414,0,60065210020855,0,-2073124074024,0,100863255,0,353187858,0,1731338,0,2553,0,1 # block t=9907 q=12T235 r=12 k=2
301965071639481810712247,0,276343461823202795114937,0,-249153736813335366606637,0,71655978004997741340113,0,-10172753991114565117524,0,750093665894870783264,0,-24034457423821723849,0,-53816122920517282,0,14266092205591384,0,58059242065927,0,11942219754,0,349289,0,1 # block t=9907 q=12T201 r=12 k=2
70313214208,0,-399482432000,0,975983066368,0,-1357438164480,0,1216307410816,0,-765928605440,0,355554600352,0,-113979367712,0,19265940048,0,-601269056,0,5614888,0,-7992,0,1 # block t=9907 q=12T201 r=12 k=2
13537915886689693696,0,-31683131520421754880,0,28741138364394903552,0,-12718833297733339648,0,2592511382787868928,0,-156568479766609408,0,-5608521959041600,0,234942254579072,0,6744160737648,0,-21755254328,0,-4345688,0,-8070,0,1 # block t=9907 q=12T201 r=12 k=2
531441,0,20579166990,0,5181307117659,0,-874439303819940,0,3339931329087390,0,34072075462788,0,-39250951586334,0,-1446825117690,0,-8367102036,0,152746452,0,907074,0,-5532,0,1 # block t=9907 q=12T235 r=12 k=2
68024448,0,-78222457833408,0,-1867874177791584,0,-1301259741822144,0,14700449791773864,0,-11671845112863468,0,-679381750447389,0,344437474106421,0,12593246398884,0,74905130781,0,-94352292,0,14913,0,1 # block t=9907 q=12T201 r=12 k=2
269150831595554382791,0,-427255789113277233034,0,258237587381833137464,0,-77737949787043669236,0,12406528372374271548,0,-1010811071270764588,0,37253913091133594,0,-651196044691454,0,5208245108552,0,-15836504692,0,18688693,0,-8914,0,1 # block t=9907 q=12T201 r=12 k=2
166192890374273279205301,0,180285666299833713608946,0,-8163414796309824625847,0,-2091322225710639123913,0,-91448658489029001274,0,-1067848642247837783,0,18301757345034679,0,473635967274598,0,1268087366700,0,-19312529189,0,26862296,0,-10899,0,1 # block t=9907 q=12T235 r=12 k=2
418445890413472,0,-19565497318764485120,0,-355913275964989540000,0,1937111827207686019848,0,9568812549640597293276,0,-42833122324790035552950,0,9810170930435706565141,0,1877449815228906702886,0,14698538829400226261,0,14233582833137153,0,-671813755454,0,2937407,0,1 # block t=9907 q=12T201 r=12 k=2
20363561853295168,0,25559736633372864,0,-39793354535312720,0,18617379555320592,0,-4191373200178776,0,474412231903136,0,-21450520135351,0,-278174271186,0,30817123413,0,704891606,0,5186698,0,12484,0,1 # block t=9907 q=12T201 r=12 k=2
10594193304715264,0,9958495353995264,0,-4141468827316224,0,606923419567104,0,-43108168229120,0,1370549865472,0,3528713216,0,-1522041088,0,32906368,0,190256,0,-12700,0,56,0,1 # block t=9907 q=12T235 r=16 k=1
174616954269424,0,2464484487468288,0,2527736669440688,0,-2347127986793856,0,684992168976236,0,-97756182906688,0,7414473236348,0,-284782136128,0,4190894893,0,10739360,0,-131426,0,-96,0,1 # block t=9907 q=12T235 r=16 k=1
20133472,0,340170193888,0,-570225286208,0,-5516428795528,0,-2668586720892,0,9417176106598,0,5269826707363,0,-1076703946725,0,45458031717,0,-672180826,0,3766221,0,-6052,0,1 # block t=9907 q=12T201 r=16 k=1
159576463779769573428431,0,361338654033923442929190,0,237143329736380211493555,0,24074961289033920975336,0,-22492886525353610712657,0,-4941202078766071140450,0,136822545268348866527,0,-1036814607349710370,0,2643772043953095,0,-2928597728708,0,1458121915,0,-268634,0,1 # block t=9907 q=12T201 r=16 k=1
23974633633693792414528,0,3655562052222391297280,0,-13867347838606292760208,0,6181490742963813718512,0,-1248906053567791230700,0,128191777874063037924,0,-5887516483795241957,0,26472418650154595,0,4166255981983396,0,15622131964751,0,-4346860228,0,143963,0,1 # block t=9907 q=12T201 r=16 k=1
47235906706887571,0,71616794554235961,0,-33339799326601047,0,5938084163142355,0,-564821069210658,0,30971382100290,0,-931756064205,0,10278322956,0,188083638,0,-5822111,0,14652,0,501,0,1 # block t=9907 q=12T201 r=16 k=1
897940706652543605224,0,785257222254914691216,0,-1759108160298684251060,0,1000961639647588212828,0,-269114055761213181350,0,36691841316536756468,0,-2178582676968022357,0,6286170161238336,0,2789796325602723,0,13821879019202,0,-3975257850,0,136480,0,1 # block t=9907 q=12T201 r=16 k=1
597990655636580581,0,4422864560574340732,0,-16788462589118128647,0,20096917081036408459,0,-10070135675974664720,0,1675047367161767093,0,85183517187483065,0,458486966897014,0,-10001694322682,0,18895128457,0,7998722,0,-8859,0,1 # block t=9907 q=12T235 r=16 k=1
327211189447518704704,0,927321752115721142208,0,-627411121025922251856,0,149056088082945128352,0,-16317201231987472788,0,658861685495007818,0,29217141060095663,0,-4226142405391356,0,167745748526359,0,-2357810314578,0,-686379587,0,-13412,0,1 # block t=9907 q=12T201 r=16 k=1
129665864099839888,0,-268118267890575040,0,-287634881052012160,0,934810834339600440,0,-652789651609459200,0,172924521096148520,0,-13189331522360463,0,-1161883538703440,0,126840415929686,0,1991344686390,0,-1025305816,0,64665,0,1 # block t=9907 q=12T201 r=16 k=1
303069515566134087289,0,532190880459518707114,0,25301900513883034639,0,-117862559050046171194,0,-32716586327223125710,0,-1708380396077727532,0,114809096098081237,0,-1834686364125134,0,11542627149676,0,-34212738594,0,48201668,0,-26636,0,1 # block t=9907 q=12T201 r=16 k=1
10483481153042280427657,0,137310861250703133313850,0,-22936749031272530899151,0,1098465680719620047138,0,-21216018131343321348,0,86328083179099306,0,3226446153277927,0,-57031712759376,0,364301533799,0,-489339194,0,-4582298,0,15576,0,1 # block t=9907 q=12T235 r=16 k=1
19677648382087241191,0,650218102439817138058,0,-28240477308421946100,0,-10854272744522329874,0,-210380245167688661,0,16662387361068164,0,93156918890544,0,-10901715758980,0,160819744621,0,-982757870,0,2662724,0,-2954,0,1 # block t=9907 q=12T235 r=16 k=1
1214892662934096,0,4151966890324368,0,-30583163576993024,0,45643317449975984,0,-28132453955967920,0,7313684221976360,0,-357995226528685,0,-121913864346113,0,9068945536471,0,-109791528078,0,-94549443,0,-9574,0,1 # block t=9907 q=12T201 r=16 k=1
5939144716412054036899,0,-96315045752860806637396,0,-77718808636987616900973,0,568144096876167101309410,0,-560632981877921869284092,0,154525862942291389085582,0,7408090391180500002011,0,-1331552748635645806064,0,9850544400101091964,0,-10026173855855658,0,-444892319170,0,-1975962,0,1 # block t=9907 q=12T201 r=16 k=1
1639724203195961143,0,-1936481692335886922,0,414128114200381684,0,-43382845870015958,0,2784333995805035,0,-120311051536228,0,3664108456032,0,-80224659564,0,1263655709,0,-14050866,0,105196,0,-478,0,1 # block t=9908 q=12T202 r=8 k=2
50136438924247672,0,-61895741862266688,0,18371140967773992,0,-2704191854772424,0,241834464886230,0,-14411178766044,0,601196539479,0,-18007787358,0,389275425,0,-5958130,0,61104,0,-372,0,1 # block t=9908 q=12T202 r=8 k=2
59845386598803152579,0,235065281469615987842,0,325081178468718545503,0,141940792692887336580,0,-72638516398710627041,0,-88046199866028469622,0,-24343442868775683455,0,-1013333920687259291,0,1933764047014221,0,-806969829820,0,-49625162,0,14616,0,1 # block t=9908 q=12T236 r=8 k=2
68932811057353482969,0,592232262478536096504,0,1755611012068802635851,0,1952540045444366993568,0,461932838764497613421,0,-14164225607125676076,0,-1385868535085146686,0,1525647681039240,0,76213997013767,0,-30622237832,0,-1026202132,0,56,0,1 # block t=9908 q=12T236 r=8 k=2
135881108365378805504,0,704039327401856806400,0,419770752144099646368,0,82081209561447824608,0,92687577035811448,0,-1912995940629756176,0,-210610614585911720,0,-3607152902911800,0,311228131602834,0,-427822239492,0,-145207138,0,-2524,0,1 # block t=9908 q=12T202 r=8 k=2
36502175045696,0,-60913561118144,0,37372862827376,0,-10763336396592,0,1458315046352,0,-74603982688,0,1220459049,0,-251207860,0,2858394,0,85310,0,677,0,70,0,1 # block t=9908 q=12T202 r=8 k=2
7802652541,0,1499943181289114,0,781025244091892884,0,30721298782330460818,0,136670285300126325375,0,90747404055898560444,0,-116083548596690194794,0,-18482239742326004948,0,22432970641273878,0,-5905080336111,0,-206320075,0,27014,0,1 # block t=9908 q=12T236 r=8 k=2
3224033816681872,0,-4923460889607424,0,2752290664603280,0,-701070990839216,0,99650931112816,0,-19162911698824,0,4240170887629,0,-406595601555,0,14238051575,0,-351906064,0,1367692,0,-1971,0,1 # block t=9908 q=12T202 r=8 k=2
9916224484230379400,0,-40985234024363469840,0,65648431383593979024,0,-50179975762048055256,0,17811513383161505038,0,-2247079872043580228,0,36260659456633199,0,-138989652168142,0,-430095857151,0,1858251098,0,4288548,0,948,0,1 # block t=9908 q=12T202 r=8 k=2
250387069,0,-641130264,0,440194209,0,78614969,0,-140803758,0,-3403665,0,16080162,0,856683,0,-243657,0,-21958,0,1710,0,-60,0,1 # block t=9908 q=12T202 r=8 k=2
5546636444945654664679,0,8694696277375759975454,0,-8912850796893405480706,0,-7248424715418346578429,0,8710364586338656494900,0,-2657328096255663295209,0,224306164542724693282,0,9539716010376249822,0,15378592692838327,0,7277296125179,0,1044411121,0,55838,0,1 # block t=9908 q=12T236 r=8 k=2
67194211213835549824,0,-298672950116503115328,0,21287842770716997824,0,641177124055138282896,0,-573471428464521588864,0,132405156827500868000,0,5801063016549399853,0,84088388883978504,0,514919356309693,0,1225706830404,0,532208376,0,49494,0,1 # block t=9908 q=12T202 r=8 k=2
858319555505728,0,-3770702266030144,0,6503043485913264,0,-5472473744532816,0,2231476239421184,0,-354199897130304,0,4628911703313,0,-95813582158,0,3478863281,0,49864014,0,5358,0,-720,0,1 # block t=9908 q=12T202 r=8 k=2
696669396671,0,1449772440315,0,32240789395,0,-143743743096,0,-31600732353,0,-2077192281,0,79867796,0,15844119,0,383919,0,-28592,0,-1289,0,14,0,1 # block t=9908 q=12T236 r=8 k=2
322237503671641,0,1311414593685860,0,1960271960333718,0,1245277104095732,0,237332683909169,0,-44220019405044,0,-7226819522894,0,61268272560,0,7598424726,0,-20036360,0,-2003592,0,12,0,1 # block t=9908 q=12T236 r=8 k=2
3413735185148109238189,0,15216497166868314335070,0,26142828205987753398330,0,20669775310871570887335,0,6150544936705700653638,0,-691016333763191567574,0,-467307987354911093139,0,43846487969613349778,0,-711610159244442020,0,3127737281143404,0,186354101097,0,-1291917,0,1 # block t=9908 q=12T202 r=12 k=2
1193493611402401117309,0,43031202401604911708934,0,133903842482438887129691,0,140752216371812341855650,0,64350043734962498079263,0,12551451759205938199944,0,553325741348360115786,0,-71733915739432297947,0,71758400206121679,0,-21265020149730,0,2044715476,0,-77055,0,1 # block t=9908 q=12T236 r=12 k=2
116613123990299607428469,0,134889846639605686340154,0,13372964757464292091665,0,-198269093954857774830,0,-27782826862987157126,0,623754880567636410,0,11889699128916197,0,-586179114953082,0,8422348536482,0,-54334257954,0,132010153,0,23382,0,1 # block t=9908 q=12T236 r=12 k=2
58308984705024,0,0,0,-51499014998160384,0,0,0,11726822707225088,0,0,0,-58192038177280,0,0,0,24770050176,0,0,0,-2730456,0,0,0,1 # block t=9908 q=12T236 r=12 k=2
3648881605175567259211,0,3931297588377997648249,0,-15072392902860193725077,0,-3216053915252319508882,0,15857771123242938125001,0,-2940580111138084585193,0,-2180118085264165508828,0,-30371503819350175795,0,98969847563943905,0,-64138999197912,0,3573084663,0,134248,0,1 # block t=9908 q=12T236 r=12 k=2
7722276264449289,0,0,0,-472189674387736695,0,0,0,2367717241825363547,0,0,0,-15678588181897436,0,0,0,2361157180969,0,0,0,-87555394,0,0,0,1 # block t=9908 q=12T236 r=12 k=2
4783939601521,0,259783980844,0,-4308471576374,0,2531248926388,0,-598654734833,0,56360933720,0,399444524,0,-321356920,0,794143,0,799804,0,23658,0,260,0,1 # block t=9908 q=12T236 r=12 k=2
8953063355889,0,0,0,-16722881562834414,0,0,0,3824344731150429461,0,0,0,-153379914827790526,0,0,0,23875187053118,0,0,0,-887725400,0,0,0,1 # block t=9908 q=12T236 r=12 k=2
8445952,0,102146048,0,-32891904,0,-1725082624,0,-296935168,0,6097086464,0,-4304210560,0,742164352,0,16232704,0,-1120672,0,-13940,0,84,0,1 # block t=9908 q=12T202 r=12 k=2
49369,0,-9279113,0,-188567634,0,-978451987,0,-504925428,0,3423835693,0,634120572,0,-2506540382,0,145838628,0,-1569909,0,-20393,0,132,0,1 # block t=9908 q=12T236 r=12 k=2
17520370714305301,0,27046330492563608,0,3458936482431023,0,-1126784166026402,0,-225777318699925,0,2708966425970,0,2812297745132,0,149242765452,0,-2244969014,0,-182565092,0,3061943,0,-3716,0,1 # block t=9908 q=12T236 r=12 k=2
126763093749466303339151,0,-222661712739242855723433,0,-449032806904714660550919,0,101393823782727547011365,0,169091404054876107743037,0,-26965615617678772692740,0,-9823361677104992499219,0,450350336494579732723,0,337198092339333136,0,56492326961293,0,-333558596,0,-68678,0,1 # block t=9908 q=12T236 r=12 k=2
5259751604319409,0,87288230452701354,0,13716976064195065,0,-6269764398260354,0,-123969882424138,0,148956973567218,0,-9530178218671,0,-667461278414,0,104114900410,0,-4513078346,0,67697373,0,16522,0,1 # block t=9908 q=12T236 r=12 k=2
3465594063319,0,-96215612737383,0,-411278881429653,0,1623360728698065,0,3479615947922088,0,-9203454410963368,0,622961638765389,0,3244020710426,0,-443171920164,0,-4374136553,0,6663820,0,6513,0,1 # block t=9908 q=12T202 r=12 k=2
50311464487469,0,139625103595481,0,123233903598915,0,12381603449436,0,-42707966070748,0,-26468084745738,0,-6035017909841,0,-425019183413,0,12464669385,0,-123713141,0,574134,0,-1251,0,1 # block t=9908 q=12T236 r=12 k=2
3491991,0,14925924,0,13570191,0,-13025292,0,-14540618,0,6848194,0,2363412,0,-1945346,0,471306,0,-55580,0,3362,0,-96,0,1 # block t=9908 q=12T236 r=16 k=2
72471360107283211,0,-423169075623755415,0,430509267870254206,0,545390527937820166,0,-1103331824951766481,0,522190271332199064,0,-36974119474062804,0,-7120247269764952,0,33886029280789,0,-35560645854,0,-6978391,0,5031,0,1 # block t=9908 q=12T236 r=16 k=2
182322787427799734251,0,334737185695575034305,0,-7206145287204908248329,0,11197035332282714538868,0,-6866768907084815892362,0,2013435727775690446062,0,-277518728880941523284,0,13907189622370320010,0,21023600481103975,0,7058286720213,0,-83674973,0,-34318,0,1 # block t=9908 q=12T236 r=16 k=2
49792193096100911,0,12134595987972167,0,-172953853509951831,0,155128278275636218,0,-51884162712636635,0,5978343639269891,0,230704062654306,0,-64039747581529,0,563428496251,0,-1036829906,0,-1148903,0,1308,0,1 # block t=9908 q=12T236 r=16 k=2
32694954251873799889,0,406573315820229380894,0,-255988546028627306271,0,65303084048667579368,0,-8747076389409277197,0,647656717248257242,0,-24812501029719202,0,356652363854475,0,1485519009284,0,-126391405,0,-2856000,0,261,0,1 # block t=9908 q=12T236 r=16 k=2
511130284889669,0,-558523650887934,0,-841870647244073,0,1233249458001614,0,-270780074904297,0,-88608472491410,0,9545580282254,0,2336473427310,0,31369204487,0,-5077650994,0,69717084,0,-16690,0,1 # block t=9908 q=12T236 r=16 k=2
258901,0,300909790539,0,-223942003275631,0,4417082305675830,0,28865820695440064,0,38731585539475010,0,6129361847801391,0,-2309021755072596,0,11144925097074,0,-20322993261,0,17396630,0,-6923,0,1 # block t=9908 q=12T236 r=16 k=2
3175811069,0,17568764268,0,-113103564523,0,168698083144,0,-87897213737,0,16831204192,0,-98890792,0,-262103120,0,10988501,0,898120,0,-44730,0,-24,0,1 # block t=9908 q=12T236 r=16 k=2
924821499752349943808,0,-4802679543730243905536,0,-42707087619183495813120,0,293370510545468610148864,0,-412298933870651474487904,0,39439817362640029177824,0,19374322157203952481848,0,-370494305217879842432,0,-441188584569448636,0,94175579811224,0,1468706442,0,-112824,0,1 # block t=9908 q=12T202 r=16 k=2
91038362059,0,-353966067564,0,-16157203634972,0,-40317025323968,0,-30215679116499,0,-2252388364332,0,2923999378290,0,-412091530010,0,21920530201,0,-454583378,0,3390829,0,-3808,0,1 # block t=9908 q=12T236 r=16 k=2
786885448242631,0,16825992401098917,0,12030586961228502,0,-5213814952010206,0,-4599405748876176,0,137265846757650,0,285259760167704,0,-21021997114737,0,262612604646,0,-1269719224,0,2756907,0,-2724,0,1 # block t=9908 q=12T236 r=16 k=2
465335636169390489,0,2425642685906215392,0,-1635386456622200211,0,385565820113661168,0,-37582480443628670,0,876778431956736,0,66751205246229,0,-2197470473536,0,-27282005702,0,837927408,0,-4057835,0,-1328,0,1 # block t=9908 q=12T236 r=16 k=2
670403802511045989349,0,-384555744148088685927,0,-8761375857380528133531,0,-15557316210877059484754,0,-8061109879011666042717,0,1384586969057961185556,0,1530025143904478584734,0,-64703267281686220542,0,68515352416152387,0,-21373290970001,0,2089727187,0,-78363,0,1 # block t=9908 q=12T236 r=16 k=2
34961,0,3584264,0,-7300662,0,3917960,0,188975,0,-733488,0,169100,0,17552,0,-10657,0,808,0,138,0,-24,0,1 # block t=9908 q=12T202 r=16 k=2
314067741760531103124649,0,341459756834949198114597,0,-266462000809426189939989,0,70620162367868585582311,0,-9521420744239526902230,0,705105082749861344400,0,-27256075387922173281,0,419921629421211561,0,578351071063997,0,96141977112,0,-58491573,0,-1906,0,1 # block t=9908 q=12T236 r=16 k=2
192505027539989221,0,943033035315918705,0,1607712517808492958,0,1084316425892152528,0,158848369425301104,0,-64574323366201497,0,3626786264624961,0,-81576288777339,0,856428579567,0,-4079397284,0,7233846,0,-4896,0,1 # block t=9909 q=12T237 r=16 k=2
1346163427736353311595,0,4647477593415529429375,0,-46943052585583603126650,0,4153913975500338621010,0,18756189880890388416161,0,2075773604104861896655,0,7260173346730041695,0,-3063919848575326777,0,29563355643032248,0,-68226059861995,0,29918362351,0,-3368458,0,1 # block t=9909 q=12T237 r=16 k=2
4212617855402884420,0,53693073695281216140,0,-7945185969841452150,0,-488165572117877562410,0,-56007607495682665009,0,354449908153984454630,0,81743676471286618841,0,-27717665614692302480,0,1515674243397869831,0,-631782091658630,0,68539989191,0,-514130,0,1 # block t=9909 q=12T237 r=16 k=2
28437421130262934645,0,44225050048583401800,0,-43095673541866872270,0,-119306490948759379630,0,-73307744525677953069,0,-11727571339400024943,0,1122412508961422991,0,-28716982671607047,0,290354496155100,0,-1091154902308,0,937288836,0,-222117,0,1 # block t=9909 q=12T237 r=16 k=2
129223380889,0,761883111084,0,1288992217746,0,-21352846856,0,-1511265320973,0,-528905845602,0,272642246169,0,-30794218623,0,1216225674,0,-21793613,0,187599,0,-726,0,1 # block t=9909 q=12T237 r=16 k=2
178109731550629120,0,6117598752307987200,0,-614332425215037440,0,11563800286865280,0,870151487141696,0,-46099788142464,0,510103956912,0,17561461728,0,-645870320,0,8370432,0,-40248,0,-76,0,1 # block t=9909 q=12T237 r=16 k=2
655,0,6550,0,5180,0,-44630,0,-2021,0,74524,0,-59344,0,14420,0,1941,0,-1682,0,340,0,-30,0,1 # block t=9909 q=12T237 r=16 k=2
74293381165159733984100,0,404163099013880878568100,0,-41847829114494328298100,0,1229224110125185670400,0,15882128240260122000,0,-1745305884932337360,0,40707434758534470,0,-389014399254780,0,833592358566,0,6471327762,0,-5153166,0,-1242,0,1 # block t=9909 q=12T237 r=16 k=2
504125226272111886055,0,375125473496786171645,0,-183021469851133970075,0,21229143488293404655,0,550960652210397559,0,-273465784843803319,0,18150921360153712,0,-274416931682930,0,-9351332060169,0,184159220649,0,-120666998,0,13924,0,1 # block t=9909 q=12T237 r=16 k=2
741629768926099,0,89716822967911,0,-896804330978955,0,-154870494981279,0,29509938876651,0,3175707367306,0,-502317644270,0,-7335579872,0,3271835378,0,-157139662,0,2738034,0,-15137,0,1 # block t=9909 q=12T237 r=16 k=2
62391688907536,0,-107500457191424,0,71166855635064,0,-23934321244040,0,4559752141585,0,-526153816314,0,39199172281,0,-1969717856,0,68141130,0,-1615470,0,25264,0,-236,0,1 # block t=9909 q=12T278 r=16 k=2
39676491205290898160189,0,143326275545277834008909,0,168125228097868779499624,0,75424816549224965570232,0,7438962258931096969276,0,-1775222611483278114218,0,37987885367464919856,0,-297564047130242065,0,992416448214153,0,-1311128401366,0,408053239,0,-40455,0,1 # block t=9909 q=12T237 r=16 k=2
10345614929807324636389,0,-172933889968741081721936,0,-320277564188565358672867,0,-72347367802106181703823,0,54223667689535395464347,0,-7589314893793690393218,0,375948682714190231534,0,-6104774080980468186,0,13786537802081527,0,121479832396133,0,-62882483646,0,7016224,0,1 # block t=9909 q=12T237 r=16 k=2
244111744214706139945,0,-20792149561046297730,0,-214240081320464591920,0,110970093736338552690,0,-15662085149209173409,0,-885487110047236362,0,343935284693462613,0,-21351698332647984,0,334880695409805,0,328538183226,0,-296214167,0,-11472,0,1 # block t=9909 q=12T237 r=16 k=2
2616983199295024,0,3433874585734488,0,126643797038120,0,-69550945558824,0,1549647306832,0,429431356264,0,-35285771584,0,1000654354,0,503144,0,-751294,0,19876,0,-226,0,1 # block t=9909 q=12T278 r=16 k=2
113637104731,0,-318455167049,0,364767616286,0,-230381653445,0,90043306363,0,-22958739773,0,3898387386,0,-440011823,0,32261469,0,-1461329,0,37116,0,-428,0,1 # block t=9909 q=12T237 r=24 k=2
534016705523952625,0,-1070295833672858000,0,854995979978634400,0,-359474497619213020,0,87486961122885811,0,-12654663531756118,0,1066795518339227,0,-48920562032820,0,1054045875101,0,-7830870280,0,14946538,0,-7704,0,1 # block t=9909 q=12T237 r=24 k=2
6205795361,0,-28082707306,0,52303007738,0,-51839022525,0,29683896779,0,-10106393427,0,2076105029,0,-259366096,0,19517635,0,-853142,0,20187,0,-233,0,1 # block t=9909 q=12T237 r=24 k=2
789660619209875484289,0,-1511511111964529817050,0,965032165910400792205,0,-283670368789259095818,0,44155890987954068840,0,-3815283705195549218,0,180845635039006750,0,-4437941677523765,0,51823704933303,0,-255806697546,0,406928334,0,-193156,0,1 # block t=9909 q=12T237 r=24 k=2
177896662975,0,-320852973750,0,242517627840,0,-104474780015,0,28977856551,0,-5496153363,0,734602101,0,-69944058,0,4719069,0,-220388,0,6771,0,-123,0,1 # block t=9909 q=12T237 r=24 k=2
261493425740573849,0,-483700485619634824,0,303560637508402410,0,-94373972426289488,0,16705728904085535,0,-1781099050309936,0,115808752899628,0,-4507118310464,0,100110591143,0,-1165283848,0,6101898,0,-11440,0,1 # block t=9909 q=12T237 r=24 k=2
37538978719,0,-82728187146,0,75846173883,0,-39003680587,0,12686037426,0,-2774125467,0,421100088,0,-44950761,0,3363435,0,-172645,0,5787,0,-114,0,1 # block t=9909 q=12T237 r=24 k=2
22518550378023730145,0,-53096526695911901460,0,53094019837337840380,0,-29296660672856788330,0,9703727886412867266,0,-1960255217336168446,0,233231873699953927,0,-14723136106656258,0,375653691763275,0,-837435698432,0,515940027,0,-43754,0,1 # block t=9909 q=12T237 r=24 k=2
178612594105,0,-678093016425,0,1059597934015,0,-884860448575,0,430726107354,0,-126272241944,0,22607953741,0,-2475656736,0,162756327,0,-6092417,0,115021,0,-808,0,1 # block t=9909 q=12T237 r=24 k=2
6976310804510832881,0,-27274883455610745740,0,42609545431702331698,0,-33845239742755421308,0,14358745407685198799,0,-3111349303285435288,0,295096590234277116,0,-8299327176583896,0,73734470912287,0,-139832543196,0,73968626,0,-14764,0,1 # block t=9909 q=12T237 r=24 k=2
1655678114502912181,0,-3805741594054105368,0,3513621920661785019,0,-1706653176330775838,0,476984969917286562,0,-78501438793130832,0,7437512427675459,0,-374276516961834,0,8130575575854,0,-31322667956,0,38423487,0,-11490,0,1 # block t=9909 q=12T237 r=24 k=2
14830704414241,0,-23608738551104,0,15586113556417,0,-5730809806430,0,1315142205960,0,-198706077214,0,20228850962,0,-1391211855,0,63619439,0,-1862832,0,32540,0,-296,0,1 # block t=9909 q=12T237 r=24 k=2
5627616426469456,0,-8103173175653808,0,3964247078835024,0,-874266122076368,0,106855641215712,0,-8128995203232,0,410135995644,0,-14164800624,0,337693644,0,-5479856,0,57912,0,-360,0,1 # block t=9909 q=12T237 r=24 k=2
225069986509255801,0,-469797986879654112,0,403551823548540946,0,-189145252267437120,0,53413365112932415,0,-9375942415021952,0,1007561811456284,0,-61624033252672,0,1755105249895,0,-10109236640,0,13205426,0,-6272,0,1 # block t=9909 q=12T237 r=24 k=2
245705240576,0,-422143946752,0,301054745600,0,-122398010368,0,32181605888,0,-5824587008,0,748904192,0,-69221088,0,4578736,0,-211856,0,6520,0,-120,0,1 # block t=9909 q=12T237 r=24 k=2
44233052725,0,-411147285000,0,740625915815,0,1524181590765,0,600410570251,0,-43232809954,0,-33239259043,0,12019991738,0,5291614075,0,619931867,0,2843177,0,4164,0,1 # block t=9910 q=12T238 r=0 k=1
2716416720455,0,5778535140210,0,5076340362445,0,2441040179180,0,716849452824,0,135793399586,0,16994845881,0,1393619770,0,71945666,0,2147682,0,35295,0,300,0,1 # block t=9910 q=12T238 r=0 k=1
31911291569,0,116617375528,0,179116646882,0,145233452832,0,65287128943,0,17750845072,0,3219858428,0,-108414848,0,22500543,0,168712,0,834,0,-96,0,1 # block t=9910 q=12T238 r=0 k=1
281355063296,0,-464465846272,0,257261062144,0,-44720313344,0,-1768989184,0,-978128512,0,579425472,0,-10522336,0,610288,0,38408,0,-540,0,-46,0,1 # block t=9910 q=12T238 r=0 k=1
1211812753,0,-5113501220,0,8361079026,0,-6590320564,0,2574121615,0,-537917896,0,109413884,0,-16271624,0,1558207,0,28908,0,1074,0,-68,0,1 # block t=9910 q=12T238 r=0 k=1
32223445910494,0,-7440566665624,0,9343078042040,0,23587778742324,0,8538160635231,0,493781641020,0,-362010513974,0,3086072780,0,23942259867,0,538553048,0,1367330,0,1392,0,1 # block t=9910 q=12T238 r=0 k=1
6759295600872399701,0,22618882377779114040,0,32337284638179325647,0,25628025351146336593,0,12180557467138349157,0,3484624097193833679,0,561397318128158145,0,41211033000200930,0,464042074189811,0,1225617414835,0,392384713,0,37659,0,1 # block t=9910 q=12T260 r=0 k=1
636359264713450669,0,2631828943040906106,0,4281742474780849314,0,3436050083645087221,0,1393356860853510456,0,265312566833045643,0,22515846964249146,0,791283224352861,0,8455301835390,0,25897378471,0,27417420,0,10653,0,1 # block t=9910 q=12T260 r=0 k=1
121538227729,0,361786551174,0,458920796091,0,321652729310,0,134934313347,0,34299471042,0,5130768354,0,432580905,0,21542967,0,616007,0,9630,0,84,0,1 # block t=9910 q=12T260 r=0 k=1
11583073,0,26873772,0,17534802,0,256716,0,-2629809,0,-766216,0,-133412,0,2328,0,18735,0,3420,0,754,0,28,0,1 # block t=9910 q=12T260 r=0 k=1
1603841,0,9626967,0,25555704,0,38130791,0,33714525,0,17248504,0,4719908,0,690090,0,119031,0,17846,0,1220,0,31,0,1 # block t=9910 q=12T260 r=0 k=1
1008289,0,3387846,0,2539695,0,-1076108,0,-546147,0,541494,0,133440,0,-171063,0,74070,0,-3911,0,318,0,-33,0,1 # block t=9910 q=12T260 r=0 k=1
4943671,0,-11382123,0,12844116,0,-8494340,0,3800808,0,-1230039,0,288465,0,-51903,0,9126,0,-1808,0,294,0,-27,0,1 # block t=9910 q=12T260 r=0 k=1
21382665991,0,54145130384,0,55425794982,0,29184514026,0,8009332666,0,764167024,0,-91111459,0,14803264,0,6986752,0,-159274,0,6032,0,-60,0,1 # block t=9910 q=12T260 r=0 k=1
7771,0,42454,0,105429,0,158795,0,163130,0,121369,0,67341,0,28096,0,8730,0,1955,0,294,0,26,0,1 # block t=9910 q=12T238 r=0 k=1
10140079181,0,26396864210,0,16314510062,0,1518428126,0,-1292865001,0,-281112516,0,22282564,0,8373892,0,106427,0,-66222,0,-3026,0,-2,0,1 # block t=9910 q=12T238 r=8 k=2
2303311934011745,0,3898629709092695,0,-1292429175296440,0,29382402532195,0,42691586960680,0,-8837046494875,0,891470852600,0,-53327391375,0,1933790335,0,-40047440,0,405530,0,-1530,0,1 # block t=9910 q=12T238 r=8 k=2
649241803554781,0,-1498030764027766,0,1419143903965405,0,-721537729037690,0,220364406622326,0,-43928933165750,0,5868075291829,0,-443021764830,0,14090720406,0,-32170970,0,248045,0,-1246,0,1 # block t=9910 q=12T238 r=8 k=2
434506600988323228,0,-417327051501973472,0,106268561990010256,0,-13405516386736432,0,1000936800954990,0,-47267819882576,0,1427002108252,0,-26457738984,0,265003203,0,-968820,0,2942,0,-140,0,1 # block t=9910 q=12T238 r=8 k=2
46375965642599,0,107518477310882,0,75944419534499,0,25592722364538,0,4613735160946,0,421585803289,0,9883792705,0,-1409507875,0,-106157126,0,-1030302,0,60641,0,-476,0,1 # block t=9910 q=12T260 r=8 k=2
95,0,-1410,0,2765,0,10045,0,6410,0,600,0,-765,0,-565,0,130,0,0,0,25,0,-10,0,1 # block t=9910 q=12T238 r=8 k=2
2166305772324519299,0,-2606469559604182636,0,573677368194608899,0,-61368661472356494,0,3984479705573620,0,-172409137430084,0,5200769959985,0,-111450629934,0,1695974350,0,-17959414,0,126061,0,-528,0,1 # block t=9910 q=12T238 r=8 k=2
1346017249,0,-5176937665,0,-41564447692,0,221831545162,0,-110918662167,0,-614290478338,0,417548144777,0,203888444591,0,10715317800,0,178980391,0,878117,0,1625,0,1 # block t=9910 q=12T260 r=8 k=2
6448011029950726469,0,14434248841752026970,0,6674167769934404869,0,-4525442945259124282,0,-4099979369332232571,0,-942168019778108527,0,-54377927993929411,0,1219148160200915,0,16368547757201,0,50171975925,0,31244842,0,-13442,0,1 # block t=9910 q=12T238 r=8 k=2
959669245349,0,-1732078052126,0,935038269168,0,-126533077051,0,-23186019887,0,9962392124,0,567459414,0,-7265830,0,17507273,0,1213259,0,1839,0,-914,0,1 # block t=9910 q=12T238 r=8 k=2
2006880166021,0,9408459868206,0,-4921116103241,0,785008608785,0,27351111080,0,-27505246479,0,4484859501,0,-393200251,0,21311195,0,-735350,0,15754,0,-191,0,1 # block t=9910 q=12T238 r=8 k=2
62801,0,-122476,0,339058,0,-810620,0,1106319,0,-953560,0,546172,0,-208216,0,52223,0,-8380,0,818,0,-44,0,1 # block t=9910 q=12T238 r=8 k=2
40128484118496649,0,187022880750665364,0,321292548088128256,0,208942641315684697,0,-41169616636509969,0,-126866400762211164,0,-59660040140054472,0,-8489230110908397,0,18840440213084,0,324588041364,0,-88993734,0,-1668,0,1 # block t=9910 q=12T260 r=8 k=2
158542980388447951349,0,226740883274666271147,0,37479709555727551580,0,2327593628666627804,0,38163745110422990,0,-2577965142016716,0,-157467702417171,0,-3543459564198,0,-31871991096,0,22113274,0,1337411,0,-3076,0,1 # block t=9910 q=12T260 r=8 k=2
525838597121885084495,0,960932280287639364830,0,-93153464049960814565,0,352052353465421605,0,342540337137831960,0,-22255956078561750,0,721799127305055,0,-14086656759330,0,170452861630,0,-1228117070,0,4652945,0,-6715,0,1 # block t=9910 q=12T238 r=8 k=2
15134749269299521,0,-17373052547704027,0,7428396644629946,0,-1715617668610650,0,246494346374105,0,-23544967419152,0,1540864667424,0,-69494623067,0,2123910135,0,-41961290,0,483091,0,-2492,0,1 # block t=9910 q=12T238 r=12 k=0
531441,0,-177147,0,-558426393,0,5715372393,0,21728988801,0,-64790953191,0,-24474396969,0,7198994799,0,268259121,0,-7840017,0,-85113,0,3,0,1 # block t=9910 q=12T260 r=12 k=0
33479878016195651,0,5799914550173520734,0,-8086794978183484511,0,4613262100314569786,0,-1366057994805625740,0,215069218309431350,0,-15195910634989046,0,5283990659963,0,38372972276858,0,105878960587,0,80681727,0,20289,0,1 # block t=9910 q=12T260 r=12 k=0
18157052441,0,140696842407,0,240102887772,0,159766434410,0,38973102984,0,-2097598831,0,-1855605694,0,-3815037,0,29188395,0,-2013601,0,47038,0,-386,0,1 # block t=9910 q=12T238 r=12 k=0
128000000000000000,0,-358400000000000000,0,-161290240000000000,0,734108160000000000,0,4958477619200000,0,-10321558656000000,0,-97365387520000,0,5164592640000,0,74299798016,0,55909824,0,-1501024,0,1544,0,1 # block t=9910 q=12T238 r=12 k=0
115542571,0,1127282184,0,3711350706,0,4456104989,0,652385151,0,-1959430167,0,-847310637,0,-4751568,0,20951397,0,-1514230,0,34236,0,-312,0,1 # block t=9910 q=12T260 r=12 k=0
181944554904409549411,0,184825468156237588305,0,-32461167354009364626,0,-16367117366716625108,0,-1959620063040553159,0,-97721336497789772,0,-1554330422422083,0,26854183164895,0,667934486034,0,-5928056329,0,11554896,0,-7286,0,1 # block t=9910 q=12T260 r=12 k=0
1766515291269141337051,0,-1559601915075840251012,0,293800608965502663881,0,-25544097758173434445,0,1288552960234324210,0,-41636506197854522,0,900911129741409,0,-13210312534712,0,129273173985,0,-804174200,0,2858041,0,-4492,0,1 # block t=9910 q=12T238 r=12 k=0
560275913778318555019,0,3659329710489164283561,0,1115704792385367183207,0,-3714104911953318176191,0,809709840244849601502,0,386308305065955516786,0,-136209174230909142255,0,8615484956112421626,0,24927697695230073,0,-46002589479739,0,-3751689837,0,-34884,0,1 # block t=9910 q=12T260 r=12 k=0
134291016606952262311,0,19335439603095758119329,0,70317961589056366465164,0,-59202930633132095719664,0,10212520685092263575253,0,221643274267540825713,0,-54020676216590709816,0,195326526982902489,0,1192295513651427,0,1321845854122,0,287850588,0,-40536,0,1 # block t=9910 q=12T238 r=12 k=0
12412563908891,0,-20711562532917,0,11384085810976,0,-3332142977795,0,613759619800,0,-76899726767,0,6811936784,0,-433309487,0,19745415,0,-630830,0,13446,0,-172,0,1 # block t=9910 q=12T238 r=12 k=0
4085419002747434851,0,-6550134208623719403,0,-12643600878316853281,0,19690916360880116533,0,12311754448934015232,0,-18392898158991046788,0,-3525409178232643252,0,5195284363503755577,0,19015252711964491,0,-36253288026087,0,-3348088962,0,-38031,0,1 # block t=9910 q=12T260 r=12 k=0
441318335247217975,0,41384476307596231000,0,306639534472095746200,0,-128277549350840476225,0,-4813386789862300295,0,5612634173528494480,0,-317436135511798965,0,-3360953273319020,0,37206102492584,0,-85855302625,0,38980569,0,15280,0,1 # block t=9910 q=12T238 r=12 k=0
7812500000000000000,0,-83281250000000000000,0,-33369725000000000000,0,1643588902300000000000,0,-10454276720720000000,0,-28173373686960000000,0,-60912703474800000,0,4629642882283200,0,30547298794976,0,31852053072,0,-61194096,0,14968,0,1 # block t=9910 q=12T238 r=12 k=0
482618487237595,0,-903602499783955,0,621525721338400,0,-224293290673235,0,48889945801450,0,-6878749218715,0,642688469755,0,-39947034670,0,1612664605,0,-39839850,0,529780,0,-2740,0,1 # block t=9910 q=12T238 r=12 k=0
8631641,0,-11494937,0,-21704513,0,57432433,0,-46225649,0,11888819,0,4448111,0,-3728331,0,916421,0,-81007,0,-93,0,193,0,1 # block t=9910 q=12T260 r=16 k=1
70157727019,0,-74449060960,0,-174318243549,0,166975010371,0,56976673699,0,-17386477346,0,-4693453669,0,121511335,0,36033941,0,-2231755,0,46418,0,-374,0,1 # block t=9910 q=12T238 r=16 k=1
4565537023012976,0,5164542173946960,0,-11709120923371888,0,6122762720772496,0,-1174611919094736,0,50569705620264,0,4858966972564,0,-308134739408,0,4396309492,0,10447808,0,-327196,0,-852,0,1 # block t=9910 q=12T238 r=16 k=1
1517422303432855144159,0,18158277096788743305273,0,-26962230297910544002086,0,15596274643848420521371,0,-4618706392750123403216,0,732644065950668803281,0,-57341500155387106777,0,1562911783256943005,0,7820652113992290,0,-13758693566039,0,-1782936262,0,-28861,0,1 # block t=9910 q=12T260 r=16 k=1
56819677191709,0,-29730215672006,0,-349204566345214,0,181313292842958,0,-31208291278671,0,1356168420228,0,171954490697,0,-19673096448,0,541092348,0,1721254,0,-70391,0,64,0,1 # block t=9910 q=12T260 r=16 k=1
37260285587456,0,-46251874263040,0,-64039425907712,0,168797846090752,0,-142945791126016,0,60037796044288,0,-12546055487680,0,976804487808,0,19941520064,0,-479636088,0,-1320452,0,-70,0,1 # block t=9910 q=12T260 r=16 k=1
25976251887742404541,0,38973506745364131436,0,-2916274332858691721,0,-218399255044010860,0,36237803980545642,0,-1996491061196738,0,59586757448570,0,-1039523255999,0,10046927536,0,-38502899,0,-114419,0,981,0,1 # block t=9910 q=12T260 r=16 k=1
580,0,290,0,-26549,0,33451,0,608,0,-17272,0,6202,0,1724,0,-1285,0,109,0,61,0,-15,0,1 # block t=9910 q=12T260 r=16 k=1
1955557818043421,0,1981659345693159,0,-295369280061972,0,-15575803131405,0,5139275541766,0,-323402933105,0,1422136245,0,747515029,0,-38620048,0,815553,0,-5048,0,-75,0,1 # block t=9910 q=12T260 r=16 k=1
45935957140551451008619,0,47186564482933546154861,0,-100221721062233244281353,0,58552298572966892981252,0,-16862909726083215966552,0,2642604042061432032147,0,-216590276182299936521,0,7297085313230065899,0,100095116410152,0,-57324928501983,0,-3053358930,0,4619,0,1 # block t=9910 q=12T260 r=16 k=1
223130779,0,2382019697,0,2195886412,0,-953126254,0,-884737320,0,270443070,0,75443939,0,-37211598,0,5248392,0,-340488,0,11051,0,-172,0,1 # block t=9910 q=12T260 r=16 k=1
8350614839477201,0,5676506160105825713,0,34156158504370922744,0,-581827372124877880215,0,1542734703674694372848,0,-1228960060959126833184,0,118579614432681717745,0,-3179371801893397987,0,9686265055190098,0,7525645504812,0,-152095731,0,-92214,0,1 # block t=9910 q=12T260 r=16 k=1
57415544142763249459,0,2148819943481636589516,0,5635159318703209652610,0,4512035237824962816673,0,509160855120694538112,0,-420380833262126159263,0,37712680935466722207,0,-476833331887130022,0,1678170833265888,0,-2072123043810,0,794588498,0,-56730,0,1 # block t=9910 q=12T238 r=16 k=1
111919,0,-583407,0,-17058,0,1086601,0,-408240,0,-187227,0,104775,0,-189,0,-6408,0,763,0,90,0,-21,0,1 # block t=9910 q=12T260 r=16 k=1
997181495502039,0,14372939444550921,0,8272739411078220,0,-178506389805190434,0,-308244716324555971,0,185820650651284079,0,383807837779087361,0,-112196722386000937,0,1194722256513452,0,-2709708863512,0,681691737,0,-50337,0,1 # block t=9910 q=12T260 r=16 k=1
111500329,0,-418813902,0,684418308,0,-639748813,0,378600210,0,-148488516,0,39333372,0,-7053021,0,846603,0,-66256,0,3213,0,-87,0,1 # block t=9910 q=12T260 r=24 k=1
62318113097621,0,-89690354958011,0,51432659055814,0,-16333863350492,0,3261797464081,0,-434427248385,0,39553471119,0,-2465309804,0,103119930,0,-2765933,0,43750,0,-350,0,1 # block t=9910 q=12T260 r=24 k=1
2267858566961325049,0,-4813789626939638818,0,4168280291017790714,0,-1886445656439284768,0,474101235894544759,0,-64842690190632335,0,4452398195895242,0,-141670141435930,0,1745131550470,0,-7314523267,0,11316029,0,-6617,0,1 # block t=9910 q=12T260 r=24 k=1
33376583680,0,-78445957120,0,74228614144,0,-38717347328,0,12665710592,0,-2775187456,0,421456000,0,-44986240,0,3365456,0,-172712,0,5788,0,-114,0,1 # block t=9910 q=12T260 r=24 k=1
7101463269022576,0,-19629716083877712,0,20517312722655888,0,-10064577899885216,0,2396225068463808,0,-288662178078144,0,17923308116172,0,-604134369576,0,11293171308,0,-114674984,0,590748,0,-1368,0,1 # block t=9910 q=12T238 r=24 k=1
735447408802011701,0,-2075353902468603043,0,2158638805042703943,0,-1040661655536790160,0,250623489663981648,0,-30067794296647293,0,1721587945402813,0,-45093834621516,0,564810062782,0,-3297275923,0,7775956,0,-5230,0,1 # block t=9910 q=12T238 r=24 k=1
159369785795578533349,0,-620461674606373002254,0,941767207032249709993,0,-696797458116746391500,0,256591019777198051729,0,-43849411559017742002,0,3495036543848877008,0,-115379772513192989,0,876701635777481,0,-1034293172279,0,361981058,0,-42906,0,1 # block t=9910 q=12T260 r=24 k=1
430825839309,0,638447933196,0,417281889114,0,211689022636,0,38114542295,0,5179260168,0,472489844,0,33406104,0,2106091,0,111068,0,4562,0,108,0,1 # block t=9915 q=12T165 r=0 k=2
280009942739,0,408315526674,0,286211037972,0,139498177102,0,49455795693,0,11209740972,0,1259900154,0,46964976,0,2148015,0,63290,0,2754,0,90,0,1 # block t=9915 q=12T165 r=0 k=2
132565384862380144,0,64202907558753840,0,-16309782660980688,0,1634308816765072,0,-96016545685080,0,3638462495112,0,-85380029256,0,836840520,0,18361683,0,-913613,0,18039,0,-195,0,1 # block t=9915 q=12T165 r=0 k=2
13922163992139906647745,0,13395147253429844606364,0,2257268190839582494050,0,170617203781083823212,0,7016686494820716015,0,165768088787943480,0,2249942861517660,0,18249182535864,0,125359814703,0,845179948,0,1931874,0,8412,0,1 # block t=9915 q=12T165 r=0 k=2
62718936772983781,0,120816650139269208,0,98154760835718942,0,49803735880624560,0,17048878179693879,0,3384719255051376,0,357161728309428,0,17231993890080,0,276878637315,0,10832555512,0,273481230,0,126576,0,1 # block t=9915 q=12T165 r=0 k=2
122316652544,0,447618678784,0,710360956928,0,635245805568,0,349025285120,0,121422268928,0,27138361216,0,4055201216,0,440758832,0,36271568,0,2434728,0,-2746,0,1 # block t=9915 q=12T137 r=0 k=2
901184,0,-4097120,0,7374848,0,-6512224,0,2717956,0,-297000,0,-106604,0,14620,0,4471,0,-22,0,-107,0,-2,0,1 # block t=9915 q=12T137 r=0 k=2
47976143,0,112110403,0,115164880,0,73288133,0,34418214,0,12413908,0,3271417,0,628083,0,93710,0,9858,0,449,0,-30,0,1 # block t=9915 q=12T137 r=0 k=2
60263347447132499968,0,24744695321362432000,0,-3990609395128197120,0,204520086756638720,0,-2477057416164608,0,-185025973832704,0,10142940270336,0,-250503870592,0,3697519360,0,-34491424,0,200784,0,-672,0,1 # block t=9915 q=12T137 r=0 k=2
483498131157,0,1954935785484,0,3215032961274,0,2782545261316,0,1377404280473,0,398756487832,0,65712882812,0,5606159948,0,197783249,0,2229644,0,-10220,0,-228,0,1 # block t=9915 q=12T165 r=0 k=2
5004231935753835472,0,5320471506683992288,0,1283724994458547616,0,146737618741624336,0,9623409800635368,0,391161093130624,0,10177191378088,0,169967583872,0,1729804492,0,8175032,0,-18864,0,-412,0,1 # block t=9915 q=12T165 r=0 k=2
20016081149713,0,69571512519188,0,91008124732426,0,53791197219484,0,12850259553519,0,546620562504,0,36268192844,0,1427113144,0,90974495,0,3238116,0,49802,0,364,0,1 # block t=9915 q=12T165 r=0 k=2
41108752167938273152,0,39149802058276435200,0,9591254109404239296,0,1108801261458699584,0,70848625332388176,0,2584461305243664,0,50761301811000,0,428847684192,0,589297203,0,9613346,0,39108,0,366,0,1 # block t=9915 q=12T165 r=0 k=2
97783808,0,219586560,0,216446976,0,119115776,0,38818560,0,9486336,0,2442240,0,597504,0,107184,0,13024,0,1032,0,48,0,1 # block t=9915 q=12T165 r=0 k=2
523888101,0,1344772476,0,1499926950,0,978621588,0,420463095,0,126205848,0,27264964,0,4284776,0,487043,0,39084,0,2102,0,68,0,1 # block t=9915 q=12T165 r=0 k=2
-1442,0,-19444,0,20864,0,-30868,0,19132,0,-10980,0,3308,0,-172,0,-184,0,126,0,-20,0,-4,0,1 # block t=9915 q=12T165 r=2 k=2
-4776125538805174910336,0,-50886728524628078380128,0,4709024534392702516368,0,-198533725670941636738,0,5047602000771858345,0,-86050307085767376,0,1033065948882132,0,-8912091225396,0,55236788574,0,-240978112,0,704532,0,-1242,0,1 # block t=9915 q=12T165 r=2 k=2
-2841467571559296,0,-47656106313766272,0,16232377805061696,0,-2608712845596288,0,254991028580496,0,-16521798884832,0,736643111256,0,-22930691868,0,497205081,0,-7356350,0,70776,0,-399,0,1 # block t=9915 q=12T165 r=2 k=2
-5825655805546100,0,47552649242409120,0,-512061661829573184,0,562841084274789280,0,925139494288986156,0,-5891085334762754292,0,-87284523281399184,0,58686346727608968,0,220049187273954,0,358585953760,0,292169856,0,119490,0,1 # block t=9915 q=12T165 r=2 k=2
-38910050882721841845096,0,-57452546698703950984380,0,-12833015242453030801650,0,-1304032700174234548537,0,-74962246204597727793,0,-2662141763490338130,0,-62485130441289782,0,-1100500510046694,0,-17210424922695,0,-216319730003,0,-1336416213,0,434148,0,1 # block t=9915 q=12T165 r=2 k=2
-34364496266624338610318,0,-130429253871175697829520,0,-136346600625777447982726,0,-69979677103185801364812,0,-18376622906436172627560,0,-2218416371210040155216,0,-89723874803479242500,0,41215356157084494,0,47426790630685,0,-35872501848,0,10142785,0,34208,0,1 # block t=9915 q=12T165 r=2 k=2
-333447571405949814799,0,-1412251599468959115300,0,194081369767373806822,0,-11928972949622697304,0,436490387033767053,0,-10578362746703004,0,178304683842570,0,-2132326412748,0,18083546902,0,-106517204,0,414740,0,-960,0,1 # block t=9915 q=12T137 r=2 k=2
-93145111951531064396567,0,-655596032429515540341596,0,-18924305177549980749349,0,129773600791405141538,0,14414882803461091625,0,312892802823985764,0,3765278876254361,0,29201481392254,0,152624431179,0,537863024,0,1230999,0,1658,0,1 # block t=9915 q=12T137 r=2 k=2
-735281,0,-71904,0,1894044,0,-3983584,0,4357134,0,-3046176,0,1411404,0,-435168,0,89055,0,-11920,0,1002,0,-48,0,1 # block t=9915 q=12T137 r=2 k=2
-82808799760470016,0,-239453971417571328,0,73701543604057088,0,-9920338659864576,0,792208929066752,0,-41912581192704,0,1544665042560,0,-40479054336,0,754203088,0,-9787680,0,84212,0,-432,0,1 # block t=9915 q=12T137 r=2 k=2
-629431680232,0,-2363081201280,0,382784427408,0,41526577008,0,-5870008660,0,32660832,0,88816696,0,1807056,0,-333824,0,-3084,0,1506,0,72,0,1 # block t=9915 q=12T137 r=2 k=2
-27531128753,0,-19642396200,0,24453715476,0,-9609158840,0,2294353359,0,-428482296,0,67155810,0,-8199648,0,721017,0,-44528,0,1956,0,-60,0,1 # block t=9915 q=12T165 r=2 k=2
-3513888011772,0,282819967200,0,2578809053808,0,-1631227672808,0,412278145020,0,-47888202780,0,3394366140,0,-450745188,0,35400130,0,-178396,0,25828,0,-322,0,1 # block t=9915 q=12T165 r=2 k=2
-84607719780466888,0,-565700967623301264,0,301542186681870874,0,1141625320285231367,0,-5763208958438894832,0,-189687099862098133,0,-2799479609142335,0,-30081133580451,0,-186384320312,0,-99973278,0,594351,0,-1757,0,1 # block t=9915 q=12T165 r=2 k=2
-26516691973054108544,0,-275026484177914149072,0,-113360285100781864872,0,-19832068124867440328,0,-1864147628058963174,0,-99216936362769024,0,-2846687574628836,0,-35224520186148,0,-35411974842,0,-36536564,0,44778,0,-504,0,1 # block t=9915 q=12T165 r=2 k=2
2069616276539245537930,0,-3445917531214814557044,0,2289154213267173959088,0,-780593834674504807988,0,142156195513755758082,0,-12609037964639995164,0,387509086409877384,0,-3315369058301916,0,-11054228583006,0,7333201354,0,8554854,0,-37896,0,1 # block t=9915 q=12T165 r=8 k=1
14283490874458112,0,18364225757429760,0,-7896556113432576,0,1373555635808768,0,-137544121797120,0,8875794893568,0,-385078024832,0,11260565376,0,-213212928,0,2286456,0,-6576,0,-120,0,1 # block t=9915 q=12T165 r=8 k=1
531441,0,-48111708024,0,229869194895,0,-527775119982,0,296958766005,0,2456329211838,0,-522205637256,0,-22476440034,0,-489807567,0,-6354126,0,-42993,0,-132,0,1 # block t=9915 q=12T165 r=8 k=1
7070034260312,0,-26251293566728,0,64463229433370,0,-54367462858863,0,9397844953208,0,2313741563033,0,230016676499,0,7874736208,0,-105063017,0,-10469189,0,-54613,0,170,0,1 # block t=9915 q=12T165 r=8 k=1
460420982286120157184,0,-384842683766481321984,0,52176545445717934080,0,-3437625410521149440,0,138416613220555776,0,-3744849588443136,0,71217204954624,0,-969838963200,0,9449416224,0,-64521952,0,293952,0,-804,0,1 # block t=9915 q=12T165 r=8 k=1
3371390903241954,0,-12746650290988608,0,14258336533619130,0,2307864086466084,0,-15439452172286268,0,10483816665585792,0,-2248064334437324,0,12755683230586,0,6886106769,0,8246592,0,-868331,0,1692,0,1 # block t=9915 q=12T165 r=8 k=1
274749536704,0,875029828032,0,927469889808,0,299513897680,0,-75948710724,0,-55307223396,0,-7176482778,0,193404240,0,65272977,0,1648888,0,-48780,0,-444,0,1 # block t=9915 q=12T137 r=8 k=1
63118414512,0,647077800771,0,1427772230343,0,49338047059,0,136326096378,0,-693009612,0,-6373350180,0,-571783320,0,38675160,0,-7968679,0,490560,0,-2241,0,1 # block t=9915 q=12T165 r=8 k=1
1213675227820659,0,132410835735423,0,-1394560689302775,0,895627880462126,0,-272248140782007,0,48756441458454,0,-5556241992826,0,412872859761,0,-19800836184,0,582392148,0,-8917887,0,21201,0,1 # block t=9915 q=12T165 r=8 k=1
1906301420476711424,0,-20192717326441402368,0,-37560435796356374272,0,-5454763431087941248,0,40752165483174793824,0,79505675232753417536,0,-8879850240647802792,0,-47930631063927012,0,-101766996004267,0,-108286377902,0,-57043773,0,-10698,0,1 # block t=9915 q=12T165 r=8 k=1
1613421618909529613,0,-7514944090053366420,0,14030879126881271730,0,-13170001315221715316,0,6311238245153999871,0,-1342776567553327944,0,72601270409092548,0,-365065972609560,0,-6369510605661,0,-30748337860,0,-68016918,0,-57684,0,1 # block t=9915 q=12T165 r=8 k=1
153749844063,0,790423022466,0,957421484442,0,306009233011,0,-20096386902,0,-20289010638,0,-1240537641,0,130070280,0,7624020,0,-1809304,0,130656,0,-1128,0,1 # block t=9915 q=12T165 r=8 k=1
2381687598529,0,-1459272050147444,0,4262476292579703,0,-1760996214460258,0,-5879561094248507,0,9562623231346178,0,-4464009267471880,0,-78486182569882,0,-540097149095,0,-1985052238,0,-3793921,0,-2800,0,1 # block t=9915 q=12T165 r=8 k=1
1018439,0,-3851821,0,6503848,0,-6494669,0,4292090,0,-1996484,0,680993,0,-175323,0,34488,0,-5090,0,529,0,-34,0,1 # block t=9915 q=12T165 r=8 k=1
3427919027688433853,0,3087672236475021537,0,-1775978678089763505,0,379635481995234614,0,-45576393046789143,0,3475818339738834,0,-176570451552746,0,6017009454261,0,-133049862390,0,1715561936,0,-8943915,0,-20715,0,1 # block t=9915 q=12T165 r=8 k=1
5840885137811088698392,0,69543504092908402010672,0,34703619859404982872844,0,6222492216692118792348,0,396915788608390880467,0,-7806143064676299598,0,-1559555313579128466,0,-3379930827574146,0,1963318914975812,0,-21223300815522,0,14811608566,0,-1001146,0,1 # block t=9915 q=12T137 r=12 k=0
18681851697084626954861,0,-16131558129623470677160,0,1311902918100836730551,0,-56027209047647211322,0,1675986302089462725,0,-37583779878059198,0,618172305146388,0,-7189809380682,0,57221197645,0,-299478794,0,962971,0,-1648,0,1 # block t=9915 q=12T165 r=12 k=0
808607666729811760128,0,-3755304994355170301952,0,7035909824232452477952,0,-6709923547328165432832,0,3341652467517843921024,0,-772161114158496320064,0,51183364280946043792,0,36248863990844872,0,84233841123033,0,-16408702662,0,-53837345,0,-28530,0,1 # block t=9915 q=12T165 r=12 k=0
394587511162843904,0,-236754715545498112,0,-2486130788285501888,0,-1855009533909420608,0,937067788142657344,0,1026116940453224720,0,70193863581515260,0,-18311907005365376,0,321410550898665,0,-788408320540,0,-2989201278,0,245940,0,1 # block t=9915 q=12T137 r=12 k=0
525467720794112,0,-594525034180608,0,244001980044288,0,-54443039942144,0,7678526076672,0,-735334556928,0,49517160832,0,-2374431456,0,80626608,0,-1889792,0,28932,0,-258,0,1 # block t=9915 q=12T165 r=12 k=0
10821638281394,0,-5162590949460,0,-17548715515026,0,5714394029244,0,2006789907047,0,-684344756760,0,56505491288,0,-703052280,0,-60878619,0,508728,0,33236,0,332,0,1 # block t=9915 q=12T137 r=12 k=0
9021478928508406,0,-34545749785013853,0,51992863226090835,0,-38894516602367279,0,15086299882619115,0,-2854019949003669,0,206516016499565,0,1069624405236,0,320942850624,0,-60893881044,0,618977193,0,-129783,0,1 # block t=9915 q=12T165 r=12 k=0
6191317580752,0,-1578994293696,0,-6264106932888,0,4155194757968,0,-293853566219,0,-339332223080,0,61764766458,0,5349958150,0,-926310817,0,-81105054,0,-1362854,0,-1514,0,1 # block t=9915 q=12T137 r=12 k=0
89491256750281250000,0,0,0,-2202103000626508250000,0,0,0,7959518019789868625,0,0,0,-5380448959675642,0,0,0,1011203319543,0,0,0,-3145650,0,0,0,1 # block t=9915 q=12T137 r=12 k=0
875215948716608,0,-3944010286159552,0,7175093650002032,0,-6657289481181296,0,3240998598746228,0,-741169400464176,0,50776084520616,0,390194667064,0,-5226692928,0,-80130040,0,-381308,0,-652,0,1 # block t=9915 q=12T165 r=12 k=0
6886139378188573033472,0,12971836088685795227648,0,7567209482170375000832,0,1965892735403820981504,0,226543406070161212288,0,4964437778977668608,0,-950081076876023856,0,-30897652972042736,0,2160494928994748,0,-20767782483672,0,14955054662,0,-996098,0,1 # block t=9915 q=12T137 r=12 k=0
3328559748560003030253,0,-9097907734595403240282,0,9388446503819141953791,0,-4682897114013674034138,0,1218864089501452083063,0,-161416883931000610200,0,8728175337245754062,0,-12867901748950584,0,47434227418275,0,-45140183966,0,27913387,0,-12766,0,1 # block t=9915 q=12T165 r=12 k=0
52593299562361297,0,479269124636605208,0,1614017348403257556,0,2675899311016098000,0,2315735795548274076,0,948665347042101716,0,92402035181279438,0,-27794773462958512,0,1274654018870316,0,-15863670492976,0,12857090060,0,-968596,0,1 # block t=9915 q=12T137 r=12 k=0
10256384,0,444514304,0,335828992,0,-9704946688,0,-13723705280,0,3716790848,0,5731699824,0,-2254719792,0,170382364,0,14856556,0,-1607784,0,3654,0,1 # block t=9915 q=12T137 r=12 k=0
77368371,0,-216147885,0,273001452,0,-206479097,0,104284350,0,-37088859,0,9531484,0,-1784448,0,241656,0,-23095,0,1479,0,-57,0,1 # block t=9915 q=12T165 r=12 k=0
3597118,0,-22898040,0,15661836,0,62149172,0,52188318,0,23682996,0,6946800,0,1407060,0,200934,0,20042,0,1338,0,54,0,1 # block t=9916 q=12T165 r=0 k=2
67000838958822448,0,87264007676034432,0,24063459703205664,0,2818882975484480,0,167474851603344,0,5012874120600,0,60105303456,0,355839336,0,43971183,0,1854680,0,33060,0,285,0,1 # block t=9916 q=12T165 r=0 k=2
4884874286,0,9483667952,0,7360099740,0,2893133436,0,587532094,0,46588972,0,-4275136,0,-1320028,0,-103394,0,958,0,706,0,46,0,1 # block t=9916 q=12T165 r=0 k=2
2546317786514604352,0,586180082745288213,0,-751998904992471972,0,200619797481580783,0,-25571766737195199,0,1732669566893046,0,-58131684354108,0,608775086250,0,6118487622,0,52735429,0,197304,0,663,0,1 # block t=9916 q=12T165 r=0 k=2
18678371147366039,0,30188411827928982,0,17829307118514870,0,5297629760472998,0,869345438678025,0,77256837669408,0,3038503065498,0,2724574092,0,177943407,0,-1721918,0,12192,0,294,0,1 # block t=9916 q=12T165 r=0 k=2
2417031,0,4127382,0,2364984,0,296919,0,-201933,0,-16524,0,72612,0,44874,0,14013,0,2750,0,348,0,27,0,1 # block t=9916 q=12T165 r=0 k=2
23085776688977079729118,0,15615097466397118067595,0,1715327767373777176647,0,90854631788140585102,0,2912135666314274838,0,61961850014530860,0,912719961236067,0,9440080893936,0,68028672942,0,330808990,0,1012251,0,1677,0,1 # block t=9916 q=12T165 r=0 k=2
25498087896999357,0,85158756887922864,0,108100705286883978,0,64137418633612936,0,16632480773354505,0,590773486665448,0,-330718591296256,0,11129459256672,0,260746704217,0,1380612820,0,2047660,0,-528,0,1 # block t=9916 q=12T165 r=0 k=2
220890294337615438004,0,214246612580360075280,0,48550519663193163112,0,5190763637927586688,0,297943886394049972,0,9209185748600928,0,137025270882596,0,528762910912,0,-1079343208,0,31366308,0,541948,0,-1524,0,1 # block t=9916 q=12T165 r=0 k=2
962159068065715517915136,0,822561650897821471604736,0,207295072518516753235968,0,24060103275355089928192,0,1467544085127144640512,0,48295205402422044672,0,746639964672957696,0,270590038398720,0,959785672896,0,-381092928,0,3590280,0,-2232,0,1 # block t=9916 q=12T165 r=0 k=2
1178141902982,0,1704817033092,0,1010107098772,0,337253853884,0,71732875614,0,10309199612,0,1038940568,0,76758660,0,4445696,0,213090,0,7890,0,148,0,1 # block t=9916 q=12T165 r=0 k=2
57856277159844448,0,51032411276152896,0,13583566130847456,0,1911526502940224,0,170133012881688,0,10379534175024,0,451073022396,0,14165661156,0,320202267,0,5090384,0,54081,0,345,0,1 # block t=9916 q=12T165 r=0 k=2
4804103949574833,0,2148137221762836,0,-2651667997231854,0,215287256175876,0,254015047183311,0,41210979496488,0,3500143546428,0,26674130088,0,844501599,0,3265732,0,57810,0,84,0,1 # block t=9916 q=12T165 r=0 k=2
15857443800918,0,14069293162020,0,3531196373436,0,453413443994,0,53874452412,0,14706745956,0,163264674,0,-65773260,0,-255915,0,111966,0,-900,0,-63,0,1 # block t=9916 q=12T165 r=0 k=2
59583329047216,0,169702223645376,0,846205408552384,0,861652856250624,0,315948436806176,0,78852178097568,0,8564719136632,0,499608803432,0,6237703604,0,15906384,0,293990,0,-840,0,1 # block t=9916 q=12T165 r=0 k=2
166824112869,0,206100968562,0,-379192424193,0,219943156410,0,-64683094725,0,10291602096,0,-875708334,0,35822088,0,82215,0,-93906,0,4635,0,-114,0,1 # block t=9916 q=12T165 r=8 k=1
138182837708029107537,0,184038917279310910620,0,-182289321657458756430,0,-8072471539215703796,0,35054002849422378511,0,-7610891019686654024,0,-6227855290283140,0,76879574528289400,0,2194116616376703,0,17477555270828,0,21520667378,0,303996,0,1 # block t=9916 q=12T239 r=8 k=1
1116885824094509,0,17663611631353480,0,45302076609538870,0,30182452590900480,0,5386576904690301,0,53782731467080,0,-11648976225346,0,27993773280,0,3137655866,0,5774920,0,-126852,0,-240,0,1 # block t=9916 q=12T239 r=8 k=1
651229477,0,-1713184638,0,1840452696,0,-1059596473,0,361484982,0,-76630860,0,10442409,0,-989352,0,86049,0,-9055,0,834,0,-45,0,1 # block t=9916 q=12T165 r=8 k=1
472744618443016856,0,1367950161350598480,0,-752462107448866680,0,174417761950659669,0,-23439297619682100,0,2027713912702962,0,-117193027119289,0,4515417506373,0,-111189700722,0,1560503371,0,-8643330,0,-19455,0,1 # block t=9916 q=12T165 r=8 k=1
3948061133776609,0,-4244269650102258,0,1156878298954892,0,-145922151431791,0,9363139381980,0,-232844647240,0,-6761349189,0,625721334,0,-14063873,0,-108981,0,11652,0,-211,0,1 # block t=9916 q=12T165 r=8 k=1
817413631609997,0,4302706967134713,0,6542120223848349,0,2340947803690195,0,-998146024014582,0,-356326358940756,0,112551930232965,0,-8696053134369,0,-77219645751,0,-4769521366,0,280339497,0,-124389,0,1 # block t=9916 q=12T165 r=8 k=1
1642597,0,5136792,0,-10335177,0,9327766,0,-4649463,0,1049274,0,37932,0,-87570,0,27081,0,-4886,0,555,0,-36,0,1 # block t=9916 q=12T165 r=8 k=1
778485584,0,-207236900721936,0,-1067247390850660,0,-4558188764030212,0,39465996501659381,0,65758963733193518,0,-7479684471553368,0,-231960129469138,0,-2177907007444,0,-7766017610,0,-11472232,0,-5346,0,1 # block t=9916 q=12T165 r=8 k=1
34301637,0,-19588230,0,-118937565,0,195718410,0,-127248273,0,44067060,0,-9669254,0,1648684,0,-226165,0,11682,0,215,0,-38,0,1 # block t=9916 q=12T165 r=8 k=1
982675390464,0,-1107274530816,0,442881146880,0,-89912954880,0,12962405376,0,-2271504384,0,434087424,0,-58959360,0,5066784,0,-271648,0,8832,0,-156,0,1 # block t=9916 q=12T165 r=8 k=1
117826010832736,0,769439317775496,0,-568116864223794,0,176031993435391,0,-30904902835245,0,3397878966846,0,-241741595364,0,10990150524,0,-295584252,0,3497265,0,20715,0,-786,0,1 # block t=9916 q=12T165 r=8 k=1
161713133,0,-43893630760388,0,551175548879382,0,-2882024688148836,0,-9288932900385769,0,128839697948863256,0,-25430730468523580,0,-392016252273992,0,-2040722877893,0,-5869993172,0,-9069594,0,-5332,0,1 # block t=9916 q=12T165 r=8 k=1
2082261421,0,8382120303,0,7995895554,0,746272687,0,-1035763542,0,-212991111,0,12166746,0,3182040,0,-37386,0,-95513,0,14205,0,-303,0,1 # block t=9916 q=12T165 r=8 k=1
1,0,-40499660,0,-1115073769,0,17052461382,0,749915478609,0,4292231697014,0,-3096040129568,0,-53538970758,0,219295909,0,2215782,0,-84641,0,-620,0,1 # block t=9916 q=12T165 r=8 k=1
28914733581005026,0,-28835505928582935,0,8854671233277255,0,-1420771374470147,0,141829997305329,0,-9536269201137,0,448722096171,0,-14987386251,0,353635776,0,-5748143,0,60906,0,-375,0,1 # block t=9916 q=12T165 r=12 k=0
2285620763799121,0,2689021931553912,0,-2653607708536050,0,643616551767960,0,-23782052079897,0,-9523691456640,0,978433524796,0,20009552192,0,-5404006505,0,108384904,0,3586166,0,3816,0,1 # block t=9916 q=12T239 r=12 k=0
1858604208704,0,5195153533184,0,2958656322176,0,212469001120,0,-81956608096,0,-7467339264,0,657603444,0,44155848,0,-3165636,0,-53300,0,6912,0,-152,0,1 # block t=9916 q=12T239 r=12 k=0
35975835763999340113,0,-55969576815387591363,0,30193294427196853080,0,-8321373417992973484,0,1332500163272074341,0,-129658613176673757,0,7619285319562941,0,-254157744572307,0,4223554503264,0,-38848057609,0,555762873,0,-196311,0,1 # block t=9916 q=12T165 r=12 k=0
322505153036846819584,0,-571770133697567880960,0,408194157923376090880,0,-151359466417998971584,0,30929888103936590592,0,-3319024472260764560,0,147605479203930320,0,-182344308172500,0,-731764240495,0,1662520946,0,-607077,0,-5566,0,1 # block t=9916 q=12T165 r=12 k=0
1981117124163193,0,6584549835073986,0,2172023620661232,0,-124753417133466,0,-93130995242893,0,-4801506844412,0,453699225496,0,14548671708,0,-997352341,0,13901426,0,-29432,0,-378,0,1 # block t=9916 q=12T239 r=12 k=0
148864506389425,0,1020906648515746,0,402442841791848,0,-33866924324010,0,-23903791949613,0,-938702786188,0,211552753992,0,5050124892,0,-589747629,0,10831234,0,-35744,0,-330,0,1 # block t=9916 q=12T239 r=12 k=0
1858957688455001,0,-18258728870601004,0,21257874242643802,0,22991364824408804,0,-33214438335186497,0,12096508214068008,0,-1611859269798036,0,46435105748904,0,3090998441415,0,29867536004,0,28980058,0,9460,0,1 # block t=9916 q=12T239 r=12 k=0
557111749470564,0,-547874002780026,0,436866558551589,0,-899927512440536,0,553045744150371,0,-70744960764966,0,-4513104657583,0,-43568284185,0,38785495986,0,-281131101,0,12394011,0,-27933,0,1 # block t=9916 q=12T165 r=12 k=0
636178,0,-1997280,0,2777156,0,-2282260,0,1268132,0,-532204,0,187950,0,-58690,0,15311,0,-2992,0,392,0,-30,0,1 # block t=9916 q=12T165 r=12 k=0
253788957,0,122080401099071300,0,94660443832832488516,0,3814921274229237085800,0,-494238489676486848313217,0,153220874685884776246516,0,-10662999481105615569376,0,-138976011858043072804,0,921874474872904287,0,3627534032397712,0,-1964191555708,0,1240828,0,1 # block t=9916 q=12T239 r=12 k=0
42908816,0,-244178400,0,580198512,0,-744480128,0,557294008,0,-245984160,0,62497080,0,-9062488,0,864489,0,-60682,0,3043,0,-90,0,1 # block t=9916 q=12T165 r=12 k=0
22212319894581169869904,0,211485927903194841535488,0,145392183338505144973728,0,31635216679290876746688,0,2357319023804032768992,0,-39669313338891036432,0,-11342016780855794360,0,-211294612091115472,0,8226933959602108,0,-54424242312200,0,47670905912,0,-452604,0,1 # block t=9916 q=12T239 r=12 k=0
276516164608573580625,0,-2105455487437189082000,0,-1705863765614851038750,0,4086306860100726103920,0,-1756316049824554699369,0,152215464562957950864,0,21185798644550416452,0,445205849123534992,0,2547280607324455,0,801659730848,0,-70909318,0,-25504,0,1 # block t=9916 q=12T239 r=12 k=0
208624443457536,0,-239735243538432,0,100805111857152,0,-23152601198592,0,3379483924992,0,-337420242432,0,23926609408,0,-1223962112,0,45071456,0,-1169184,0,20312,0,-212,0,1 # block t=9916 q=12T165 r=12 k=0
-161481095586,0,-871590760128,0,-298697691708,0,29598093536,0,18331769392,0,-3918804228,0,-962634112,0,54991180,0,15075168,0,314938,0,-248,0,-144,0,1 # block t=9917 q=12T165 r=2 k=2
-2146029548866115099,0,1899733660651773497,0,6312695515675020486,0,-25601363226555915773,0,-25467830346629681916,0,-274025819313505578,0,-5896863024307225,0,-68235662533673,0,-1484604524172,0,-6064052808,0,-5683063,0,-156,0,1 # block t=9917 q=12T165 r=2 k=2
-247612857802459442366832,0,-410560725959615598831648,0,119393068285385107148952,0,92693561540244641894592,0,14101196281139091902868,0,706449839820914642328,0,43339595454928473354,0,131057278437739680,0,162181653280866,0,100345490148,0,32390436,0,5826,0,1 # block t=9917 q=12T165 r=2 k=2
-2588838014788072560,0,-6571491426147024576,0,-2590271139831274080,0,-361880127337695264,0,-24188273315964720,0,-833989296013632,0,-14609221615368,0,-171729669456,0,-4424369832,0,-95748264,0,-735360,0,-2280,0,1 # block t=9917 q=12T165 r=2 k=2
-73865373701466,0,-215208696940845,0,-137584162198863,0,-42651869724014,0,-7829731011378,0,-919446701439,0,-70611433448,0,-3463616766,0,-97832118,0,-986788,0,20472,0,531,0,1 # block t=9917 q=12T165 r=2 k=2
-12332319639234526951,0,-456296229070248838652,0,-46047241344881145142,0,-880815717352964860,0,50597112117703007,0,3197497646699848,0,83796990354732,0,1306659249640,0,13198391527,0,87693876,0,371882,0,916,0,1 # block t=9917 q=12T239 r=2 k=2
-442368,0,-1032192,0,-774144,0,-311296,0,-84992,0,32768,0,49664,0,20352,0,4096,0,608,0,112,0,16,0,1 # block t=9917 q=12T165 r=2 k=2
-1009432901713511,0,-6527377601773084,0,7127648585658166,0,-4054079841448752,0,792149841560223,0,-104190351232000,0,7448347291528,0,-103160036960,0,265498363,0,19995852,0,340866,0,1104,0,1 # block t=9917 q=12T165 r=2 k=2
-6007907968532786620403,0,3253156014500677268646,0,73805605223816493563891,0,-75999008871051647506218,0,-206509679075177751951618,0,867311347203665777086,0,-6525806098888990513,0,11468311823562480,0,-98321773844100,0,133729937392,0,-43979850,0,422,0,1 # block t=9917 q=12T165 r=2 k=2
-400861913472,0,66450089055744,0,-2026731487634499456,0,-160070086880658560448,0,-7301411597841333264864,0,-606709987161106367842272,0,-18168296865613622878752,0,-70076042685426600288,0,10361818953218232,0,-16326141813648,0,-3355469388,0,-456852,0,1 # block t=9917 q=12T165 r=2 k=2
-3159,0,-1116,0,5274,0,-3868,0,-513,0,-376,0,-52,0,-600,0,439,0,-172,0,58,0,-12,0,1 # block t=9917 q=12T165 r=2 k=2
-1594501589838073679,0,-6174969208013231680,0,1923366100832207258,0,-189175933281456750,0,-1851442960117199,0,533397961787272,0,77468749650880,0,509665415792,0,-2935560041,0,-38958420,0,736618,0,-1654,0,1 # block t=9917 q=12T165 r=2 k=2
-41518828125,0,-76097489932026,0,-3310783310204577,0,-11058757635164913,0,-15009876590517207,0,805006488782565,0,-25432561103526,0,490406286681,0,-5918221017,0,20123397,0,16083,0,360,0,1 # block t=9917 q=12T165 r=2 k=2
-1368162177497,0,-1373236351014,0,1505980103754,0,-530646899494,0,96984801045,0,-10022284800,0,619536174,0,-30334860,0,1964691,0,-120082,0,4728,0,-102,0,1 # block t=9917 q=12T165 r=2 k=2
-662909997580539911,0,-615088569552455388,0,78981941238816810,0,20681125151866340,0,-4849643930342625,0,381237078178440,0,-13050209790228,0,153865669032,0,-269619129,0,41903060,0,-430710,0,2292,0,1 # block t=9917 q=12T165 r=2 k=2
262537555217859946512,0,-253274287266201125376,0,73309877873212769856,0,-10157018490536253696,0,768613261068847440,0,-32336973544630320,0,706119702631704,0,-6826381058160,0,46041080832,0,-732717648,0,150264,0,-8436,0,1 # block t=9917 q=12T165 r=8 k=1
1629878278295767608,0,1313816423925723660,0,-715200945077158146,0,143354170117607337,0,-16056021707800641,0,1134751695299766,0,-52927310399904,0,1635737073012,0,-32263461864,0,360311274,0,-1413963,0,-6624,0,1 # block t=9917 q=12T165 r=8 k=1
158612143172208,0,-33229466156040,0,-320148931350204,0,385010056769452,0,-211159830436233,0,68748295971900,0,-14625552779133,0,2078172691242,0,-186670173087,0,9511385027,0,-270255264,0,165504,0,1 # block t=9917 q=12T165 r=8 k=1
25088948,0,-560820001944,0,-6249646031164,0,8952625010432,0,197293764106844,0,368914914700880,0,-149289951839976,0,-1413208900096,0,5082010481,0,58377562,0,-156301,0,-1134,0,1 # block t=9917 q=12T165 r=8 k=1
189047304704000,0,4456728727552000,0,16635982117427200,0,15425486089932800,0,3650269872183040,0,57189215375360,0,-9581835027200,0,23771240960,0,2838374704,0,5530240,0,-121384,0,-240,0,1 # block t=9917 q=12T239 r=8 k=1
181505014755726381056,0,279925199607352217600,0,39007088969898668032,0,1919160816034233344,0,25135088108595968,0,-830229439258112,0,-25402429062144,0,-3320082048,0,5269294320,0,22986832,0,-294512,0,-324,0,1 # block t=9917 q=12T239 r=8 k=1
14676436737,0,-72067393548,0,143264586114,0,-145857272220,0,78659138799,0,-20557535256,0,1910631708,0,-27631512,0,-819729,0,-69084,0,-6270,0,-204,0,1 # block t=9917 q=12T165 r=8 k=1
15818079496,0,63182305824,0,90593793810,0,56524028073,0,16316504283,0,4801612284,0,576815127,0,-1596358026,0,-4688721,0,-21016957,0,2064309,0,-6909,0,1 # block t=9917 q=12T165 r=8 k=1
648872521367552,0,-88114422380579913728,0,652680154930273632256,0,-2268022059054562123776,0,1792370995489586209792,0,17511902435730851288064,0,-2725956478784565338624,0,-30579108426831616,0,669540040943040,0,11263489312,0,71000528,0,-64688,0,1 # block t=9917 q=12T165 r=8 k=1
30587062011638481,0,56297828593802340,0,-3721215093707934,0,-11243889301903164,0,2298097813126959,0,105392243749320,0,-43084357395012,0,151956506088,0,184272427359,0,5231608020,0,29392002,0,10836,0,1 # block t=9917 q=12T239 r=8 k=1
2125764,0,8503056,0,24091992,0,9132912,0,708588,0,-19368072,0,4767660,0,-227448,0,11664,0,-3348,0,216,0,-36,0,1 # block t=9917 q=12T165 r=8 k=1
5011192380848,0,15018174504756,0,-18895265723325,0,-49278251040500,0,24089581366890,0,-13535058663528,0,1353294696590,0,-268597136157,0,2566177005,0,429396682,0,65683932,0,-63210,0,1 # block t=9917 q=12T165 r=8 k=1
19159251408,0,-204982493263056,0,-1901415876134616,0,-2309634070798212,0,8617466185595145,0,15181638383965956,0,-2282418044781164,0,-9227561505720,0,45865423270,0,166339740,0,-573588,0,-1876,0,1 # block t=9917 q=12T165 r=8 k=1
1108659832333477,0,54106274649338188,0,-90634070697214618,0,60048479791019460,0,-19915357429463433,0,3335571294592184,0,-233206249897916,0,1624424028360,0,3844740931,0,-6961476,0,-378890,0,1204,0,1 # block t=9917 q=12T165 r=8 k=1
22498603668264652551021,0,55915799077746642067540,0,20945799092250894115530,0,2941828663165137644348,0,192871353833380472711,0,5201429595530413336,0,-49939064734997860,0,-6609890361385592,0,-144072693134549,0,-794079201900,0,5326583610,0,-152004,0,1 # block t=9917 q=12T239 r=8 k=1
40335076137,0,37392681584,0,-42536732954,0,6120975336,0,3219089175,0,-954013056,0,1174492,0,22322128,0,-1394449,0,-154704,0,11614,0,232,0,1 # block t=9917 q=12T239 r=12 k=0
289140601,0,-708400500,0,-692225378,0,573321216,0,-35624091,0,-34158676,0,3914234,0,702532,0,-72458,0,-8172,0,364,0,48,0,1 # block t=9917 q=12T239 r=12 k=0
36580625934987852373248,0,-362713159887807414470656,0,-316777732292116524792320,0,654325698032003333961216,0,442130637685464413774784,0,-104064526021424696857152,0,304723112467852225984,0,693577793978453441056,0,-5906625930689383984,0,-1219903793448625728,0,-334518559736264,0,-16073108,0,1 # block t=9917 q=12T239 r=12 k=0
1891559032835544,0,-2797298843901696,0,1404731252295396,0,-284069193356259,0,15785201570337,0,5328148524633,0,-251191015026,0,-83429736009,0,4859744139,0,-187995386,0,4736505,0,-9675,0,1 # block t=9917 q=12T165 r=12 k=0
379511342189,0,9159604909828,0,-6324680399860,0,-6243535222160,0,570682168299,0,470378269844,0,-44703100240,0,-4754813076,0,264298355,0,10307240,0,-319060,0,124,0,1 # block t=9917 q=12T239 r=12 k=0
653345493086153857,0,470365970107855912,0,-190046950091905890,0,14234244956352608,0,1730714942921671,0,-287646562216080,0,7545842758956,0,736022177248,0,-45875415257,0,425094472,0,12635926,0,7200,0,1 # block t=9917 q=12T239 r=12 k=0
110720431207905677603,0,-118356695607788122287,0,18188959270962920184,0,-1345150907242030759,0,60562827482997522,0,-1827633186082905,0,38692485136420,0,-585568983138,0,6330260376,0,-47884251,0,241311,0,-729,0,1 # block t=9917 q=12T165 r=12 k=0
3675896372092231296000,0,-3895609259588773824000,0,238748535519446354880,0,-8643021242208173152,0,342086745757980308,0,-11948039794355896,0,278344027804616,0,-4128627729176,0,39103873636,0,-233233868,0,830264,0,-1540,0,1 # block t=9917 q=12T165 r=12 k=0
59810574604604369807249,0,76553919267124245425536,0,-29172425790629751254434,0,3784382307774605388816,0,-206385223520929036297,0,2231740769295025248,0,214877532606811468,0,-6289189603499136,0,-51099860320569,0,2399783216736,0,5910509782,0,159152,0,1 # block t=9917 q=12T239 r=12 k=0
22180932056979500826880,0,32522782119669253421056,0,-4619428529365425627648,0,131203928483845539072,0,10219956856650794496,0,-851745073045086464,0,24823063214298976,0,-312420734720512,0,955389359136,0,7094153808,0,10975888,0,6144,0,1 # block t=9917 q=12T239 r=12 k=0
673848991557211657,0,495043069364445672,0,-4471674610747829160,0,-7779312595384526948,0,-3464861821727207157,0,63740745204398244,0,41057725625944728,0,-1154513201149980,0,-52934388951897,0,714310083268,0,-1139096376,0,4632,0,1 # block t=9917 q=12T239 r=12 k=0
2055178911249999529,0,12300567156116020124,0,4782587332254568026,0,464231484725205148,0,-42265520973142305,0,-8922200464236808,0,-177659547137428,0,29847826850072,0,790404570839,0,-34075092372,0,36082650,0,-10932,0,1 # block t=9917 q=12T239 r=12 k=0
415439467672576,0,-1868152149186048,0,3416037647395200,0,-3218485033685344,0,1618440587621460,0,-396450055222704,0,32755129637352,0,413622082800,0,813533184,0,-29098528,0,-217944,0,-564,0,1 # block t=9917 q=12T165 r=12 k=0
5384768464843445714128,0,-20764786410238703874432,0,30925672973509184847360,0,-22001593229111235142336,0,7420592698913936100240,0,-1025225875495254827376,0,62167648391054689848,0,-1612946312990476704,0,16740084026985444,0,-64631608820632,0,48532681320,0,-456372,0,1 # block t=9917 q=12T239 r=24 k=2
16087513349,0,-32949749904,0,29088736428,0,-14877114176,0,4956080699,0,-1139782000,0,186296744,0,-21867200,0,1833143,0,-107200,0,4156,0,-96,0,1 # block t=9917 q=12T239 r=24 k=2
1588798720972968084136,0,-3199369879016536277392,0,2437030644608772297144,0,-866274588567252429616,0,141227326212480861172,0,-8814679401644207472,0,221683270779332032,0,-2138402592880400,0,8653929251026,0,-16789152268,0,15957022,0,-6804,0,1 # block t=9917 q=12T239 r=24 k=2
130932245107304178453,0,108270830760229437606,0,-45506238349463979849,0,7328572405055512605,0,-668489272711749135,0,39029425593242724,0,-1533080107446192,0,40960139332806,0,-723437062218,0,7644510135,0,-34753008,0,-40512,0,1 # block t=9918 q=12T165 r=8 k=1
3512101497950326724001,0,9525885170896814143380,0,-2058994642299305498078,0,-84014484971411150076,0,40896078032671040559,0,-2171067677555576024,0,-30765979715456676,0,2535528188075688,0,39130267200527,0,70285808452,0,46515874,0,12372,0,1 # block t=9918 q=12T239 r=8 k=1
682657041588574856,0,-595032842615015540,0,117264585837093170,0,-11199098085348147,0,624945903825839,0,-21594303278060,0,456344116766,0,-5452155160,0,39382318,0,-796759,0,22235,0,-266,0,1 # block t=9918 q=12T165 r=8 k=1
358557793060882725,0,-312277054728184470,0,74650044617447328,0,-9192787982829134,0,704767749200955,0,-36603815076828,0,1342150678632,0,-35331476508,0,666549495,0,-8822454,0,77976,0,-414,0,1 # block t=9918 q=12T165 r=8 k=1
9661547008,0,153299013480,0,595022505588,0,394401013590,0,83512947747,0,1329513552,0,-731992704,0,62827728,0,-7087182,0,-2509658,0,148890,0,-1077,0,1 # block t=9918 q=12T165 r=8 k=1
38342164321548622498,0,347657304360030123576,0,-86436329521962857776,0,8918091646179560268,0,-495103018460348764,0,15802307793192872,0,-283914689324846,0,2551474779686,0,-8271746593,0,7337172,0,19160,0,1002,0,1 # block t=9918 q=12T165 r=8 k=1
745627900296800977,0,-607776396524035752,0,-9602198530845843762,0,-2800105050900200648,0,-346715646900313113,0,-23271291597762432,0,-893206670202948,0,-18322432679232,0,-127709079273,0,1650636712,0,25234998,0,-10296,0,1 # block t=9918 q=12T239 r=8 k=1
2410193449427,0,-4373167922890,0,3158584614306,0,-1179631439885,0,252813030597,0,-34148555172,0,3239116582,0,-211327823,0,9547062,0,-262523,0,4304,0,-81,0,1 # block t=9918 q=12T165 r=8 k=1
12543066112,0,-218872587922107,0,-489759488339059584,0,-615741087705538209,0,-324677010333808605,0,-29924794600466601,0,4402077313835012,0,373473007874730,0,-24206557013718,0,585031808617,0,-3846406389,0,429372,0,1 # block t=9918 q=12T165 r=8 k=1
966110189209,0,12107496559048,0,10428674783030,0,-10121456109232,0,-9237000613665,0,741014833840,0,636999966772,0,67737512896,0,2215073703,0,9513800,0,-89034,0,-336,0,1 # block t=9918 q=12T239 r=8 k=1
1086024497429,0,25856814760000,0,101196908872312,0,105423468349080,0,30144992034074,0,360038132960,0,-219859496294,0,1024363720,0,216270749,0,752960,0,-33110,0,-120,0,1 # block t=9918 q=12T239 r=8 k=1
11312573433950094279079,0,-27974170926988834598791,0,24823033319920883262120,0,-9316803919607834346317,0,1207614697653677538249,0,24442145243190828324,0,255336033364726541,0,1188831416340106,0,1339880313264,0,-17086995495,0,12748622,0,-6078,0,1 # block t=9918 q=12T165 r=8 k=1
6654769782762558580225,0,-31730581726303260167148,0,60550285338328208785458,0,-57913393107301135739500,0,27988967127872019591567,0,-5716948391594536693464,0,168438802131474259164,0,-1504117498179887352,0,3027382002515151,0,-2983988192572,0,1402124178,0,-279708,0,1 # block t=9918 q=12T165 r=8 k=1
3511,0,39390,0,-7524,0,-42614,0,29259,0,-16692,0,10704,0,-5580,0,2685,0,-1098,0,276,0,-30,0,1 # block t=9918 q=12T165 r=8 k=1
60010594127504,0,294548015026880,0,-1305881831707248,0,1710759994530736,0,-1025363430755608,0,303402195871864,0,-39174561885280,0,702204070556,0,-930428231,0,-51700842,0,-34125,0,694,0,1 # block t=9918 q=12T165 r=8 k=1
24272036494052224,0,-58624267550653440,0,56015878298932176,0,-27078138105261080,0,6917673163928634,0,-859665869592048,0,36415488693624,0,263700027684,0,-133740486,0,-34582736,0,-203418,0,-642,0,1 # block t=9918 q=12T165 r=12 k=0
304015304000,0,-1567197822400,0,3221796516400,0,-3319529223024,0,1760756237908,0,-430817343024,0,29770068712,0,1105271152,0,102131184,0,-584512,0,-6892,0,-352,0,1 # block t=9918 q=12T165 r=12 k=0
2336903141557561,0,3332504324909310,0,-2039892155777392,0,280649033835258,0,10203807330403,0,-4061286887156,0,144904095384,0,7884589764,0,-228916965,0,-9125154,0,-49208,0,282,0,1 # block t=9918 q=12T239 r=12 k=0
163841908,0,-473640408,0,596842116,0,-432683896,0,183546972,0,-40478688,0,2715864,0,465372,0,-79767,0,1514,0,495,0,-42,0,1 # block t=9918 q=12T165 r=12 k=0
1899235840000,0,2194478080000,0,-1745297664000,0,96230144000,0,153830700800,0,-41794483200,0,3866781440,0,-48800000,0,-9678736,0,126496,0,13560,0,216,0,1 # block t=9918 q=12T239 r=12 k=0
2938458564963941,0,-4724258896598403,0,2719486740581952,0,-815206031481796,0,47993783880201,0,15758226524007,0,15659828366459,0,-3524643580719,0,139500995928,0,-3774081919,0,81250851,0,-65175,0,1 # block t=9918 q=12T165 r=12 k=0
19386084247834624,0,26339427127721984,0,1016869246793728,0,-4583993205141504,0,-13516449898752,0,211819050643456,0,-18277273585408,0,-212120807936,0,31832928880,0,515691008,0,-368648,0,-1200,0,1 # block t=9918 q=12T239 r=12 k=0
523888101,0,-1344772476,0,1499926950,0,-978621588,0,420463095,0,-126205848,0,27264964,0,-4284776,0,487043,0,-39084,0,2102,0,-68,0,1 # block t=9918 q=12T165 r=12 k=0
3754842864,0,-16014801408,0,25494872241,0,-17935821941,0,4264244106,0,962137476,0,-561834562,0,35285016,0,13963881,0,-2125133,0,96930,0,-3807,0,1 # block t=9918 q=12T165 r=12 k=0
49676360449454038,0,-131076205073480121,0,140619206080669593,0,-78412645228961681,0,24009530906149842,0,-3890234932546323,0,289468432704252,0,-6618734120574,0,-167674762554,0,-4213458249,0,421664886,0,-169803,0,1 # block t=9918 q=12T165 r=12 k=0
43980997630042869563501,0,-118594735390123849974210,0,132131486017774123144587,0,-77728796488983730045722,0,25406882693171885477959,0,-4361375100696680643388,0,305613684724946393458,0,58383203358073492,0,126159741144059,0,-91419951442,0,8523079,0,-27610,0,1 # block t=9918 q=12T165 r=12 k=0
3175169508037,0,109327657268,0,-6192946816140,0,2157432718116,0,2876585446315,0,-2048473236088,0,382028820264,0,-5013894408,0,-651108889,0,-6782028,0,14260,0,372,0,1 # block t=9918 q=12T239 r=12 k=0
5279618814606789,0,171279764383374100,0,91372526252784386,0,-1192651126638455876,0,1158230521283864287,0,-289126794331940600,0,22414481283651572,0,-17583194874648,0,-25706295641621,0,197572924004,0,3955119498,0,167644,0,1 # block t=9918 q=12T239 r=12 k=0
16428831516237250,0,-57141388620125600,0,81732769587078830,0,-60796544524833904,0,24598277100262352,0,-5103492345406884,0,422998172112488,0,-255425820698,0,-17183336103,0,69386396,0,56673,0,-1960,0,1 # block t=9918 q=12T165 r=12 k=0
31521707232641444800,0,4730223459121179377664,0,-2540357164847900045056,0,545652160633984896704,0,-58994012659659465616,0,3224262888310447616,0,-67987170994145120,0,-668214812022496,0,29920554604708,0,239386685184,0,120020872,0,19436,0,1 # block t=9918 q=12T239 r=12 k=0
291396342097309,0,528732304827699,0,-339477614386273,0,-839465714861506,0,-239278309874849,0,7422784585284,0,3604940572407,0,-571452717597,0,18045606489,0,-245254158,0,560767,0,458,0,1 # block t=9973 q=12T209 r=4 k=1
75699351981,0,-180067994946,0,252885195243,0,-271504601316,0,196835905548,0,-85982496282,0,21026589429,0,-2570114916,0,123611356,0,-2746462,0,30843,0,-208,0,1 # block t=9973 q=12T209 r=4 k=1
19705954452957267829768,0,-14620634482005662407008,0,2508384947560174436304,0,-469884417589581022112,0,-43948474412349216276,0,-1375393664009918304,0,-21876596321291184,0,-199935872745696,0,-1046458897290,0,-3368357528,0,-3770412,0,-2760,0,1 # block t=9973 q=12T209 r=4 k=1
14636883472931044776256,0,89130719343025892744160,0,-7167915822880913361192,0,214596754165944571072,0,-2343143969188655895,0,-18634740842257020,0,795599452130154,0,-8649705678804,0,37496407491,0,-9361340,0,-255558,0,-288,0,1 # block t=9973 q=12T209 r=4 k=1
20757791,0,205857349,0,712289316,0,743828466,0,-611154293,0,283412366,0,700302021,0,99666258,0,-2314141,0,-740132,0,-18332,0,-145,0,1 # block t=9973 q=12T80 r=4 k=1
11699778967570079,0,7037160257370643,0,-14818288253764012,0,-12201707283889983,0,-5645017543207829,0,-928327797772542,0,-83961304853452,0,-856032951346,0,-23381165871,0,389699834,0,-991152,0,21409,0,1 # block t=9973 q=12T80 r=4 k=1
234406776221,0,-819009993465,0,945362077621,0,-354409802697,0,31727315552,0,-4838640074,0,-999563472,0,-76755422,0,-1273197,0,120655,0,6118,0,-332,0,1 # block t=9973 q=12T80 r=4 k=1
197093521,0,-1182561126,0,4987187084,0,-14095791765,0,26601262595,0,-34838472176,0,31141589686,0,-17684269469,0,5650192795,0,-783990010,0,7785964,0,-27099,0,1 # block t=9973 q=12T80 r=4 k=1
69470452960545537,0,197627863763787138,0,-3692772637952198598,0,2161904808943520001,0,1714715753603060932,0,-1531736089894732526,0,309288455454981892,0,-7432720610934035,0,437851765398205,0,483603417877,0,197622121,0,31282,0,1 # block t=9973 q=12T80 r=4 k=1
14405753609115921700399,0,61772881245425898271593,0,103871744128398521123769,0,81222687854336165465308,0,26136556891073816611815,0,1623439299245239114308,0,163843027478061220959,0,-1305981573996506364,0,4069093025878110,0,-5279333436392,0,938238072,0,69663,0,1 # block t=9973 q=12T80 r=4 k=1
2109059,0,27759338,0,-53447882,0,35596568,0,-9868746,0,1740807,0,-1198170,0,583616,0,-107958,0,5581,0,344,0,-33,0,1 # block t=9973 q=12T209 r=4 k=1
33325557177563856,0,-69984570274194960,0,93892524433886088,0,-92020324592747376,0,63589985481164004,0,-28618786108457376,0,6764420119149788,0,-631685513860752,0,3302047239830,0,-9485008764,0,12751734,0,-5582,0,1 # block t=9973 q=12T209 r=4 k=1
621740032,0,-1032192000,0,-305954816,0,1024028672,0,-601681664,0,169982208,0,-26376384,0,2182912,0,-67488,0,-2512,0,256,0,-16,0,1 # block t=9973 q=12T209 r=4 k=1
4096,0,26624,0,59392,0,53248,0,21248,0,8448,0,-4672,0,-2112,0,1328,0,-832,0,232,0,-26,0,1 # block t=9973 q=12T80 r=4 k=1
127549,0,262437,0,93531,0,75110,0,-5688,0,-11781,0,-6771,0,-2547,0,-342,0,-31,0,-24,0,-3,0,1 # block t=9973 q=12T80 r=4 k=1
-150034694104802835534691,0,-320165729635999881001596,0,26036176368249333782465,0,-915918815447342899058,0,18348112141472822383,0,-227892528535191880,0,1766585661244569,0,-7867395011800,0,13002302952,0,38056041,0,-153675,0,-172,0,1 # block t=9973 q=12T209 r=6 k=2
-2657798862603,0,-9634373334276,0,35747990287272,0,-40474124050935,0,22001100516708,0,-6235302134187,0,911045584787,0,-73188842638,0,4965862614,0,-18958752,0,-144764,0,540,0,1 # block t=9973 q=12T80 r=6 k=2
-352736,0,572544,0,106944,0,-577920,0,431776,0,-254944,0,116736,0,-37360,0,8246,0,-1280,0,172,0,-12,0,1 # block t=9973 q=12T80 r=6 k=2
-1830272587236029,0,-6258158709656946,0,-7459402540998471,0,-3692822516052984,0,-375228512465247,0,321133648679358,0,115526840015224,0,12521333717034,0,380449024827,0,-1057492468,0,-5145297,0,1014,0,1 # block t=9973 q=12T209 r=6 k=2
-71709881,0,-34902671,0,350955665,0,-350327463,0,160782098,0,-44673660,0,9340839,0,-1741550,0,275417,0,-30734,0,2070,0,-72,0,1 # block t=9973 q=12T209 r=6 k=2
-1710107279,0,-50758882395,0,105999367971,0,89160408589,0,32049648711,0,8212907988,0,4919427087,0,455468112,0,31532499,0,-10213115,0,154596,0,-744,0,1 # block t=9973 q=12T80 r=6 k=2
-531441,0,-43578162,0,2119681953,0,-11127055779,0,-5477660802,0,-19907683632,0,14296010031,0,2743031628,0,209407032,0,-2260818,0,-25650,0,228,0,1 # block t=9973 q=12T80 r=6 k=2
-125790917140251,0,-174799583217369,0,236955301867053,0,466184817243420,0,239770295791725,0,-182921619311514,0,29015420716009,0,-1024137653058,0,17233735515,0,-219754705,0,470013,0,1752,0,1 # block t=9973 q=12T80 r=6 k=2
-41834005335031344497,0,-33759523881355125928,0,31058131267501248686,0,-4538919360211252104,0,224999969845299395,0,-6932077476564080,0,273963384288492,0,-2450008687536,0,114747612605,0,363063832,0,969526,0,1080,0,1 # block t=9973 q=12T80 r=6 k=2
-130110319,0,-453128676,0,-437979941,0,98025740,0,438470550,0,286924424,0,69501451,0,1025756,0,-1419470,0,-106100,0,999,0,-144,0,1 # block t=9973 q=12T80 r=6 k=2
-20234009801,0,-13894417507,0,39794921539,0,-28592792636,0,11105610819,0,-2742518393,0,458904092,0,-53302351,0,4291456,0,-233048,0,7989,0,-149,0,1 # block t=9973 q=12T80 r=6 k=2
-9607257108677220301,0,-12161914462060798278,0,68851656239547647507,0,208529963551750698620,0,234163292205914649309,0,120187500050541343669,0,22040633217476937984,0,-1090948664827804395,0,16266323855979544,0,-7941546362309,0,1346813022,0,-84304,0,1 # block t=9973 q=12T80 r=6 k=2
-131072,0,0,0,393216,0,-393216,0,212992,0,-94208,0,43008,0,-18944,0,6560,0,-1600,0,256,0,-24,0,1 # block t=9973 q=12T80 r=6 k=2
-49973877200419919,0,-139231533478558721,0,178203600828125750,0,-77474966221441871,0,16345021577347913,0,-1782351992190721,0,92419151504310,0,-1348826672195,0,-27847697903,0,-991371467,0,1735096,0,2952,0,1 # block t=9973 q=12T209 r=6 k=2
-9867747212666669849,0,-12623329314383214802,0,3004731660469921224,0,-297859033046937675,0,17072849905179959,0,-636166393223444,0,16270036666223,0,-292445195614,0,3703639051,0,-32449313,0,187609,0,-645,0,1 # block t=9973 q=12T80 r=6 k=2
4436149212281,0,-11252416744637,0,12892349079499,0,-8713325749120,0,3735776907134,0,-1016527870109,0,169202073578,0,-16154539364,0,831722251,0,-24300183,0,238269,0,-825,0,1 # block t=9973 q=12T209 r=8 k=2
1169344000000,0,-2204716800000,0,1468483584000,0,-529267712000,0,120531031296,0,-18651652608,0,2032493888,0,-158184576,0,8773200,0,-340096,0,8808,0,-138,0,1 # block t=9973 q=12T209 r=8 k=2
478773438903626893,0,-102013967555936878,0,-60255638274669509,0,-27680842079229372,0,-3733853381525539,0,-1579991730768580,0,206788597818733,0,-13764359684708,0,195980256091,0,-738241050,0,493594,0,-780,0,1 # block t=9973 q=12T209 r=8 k=2
562607094545831,0,-1081352711739471,0,820938607458567,0,-308541241978760,0,57233753363409,0,-3810251117647,0,-192146606044,0,21781242059,0,1071914586,0,5537626,0,-186619,0,-1827,0,1 # block t=9973 q=12T80 r=8 k=2
66933270772255391479,0,-139951029330885901200,0,82413141894985556790,0,-9686514657509296944,0,334621548899016115,0,-7326479346663136,0,243121926745116,0,-2968600343584,0,55666819685,0,469132144,0,1209214,0,1104,0,1 # block t=9973 q=12T80 r=8 k=2
4805,0,29070,0,-73185,0,-68000,0,170151,0,55470,0,-135677,0,-27990,0,32994,0,11150,0,1272,0,60,0,1 # block t=9973 q=12T209 r=8 k=2
355160356951108009605061,0,-807861908683556672705595,0,718304452985791692154311,0,-325775375835728927575451,0,76495821726498450749091,0,-7238848911817167380592,0,33356825806581200517,0,-1532151330843654018,0,2035365769308519,0,-405758869175,0,257095926,0,-30594,0,1 # block t=9973 q=12T209 r=8 k=2
1002085051992301371392,0,-1055587952353543192576,0,350405399671175380992,0,-52940962716307619840,0,4251359379010531328,0,-226245584734756864,0,9593865775632384,0,-231730259397632,0,5722734772992,0,319983360,0,-3559360,0,-96,0,1 # block t=9973 q=12T80 r=8 k=2
922595548811,0,-2839972487595,0,3629344018745,0,-2469527786521,0,947049330765,0,-196653856500,0,19036125511,0,-934126260,0,171702805,0,-12781691,0,171960,0,-810,0,1 # block t=9973 q=12T80 r=8 k=2
3769533341426656,0,-5295652662277760,0,2433777443519744,0,-574807257462016,0,80065129675456,0,-6809753489952,0,343561425952,0,-9217751760,0,90968442,0,519968,0,-4872,0,-108,0,1 # block t=9973 q=12T80 r=8 k=2
27100373941,0,-52334144262,0,58013281442,0,-50072112511,0,26830399815,0,-7033836968,0,640714877,0,-29432158,0,26319975,0,-3951801,0,78207,0,-517,0,1 # block t=9973 q=12T80 r=8 k=2
9164912458229719,0,-26458153250050128,0,30428506307082870,0,-17868726335495966,0,5629576534920783,0,-895854252921480,0,56922058529376,0,-381892018770,0,-48637662813,0,-759829427,0,1692105,0,2871,0,1 # block t=9973 q=12T209 r=8 k=2
92867101880981,0,-217372766927443,0,213776514449259,0,-115312656233460,0,37271377904984,0,-7364725308856,0,855928840063,0,-50995569276,0,1469689246,0,-19018897,0,164819,0,-4940,0,1 # block t=9973 q=12T80 r=8 k=2
112894218299913257141869,0,-113451204963693833188700,0,9945267312322511880450,0,-383634930715075721174,0,8240591618179702455,0,-105696081767474968,0,797724218391173,0,-3086969503740,0,2800919561,0,4884976,0,129347,0,-754,0,1 # block t=9973 q=12T209 r=8 k=2
268799830962529,0,-311274298903812,0,137801589951282,0,-33708660194880,0,5245682027610,0,-555415926177,0,41317201566,0,-2180921061,0,80956630,0,-2048780,0,33087,0,-296,0,1 # block t=9973 q=12T80 r=8 k=2
-8209,0,-3272914,0,-12270344,0,-14706695,0,-4055217,0,2852359,0,1232766,0,266721,0,257012,0,-3271,0,2245,0,75,0,1 # block t=9976 q=12T209 r=2 k=2
-9712615644154219,0,-54011919917268670,0,-121979881361182999,0,-141779802257489658,0,-88017838813761954,0,-26972885227572326,0,-3195543786389735,0,-141371572237014,0,-98882519162,0,478188326,0,911569,0,-2158,0,1 # block t=9976 q=12T209 r=2 k=2
-3415703961928904,0,-3533815846051840,0,-41969731198656,0,-301168924651232,0,6904878982732,0,-1471351491840,0,-32493073472,0,-2128854048,0,-21756918,0,-2523520,0,24016,0,-312,0,1 # block t=9976 q=12T209 r=2 k=2
-107578069478975936,0,-146057066168414880,0,-44870539090117032,0,-18708478244285216,0,-413283733668855,0,267670303297380,0,14351542363914,0,-1266843675924,0,-32620497309,0,-193363100,0,-141510,0,576,0,1 # block t=9976 q=12T209 r=2 k=2
-412697159,0,-4872714798,0,23093621652,0,-37869865501,0,29815562007,0,-11546075808,0,1745274471,0,82571256,0,-37848537,0,2725403,0,-21669,0,123,0,1 # block t=9976 q=12T80 r=2 k=2
-32681984,0,-989710336,0,-1354638336,0,13644921856,0,-72209645312,0,101870336768,0,-152594972096,0,12871965184,0,112418512,0,18296392,0,126368,0,6014,0,1 # block t=9976 q=12T80 r=2 k=2
-1646811,0,-190731915,0,597992301,0,-2752256691,0,-7319462481,0,-8038307424,0,544822316,0,93384750,0,-6738854,0,-176830,0,23188,0,-651,0,1 # block t=9976 q=12T80 r=2 k=2
-341827125859,0,-1846950578778,0,-2706825707934,0,-1980007535305,0,-892806159105,0,-290708563528,0,-75714961486,0,-15075992153,0,-1917750485,0,-115163770,0,-970914,0,-16593,0,1 # block t=9976 q=12T80 r=2 k=2
-2268929042402841393929,0,-4310233744550742727120,0,-459193066904595383406,0,427711870351674551488,0,75399593740728621603,0,-263339423474973920,0,29148625836147652,0,-96913702220096,0,2800332857557,0,-5941599696,0,6504666,0,-3584,0,1 # block t=9976 q=12T80 r=2 k=2
-24866237178356879,0,-81680564946093843,0,-89259295794648631,0,-41202543114083285,0,-6801196648221836,0,376774058025624,0,133925949316573,0,-7149993299611,0,-24162732664,0,-2001203292,0,1711909,0,3155,0,1 # block t=9976 q=12T209 r=2 k=2
-120997467164420508339,0,-63131275192489308774,0,71297728515862018803,0,-61801725989360595996,0,32646518488621451784,0,-11246621505422290782,0,-56539922019721823,0,-172737523821871696,0,365654931615280,0,-285288784454,0,89779075,0,-13228,0,1 # block t=9976 q=12T209 r=2 k=2
-18999007169474332919,0,-32052625952919510932,0,-14958343409377523042,0,-1874795780581603068,0,99968926806892207,0,-25311343936932328,0,1609720947212644,0,-44000235115480,0,458147822983,0,-1962024900,0,-3127618,0,-3564,0,1 # block t=9976 q=12T209 r=2 k=2
-290619409469,0,-1138614202127,0,-1757957448718,0,-1451324193486,0,-714486830315,0,-218146512178,0,-41402118763,0,-4813594698,0,-344687035,0,-15028756,0,-83008,0,-287,0,1 # block t=9976 q=12T80 r=2 k=2
-154772138998025,0,-440132186494275,0,770433082511165,0,129607674615825,0,-1780024862779044,0,2508388250425661,0,-1216423988519776,0,1375379043972,0,-290633320041,0,-944540991,0,-1998974,0,-33967,0,1 # block t=9976 q=12T80 r=2 k=2
-1444537,0,2498937744,0,997631712545,0,31052669474737,0,-314430502325100,0,1488325348465902,0,5232986262120063,0,-690734637153264,0,88647075198150,0,124194064322,0,75216102,0,19316,0,1 # block t=9976 q=12T80 r=2 k=2
19622431819907745747264,0,169220045655648145018344,0,272998447842426267226769,0,-160624151954407747864067,0,-559804185990789613637901,0,-276175994981217061892394,0,-103426291593496566351,0,-189905230343813505,0,2505721349729,0,21457972666,0,10992975,0,-2719,0,1 # block t=9977 q=12T172 r=4 k=1
4686386627405632800051,0,-6946107587276966471556,0,-9763822342698248139705,0,21518713277045787792228,0,-12139474709186325470476,0,2179159718755752385742,0,9804535322020420282,0,16966807180570104,0,17247286654344,0,14370609396,0,8345063,0,2702,0,1 # block t=9977 q=12T172 r=4 k=1
20,0,90,0,-99,0,-58,0,18,0,-9,0,35,0,21,0,-9,0,-3,0,-6,0,0,0,1 # block t=9977 q=12T172 r=4 k=1
3583471659097,0,320344696188,0,-9123624151818,0,-5433938841760,0,463181147025,0,52750275300,0,2098598606,0,-1669476,0,2022006,0,344788,0,13008,0,192,0,1 # block t=9977 q=12T172 r=4 k=1
8306332864729,0,19729338429376,0,8245944087522,0,1436342722352,0,103545257727,0,-1884785024,0,-889858756,0,-61884704,0,-1223481,0,66368,0,4674,0,112,0,1 # block t=9977 q=12T210 r=4 k=1
590526587381184,0,7507182737642112,0,5556516930354528,0,1206173052586368,0,104927238978624,0,-2398951062048,0,-479574545768,0,-2003200416,0,105295296,0,-1869464,0,-14274,0,288,0,1 # block t=9977 q=12T210 r=4 k=1
324617399956,0,-1589239940568,0,-12501827662983,0,-25246905693125,0,-21216855839112,0,-6812201893077,0,-259360156893,0,-5112243900,0,-32244552,0,755194,0,19749,0,201,0,1 # block t=9977 q=12T172 r=4 k=1
1297964242951,0,-11217100897450,0,-26997780348133,0,-16411683617376,0,-399988844240,0,2023190463920,0,444019827718,0,35709047170,0,1357007732,0,25905732,0,241298,0,948,0,1 # block t=9977 q=12T210 r=4 k=1
154312935095369771425,0,301341480122594542620,0,101672909520982071006,0,-45937903520855071688,0,229379043974930397,0,14369470666953372,0,274030115142930,0,1990924468380,0,11832208686,0,26440924,0,193404,0,-168,0,1 # block t=9977 q=12T172 r=4 k=1
785478320042505711616,0,2022563478452393293824,0,298608381144650687040,0,18835813758561190208,0,643175516467358052,0,12612788148019134,0,135227888113887,0,556881895959,0,-2735515518,0,-33690142,0,-55140,0,354,0,1 # block t=9977 q=12T172 r=4 k=1
378133809258729692764,0,-943304535730197931906,0,-7892223922629586276043,0,5878090048688065104748,0,16512423382717956263017,0,-14704121982099196236406,0,-2926092867681680089,0,1117894789690970,0,13585450354543,0,-10913440868,0,2079403,0,-178,0,1 # block t=9977 q=12T172 r=4 k=1
115144196371008472964,0,727874112523900307920,0,196223427335016079933,0,21780486753129851469,0,1242727018926069266,0,36721094173610191,0,416904387628467,0,-4482735084827,0,-165177321026,0,-1381774065,0,-2974375,0,-434,0,1 # block t=9977 q=12T210 r=4 k=1
239620757309155529,0,376555184901084180,0,-152368300238303718,0,16955650619434740,0,-306665066546625,0,-34149460457496,0,465923220940,0,31941059016,0,590969175,0,11903108,0,145338,0,708,0,1 # block t=9977 q=12T210 r=4 k=1
26101727547078338817409,0,34175567188496996265300,0,-9665750479779040498770,0,431204506563525079768,0,23399909240208809865,0,165138640632256740,0,-135102995855842,0,-8273347649532,0,-2325222522,0,260002868,0,1032360,0,1536,0,1 # block t=9977 q=12T172 r=4 k=1
6634026824191776019,0,12951972211012714998,0,5454871681304500272,0,1048632581311879554,0,109991924380834851,0,6613904940259644,0,223550643784248,0,3874358748708,0,27045039369,0,2410542,0,-491688,0,-774,0,1 # block t=9977 q=12T172 r=4 k=1
7558347706587777525219,0,-9336428602574515603551,0,1906999374430400924853,0,-133227375769414016091,0,4970071873511132220,0,-116101797219718020,0,2698406896897502,0,-52789623390123,0,431313235497,0,8134475737,0,34548750,0,-11994,0,1 # block t=9977 q=12T172 r=8 k=2
1983203176943489341,0,10786794555476190396,0,21159186334085464902,0,17742498930095149372,0,5140168398940968423,0,-253855567160778408,0,-4364504748405052,0,116435852177592,0,893610912123,0,-5324548628,0,-11258538,0,-1524,0,1 # block t=9977 q=12T210 r=8 k=2
33471469296,0,298322663040,0,141450307776,0,13170470616,0,-3756782079,0,-806798232,0,-16929332,0,6594216,0,406710,0,-13416,0,-1332,0,0,0,1 # block t=9977 q=12T210 r=8 k=2
5183235220,0,17955131040,0,19142830545,0,5609957105,0,-1062175725,0,-437858580,0,47555454,0,6402051,0,-546564,0,-35794,0,1557,0,90,0,1 # block t=9977 q=12T172 r=8 k=2
347495264423335945809,0,657457936051160607804,0,269797627158029357058,0,-39527712832509335124,0,689460658657647183,0,51671244053404152,0,-620524972063268,0,-2570434394952,0,5793113535,0,87996620,0,158658,0,-1380,0,1 # block t=9977 q=12T210 r=8 k=2
41278151503821033472,0,-77317176215425327104,0,50547037137311020032,0,-13242391077653786624,0,1096132612038771456,0,-11637657481450752,0,7477728021312,0,989550014976,0,-1230361776,0,-72352784,0,462804,0,-1080,0,1 # block t=9977 q=12T172 r=8 k=2
42030045,0,212788260,0,-1760518530,0,-175812660,0,293431815,0,66414600,0,-1664556,0,-1627080,0,-121605,0,6036,0,1230,0,60,0,1 # block t=9977 q=12T172 r=8 k=2
9164163862803355796857,0,-11339771306835030079500,0,4740749498511433452882,0,-732231355225997901184,0,24900257128592187537,0,-252825008503394052,0,2568051804964058,0,-4511547975468,0,37831088730,0,283139476,0,1226964,0,1848,0,1 # block t=9977 q=12T172 r=8 k=2
18267944306596,0,387917689912968,0,574413135259689,0,300104559265829,0,56629985633847,0,917390482344,0,-261808644828,0,-5500701729,0,310224762,0,3441824,0,-72939,0,36,0,1 # block t=9977 q=12T210 r=8 k=2
495564024386489887,0,1300425825624311946,0,1015362005951402825,0,273246696830474692,0,12655654835304590,0,-2982250991099724,0,-139367703419586,0,3689313631798,0,36961209882,0,-336846488,0,-1149220,0,2828,0,1 # block t=9977 q=12T210 r=8 k=2
7322076,0,14486688,0,8153136,0,445176,0,-877230,0,-246852,0,101258,0,5340,0,-8109,0,976,0,108,0,-24,0,1 # block t=9977 q=12T210 r=8 k=2
114674973501709382017964,0,-107413115373676300406112,0,9243193022659096989039,0,-373825597653433762497,0,9133525534211908596,0,-148934545636861413,0,1698246979429867,0,-13801979032308,0,79887841773,0,-322520287,0,864360,0,-1383,0,1 # block t=9977 q=12T172 r=8 k=2
5706723937532914558349,0,12301916293780648811599,0,8685562185795672194607,0,2595524558843145196450,0,304873733927030283347,0,6339981055012496246,0,-66629647729145229,0,-1149176437630108,0,4684432504525,0,20540455639,0,-26398536,0,2134,0,1 # block t=9977 q=12T210 r=8 k=2
438715701579996038964241,0,-281330112956956970865588,0,25698107884525108573974,0,-877561692569584306472,0,13351614033686071149,0,-150843524002260444,0,2263209277580058,0,-13755067878204,0,119010855078,0,-519371444,0,1462500,0,-1920,0,1 # block t=9977 q=12T172 r=8 k=2
3084468449506979797,0,-3765311482077929544,0,1391652753485633868,0,-142744709947492580,0,734158901388150,0,68754047175180,0,1575526156854,0,-218388708,0,-134999559,0,4220176,0,87042,0,516,0,1 # block t=9977 q=12T172 r=8 k=2
373415879014144,0,1724348615901696,0,-1297371123550848,0,348594997474304,0,-42450883585200,0,2053323401280,0,24023735840,0,-6422816640,0,306128937,0,-7210204,0,86766,0,-492,0,1 # block t=9977 q=12T210 r=12 k=2
11682127673741376,0,18566453870589888,0,-7076215079862120,0,1072134188838696,0,-90343199694111,0,4662196088388,0,-146749787546,0,2355757044,0,7304214,0,-1210580,0,25686,0,-252,0,1 # block t=9977 q=12T210 r=12 k=2
11019960576,0,2743970183424,0,3833007583680,0,-127670551488,0,-245302772976,0,-13014504576,0,3988551456,0,-95738112,0,-6243156,0,186840,0,3564,0,-144,0,1 # block t=9977 q=12T210 r=12 k=2
426736,0,675706956,0,871727331,0,-244947703,0,-193117032,0,43871886,0,6874989,0,-2085894,0,73395,0,11417,0,-690,0,-12,0,1 # block t=9977 q=12T172 r=12 k=2
27986587379892224,0,4951597494831526871040,0,43100619821599320698880,0,3993287453463590287360,0,-112518452879773208832,0,-16528212124195736064,0,351400569857806976,0,-2911742539094400,0,12587424810624,0,-27971031264,0,27443832,0,-10368,0,1 # block t=9977 q=12T210 r=12 k=2
5508000454262449257,0,5749312304371148280,0,-20094507884893778172,0,-859058684251109514,0,1121580176151673800,0,77391868416430056,0,-540270306970813,0,-53434876782716,0,225979029196,0,1934660782,0,-6654576,0,2372,0,1 # block t=9977 q=12T210 r=12 k=2
8543513509817479168,0,80143103890116046848,0,-10212874066929656832,0,341859404087923712,0,6400846007428864,0,-560348930523392,0,5756050696704,0,180658532032,0,-3133676528,0,-15872704,0,298048,0,1480,0,1 # block t=9977 q=12T210 r=12 k=2
61582934016,0,25607798784,0,-62866907136,0,31064629248,0,-6991273728,0,605809152,0,59977088,0,-21366912,0,2500704,0,-160672,0,5976,0,-120,0,1 # block t=9977 q=12T210 r=12 k=2
93331968774986525399,0,258399353587356360633,0,92392106211867745251,0,-204769394128928949356,0,-126620369730957271743,0,-8773360798037145276,0,-146674134291239511,0,762392320078080,0,16005185520585,0,-74346451421,0,57029682,0,-14100,0,1 # block t=9977 q=12T210 r=12 k=2
3626370643569246208000,0,8254582853948915712000,0,-633734334194906803200,0,-17531758733832832000,0,1372827688476341760,0,15690340532908800,0,-613395298384896,0,-1550339762112,0,48843064080,0,-80151520,0,-420180,0,348,0,1 # block t=9977 q=12T172 r=12 k=2
147569607104,0,967350185936,0,-4341803489028,0,-22274981630788,0,21075125535935,0,2275478706535,0,-111220567077,0,-7991101484,0,202095298,0,4586441,0,-70638,0,14,0,1 # block t=9977 q=12T210 r=12 k=2
5415253035264,0,9641513410560,0,-8563652173440,0,2659821028992,0,-425624520528,0,37696074528,0,-1570790552,0,-21481032,0,6345081,0,-355252,0,10230,0,-156,0,1 # block t=9977 q=12T210 r=12 k=2
882625921264834759,0,52750219078799528812,0,-51553198199411296594,0,2459356330707191260,0,5231025393681245727,0,-323750260212949250,0,-3501337094689086,0,157772751017946,0,-105100366753,0,-3848821766,0,-807551,0,7542,0,1 # block t=9977 q=12T210 r=12 k=2
838609244731852708284,0,1926660273798721030560,0,1209535027133599570032,0,119709736831627936920,0,-2292571808123867622,0,-503129987607952716,0,14995059099086890,0,-176009861906004,0,1058288935107,0,-3433153728,0,5769108,0,-4368,0,1 # block t=9977 q=12T210 r=12 k=2
1296,0,0,0,-3024,0,-1008,0,-468,0,-312,0,1352,0,1404,0,549,0,160,0,54,0,12,0,1 # block t=9979 q=12T210 r=4 k=1
16137357041936764809216,0,234030455956459832552448,0,-108450159264269950029568,0,-798562478891164595370496,0,-203295854370570822037248,0,396366225857890052283424,0,-282556144463451384800,0,232835445756886368,0,-14655473228040,0,-10749332502,0,13713483,0,2158,0,1 # block t=9979 q=12T172 r=4 k=1
1268188597484,0,26410520936448,0,22830792891651,0,2877354577053,0,-10469706915507,0,1560047749005,0,-134037242540,0,6518637057,0,-197256774,0,2654371,0,2133,0,-366,0,1 # block t=9979 q=12T172 r=4 k=1
14346438426700777,0,15019858903398864,0,-31748004210743388,0,5950602719044900,0,728520465341478,0,-52903417420476,0,1744682456930,0,-31920080244,0,417894597,0,-3438304,0,29934,0,-36,0,1 # block t=9979 q=12T172 r=4 k=1
171282624725011863100,0,3393575287900225464900,0,-230381253734192659575,0,-57331085596504889905,0,11194718445313498491,0,-229498894599815214,0,4609979481488633,0,61985987883489,0,4429822510077,0,-15714523930,0,312995115,0,-35373,0,1 # block t=9979 q=12T172 r=4 k=1
134929936,0,445759104,0,-6914256,0,-51731888,0,4886172,0,1979784,0,-553440,0,-50076,0,14589,0,760,0,-42,0,12,0,1 # block t=9979 q=12T210 r=4 k=1
4085608296961532065429,0,9983912389767870656499,0,-12499829729273075422251,0,-1471240728355745764069,0,-96407888236892354772,0,-2067606223916342370,0,26573528681862560,0,-986240986400781,0,-117266057471979,0,139549703543,0,-960535098,0,3288,0,1 # block t=9979 q=12T172 r=4 k=1
268635599962898219749,0,922623803763453833976,0,-199913251139246383812,0,10967540691635748204,0,-25855994098299498,0,-3971056472177364,0,81182362219190,0,-1037627425332,0,9384447897,0,-56030592,0,227154,0,-540,0,1 # block t=9979 q=12T172 r=4 k=1
3512480753809889,0,8486086931081364,0,5463966619136892,0,440066623428916,0,-79913858718189,0,-30401661468000,0,-732220861600,0,52191148656,0,2641896819,0,43738428,0,314268,0,972,0,1 # block t=9979 q=12T210 r=4 k=1
22992263424,0,103023026496,0,-3273676560,0,-10488834504,0,-862823988,0,355383126,0,-46456983,0,930204,0,22599,0,10989,0,-2511,0,-9,0,1 # block t=9979 q=12T172 r=4 k=1
7698661445126720251399,0,-27075110541734632998008,0,12537640374718829093767,0,50064420684495038066264,0,-67953823903463288785625,0,24753302770804860297322,0,-25067252357389498975,0,-19439788578101996,0,19796635830157,0,3975849092,0,-2566460,0,-1994,0,1 # block t=9979 q=12T172 r=4 k=1
300071085499008045056,0,702669382853332042752,0,251114710119481064448,0,18720681794795943680,0,716226513190540224,0,30903591215623500,0,4361654387584115,0,152476314529359,0,1791837506760,0,-48346778712,0,201407646,0,-28173,0,1 # block t=9979 q=12T172 r=4 k=1
40441,0,-61728,0,-586476,0,-812140,0,-229842,0,268380,0,277554,0,123372,0,32589,0,5480,0,582,0,36,0,1 # block t=9979 q=12T172 r=4 k=1
42206503543672751,0,39085328152606040,0,-243385158568989855,0,-364810996603422856,0,-164722467544403910,0,-23816929747107102,0,65403115403586,0,-146137506330,0,8795623476,0,-20952806,0,-118529,0,78,0,1 # block t=9979 q=12T172 r=4 k=1
30055469894115087505,0,84898153645511863245,0,429660500285330289,0,-1049553680960260373,0,63357176361607155,0,906494568722586,0,-108105825954450,0,-3924784302858,0,330823776627,0,3344343577,0,11714217,0,-7137,0,1 # block t=9979 q=12T172 r=4 k=1
21697637588156416,0,439614435771022000128,0,2292215585192227676160,0,-208265704658861320192,0,1786362464430834432,0,172578144359671296,0,-1345363147702528,0,-3565368991104,0,-7973765712,0,96160448,0,466536,0,-1752,0,1 # block t=9979 q=12T210 r=8 k=2
46238121,0,-59050620,0,5048658,0,13136364,0,-3213057,0,-835128,0,317180,0,4728,0,-7305,0,-908,0,402,0,-36,0,1 # block t=9979 q=12T172 r=8 k=2
632056602340750445221,0,-863641212004194605652,0,350862760177954611558,0,-53267369051304020492,0,2768141877377677431,0,-38935652088956808,0,334747471575236,0,-1596081971160,0,3841484355,0,-18583012,0,140406,0,420,0,1 # block t=9979 q=12T172 r=8 k=2
687022524400,0,1033655082300,0,-325985324775,0,-241291801235,0,-39791606115,0,-1626646230,0,175637226,0,17390595,0,48870,0,-41372,0,-975,0,30,0,1 # block t=9979 q=12T172 r=8 k=2
1424251543190008021,0,-1530455876967309408,0,357308738108818317,0,-40562007680026140,0,2777744986149867,0,-126164864257380,0,3982833657838,0,-89179950492,0,1417199751,0,-15675276,0,115005,0,-504,0,1 # block t=9979 q=12T172 r=8 k=2
351269012929407604,0,-224600283720877644,0,14814896073420609,0,5525393208519442,0,-200080677859755,0,-125913118222656,0,15665343118514,0,-629672990004,0,2306287830,0,254777308,0,3112557,0,-3630,0,1 # block t=9979 q=12T172 r=8 k=2
53271694896054160609,0,1022307153484170839484,0,116470229944121932908,0,5120955779559073564,0,110928018916251027,0,1337408448490512,0,6722099168928,0,-239337898272,0,-5923588365,0,-8443292,0,427116,0,-1356,0,1 # block t=9979 q=12T210 r=8 k=2
2649779318777216360704,0,11728616532921147502080,0,-129201697708647395712,0,-14969592438158397440,0,-726850965123158352,0,-24528598457684352,0,-379889315107672,0,-1770975146472,0,13163858145,0,131922664,0,16086,0,-1536,0,1 # block t=9979 q=12T210 r=8 k=2
13972889,0,65410716,0,13377762,0,-30420940,0,-10598721,0,2216088,0,1174140,0,21480,0,-35001,0,-2932,0,258,0,36,0,1 # block t=9979 q=12T172 r=8 k=2
9587404,0,-32460642,0,49290789,0,-44558662,0,26786286,0,-11306703,0,3442607,0,-762933,0,122283,0,-13837,0,1050,0,-48,0,1 # block t=9979 q=12T172 r=8 k=2
854354281,0,-2126433540,0,2330311014,0,-1495309808,0,628746093,0,-183281292,0,38124426,0,-5721444,0,616734,0,-46700,0,2364,0,-72,0,1 # block t=9979 q=12T172 r=8 k=2
18742162402914476,0,-82697894597280678,0,145042188070300523,0,-126489655902629913,0,55098483829511235,0,-9861093428738288,0,166646080821615,0,-834905895699,0,-1577865583,0,29161536,0,-68583,0,-233,0,1 # block t=9979 q=12T172 r=8 k=2
134564500723433170716,0,151676155574134569792,0,-631726394698609776,0,-740998116480302136,0,34882775682246234,0,-556886331151428,0,-1462612066654,0,178954867308,0,-2697000909,0,17919200,0,-34068,0,-216,0,1 # block t=9979 q=12T210 r=8 k=2
2395310596282558000,0,6439982191198287000,0,-1458268374019975800,0,-343721827406972650,0,-18938247362063415,0,-136265583047760,0,16407797422416,0,451075824666,0,3269830905,0,-7148560,0,-118905,0,6,0,1 # block t=9979 q=12T172 r=8 k=2
4033057034248701521,0,6668361870484716708,0,1643553539233406082,0,-950866734155729772,0,48808789108229583,0,7953911919071304,0,28647209145436,0,-1047921018552,0,-9513888705,0,26094356,0,429762,0,-1500,0,1 # block t=9979 q=12T210 r=8 k=2
270972595790877547264,0,768449243530056983328,0,-35339210339092088556,0,-8291144420222486252,0,-233041562395009839,0,3756387221980560,0,203953639268787,0,829062535194,0,-35863064019,0,-207246332,0,1693260,0,-2496,0,1 # block t=9979 q=12T210 r=12 k=2
470508310837178655768000,0,714001264076410435368000,0,-36544315136596730295075,0,-673979701480530531750,0,35184072125364368310,0,268084177698996450,0,-6986955820665456,0,-11772892568538,0,247268011905,0,-270511380,0,-945405,0,522,0,1 # block t=9979 q=12T172 r=12 k=2
1480901954922915437916,0,4285738066646284167324,0,1776097412000350480723,0,298019530147737111996,0,22537937715548482469,0,537076804195263783,0,-16627413318379415,0,-551522359521855,0,11660857467286,0,-60054497670,0,61894550,0,-15264,0,1 # block t=9979 q=12T210 r=12 k=2
1324206177913744087769,0,2540912488192539253200,0,1187032680360305100468,0,-28667089607000091216,0,-115036433227887717,0,-869096480274212760,0,23484931612372744,0,-254819369581512,0,1416739880883,0,-4246295720,0,6593148,0,-4632,0,1 # block t=9979 q=12T210 r=12 k=2
9239191713153,0,23067341893824,0,1531946957992,0,-6455202558326,0,-2121847667083,0,-183903524204,0,8870115741,0,1499855050,0,-20154982,0,-3598986,0,98783,0,-730,0,1 # block t=9979 q=12T210 r=12 k=2
82578002190134094929,0,178770411201471189660,0,-28278947268047639934,0,1846222709194447404,0,-66617180345490993,0,1441276491667512,0,-18068887164836,0,89665930296,0,893133375,0,-19523284,0,154818,0,-612,0,1 # block t=9979 q=12T210 r=12 k=2
22478683823006539770576,0,54210801656128888959408,0,-10853106054832126233792,0,833432323984288809756,0,-30649904379481206033,0,476317729165635822,0,1135791552927185,0,-111302103244104,0,564287195874,0,4989313318,0,9913197,0,6792,0,1 # block t=9979 q=12T172 r=12 k=2
49588310241,0,30517489044,0,-121495650894,0,-149878157724,0,-49527676305,0,-615000792,0,1505333180,0,43046760,0,-4188657,0,-188348,0,12594,0,-204,0,1 # block t=9979 q=12T210 r=12 k=2
880676760910978771009,0,1898619184352663041212,0,1114809153338037237186,0,96365504547250091852,0,-1220325285737842065,0,-699382369343393928,0,19497748398078876,0,-218556093983112,0,1259148048687,0,-3913605172,0,6288066,0,-4548,0,1 # block t=9979 q=12T210 r=12 k=2
295844205035520,0,358127531458560,0,-176935250018304,0,22144090079232,0,-255349582848,0,-103953097728,0,3401815872,0,199969152,0,-6103488,0,-230088,0,2712,0,132,0,1 # block t=9979 q=12T172 r=12 k=2
11880696657664,0,24501965597184,0,12926165413248,0,-569105806592,0,-1022124826800,0,-137395727040,0,11155946816,0,437018496,0,-21881943,0,-381476,0,22734,0,-276,0,1 # block t=9979 q=12T210 r=12 k=2
6709632787344384,0,35695799769462912,0,-6134184569641680,0,127530188708256,0,25577853265359,0,-1190954655495,0,-24264268551,0,1879988211,0,-317844,0,-871236,0,-459,0,162,0,1 # block t=9979 q=12T172 r=12 k=2
77963204170297565591,0,191779903258894142466,0,-57194471671421148649,0,5990236066972996856,0,-248823074388825422,0,360030480496444,0,258626161112822,0,-5500113405418,0,-802586677,0,440524086,0,-844457,0,-2922,0,1 # block t=9979 q=12T210 r=16 k=2
37630311444699614073,0,129784512787000307262,0,142898108618534629203,0,53068676887724436774,0,-405338795177173623,0,-1991118152110767822,0,138659847576448508,0,-2390541327285116,0,15703704988558,0,-43691459640,0,49641977,0,-18698,0,1 # block t=9979 q=12T210 r=16 k=2
3182448239283789470096,0,-2181610974219132581280,0,64760183611330845528,0,105736206582089126344,0,5866251113189928897,0,-591238989766507068,0,13601980928253206,0,-143386931051004,0,815252866518,0,-2606607156,0,4533078,0,-3756,0,1 # block t=9979 q=12T210 r=16 k=2
20869707728817,0,42870014875980,0,15765748368858,0,-9390733746444,0,-3785596815897,0,650806216302,0,127188349336,0,-20696051766,0,1022424935,0,-22409914,0,226327,0,-934,0,1 # block t=9979 q=12T210 r=16 k=2
13359672507224026733625,0,17399804080119979221000,0,-4871266984172472925950,0,274359824109890616600,0,-4825038633305732865,0,-22000393341624240,0,1591263192394044,0,-16468519186512,0,49209297255,0,80925480,0,-473310,0,-72,0,1 # block t=9979 q=12T172 r=16 k=2
82475524331776,0,-144613907816448,0,68202612988032,0,-7737266176384,0,1903504327920,0,-234319466016,0,3446426184,0,561859272,0,-20296647,0,-144076,0,15510,0,-228,0,1 # block t=9979 q=12T210 r=16 k=2
7397672471557767887121,0,21467405405174380143435,0,-5120490193914053311512,0,375041315661286878399,0,-3572748904835053165,0,-677632984544688323,0,24869072557749703,0,-166001211639253,0,-1140908837807,0,10520547868,0,-11755525,0,274,0,1 # block t=9979 q=12T210 r=16 k=2
1901826213075039047936,0,-1380978467386677222144,0,175628020756791355488,0,-11295715555256657136,0,461193352950711393,0,-12958232860382892,0,255895772300854,0,-3521109443436,0,32857647750,0,-198674468,0,722478,0,-1380,0,1 # block t=9979 q=12T210 r=16 k=2
276542728198057920597584,0,379506405832142666687544,0,-125036470944653703303936,0,14026483636192491663364,0,-603689734612096214973,0,-4528246065395442387,0,1311217096153929894,0,-42706367830703604,0,474095064569208,0,-734850891131,0,184885710,0,60102,0,1 # block t=9979 q=12T172 r=16 k=2
39705220,0,3304392540,0,-1976840241,0,-3234138763,0,528692673,0,447495966,0,-86987388,0,-4593885,0,2095362,0,-185152,0,7341,0,-138,0,1 # block t=9979 q=12T172 r=16 k=2
47600137969409478098944,0,-88252316606921650470912,0,37328780134572750667776,0,3198811725046007840768,0,139840742805951605760,0,-15504449967357092352,0,252268575163181376,0,-1790147588336928,0,6675623163297,0,-13564469668,0,14336166,0,-6852,0,1 # block t=9979 q=12T210 r=16 k=2
2417182345742519777263,0,-3808735625502636873752,0,2275889441088634434332,0,-658332106461592271368,0,96599120123624197847,0,-6848719509700365458,0,203217155359817096,0,-2615224385198810,0,15456956708423,0,-41098526650,0,46074735,0,-15978,0,1 # block t=9979 q=12T210 r=24 k=1
-820900089,0,-1541223936,0,813050514,0,98477460,0,-84565773,0,5783352,0,2189168,0,-323496,0,-9819,0,4088,0,-162,0,-12,0,1 # block t=9980 q=12T210 r=6 k=2
-3336602176590679901375,0,-5979198568957517914625,0,783438978107738550825,0,-44254350249039036650,0,1436343906074528550,0,-30175666279758870,0,437447071055824,0,-4516602580778,0,33355286214,0,-171966286,0,583201,0,-1155,0,1 # block t=9980 q=12T172 r=6 k=2
-116,0,-1540,0,5617,0,16343,0,7831,0,-8499,0,-9814,0,-2562,0,904,0,730,0,187,0,22,0,1 # block t=9980 q=12T210 r=6 k=2
-470504237903300927,0,-886673800865725608,0,-211935901074296688,0,-19915732989263516,0,-752654848761504,0,3311604042876,0,1135320714366,0,30001353768,0,94871871,0,-6409196,0,-76944,0,-108,0,1 # block t=9980 q=12T210 r=6 k=2
-7453734943149387,0,117658696232333880,0,558682389273124836,0,-133869532834629972,0,1516036801723542,0,87590761743492,0,1560484871406,0,-1684366164,0,-42679791,0,6076296,0,98658,0,540,0,1 # block t=9980 q=12T172 r=6 k=2
-4194304,0,-31428436819968,0,150902055272448,0,44051872874496,0,4200602611968,0,-709960985088,0,-69292795520,0,-1891829376,0,13114464,0,1953056,0,42552,0,360,0,1 # block t=9980 q=12T210 r=6 k=2
-11063782196,0,-84073991538,0,-98985811173,0,11043256199,0,10229464737,0,1008881100,0,-66262908,0,-14591403,0,-490932,0,35474,0,3279,0,96,0,1 # block t=9980 q=12T172 r=6 k=2
-239504,0,-7156080,0,-13134588,0,10708316,0,8929521,0,815820,0,-403624,0,-111636,0,-6066,0,1796,0,324,0,24,0,1 # block t=9980 q=12T210 r=6 k=2
-1133229551925842245484,0,-3046727928011495818920,0,383988612998387136441,0,-21495385222885205051,0,715314024753722424,0,-15785356660455339,0,243168325683747,0,-2674222516548,0,21041610552,0,-116347514,0,431589,0,-969,0,1 # block t=9980 q=12T172 r=6 k=2
-5086033280900864,0,-8096594631011328,0,-2681179043238528,0,-188504614009984,0,5984168249520,0,1120382663904,0,35379200904,0,-423798408,0,-45832167,0,-837076,0,-330,0,132,0,1 # block t=9980 q=12T210 r=6 k=2
-1477209280478056605,0,-1386927812154720645,0,388849101286800249,0,-45051158623774725,0,3058287885066348,0,-136897410760032,0,4259538389894,0,-94149233061,0,1479195429,0,-16191949,0,117606,0,-510,0,1 # block t=9980 q=12T172 r=6 k=2
-171139390441834285116,0,-275939849387752899192,0,-50369558634456416217,0,-2647510978179644442,0,77509749817898775,0,13175452942114887,0,487595871288765,0,5770675951869,0,-35880878538,0,-995256558,0,-2920820,0,-690,0,1 # block t=9980 q=12T210 r=6 k=2
-69732252881,0,-146507970758,0,159036848732,0,-68806785962,0,17729377691,0,-3109211516,0,394226864,0,-37034324,0,2578037,0,-130142,0,4532,0,-98,0,1 # block t=9980 q=12T172 r=6 k=2
-4175957404403882840000,0,-628070284130769588750000,0,158092639793908794180045,0,4460371902763647031175,0,-21666841934284495764,0,3015195466772176596,0,363317111095956747,0,8248647145424616,0,55020797456139,0,-432422325856,0,621365424,0,-49203,0,1 # block t=9980 q=12T172 r=6 k=2
-1824031507690912451,0,-5442765397772681448,0,943958096669614128,0,-68528495804242196,0,2811967769948166,0,-74191218558372,0,1386688037682,0,-20098897164,0,229621293,0,-1759832,0,7794,0,-84,0,1 # block t=9980 q=12T172 r=6 k=2
543908968444,0,873806915712,0,349476137616,0,23428390648,0,2883170466,0,-979353684,0,-31233486,0,14262948,0,-853245,0,-10688,0,2820,0,-96,0,1 # block t=9980 q=12T210 r=8 k=2
1797086200906485355329,0,-1806189147794575451196,0,519219653706634780674,0,-47064343763786455728,0,155548891008112257,0,11023776481497372,0,257997861217098,0,1848130359876,0,11834109234,0,19976868,0,208764,0,-216,0,1 # block t=9980 q=12T172 r=8 k=2
13575317171184,0,-43031714320008,0,50976357089712,0,-27714360351222,0,6747465098281,0,-517915633426,0,-20200945966,0,46317976,0,7558472,0,237158,0,7997,0,142,0,1 # block t=9980 q=12T172 r=8 k=2
6700342401739809,0,-15574733813589948,0,11291681206423278,0,-2420486845136136,0,534366167661,0,3850066085508,0,306520430418,0,6691454388,0,136067742,0,686772,0,22428,0,-72,0,1 # block t=9980 q=12T172 r=8 k=2
106189143722260736,0,2876028282161665728,0,2648444258562655440,0,-305949928119133864,0,-187042133600404320,0,-3665694117461688,0,675434867383211,0,20268430873614,0,142828574013,0,76853139,0,-1066023,0,-1167,0,1 # block t=9980 q=12T172 r=8 k=2
8468237790402596,0,-3601622028339840,0,-698155257457839,0,89250380074407,0,25906413167610,0,2985091698,0,-232241486099,0,-48640038,0,1160362857,0,-24314462,0,379002,0,-1173,0,1 # block t=9980 q=12T172 r=8 k=2
16216898536970496,0,13501024768440576,0,-10592290390144032,0,1431349232506128,0,-70669587880143,0,458463361428,0,87771129920,0,-3386563044,0,34240734,0,688684,0,-19296,0,84,0,1 # block t=9980 q=12T210 r=8 k=2
13226817024634384,0,96814516441776240,0,19978275692735787,0,1407610259702401,0,20884575719052,0,-1955764652670,0,-82310537793,0,159078420,0,55109547,0,476599,0,-13020,0,-132,0,1 # block t=9980 q=12T172 r=8 k=2
5871589357776400225,0,-12486429080157957540,0,7850861449702027266,0,-1233414026195767412,0,2902747182691887,0,615131593078968,0,21177631962780,0,231751720440,0,2230545231,0,6383596,0,88194,0,-132,0,1 # block t=9980 q=12T172 r=8 k=2
19569364,0,116600820,0,119505447,0,18137677,0,-17906949,0,-4567833,0,744198,0,244314,0,-4266,0,-4310,0,-165,0,18,0,1 # block t=9980 q=12T210 r=8 k=2
47668860508798753901,0,-150029526060692574019,0,185465529362579566823,0,-112960140057455847298,0,34010611645562654085,0,-4077064168286401947,0,7926396902494595,0,-15734696816206,0,152154624485,0,-142942695,0,-462416,0,55,0,1 # block t=9980 q=12T172 r=8 k=2
243774085607121960756,0,-958781140412325538338,0,1488630441394448870025,0,-1140437009319493198335,0,431412813903764061398,0,-64651185031168514531,0,71642202018269666,0,-86497394283101,0,748530681212,0,-472872533,0,-1063928,0,89,0,1 # block t=9980 q=12T172 r=8 k=2
903828697383952297,0,-1227451120034917200,0,428485365414857412,0,-64616218199605780,0,4769896058727030,0,-181747880602164,0,4274443861122,0,-65636154684,0,721827765,0,-5761024,0,36510,0,-108,0,1 # block t=9980 q=12T172 r=8 k=2
3771112613724242944,0,7318728220185673216,0,4419296638050121744,0,1111131617066789812,0,109015032307655701,0,1255600642448271,0,-202071641607670,0,-3497867535627,0,77485925404,0,656860058,0,-2859410,0,740,0,1 # block t=9980 q=12T210 r=8 k=2
1578883035483904,0,2898752153384448,0,213252587627520,0,-39762050184064,0,-4389289777872,0,2881669632,0,14630812208,0,477730944,0,-6208263,0,-516820,0,-5634,0,60,0,1 # block t=9980 q=12T210 r=8 k=2
-54746583847222140656,0,-140612831819706445248,0,-21211563630815128464,0,-953736284220325456,0,-627559387547652,0,681490864325736,0,2278179230640,0,-145862925588,0,1385497773,0,-30624988,0,308334,0,-1056,0,1 # block t=9980 q=12T210 r=10 k=2
-112492086977260736,0,-470980313263270752,0,-547449683119356768,0,-199569907665005216,0,500350583582856,0,5705913123333414,0,91825431744183,0,-11016689437782,0,121461083019,0,-181003073,0,-862593,0,1371,0,1 # block t=9980 q=12T172 r=10 k=2
-148487656576583,0,-322895807314010,0,342947110780773,0,-94417022563616,0,6260899525778,0,835224588268,0,-88408711224,0,-3236765534,0,249642305,0,12350314,0,176607,0,874,0,1 # block t=9980 q=12T210 r=10 k=2
-19315887663445391881593,0,58218202113279418775520,0,172548061361253084803922,0,92515235830867664737614,0,6751891274420173684707,0,-2201468406447097314336,0,-76046866898884269829,0,-218719885856895418,0,716017692062868,0,709642944046,0,-373085125,0,-74058,0,1 # block t=9980 q=12T210 r=10 k=2
-4,0,96,0,342,0,292,0,-147,0,-324,0,-70,0,108,0,54,0,-12,0,-12,0,0,0,1 # block t=9980 q=12T210 r=10 k=2
-65536,0,-253952,0,162816,0,979456,0,302336,0,-243328,0,-67200,0,19520,0,4864,0,-560,0,-132,0,4,0,1 # block t=9980 q=12T210 r=10 k=2
-544195584,0,2718483055345152,0,8701772911897248,0,-1693501980056064,0,107656850535633,0,12130349018652,0,-789288248970,0,14366079324,0,66391974,0,-6591564,0,95742,0,-540,0,1 # block t=9980 q=12T210 r=10 k=2
-16777216,0,-2834038784,0,15881628672,0,2028100960768,0,1311813734144,0,-202832442880,0,-13398044544,0,1303504736,0,46440160,0,-1453856,0,-32652,0,-8,0,1 # block t=9980 q=12T210 r=10 k=2
-1024,0,15345916416,0,147365288352,0,-86038814208,0,16408603953,0,5546570196,0,-1082699930,0,59119668,0,819654,0,-244132,0,10638,0,-180,0,1 # block t=9980 q=12T210 r=10 k=2
-509409581411,0,122583043948,0,3603792506878,0,4936613704132,0,2082809757895,0,97846187160,0,-21106981612,0,-883559448,0,58057339,0,1127996,0,-32498,0,20,0,1 # block t=9980 q=12T210 r=10 k=2
-71380456699376452038137,0,-360014336368349716547538,0,888418817120602181845085,0,180009663371521885544810,0,12126305127548766054296,0,265093373562480258942,0,-3091011833729554503,0,-157548864327682474,0,-688670530416300,0,832185203138,0,216339521,0,-113882,0,1 # block t=9980 q=12T210 r=10 k=2
-2766224456371729898496,0,-10499183609253678057600,0,4102867371929931903568,0,30523782011197021893552,0,12855520022598589431809,0,1300277943931821062763,0,976846291864042003,0,-339711437275258599,0,778038038412523,0,2773528894101,0,-985056049,0,23853,0,1 # block t=9980 q=12T210 r=10 k=2
-15471,0,-68364,0,-23598,0,44964,0,44559,0,8808,0,-5572,0,-1944,0,63,0,164,0,18,0,-12,0,1 # block t=9980 q=12T210 r=10 k=2
-3476976602075136,0,-3413782842225408,0,1143896824577232,0,-46160243130096,0,-10525041599013,0,663115447665,0,25295434677,0,-1456568973,0,-40931892,0,736884,0,30429,0,306,0,1 # block t=9980 q=12T172 r=10 k=2
-30236198384234798811137,0,-149029840804463096518596,0,13295073766764591754290,0,9854018108894054747146,0,530194852040578502967,0,-8263943470543234104,0,-232516667776650375,0,1255526704322586,0,4616951770656,0,-10742343002,0,-11964819,0,8730,0,1 # block t=9980 q=12T210 r=10 k=2
3336942562206666194944,0,3737761461936417472512,0,313912970882479607808,0,-55767142749057664000,0,644136490967005440,0,35154262725000192,0,-519048780996864,0,-3221015069376,0,35214561360,0,134621600,0,-353652,0,-516,0,1 # block t=9980 q=12T172 r=12 k=2
85354370727086102970816,0,74742745922309031422400,0,-11197528924561008141168,0,560940431719977405648,0,-10816176552923598372,0,29801202336368880,0,808543056252536,0,3836848250640,0,-36468569538,0,-303258116,0,1807854,0,-2652,0,1 # block t=9980 q=12T210 r=12 k=2
4301395233603584,0,11614849565982720,0,-6094426519633920,0,1177868476538880,0,-110196664483584,0,4798016143872,0,-25443365504,0,-6574289280,0,308724576,0,-6737056,0,78456,0,-456,0,1 # block t=9980 q=12T210 r=12 k=2
609017854513192336,0,2887964268851812992,0,-680331469392301992,0,64370450212259936,0,-3221685747990639,0,89172321887520,0,-1093351169892,0,-9688011840,0,604498662,0,-10538464,0,97284,0,-480,0,1 # block t=9980 q=12T210 r=12 k=2
124570400730655337074944,0,515205271899775999858176,0,448409336305424754468096,0,59084068601483181274752,0,1227885659696520223200,0,-82439780947812651552,0,420199018312992752,0,-2587857081877224,0,15284558814345,0,-38377152964,0,36776238,0,-12588,0,1 # block t=9980 q=12T210 r=12 k=2
727703341,0,3757987980,0,-65086578,0,-530552924,0,18389031,0,26639448,0,-1510668,0,-552408,0,39819,0,4444,0,-354,0,-12,0,1 # block t=9980 q=12T172 r=12 k=2
3980247144023671,0,222806534288395016,0,-120984059537067632,0,-739613155727372328,0,468985110109361179,0,26635380506898084,0,-3762518963542046,0,31204807522568,0,396858716814,0,-1572781248,0,-4160094,0,5272,0,1 # block t=9980 q=12T210 r=12 k=2
407217192507490505661,0,648322762322409747840,0,5331118518911640447,0,-4691066057130679176,0,-202248898346586242,0,766426327512352,0,151391744505089,0,1254987399832,0,-28013090720,0,-240724696,0,1711364,0,-2488,0,1 # block t=9980 q=12T210 r=12 k=2
5281865872955656121344,0,38754144477336469230496,0,-10173420351506204835111,0,900320848537499966051,0,-32396368673028132915,0,203450564897235460,0,15891111591597398,0,-325259849443055,0,-265650424818,0,33027419786,0,49966101,0,14206,0,1 # block t=9980 q=12T210 r=12 k=2
55679271546121,0,-232592867338044,0,-255631315216950,0,35019984626788,0,1192522601727,0,-76475136312,0,103931767788,0,-8581032792,0,-11183913,0,3428596,0,2922,0,-396,0,1 # block t=9980 q=12T210 r=12 k=2
1798631794217427721609,0,2095304161778724901380,0,-343367108701945061526,0,20870987185530040612,0,-608657592609258369,0,8438399018873160,0,-40384991232340,0,-79875071448,0,183403479,0,-9001676,0,214026,0,-972,0,1 # block t=9980 q=12T210 r=12 k=2
2083107600,0,4134851280,0,-8127766269,0,4147466421,0,-569698452,0,-137474022,0,42767255,0,-871452,0,-516789,0,7403,0,3012,0,108,0,1 # block t=9980 q=12T172 r=12 k=2
23320313781145600,0,-27171184891852800,0,10354777370158080,0,-2012091195069440,0,233212600740864,0,-17329996999680,0,854840121408,0,-28366879872,0,631563360,0,-9249512,0,85080,0,-444,0,1 # block t=9980 q=12T172 r=24 k=2
491333735965787380097,0,-633326452804427263442,0,181925786086994052779,0,-23658603394095179598,0,1668302354938215735,0,-68107160461836046,0,1645523023581310,0,-23660734213194,0,200243942509,0,-963216704,0,2440120,0,-2768,0,1 # block t=9980 q=12T210 r=24 k=2
18850312883853055980,0,-17322690054085895250,0,4795020803247114411,0,-534099814307726085,0,32088307996682451,0,-1192815583604928,0,29399061587412,0,-496622810667,0,5799677370,0,-46164666,0,239583,0,-732,0,1 # block t=9980 q=12T172 r=24 k=2
109745066579373788579856,0,-177772857692833536065604,0,107647446898932601240035,0,-30289647053649651396627,0,4052314191694080055842,0,-243390393591237556638,0,6212886535077384665,0,-59024761067550810,0,189440878383087,0,-219614193383,0,107880984,0,-21252,0,1 # block t=9980 q=12T172 r=24 k=2
1823271615068084822556,0,-2361081025951347103344,0,-2827104065200237330800,0,2856264620929110691704,0,483704599478951997018,0,31759720796202048732,0,389807700985245002,0,1868358401791572,0,5320593915363,0,14182592144,0,19999860,0,9936,0,1 # block t=9981 q=12T210 r=4 k=2
58028883929931456,0,-1792801143782344224,0,-989318078793048204,0,6265080351025403370,0,-864745961778834099,0,-3793683051332158386,0,7369096607855498,0,-13888854178554,0,143197548536,0,-125360010,0,-473049,0,44,0,1 # block t=9981 q=12T172 r=4 k=2
73041190109798849140579,0,200845673216048176238598,0,127292615235234942985728,0,3329727911820687776674,0,139676237031727631907,0,12357156754564491132,0,519736891571233080,0,8873610253145604,0,48035448540729,0,-421849540898,0,619889928,0,-49158,0,1 # block t=9981 q=12T172 r=4 k=2
868636853331217567867089,0,964213496430744978594144,0,64629889194486845182714,0,1832312178362892105392,0,27081006193180827695,0,197227191453574784,0,106296390357996,0,-10752900066016,0,-95209589857,0,-383552352,0,-691078,0,-80,0,1 # block t=9981 q=12T210 r=4 k=2
20556,0,-65574,0,-4230843,0,19460481,0,61349204,0,42065597,0,-6900619,0,-508552,0,8156,0,6566,0,709,0,37,0,1 # block t=9981 q=12T172 r=4 k=2
113467580391591929971,0,91209909787907935206,0,-20390316985417932204,0,2093717912948922379,0,-182566500396463503,0,9577976046318459,0,-373345665466494,0,10133902548252,0,-172971860526,0,1348412827,0,-6070767,0,-645,0,1 # block t=9981 q=12T172 r=4 k=2
37,0,-312,0,-948,0,20,0,2130,0,3540,0,3326,0,2124,0,981,0,328,0,78,0,12,0,1 # block t=9981 q=12T172 r=4 k=2
1181102830094987775,0,4024355445549317655,0,-4191165854227545741,0,-900454607793498933,0,-109848429387725040,0,-2923286657663106,0,-214012691922754,0,-2976544517541,0,-113916270429,0,-884620697,0,-4540410,0,-780,0,1 # block t=9981 q=12T172 r=4 k=2
906257652877213696,0,343454409293167067136,0,394837375428111101952,0,24882315620969611264,0,-1114675520914808064,0,-134058847481487360,0,468070731725568,0,7455872634624,0,-45355513968,0,-50468000,0,1039200,0,2280,0,1 # block t=9981 q=12T210 r=4 k=2
869361079670665115536,0,2508635536394038727304,0,396668431359740492409,0,-36074928381164083652,0,1891863292924805526,0,-19243661737247757,0,1157820653638275,0,-53322964651269,0,1037193846147,0,8541769387,0,27446106,0,-10788,0,1 # block t=9981 q=12T172 r=4 k=2
116839825428888618193,0,-218173139003082712980,0,-4969262493330412159158,0,-1295679187883167567648,0,45961816063528478721,0,-437982303517816740,0,3571775277439682,0,-7638507930348,0,40281955674,0,425045980,0,1619940,0,2160,0,1 # block t=9981 q=12T172 r=4 k=2
