# IGP24 class field sweep: deg8.
74742008000000000,112729056000000000,95503809600000000,50206968880000000,18581474256000000,5813682624000000,1642776196000000,328130345760000,53926713216000,10269552296000,1998870460800,233718451200,80980612496,4414338864,926639856,63349608,-36811032,-6514128,5523540,937032,96156,-2446,-606,0,1 # cft deg8 r=0
100139568664576,22124223098880,388730523009024,1260320201889280,508156610992128,-208761989506560,1342179913322304,1792835032195200,1040648824309248,327956820429000,55987307558448,3470198094720,296465325129,294891587280,51455409984,-4045505700,-1145830029,99080640,9879903,-1656765,196128,4565,-813,0,1 # cft deg8 r=0
106384094181640625,-39186036339843750,88719109024218750,11971130866953125,12340660191234375,-1553657049984375,1775593165259375,-114958120318125,-3173185567125,-65700562126500,2058528256050,-134293606650,725497812511,-80126320113,7661440359,-1646116504,3601983,-5496939,8731265,43944,80091,-6043,-9,0,1 # cft deg8 r=0
367567600453943296,3355638697247637504,12250366870963617792,52075760997330059264,-194084970000178741248,24374857143467114496,11827086205191403601920,-1533453708251950940160,34623261222969065472,-55379543121665300480,2726430229740747264,44654174822767104,75991683811744432,2146346980787760,142017597958032,-7629426625976,-294625147584,-16900459632,7216036,-23725092,443412,27422,1326,0,1 # cft deg8 r=0
37080982628290381,-53319840888175686,40645386392539833,-20585838652189119,6600764820682314,-1258656700997043,145828118048124,-42893217715323,26156842484814,-8142685417674,1257487486395,71019531585,-66460569561,18018461940,-2029079979,118367359,56704368,-10815084,2573752,-215247,39114,-1343,300,0,1 # cft deg8 r=0
7631618426930741,71663281556410851,413936693865757188,2907072506328849565,9101145892104401019,15639009877299441996,73807290843757867214,23938730147236288182,235913457357622128105,163585022220925171702,-74823100593001894314,-8223971766460758063,438590333977270343033,41988717060613742550,872638417811554344,-14870050532957013,-515498200547160,-3838318450164,204778131471,4856072349,58982562,-477200,-16698,0,1 # cft deg8 r=0
67794200457879306366976,21869095375642246828032,22191826061540641738752,18438581596098442872320,5834578994236613574144,1433141579660247608832,862856081086112003456,204792507447443345856,46893147532896571200,8435876104814970624,1075993943263222704,25876724547670416,-1460780407269237,103081460941785,16454258165781,-11599003355579,-640706059995,33245611227,5749133129,-203740578,1803672,-63860,603,0,1 # cft deg8 r=0
4094132729674163251,-2199310020811558137,1567521825274956807,1002280980452575489,-5253211820714965860,-337690464666570648,5070176300149833139,444161565791645319,72874748956345101,-144959302248863306,14676724020868953,-428999330334186,782545124523090,-127031946408393,10289604851109,114894512882,-75164153523,5709571011,-15304778,-20164779,906246,16733,-1680,0,1 # cft deg8 r=0
1446257127478441,4657018420905780,64755180978725664,-21984762195980200,675965506805784030,-1910406513986596530,6816960525375146942,-12174625168509658380,7924394891877184197,3357503620328542440,-3992895276762728898,-441808286570031150,516392683177182233,57092470578855210,3809479509679977,175547625143720,9149251465902,138313605600,7527723579,-90025380,295227,-82830,-2664,0,1 # cft deg8 r=0
785951728478141,-3526143267347355,7905484897253559,-7480294381009427,-24702384535052796,69343288799199084,-18895114771025205,-77909477774765673,55556078355671571,-12104879178206221,29071936370043393,2893582472346072,3241894015227232,286625847435375,-29147994182169,-2747273789214,-14588284806,22039824843,713295953,-153758508,5277258,-18316,2169,0,1 # cft deg8 r=0
36908958230410326016,-60159967749293998080,148577595961581674496,-177808365347841084416,187924143763065659904,-133898322635170924032,95310026433466311040,-51215770228967080704,35340578396900053056,-16550679228021268152,10391922927978402552,-956539916744616864,1638136055772081787,-137096498430635265,24051494850872814,-4071942187195272,310434406463634,-10855555185519,1054957364102,-79991776989,1782909738,908028,-31164,0,1 # cft deg8 r=0
1446257127478441,-2126626262076870,2892646491813711,-2071472345767410,1334901532977480,-611528570031690,264014753539958,-98914777934385,25919580155427,-5475914551790,1316244008928,-120154540410,-47974931882,4001429325,3560944113,-687523255,13130292,2659635,-38174,105225,-11223,-925,39,0,1 # cft deg8 r=0
90233725534363406336,-112395095949879705600,366916328793225547776,-471375144610154290176,313518958544400221184,-446083378813898698752,286798123000825565440,-193669987110451847424,167657057634257750016,44726133559146443968,97371261481289793792,6712450125672986496,35146251116394481232,2378428399903132080,248870675493220464,4414257763447048,-537810638829216,-3679720675704,564304529292,3385977756,6916968,788918,6036,0,1 # cft deg8 r=0
400304911050342400,8194525743179366400,56196566208007372800,78358636087417241600,-642160320798716067840,-2138063709618740920320,1179231554992586178560,10524202477277394677760,9612599191425753624576,427050525795255061760,241952685301807829760,1076691026945560320,205883248436993203221,1582257638052925125,-394538419293158655,-4110334116475815,17739964982901,1748284577055,166018886985,1923600270,62071326,94520,9195,0,1 # cft deg8 r=0
36816102227980755,136971735170767110,216776611485740925,157431360830193540,40155556471368111,-10234666572305508,-7257148262545185,-554799143664486,540660814196787,321098444408592,117804603662271,25331921840448,4270390707355,667076965212,75289738446,-1868292520,-1966135122,-221854212,2522416,2249430,133407,-5196,-552,0,1 # cft deg8 r=0
7541358758225963897801,4656123081556260930474,4636286687671461488178,-6971736036519458310596,2021574031614163193115,1785997726277644713744,649798042196965568524,144260116053755451561,360494048843145738531,-68566859063793537716,-57564904142922361512,-1326746270139494220,5329797911024292613,111833610251838588,16196600845851885,-2229642793180472,120003508246893,-1747591015536,408821995147,-5773385298,87241437,627946,-18897,0,1 # cft deg8 r=0
1271786045074462890625,-6328701015472412109375,14960019149230957031250,-29960760362591552734375,46694429808558837890625,-32222070121334326171875,22993961928423863281250,-69669649500798362109375,56271166501289675484375,67522874279044449840625,-85983797810023727723625,-8164777100066073934875,29736029029823443664516,2738464174364332165251,103763160101595119391,1137576356224526122,11070623898201003,176933177493948,2496639364920,29078187243,221318496,1316991,20889,0,1 # cft deg8 r=0
51476101001681,-690724589841318,3072508456000527,-5637927134711870,7350587593376259,-7903474517128968,7027781241137691,-5506714117501254,3306717159197535,-876884331684026,-274781318788041,250861251698586,-58035290521067,-2761789818060,6084626282676,-1523233294174,143550723210,-5649397308,575198039,-9477468,598482,960,-132,0,1 # cft deg8 r=0
1761807183388591901,-438857823926633478,33752930221300406373,-144514532373277590433,152815916303754567339,-48492137905007489568,2076752792461586487725,-1516415250404579222805,365108785916826513483,911355677311879665571,-50481460049885600178,-366756345074442447,323589159591228208283,2285610403886609751,12085851023823501,1974173352539331,264403811526666,-9416584643940,313668437838,-4416519321,75754638,-330091,7431,0,1 # cft deg8 r=0
3266720239523573551,-25679642827464509610,54790169061146343786,152257865104468956970,-390227915505637061232,-547397869270359756195,640386279085890836631,1011138986687624030460,318262686222602830383,-169161842071713999920,-91310943005815609053,6168217938328333755,7065434203574691579,-456739358643874020,13957002150608646,-549676299485160,28656947828016,-573869856105,16260281142,-274318410,1404378,136060,-1362,0,1 # cft deg8 r=0
260175149437838809856,-3500711420883133982976,16310843145445225195008,-25394595575686237262016,-32959108482917290174080,190774719561033844536384,-109672243734239348948736,-307501150484892688510464,838313554943257673186016,-18546848293115644922016,-87768235523953086481932,4287042725873196698640,6745411861814769986013,-332182338417081715152,15254393501117268630,-31101879197270267,1073349464493618,9199554437394,473492137237,-8820442788,69000102,123051,-13602,0,1 # cft deg8 r=0
117580257875527920896,-57068352836502839040,-47222821991418776064,62951994956457128128,16976433621403105920,-15343851443653209024,4416692865564138736,8993807623657830528,3287086612070091552,525384577270972564,34383289075886544,-1014580132449840,-128506047553693,83118259221357,14742589814559,193436172167,-96824708670,-3772275138,437322768,21480036,252297,-39981,-828,0,1 # cft deg8 r=0
19215594256230904576,100541612860783547904,126680234114319084288,-17473021677859415424,-12175635165826623936,1285611041798258112,8515581635061093184,-965766812287356768,240565829681211984,-33868092434955284,5055748159969740,24593200896780,158453591462269,11568260957325,2683404487881,-114861897881,25886382678,847431711,-4499398,1399293,454104,5177,-405,0,1 # cft deg8 r=0
76029950996949210880,338521464268965550080,1132265762094392133120,773611012518131478720,-501294095403344568384,-101505300561879787008,2343226161482554654480,397488712853444858448,15941081498322984048,-7622635172163742316,741402297334855908,-18347435310117852,47483276110771309,-2915685006921855,282359370886929,46457489776613,-1708446137574,22734232182,10324646368,-53723364,4359123,-43473,-3828,0,1 # cft deg8 r=0
36880489912231696,93405192919130304,89487250090377408,-65705178102221448,-132640391918831832,-71573506626110688,214022265281021460,174881821219365768,57564597787603956,18100525868088030,4441794380234268,472382668216980,162154328674167,44132467912206,1551996996390,-160216005296,48314099127,-4352367078,145232473,-4870227,562158,142,1326,0,1 # cft deg8 r=0
229088506705916992880,464107682454010646160,456123775078919358720,214828265319392321960,15545235001538484576,-39149892785877700104,-19401464836986821628,-849797516635313352,1924663838266258920,461928359322305146,-46510552404313200,-31131727634314656,-2327091810111629,709364266829475,147056053536729,5593702575574,-498987394656,-48141336168,52843459466,4543258854,165308796,-76614,13305,0,1 # cft deg8 r=0
8318447858626096,16165948020334416,11817229856905008,7431574677298320,8151085795820064,5531792137007616,1163791757306504,-2741379932808,312646738131360,175186412644222,-22066360354104,-27971020414548,-2507989459527,1580997320085,475165006839,47652529282,572236680,-246428829,-10247619,1893774,190332,-170,942,0,1 # cft deg8 r=0
679206284531456,13777475740271232,87271147784627712,105579426617228992,-940660356754062576,-2297955630455241264,18605919415459951936,48807114777458241864,36554655844498434624,7650725488387441048,355940590763006160,-59036070060930600,18836408975913344,6793670086511520,703509324607854,32767753425048,997175723373,42688736298,984011368,-21097404,-429066,-18194,-1815,0,1 # cft deg8 r=0
1059002257600400,62872348622340000,2612037833230353840,1496579178407124200,-17863065956353386264,-10812241113508586232,40328028114908173268,25049662231229871336,3815362672405743960,242194617199533078,304846686876953580,-873738198074142,144144847826267191,-83309754602670,164028058585911,8873151013213,-7090508428476,399287294451,18288597864,-1702076247,30471066,198658,-8265,0,1 # cft deg8 r=0
1755503182846432976,2446696532518852416,1575352661037381648,404123485645417768,-63442164718009896,-85822672863732840,-28303381341575804,-4166558591222808,298036464703596,375189356342642,120973184300352,29394594429948,7264604623113,1373024923515,205206078897,44774354750,5919358131,333126936,90198426,10203261,320067,-14311,-759,0,1 # cft deg8 r=0
58573398964608176,-249831410870421600,437441817676774464,-325962540470414800,271080944396785128,-168520620154496040,69275851035034664,-41134617860378580,12864213776538468,-3663571745947910,2161060035025038,-60773674385250,174389015779529,-3110646784320,1309522343949,-12650045640,14899107681,-934503300,1267323,-5855160,214038,-13950,882,0,1 # cft deg8 r=0
225347770923548080,-349767153865858080,121084372918291680,24232739658284680,-54560124580210224,38589080563760472,3065419848851860,-5243989233536604,3366932555578500,-211890333363602,60244744039968,8104882612014,11694069468217,-328014071115,319375758024,38756581073,11347147386,339684669,300067341,9137787,263403,-34194,-531,0,1 # cft deg8 r=0
8318447858626096,-5015114338933728,12820519297610352,-9337175282332032,11108557476366480,-7158460230143928,5615242412454776,-2920362741564228,1483231180583556,-540452027589938,172529134213662,-43807113918450,9542312619053,-1873640398026,271299535605,-7542660384,-2802755097,256577832,4016473,-1063116,23832,1498,-168,0,1 # cft deg8 r=0
1133648670892570880,-184079749638293760,533226170282296320,-114240018487150400,72988046900434176,-15811102249477056,4681484639295632,2439132875473536,428221551164832,284637119961180,-51199470758616,-9664263337032,2297284179393,2654758557885,757590701049,-46671777764,-3201720636,-133108866,1473686144,95870970,3739302,34132,3753,0,1 # cft deg8 r=0
4311161967557410816,-18169899870181539840,39493557699218141184,-59637950809548528640,-9650938746484806912,11261093983263486720,286443327231848253184,-160447399414729136640,58342470183831693888,-20698259519178865920,5869827846601652688,-1108178973195636240,221037460099070944,-36773123300470440,5152829906087424,-446975254286580,106148808648681,825287959620,945001947818,7672779900,117567963,1773000,-798,0,1 # cft deg8 r=0
367567600453943296,2138863192296652800,3829414401580990464,33878248357311283200,157475119327787089920,51346197896704819200,2924189903960977702912,984969117272314675200,177220080388709793792,36704350519047280640,4230434104915948032,205414812269130240,54495220913403568,6427457297695920,241448730370992,-15677567339320,-1492201702368,-11139122880,2905478324,21347460,1884132,-17390,-2394,0,1 # cft deg8 r=0
3930163511296,5895245266944,98879341068288,-901961360605184,1009716050264064,2548773968412672,-543418380189696,-14458167189700608,18313104812212224,-11919892410916864,15001114084945920,-5167950709616640,3704069162367744,-1163015005827840,215801578619136,-13031029713856,18420313728,8863468416,1983160752,-220745712,7064784,-78188,5100,0,1 # cft deg8 r=0
660727671155772256256,-2925405830835798097920,4398423094525996191744,-2495112174394629526528,2181356528109405487104,-734774313270753828864,500964157005964711680,-158307984605551279872,36875507379500169216,-4809325533721516224,384899739389568768,6585734202697728,-3900267978323248,307953422913840,1769519720016,-1678905184616,39360829104,1451224512,1233392988,-70469892,987588,70086,-1926,0,1 # cft deg8 r=0
3724005239452044234674176,2490874789023490625372160,802541379207128792223744,152878730768361071428608,16203409541690000077824,512546630957920180224,-24272915648947201280,14832981621927908352,4966340178252773376,524588896261848384,3778885626566208,-5369852884304448,-230134989793008,48036115423440,6200184094416,-24479280144,-61381309416,-4752808272,357607088,57975372,1908828,-27036,-1086,0,1 # cft deg8 r=0
3078297025196023741,-522889893876070743,552266127546214833,-313566656566218502,29142913906470027,-44810785594357272,4946830791524040,480471043569570,1557049976311572,62522496830425,-47710617707319,-14608260656577,-1562654292038,314918107905,124317496458,3097105583,-1868499774,-222975666,8141709,2310036,101322,-7329,-531,0,1 # cft deg8 r=0
825023657939423487061,-281927498111380164549,-9247803646273926687,6206272346999362642,-7498115726711083185,-1396196333513579016,716823498070465716,180648072158061102,47567546921962386,16724931609246393,2025036243453687,-136462255883073,-35004612844610,1542498705489,587759167386,39765173961,3334860762,435227292,29865873,2024778,160776,4471,15,0,1 # cft deg8 r=0
1478690199428180171,382417528556288718,233479284642886032,92908561256091552,20076749881876710,3196861054090983,2031120007141931,511171074706233,-176580833369049,84809397313033,-6515841933813,-4420796007060,2278138375993,-568960493019,93790564200,-10937701406,1249485678,-134160417,12649988,-1014129,75447,-2588,162,0,1 # cft deg8 r=0
5525501448731835101,-18422555090795407383,36890616115280927988,-34533073303006669378,47677738584134872869,22624683842400899877,55010356341795296810,143157186338047954875,41175273872225958318,87876016764444821936,99110817267385524987,-9583443710039802177,106850351665370106233,-9811835289558839919,377447582464330716,20826713443355906,-2010242440725279,13102924270410,2793520134233,-20049484791,72813168,1785074,-16074,0,1 # cft deg8 r=0
97596109525240290911,44232194151941671041,21512301068903991903,2700673405938943795,168377119983287814,-268680029880684294,-41531196928076556,-12793208923772568,289953559650330,-430541822149778,58177778051811,-1326083958873,5188050204508,278263880910,281404000449,1121100497,5595852660,-28683999,35512391,878319,34587,8475,237,0,1 # cft deg8 r=0
1478690199428180171,1403503717513183107,3044654135602312167,4295037568893330118,2577415793680960665,2239468714766383767,1918013172285264666,2752338634371893187,1192964821447442481,-448783138550173558,38640553803092427,-1662645155743890,207818841121657268,-1624679262822186,680537534052420,31206262718681,-9695844804132,-180114568218,33341915858,687326874,3503052,-322437,-2598,0,1 # cft deg8 r=0
88406460522250501,164437156616696820,274381552740754179,385319910488574600,-3708778927341780,-194241310199893485,114954044393714597,220893294574652805,276494181345822267,174781328647123125,-45299160514618728,-40117226602036005,23844896268122213,22782757280098095,10293081049953882,363640295866725,57605010517092,1571529443130,86287514179,1994289570,14912442,-256590,-6474,0,1 # cft deg8 r=0
20524289094454765158400,-50666105404867058073600,130428035336174881996800,1040447320491787550720000,-1220271044616437303869440,-52302751926058085253120,12917447201800696414863360,1079863515032860126740480,691912042910194701090816,520929977798917730001920,185553159524083639609920,-2060357584578873894720,15593953265874088196811,-184878589901333051175,6509206075697142255,-6905580117615045,231355041768936,36606799192770,-40406998620,5886957090,47504961,219935,8790,0,1 # cft deg8 r=0
400304911050342400,2571476353941504000,19654370732172902400,-17262768992852377600,186282383953982914560,-735913812970694246400,4013706890608248217600,-9611309597259887738880,10002856072380323659776,878715301424895938240,-2633274032228839739520,185487633604798525440,199116584596295848981,-14611859257590837045,586565149705562295,-6004630259411465,-199884714254544,9363808245960,35542573160,-3464933580,47504961,514155,-8790,0,1 # cft deg8 r=0
3984691640000000000,-52315797696000000000,234578883974400000000,-179253236831560000000,-655323440197896000000,890659143354168000000,416625917664759200000,-959188711184992080000,353552870288979504000,-17821598064104542000,-1528349680809588000,140437062374976000,449887421995770871,-21135850254267306,2227550384905056,12482461881231,3457064487942,34485623136,11300421306,-32445732,10772694,68983,4443,0,1 # cft deg8 r=0
299440053442864010011,-247138315997457847605,104743310336442201384,23912060505312873305,-24743129118248644995,2888995399311271140,759553854999038407,-346527468296457690,168894293742665667,-6748592986934065,-12752899437875733,2560202633849535,212543765625438,-77188057952430,7919388518157,-171693439605,65789117772,-488047905,132706254,-8850210,-16713,-19980,441,0,1 # cft deg8 r=0
11482093355456217371,22656863989504562304,17137686040829053182,-2235530614176839674,-3568911480168669996,1679337074193019614,1945975917871096905,-663653961446372550,131704543193745708,2131763275450082,7200422940112653,305651673313434,-70217889773282,9423937874817,-477627653376,-170936978552,11326395336,1131864930,-71373643,-3670083,286713,4818,-681,0,1 # cft deg8 r=0
22918251999941,48377059917924,59239947693783,46902976432980,27368632199805,14156982843960,5556477100763,1102503847377,19077088101,11389841143,18619534014,4992625614,1585100031,274421790,40686681,-9307221,-1423650,1271577,173556,-10098,-573,-294,-87,3,1 # cft deg8 r=0
84409997997612951,1499868256667124015,10052905398854213511,18768742783143888816,-71587692202106222901,-328792185390259364868,-139613884284592249155,1211849284375741121469,1707354105498588684681,-1056976744114444132368,-2659838989097737060398,-135240362039641134501,1618756403742226357927,82461938744314876350,4277100399036573339,19872152939738477,238701413906499,-17560988740701,40995829437,-2244852471,27426393,-561083,51,0,1 # cft deg8 r=0
1909165179443911591,-1189806158413758057,-4565920687409821068,15326916476859968264,-10777970271858730545,-22758826593096771498,120285397691982358069,-181128439535597490261,246873483353756841156,-81215903782026093806,150255900127954975938,14654273639912765604,114990772147632260950,10799282159798369727,411429811191664104,6412133122779222,32201924820192,121231888461,30290085017,457503216,597051,-306217,-4770,0,1 # cft deg8 r=0
7541358758225963897801,-2424522795821379418278,3849621878190258164817,4347499857144028058230,2243185233356385269004,534397736610358831962,557738413296612534276,173402516338181348421,30694778399676011985,2557166639684253234,249037431999752634,25933027913719146,4552473126611258,161786517803835,-3141151242219,-4440611010259,-246656211450,16502395167,5209509064,493370277,14249547,117875,6843,0,1 # cft deg8 r=0
45089234198848636691,22247179734807795843,43385036123673915552,16270196181270574617,-13934794476171189855,-14200838838562511997,-3396766910185595634,2816519897654690433,4406004043363558116,-469797536008488432,-902874141845756523,42480679415162940,61170198260792953,-3436517054807619,-4514036855895,58537432425374,599756489523,-3555073827,29901778768,909813816,17271837,-310958,-7593,0,1 # cft deg8 r=0
488888185437240037681,456365460404287860813,2135231638862030766333,310397048240319628077,979855373446331604627,711165493770046117992,876489067833297128415,453922351727022974640,86580250555227270642,3014658149282791900,-822603639416104179,-70867202091727293,1821018258483647,386247102460620,8717973229953,-1159112030988,-95920935324,-1984996584,95139779,16585749,700722,11134,1224,0,1 # cft deg8 r=0
4503513453308370618205,1890342691848676919205,1389977395508574052695,-93098321686132535520,-130970342817444887769,-66350502837163008909,7527437997324073977,7863749722229277933,2924590840570671255,293045683534611696,-13296264650637765,-12011891437635471,424796662373146,144339368575275,10338182836164,-3289642959186,-24313640031,906998202,3037073851,-63675351,755136,-77139,-75,0,1 # cft deg8 r=0
162375294780979233691,-115691369365243459431,147927465192854144862,1942432556504782242,26028275674952813520,13073196959583636753,-2288299467037863042,-124252951817223411,419315974959334581,63031744683213775,16336526226070905,1454367247738128,186614014384940,13317027817632,996250431069,1141608318,300991386,-470413305,18308336,-1598364,54369,-8045,45,0,1 # cft deg8 r=0
139261665707969674981441,-55082354403876553908891,174182911831141613887743,-34045184873645378658600,-50803889753080974197025,85010507578643686976772,1213761642620566448604,-5203838555315349671214,-1796171133241732718556,-71967416221701933809,2054059611464828082921,-37492340759068328622,335920395487928799546,-6088201709300261487,17512966397589399,6495194650682818,-106351418810367,-1661352216093,83022942099,891159504,2427408,6870,-1566,0,1 # cft deg8 r=0
227473352003581492271,2604658209342738107343,9784058383136048534487,3460330537229325550126,-14468332556052455919357,-7469095046409591084081,9568697395189204269070,5081776288117264139109,1346756229116745954966,681765288667338182575,70164017542661535057,3608346795055047900,12490913257008447552,687963169555021587,37528318052435340,-616307447111973,-179075719288998,-5495071690071,154227894322,7267877184,113658993,905854,19974,0,1 # cft deg8 r=0
5858208522436510754779136,-3307814149505763643809792,852722349951168854581248,-185400059395373118911488,33475483960137180675072,-3616093302323360283648,429763464548519414016,-141631046629190974464,31082394341442673152,-1602368227125619568,-501268585026443184,91580530358269728,-3319461431807831,-437201991584346,44740438144776,-1877352492446,103145325141,-6056375580,190833887,-1852251,280422,-22263,57,0,1 # cft deg8 r=0
5836461284255431,5281473819882837,-1013626573291593,-9673211976306001,4594192461295938,2203854797033001,1065100643481445,64083961083681,-536177729520234,-7030558524820,-12170358583668,5086010194650,10752501026387,-3584944593972,732442171590,-110389823412,9910467207,-941742099,74968982,-3248784,371673,-4114,999,0,1 # cft deg8 r=0
2565339588826168030321,5213314343242950851481,3520887015790716005088,1910249900045688928,-1193769926033283687651,-423548686945824668685,654089620255980720051,291552816057130604682,39267545641497173466,-17611637056307851783,-1675294174466705013,-47544512505797232,906332908808053918,51983261288170485,460485139722642,-65416695404495,-13663087052814,322914697956,70601932326,-4976179404,101689227,-484881,16911,0,1 # cft deg8 r=0
9913329319936,-174055945469952,1012702032986112,-2080702995832832,6021927984328704,-8524423732801536,13246932809721856,-16542133605279744,10728540689416704,-7990827712253568,1438989326812800,-98684163567360,4395421186333984,-1011909547165560,89692376091264,450969092642,-496665368907,46563781032,-2025581457,-9845496,17119584,-91146,-3510,0,1 # cft deg8 r=0
106384094181640625,243133368064453125,234578930512500000,-101623661842500000,-226413539515406250,-61417514905031250,45610524974240625,10458393046526250,7396427205767250,1735117778047500,205923729485775,53773563348225,3132573373086,422067409914,69560690346,-5874397057,1106728668,-153666288,8021545,-1137738,49716,-3126,339,0,1 # cft deg8 r=0
9913329319936,-106992865050624,260797144301568,1971263985352704,-9986215477088256,-8443373727301632,122178210694206464,162029913688032768,430995738760763904,71730844144291584,19419117367668480,4137349645900800,5047432133613424,1316858698467360,177097833099576,10536223618926,809832782613,38622092544,1441218777,60311772,2175219,30168,2385,0,1 # cft deg8 r=0
2012040005621,52718194720224,2613474738320040,-6148109417740776,859678724035014288,536220835468536204,110616002215647281247,68699379902508420996,13038214609969119504,2050822911595396314,429460968778884162,37164087323151084,18052420346163715,1228535655423954,112776637855176,21469127986270,1498652001990,51153483636,6304273039,317773998,7938828,145736,4530,0,1 # cft deg8 r=0
311022852505600000000,-258561166540800000000,2436353202585600000000,2223732761804800000000,2551856965386240000000,1957382772572160000000,1292334046512128000000,659806147909632000000,232713310040064000000,48280980708288000000,4318576485734400000,-221065157145600000,-26363164392160000,13488536259840000,2175206264640000,-19642817880000,-2718480672000,118890144000,18801885200,-481184400,29340000,-253900,8820,0,1 # cft deg8 r=0
409303689199616,1544299581800448,2180803366748160,1048853097480192,-403876047224832,-598775185539072,-207290694971392,72904685150208,134870833188864,25326815107648,-17191908222912,-1328243678208,2006772809235,99123828558,-29114664066,-8500214260,-688373910,27445662,16064541,1825854,111483,342,-135,0,1 # cft deg8 r=0
243445731193707173095703125,-86347626573897975585937500,12873335150080094238281250,-6454819432760788037109375,1895433052929098437500000,-250444517924590576171875,49665880943384761718750,-10488799226426343750000,1155561697550197265625,-92705022218394140625,6117547381327734375,-201412113321093750,37373728418109375,-3731896209937500,33602958703125,-7784001618750,242772853125,19300696875,2857744000,94077000,862875,47700,825,0,1 # cft deg8 r=0
243445731193707173095703125,91075530569058268066406250,11693565709230717773437500,5807155210079911083984375,2866570001119165722656250,407633088253641943359375,4418678197714279296875,6345331805506458984375,2007903803475902343750,-321406333293038671875,-103603481978990625000,-1763752293892968750,1311188105328531250,15669710558015625,-406126201078125,148627624284375,4395278756250,1303312500,6313137625,246094875,1758375,114350,3000,0,1 # cft deg8 r=0
11319822475250000,46396981860000000,97867703130750000,69108152603125000,16054842350250000,1246943458125000,38978432270762500,17754517570537500,5787467774775000,442868708316250,22930831961250,-8332105905000,3082871709875,3298981125,-34391499750,1070298000,479043000,-68702625,18300550,-1628325,142200,-4370,660,0,1 # cft deg8 r=0
1210803836370944000000,-6507189685567488000000,5956326472679424000000,9165837605165056000000,19887546222716928000000,7095216041846784000000,1807388553462067200000,457823098188441600000,241485714126028800000,44242225716421120000,13936265019052800000,2647132345347840000,774558916375008000,50305597762080000,20657605949856000,712738101680000,271830942408000,-235254960000,2985382512000,-2842146000,116420400,2790760,11220,0,1 # cft deg8 r=0
11319822475250000,-25222154614500000,17560186546500000,-2756387387375000,184415875500000,-498259714500000,390505699687500,-170902824600000,-41380738875000,38398179328750,4130508030000,-3841337430000,-270994792625,167376721875,16020829125,-2625699625,-325013250,7686000,2989600,162600,-2475,-2275,30,0,1 # cft deg8 r=0
1808040326197564583234816,-882739453243964018482944,58289100989927174383104,544305149434227625816512,113555250335139822269376,99384881716563051938688,68360942704653434697072,24083647509538425868848,4678990558999356404448,-467857436887526560556,-53751683539868468148,-16529723909687219256,2014207677120528307,112828627694442486,36841269112860600,-106863275351997,62391255358023,-113322280239,110598170226,-286857627,19653750,509915,3876,0,1 # cft deg8 r=0
1210803836370944000000,6181052188065792000000,23338628554752000000000,8152421992579072000000,11218867094095872000000,3979077266755584000000,1799937974931456000000,637811307970252800000,134217639118540800000,42707811282223360000,7212596953724160000,979974219824640000,474252192476832000,6456371757312000,20459461834368000,327332576024000,158487553992000,2705376816000,353912497200,5662605600,74689200,276340,-11640,0,1 # cft deg8 r=0
168913488990348515437515625,-224675875138713195322875000,127741647094814106407531250,-35130902145782227900250000,2637143050754788664250000,1038943995299413859390625,-278526898557075684821875,14470679565575501896875,3402504043171927818750,-583980523854081170000,17980645279961071875,1801005343006753125,662426603308084875,-98962889582539125,902316477385125,299564685213000,1694806480875,-481777441875,-5117789425,280493325,6214950,-46090,-3285,0,1 # cft deg8 r=0
47088037181599234375,51091908280710328125,19805176057391156250,3238333950329015625,851001345829921875,458949566068875000,89832429913503125,5796100205606250,2771917761178125,383149673713125,-151239905733750,-6585127723125,4103452915125,-655174913625,135642375,28787698125,-2555923875,55076625,104502475,-1256625,144675,18090,-435,0,1 # cft deg8 r=0
1275515780928593649064120328125,-519951511627519173707223046875,68185115987027843846075906250,-359821176069196125203920531250,79100287440849313818822234375,-1048867851035579408656312500,27249132285872004541164559375,264505769149481711447878125,195842312275438154106928125,-31225345236511119323816250,7844476409598331344937500,-217388494497235156261875,81189566192287053836375,-2382195567787123677000,24166664261916752250,-229741353172126875,15577601711584500,214203196557000,3440536777225,18003038850,25473600,-1748475,-525,0,1 # cft deg8 r=0
24234142748880591491,-95674083260058969420,177968781928559473938,-631873091626773731675,1919942965262150143527,286546595890095618480,5741993685498251965382,850449931735612171995,136033613931248226198,-15588086762177430295,-992200730601559629,-293962523452563600,48044234194297286,4946900972501475,816306412762017,52906927740765,2243192626161,185593064760,4058817846,105226050,13747302,-23445,5481,0,1 # cft deg8 r=0
1275515780928593649064120328125,-127325143720362259154382281250,-5765006317724539520486062500,3874695594543700922662953125,310638559614349602487125000,-39786592027285951100578125,17823621337745888106171875,3652578579175296507712500,310020161652641272809375,7381394410825262592500,2412770934310110851250,230833947270857630625,38036692299815082375,2951515357011036000,126472373273890125,3766091813397750,164763429512250,2627499231000,73327689725,1790134875,12422250,439345,5625,0,1 # cft deg8 r=0
119912666932601688694000244140625,8166551664861652462005615234375,1532680856530782062530517578125,699174693969498671112060546875,36108003823386308898925781250,1601610257791676788330078125,-360195408969077374267578125,123028253036931097412109375,31219704668200506591796875,-4350585565458461669921875,-298992644339075683593750,54362250190087646484375,-40878023166765625000,-356162734076789062500,14474680940548828125,772609237726015625,-48498956025937500,-216091024453125,62865194406250,276623100000,352546875,-14601000,-36750,0,1 # cft deg8 r=0
752344892065357208251953125,-797652162462444305419921875,155614417979782104492187500,137452160720257263183593750,-29061707374055328369140625,-8817156681903533935546875,1567474337020635986328125,659478747648852539062500,115079522452020263671875,1263351544123535156250,-876631717458251953125,-47234941332275390625,4680681135261718750,25293154359375000,2523611460937500,-763577917421875,31739958750000,-963603984375,30427981250,-332681250,3178125,50000,-1125,0,1 # cft deg8 r=0
236557360841700551,-1625581122724663323,2188574064044508645,5735525844317898098,-9748047998930093196,-8223203436699782619,150264365354651360598,112497450153569704797,58124461198654132137,18077180083440369627,274652554938511101,-898447783270037598,-61140249798080329,3035454062386800,-657356907865293,551592810006139,32389582364130,-1496513056716,1646798745388,-53592877986,457816212,2551696,-41469,0,1 # cft deg8 r=0
752344892065357208251953125,-1455110699011550903320312500,1050276086513477325439453125,-124998534241276702880859375,-117793080038456268310546875,55977504389368286132812500,17609034849535412597656250,-11071899369475836181640625,3241087521171130371093750,-472714437985742675781250,37140697910958984375000,-1512727036800292968750,21844229062351562500,825438573603515625,-63934752515625000,2225609070781250,-30572168906250,-687572578125,40569246875,-1312003125,26212500,95000,-5625,0,1 # cft deg8 r=0
9098586499691902784000000,-27273486815159808000000,3997315806284807424000000,-82532838482196200000000,-43787096572482336000000,-479058620472172080000000,257376268370169486800000,-255198579964294890600000,25911785541948004800000,-3335140551497183830000,9050151694215223350000,-162219836542739760000,2084138297131981418875,-33688493981030079000,4208426448231717000,531200522269232125,49685515503717750,23730702025500,218547000720400,100634516850,736422750,27112355,-15405,0,1 # cft deg8 r=0
47088037181599234375,-77000066853420234375,106434365159809406250,-36734623645828593750,8673040465756968750,1964860942750734375,20061475293208559375,3119658291446709375,89291633296078125,-84304036676723750,1033926320268750,-248087045503125,315708279788250,-16201779892125,769351756500,-232706275625,9817703625,-192625875,45613725,-119625,4950,-1790,-165,0,1 # cft deg8 r=0
3030308468378908935546875,-1816664421199216552734375,518138327050004882812500,-66533988785576074218750,256492293445751953125,149177780629101562500,142878190192267578125,-14363287900517578125,770014859994140625,-142379085675390625,29569282432031250,-1613340196875000,-34544196140625,-15433452656250,1707747328125,76681187500,-2428453125,-817509375,-6928875,3155250,121500,-6900,-450,0,1 # cft deg8 r=0
175445789126656,11243661791232,1434022429593600,-2186207957774848,992540150923776,1437911804238336,-1168638769724544,-592254650956992,954663917822784,-15586704170576,-334142409076944,128836594025280,70117943315787,-38552762182464,6942407842368,-1002783080756,111008764563,-6071252058,774456049,-12877809,2329254,-10595,2631,0,1 # cft deg8 r=0
886450711120849609375,-208463344932861328125,4721218108446533203125,8639947482056201171875,6863992174278076171875,659457771373388671875,2741028260338820312500,-264401079660685546875,350408529821373046875,-35069172207417187500,14625279976700390625,-1331630510646093750,207774239596671875,-16819635475359375,184663655437500,25696010484375,-999332325000,3085565625,383242375,-8208000,1897875,23850,-1425,0,1 # cft deg8 r=0
886450711120849609375,7733331353690917968750,27255038786947265625000,22830893430979931640625,267686658246228808593750,-85922004996332666015625,705408903257112404296875,-220738078151569611328125,161692635584183431640625,-783282311614984375000,198853863564200390625,-17229138477690234375,-2859771299515593750,-176521088856375000,2107614521109375,376874091059375,27507599362500,1282909275000,36721096750,823723125,10656000,-20500,-2175,0,1 # cft deg8 r=0
3030308468378908935546875,-26548606598105416992187500,128078669410695481201171875,35156548455812517187500000,-795145597557519592675781250,-35340268643798196972656250,1648260187882858578208984375,72665039118307935158203125,255489181300852365234375,1515126719417438578906250,120505454898097115625000,1597952997209759765625,507788440178367703125,34097479885731000000,112396917188953125,-83419991747571875,-810565704121875,39716651503125,2658052452875,-59975890875,368985375,-2445775,37125,0,1 # cft deg8 r=0
886450711120849609375,7309103839411376953125,27240377661492187500000,52515751141828271484375,57359979252536865234375,21732860509700976562500,-5922363820738675781250,20822152345254656250000,41509527327085605468750,2555757319142319921875,176997499408304296875,3648393370719140625,74921782778610125000,3348061113308531250,270677366783156250,2363689540593750,-138282683887500,1140989793750,45421516625,-1111447125,-3917250,361925,0,0,1 # cft deg8 r=0
3030308468378908935546875,31710881346515923095703125,339052838866974780029296875,250218234663659723437500000,6302332151846253666357421875,125133844064188968457031250,29581714576889749305169921875,587780128551496942142578125,13101941687860252863281250,3323085297965200343359375,-91244430320976584765625,-13905137333598046875,683343475240497625000,4485454393129171875,120718308726281250,-7162750731043750,-101842432181250,12289554646875,-63114496000,-6286195500,88191000,763250,-11925,0,1 # cft deg8 r=0
26759430824998981878131,-34208026007474505033243,28128786903631585065906,-1200465496362426518862,-3678255103493876940936,-930159372947770105272,192007512469073516299,166969437681959568867,33663146758571624058,-12301503546353232120,-1504335820871606436,67093149180096504,-11642381656764245,-39912985695177690,11488069256682672,565050488583605,-28312933734768,-1245688106409,22674891310,1541816736,29728350,-121701,-9066,0,1 # cft deg8 r=0
532842434796688535471,-1290869993801190676332,1182455213050151583165,-1025406135948051364157,787477619948170803351,-315584890839145169856,260023379498229621041,-91074223890764543133,34519338621107399754,-2394002423161905409,-495379421465867289,373163232455898210,3666904141267432,-4396959479358216,593880223308003,137364690177511,-1558010757342,-87198861087,446320601149,-16794548826,195739029,122930,-14469,0,1 # cft deg8 r=0
137712825082733012771,63987761349689383671,-92151396996710291406,-29432922003073177667,28453247932746253896,3134581288855150113,-4702146513560904377,472528441435489482,295858179954655155,-93346427945765559,8344699101793764,455614360354584,-29716354151931,-42729617937297,6678632134719,268114143040,-61432797459,1698108066,369192145,-8311344,1213893,32336,-1635,0,1 # cft deg8 r=0
139608084752697690821831,45628763389808015557707,18034305121061754052338,7433865914731180549789,1621468204201473147945,308668974204789608904,83379104971656643885,8270673028736725890,1324229268028688676,-52141876698298160,-1012352100345345,-6810069153494592,-339614612628679,-66188086369701,22071875350374,67997234174,102129209124,3525058440,429177633,11399469,384678,2175,855,0,1 # cft deg8 r=0
4857162499807346201737081,5007757387694542080874155,5084078294913478336772397,1947306540485680710496428,349390917316279156034511,119443531403394505973952,-40157178502343749393073,-4247779080892274013777,3670670250108470883411,1545079584505732912822,1509861290114902434240,128584546766185911957,46664445533165710547,3719837681741258784,106446993615879687,-5612109306932951,-224097955219125,-1812902615739,376801063205,3510961923,13890555,-1217579,-5571,0,1 # cft deg8 r=0
2536243421,20196413811,36050834385,-288540920091,-954831518118,729061359570,6299523814105,-5669288061546,3735421132455,881887161434,5575838237334,782344660257,4870197515758,429534498021,814460578110,63837511748,33352290015,1605324114,496662240,12517587,2621169,24205,-84,0,1 # cft deg8 r=0
137712825082733012771,-65586724184086919142,554225825515309020630,527498443801967649551,129702500490136418523,23457288931656380505,381138757438166297583,56313825178486781385,12530100493016305191,1376353420687372229,221255903751489171,14139725339086740,2448364677898205,68840550686892,15624327392514,177152277699,47819472999,1335128310,17924560,8033865,-44964,13081,552,0,1 # cft deg8 r=0
139608084752697690821831,151101957268158185546301,66607746382266522342327,17099652264422503749218,5542921294004372298195,1505139098488840781442,201783810481160475215,31100592986449902900,6357626748177687621,740644842989072110,22622446027947930,-19550078168236119,2272461722930291,349992902297052,80039275257771,-1028013737397,146333873484,-1138172535,6405657207,39735708,983403,-156285,-900,0,1 # cft deg8 r=0
2536243421,21346231725,30921251787,1355787210018,4569111672804,-11393421109983,222075691895456,-387742674815799,212623027650126,-18240967622288,-4177578736596,-1272165918120,579211856833,67608921171,27813380130,-6543724214,721921194,-101892663,50826683,1397070,602757,-347,1395,0,1 # cft deg8 r=0
137712825082733012771,-106669608521580869922,-17530652314692751905,54421804348671160026,7381594113233363358,-3580421050272253500,301932252317353368,361579804352134515,126025041902205411,34200882764589969,-2877266306783019,-1497514770184005,37811887094635,10647895909392,5314007765394,-1024180129611,-56376342966,11447510220,1292745385,-180511425,5072841,74376,-4278,0,1 # cft deg8 r=0
95009296072208400,0,1080584123537308500,0,943603718541698385,0,2524882469611377915,0,-4264424035073048124,0,-1972685440403615772,0,2724517076091020228,0,217266591730694706,0,-5097878023843080,0,30056388823271,0,598485933,0,49098,0,1 # cft deg8 r=0
287219477396192724581,-2688746593456199323047,4260778416713597882796,9357440342917738084189,12595780921910939754342,867928830533045972460,2986520750909439476414,149758004237022064785,657931118081091948621,-859542743519016361739,-178580962277858241816,17863013220234854859,89471627129903155856,-10828721537328621456,1737464709267298143,-70121243174249149,5582254596521025,-40074753871503,9488372831487,-71937792924,140755905,635660,-6609,0,1 # cft deg8 r=0
63754749604581376,-154369641251831808,305139689785294848,94096520793037312,-232304542200546816,35777399449093632,51768473100777664,-25895137755457344,3642345486635328,5745060770921560,-1349181323115648,87505729119864,162731743836075,-49503365651571,5414845079250,-1000119865619,170336734383,-10504028349,2334848922,-193083198,4417434,80816,-3891,0,1 # cft deg8 r=0
58991238716227321856,144083722768176119808,263696210953418833920,80351330143448072192,798032186806436364288,-103453198967255334912,1069994038178675478528,-146695056007756050432,437835437862662467584,-44200656346907458112,13801061446096064448,-1109204248521650688,823982849314610595,-111528889162810722,14825550421383894,-146626451898670,17185028278620,-835788239838,148440484131,-5491046286,68909463,332342,-13485,0,1 # cft deg8 r=0
45367302885376,82447761911808,73298418628608,46293106314752,7683272908032,-18778739724288,-8949885020160,10141900212480,10106039204352,1275643829120,-1971560322144,-872947525968,97829539512,113814880860,21032031348,1056385782,-338151519,-81112914,-2479476,339834,61857,344,204,0,1 # cft deg8 r=0
3715219822735062500000000,-1776801217870218750000000,210754611246093750000000,-157441388706184375000000,23155144470546093750000,9173726025588281250000,2385700406598687500000,-476495006743500000000,-44543529624656250000,-26193384647993750000,-852753032681250000,67554224732812500,116680434863562500,6645260466281250,3379712336156250,101692287637500,37459592728125,267769125000,246914218500,1793934000,7899750,413750,-2550,0,1 # cft deg8 r=0
45367302885376,233917309827072,3079890069543936,54631175815358976,-821522435829690624,-84881182111213824,100287057759621814528,10288569009143860224,-109202746587622272,-823818501823809152,-73101862985920512,4061786842284192,3359202199892152,54623317124292,-25420350614940,-4662810604106,312688160073,22779107082,1061636264,-324158706,10892925,-52540,3024,0,1 # cft deg8 r=0
5570954485520687500000000,-7958670414405000000000000,3957625383550031250000000,890356472494526562500000,-1837608567901146093750000,508511532792325781250000,396195213301753531250000,-175509841680318000000000,14237931461593781250000,14711287294613481250000,-2038783907177226562500,-94079984646121875000,141796018469257000000,5060945821013062500,-39215545008468750,-1475223049568750,85669776515625,-762272381250,8306427250,1039844250,24728625,300900,3750,0,1 # cft deg8 r=0
5570954485520687500000000,2465018387610093750000000,924956578471921875000000,65811493024489062500000,200426035705399218750000,88839174224995312500000,45198697631557218750000,17246970978932437500000,2470572461232421875000,689618442522643750000,128764203206503125000,8481015640800000000,5566629661867687500,296535498410531250,30924932419968750,244372723562500,47801626321875,138226612500,34539851125,5031750,18702000,-16400,7050,0,1 # cft deg8 r=0
25256776794722282704896,61882344967783968239616,52848510165387165164544,-13588319351574222363648,-41113753639328801652480,-13570705708373685314304,5475622923768844991232,6427923660129108783744,2166231849517957673088,-1021417347436760344320,-639406804654397554272,15043301413988863104,71100283873719222160,-1912064223179171820,196896041852823144,-1033732018772612,-120475569466419,-2032220453742,31953857395,1430868582,3448530,-389450,-1518,0,1 # cft deg8 r=0
28856535277561371611136,-152620397243202257344512,355436768533829795297280,311431759057795535032320,-1357901915311786657312512,85344580124096398739712,1330336394187987121440768,-102100758550987685815296,-8902832506518285432000,20903785707973710864384,-29163181931370394848,-190242419224997881584,102126589099024441520,12902586541154359044,499593601730042028,758496522029284,-376255114989399,-6425833159080,55840111345,1371384006,7406730,257192,102,0,1 # cft deg8 r=0
3715219822735062500000000,-2386492757590125000000000,613823907987562500000000,-50500854445821875000000,16377247198746093750000,-813260600753906250000,101670244876531250000,-117065230516265625000,5373485902828125000,219650426534375000,511773075562500000,71274374943750000,9508462278625000,1202409831937500,67407520500000,6824338337500,487000753125,10612575000,1895253250,3580500,3278250,-12250,3225,0,1 # cft deg8 r=0
3413284433480171875,7214949508452468750,5913733873621500000,1416937654729546875,-1612205815663312500,-1726400852031234375,-295100204764059375,303725217432993750,164610478419581250,38942481173422500,38905822757116875,6053095233973125,4664471989597000,631942413037875,227275071433875,35429345849250,12294537688125,-296927643375,289170804700,-6629259150,44905725,-1056105,11265,0,1 # cft deg8 r=0
3413284433480171875,-3758187166344421875,3943581774800484375,-2337156231575296875,34644396696092625000,-16786991712729093750,120752871804924059375,-58482600905997384375,7044552743213840625,-563523360990250625,281950589161245000,21828284907401250,5252367886321375,487342858302750,53223878007000,3542259890000,380068847625,6729490125,1331146300,21157575,759600,56495,-375,0,1 # cft deg8 r=0
3413284433480171875,-1989263898137203125,2190295738989984375,-9863695318801609375,2739892548452203125,-2308453140386250000,7142535587854459375,-1698737848182084375,1620031524956015625,-410325710601960625,-94239299392076250,37639534382325000,113619932057000,-1296743786818875,111103013644875,15200542484625,-2171718023625,-47435533875,15003920375,341982225,5870925,-35200,3780,0,1 # cft deg8 r=0
3413284433480171875,3227984633258156250,579422592721968750,37352400522757734375,1580582975560921875,-5323113210227765625,121838731067373662500,-63734349099936656250,19350812025211753125,-1285032513409700625,-206701830311973750,37663013912855625,-714433314013625,-302172210261000,40966304269500,-2570058468000,-54919716000,5584224375,661422900,-41212350,1224900,40365,-2070,0,1 # cft deg8 r=0
3413284433480171875,192882450534093750,-8864764097343750,-33261304892265625,-2772833370656250,4853689820578125,192788751409375,55853903756250,-28084650328125,-6950474520000,768957356250,-72893508750,61522976750,739864500,1288607625,-415631625,75254625,-21534750,3225925,-415575,47700,-765,285,0,1 # cft deg8 r=0
17634658937351438336,-5157783151539388416,3731329837499940864,387181339087994880,-118812005200035840,-143892016357441536,17523898918633472,8288948454948864,-548458654334976,-346273576419328,27986549391360,5974639792128,98939080448,-119054067840,-10418461056,-1056977628,604351545,9347292,-6492520,-146004,59202,-432,-285,0,1 # cft deg8 r=0
148534629155796875,11429282997703125,1150460595465328125,-321315177687984375,2131086709902703125,-2113536798869765625,2731028546534421875,-1442139652060546875,2514642230231156250,-284139805368927500,2257667309094114375,78811393910011875,618946416710695125,21786741430518750,2603126339615250,44204520168500,236061480375,92209178250,1997412525,-14113200,2862675,-12855,1035,0,1 # cft deg8 r=0
19078357013201984000000,3145686390948864000000,10132635683090880000000,2465138034402296000000,-232544573951976000000,677581100721864000000,3713394707808000000,-18251539908972000000,15559438898354400000,-1012778441230520000,-55529489959545000,7472972698425000,30268351602425125,-1383769374034125,121517251992000,8216694792000,1284054311250,27100048500,3399882875,49829550,3973725,34525,3015,0,1 # cft deg8 r=0
148534629155796875,1230160330757484375,3836805473739515625,7212933532717656250,14109781417073109375,15410668556481328125,23746399119150815625,26156066452021462500,17984062585490400000,6093901921927448750,3041099574061723125,108840202407281250,613515672203657000,21713518878868125,906439422591000,1805688534500,-3828436590375,-223849041750,6079540100,542532750,14525100,85830,7635,0,1 # cft deg8 r=0
290271047189677671875,-247323697250595468750,44290595907541687500,30876679084024687500,-17767295508564421875,2152212372942609375,1542493941958678125,-600536141689556250,71951946547556250,41648670427550625,-7861330548420000,1042336810237500,486113316536625,-81507848660625,6118201638000,1949175070750,-433919475000,-4407955875,9373706125,87818925,540900,177870,420,0,1 # cft deg8 r=0
290271047189677671875,-265953827000243343750,79864570846376437500,-43622675928631656250,26481194797169765625,-2719741452304921875,3563700001078125,-906805912207818750,49268049374081250,80486801433958125,21007584334751250,-7574051151596250,-2879418308322875,-381156764153625,659263419126000,10655287662250,-45744523545750,305303959125,1382857662475,-9191214675,72533250,-2340910,9390,0,1 # cft deg8 r=0
290271047189677671875,119428913723743031250,94494933033542578125,5452944094220937500,14291513556364687500,-1132301804142796875,756034337808828125,-598826418492909375,32476010217215625,-36741032055776875,17643689680875000,-972282142310625,1148156932648375,-69619409833875,-1361078723250,465378640125,-39581338500,-1892805750,360843825,12828750,117900,28960,510,0,1 # cft deg8 r=0
290271047189677671875,-533351522357897718750,356864056599889828125,3244403975138453046875,-1661010359104506187500,-56244845037282750000,12146857439545564521875,488871069099894834375,50729732222143921875,313501850182651466250,-4979861631147086250,-166490915605560000,2174211256090617250,-90107883456270750,1152552893132250,-10156676278750,-3541709263875,141526616625,1003822250,97681200,2875725,30470,1035,0,1 # cft deg8 r=0
290271047189677671875,186328423191564187500,56739886422425718750,49054839125608953125,36406554106605187500,4004714026753875000,10185138653981240625,917006760728521875,242128460906437500,18684221124263750,1913195363231250,80978686768125,35827250450375,2083013892750,326299379625,4251456000,2671465875,19221750,17319850,129525,74700,-185,390,0,1 # cft deg8 r=0
182013464767251926336,-190008777133204651776,342731204468197383168,264821832777159505408,10276321368348478080,-32479028801183695104,-9828998439514176704,129123413646306048,573226401449102976,109724843015953792,11221301597661312,888382688479488,14861951783360,-7425908860704,103062259296,175762805504,10092352992,-810853632,-55192152,5247312,405576,-8976,-1080,0,1 # cft deg8 r=0
11247341506816,-66284057038848,95631303462912,-1181332300134400,3772909021837824,1361303617761792,38934095677946496,16217802340970496,14621904700404480,1538526631288704,621204238443264,83468675390976,13242688854768,2010194910720,210161399616,27508715616,2099712720,231453792,15181704,702432,106272,-3800,168,0,1 # cft deg8 r=0
11247341506816,-10421532739584,35531714423808,-192054509366784,-330234857598720,1116266548271616,1259622054159744,-4170517289865216,2849398159585536,-345070172733824,-164536177256832,39816242346240,551814418288,-954739678848,171656680320,-1739388448,-8413738032,833173056,153168312,-19228992,669312,16384,-192,0,1 # cft deg8 r=0
619657724863946912756,-1352543006884508781744,981540243625402296792,-9446240728249077066008,-1506784272754005482604,-30304070440126728552,107967761824322847893684,27644509897079094522648,3054559844809085692644,108856165798492543584,-9238184915945300688,-1248445175416626816,-36609919070874842,2638999863028680,298034556864264,10479499907528,222793586778,10392350436,1003863666,28545588,1454598,-11044,852,0,1 # cft deg8 r=0
39859990582961,-11485414549776,32996635095648,-2170018581232,-6581006589555,4158029778936,1246936437016,161533288848,204618851526,22548992912,10914994512,18881589168,5808675145,609031416,219870216,56925344,10495542,2587248,349168,46272,11421,344,120,0,1 # cft deg8 r=0
1104956282625270196,1672317890958394680,1078281861939552996,681718326397303624,448806272387698434,97872087128039928,-32682495966855830,4399079508466296,12590564508708021,-1142347962640292,-681443899888698,449561341501416,75545527544992,-35549639683380,6288316876674,2139270137768,-369104776986,783533916,11715529262,34896816,10080558,-72372,5916,0,1 # cft deg8 r=0
6235109672000000000,-8485441536000000000,7994169532800000000,-2491717342400000000,496260437376000000,-50803245504000000,51908599203200000,-1542422603520000,1836196775424000,4135840064000,103780972492800,12921695769600,4243311587456,438945802752,80740554624,6055504576,814313088,48995136,5449360,170784,43776,152,336,0,1 # cft deg8 r=0
786402367625532358976,-206678202761472372480,316700952719585360256,-823695163472948096,-25863846337795293696,-8752110753411412992,-3211934331444524160,900332628093900096,414269562535477056,68746132898308608,12417732731940672,-6936285970574784,-500278447711328,-274773777811200,30453554780784,176433091568,1625101177584,-53342568864,28471262752,-904431384,7373448,120088,-1464,0,1 # cft deg8 r=0
1797453185296,-75481977362112,846797254417728,-6518666199366432,129356520346901424,-11106036080152992,5984647023473741360,-449084713106633760,1223170294847353488,261372914461502064,11765520756407232,26797009826679552,12757974562910248,-1625186228173056,1207402846731216,-72810886154616,33216773325636,223623232920,1307461245468,8697921696,22830408,2021076,3996,0,1 # cft deg8 r=0
965438286336256,-2536417270523904,4885876066917888,-754855992918016,-2390366337048576,850087268218368,285595718624384,-79556478857472,-7885944827136,-8903512336256,2293652411520,-69889340160,757091444384,55267572480,3931720416,8505713536,632260608,49387104,26025912,2373072,175104,9048,720,0,1 # cft deg8 r=0
5708298935255296,-15635173663887360,32736336389231616,7116161258593280,34895025747579648,-6981500302525440,43227407827988096,-8436537268642560,951520234485888,-293934700615040,21214643928192,-18754378836480,3925935855904,-29012805120,36220127616,-11035167680,1047696,8971200,27958232,-673200,5688,3800,-72,0,1 # cft deg8 r=0
59166822174613933,2967859593165600510,46303483714154945343,-687981717115476542876,-7949398410038496179613,1404819173425650797178,4139187738089350344203975,-723462703703071664918586,32962777229231071424982,-496589217702177882178,107683138999164755208,-5093656690993163748,659719186167031302,-12988094095622412,1314627074372898,14174839249402,4630367685333,60392032038,8805290247,93001584,221130,-123630,-1404,0,1 # cft deg8 r=0
607883201873649,10177026720003468,85522715965462815,1587288954883111740,17586183309146041122,-8240906489279368086,1194762471430047859196,-548256213168641008512,131263798835101287420,-17092998427585349932,1842062787213120186,-182549382857858250,13344059240372991,-988386213779874,55318622792472,-1730748711250,140278174179,3141979542,-55915041,5108766,-183105,-2782,1014,0,1 # cft deg8 r=0
4084359788783562037,-158034622521750588,-1746333273092916360,-370010810974046958,1000114898032843749,138826943792596368,-268377519019444143,-32520855374728848,62023842982556598,4064205388461840,-7194810456480117,-292075411672764,694324729552526,28337324663754,-2425664380737,-693474073848,-66448938708,489598092,239919123,27241452,1423821,24696,2283,0,1 # cft deg8 r=0
30219410179747737,72068924058630408,75411425583563589,1947264385665924,-32082312447772704,5848984053419364,10086830530246691,-2886402612716610,74515133964726,854569324089416,-12611187108195,-7829651327004,17415576041371,3595791603018,591175616895,47590213788,3616589823,160753932,3470378,-507534,82647,6002,-342,0,1 # cft deg8 r=0
245848858128,-3954497358240,77082836802768,-16199379651456,5639326974492912,2511312086780496,114309917535045616,50319652153151376,38158440148087920,-3142915707774768,-2271362204737680,-3118440676146912,-284351014567220,-82024652808000,60627733800912,6446654991528,4426018786860,115779348,107066416972,10795032,6382638,616728,1662,0,1 # cft deg8 r=0
11848536144,227677197600,3599067517920,35106177737376,531168662650176,295478645172624,27462290927010256,15390973202341056,6401621175368616,1492690509460120,423161928953640,101001799259280,29582476949328,2580654355656,1142591852268,-21719507688,14177419728,-1336920228,376674090,-28599168,1073304,32618,-1128,0,1 # cft deg8 r=0
201203401840819573,143955241267642662,942632378636970996,749125727030372744,557565701817425496,264121965936626148,154694044580561798,45986469923995224,38343345536237157,12583427563984420,3454730114737746,-211015361303136,705270499640031,-48282713570286,3771105997815,108707180504,-46475266812,3241292886,99128718,-14843712,341172,19032,-468,0,1 # cft deg8 r=0
9646628959159933,28358856370165308,-33194664892797291,-142938463332724982,-201532001074989,179526118351558680,98929774314186569,34895523036980814,-76812842293892406,-149845336798614522,41178705701376204,-2946794805961344,75177423894934088,-19041345276135000,1312183398759948,39912470633802,-5775107815893,-31686501132,8887419671,22670778,-127530,56134,0,0,1 # cft deg8 r=0
9681307798649574893,62128025254515211758,124125021948175105104,4880925026705829504,-250322483755024664334,-140422171117224424428,212214505377537633529,139613429108476484148,28166004212508513702,752506065261196246,-474073294361195295,-56284371970442694,3195757960633494,716508573995652,53560210274433,392560648032,-188314067613,-2514345102,331565404,-8216394,-110637,37138,48,0,1 # cft deg8 r=0
235037408593,-5042014764072,13094421276807,319795823675432,1386549048007032,-5506399914001974,-25811586487811254,30054348270650652,129405519118679778,28218744310850938,42489621546670389,-3146997991878468,79958263538375508,-4392965781002214,48767580980937,-553085762264230,1394127660315,94197993084,1784246416641,25370038824,120996018,-1816464,-21060,0,1 # cft deg8 r=0
1328049490291927051,-1122351015450160551,-7198663250245896,724881334935963073,297754880467602690,23535661162018599,13278327731274802,13377836809100451,3906575688762153,400816985988870,20466202090833,7982082599076,2092742690905,278252206410,24603415794,-4216247908,-545574714,99744822,-8978025,-1804527,226305,6225,-738,0,1 # cft deg8 r=0
3202135336363182241,-2603220012771901644,14381994524208714612,-103769495754726744833,190633371638184070926,735039936612300486618,3720321770543021934629,6667278329367576112653,8324752813991521693434,4353984747143630337919,1768813967590924464717,257067071272156833144,1381457778851137243973,273053422803899714400,13560840459992363499,948049536739248343,217540212161069748,-2307637217721474,2548312811131651,-26003408694327,66822887943,98264721,-510798,0,1 # cft deg8 r=0
3820158106523427821,-39568466401692801408,113259584991592059075,129255490697261769072,-1024239863916301544274,300642941027089091196,3098044345866618421011,-954471331886281172862,128799309540693141909,67329935446656389259,7494799094522425701,-89940305292999255,5649564040228151707,-295870676924370324,36813088817020728,-1892441025938231,64206028748448,3627194308542,-64707600446,-1017218349,57982734,-241165,8661,0,1 # cft deg8 r=0
44911268435858422001,202594686690715146120,905779937523303250488,1933498313928898643519,4191443836355300289258,4786756427492514681174,5146920974800259889906,5393962969157378461635,2047415973902671497948,-1418921407114294458229,-1072004216194640353398,44941806070008928011,463682259126722580121,-20036428935884964855,1360078214637658077,-73565560880027837,-7033847479116762,74325282278076,19746884993528,-198429102378,738616239,-5348706,52104,0,1 # cft deg8 r=0
59815673318453125,-108816504130359375,37422230662546875,-4977373295640625,10595331300562500,2089393041234375,7516565301040625,1141866445396875,-95147421778125,-74749638689375,20360076345000,-5640812251875,697486027750,-17034238500,9419625,1420643875,-38970750,7248375,956800,8100,11475,660,150,0,1 # cft deg8 r=0
35515541417464929731,-927609625438784902476,92165067051741425521899,-3492021107623324190067,3527074552490270826885318,-482335921677873857170077,39250700988166624177798754,-5364283285400469043128495,687404017082681844683517,-43469223679830451534314,2031789105737659724364,16372574670580672950,180181343254278513,55785090482199426,11066621718530088,253639706066897,21597505264542,201580683363,85839483701,-608886627,54786105,526390,-5382,0,1 # cft deg8 r=0
16548631503828552553216,-7943714451863113397760,61869735209583146850048,149721738299175546440640,220531010935782464702400,269130619768259370147840,167375975040903294904496,92473344007560368400000,31757888179856327729472,-6563149222157761731780,10833764707549428919524,-443688797371284920700,8281538086702290963997,-343046074585854471165,5596490517548973471,-304729290713844840,6578867995934337,-52697558713050,2592256160818,-29311395975,113076783,-1477885,-357,0,1 # cft deg8 r=0
304147273971484299451136,-5675059323402234907392,-44262919276218861030144,-122126884229378063591808,19162823760808187997120,37727353325427018018048,25585407688517896608192,-36922188276826992336240,15671700131181257778192,-2536695506833711588856,61423962199997230500,46111978636210667736,-7214562580609287251,-274356073881291294,201974974512533532,-7898759837879314,-1486444036785153,-7374310928784,43767358838417,223321805481,302836356,12470108,28998,0,1 # cft deg8 r=0
25486002620465234756682496,-7990572618569683612863744,1224962282736804710211840,-1088545239366943512435904,288963396930328106964480,-62843106805734796545600,23537025340568522795888,-7366915847015494597824,1836292566327229843488,-335271784418637321396,112052546160437073660,-23520246668246353356,5162032706256764331,-621891166752975759,87967166324582871,-3112308850726853,192120741010200,-220131979794,3538287564308,-3351437568,18018225,-1155227,8388,0,1 # cft deg8 r=0
88399858068562880116311296,-52753314428741493115696128,9349184146833696019177728,349656214517999702343232,-321092437532847602934336,41935315012411385138112,-847617525908744451152,-1036750136225307398688,230972821451410630608,-4933094643585328876,-3174799688394923208,306867487276541880,5589160140397659,-1931425638370881,203457325636971,-2386238762949,-245368864137,30599465481,-429480947,-28732920,1911690,-8253,-462,0,1 # cft deg8 r=0
9598475900596746888898816,-12880489835222712207826176,13278568781645654221511424,21084089053406931028928704,-15455862929700564571303296,-10190084045408541858694464,39394522018654494625864976,-52930558595437365977565264,20679074856778202513244288,-18237989118705713736693500,9642164158904317163639976,-106622667810231879030408,3061262175227886302196015,-34038495371097021000795,281788269847154055063,-10985743018047402900,-13854511167222903,112946860685322,44515641589230,-241402068327,1430924535,-12827837,14361,0,1 # cft deg8 r=0
168043084252745270045621,-295606654193558869052181,375085000009326776802684,-382358684739605498614222,367897204063821206658435,-267723388603547150511432,179381891580059915689554,-103502769107038163111433,54512193744087694187925,-21196603213239038145180,7707931631917463488218,-2328431008573947945144,320551912567809775879,102534776479897175103,5465584498000520892,128312242547278010,5876354142609180,61226117577021,1593814406306,7572545781,-11722890,-2454926,-9804,3,1 # cft deg8 r=0
725690677209627722664775,-5918902457619810944356500,16234836187535749635053400,102912863058181560828400,-79750671844070381665150530,46792225690051654479247020,202248573576574747104794505,-125297659106229280407636240,79548003685796669349930846,-5899862088696203384702220,13396303740402383007301743,-226935350919717069427380,598795481563919350176810,-10141432124299179445935,-67929836744948643792,6350413896821973460,-3776400528752526,-830473528625820,8838769186307,188842756545,723830085,-3793190,-33093,0,1 # cft deg8 r=0
673772881869052989077021,556895178608557859850219,390120709761338291257797,183907060231409724625966,172925871434918375816064,62160980365486943122149,34622016483643974607871,9555909444924340232493,2522803433109861225753,198210966330772492295,24742773458108283138,242947550013256242,47918584672330415,-4182184128080457,-229219022072790,-3374100352857,-305392444002,21470477742,1603752243,-12678459,-272421,-73008,576,0,1 # cft deg8 r=0
214684804301,10274221708047,621358068814560,1678779621351063,-83237824456235427,-3006497480633163,10756439904305422118,413409140910972657,1268645533740639549,-191906733153003363,-115139375104253412,7977303581247693,2029164488194565,371705500138752,-24690418998516,-15053676386895,140209958475,8580536523,32166308211,-1102413474,9507573,152883,-3150,0,1 # cft deg8 r=0
82269499624961,-63636438416529,84336802880715,-4311651618232079,-4949525486140587,-10365213901747914,80195390503374982,166992865001531184,345099382534846764,307973210529948436,274071638029585077,125025337603018116,38209523976567095,-25837268707789149,-14724401792489559,-10378556811637025,-1925535203959080,-1308438192906,970787254045414,660059549667,444868758,-38345991,15720,0,1 # cft deg8 r=0
61953405214064621218736,60453944321248432882656,28934625681701440555680,-6778574157634949977032,539899754388102181248,1068193252112091324120,793415518481673256992,-368744927233016302380,68348029146089231016,8724332114109720248,-3242630112080304006,375507848208148470,2616224647321675,2527805202507879,418898849773671,-304206272973693,44534430510264,175238756325,659846664150,3146609985,103304016,-187373,19293,0,1 # cft deg8 r=0
14985234715446155931376,14307416630469079800384,74829970584523208342160,40442564417955131080904,76621003241665238806344,25268411122039138024512,23403694027180194035432,6245585217790653098016,1919693659729631221872,75881904796152859064,36018889127711285784,547596884379669336,860279762096333321,64396526210757270,4248109780459263,-170184106347148,-82447303556175,118031425488,292244108857,-326639808,11616687,-505218,-5466,0,1 # cft deg8 r=0
446158772080957363636207616,2769035897370540966908805120,6502623924230266656297111552,43780042848732653453177320448,66140921693694133354098586368,3205683609191905794982797312,1625210841955617824644630057984,-23302119297623320391538591360,152896563768838859796483047808,16263081694106356976013643328,-332816713491047556328912032,-5061300192351551475055728,32582559565049255553208816,377026236187085278345860,2074949948472954342408,-19823635839883055404,-86180532647215287,127386853898328,35650422813442,238079268084,455692779,-2584348,-30534,0,1 # cft deg8 r=0
47818238423213731,370598389824788136,9970910871394521312,13470979439006639451,10157377600118081322,33786177213814153524,28483153163478058220,848876038818616935,44884423605220309872,-14836005100567931085,17428360716313963914,-4536483382026101709,2555552992868370197,-383496458174532360,122315526042461397,-2065987736264484,-839161983954354,14823688564557,1928490569986,-34734278223,281158227,-2628342,13551,0,1 # cft deg8 r=0
3987103680390728336,-20479384470775947312,61146170169245129016,-63130832996115803618,85903771238276361495,-42093703901421761607,339261108694210314767,103722641163757053300,407899919427170097942,116736888073892340964,37524603261273265335,3536367112101103776,4972957463709769979,507949367917922346,36786001045829832,2131832234851161,97990852064472,2939048225541,107604570922,2333899701,90221301,173488,18183,0,1 # cft deg8 r=0
47818238423213731,-3553548234252198864,89175183881210222895,65049959788687362335,-182414778299060167047,-149037582536654669946,178276242232170840487,173687831255632457952,72246209434450788825,-6470810489276450412,-5914025272887415767,294556981303778913,1227645458778486200,428362294272431298,36651102600251502,-9633146068091418,-1791888970620204,45115978612050,38743038979930,-937304554842,12710641140,-7330986,224403,0,1 # cft deg8 r=0
44834624717717094656,120988286866459113024,-133767063611569007136,-907462460858269947928,-1752637716399645835089,143664227740351400247,6477187741386821038543,10993838950255508082243,9960238048440978549090,-2536389691328705514281,-6753930180379920250536,-745914205435318187634,2035288041853079244564,234687987524974736247,11862631569215318049,163871245705829605,-9792565463521209,-295372119660291,2753107800905,145480132569,1113520293,2474679,49890,0,1 # cft deg8 r=0
16541885982982351129501,7725403725770980480440,2612400865316780514372,4897499972700251904680,1628959159979880853740,379345121860389618780,388929426181216156224,74910742631274896145,18192330608185065402,5416694096967996060,1017519120618881736,111488429733661035,8341967273549572,632580275416785,44733828862809,102359721945,-210411868908,-8151152490,469367642,28929555,357723,-45350,-918,0,1 # cft deg8 r=0
16070838234025,0,1710350403990750,0,-447371349700852755,0,47968708782779820080,0,3141936878075366207616,0,76746176755457124459441,0,430367209305832119834350,0,49473673328261445309,0,32877938978744484,0,9026861348164,0,506661525,0,41586,0,1 # cft deg8 r=0
990097828272400,469356442789800,88205123584800,-3990951157900,6096040731705,4362040235925,1301067969905,307368986460,246826484631,52890659150,-19609836279,-11664947385,-372015615,877620915,179827119,-17430495,-3261471,54225,24719,-5760,1170,640,-9,0,1 # cft deg8 r=0
1809548917026221961,627510636706997493,1132587929878105446,454238258007238749,458115228735156441,181782445538518074,109751537977663338,36183822799487346,16738196883934338,4418388298105677,1579149566053218,307455397568838,91881309932512,12260156496153,3208317126210,326116768066,68336599818,7234773318,910879449,81243561,3102525,14045,-516,0,1 # cft deg8 r=0
11435265846889771,-15878553985728252,123237948940452540,826643259164700504,-3806392861038178794,5832081510343537527,28688696056752237762,-75170400991144389369,88964724098927885868,-51519305039732238807,-196815625044936500370,2318639807073358854,393289963780466259250,-4633148580842433087,31656576193897896,79546685955817122,1091830331520675,137450569545,48844600417808,-23855552811,425929050,11981889,18219,0,1 # cft deg8 r=0
103034813780852496,-1654281176814798408,54735654777655344480,-78893559133529185296,-882718140854535633855,2102500799268941047473,4173517083976477901028,-13434645249921979600371,11807900503255356555042,-325436386041850340106,842570035799289942951,-75037073674121226576,196382820937038093835,-17226968779011058536,686610906372347382,-15564765941256701,-66000292325028,2904894252855,235006204486,-4826428206,153283725,962472,-19767,0,1 # cft deg8 r=0
650407261991631381,-6234321753281720817,27943423107788607480,-93690783733591793421,287770756208172066171,-656622669288688874523,1249538151093722592327,-2516601344408215003719,3841274373715359638928,-3873177808197477440832,9235354598718403973490,-1016433389254674894336,9313356258517948933205,-1057799325483761384277,28793891938766958801,-326647393307236638,44706923500658805,474576553846845,22110238548578,183419533314,2853126090,5377869,-14631,0,1 # cft deg8 r=0
207290368,0,0,353941504,0,0,1003173952,0,0,-82590552,0,0,2928289,0,0,-93958,0,0,8475,0,0,-138,0,0,1 # cft deg8 r=0
111185776,0,0,59959316,0,0,14614619,0,0,1995107,0,0,171876,0,0,4923,0,0,84,0,0,-1,0,0,1 # cft deg8 r=0
207290368,0,0,-123003904,0,0,71852848,0,0,2181364,0,0,-184353,0,0,-9376,0,0,9709,0,0,166,0,0,1 # cft deg8 r=0
3238912,0,0,756352,0,0,224400,0,0,388548,0,0,73785,0,0,-7466,0,0,527,0,0,-38,0,0,1 # cft deg8 r=0
172549,0,0,184937,0,0,112713,0,0,23474,0,0,774,0,0,74,0,0,29,0,0,-3,0,0,1 # cft deg8 r=0
7366827433000000,-37674974568000000,-4651647339150000000,30606434648662768000,474302396253285432000,-971546017156246224000,-17716820828781106615072,-22641152011948035925632,140690207005947065007072,341522382518654445034304,-82844169467836050992256,-596820757649122789348608,-100625093744382964714216,240316527875557686471072,38014365780435478662144,-1824812812209654239840,-437383691599473719856,-2923735832937401328,972267590210876156,6702374258376600,6909764241816,-3752772676,-5960520,0,1 # cft deg8 r=24
5687121926434081,20122297237367388,-1559594634899353794,-4820108767966183188,94807880456844400713,122745664874844537876,-2114018044235576558982,676995072006231470856,14242230299211914833281,-13745217925993888246696,-20723922916541876331972,20738266151331770521200,7373281381773035795850,-7705995781323314306580,-634361828802450381486,673410773285632099060,50898221469855725763,-1310379931840395276,-28368419895525814,538157832965280,835198668000,-2580825508,-3974652,0,1 # cft deg8 r=24
289243308207448501619134464,-163393208170871275884652904448,-4841936331286987123553880096768,1036250847301943769483585614671872,29109990581419270421987040261722112,-32811980525163706943436167885156352,-399798852372184184977385467924822016,412127453829327871374149077473921024,176655132033089203307655827675504640,12986409041545340465474368646216704,-707271369559586816491033164029952,-81800389114968067446545240306688,-888038402129104369616614988864,50554624588395839104525823232,788301907433047953337171968,-6061859050153817760903296,-72774286627587493319616,333001515361130557632,1501038622204145888,-7428599195065728,7485196390704,2723686680,-5433360,0,1 # cft deg8 r=24
16677246809750945952810857,-25458501964608612187814064,-825291744085668804497111538,273681863518400651571579280,6713226762619684303783914099,-173989930707520898851644120,-16570539275639936370067831050,-210808926070809685568757360,15691353894147793136853268971,-272792593863936070175986364,-5075541576772659093459530550,303952818515896261829524932,59169532948865275101276672,-3447432604294500963928740,-48059231000682818812878,1376266913369321133640,13209864144217609419,-136806872028270228,-1297833409818432,2615496141792,33425494542,-13233500,-315372,0,1 # cft deg8 r=24
957387994405969,-22496797739273340,-2570364986035205142,2342906652607098676,712282954449305402331,-2887012043446959167544,-9810721109697672803170,36166412253772753219596,59286595418373381393069,-150524559898555239740980,-177807894009741034655280,228181784123335004786124,220554554713045213947582,-111509839673906835295440,-102484100369064334451238,14225700338721162432292,15282118556079079401327,-78383548696701465468,-477912687467622325920,2438925236619367368,1150924788215676,-93309943056,-69650856,0,1 # cft deg8 r=24
-297278059068100831000000,22915860869052422712000000,-348889710944023860996000000,-3400810770069790313886048000,78588512390525651616880344000,56116528745119164366361632000,-3210245894193168058581728834144,-2256399647490152324731970646912,-510429141094283956992990616416,-23364726489972658524125397376,5837275111405344173398790784,654824349629923538584532160,3711620535254161173379512,-1633294101787474393448160,-30041219323341814048272,1590733375853402950512,30341030752042462032,-695597130930969792,-10723422135873236,103376806949328,1390210140456,-79227220,-5908416,0,1 # cft deg8 r=24
4069397996251171777915456,-1689633155897173454822400,-159722603686225912556044800,403273992694266078157830400,918012780494901164275526016,-4259860863919957560152810880,3581913925155072058736199008,2491446423381234543832785408,-3518588084851413239916835872,-285373164552858123506060800,993831622772278897568081568,-25045452384343370795317824,-92373814373280144440784664,2619228788059649855461344,595625766812317697732640,-20694762902132299022336,22904609025516478344,2090158024998939840,-6333144274853836,-43405718795088,149866443036,255187676,-1022580,0,1 # cft deg8 r=24
215233994504312833,-159090411642632453508,13367089511422372395306,-16357503114445369318708,-10342226660261951486894457,25656523067136134799603432,-12316814461350430797336928,-11792928889883284601986584,10839795258000509541375453,-497686052743274070464824,-1467757598700904100940084,200528200735387667116128,80242240706716204611320,-9749503014591366571440,-2301093813084374538090,132037888429592593364,29768336850405283305,65786019336501660,-74472878018074654,-172334388473796,1374613490520,1791833612,-6275412,0,1 # cft deg8 r=24
38770573625792064000000,-13672490518187746560000000,441273380556925905408000000,61780536422542930015360512000,-2266481547585620591088135168000,14242836136419404610595365888000,-4755447012038419547731304962048,-99698499184783792923069202452480,142685009530801662568065351164928,-40133811042721332687420988993024,-13093926661079506599730123150848,5667444547792770893375476758528,111886362121233451130180540480,-137800045577455416105289285632,-1298561895968547383155245312,399024428877576865360881856,3724217200000594937501568,-12823332609652546153536,-67584712300359721232,139185857061167904,159358320402768,-41063839408,-40651440,0,1 # cft deg8 r=24
5687121926434081,-2707886285371439928,303512251697940345354,6752421898141253154072,-1266450110803875728006199,279729547081670671403040,370549189423306003027308930,-82904391230028113284590660,-194593979136020640995438487,15200212546665979294462112,23675387082630706548680940,826212687028522218053748,-611832451204920666247422,-24564489131667937594632,6116573139904884332718,173478091870271978944,-23670146276408061213,-380425326934385628,25623486316410410,408839953011876,841832204040,-7005020524,-17168724,0,1 # cft deg8 r=24
7366827433000000,1098582832200000000,-513349328712402000000,-31339850893916658016000,7784711223247533780240000,18640878500751021073440000,-14814343512169591646507354656,-35191372870749927867127936704,-5197818075796060294596289056,31733433511253786402283781952,8175968501579222587477669344,-10167881799179187467768672064,-1043030443409832954378526168,761602426858658179801993056,76337276508182836628173440,-13562051216500498975398016,-1338957502767959439064728,9437241712724254803024,290650527689819552900,-2047923753762509760,3092283912141540,518364410324,-2289635316,0,1 # cft deg8 r=24
-1404200671420950106904567759,-1119058146112590808441997289624,-7461655087414294805076654456582,71343802384658556157909922881143240,479647133491943524742743381409139759,99647887241981192773420767983785164,-620903003438582958649321940809618438,-135863717400531411984134069817208824,38046931949883892806102176688182661,4049187884865718412151430452358548,-926315209789614428520199029570444,-3050500583324427088973602805208,5174407245126904128458612133314,-71126206663559129146842778476,-10273792416640510763353726602,170263136941244845263590328,7076467862395770717437139,-109556512054222657269132,-1482715917776339485084,21911786185522957092,4508929265058576,-2702093415912,-556926648,0,1 # cft deg8 r=24
250973518405558337536,-3624324801917530669056,-18184045367766751248384,125967752105889753464832,-76713157836555927257088,-245617801574375074037760,162342271157068053954560,116575753727652625760256,-65530391286021724532736,-20376941088543036899328,7712427268258449451008,1530929989799919894528,-375506527831602469888,-50577331048150459392,8049946348919667456,633905210553527808,-73148884088314176,-2221589339867520,151482833912384,4365726392160,15628832784,-216308736,-929616,0,1 # cft deg8 r=24
-34797239661150244430079039,339431994104013588400308252,-508560889070620557765745956,-1509183178796587906816576092,2987608728173628825926761815,-1694111101964471400484333248,197883045951501521736358408,123463704461217399506834040,-38010472364921754135545289,987523627860539607679268,793845746323557429650652,-92118666973604208917364,611359648655507786260,354969690425321680728,-11419166387189433024,-381678320453409244,15348219894372939,163347458443164,-7350863521756,-32801052252,1435618890,2904720,-97656,0,1 # cft deg8 r=24
957387994405969,679534341033273936,-1878988454911371636,-21194797290224887650608,57716623819110336810639,463703945759197909102512,-818008248301504931209224,-1973838661613885535332724,1370657806635972488108013,724733612877706776120448,-398831761361855176721478,-50280780516445728862704,26538657059755842574778,639711763272186197532,-503250213650028612444,-529595158538911312,2713670270528163471,24323894810681184,-1004320629233396,-8319909659856,47919128004,116280528,-592752,0,1 # cft deg8 r=24
-30176487365315413279311,277175738575238280280272,-326733686522798311720656,-2105181229936781863583640,2006967155262495465660390,6137862473339507804038992,1341380384640254409542938,-2594929079412598872149052,-1172570621673962401113069,142708528787734057904756,113559505589879231536962,-2064237629153348866140,-4105071838651499574536,39039405810633678396,63410546295989426412,-1630399600382424120,-388921623830748318,17234926471004544,473657231920918,-27484056342276,42929991306,4010303444,-6458964,0,1 # cft deg8 r=24
-679234916224947907958984375,-41354419714518871508789062500,79710322085896670960449218750,24790897443723780547908242187500,-46197902683774680819896138671875,-12099972900965422668233062500000,36162215367910986677528556531250,-4285667465472815776656949500000,-7000514645473797530363535515625,2126124679867940351395757633000,-50985068383371693922774610250,-28752749356838853744971086500,2176223126802595129386923628,-12115453756714481242856892,-2867524537661057383655742,57873553279890745533724,1233886215706530815667,-36799783761688561152,-185372079751808558,8765875251175140,6070192668162,-721706240108,-493626588,0,1 # cft deg8 r=24
2203307557741713687285609,88175077564733042539608792,-797975207689379636077443576,-2901399009081955863944697360,25514876912395660485853850343,23184584329435966332051768108,-186153552784454622979580796772,-145624134114825595075339796520,142426459267269982376717638773,98440967383516978265972438736,-26086652943062813253127961034,-15829935726572255056709417148,1899726118000217909749377450,777043570957069892202984516,-71172406513978779908085264,-11290106853564682948773976,926671322062212845820723,14290298149043308469112,-108461396493856868860,-1790989555429928016,159722479076364,32511961068116,-2884189068,0,1 # cft deg8 r=24
-8882431851753050897344923423,-2840155696145893877471453117076,18731217869572096228304865463794,2063593149908782705768582300047852,-11703387398606889857269369777390662,-108189392069813677343741142949600620,-159228086742827708374460029402099574,124546063172975065646685384109476552,260137196847919507250090880973780731,-63520461792761780096744792399265204,-77043722351445041047267679043822276,13914156474710516121728312072090700,5871743140872219620232501007772560,-1113708996912423938369965577543952,47893789418219004684678726254958,511649127334922009558807544660,-42567504987106580097480802806,24390035374851213879596904,362807513459608657080172,-211066156552078219140,22318773756380262,4142189907324,-604123464,0,1 # cft deg8 r=24
7366827433000000,-451523685312000000,4271133766662000000,105085844623423776000,-1340746707025636848000,-6709009159888842240000,91682822468544117086304,195460065867881026177728,-2231844178494526695781920,-3016777984432575428511488,17780161563027339641942112,20237281009422837116121792,-1582081141625649142044504,-1386330540325655667945888,55802942757764292976704,25476981494351688767648,-875622792286399156440,-88268949399022288848,1487244369971197748,111987577951851888,13734622779012,-26720320684556,-3282488964,0,1 # cft deg8 r=24
2604046042576605057809,541860859218969806328120,10985836108227836525553240,-373509001874495503908724168,-8823704044496998653915805803,4317753663909320550863050404,362595142606083524550865675944,-174655595540310331037828832000,11439417989290526054236860975,4959328331751418440134187932,-513205693169932074764786124,-53185777820150494567832532,4836685633532584142845752,268697958176822594346276,-11852559919592493536376,-380069931407269597312,4985537204825599851,74399173219918260,-716484409064478,-3900401727348,37512182790,15896888,-380532,0,1 # cft deg8 r=24
6788560454554889537829777209,-999670602605885311747682866620,3364919264478790580130880459848,1242444115018205420618400774008044,-4292364011209843374087965701465818,-1346060560300556351495069355407640,5343855621531801509891231485168670,1413284924773124858660529228696624,-296343338774241982080665946350961,-17295748067426902710378573060096,2577846323117187537706165469154,72444674339276379743043454356,-7555451646848159718362665260,-124407619682116802741716440,8228929994854617103288128,32835731127031272408892,-3672836036507857174074,26685964238877148716,175965349426424762,-1864002844301772,1516390031718,9546929940,-8726892,0,1 # cft deg8 r=24
43529969527736214798522709056,1244157954327088546118883681024,5515503376173402558554813995776,-11137971430229870756311625160576,-76787988024424221438404180237568,-9292656993878206721347602048,216465927685622734643728770020896,7160096891892826560512585115840,-53583586010518543367841855781344,2165333865500826233486118966848,948871067922122574789234321696,-25814534957221661671533428160,-3963660507060159510155361432,110628752128259080612879488,5209719818634603970665552,-167612816645820277191072,-826631935553699021784,45066231637902665856,-178371577651431252,-1004014658609160,4474745605980,1815502444,-8205492,0,1 # cft deg8 r=24
215233994504312833,20160575497895089152,-2094944266184180873112,-13187496958466293314376,771259972954833849089169,297845405688143913184116,-99450395870522200991914,-50823804884933407317984,-2705971749404492513511,1339320178474122198424,196498523903633524398,-2750380692618411720,-2117173035526745728,-90265011207471576,7422545976102432,619860191587280,-3425855963103,-1405120556700,-22905516220,1120080840,29853072,-269876,-10944,0,1 # cft deg8 r=24
-6066337499800239098304,37358503282728929355264,225310100592960015437952,-1746911190881770135165440,1241573878411591241841408,6610216397247739533454848,-8017592817665766963664288,-5397727488886581286605888,10236700945971705872780064,-2322082995807620749172672,-1445691276895712686148064,532143507667329263232576,49446229733792251928264,-29706625828821834901920,18329363656276760928,465491035877650214768,-593197587412226568,-215816311131960384,-1054745589076772,16795306566288,110015280036,-84169268,-923676,0,1 # cft deg8 r=24
957387994405969,-86274127252553100,118542569247414018,43076045032349891660,-76074538206594045741,-1262820654048772436688,2660675139240875571878,6621546377776675313892,-17839890227525899749363,8041944007549064406948,615646859657445940464,-478001836888542282708,-2620196397947291266,8812336333705569600,-54889942605835230,-51816165541903524,416942446454079,65137784770620,-823824004576,-22668312936,367506684,1602440,-38520,0,1 # cft deg8 r=24
101718251852333302572404389952,-673717699197211394460892840704,-11276890069486732362051477527808,88180248704397144133164134841984,118958104099501123667541877217280,-1573314228463662094653217606246272,477172646152011902999373956951392,8684812813237821056799656985535680,-6200985557084320727503539885788832,-14915344582840633687676027470763456,11426339593360551019548486251363616,37387252056639106776084148048320,-558816681434119777349445908283336,-1049611607028647147361430454880,556796720035720065904437961008,-956296535446531393892998080,-118070810700456177842474280,561848623818801014404800,4653439764920036752396,-24846641738186908920,1689670459928556,43266758119060,-2981632164,0,1 # cft deg8 r=24
-30176487365315413279311,-1093949015428851475849956,-6758923247457561732369510,21499103776317533674454916,213725793290715540158996133,187628157359457863279843304,-303298843923538086560757128,-333407842286425676776034952,139113427490701433943449661,183676108291872670275177068,-22145300818295491910484180,-40845400290115940071220976,175613943953474646090640,3532076847770229107350248,108834060048064238676870,-101945392341291963763380,-3189360521557930395783,-24429046803420647268,47460736005536416,966759159594072,920637435276,-8931645436,-9252132,0,1 # cft deg8 r=24
113973630361636864,64085744157628956672,8201495920974261534720,-243550824663676175306752,-52185574771684669384323072,542045739967377318676942848,4286705086517257125575569408,-50375926982794793117041704960,65312374686898028471339765760,-1276794104325989431606717440,-25830796240810237133466390528,4930925995810213879118349312,1907073577806580564679212224,-18843613837962920576331264,-17927394286059391901654016,26800697280515153374464,53520635149394742871488,-64779081883238198592,-46101476140267548800,-878979306894144,167867350078896,3000240104,-124966176,0,1 # cft deg8 r=24
3377803343692899589937217,758138753344477638429615816,-7454150173595653706897677980,-5256934289930401396535705085864,49866250253198414136903474102675,-48057581052430226893039644726408,7400388923905969779537014984656,4151088407266202969329519753920,-894035462393861869119789004065,-144069610092878914830289105608,28918370034346211493949534548,2559436474094112692550804480,-327910843231914115486318624,-17082530362259022881677200,1420864633835243931924360,34641453623274668584232,-1828337933555010719529,-13144744435526760888,282106056743820556,2002746602148360,2585184618258,-1512919024,-3384456,0,1 # cft deg8 r=24
-3650672241078192766611392,364165077839697562076210688,1969587796576861940463387648,-12669765589684412939081964416,-20106857553189424080651690816,116273098103166284709496281984,12434154617968204631148331616,-304391041905840748194335114304,130267120742083274053452459552,144449519791780599915999914560,-72021190099427778797032425792,10118884911343221802554331776,-202738925795307612868076584,-54796513679769963021704448,3093660775167750618429312,38449517883781768488592,-5126650512349771549200,76272340211704204848,78075689835873860,-5409638995996680,6469073474760,84721308340,-105352704,0,1 # cft deg8 r=24
39883401316553928051820015625,196169983692592175595544687500,-92870539902483098602399875000,-362854200208744903134820760500,160820990967550151438819332875,10578084768720095455588599000,-12410395560073641104029385904,951396407609816178011846796,211670691543279236801610945,-23812542955607924603879024,-1185702143013032972537994,164964460413072229522200,2051522824229473060498,-422363659362618543600,-2464064745558536700,515648732880988868,3562502696087319,-307381913959896,-3130602259496,74590633164,1051107516,-2274924,-60492,0,1 # cft deg8 r=24
113973630361636864,539453474448821796864,2973120773598571954176,-875302516704730744913920,-1194161743710717816373248,90047486109008495601451008,93841588765357393215818752,-168361500475259629016629248,-146308263663252353946780672,70338791883091333199553536,35549319726349349611665408,128109983806512778549248,-345734658764796719386176,-6632612067583286625792,902964939555922761600,21838969813286700928,-804921133459535808,-22807048725611136,168803229929392,7092938202336,18698065776,-337426544,-995136,0,1 # cft deg8 r=24
2604046042576605057809,2741908177459269045068520,14179029640883905410245178,-279682831203205056063476032,-1490414462892121744379615619,1001617907417508470212900476,8838064720737716001747304410,-2577337481363495748915360924,-16121131405657289710204042593,4748456980521075050334526232,10049570855341918031535157698,-2076690855653523473221400760,-2619776056504804981646073840,214972862930336228491717944,231383886712863865476404562,593843167894202615384240,-1322502356984770722398013,-2077096697763032898792,1678093115460137163846,2635912332664386720,721757666991870,-379709068564,-138019656,0,1 # cft deg8 r=24
7366827433000000,68073593784000000,-2751355984860000000,-21613620939399104000,-8146295947934256000,236194017014356128000,368076061031071955744,-491665164472578648384,-795941958004784263008,398961649993777421824,143675854150979468640,-83317652642028321216,8288758557819383000,960266544412030464,-182073972928181040,1032998337370384,999507848048808,-33313302895824,-1375009703668,52841787240,559142028,-9658724,-93852,0,1 # cft deg8 r=24
215233994504312833,-9341461487707376244,-313065232644388029120,9186120622671862582160,181670466551575180259073,-800594156311639779310200,-6646137815689935821100514,22550984165838733920859656,26733477210761115194705235,-42099178132488053763092172,-20491764544938315542035248,10288056540784531349047032,2378178314817216976030778,-214808472469669735870248,-49199732088917193617652,-473609954439380727192,60206960689353087729,607081668785645508,-3410826999693952,-29881401368412,97996356810,362550680,-1140012,0,1 # cft deg8 r=24
31908174838362007824177,-8493132777536126650519512,57699603747080877787425990,1396995566321714825994745140,-10430581713675967546185861378,18708914446757096017751452080,8388890248479728840635238918,-46151515686268466684100647064,30205743030718855508447735427,5288077954781050077784306248,-8556486091470105410648385744,722873897226768169302936516,422630718425655338498833404,-39262559157737291890631280,689424307417222134056406,10225895401400003721908,-297786007394838642834,2086220152482407496,-2151978434377876,-30791218467852,94506491358,101318000,-577800,0,1 # cft deg8 r=24
-6066337499800239098304,4682680068734308261248768,1352513603811414012756480,-98247046217640670323347117184,-28347045999257732382783322560,15015153527598647300207218560,6051549864952225707284377376,226820447698369143459051456,-122099899784146646338563552,-12655867505262645584283776,232662907687879980983616,66267383780151927725184,936734764880212443688,-118398960660338842752,-2967178430404026432,80828822407406896,2603051980079040,-25547462159760,-1058315227740,3799515768,223142328,-215340,-23688,0,1 # cft deg8 r=24
24440717501667383204150550009,1230157473546431688373093593384,-3020397006425983263711288067320,-486798490806974180817995204120880,1092111621050465605273527721855215,2049895051624249848694828758658500,-43057037758112083612702086159806,-1153381450342449104244854223511884,-441912379066247405705229120101787,28551784693782126770876128868216,33348577526485506439436170906542,3579493173764584606779467596644,55745896346490320143458307936,-2351691663106126797589627788,-49964634300698193098145096,151151461486198804238904,4731329465178994072941,-6064128832678995528,-125204533956978242,106391715270672,943836141672,-156308872,-1897800,0,1 # cft deg8 r=24
31908174838362007824177,-806156060794968784139316,1979552425777280189690778,53526796814913922589157684,-154104127934291426556491211,-127496475387599096712871476,422380437082418648883048076,167047877798488625955028320,-313522714876663747504843101,-92475810928594268184280348,64279620131183826661443690,20552137933050045397443060,-2422341606935406746260046,-1166973711619090996432212,-88227229072365438433110,1787559496527161577564,354310367528676602085,8062270231533190416,-27477875590864880,-1188937628624868,1013700596418,11444017676,-9718008,0,1 # cft deg8 r=24
115106678640625,2850267616875000,18896572817718750,-12452036110668000,-442189403084598750,-866251996199415000,617866840063472762,2167905104481643884,-310494747144461292,-2054547800110933344,303031360972455612,827360398594089864,-250500434776255867,-73253225718824256,38765769224849856,-4569819398822160,6759573857442,23476392873612,-667064512288,-22762192356,838191258,364320,-114792,0,1 # cft deg8 r=24
-3317902101262443843675072,-13214107965230620746947970048,385946329973160914496262354176,11657287347319062073695484552320,-389609456841744056297213432376960,501918653643981894770800401717120,33674683720841142568132677434159264,-45115643873839612729312931648590272,9841258636295405728272583116202848,3780122297273686597859629895237248,-1097711616788168288688621608105568,29156934838179507601640476502592,3691127854077722998543246301320,-82193465915596869418917919872,-5258318973042781420284951216,40984896142936242872153632,3174837007911218882681832,17127893935344687703200,-278218939473498282516,-1762481429511201768,241470328174884,4059834952692,-545221836,0,1 # cft deg8 r=24
5687121926434081,1648005497022274068,-25054616456620645104,-1469972509617868458748,23043962409467435431947,-89001733920576831258156,-64179359745589577951896,705655797968001241453680,-246081487479818943221451,-1104744372902816471809844,408993461805534063673782,-397863790952888172024,-8659038184217024439766,231703131675014971020,37536440448249362088,-1843915190279507380,5342486147487531,915060863444364,-10895398555768,-107085740268,1781939772,3648724,-88812,0,1 # cft deg8 r=24
-3641744945469680959000000,-718683967998048780000000,8192765765991931659990000000,15488857968387370575232224000,-357248740260456346703279424000,55215525416396100480296208000,3429576524082841291896971604832,-1022589997037413429853604622848,-11541071444634448763015626427232,1127565459995302984968144356608,11286751788603008749088987325984,425014232789623439188528561728,-30662145133303190060561503608,-1142276116824224259676365504,6524810924244345646991280,202535268949298333424432,-51504749899275081864,-9649238004146141856,-19205123887424660,118843575797928,357343935804,-210245900,-1122108,0,1 # cft deg8 r=24
-16054881900294281676933056,-56484387798671483298853632,75706561602521155441916928,69373597242365322942373632,-91957165223913217829224512,-24453981226831179439866240,46951255181810737762004000,-273611316505226650340544,-11148071603995082517790176,1506330429195170705922432,1220556631614474511404096,-223603589940830214833088,-67570108675501586929096,12279959949701427611040,1958864617050039040608,-259002952415678813328,-26079117923475479520,1553913072094467168,62344393854851420,-3189472984558008,10559993375376,4293253332,-16013904,0,1 # cft deg8 r=24
215233994504312833,41306184523183209336,1828851341781822837570,-59206309946113162942116,-4034184159108205951270065,20725961135683607488119960,1109912735178935048706116632,-5243738898947353841514574908,-5397242555486674501726570425,2564331108850797829577371008,3161760889513042990903575594,226291169263095243940489416,-255644750858182818527395966,-16118517099787676891430120,7144868067086377710941670,-255848731177658776225740,-14518568072438238581199,531082924541070372828,-876897222244174718,-21787519374903708,35249359838562,2663859060,-12448344,0,1 # cft deg8 r=24
31908174838362007824177,-1180416766687718312172420,12415542404747737829229810,11234927293775181587745000,-757336406144227776906018210,1875712945255368588269493516,11171228970614351966950469770,-30589011746021768604839928192,-28050283986594952384753029117,789968565216801326345385088,3473040265740786368880795312,52076616361892898620439672,-109292632118396030946546812,-1802602193901322054479492,492497304887591084849490,7341648603784459179552,-537300739325431762338,-4543124642404039872,138243900803642572,1165580778573600,1064254286934,-6085905728,-6511056,0,1 # cft deg8 r=24
-30176487365315413279311,1571550355176429010130748,-16085485688297056603144650,-253784806506071113692645072,3400086678867230452430625603,12795855710641062101725833612,-91138143478143358789252171804,-271889499154417390039020980676,159275239189546243090121889633,139083862061133279471011201756,-83582059893171588155704558800,9025096014375102993751663320,1125155912822083963793104168,-187352153370793162310384124,4143608040802028641948746,239144430518817767400824,-4748850143578658422503,-125351002254917162016,492673603776132978,13352976369429492,4074076057428,-241182457824,-74545920,0,1 # cft deg8 r=24
7366827433000000,-2919228872364000000,48842624242944000000,-9863931512386224000,-2259970631455984104000,1823340920058700560000,17729841458160366266592,-13425036287246301247488,-47416573813494617272800,27708414296905590933888,40197944050815783036672,-9216221342133033764928,-3449649356787400730600,797588481243518606880,-17484068330982728496,-2310364076230859040,47651752459489584,2237901670674432,-18947101291236,-462028779360,3626937288,21597588,-184680,0,1 # cft deg8 r=24
5687121926434081,3975165142600985004,10026635811969190932,-230812271254567764104224,-585842066363104217814021,1079118526972132526085612,2072694753575250587624128,-698210866480700474851320,-1814282276149012631933979,-345539725655925589326300,249165681886239259307166,61193947416375167586360,-11612734723460150001750,-2406839942764672143876,207567532783248129828,8911287505336146000,-582550104867616053,-12580123444126308,390915803395132,8512731196572,34512039396,-120313408,-726396,0,1 # cft deg8 r=24
7366827433000000,600440495340000000,16003305932544000000,140925470955333008000,-167581965158179824000,-7348688224266649680000,-23695393297221083146912,10183105659631424829120,102195877147162615867680,35039396626991176841792,-109921594567808217826464,-44747197126541488385856,-1505984772385089665032,1370337212267528297856,160657281874207836144,-4458812228178820288,-1192455560608601016,-17700862062798432,1657724368708556,27338895109464,104838123420,-206646844,-1366308,0,1 # cft deg8 r=24
5687121926434081,164491794876892140,995458011931129068,-5809709030774046468,-41840688974404314519,101446574290956720756,355941552908780682480,-870092916975697328508,450143669479232227149,94523881109764450624,-86358896619022518246,-544994836585490088,2262794963248162434,-53716164092855040,-19096677755157996,545933010772604,62988467112291,-1214543109780,-96450181918,602465616,55553040,-77852,-12708,0,1 # cft deg8 r=24
-38634058872776671480183,-485517428615187980100768,3388972770395353578737916,24818646378067794482684692,-136583228190445279948375083,-9958832174810756638884924,414640126114889477867797096,21208609578423926389095204,-54764908294431226729542579,-6658872324012388430458928,1322881582751769411286314,214874651061291135546072,-3493003435015363106710,-1450395651362515913196,-14133528181757562372,3376657407194833852,46365689281215999,-2164312719856332,-24370215633318,320001225468,3550904496,-8538468,-123696,0,1 # cft deg8 r=24
-467889542987610397639138336756503,6447434939253255846347675808401232,-20730812612426112123078306683429286,-18601994012314300043546009988545652,156174698234160174000760032589378830,-114730002730488606553500475040265600,-151683035939527447529951703750407024,145131898394713514095270138387466052,-37861350808207313178387275616419175,1307234042235728594784892310973828,809654964827467122938877584462706,-92429672270525532648149249107008,-2127264624397714850866277853190,641748607876009734156219611028,-20096095069679531430874108014,-159257339218434648834943300,6933025125340662034692894,12444392074759384816440,-366976557309686286098,-577050229271763840,1308559720227048,5558243708,-74980284,0,1 # cft deg8 r=24
7366827433000000,13535110855056000000,-1267354250764812000000,-8011155019653226672000,330167829820216518312000,1738679906708667318816000,-19626523217235633753038432,-101827060644512448577007424,84635194132320833523189024,443113812710010199014764864,-323355828232853732127096768,-11220070898186937821974464,4940627696425212299106312,135292792567784429800320,-13141412784797621748480,-233485257519097831520,10204510393408214352,48452359481481312,-1401092252247428,-4757997897144,45362129184,78658900,-526272,0,1 # cft deg8 r=24
957387994405969,132621898905696816,-26043407397332796492,-1996380814811652565632,179507681656959761156709,2263914433897023773412036,-6781196495407352698263220,-36606104302990793947833996,58930853910231986296870221,-6502154707137311916665328,-16575853317473735271682122,4236064881667125904597032,1143079018017347336989226,-319859157082834852649028,-31294823819093281694700,5914033776029400789384,511435926727958914479,-691470155320749180,-423936416068541578,529894148001516,2887382785608,-1631622888,-4588296,0,1 # cft deg8 r=24
957387994405969,4240886630916259548,-9966218842479995550,-10064357646364976482260432,23636268450357638258741922,12275034028265830540321260,-51553608312635483847193996,14024339040397220876479572,21982684763884347454930965,-11145348252782222892801948,-948175360066043407136622,1072919328874897677599412,-13877628257792667121150,-37078245653237178012000,628350761940929612982,526753671275059598664,537183864960994242,-2250978535270060848,-4356010909396774,3046023795466260,679885834752,-726589002132,-162135528,0,1 # cft deg8 r=24
141997707795166894669245233728,-495050983048634013212662585344,-650702725027840997564234249088,109327798702479739787508699904,374363480710692546712479180480,164696081831008389287626815360,24901637386986936644567472288,-1117185507984209851883786496,-766952539089323070677042304,-68730881554321374739447936,2349468292456955212969440,678382023817041727409856,25800621442417629774040,-1165420098698709057696,-91678945221843783264,51809820359318480,110968456449510744,1089577864026720,-60428279127924,-694706114376,14965154172,110742052,-1548876,0,1 # cft deg8 r=24
200880478414896190650765845568,88130350194746667100596230989824,42536684699217203884594965881856,-2342598656171582736230355497738321280,-1131667077456207445920130553501672640,-110587987790775599683304087864280576,16615624737518892481470718975125984,2449269769804991912533067962641216,-68517245742728468369492803252608,-12051108448143807565700298886464,300375687391941123194443257312,19961054541942306198025902912,-725481541081536384005344168,-2059275597341043986033472,316950835075087168818432,-2398388036408471858016,-34499526343191561384,446712539894373312,284668113566524,-20282824906680,63195892380,97944980,-536604,0,1 # cft deg8 r=24
5687121926434081,-1155381849840798384,8084195325476337438,5144334590482099088636,-37539459030814939472169,-55717872461270295410988,17897054223125811075762,47768087314142728866312,11886538766233789014525,-4894745442849770302536,-1669971941720992300944,110231144744101104780,50200386593316996022,-562953728909952408,-460805083661598354,4561980491187924,1566208881924939,-26134734507336,-1361051378448,16585499748,483946668,-2673848,-64308,0,1 # cft deg8 r=24
