# IGP24 block wave: imprimitivity quotient steering of thin pairs.
620962996962913663249,0,1552751502497606510052,0,-201519548067431496987,0,-9276039142554355028,0,3163987062068308146,0,-244679430685066890,0,9323429825730716,0,-186481866922986,0,1687943580918,0,-1888692484,0,-36045546,0,5352,0,1 # block t=6440 q=12T25 r=16 k=0
2457086292336592882637,0,8184926360565369742572,0,-78903234330038567226050,0,173312842148278753659900,0,-166454050729697142161211,0,73873056137893818615684,0,-12310136041660995603302,0,-874277628227924784,0,109284652963577814,0,16854970840,0,-1685497040,0,-12,0,1 # block t=6440 q=12T25 r=16 k=0
531441,0,-16182024156,0,158952325990302,0,-603521705125701936,0,723917707793360740080,0,2373543692608715362296,0,-104561973864429288480,0,-12305894970774588480,0,97405624423489743,0,84573565550172,0,-34216891884,0,-147924,0,1 # block t=6440 q=12T25 r=16 k=0
3519185669,0,-6057453680,0,-5969501516,0,20855487192,0,-18680837786,0,7642232332,0,-1438001082,0,83975136,0,4889033,0,-312612,0,-5118,0,100,0,1 # block t=6440 q=12T90 r=16 k=0
73720104256,0,-903683705792,0,-1875535021072,0,-285667910752,0,98158533432,0,12380717860,0,-1966091203,0,-66173884,0,18653223,0,-998970,0,23416,0,-252,0,1 # block t=6440 q=12T25 r=16 k=0
962487577,0,-1661260758,0,-2723657109,0,6551740032,0,-531278784,0,-5615295402,0,3410093171,0,-330389124,0,-72510405,0,10208568,0,-107082,0,-804,0,1 # block t=6440 q=12T25 r=16 k=0
457871829729,0,-6654163455288,0,-38436935680710,0,123232150760136,0,188313384975951,0,68492270107152,0,411617532652,0,-1946662382256,0,119281129455,0,-1273339352,0,4388538,0,-3864,0,1 # block t=6440 q=12T25 r=16 k=0
322881554315621,0,-1313773149578820,0,514855925612098,0,2313108884144632,0,-2172983865172764,0,704312095338670,0,-88612899300645,0,2619208505548,0,44954355030,0,-234557506,0,-563365,0,836,0,1 # block t=6440 q=12T25 r=16 k=0
469650108416,0,-282861043712,0,-732644773888,0,978321991680,0,-442863445248,0,68393290752,0,5799289600,0,-2426159616,0,139807392,0,1970560,0,-98352,0,-24,0,1 # block t=6440 q=12T25 r=16 k=0
9208391722811,0,5242436091734,0,-10954410565079,0,5617545045212,0,-1460216604360,0,218416868890,0,-18630410631,0,743095244,0,4318668,0,-1277274,0,14621,0,744,0,1 # block t=6440 q=12T25 r=16 k=0
239907426753902769,0,-766378437968333358,0,1026855366778739799,0,-746130188743986042,0,316613677807603485,0,-78292011786031512,0,10498291836320584,0,-628016337040704,0,9742868270868,0,-40890006436,0,49934613,0,-13470,0,1 # block t=6440 q=12T25 r=24 k=0
1561558263409,0,-4142955535084,0,4653012866950,0,-2881953732960,0,1076567928181,0,-250068564260,0,36153112194,0,-3195221996,0,166528790,0,-4833412,0,71068,0,-456,0,1 # block t=6440 q=12T25 r=24 k=0
3356050581709353462151,0,-3016759583534976996178,0,534069116967973572580,0,-36433551086654104222,0,1344999890528114443,0,-30933745907311156,0,474447380726208,0,-5009484565244,0,36689204269,0,-183629914,0,600476,0,-1158,0,1 # block t=6440 q=12T25 r=24 k=0
82283386719681728512,0,-116005888275818921984,0,58894291017035181056,0,-13923128915805431296,0,1615651561289501696,0,-90149186566395776,0,2530051413541504,0,-36568785517248,0,281866254048,0,-1171558904,0,2548068,0,-2624,0,1 # block t=6440 q=12T25 r=24 k=0
410489563467011507793,0,-943101630001769926545,0,876863662405634762604,0,-420340425383081058750,0,109116530888972671791,0,-14650418897245262241,0,891820293523012944,0,-24863303026605393,0,312237957227562,0,-1442334950730,0,382931451,0,-34188,0,1 # block t=6440 q=12T90 r=24 k=0
299784134985358249,0,-594246287293781430,0,489668128246120746,0,-217615025905891700,0,56442407003388687,0,-8604749702657250,0,736242093751859,0,-32155454445666,0,681803610564,0,-6231291760,0,17474661,0,-8400,0,1 # block t=6440 q=12T25 r=24 k=0
1042893681,0,-3084139008,0,3961187136,0,-2913716526,0,1364030940,0,-427392636,0,91769107,0,-13587816,0,1375536,0,-92798,0,3960,0,-96,0,1 # block t=6440 q=12T25 r=24 k=0
8174201239311327973,0,-22303882774844425842,0,25853555380533589353,0,-16551165869051135330,0,6363599535038303400,0,-1494063528327832842,0,207537931583565359,0,-15508361200510764,0,485275310778981,0,-1032272059858,0,637348854,0,-81264,0,1 # block t=6440 q=12T25 r=24 k=0
100503157968141156861,0,-289586691991063972584,0,340965806872598993970,0,-211564102054628982108,0,73826810017886249967,0,-14120938198897227216,0,1288841059588406452,0,-35915032478070888,0,335766425262771,0,-593987988008,0,326061498,0,-34140,0,1 # block t=6440 q=12T25 r=24 k=0
74440736234212649,0,-142630498286071096,0,114916246432349460,0,-51618302553357610,0,14358689126151300,0,-2582009205360228,0,302057026867147,0,-22354278851484,0,966878932740,0,-20024520826,0,92608824,0,-95856,0,1 # block t=6440 q=12T25 r=24 k=0
217410642918064717114937,0,-183691173764234628857752,0,15433685369241304346541,0,-607293468667743377280,0,14356403807757308008,0,-225227608936123512,0,2457295827177947,0,-19007743051584,0,104181946758,0,-396333760,0,996168,0,-1488,0,1 # block t=6440 q=12T90 r=24 k=0
1619570717181888499,0,-2821905636746522004,0,1906771855790411246,0,-629883639292019756,0,105943457837150857,0,-8794085704929287,0,367944995018742,0,-8080196601783,0,92486735492,0,-523520087,0,1464129,0,-1956,0,1 # block t=6440 q=12T25 r=24 k=0
85931438552750254003093,0,-277436804370207557266623,0,378821981426868866613876,0,-282860982406876657056413,0,124407473610751924354026,0,-32203568599321659193311,0,4597672834025663649080,0,-309871980851160092454,0,7619275544254953177,0,-2463755189617615,0,210838560846,0,-1954476,0,1 # block t=6440 q=12T25 r=24 k=0
496484491,0,-1580299314,0,2212638461,0,-1795144236,0,936014348,0,-328910934,0,79442499,0,-13202310,0,1485455,0,-109002,0,4856,0,-114,0,1 # block t=6440 q=12T25 r=24 k=0
2933060010808711473829,0,-9304549267125538335892,0,12420959299331182522941,0,-9029724648903200152670,0,3858346659504620057156,0,-972816097326325205944,0,137124396694941430649,0,-9460839901298383812,0,241893919504593877,0,-648867961995446,0,140269895342,0,-5806370,0,1 # block t=6440 q=12T25 r=24 k=0
1150871714500031,0,5512220450948844,0,1652658777371571,0,-22144390979586880,0,-18890236101463329,0,23199023461185568,0,21133747922005037,0,-674731517164598,0,6495807555483,0,-20349713914,0,23851449,0,-8790,0,1 # block t=6441 q=12T90 r=16 k=2
387023356941064051333,0,1087328628585923599588,0,-822980608945774474857,0,233382619780348325847,0,-33846759270489831865,0,2641186033055969645,0,-99383403545072539,0,688088745576206,0,56051778154436,0,-1097358799045,0,-173905084,0,3293,0,1 # block t=6441 q=12T90 r=16 k=2
660705154453,0,-1394624981672,0,-8390211411465,0,16802251814180,0,16720264434117,0,-23161901656202,0,-18103275970819,0,-1365300419694,0,80967404195,0,-1105431278,0,3757353,0,-3898,0,1 # block t=6441 q=12T90 r=16 k=2
10830151972459,0,-80229830344666,0,65069290850433,0,744490775882552,0,-2189551283973417,0,2234523788991342,0,-791011460625785,0,5413434824684,0,405481837775,0,-218978066,0,-4479319,0,128,0,1 # block t=6441 q=12T90 r=16 k=2
4476441304990957,0,27678706793798498,0,-9625343224823143,0,-19548489822594280,0,133770129927475,0,3211641472200686,0,465163681898779,0,-29557117816478,0,509271390941,0,-2921217168,0,6395183,0,-4528,0,1 # block t=6441 q=12T90 r=16 k=2
3163936699121253985439,0,14292801509962988418517,0,-4023778751388345228697,0,442155205358582795596,0,-23754542745045186964,0,570820124395688482,0,288117995097219,0,-300122221225484,0,5380871885757,0,-28371342322,0,-15075015,0,1284,0,1 # block t=6441 q=12T90 r=16 k=2
1058838241,0,147333222322,0,587460633505,0,-1199351543864,0,-544191841831,0,632554557588,0,152525674385,0,-42615065608,0,2314842465,0,-44753146,0,350553,0,-1032,0,1 # block t=6441 q=12T90 r=16 k=2
12911324699841321579979,0,-4451796044797361759292,0,-21232208591723844893479,0,20819960615955022889475,0,-7049078295884835141531,0,846177619020142340285,0,-5568089662136126503,0,-522394476374079825,0,-1261157337020069,0,29847060046568,0,-1568598273,0,-9745,0,1 # block t=6441 q=12T90 r=16 k=2
165567916366608739507,0,58912664027561073022,0,-971468341292085271510,0,1259820410569884623816,0,-669644963274543659734,0,162122674141786667788,0,-14768309707477220139,0,1538746004628018,0,348172839787522,0,-9282316250,0,-160485743,0,238,0,1 # block t=6441 q=12T90 r=16 k=2
42746512493583889010651,0,203783450991712580835716,0,-595433585506500424159719,0,549144709750745613771330,0,-224378529893573687991156,0,38345132680518967506383,0,-1446713679134880194535,0,-47849764741541659776,0,-44600316634500228,0,2839056760662989,0,-35981945690,0,-16809,0,1 # block t=6441 q=12T90 r=16 k=2
53995842416423641,0,11251246386310696,0,-255206606533701178,0,313241197475275736,0,-155932051445512459,0,34945024471365112,0,-2875402487940202,0,-7859131949792,0,490731312878,0,77404960,0,-3870072,0,-24,0,1 # block t=6441 q=12T90 r=16 k=2
819933274834721511661,0,-226544823960255416620,0,-1715161067445210872693,0,2028599916035748637762,0,-957726499384979770374,0,210359316950657880814,0,-17927161160413521961,0,22352341539787740,0,379388795319104,0,-43391368914,0,-165331962,0,890,0,1 # block t=6441 q=12T90 r=16 k=2
4647129908231929,0,8851657051303218,0,-9333053037371982,0,3250517894315923,0,-516012827060016,0,31991220939591,0,886999433316,0,-209324046312,0,8512188633,0,-94791989,0,-385524,0,159,0,1 # block t=6441 q=12T90 r=16 k=2
46996382119,0,-2829950949943,0,-17479273233485,0,1132034383400496,0,-1405398327547003,0,58610416654729,0,137236991329879,0,3454421949157,0,-1120186506015,0,19658100485,0,-9383892,0,-1819,0,1 # block t=6441 q=12T90 r=16 k=2
12542979182025839639,0,-65958618740873472749,0,88221224399928024433,0,39005170810189282742,0,-146141902604252756960,0,87265569305718472528,0,-12274635889051228074,0,-1418461221319503601,0,-15671089800578312,0,472114581213008,0,-10808822450,0,-10334,0,1 # block t=6441 q=12T90 r=16 k=2
7184981,0,27167604,0,-32397777,0,-219523016,0,-253290445,0,-57407980,0,42467271,0,17592512,0,534501,0,-107176,0,-3543,0,44,0,1 # block t=6442 q=12T90 r=8 k=2
54683111795981418213619,0,-40246418863392168257784,0,6921175285116731869170,0,-575417150199519833237,0,28360380436744444254,0,-912738642973768323,0,20263711249217688,0,-317085621503391,0,3414486288582,0,-23259289547,0,80033040,0,15909,0,1 # block t=6442 q=12T26 r=8 k=2
403334785315757093,0,-1085944250647116496,0,1227173233249635656,0,-757036220809129896,0,277860680383338858,0,-61802368349910116,0,7936054263922658,0,-468937441857536,0,681877476905,0,-5070261380,0,5381886,0,-9732,0,1 # block t=6442 q=12T26 r=8 k=2
89530250114488,0,-241682915475568,0,280893597985432,0,-183694424431712,0,74055985938916,0,-18866793449712,0,2945887422376,0,-248421240192,0,7020110088,0,206625000,0,997616,0,-2196,0,1 # block t=6442 q=12T26 r=8 k=2
2386443134136529,0,-2637672654568876,0,1024116937588074,0,-212687293945244,0,27504468808655,0,-2374499118936,0,141229674412,0,-5833203672,0,165478271,0,-3129980,0,37578,0,-268,0,1 # block t=6442 q=12T26 r=8 k=2
294637296358453,0,2940261408858642,0,7616875797064267,0,-6904968114483280,0,-53801759655996731,0,-73942247517363334,0,-35075751497093601,0,-2972965750959806,0,9238606675097,0,56502003212,0,-36052577,0,-8854,0,1 # block t=6442 q=12T90 r=8 k=2
658909469254759804991,0,-629125153414735660844,0,149538321350528246024,0,-17307197243004069842,0,1185730542388108451,0,-52712174879704816,0,1602332111215472,0,-34063149555414,0,493773512883,0,-4393203472,0,18465167,0,-4284,0,1 # block t=6442 q=12T26 r=8 k=2
1195710310856961995437,0,-1142387211005245804152,0,131558597100918639366,0,-6484446504090190312,0,164327882037329724,0,-2079860126933460,0,8481685383713,0,45780986496,0,128022276,0,-7072712,0,-252,0,162,0,1 # block t=6442 q=12T26 r=8 k=2
973370518489,0,-2712242334867,0,3056167220832,0,-1608337453873,0,337763938113,0,-908249868,0,-4139890365,0,-285433866,0,-50412267,0,-6694951,0,117204,0,-279,0,1 # block t=6442 q=12T26 r=8 k=2
155311700557567,0,-468371131934239,0,597080575996094,0,-415792400438278,0,170177538600527,0,-40804878065851,0,5337082916381,0,-318073225811,0,5651163335,0,96986228,0,6491510,0,3665,0,1 # block t=6442 q=12T26 r=8 k=2
7882549948588679734663,0,-6261479786453533943928,0,887233210257493633263,0,-60732362622689496580,0,2498355488437134783,0,-67363889345486382,0,1233287605803272,0,-15399111270753,0,128128415943,0,-669253253,0,1935078,0,-2358,0,1 # block t=6442 q=12T26 r=8 k=2
48694631642374345349,0,-92176140892081602530,0,66553430942403765656,0,-22397200704252672092,0,3383495245180268202,0,-190989345110190164,0,10111191953603502,0,-406603301294786,0,10232247972973,0,-272077413786,0,83032532,0,-48490,0,1 # block t=6442 q=12T26 r=8 k=2
637797993587676181,0,-2191284938190824944,0,3143656381102222782,0,-2431829755425663680,0,1090433090967061127,0,-281943027413147872,0,38721348028333460,0,-2158173555584736,0,-7394409112157,0,9175704080,0,29787182,0,-35360,0,1 # block t=6442 q=12T26 r=8 k=2
8001817377807283843,0,-21342330483274328682,0,23274878483684481064,0,-13171741165978096226,0,4008556855191738679,0,-591769058087870033,0,24404371999854860,0,1477896647612476,0,22735706431244,0,170673156507,0,833020331,0,-57771,0,1 # block t=6442 q=12T26 r=8 k=2
34805744247712033,0,-43104200337172743,0,15378585930760629,0,-2812397190131302,0,315016554595410,0,-23259753979116,0,1161499892513,0,-39055404390,0,861566415,0,-12004652,0,102009,0,-486,0,1 # block t=6442 q=12T26 r=8 k=2
1300131814730561,0,-29621101825959218,0,-1715882625583845701,0,340797383027139620,0,11128849106938010842,0,3507474000648514900,0,-8132012357998219551,0,-31662206937273064,0,264563396389548,0,93838052062,0,-147435524,0,-3092,0,1 # block t=6442 q=12T90 r=12 k=0
118167400653289,0,0,0,-35508471109710339,0,0,0,56018035078675541,0,0,0,-12974065980852295,0,0,0,1616434053529,0,0,0,-7557497,0,0,0,1 # block t=6442 q=12T90 r=12 k=0
362475899701,0,1354607164376,0,1903598409974,0,1282574863196,0,412446072436,0,42073868522,0,-6046592671,0,-776998336,0,99447686,0,-3674442,0,58433,0,-404,0,1 # block t=6442 q=12T90 r=12 k=0
556949309966057,0,2223265503901560,0,3455746385404927,0,2699057548340760,0,1108948462350541,0,215691779644920,0,9696154988225,0,-1462193392904,0,39462758757,0,-372368988,0,1434425,0,-2084,0,1 # block t=6442 q=12T90 r=12 k=0
1008467456763646279,0,4997081071039606122,0,6148424186851796447,0,3115232129486084244,0,643373980650266083,0,3521366898060102,0,-16362432217040283,0,-1515944361673182,0,15995020981335,0,-49050930054,0,44309957,0,-13230,0,1 # block t=6442 q=12T90 r=12 k=0
3896347584656059,0,-240435400786520927,0,1354644737704073881,0,30932563571341966183,0,59213084513950539318,0,-185470566134991393855,0,-219889534474239162572,0,-3196962458851605728,0,36274967929059861,0,510522321178241,0,-11620494347,0,-7214,0,1 # block t=6442 q=12T90 r=12 k=0
142129,0,0,0,-654433589355,0,0,0,52733153940921,0,0,0,-414238355033657,0,0,0,467543472555,0,0,0,-7163485,0,0,0,1 # block t=6442 q=12T90 r=12 k=0
40201718315863987,0,82544623378622598,0,-27244527312202881,0,-2367428708749280,0,1753277851005012,0,-216757708430688,0,4078590238554,0,1056365415765,0,-79710307758,0,1653370753,0,4422045,0,3693,0,1 # block t=6442 q=12T90 r=12 k=0
5749943590948747334971,0,12716754676777854177060,0,-1522964611688099689889,0,61085224678609225860,0,-553125073805737499,0,-25823774468693748,0,705984643946099,0,-3626953450608,0,-49714508471,0,300106314,0,2072253,0,2724,0,1 # block t=6442 q=12T90 r=12 k=0
975214084782494089,0,0,0,-8299680804676629238,0,0,0,7472132743192689503,0,0,0,-1760208783279510092,0,0,0,90823548298830,0,0,0,-82081446,0,0,0,1 # block t=6442 q=12T90 r=12 k=0
74089,0,131810920,0,43118235970,0,-198299764032,0,-647382322833,0,526111901088,0,838731598396,0,35345595440,0,-850657497,0,-20090952,0,433986,0,-1584,0,1 # block t=6442 q=12T90 r=12 k=0
55808363132623207,0,123931515782676588,0,47500843874029512,0,-11488869956257092,0,835439708176538,0,-21143892058590,0,-227707436712,0,18929757084,0,-132229925,0,-4631130,0,37200,0,462,0,1 # block t=6442 q=12T90 r=12 k=0
214449188864,0,-4418557521920,0,8005819341824,0,116101025535488,0,120978301774592,0,-165944083214464,0,-183075731338560,0,-5090963951840,0,639132366080,0,-9264014704,0,-11268664,0,-1706,0,1 # block t=6442 q=12T90 r=12 k=0
154502913523009833928,0,94539129152041902432,0,-231708198254626646628,0,-129128887426688823012,0,65922941718110167048,0,22303919082447450324,0,-7307956793716827325,0,-16385195375831022,0,268482543625413,0,34702634334,0,-148852614,0,-786,0,1 # block t=6442 q=12T90 r=12 k=0
1065278945224363939,0,-8760779828134053932,0,-5397014490298607175,0,152697724124833941714,0,-73019769891514488284,0,-654762946182535702506,0,7711911281213651649,0,414418455590949314,0,-4134078879745596,0,-31170932075946,0,-1527862032,0,12961,0,1 # block t=6442 q=12T90 r=12 k=0
11631384439673153029447,0,95498069831112931910214,0,213299431402817685251971,0,130994878267136049590572,0,-61083785384444185228439,0,-59722479878209334425886,0,3367914454942610846616,0,-52182290401729131998,0,310935322423068011,0,-636011830049438,0,22891912058,0,-268126,0,1 # block t=6442 q=12T90 r=16 k=0
4154464746866449,0,-805921101164205086,0,23755388540149242629,0,426456494147943175052,0,-2190993836144178486483,0,1873698044153931958602,0,-19409741973894478206,0,-4241661380375154627,0,-37104198200707707,0,526483336081385,0,-11465221654,0,-13044,0,1 # block t=6442 q=12T90 r=16 k=0
276073945517,0,902911583052,0,-4850917088818,0,5326150659646,0,-2492144010211,0,556361465820,0,-50913437222,0,-489492982,0,289050990,0,-4442630,0,-78296,0,226,0,1 # block t=6442 q=12T90 r=16 k=0
322476797943840448,0,-573645730702572480,0,-1134449776133551968,0,1268499011250776000,0,-432888973361221680,0,58292169064732512,0,-1944570416136600,0,-115721466626160,0,402841549188,0,3841761884,0,-4179678,0,-3144,0,1 # block t=6442 q=12T90 r=16 k=0
1504403119307397329,0,2827889318679124573,0,819114224373797783,0,-648278156238191473,0,-92889221367103563,0,69414517164794859,0,-5199657612689757,0,-1276125179053754,0,219837986783215,0,-9608551302466,0,1403584171,0,-66369,0,1 # block t=6442 q=12T90 r=16 k=0
97783589,0,-816892599,0,-4345807611,0,-2540761789,0,1687633311,0,1099697240,0,-213766280,0,-89312949,0,20564460,0,-1400603,0,35156,0,-345,0,1 # block t=6442 q=12T90 r=16 k=0
556978672313691473,0,5227770099324840018,0,-12689629406670689763,0,10902718447492953880,0,-4483641861847668527,0,897962721645550794,0,-70398755432426519,0,-74595416799604,0,7322321973773,0,84424414,0,-21006795,0,8,0,1 # block t=6442 q=12T90 r=16 k=0
239858679292219037,0,-4397378175295449,0,-417101489015408268,0,130684095504205596,0,-14612355262374530,0,458182038509567,0,39997297509015,0,-4154208078751,0,144274753590,0,-1875902692,0,1649914,0,3309,0,1 # block t=6442 q=12T90 r=16 k=0
41978440037101,0,-115109011925360,0,-52009798223306,0,158337865010184,0,-86798867112921,0,18965440717184,0,-1442231843836,0,-18077779280,0,1819840523,0,635184,0,-171354,0,8,0,1 # block t=6442 q=12T90 r=16 k=0
388610074547316469,0,1410740916672121968,0,-792292066219801961,0,174474712561124340,0,-20616233047596134,0,1444909445903376,0,-61538651418028,0,1534396286652,0,-19220545908,0,50932932,0,730966,0,1578,0,1 # block t=6442 q=12T90 r=16 k=0
1994209812087741733913,0,4019607111434307141908,0,-875025009102295825270,0,56712479560818649940,0,-1743119342045142703,0,27953923048792220,0,-203272740423494,0,-179112410280,0,12123795562,0,-47081024,0,-167196,0,916,0,1 # block t=6442 q=12T90 r=16 k=0
7741737087178919936,0,-11634415653349859328,0,-14835375673945529344,0,37018158364706500608,0,-26061299922462482688,0,7903084029501644288,0,-894475751385315520,0,299533953342400,0,57489845752400,0,-2585109280,0,-67154292,0,116,0,1 # block t=6442 q=12T90 r=16 k=0
74214290359209943223,0,342851654371058790494,0,-206779543228260372745,0,47787685947864260126,0,-5440486688558199303,0,292520184476161692,0,-3241893738380480,0,-298365429883230,0,6318786782181,0,135158982714,0,-109924136,0,19484,0,1 # block t=6442 q=12T90 r=16 k=0
53948183042287799,0,238833657469958517,0,290908164369411936,0,-53480077086000897,0,-262648688795348973,0,-82525156494918242,0,14214584700084154,0,-719888698408865,0,14801238348818,0,-109519446779,0,67890006,0,-14356,0,1 # block t=6442 q=12T90 r=16 k=0
15566304998193221,0,-20791492036824496,0,-21893396695240472,0,55083109048320536,0,-38394497503990519,0,11617313888495532,0,-1324514131890172,0,1482298412724,0,244267640668,0,-97836984,0,-2451886,0,116,0,1 # block t=6442 q=12T90 r=16 k=0
204242118714341,0,-895305442379106,0,1613460844596863,0,-1535648840676860,0,822107722929195,0,-241641962500682,0,34441627833847,0,-1690878280172,0,35168750195,0,-344831690,0,1552865,0,-2644,0,1 # block t=6442 q=12T90 r=24 k=0
356940146337667390723,0,-552633662340746663810,0,333590618288982860166,0,-102655266181980752919,0,17468018775739868359,0,-1661227828622994541,0,85390317165305664,0,-2221737573756246,0,27898815568327,0,-140053503086,0,79950971,0,-15666,0,1 # block t=6442 q=12T90 r=24 k=0
255677781224601016,0,-498452991917604520,0,344574671735325852,0,-121941694651540168,0,25035273350142670,0,-3100862529214278,0,228260201254529,0,-9288754614940,0,179066900741,0,-1400506878,0,4187799,0,-3720,0,1 # block t=6442 q=12T90 r=24 k=0
213430394307907235767967,0,-715331967912601051098653,0,930346758357306444896300,0,-585387417598085820635097,0,179522956299442451720910,0,-23231483481857076591080,0,819300801432183311867,0,-11672672019451049675,0,68364652023497864,0,-119182396149298,0,20982454851,0,-283828,0,1 # block t=6442 q=12T90 r=24 k=0
101279127713155048,0,-434482981268583488,0,762281139464421740,0,-701118597680361164,0,358652371084953464,0,-98780612908195088,0,12635496045685919,0,-470682377875978,0,4774810855337,0,-17643507398,0,21879990,0,-9642,0,1 # block t=6442 q=12T90 r=24 k=0
3067761476149,0,-6852664021914,0,6347072814247,0,-3190770149296,0,957181592813,0,-177901409946,0,20722172467,0,-1511924714,0,68792693,0,-1921384,0,31611,0,-278,0,1 # block t=6442 q=12T90 r=24 k=0
4815644287733,0,-93033762972205,0,374609566137626,0,1031962006041049,0,-3739569422778722,0,-8214432467595795,0,-2600407371075142,0,412355363853610,0,1258729471881,0,-938486825353,0,-159605731,0,2697,0,1 # block t=6443 q=12T90 r=12 k=2
6403257655880014609,0,0,0,-10442204475434912471,0,0,0,3717747860847668229,0,0,0,-377259392925806569,0,0,0,40684193772163,0,0,0,-60483991,0,0,0,1 # block t=6443 q=12T90 r=12 k=2
235200620373006007,0,253921016829964014,0,-310109191296778201,0,-340232057144690118,0,63757957039076885,0,65499784050226260,0,-13377809120343135,0,-113587588124718,0,3542491090255,0,1470143160,0,-16746083,0,-210,0,1 # block t=6443 q=12T90 r=12 k=2
413962954818550957,0,24932950671288003370,0,71963201509949162261,0,83787531586905374254,0,48373360060392097334,0,13712134104509175028,0,1467411616646539035,0,-21680466549075758,0,95305511616340,0,-144358215370,0,84460440,0,-16404,0,1 # block t=6443 q=12T90 r=12 k=2
338281,0,-5711164,0,-11587832,0,2786224,0,9717468,0,3564670,0,-102838,0,-203868,0,-9937,0,3954,0,108,0,-34,0,1 # block t=6443 q=12T90 r=12 k=2
17502040399936,0,0,0,-197754317290416,0,0,0,168628151228728,0,0,0,-26335906348749,0,0,0,12235397519,0,0,0,-438702,0,0,0,1 # block t=6443 q=12T90 r=12 k=2
9257449442459,0,28717966383786,0,34366368919197,0,19673288169338,0,5095006162017,0,235677785940,0,-112014568439,0,-7425358408,0,1251857855,0,-32928706,0,305043,0,-976,0,1 # block t=6443 q=12T90 r=12 k=2
90178407281007319824619,0,320013435186909887749574,0,-361902697437090212614233,0,115971696630571811417122,0,-4314231246844901192578,0,-4369845647079002774654,0,752039199013179083030,0,-24013391872538616225,0,-1669837046133226038,0,-4743907304807963,0,-22553343741,0,200745,0,1 # block t=6443 q=12T90 r=12 k=2
1337129133649,0,0,0,-357485173568429,0,0,0,300157560079673,0,0,0,-37044588172831,0,0,0,14424551789,0,0,0,-464431,0,0,0,1 # block t=6443 q=12T90 r=12 k=2
468308412547201835503,0,15167661435566904670090,0,4819138497052098880308,0,505463210282544755412,0,10614835429393163523,0,-1305878544034656718,0,-55439508923832102,0,1267414499869580,0,51213779009223,0,-947957446260,0,294940935,0,-30164,0,1 # block t=6443 q=12T90 r=12 k=2
2543084041,0,0,0,-4363819254786958,0,0,0,89857013174563055,0,0,0,-207154335480891492,0,0,0,33494079956359,0,0,0,-57276878,0,0,0,1 # block t=6443 q=12T90 r=12 k=2
669771912548594584483,0,7451065095887987024794,0,-7337770779010043318118,0,-2023962111056874955775,0,-75963144129124060666,0,20322961733619218409,0,2390043287559978876,0,89507858477748443,0,520932279007998,0,-24507737523487,0,2599806038,0,-89819,0,1 # block t=6443 q=12T90 r=12 k=2
66420607275347429,0,2327728675722198554,0,-2192412484868521290,0,730844315616268413,0,-102186443962778196,0,2757703551977987,0,771620870593285,0,-73230262801220,0,1142382156505,0,57445502022,0,44720476,0,11615,0,1 # block t=6443 q=12T90 r=12 k=2
450449474717460203,0,2660903273349962520,0,2291701549231360183,0,743696781357835876,0,90960219506570136,0,-556015353309898,0,-743778833822409,0,-5586940424924,0,2413983274464,0,-52242559918,0,42320290,0,-11397,0,1 # block t=6443 q=12T90 r=12 k=2
2003,0,-98398546,0,359322299195,0,52854882407598,0,-815725058227746,0,921192598703168,0,546068147935120,0,83209511179631,0,4282672280874,0,56814845387,0,-53629211,0,10087,0,1 # block t=6443 q=12T90 r=12 k=2
78334193462920723,0,1011819190086826694,0,38140496695008784,0,-612345465678947526,0,-110035224928936981,0,79041548696128924,0,17801049113580544,0,-571831162733260,0,5481136864225,0,-17565730018,0,21396048,0,-8302,0,1 # block t=6443 q=12T90 r=16 k=0
432238251647849304769,0,-2053609260430718858909,0,2120217276089373202933,0,2148767947394655583695,0,-4049433446056154035700,0,1208099503019431068094,0,-2980946668030077531,0,-588635989087860168,0,-1812898979861276,0,29996481813867,0,-1573313357,0,-9751,0,1 # block t=6443 q=12T90 r=16 k=0
11199489853,0,-284245296290,0,-170029175710419,0,83606270646510,0,731181527501655,0,-84972750074644,0,-458194360352057,0,21809116051792,0,-246403832269,0,94914154,0,7097417,0,-8582,0,1 # block t=6443 q=12T90 r=16 k=0
83717465324828200067,0,-152871174973275662749,0,-44994106787997922024461,0,388151646713219793951609,0,-521201835113172300949871,0,188818036745380886687647,0,-2080803118725372631941,0,-65392422357349675378,0,-103423627909499127,0,1386237394641360,0,-21574596841,0,-21175,0,1 # block t=6443 q=12T90 r=16 k=0
357321334881143059841,0,-1841280816030605175560,0,2123682463871374787650,0,2157247120276729986432,0,-4833833990811718280107,0,2019096443691545559561,0,28007923639578109822,0,-4038804346852587166,0,-61488494829826084,0,551762586603549,0,-11158473375,0,-23015,0,1 # block t=6443 q=12T90 r=16 k=0
5345397779933,0,10304426732460,0,-45900104246857,0,49756563048682,0,-23141934015173,0,4396239143660,0,-78662675798,0,-47612373459,0,669714771,0,106495333,0,-379288,0,-126,0,1 # block t=6443 q=12T90 r=16 k=0
2849538161,0,7201382681902,0,2093336251017275,0,-93692295883102660,0,-525010110102638826,0,-153092065268675272,0,156856571375373596,0,-26128252273175253,0,1405740456432300,0,-16334719383921,0,1982879707,0,-78533,0,1 # block t=6443 q=12T90 r=16 k=0
18127748416,0,67534292992,0,-203610263392,0,192541280128,0,-89682027404,0,22750389348,0,-3092981263,0,188971374,0,-244063,0,-423318,0,7350,0,248,0,1 # block t=6443 q=12T90 r=16 k=0
54467061051074942797367,0,267195236491237624174835,0,-80772983777428130326403,0,9612256028519682716223,0,-569195796960947448570,0,15951206896911315076,0,-66178194776132061,0,-7355767063794442,0,166017233338646,0,-1088240513545,0,-176589087,0,3033,0,1 # block t=6443 q=12T90 r=16 k=0
431856211815757,0,-34713913319567760,0,-143270124522954038,0,-133152079103308356,0,132890321163238077,0,267378451645200164,0,106224320845071362,0,-3084867681731096,0,23411411840442,0,-55538031892,0,47651684,0,-12512,0,1 # block t=6443 q=12T90 r=16 k=0
142031,0,-1204250,0,3018460,0,-718086,0,-7242501,0,9766940,0,-3539376,0,-461996,0,398069,0,-38498,0,-2028,0,18,0,1 # block t=6443 q=12T90 r=16 k=0
260912650289341,0,138043701819310,0,-708938228194672,0,536841350283756,0,-174381692194928,0,30385499527572,0,-3061623816419,0,177431072728,0,-5314821276,0,51039660,0,530082,0,1316,0,1 # block t=6443 q=12T90 r=16 k=0
22487481383627822561,0,46427126960688081268,0,-160301888738274384,0,-8056056423329265899,0,2408473193199492298,0,-330082285872933007,0,25206473817813438,0,-1102821023766972,0,25783606517939,0,-247097742937,0,-69361132,0,1185,0,1 # block t=6443 q=12T90 r=16 k=0
3895277445783872,0,-7664263387042496,0,-5549414256596384,0,20569521468232672,0,-16641044778651168,0,5711353501412496,0,-767775610101224,0,12890265725120,0,220111142256,0,-823789360,0,-2855268,0,1170,0,1 # block t=6443 q=12T90 r=16 k=0
943604770921,0,-3302923796638,0,2108847924617,0,3967138174154,0,-5751569620472,0,2000303802686,0,57305130142,0,-22503537574,0,-273503596,0,48811302,0,-174482,0,-240,0,1 # block t=6443 q=12T90 r=16 k=0
77756514958037,0,-182504032835568,0,168214467572219,0,-79883243196836,0,21690527780099,0,-3519754864200,0,344638391755,0,-20029533244,0,667844825,0,-12394784,0,121649,0,-572,0,1 # block t=6443 q=12T90 r=24 k=0
474965065063129873,0,-2146364756550722480,0,3979336839551661930,0,-3874053333733670288,0,2092892318446903814,0,-600379639166639950,0,75057274835632264,0,-1463462041746048,0,9720344866311,0,-26395754894,0,29063926,0,-12018,0,1 # block t=6443 q=12T90 r=24 k=0
3299418806915742303451,0,-7986559287178814715725,0,7390072689340934054183,0,-3447643029938979798774,0,880932295207841322696,0,-123778120940528711666,0,9020253529462075687,0,-300876207752132496,0,4479156597230627,0,-24391706670176,0,2586091529,0,-89728,0,1 # block t=6443 q=12T90 r=24 k=0
146456399348681061851,0,-588254296255119038981,0,947717911283926372005,0,-777020985149097746472,0,338590703551847019724,0,-74291806034549635633,0,7066712333121575000,0,-261480721291575204,0,4088855441406523,0,-23065656694410,0,2516849288,0,-89159,0,1 # block t=6443 q=12T90 r=24 k=0
543903038576251313,0,-1497455864343812684,0,1714440064482110303,0,-1050963897620868124,0,369131515639605908,0,-73382940505439960,0,7552054871073047,0,-321646163009436,0,3735687690266,0,-15295166836,0,20222626,0,-9392,0,1 # block t=6443 q=12T90 r=24 k=0
12074726748892805663,0,-36279256443669395947,0,44646247818146432327,0,-28887591218260760104,0,10465662598163178807,0,-2088911801615558059,0,214076032329831059,0,-10654705854027529,0,225436500462189,0,-1318622359817,0,355300318,0,-32571,0,1 # block t=6443 q=12T90 r=24 k=0
17405280609763289338577,0,-42924906761357509034706,0,42742802503757234590880,0,-21772642564777621521149,0,5892620452300587381767,0,-787773608455153208693,0,42251416925491652775,0,-979017444146957727,0,9911669696019975,0,-35742909150355,0,3323045584,0,-101548,0,1 # block t=6443 q=12T90 r=24 k=0
5644682157384494167,0,-10829192258680296913,0,7690754510907148550,0,-2825168644084043940,0,602851655063895651,0,-77572047987998370,0,5957860003148970,0,-258395930798125,0,5630419678826,0,-48790386264,0,40329491,0,-11233,0,1 # block t=6443 q=12T90 r=24 k=0
9786132414043,0,-28003535835991,0,34178353236349,0,-23188476893081,0,9556766737939,0,-2457986770254,0,391240236905,0,-37122017213,0,1951911089,0,-49335176,0,427705,0,-1335,0,1 # block t=6443 q=12T90 r=24 k=0
76306939841334429361,0,-168244689399920288580,0,150649104476162787496,0,-70257499302175426470,0,18128005412437585834,0,-2510145475567566810,0,160575208817284142,0,-2828574153236502,0,17807643924113,0,-43416313404,0,39902598,0,-13302,0,1 # block t=6443 q=12T90 r=24 k=0
22569213344894927003,0,-67420507174497936806,0,82836137060522298436,0,-53671211394528382210,0,19421051754280252899,0,-3771978620819569324,0,328479438102800656,0,-6001657848624532,0,35101255075393,0,-71287180142,0,54402540,0,-13290,0,1 # block t=6443 q=12T90 r=24 k=0
5882096684073024498357,0,-9211182767211294489105,0,5621647326276890294667,0,-1747891161271195872048,0,299545331692594962762,0,-28367284694109365610,0,1404177459981997977,0,-32416530401957148,0,342637340906961,0,-1381598698104,0,374014377,0,-33966,0,1 # block t=6443 q=12T90 r=24 k=0
33013,0,-189198,0,225687,0,351784,0,-630723,0,-141558,0,354255,0,62394,0,-47355,0,-6300,0,1347,0,-66,0,1 # block t=6444 q=12T129 r=16 k=2
769249280296,0,-843194944704,0,815668770000,0,-461977615408,0,200108185596,0,-50391746064,0,8085213240,0,133960896,0,-16521156,0,-74740,0,7518,0,-12,0,1 # block t=6445 q=12T88 r=0 k=1
32483170477,0,61877604768,0,50279403090,0,23561478554,0,7195417200,0,1523356326,0,230812530,0,25341354,0,2008323,0,112370,0,4224,0,96,0,1 # block t=6445 q=12T129 r=0 k=1
159677081150546559095896,0,224789003132437892473704,0,109804856692738963765272,0,35512169949312672359624,0,8102325297767598905454,0,995111031500517729366,0,46729432138629589017,0,1820483960469033204,0,200713531621418748,0,50787783957764,0,-69225147,0,34086,0,1 # block t=6445 q=12T129 r=0 k=1
50520664662965029,0,-95826608267452132,0,40570083824306448,0,4271283448591752,0,460613339026998,0,3396456835988,0,573737665318,0,-6954181580,0,350201785,0,-3297640,0,161106,0,248,0,1 # block t=6445 q=12T129 r=0 k=1
1659769805281,0,-479950725044,0,-889661999674,0,242045432952,0,189724941917,0,-92776616332,0,15073679354,0,-855014764,0,3698054,0,493772,0,11028,0,80,0,1 # block t=6445 q=12T88 r=0 k=1
5057630357981630061011,0,4354212246284933297212,0,645100755474113430756,0,-13943504943249619448,0,9639931226478638918,0,3375418201353003426,0,125236076626387650,0,7049556691392616,0,53960611951983,0,72847995842,0,42978216,0,13018,0,1 # block t=6445 q=12T88 r=0 k=1
41815749853184,0,-127606341361664,0,163248133396480,0,-112548366662144,0,44529985636864,0,-9848173834752,0,1064924033984,0,-38006376800,0,645381328,0,-4759880,0,22384,0,-158,0,1 # block t=6445 q=12T88 r=0 k=1
4310127913,0,1221249302,0,-3858581734,0,904611142,0,877564193,0,-695029773,0,228720840,0,-41146671,0,4223081,0,-207377,0,362,0,305,0,1 # block t=6445 q=12T88 r=0 k=1
5453966460389,0,10112714550835,0,8102156147840,0,4042479650378,0,1412106411480,0,347184740720,0,57984058114,0,6294646797,0,422298485,0,16473871,0,344138,0,2583,0,1 # block t=6445 q=12T88 r=0 k=1
289974735717633,0,-1516124422076220,0,4101653207724450,0,-7431311537622764,0,9535192138491759,0,-7360681746338424,0,2441989582784732,0,-57928965872568,0,581193642095,0,-2960505164,0,7092386,0,-4700,0,1 # block t=6445 q=12T88 r=0 k=1
91908068478976,0,-108990855847936,0,39302522329088,0,-3366604759040,0,127369762048,0,-362412728832,0,80424166528,0,1599436416,0,66592608,0,1450656,0,20656,0,192,0,1 # block t=6445 q=12T129 r=0 k=1
375047,0,1424862,0,2471724,0,2620168,0,1899215,0,990658,0,380960,0,108970,0,23132,0,3590,0,394,0,28,0,1 # block t=6445 q=12T88 r=0 k=1
31082097954697,0,184630379569772,0,457706999063482,0,606932468708588,0,455402234000959,0,184959972137368,0,33125495103116,0,803843713912,0,9895084951,0,57333884,0,261210,0,796,0,1 # block t=6445 q=12T88 r=0 k=1
205336291,0,2116047714,0,6494081464,0,3043505438,0,-1211863485,0,-65784908,0,38229256,0,-35957156,0,12679641,0,-1220918,0,19008,0,1702,0,1 # block t=6445 q=12T88 r=0 k=1
7247156030329873,0,20827997417747520,0,43144657281859308,0,42759532138720684,0,32363657293557366,0,44605732954597164,0,26296635641460738,0,428218599464100,0,2897509521573,0,9912012496,0,15919110,0,7044,0,1 # block t=6445 q=12T88 r=0 k=1
277224114910489088,0,-712290938232442368,0,712252385991606784,0,-363547615545187840,0,102568901797081920,0,-15635791705449216,0,1120263863833248,0,-29775103246464,0,21655481952,0,320114824,0,1030740,0,1508,0,1 # block t=6445 q=12T88 r=8 k=0
2176086848140932813,0,1574014827576013259058,0,39245529945951730254924,0,45724095153674131305762,0,8512159855287336088671,0,268595518356007269768,0,2049570891291483576,0,-10680731944042536,0,-107362116322605,0,235392273126,0,685823436,0,-53298,0,1 # block t=6445 q=12T129 r=8 k=0
9131963619834401689,0,-24895434601249930200,0,28287519579309374622,0,-17319864329155758740,0,6138793796092572294,0,-1241487343741827708,0,126740907400884108,0,-4284988465574826,0,46090289258235,0,-200458755608,0,128658984,0,-20664,0,1 # block t=6445 q=12T129 r=8 k=0
3996506557043400664139,0,25159320529029834696964,0,-3281502994775631851522,0,178826623696661603892,0,-5261889563279210595,0,88653954485215748,0,-810412134542062,0,2871393443512,0,8162132954,0,-60469376,0,-149792,0,816,0,1 # block t=6445 q=12T129 r=8 k=0
73595969,0,9897239052,0,55505511660,0,-9836161592,0,-17948773422,0,96793242096,0,73193648914,0,-19514907516,0,1302292425,0,-34084724,0,363798,0,-1548,0,1 # block t=6445 q=12T129 r=8 k=0
468044752416055913987,0,-496888550983698506934,0,71803081102461238502,0,-4880955754628295182,0,198562018852670342,0,-5338909670417910,0,99516649102862,0,-1312382581000,0,12250576357,0,-79370114,0,340110,0,-868,0,1 # block t=6445 q=12T88 r=8 k=0
1363968,0,6746112,0,11464704,0,8199168,0,1933056,0,-488448,0,-290304,0,-13824,0,10800,0,1104,0,-144,0,-12,0,1 # block t=6445 q=12T129 r=8 k=0
80503057216,0,-31985275968,0,-13555718304,0,-9857990144,0,3785517008,0,468698608,0,-124920904,0,-32360392,0,7266380,0,-87236,0,-6362,0,6,0,1 # block t=6445 q=12T129 r=8 k=0
71474343386484278624903,0,-170986443631580577477612,0,164674634832665854887840,0,-78821121902448466825576,0,18577513711780917682770,0,-2133256334168868148368,0,134777288782979577000,0,-969672268270814130,0,2434242332568339,0,-4836556689752,0,892488306,0,-52224,0,1 # block t=6445 q=12T129 r=8 k=0
2293053119874876401,0,-2635099422872778988,0,591992757357924720,0,-64937228214783442,0,4306306839073736,0,-189017768353260,0,5739675840282,0,-122884308958,0,1855086615,0,-19363538,0,133206,0,-544,0,1 # block t=6445 q=12T88 r=8 k=0
16085587883,0,179838944928,0,-138260768300,0,-84500089936,0,131347392958,0,-60173341176,0,13309694162,0,-1442405552,0,65792553,0,-1393820,0,16150,0,-160,0,1 # block t=6445 q=12T129 r=8 k=0
35227223123912,0,15013947505248,0,-32542828342920,0,-44373456937008,0,52806273159912,0,-13328054548736,0,233327442700,0,-157652437060,0,7665943358,0,-114303060,0,591108,0,-1424,0,1 # block t=6445 q=12T88 r=8 k=0
907586400432691,0,-1205003555126301,0,393590404563384,0,-114761615223235,0,78409862606970,0,-18834424949511,0,676108889088,0,-136239611994,0,12010368159,0,523508675,0,5061558,0,-65784,0,1 # block t=6445 q=12T88 r=8 k=0
88690436018085261312,0,-192812664363237679104,0,169634890704298586112,0,-77603484496929785856,0,19585628501582116608,0,-2630079373851369984,0,168441299758240256,0,-5799185881441664,0,-3082626909168,0,1602150656,0,4556880,0,3632,0,1 # block t=6445 q=12T88 r=8 k=0
32081080321029551659,0,-31637791307148754962,0,5972432699270987774,0,-548518182108369662,0,30415367367549218,0,-1113257724347154,0,28017917659016,0,-491911182320,0,5993401355,0,-49391382,0,260510,0,-784,0,1 # block t=6445 q=12T88 r=8 k=0
45638604924794601472,0,36263247071908970496,0,-16774701349904621568,0,1863827886315106304,0,-56865774087217152,0,-1723723378698240,0,110313442247424,0,-165067235712,0,-55515265632,0,312001760,0,8398608,0,5796,0,1 # block t=6445 q=12T129 r=12 k=0
418106441107744197551,0,-1293097520172609081192,0,1606553315438104939250,0,-1037823744142959070008,0,374512073589841206839,0,-73882265107643680476,0,6622938787212797354,0,-59326165553322808,0,151430569849818,0,-197161017100,0,29746800,0,-17916,0,1 # block t=6445 q=12T129 r=12 k=0
3653522037198577,0,-14482192084864212,0,21863470296364038,0,-18714053365813344,0,15621666453913149,0,-12177648327506172,0,4382085434404698,0,-147763126820436,0,911858657526,0,836949092,0,-9323244,0,-12264,0,1 # block t=6445 q=12T129 r=12 k=0
1322081755398707689,0,-3348147305959417304,0,3490595148023445100,0,-1919154174425191828,0,589730753290986018,0,-97836854666899812,0,7479628171594466,0,-144780306844924,0,-40598145427,0,-1905268608,0,1400090,0,-1924,0,1 # block t=6445 q=12T129 r=12 k=0
78548267165143925161,0,-76534280626491016032,0,-123404124691092268554,0,92714934144366898736,0,29336682423672147015,0,1464075943256239416,0,16114759696349340,0,-230048486790264,0,-3174541312689,0,14595172520,0,88065390,0,-19128,0,1 # block t=6445 q=12T129 r=12 k=0
155717261303273497,0,-1837736851838927988,0,8416171469133596532,0,-18543747190597524436,0,21226390517637352026,0,-12312675314269664976,0,2983445114380205766,0,-88071199269202152,0,507067227714465,0,-873948964288,0,242819742,0,-146748,0,1 # block t=6445 q=12T129 r=12 k=0
231074638045724197,0,61023954001133058,0,-1194804070991467191,0,-544355670638038618,0,1231240906457739657,0,273173638021558938,0,-362802479989775185,0,5201896689742386,0,-7173518390145,0,-9360884952,0,6576615,0,6006,0,1 # block t=6445 q=12T129 r=12 k=0
30349347747889673,0,-103306815930639136,0,145044889094559722,0,-107534630090809216,0,44579696981699007,0,-9941663108674980,0,998858213077414,0,-21456906978496,0,154205794068,0,-157280072,0,-1430840,0,-1804,0,1 # block t=6445 q=12T129 r=12 k=0
25499495473660575361,0,-61510280564817985656,0,61097175878333877536,0,-31998047687576390468,0,9336152297187162722,0,-1447675095080420648,0,95893948929687210,0,-575696737724160,0,1522978806051,0,-6834578620,0,-1471806,0,-4752,0,1 # block t=6445 q=12T129 r=12 k=0
1978562778946553147263,0,-2780420411857754934520,0,1496803627783637591146,0,-411784672276437776220,0,62741970386098977667,0,-5201338533773593968,0,205133274736015020,0,-2472348504124352,0,10777768315125,0,-16676697608,0,-642262,0,-10676,0,1 # block t=6445 q=12T129 r=12 k=0
3221956825890720404833,0,-2455760495267016974724,0,488388407278013637738,0,-42837742866955987548,0,2085005479372862397,0,-62318620976252400,0,1194469548023466,0,-14830712575140,0,118070328942,0,-597279904,0,1995900,0,-4344,0,1 # block t=6445 q=12T129 r=12 k=0
160558998607372448159,0,-257736715798743632884,0,161641856706369217760,0,-67619105366750077604,0,30505699127501817060,0,-10203537275094784348,0,1372129857868814942,0,-728565124479960,0,1138842455703,0,-35622450436,0,49286890,0,-19084,0,1 # block t=6445 q=12T129 r=12 k=0
1123486914033921205369,0,-1243761236974401939852,0,282583041149636188686,0,-26980180590161857776,0,1407978867029739804,0,-44821609560552936,0,911464240235976,0,-11968897381464,0,100414983069,0,-532893848,0,1865394,0,-4296,0,1 # block t=6445 q=12T129 r=12 k=0
131195456197,0,-378958463404,0,431729012954,0,-250220382252,0,78790137107,0,-13091578272,0,974981914,0,-18870872,0,132640,0,60228,0,-2960,0,-64,0,1 # block t=6445 q=12T129 r=12 k=0
1211009380740722688,0,-1146884308089569280,0,356237673152065536,0,-51884951304429568,0,4331787755782656,0,-228985173218304,0,8050172389632,0,-191854121088,0,3087138864,0,-32602688,0,212088,0,-744,0,1 # block t=6445 q=12T129 r=12 k=0
66832405908240239,0,31159561061082650004,0,-35555945392095749160,0,-1291052180789055089720,0,-2873001254684382271779,0,842151463622792132904,0,4276315385962142298988,0,-27353516290706009016,0,25339573204968258,0,-8161775829672,0,1081103436,0,-57120,0,1 # block t=6445 q=12T129 r=16 k=0
53458071463000,0,-70799064246000,0,-978500739820200,0,904463650623700,0,-277169162843010,0,31388653380540,0,-289474984497,0,-106867602858,0,-776001291,0,12773232,0,34548,0,-516,0,1 # block t=6445 q=12T129 r=16 k=0
577208570022416853,0,268604051634831613158,0,-173264699494037509956,0,-19148131513434502818,0,20886412427981167455,0,1150465579377805080,0,-763193156926103856,0,-69456915713541600,0,1041340101592707,0,-4246396510374,0,5351576508,0,-147582,0,1 # block t=6445 q=12T129 r=16 k=0
69159052461560694371,0,1019464438028233130526,0,-5168539006995811585932,0,8948765286039928860172,0,-7334394913123250504832,0,3003796156892003848710,0,-560142060514966171160,0,31738497628415250510,0,-37362964319521935,0,3974415825348,0,1567458642,0,77640,0,1 # block t=6445 q=12T129 r=16 k=0
35788142196961522057,0,-118219446977895463104,0,22415174307860416485,0,213157140117693158940,0,-189374946691085251293,0,58550050661364091374,0,-6363489917203863907,0,50614918730539758,0,-41481667228785,0,-36633199288,0,15242643,0,9258,0,1 # block t=6445 q=12T129 r=16 k=0
35809883369030952,0,54524229264467784,0,-5932895069978280,0,-2071803090707712,0,289093525424856,0,9399297800304,0,-2958248025252,0,129370555260,0,-359428662,0,-54185364,0,707976,0,-1602,0,1 # block t=6445 q=12T129 r=16 k=0
207527402944010899,0,-2416104310839770856,0,5948600411229280497,0,298568656887780188,0,-6805690462458345156,0,4349603942565569520,0,-827907489573070495,0,8848164669096360,0,-9754279096740,0,-12842645400,0,7107498,0,6396,0,1 # block t=6445 q=12T129 r=16 k=0
5184094655729664,0,20275140284817408,0,22125170721171456,0,4843418494138368,0,-2761428336042240,0,-525726363009024,0,178636775484672,0,-13444268967936,0,333339505200,0,-3411221664,0,13189896,0,-7032,0,1 # block t=6445 q=12T129 r=16 k=0
8768335768064000,0,-32503422061056000,0,49237540039526400,0,-39024454628480000,0,17144327653148160,0,-4036715044650240,0,438349372386304,0,-13302692908416,0,146350656240,0,-742618512,0,1868808,0,-2232,0,1 # block t=6445 q=12T129 r=24 k=1
14619359802191872,0,22521241846218752,0,-14362567743175680,0,-40921455186705920,0,-21400378394816256,0,-2938219903900288,0,-288602913297152,0,-8937172923680,0,-580421601360,0,9886354120,0,-210024612,0,463704,0,1 # block t=6446 q=12T88 r=4 k=0
101933158263623,0,489103631546058,0,816996767915412,0,290289169828454,0,-772718704815957,0,-1048833022797756,0,-456785285700288,0,-41669805330580,0,-486273408819,0,55483427026,0,-481644436,0,-1855922,0,1 # block t=6446 q=12T88 r=4 k=0
17414258688,0,441161220096,0,-100131987456,0,-1952251269120,0,2101354140672,0,-1361017479168,0,248707272960,0,-21563065728,0,365352768,0,-3818016,0,31320,0,-168,0,1 # block t=6446 q=12T88 r=4 k=0
4678393977277649175087,0,22310389457780291770086,0,14478527036443083922440,0,2186394157695575552112,0,-282363758766902046420,0,-26347963199545559358,0,9895915951199050302,0,-82739386528156782,0,449870551798167,0,-1628389879460,0,423700818,0,-36090,0,1 # block t=6446 q=12T129 r=4 k=0
172110597039191505636047,0,510347281118008818664080,0,452180578641349879030184,0,187421859242016184949416,0,40613190618389775349680,0,4456111479673765597864,0,191497608108337042518,0,-672463269892150772,0,1183004657144887,0,-942031994472,0,163398466,0,-45780,0,1 # block t=6446 q=12T129 r=4 k=0
960890944,0,12448640576,0,-25262427440,0,31905476032,0,-20905006948,0,7159623444,0,-1360647369,0,144089698,0,-7883435,0,163724,0,1342,0,-90,0,1 # block t=6446 q=12T129 r=4 k=0
6604147873,0,7663253226,0,-2703195492,0,-2414540112,0,-987318474,0,-261483106,0,-52142924,0,-7140818,0,-736259,0,-47468,0,-2320,0,-20,0,1 # block t=6446 q=12T88 r=4 k=0
147997933,0,1078216884,0,1481192046,0,-2884832916,0,-2115261177,0,4165161672,0,-10350874092,0,2482152472,0,-292330901,0,15220292,0,-862434,0,12476,0,1 # block t=6446 q=12T88 r=4 k=0
8589934592,0,118942676811776,0,6999180979470336,0,-369586993480335360,0,-10284645178408960,0,-9991746436273799168,0,-1627726887460929536,0,-184675054906114048,0,2410426071040,0,44049821696,0,8558208,0,1456,0,1 # block t=6446 q=12T88 r=4 k=0
93247238097,0,-16833549662856,0,-59426696994192,0,250241842649988,0,871657493676306,0,779819403282156,0,330233530960558,0,2097842751856,0,47769672627,0,273632220,0,-163034,0,2496,0,1 # block t=6446 q=12T129 r=4 k=0
1661681897530273,0,9480269961887808,0,-465046891360050,0,-4772342632107360,0,-1742756391591585,0,-1520430526677600,0,-1608373788313848,0,-198552631830120,0,-4368523511841,0,-29921761712,0,-44779998,0,-29064,0,1 # block t=6446 q=12T129 r=4 k=0
7257385210598789,0,168517861217325116,0,-182373238210684108,0,110851379237559360,0,-45290172743813305,0,12242630082578724,0,-1080653434394640,0,35563451372396,0,-354138009493,0,-15847336,0,1355276,0,-3012,0,1 # block t=6446 q=12T88 r=4 k=0
9834496,0,111691776,0,196752640,0,-520679424,0,1156269440,0,-1632370496,0,1177739981,0,-443250693,0,90320067,0,-9793234,0,513785,0,-7960,0,1 # block t=6446 q=12T88 r=4 k=0
576241,0,-714121,0,-1669784,0,1146539,0,642508,0,-38581,0,-232010,0,-3800,0,11581,0,-3495,0,-876,0,-62,0,1 # block t=6446 q=12T88 r=4 k=0
555766673047552,0,-82817579044831232,0,132452770596782080,0,2012215450325090304,0,3417982151826817024,0,1974700057018515456,0,259259404377677824,0,10325585256218624,0,-11527493568384,0,1041118848,0,8033888,0,-5096,0,1 # block t=6446 q=12T88 r=4 k=0
7407261609047180957,0,-8839753881783249595,0,1848788121372492837,0,-187925780665313512,0,11603738801260358,0,-476993318336172,0,13612410256671,0,-273626430440,0,3848430412,0,-36761845,0,223596,0,-756,0,1 # block t=6446 q=12T88 r=8 k=2
20389752088963901,0,-43290892936368567,0,35292580100556289,0,-12829799090481269,0,1247257206130206,0,445399093967100,0,-101388431863154,0,-3829467109107,0,1725690389591,0,-23022746288,0,257501982,0,-755336,0,1 # block t=6446 q=12T88 r=8 k=2
116344562258809,0,10823405085898440720,0,-72417297286827271794,0,181491717369359858040,0,-158273495562087465900,0,51192487830463621200,0,-41092458820943223076,0,1532902892545100064,0,-6337909963089849,0,5392384275560,0,3279517788,0,430236,0,1 # block t=6446 q=12T129 r=8 k=2
1042511562543179,0,-2927744455207361,0,3386370447061991,0,-2594681619969799,0,1613520625908618,0,-579694464600426,0,67231712306956,0,-8105303714347,0,659220374617,0,-11025009250,0,112732568,0,-490958,0,1 # block t=6446 q=12T88 r=8 k=2
924116397183277678449,0,-636776385550084574748,0,-1486578131846049988206,0,909030875067549492084,0,731116610661029349711,0,-411043788386520006840,0,-25323961574670155972,0,-1122922589031453560,0,-66949077134817,0,110360939988,0,51194962,0,10500,0,1 # block t=6446 q=12T88 r=8 k=2
40008220928254943103801,0,57581946073146885059952,0,-1044444188252005099914,0,-242937604606257813680,0,15786702767644743807,0,-451479109689324240,0,7375700079112968,0,-73499284545912,0,449894973447,0,-1677662608,0,3996378,0,-6408,0,1 # block t=6446 q=12T129 r=8 k=2
1477184417487212921,0,-5194925539054744188,0,7055663903089979370,0,-4902197688503961244,0,2169087633565654815,0,-740046377161711800,0,132693127926822252,0,2535348106815912,0,5371489562823,0,-163604290124,0,9111882,0,2676,0,1 # block t=6446 q=12T129 r=8 k=2
548814051149854967,0,-1906373585419256572,0,1207463251971621088,0,2510050632835500388,0,-3357423123581499628,0,518227390681147828,0,259393679328113782,0,394477582718456,0,-4855307332259,0,-12579665544,0,26818270,0,-12688,0,1 # block t=6446 q=12T129 r=8 k=2
12373830990381633818347,0,-13254652220790031633876,0,1310272014928248454534,0,-59154362493049908558,0,1560162253129452106,0,-26503922890337820,0,305708498750545,0,-2508696964420,0,15678468090,0,-80408744,0,329529,0,-878,0,1 # block t=6446 q=12T129 r=8 k=2
713477500276139,0,3651702820524120,0,7568051781401712,0,8037429052627948,0,4447873361064495,0,1035723696765648,0,-47448497462456,0,-40865826017208,0,2013567387453,0,-22085634984,0,-55657608,0,-30852,0,1 # block t=6446 q=12T129 r=8 k=2
64152512498164390939464,0,-93946806538513276108320,0,53776083112250891854728,0,-15660990828150716573128,0,2490099084558073390896,0,-209693190461244614820,0,7279445555927698764,0,58982007149749944,0,-24389536344462,0,-567453910950,0,-60677658,0,7368,0,1 # block t=6446 q=12T129 r=8 k=2
2485829777390186409,0,-20929045025764863036,0,14373565293135792534,0,105674559759607808320,0,43125858980995008805,0,-18850771315909234356,0,6726367349366002386,0,-51784133894974956,0,138549822049198,0,-130510564740,0,16679748,0,-23864,0,1 # block t=6446 q=12T129 r=8 k=2
4281794548005549113344,0,-5985525479571402850304,0,3241715630560997093376,0,-936537878596292952064,0,161585470784447596992,0,-17261264252337095664,0,1123296918680981701,0,-40948352637188342,0,646369763092617,0,-237385558730,0,-28101818,0,7740,0,1 # block t=6446 q=12T129 r=8 k=2
34975024184039376949,0,-33304357255609388984,0,5943975348373221086,0,-516760349215463840,0,27251895122453175,0,-955427080964880,0,23251828414356,0,-399521603808,0,4834841651,0,-40294392,0,219758,0,-704,0,1 # block t=6446 q=12T88 r=8 k=2
4001102515342026136,0,-4219783914419710392,0,1178270259008272752,0,-167273628844550948,0,14603327201257178,0,-851192058962564,0,34371333438865,0,-970886038273,0,18919633018,0,-243404739,0,1870419,0,-6596,0,1 # block t=6446 q=12T88 r=8 k=2
1026767371120228817,0,-193441568078440536,0,-1283292270168943428,0,396983927784458860,0,385458739451524554,0,-220239428099243280,0,36734337235617178,0,-1083231057378228,0,7547984990709,0,-17613087492,0,24702438,0,-61872,0,1 # block t=6446 q=12T129 r=12 k=0
44645991783555469312,0,35488206636269740032,0,-14544108091332114432,0,1286460351642781696,0,-9955745513369856,0,-2719601893075968,0,76028004867840,0,1293675220224,0,-59265228816,0,83847712,0,8146632,0,5736,0,1 # block t=6446 q=12T129 r=12 k=0
228871,0,-1070952,0,2255190,0,-2827276,0,2351757,0,-1368480,0,571748,0,-172992,0,37662,0,-5760,0,588,0,-36,0,1 # block t=6446 q=12T129 r=12 k=0
12775476413625696107000,0,-35337666617661907678800,0,40748269650201501966880,0,-25120674275044784492064,0,8748907099708328525964,0,-1636705855443595571840,0,130278237817652417664,0,-577360291864937672,0,902316789227960,0,-495771734328,0,36707048,0,-37072,0,1 # block t=6446 q=12T129 r=12 k=0
23094340582081,0,-73029919731696,0,93728489733636,0,-72158768328604,0,42259864317354,0,-16410220593372,0,2612917058802,0,-98675642124,0,1996031637,0,-23035336,0,139770,0,-708,0,1 # block t=6446 q=12T129 r=12 k=0
724920297041379314959,0,-1067780928567694238128,0,631198498975345895494,0,-196745956506101069176,0,34002261339744715507,0,-3037278235397048044,0,109321046492508934,0,-490493811542720,0,2435046044338,0,-5656625772,0,-3118236,0,-6176,0,1 # block t=6446 q=12T129 r=12 k=0
15195684477100861,0,-43696329771142284,0,48343811540946222,0,-27857808987786932,0,11042152711674498,0,-3358186932989736,0,591892580358798,0,-43833968751204,0,749629144755,0,-2294715920,0,-14344800,0,-16692,0,1 # block t=6446 q=12T129 r=12 k=0
107158517333067690323,0,-1528817429633866984632,0,3443941879458578018679,0,13548832386111863590590,0,-10838706464227365067209,0,-27862913823945027956670,0,-10711482205992770017267,0,-69404914742146656588,0,-29991442388975973,0,2503278055726,0,803507601,0,-60354,0,1 # block t=6446 q=12T129 r=12 k=0
701385678030997123471,0,-2013662877174583412064,0,2388169427317085503672,0,-1485665880635875496324,0,506214950146058293276,0,-88295483533284609904,0,6005940831702523002,0,1692930837637292,0,35893365084273,0,-144028545632,0,111176978,0,-31504,0,1 # block t=6446 q=12T129 r=12 k=0
82645772159769051169,0,-82941293267184068056,0,12939189583627802732,0,-985348941347196348,0,46102122744604022,0,-1454371048008724,0,32278145220914,0,-511943088188,0,5780509013,0,-45387680,0,235366,0,-724,0,1 # block t=6446 q=12T129 r=12 k=0
176474122660613264869,0,-1604577603484641726846,0,643322302863130749423,0,10205074091442793717382,0,903390589414289130411,0,-18077867770077216197970,0,-11275975393551829309989,0,-70011949031022751734,0,-29701555455149631,0,2573431493736,0,794226759,0,-60138,0,1 # block t=6446 q=12T129 r=12 k=0
4958347957876769,0,-12912409054437064,0,12799786055965176,0,-6192011985391220,0,1552560036145182,0,-192326339440356,0,8447854448618,0,125623463084,0,-2784233599,0,-11581600,0,253910,0,-1124,0,1 # block t=6446 q=12T129 r=12 k=0
3144550232282371122321,0,5959885075471129443084,0,22091575391762402322,0,-55164270600937104804,0,-2126270279493382257,0,15556929559587864,0,1469774958560316,0,5265929298456,0,-313427871297,0,-1503113508,0,19546578,0,-8820,0,1 # block t=6446 q=12T129 r=12 k=0
2858448033377255763968,0,-6678425428018679332864,0,6218065119981757106176,0,-2957425535896555302912,0,760922671854113603840,0,-101470849425804390400,0,5663160230478283648,0,-36238884223802112,0,81781000125536,0,-61727411360,0,12760752,0,-27280,0,1 # block t=6446 q=12T129 r=12 k=0
1741071697,0,-6447711892,0,9761303058,0,-7862276996,0,3619099023,0,-887676072,0,68868284,0,7726552,0,-372993,0,-28356,0,1874,0,-84,0,1 # block t=6446 q=12T129 r=12 k=0
15108605056411406829,0,-27003917085941251314,0,18497073427182489582,0,-6244887808645499826,0,1130871771583203330,0,-110095279906273038,0,5301828826810848,0,-101073508414092,0,744727667859,0,-2540522286,0,4271778,0,-3384,0,1 # block t=6446 q=12T129 r=24 k=1
52475187371653,0,-204599426733450,0,329935076755767,0,-282904162775728,0,137490273439137,0,-37009714219122,0,4881422191343,0,-225818010822,0,4731593193,0,-50987088,0,293547,0,-858,0,1 # block t=6446 q=12T129 r=24 k=1
1659836565451843648533,0,-1708108519463888781690,0,299063392101465801660,0,-24775106585932949706,0,1209347432444717199,0,-37917736108125912,0,790347789753048,0,-10989652780080,0,99553006179,0,-554347638,0,1687716,0,-2214,0,1 # block t=6446 q=12T129 r=24 k=1
108033116065165476273384,0,-283278844212738720333048,0,302398567623925390343772,0,-167753077156097127178784,0,50919429112567133422050,0,-8046883917397011336006,0,534689092310526257025,0,-3812275982750694468,0,4823113099349181,0,-2237576645104,0,444482472,0,-36336,0,1 # block t=6446 q=12T129 r=24 k=1
1529707374277589219,0,19774971868258809338,0,-66787473391826742992,0,82449796970845005888,0,-50140276385624251746,0,15456711807290480150,0,-2080217613951992760,0,56417465174829266,0,55308529483735,0,-304933765216,0,-88820708,0,16404,0,1 # block t=6447 q=12T90 r=16 k=1
40176823127137241,0,1843669063346296712,0,22627500145256106954,0,61827183539605902701,0,-118783177847557952249,0,-317531250724404960871,0,163615889310650307258,0,-4969545231869009368,0,51336789632177403,0,-177269003130070,0,9870676507,0,-177370,0,1 # block t=6447 q=12T90 r=16 k=1
32287024411307,0,25969910357560,0,-92452154151304,0,38634115650148,0,-6660865028454,0,522858178108,0,-9487668091,0,-1290667784,0,86789458,0,-1563348,0,-11189,0,316,0,1 # block t=6447 q=12T90 r=16 k=1
29,0,-435,0,1910,0,309,0,-19819,0,33063,0,11283,0,-34375,0,-2263,0,7196,0,-441,0,-15,0,1 # block t=6447 q=12T90 r=16 k=1
980087155820753,0,-62568486186211611,0,-3185768711771713336,0,6837815693859626656,0,-4948412218243515803,0,1275511360729406273,0,3618982929608704,0,-29928069567522877,0,570828729151300,0,-2618992864668,0,-622983051,0,-27824,0,1 # block t=6447 q=12T90 r=16 k=1
126743685785661549356977,0,901914211216582192090388,0,-110149292712589026571051,0,5183431452257607542884,0,-127749044523944364067,0,1803816748561792664,0,-14298563962881083,0,50177122101666,0,68261662089,0,-1016891902,0,1469073,0,3170,0,1 # block t=6447 q=12T90 r=16 k=1
46758617706371582361827,0,223745385895155469976278,0,332918803163515956484097,0,133363236813115152956861,0,-67478614981760617712666,0,-41860389372118719213515,0,2997487378911152692424,0,-50080253531123021578,0,310770961028720615,0,-652840216928467,0,23182272172,0,-268868,0,1 # block t=6447 q=12T90 r=16 k=1
6505675540477923328,0,-8259266351536369664,0,-15149421011162954752,0,37599632806141332480,0,-29721713502746196736,0,10487000033619822592,0,-1423119063543780288,0,6550123878783872,0,69794160790032,0,-34910190736,0,-71948700,0,2224,0,1 # block t=6447 q=12T90 r=16 k=1
14972754969773,0,5839637279828,0,-97259553652517,0,116466481809480,0,-50906106157713,0,6351304021340,0,1366756222083,0,-405759350416,0,25193359297,0,27765980,0,-1388123,0,-24,0,1 # block t=6447 q=12T90 r=16 k=1
192362957464806829,0,-1326542774002224666,0,2322851705595351467,0,705650281620728124,0,-5647607231549864583,0,5347660242680922810,0,-1593286103282489517,0,-83925290638490,0,75701089463305,0,-219509316,0,-73607237,0,10,0,1 # block t=6447 q=12T90 r=16 k=1
14585483837,0,-44732586610,0,-1774265419041,0,9550212441116,0,-3793565766203,0,-19992771534994,0,15943293594235,0,929085328694,0,-4892013243,0,-282913516,0,2650775,0,-4390,0,1 # block t=6447 q=12T90 r=16 k=1
14588726899374977,0,11563929408456135,0,-8538749876383620,0,1948707162602864,0,-195384189816085,0,5058399525214,0,724150139882,0,-72981074375,0,2598740592,0,-29636516,0,-165409,0,179,0,1 # block t=6447 q=12T90 r=16 k=1
616020062595757,0,40465846123087592,0,94420604423015239,0,-244338936150082464,0,-238923486371999325,0,279610198195195208,0,165276125482149849,0,-4154747985649382,0,28681041285927,0,-63379676226,0,51332761,0,-12950,0,1 # block t=6447 q=12T90 r=16 k=1
106311895289142312897961,0,-76767651643488845178492,0,-134510077009624298983789,0,190441363768172599297966,0,-87574853476772575056199,0,16037741441264581898472,0,-776465742082638841297,0,-4729802271068954540,0,84773611930457842,0,499124062836422,0,-13190310241,0,20771,0,1 # block t=6447 q=12T90 r=16 k=1
801304777523616024511,0,-671876743732219938657,0,-19685582183349095401347,0,-31202067332694458384590,0,-15378030521558543878093,0,-1633136557321053920333,0,203718950850430173623,0,-5824309877929313667,0,60599588918981121,0,-196447153721653,0,10386246306,0,-179661,0,1 # block t=6447 q=12T90 r=16 k=1
162685541164147,0,-249636336379902,0,125761642569594,0,-27179242612282,0,2419541904980,0,-98159566949,0,19900438025,0,-2464117653,0,38727924,0,-149704,0,20205,0,-375,0,1 # block t=6448 q=12T26 r=8 k=2
114217668993032683,0,-343224042021919821,0,413906632830181494,0,-252940430581518092,0,80464625220572595,0,-11918052571031712,0,557889537866982,0,-13281641032905,0,266949282366,0,-2278861928,0,32000001,0,3969,0,1 # block t=6448 q=12T26 r=8 k=2
57793600611,0,-87960085623,0,44519590926,0,-5627424555,0,-1833201279,0,419170698,0,29101818,0,-7427763,0,247842,0,-132555,0,-192,0,48,0,1 # block t=6448 q=12T26 r=8 k=2
416226745243,0,-1011767903562,0,-1742287158163,0,6449016881140,0,-4093659469935,0,-1496975030118,0,1298733966817,0,175117765008,0,6173890527,0,87035080,0,518039,0,1252,0,1 # block t=6448 q=12T90 r=8 k=2
20724929,0,-92193952,0,153368226,0,-111070088,0,26871823,0,2666368,0,-60292,0,-333840,0,32399,0,-1824,0,386,0,-40,0,1 # block t=6448 q=12T26 r=8 k=2
1289198660350834012193,0,-1079871405315790257140,0,237809589549725018031,0,-25964211067397274689,0,1698639697716882254,0,-72447018355996320,0,2093468269491802,0,-41189747635513,0,532609700376,0,-4093145675,0,14502477,0,-4408,0,1 # block t=6448 q=12T26 r=8 k=2
182560475467,0,-317843894637,0,213339168276,0,-70466816403,0,12662226744,0,-1381035375,0,83521208,0,-3331008,0,914253,0,-110943,0,1311,0,99,0,1 # block t=6448 q=12T26 r=8 k=2
4979763538457,0,-7005921223136,0,2408357030544,0,-792691475756,0,832369846858,0,-430575646168,0,104112190566,0,-12752001308,0,778871909,0,-21829740,0,221602,0,-872,0,1 # block t=6448 q=12T26 r=8 k=2
17028542857170234013,0,-47173705771383125870,0,72354369485407452248,0,-75302379982229225718,0,50529262136025224093,0,-20159913688253193620,0,4284895785913647680,0,-367810101575769274,0,-717787880719526,0,-831241036944,0,-373860000,0,-242372,0,1 # block t=6448 q=12T26 r=8 k=2
5320809933045227361,0,-6543396258503324292,0,1445857948121946138,0,-152295751985419476,0,9569750995897263,0,-394185698165448,0,11129516920908,0,-219235896648,0,3007204623,0,-28117044,0,170874,0,-612,0,1 # block t=6448 q=12T26 r=8 k=2
10040969,0,-2373115,0,-10793747,0,3390590,0,3556888,0,-1806802,0,119258,0,2187,0,28944,0,-8526,0,750,0,-24,0,1 # block t=6448 q=12T26 r=8 k=2
1034410829131,0,-2763974104324,0,2951225434246,0,-1577731031238,0,427571833221,0,-51342418370,0,2333754366,0,-272114004,0,-7545144,0,-578846,0,-10578,0,-324,0,1 # block t=6448 q=12T26 r=8 k=2
2821447069939,0,-9975490008669,0,14476072244764,0,-10849072377427,0,4278465240195,0,-780432713275,0,45529341577,0,-4266520913,0,287508217,0,-1999826,0,491737,0,-1031,0,1 # block t=6448 q=12T26 r=8 k=2
10691416837,0,-14899763088,0,3063198312,0,748814684,0,1160637300,0,-390706263,0,-2353726,0,-29002302,0,391680,0,-559364,0,9027,0,225,0,1 # block t=6448 q=12T26 r=8 k=2
9023930843627497603,0,-26948226859089355124,0,31102194047913741450,0,-16904217973301944884,0,4050822848060041084,0,-285511692738793202,0,15697056488355662,0,-574588166472528,0,14757574626507,0,-273643443938,0,85222276,0,-48574,0,1 # block t=6448 q=12T26 r=8 k=2
459944862904808,0,-1096771168136280,0,-3830998322394616,0,-1236481213930928,0,2329991035652410,0,1180474491271460,0,-294075415108413,0,-172200326134186,0,725261646076,0,8623945344,0,-12034579,0,-3150,0,1 # block t=6448 q=12T90 r=12 k=1
236810569466392184495861,0,813594573579807709954347,0,917136552482296319599126,0,476995316973024502107311,0,125509905182810776066346,0,15758361979042549953513,0,610813340583372535280,0,-22181945924416787232,0,178204452683371395,0,-422818110967411,0,18932670856,0,-260996,0,1 # block t=6448 q=12T90 r=12 k=1
4000889122750717,0,21170348066520288,0,30612677368853040,0,18878256456154392,0,5476153165235038,0,658153278543630,0,3051840518090,0,-3245582591436,0,80810303913,0,-702541242,0,2393018,0,-3126,0,1 # block t=6448 q=12T90 r=12 k=1
304123021949377,0,3921376166457514,0,18779945784915531,0,43349480347960684,0,51957295324449153,0,30956407309473430,0,6940727760659475,0,-242657323780454,0,2504755679903,0,-9969662446,0,15654203,0,-9094,0,1 # block t=6448 q=12T90 r=12 k=1
158961664,0,0,0,-5474458271744,0,0,0,102607490504704,0,0,0,-402545287785088,0,0,0,213668111856,0,0,0,-2982560,0,0,0,1 # block t=6448 q=12T90 r=12 k=1
372392920529,0,1524195596420,0,2397776472427,0,1852680151588,0,710462370891,0,101382125236,0,-8436814121,0,-2083581100,0,206995181,0,-6523508,0,87785,0,-500,0,1 # block t=6448 q=12T90 r=12 k=1
240206241301446175647851,0,347485552029636505244197,0,76492541050796851708147,0,6144021218529082497916,0,133719620224341432751,0,-6222562459267689517,0,-252053360966026617,0,2752053155120497,0,113763889094365,0,-1362783753449,0,374582714,0,-33963,0,1 # block t=6448 q=12T90 r=12 k=1
75308327030269662998528,0,81953877141244404766720,0,-2915735881883075169280,0,-703876292698093048832,0,46960832813851862784,0,325886465422069888,0,-114922460804552512,0,4205645717154880,0,-64534344184080,0,365003709512,0,160545676,0,22326,0,1 # block t=6448 q=12T90 r=12 k=1
1463482472280126656,0,7313688396588091328,0,10696188916520168208,0,6921571096497155264,0,2211183999716721208,0,332525217831002640,0,15790499288021773,0,-553046157325034,0,4932405592353,0,-15104762598,0,18169522,0,-7548,0,1 # block t=6448 q=12T90 r=12 k=1
33588676860072024739,0,61315096433179003750,0,-5425857135751804016,0,-363071448441736150,0,64123422827706657,0,-3098434341772338,0,59705527570108,0,-87255578028,0,-10331627034,0,42045352,0,793140,0,1706,0,1 # block t=6448 q=12T90 r=12 k=1
48175128878785020950963,0,266187516062649731955627,0,-11647442446395027627178,0,-783291808445005939545078,0,229130635502519851502021,0,236732133323551837934956,0,-5721808442933922453470,0,-154798447248067424937,0,-264722569319772320,0,4177774525566398,0,-46009724253,0,-23153,0,1 # block t=6448 q=12T90 r=12 k=1
772448125994089,0,542638337160504,0,-322059986495182,0,50699739940264,0,-1576333676769,0,-305948568016,0,25122257756,0,141201232,0,-56467177,0,351768,0,38610,0,392,0,1 # block t=6448 q=12T90 r=12 k=1
637744628134888,0,2413001819262616,0,3661513958294956,0,2825613267311640,0,1145291809750010,0,216292511728106,0,8642229162185,0,-1445684110660,0,39933095493,0,-378445282,0,1454795,0,-2100,0,1 # block t=6448 q=12T90 r=12 k=1
490817946491182051127,0,740579512436935513707,0,-315365387820499366612,0,44926243432232454294,0,-2349837883309439179,0,-40183340109295476,0,8659848826966872,0,-212141805259487,0,-5013014898856,0,197481378568,0,117104943,0,20859,0,1 # block t=6448 q=12T90 r=12 k=1
4713241,0,0,0,-5748245057212775,0,0,0,613575119699521541,0,0,0,-2010086301312942367,0,0,0,93560619046337,0,0,0,-82495537,0,0,0,1 # block t=6448 q=12T90 r=12 k=1
4460632423373909,0,96305709824189,0,-5014888234368765,0,3706052990310327,0,-1214813941820119,0,206021054331335,0,-16539108515629,0,187430565904,0,53790436725,0,-2348420610,0,-2518547,0,763,0,1 # block t=6448 q=12T90 r=16 k=1
36191637958460629271488,0,381231120375428934860224,0,-78828006595668222053392,0,6983077742086426187320,0,-348080292217482979216,0,10684864004153466970,0,-206572083160040595,0,2444915220884538,0,-15931615956068,0,39710784378,0,39748445,0,11234,0,1 # block t=6448 q=12T90 r=16 k=1
478062377126247061,0,-12229288669771664,0,-2064387461741132855,0,2559935036006943928,0,-1233794100045789060,0,260092927657331320,0,-19498951087714379,0,-73706135669130,0,1951647239470,0,806917296,0,-8040926,0,-286,0,1 # block t=6448 q=12T90 r=16 k=1
24122024909107,0,8972122062255480,0,630991676416191418,0,7475132140755402372,0,-115565654455915199,0,-86975451177635262897,0,11706190706724260096,0,-412767133962383602,0,5589750966146508,0,-26315744717597,0,2741412225,0,-92939,0,1 # block t=6448 q=12T90 r=16 k=1
2593668320556578088557,0,6987978986327456021072,0,-2122247624716588702242,0,230707154969808304226,0,-12905106245153074943,0,419488483411666109,0,-8201933653761756,0,93421225989039,0,-533418456595,0,642267683,0,4244386,0,3967,0,1 # block t=6448 q=12T90 r=16 k=1
370539201397580587,0,-1033865876904435690,0,-3769449747413647668,0,-2108174397015047198,0,1343617238971902771,0,1374339055234838652,0,273737406043432464,0,-5637779855624412,0,34835736832353,0,-70860266258,0,54447204,0,-13254,0,1 # block t=6448 q=12T90 r=16 k=1
14279828796758197231,0,-12163568062349801032,0,-22618700910620228440,0,27511763014209022471,0,-9583957699168672910,0,997986566661052899,0,24941063049112183,0,-2802505232848922,0,-33961173098117,0,1116530373350,0,-175234870,0,-3257,0,1 # block t=6448 q=12T90 r=16 k=1
525255431608924981,0,774093522041327640,0,-2437791294592693143,0,-2253612021855503500,0,711077466262767449,0,981736013372149712,0,191986991666528817,0,-4618461512355442,0,30050757009253,0,-65461686258,0,51823817,0,-13254,0,1 # block t=6448 q=12T90 r=16 k=1
14166412402900764173,0,43683589660599062612,0,20013116097103543896,0,-59767402557206000454,0,-73818821982241964248,0,-21738281764263956929,0,1770598064701129919,0,-46129018679459549,0,487771250945568,0,-1775415576594,0,435908965,0,-36329,0,1 # block t=6448 q=12T90 r=16 k=1
95387615611643753,0,-616944813723393748,0,617706988123046274,0,392821576486824534,0,-750715676713213526,0,294040514386668660,0,-33734542599372343,0,-72102783614540,0,4835508379388,0,413981840,0,-18010427,0,-34,0,1 # block t=6448 q=12T90 r=16 k=1
7270478229294068582737,0,23467008604876485498757,0,20177611420954834883475,0,-6153253016816091317572,0,-13951393298571133814646,0,-2473539482754527571632,0,1314935186954551552211,0,-28387843965377850040,0,196286679631121489,0,-435974663387142,0,19208988681,0,-261550,0,1 # block t=6448 q=12T90 r=16 k=1
120166761553,0,-628635040152,0,216272610340,0,620957947130,0,-576056725192,0,178806299232,0,-17882419583,0,-470224064,0,53336630,0,136520,0,-20709,0,-2,0,1 # block t=6448 q=12T90 r=16 k=1
16003737,0,-440691192,0,2976561837,0,5031349371,0,-93317249799,0,164243727507,0,254323509709,0,-526587527517,0,-164224128640,0,-11918530812,0,16141510,0,-7071,0,1 # block t=6448 q=12T90 r=16 k=1
100464923154247471301,0,65639906667830951510,0,-122434091622909487496,0,56620458993642641306,0,-12444312245430241308,0,1417325565372770666,0,-76173335550450754,0,996088070656040,0,45345018470771,0,-1090720694662,0,-174457956,0,3128,0,1 # block t=6448 q=12T90 r=16 k=1
13227585090430957091,0,-25149694275591526421,0,-19723648201272187630,0,82119856596652186058,0,-73691874412167481269,0,26336611922431238756,0,-3133580601871614570,0,13872011998850503,0,934813570795024,0,-8107453909586,0,-720313987,0,2837,0,1 # block t=6448 q=12T90 r=16 k=1
25053368100543561709,0,-77467841128869555462,0,97798443863855927304,0,-64596108236598488606,0,23624912170304822475,0,-4591109549344493574,0,393619059751072434,0,-6458294020052484,0,36664000280244,0,-72441930920,0,54866460,0,-13290,0,1 # block t=6448 q=12T90 r=24 k=2
7450788823674853,0,-17671050837625735,0,16906347201051470,0,-8487869269380813,0,2447464056232357,0,-417734821311227,0,42141691071131,0,-2448346586907,0,76101117697,0,-1039932214,0,2882195,0,-2921,0,1 # block t=6448 q=12T90 r=24 k=2
1240744513,0,-5561255402,0,10786923147,0,-11866864924,0,8148577285,0,-3618187866,0,1039546123,0,-187631226,0,19926125,0,-1115588,0,29631,0,-318,0,1 # block t=6448 q=12T90 r=24 k=2
10641981430220462987,0,-30062340299536591627,0,34728809535506657599,0,-20921417416131944194,0,6916212559537924909,0,-1204452743178585243,0,98231106219203915,0,-3762210907242045,0,65931599505835,0,-430328932707,0,170765196,0,-22825,0,1 # block t=6448 q=12T90 r=24 k=2
65711638686130962671,0,-175785221788138401804,0,193036615140524408994,0,-111237071719505424463,0,35553895408625018675,0,-6095877704404299578,0,498522523256186408,0,-16819249761242141,0,245216535082338,0,-1317946724651,0,363570797,0,-33460,0,1 # block t=6448 q=12T90 r=24 k=2
12616401652105601,0,-28280034838852258,0,25024435966483849,0,-11413328207512371,0,2923118438960531,0,-430665015430398,0,36375429183890,0,-1732961997495,0,43941569210,0,-506672773,0,1694189,0,-2207,0,1 # block t=6448 q=12T90 r=24 k=2
37719558800557619,0,-95209644748056912,0,97954654459312185,0,-53700840943002850,0,17095087537279828,0,-3213578859046138,0,346024881793483,0,-19662836831506,0,499260938613,0,-4460459556,0,7596334,0,-4724,0,1 # block t=6448 q=12T90 r=24 k=2
4936715689355036992,0,-19986989956170624256,0,33100348440478236000,0,-28710121846367465984,0,13791871296017609028,0,-3513829464498485268,0,389199112997577953,0,-6475723139809382,0,36859286064349,0,-72690692306,0,54970222,0,-13300,0,1 # block t=6448 q=12T90 r=24 k=2
9070637414474340602687,0,-38985301619230488396308,0,66032761152244104541275,0,-55077349425307380011639,0,22832737418248978987809,0,-4065135984115679927115,0,195023935215092211627,0,-3397355805936423292,0,24527349826911012,0,-63076972484873,0,4871302402,0,-123377,0,1 # block t=6448 q=12T90 r=24 k=2
3818431684723067,0,-5338695626744180,0,1980838406474824,0,-371310997412828,0,42640966766214,0,-3270770880902,0,174867158760,0,-6633430128,0,178365587,0,-3330234,0,41112,0,-302,0,1 # block t=6448 q=12T90 r=24 k=2
271599309070021967231,0,-1048896286002508546293,0,1567890212659226710395,0,-1125585544380034165586,0,387838329909473343456,0,-55627396520873298509,0,2835522570311738593,0,-54566105503209813,0,443635239919374,0,-1338493953016,0,392105270,0,-37020,0,1 # block t=6448 q=12T90 r=24 k=2
483353708933398813,0,-782342697046572357,0,395840371941334464,0,-71921148864032696,0,6878346833425386,0,-402410010690783,0,15404848377107,0,-396056402347,0,6816094617,0,-75852347,0,501203,0,-1592,0,1 # block t=6448 q=12T90 r=24 k=2
3556588522333305307136,0,2170220301457069441024,0,-1999174902258319802368,0,193819908700226297856,0,25362021397058143232,0,821259596908035072,0,12024605290447552,0,96947355912096,0,467488277056,0,1383014120,0,2458944,0,2410,0,1 # block t=6449 q=12T86 r=4 k=1
191116381607161,0,-235282075233553,0,100102931194228,0,-23017098331432,0,3358031907828,0,-335258433660,0,23782314760,0,-1216802351,0,44779219,0,-1159710,0,20110,0,-210,0,1 # block t=6449 q=12T186 r=4 k=1
11342767764016081,0,28229970157079895,0,23436536814335072,0,7351776760900505,0,366855946352770,0,-106243100720676,0,13350006559595,0,-450854882590,0,14460994879,0,-210325736,0,351564,0,1111,0,1 # block t=6449 q=12T186 r=4 k=1
1473553201,0,10687258760,0,-8648846923,0,-7985565615,0,10722059084,0,-3807344181,0,761663547,0,-113505790,0,13382388,0,-505718,0,748,0,61,0,1 # block t=6449 q=12T186 r=4 k=1
8160265763108022976,0,12728197657651732032,0,3133942217992444464,0,334941083740151024,0,17981219782302120,0,399763211264928,0,-5839825595925,0,-573944485662,0,-13939398216,0,-149381290,0,-572871,0,342,0,1 # block t=6449 q=12T86 r=4 k=1
249862185432,0,-761667436692,0,1012853873364,0,-765314609683,0,359536056033,0,-107359691453,0,19625009331,0,-1910629458,0,61379635,0,591433,0,59755,0,-5385,0,1 # block t=6449 q=12T186 r=4 k=1
5023536706207,0,20963988692870,0,30821036062183,0,17635607854980,0,1697269569491,0,-889398885082,0,156031822132,0,-11720729444,0,587894934,0,-14609547,0,152001,0,-577,0,1 # block t=6449 q=12T186 r=4 k=1
2627262272107,0,1252569303351418,0,-22383505774711898,0,1272694415405602200,0,59260356251854606,0,-5562124946386979,0,-34333927231873,0,26921863128940,0,563089220062,0,-10159906777,0,17480271,0,-4847,0,1 # block t=6449 q=12T186 r=4 k=1
9583038976,0,111427097600,0,-60713141056,0,-70853295168,0,-23625571632,0,-4044259808,0,-389588688,0,-18633552,0,64776,0,63272,0,3680,0,96,0,1 # block t=6449 q=12T86 r=4 k=1
3314157737,0,-6122236324,0,4831834975,0,-2179754314,0,641067723,0,-136053084,0,22971008,0,-3259632,0,376272,0,-32439,0,1919,0,-71,0,1 # block t=6449 q=12T186 r=4 k=1
3130797479,0,-7872301966,0,8878899033,0,-6266993214,0,2944864352,0,-977098735,0,227678856,0,-36211406,0,3933995,0,-415330,0,19020,0,-1501,0,1 # block t=6449 q=12T186 r=4 k=1
1176377494733593,0,-496234260652222,0,-274990591614977,0,1036243914319309,0,-983702885123702,0,81249735528058,0,-7132460931163,0,573141862429,0,-19626237066,0,96936382,0,1231663,0,1512,0,1 # block t=6449 q=12T186 r=4 k=1
20338087,0,208427562,0,-507461659,0,2070285012,0,2265375522,0,696935904,0,573014073,0,349726944,0,5186557,0,-1353291,0,19158,0,-63,0,1 # block t=6449 q=12T186 r=4 k=1
241860820164667091,0,-208835579010098140,0,52096734476255479,0,-6735847613651192,0,542175528386903,0,-29506960451660,0,1130483297601,0,-30987672080,0,606318841,0,-8286140,0,75235,0,-408,0,1 # block t=6449 q=12T186 r=4 k=1
10208087983,0,-11439238571,0,7247881009,0,-3868752160,0,1578293460,0,-523578235,0,129511870,0,-23361781,0,2940024,0,-242264,0,11435,0,-250,0,1 # block t=6449 q=12T186 r=4 k=1
5912061123746944,0,120483170669807104,0,-504634861721536,0,-3212461686131264,0,107882022329928,0,23913713516944,0,-1329127478072,0,-16530552096,0,973636704,0,22771952,0,191476,0,716,0,1 # block t=6449 q=12T86 r=8 k=2
1221922581904757148817,0,3921643539992958403720,0,4594785161649155671970,0,2324852355029195582048,0,443636420361689434527,0,13815071406713789616,0,-43260566403142516,0,-2974213075814016,0,10566187744175,0,58568705736,0,1620978,0,-10720,0,1 # block t=6449 q=12T86 r=8 k=2
41459057600,0,126422540160,0,-89187638896,0,1402162992,0,4835906500,0,50846512,0,-100844073,0,-7093649,0,486428,0,84947,0,4460,0,107,0,1 # block t=6449 q=12T86 r=8 k=2
93981068452459,0,-326322082404561,0,423486591367719,0,-254087289538051,0,74228027937714,0,-12486781987119,0,1276204612047,0,-78418114884,0,2727066483,0,-47182504,0,322914,0,-777,0,1 # block t=6449 q=12T186 r=8 k=2
1311235515013,0,3918505998888,0,3918826709881,0,1169264639418,0,-398300737974,0,-307329066580,0,-63018796333,0,-4759570754,0,-45859440,0,6075056,0,88052,0,-1628,0,1 # block t=6449 q=12T86 r=8 k=2
488127157162652633,0,-646778551238581753,0,231254776534839683,0,-41532824111144929,0,4489341287582540,0,-314209775248552,0,14601402532172,0,-447062341841,0,8650243284,0,-96448621,0,515087,0,-1017,0,1 # block t=6449 q=12T186 r=8 k=2
300258303641325568,0,-363866059471208448,0,132985061118498816,0,-25580346390465536,0,3065074307604224,0,-243503001670400,0,12988696644992,0,-454850223968,0,9847208240,0,-117629776,0,647060,0,-1382,0,1 # block t=6449 q=12T186 r=8 k=2
62494615638988921,0,99637244028995408,0,14300844010679596,0,-19801857648906932,0,-2006439693133737,0,921982362078128,0,-65793998809900,0,561026234500,0,40359854565,0,374432200,0,1340908,0,1992,0,1 # block t=6449 q=12T86 r=8 k=2
245956843151441222261,0,398712562511918093359,0,-40263706560214103017,0,-3015387824952332860,0,-38761338546624303,0,669378680357173,0,15615923231354,0,8657429077,0,-1602891179,0,-8906260,0,37555,0,439,0,1 # block t=6449 q=12T86 r=8 k=2
6630697673,0,-14158401910,0,13054096409,0,-7000876928,0,2458395106,0,-599581544,0,104640456,0,-13213633,0,1201545,0,-76904,0,3295,0,-85,0,1 # block t=6449 q=12T186 r=8 k=2
5304544408633,0,-12251906461377,0,9671938128285,0,-2639832637956,0,-196551099083,0,170957102811,0,-8315661452,0,-1711901987,0,239524367,0,-11328248,0,167514,0,803,0,1 # block t=6449 q=12T186 r=8 k=2
26562171544399863,0,-29186048374957539,0,8912987736376599,0,-1394030188351386,0,134503430142600,0,-8698480353864,0,392670810423,0,-12588267510,0,286714323,0,-4565889,0,48861,0,-321,0,1 # block t=6449 q=12T186 r=8 k=2
423224546030735721998717,0,-456462288851453462103808,0,43728649947592901269881,0,-1918489914394696679718,0,49223069237357121596,0,-807480182114343974,0,8724909628735109,0,-61418999270945,0,264587231142,0,-576524596,0,162939,0,927,0,1 # block t=6449 q=12T186 r=8 k=2
306241414135808,0,1683818918281216,0,23866645573632,0,-295142951604224,0,-80563509648896,0,-8089318718976,0,-272305237440,0,3592473408,0,248639440,0,415744,0,-53292,0,-204,0,1 # block t=6449 q=12T86 r=8 k=2
52922853712731294388224,0,82272084116353073018880,0,19565030294071240332032,0,1732627833630590198272,0,58004044781383285808,0,296971684689210968,0,-6414158844214851,0,-32788830296239,0,151244152737,0,835427606,0,-2153,0,-1910,0,1 # block t=6449 q=12T86 r=8 k=2
16533045306055744,0,23896782421360064,0,-3284587371553424,0,9506103231168,0,16273048668300,0,-654056111028,0,-15222440815,0,1453363698,0,-21347695,0,-541918,0,21214,0,-248,0,1 # block t=6449 q=12T86 r=16 k=1
7252872845502019241059,0,37255422163163348083324,0,54482697064589489482085,0,-4180464729494419079920,0,-55911851293664156201954,0,-21458787096975606385898,0,3633393155880877310911,0,-37890028407298718960,0,122504586273017162,0,-131021839086694,0,44109460288,0,-417300,0,1 # block t=6449 q=12T86 r=16 k=1
1260441858404401,0,3273408547701219,0,-88216698052589,0,-52846729342308,0,3217025782621,0,186465312133,0,-22602658918,0,546240709,0,15483765,0,-1132584,0,25327,0,-257,0,1 # block t=6449 q=12T86 r=16 k=1
1620538154844160000,0,4075697554472960000,0,-533668575288115200,0,17015434003660800,0,495061419969536,0,-37802922530304,0,399530799168,0,15578005760,0,-404792864,0,1816400,0,30692,0,-348,0,1 # block t=6449 q=12T86 r=16 k=1
12687985136863657,0,11423977845909852,0,-9081245267639538,0,2194581718054048,0,-236570198709195,0,10012048078428,0,108824252658,0,-17551776024,0,86541921,0,9039784,0,16680,0,-456,0,1 # block t=6449 q=12T86 r=16 k=1
1208854755367538,0,2462165201977056,0,-2045276501001864,0,-94053871043648,0,153343249116050,0,5063323088484,0,-3429651457200,0,-176313783512,0,9377621142,0,-122808268,0,647474,0,-1396,0,1 # block t=6449 q=12T86 r=16 k=1
2627238272957589453125,0,6736077390992827718750,0,-14727495634279775426875,0,-12470133329589145619650,0,-29963734333054656866,0,895803827231925110488,0,82546703555459121079,0,-2343684540495220562,0,15798604014137244,0,-31435794498642,0,18848603172,0,-273072,0,1 # block t=6449 q=12T86 r=16 k=1
11587379260400,0,50599537740160,0,50547467494128,0,715781832904,0,-11878196123116,0,-353482066492,0,904568553509,0,-106180160154,0,3979256659,0,-62472016,0,422723,0,-1122,0,1 # block t=6449 q=12T86 r=16 k=1
1216370776,0,-322003788400,0,-10214357993132,0,-8791585011584,0,5084699856996,0,2778241012236,0,-542576428391,0,-175489622232,0,17647477371,0,-405353044,0,2577795,0,-3392,0,1 # block t=6449 q=12T86 r=16 k=1
279825633535308241,0,-322330131296013422,0,-1413054956075283479,0,2381104210445222036,0,-1414225129878684732,0,381169000687079330,0,-42820178554136115,0,975040013893724,0,20667832611966,0,-93231301968,0,-507859930,0,3380,0,1 # block t=6449 q=12T86 r=16 k=1
987136,0,631808,0,-35457280,0,-12258560,0,11461056,0,949180,0,-1374919,0,163010,0,33611,0,-10460,0,1095,0,-53,0,1 # block t=6449 q=12T86 r=16 k=1
2943522881586328768,0,7408895982129009984,0,-12469581796464757584,0,6645964784851002128,0,-1622711863497881160,0,180863952425440272,0,-6407112830270997,0,-128956504580820,0,2285317413306,0,5714737262,0,-53521059,0,-576,0,1 # block t=6449 q=12T86 r=16 k=1
1025215272589,0,15668390159804,0,-7526475411896,0,1271831489774,0,-56054840000,0,-9502724774,0,1409754375,0,-56186872,0,-1914718,0,249502,0,-7839,0,54,0,1 # block t=6449 q=12T86 r=16 k=1
1605335838998753,0,1040845018066906,0,-4734001040065321,0,341667440663337,0,594587758585284,0,-170617985645341,0,17078575230304,0,-379953256580,0,-39107573669,0,1821008373,0,4597938,0,3746,0,1 # block t=6450 q=12T90 r=12 k=2
6948569800829,0,24236605292436,0,-104562513271015097,0,-117671433706386768,0,492676474119005090,0,304597534494669180,0,-454206110416078699,0,-1986775978197430,0,47202367380428,0,14132416812,0,-64252120,0,-1054,0,1 # block t=6450 q=12T90 r=12 k=2
6573111842095321088,0,16356444628067375104,0,14591973295275979776,0,6165849858772210688,0,1263006757722894848,0,93234351373351296,0,-4799752139826560,0,-617431288919168,0,24723977760176,0,-232992338592,0,126860672,0,-21538,0,1 # block t=6450 q=12T90 r=12 k=2
989806892044070951689,0,27965429572659230411110,0,-1793626216796093437855,0,778905715367232074,0,2652016068978477445,0,-81840962447847540,0,856684787360781,0,1087350689196,0,-67140269931,0,97148058,0,1766123,0,2592,0,1 # block t=6450 q=12T90 r=12 k=2
243920726713232421031199,0,730308340498463802638140,0,120368746309332079058446,0,-35855551092814322451767,0,-11951004209571849357529,0,-1209140659582478579323,0,-38480682491178725497,0,984449362214752005,0,58630482529541697,0,-224725826715599,0,11510679578,0,-188660,0,1 # block t=6450 q=12T90 r=12 k=2
565895253538449409,0,0,0,-2218201001641241113,0,0,0,2100934679455768189,0,0,0,-584435291769550907,0,0,0,49409414728197,0,0,0,-64207675,0,0,0,1 # block t=6450 q=12T90 r=12 k=2
2372154846100856363,0,3337867091793837105,0,-23863647875986827188,0,30362524087213919532,0,-13297789782634197413,0,426682733244039658,0,632590552942895064,0,40072485140385779,0,555271243720460,0,2109146447110,0,-576774391,0,30721,0,1 # block t=6450 q=12T90 r=12 k=2
1506138481,0,0,0,-21529571437429,0,0,0,85056520627513,0,0,0,-50794451118795,0,0,0,88676642937,0,0,0,-2184811,0,0,0,1 # block t=6450 q=12T90 r=12 k=2
249556069148777,0,-1247030189527645,0,-877987961282232,0,4622120758694492,0,2842558005352783,0,-1747604860449650,0,-196183499906562,0,21257523046395,0,18055351688,0,-18381565418,0,-10447399,0,1233,0,1 # block t=6450 q=12T90 r=12 k=2
8610225287168,0,-22103626053449728,0,6751120988060733440,0,245294023453435105792,0,-2299912713845098044928,0,-2548912442616765325440,0,912182812476532388480,0,84836463653590123520,0,804599172301989968,0,1956547028998952,0,-45290549308,0,179354,0,1 # block t=6450 q=12T90 r=12 k=2
1798422361353690129448,0,4044389388747769273416,0,-647030818485478526352,0,37307982817967582712,0,-819952542390866158,0,-4158009650584500,0,465119565767255,0,-5195577717666,0,-27460543787,0,421123182,0,2229940,0,2766,0,1 # block t=6450 q=12T90 r=12 k=2
1151634004787879761,0,2559603841673895835,0,455210534731723486,0,-20333053318339469,0,-8514002159114777,0,-281625651481663,0,37572750632311,0,2148076759693,0,-32905617245,0,-2694526956,0,5926833,0,-4251,0,1 # block t=6450 q=12T90 r=12 k=2
12747013397818367322341,0,28595252428151268766286,0,849377346908276365550,0,-337334423321600369910,0,19722958138936828366,0,-512281018597462640,0,6155952939799004,0,-17848579082520,0,-242133598897,0,1043588524,0,5886074,0,4638,0,1 # block t=6450 q=12T90 r=12 k=2
5597975603853194519,0,7974751862438565603,0,1133249382795823020,0,-289921463154846101,0,-7844296242119765,0,4456752779679949,0,-363646509494239,0,13546935682391,0,-240994943915,0,1465512166,0,4490841,0,3781,0,1 # block t=6450 q=12T90 r=12 k=2
3579972713643313721,0,-97219781011729427404,0,-2052040251099726755653,0,702423950393938383504,0,-61736966093392078654,0,-4070990876735648895,0,976030225065024213,0,-51174002297917506,0,402908256254256,0,23610961035869,0,2544645624,0,89063,0,1 # block t=6450 q=12T90 r=12 k=2
30267636366077816861,0,573270424396269976346,0,-1357522586674825869833,0,1212535004975250863028,0,-529240507400262245633,0,113810074649872502054,0,-9735264673242773847,0,16880746035998700,0,288331864181783,0,-39595447566,0,-151183983,0,890,0,1 # block t=6450 q=12T90 r=16 k=1
2571409312294343389469,0,-1739476364516291722356,0,-7297848153935538041361,0,11581364778255676644566,0,-6711155919640854073184,0,1751816089622980086081,0,-176330872220610249100,0,792886991981837411,0,52726945913090471,0,-459081007487444,0,-11939203022,0,-11203,0,1 # block t=6450 q=12T90 r=16 k=1
16575320204227,0,45546753283528,0,-1756766223053,0,-99099674014500,0,-82305695959674,0,-3946388927556,0,8766510050560,0,-1163881073886,0,56188974714,0,-1000261058,0,2863620,0,-2924,0,1 # block t=6450 q=12T90 r=16 k=1
30193097822791,0,79269410489960,0,-62013804309870,0,-260118240338028,0,-35922368908509,0,216692528721016,0,93403159325672,0,-6558310551020,0,131209435284,0,-949170616,0,2743580,0,-2920,0,1 # block t=6450 q=12T90 r=16 k=1
3981564239980751656,0,-1968918502892372016,0,-8303437049414436692,0,9341059560538226304,0,-3824010983974545212,0,698585288595243222,0,-49263526194878983,0,236067427522092,0,6085783770953,0,-4110232512,0,-20025594,0,750,0,1 # block t=6450 q=12T90 r=16 k=1
477288915809789,0,1484422307636667,0,110136288507694,0,-2872229298223802,0,-1822529098556901,0,758256703198292,0,525343147302750,0,-76564302782069,0,3466034523396,0,-52552697746,0,42239443,0,-11373,0,1 # block t=6450 q=12T90 r=16 k=1
1094107513039017634373,0,870063327574499974691,0,-9095766091129900338665,0,-19122107294381037566531,0,-13144236290290829026482,0,-2588919238808468232034,0,266922902744424325087,0,-6062486989766564782,0,51962339908203468,0,-154579419175905,0,9298502141,0,-176665,0,1 # block t=6450 q=12T90 r=16 k=1
756340161353981,0,269242067111868,0,-2734656839703047,0,-829850794842144,0,2110829745481249,0,295111986652568,0,-484701559810573,0,26923001470156,0,-349086766257,0,407523216,0,7596043,0,-8844,0,1 # block t=6450 q=12T90 r=16 k=1
790271510556814080345536,0,911482944847791300505984,0,-98294997602448713566272,0,3951766381096902921792,0,-81746103181382315840,0,942149746120501008,0,-5669729303542864,0,9609709074624,0,73646823876,0,-342979556,0,-121524,0,1878,0,1 # block t=6450 q=12T90 r=16 k=1
1845081208296403249103,0,19972261174606579299144,0,-5758189511356878439765,0,662014207804687452864,0,-37927213986494324223,0,1023131795491040046,0,-3655232463199153,0,-455520115353422,0,9666799795796,0,-58631798426,0,-24003229,0,1657,0,1 # block t=6450 q=12T90 r=16 k=1
53589408188632,0,2694437360741432,0,-716405480071284,0,52635713949048,0,2304108369722,0,-592174590918,0,37843038341,0,-1037389376,0,4040262,0,417142,0,-6995,0,-28,0,1 # block t=6450 q=12T90 r=16 k=1
524827193204819,0,-346096796666192,0,-1604057800611935,0,2589567250504812,0,-1543114011514319,0,411951731551496,0,-40543236883079,0,-272824205186,0,16007682209,0,21889286,0,-491463,0,-146,0,1 # block t=6450 q=12T90 r=16 k=1
345220998035759,0,6771460801368428,0,6073654360021175,0,-995179518062028,0,-1524299879215773,0,75282868069060,0,84554153335606,0,-8329838993008,0,276774047029,0,-3318455130,0,6381654,0,-4370,0,1 # block t=6450 q=12T90 r=16 k=1
38482991753039031059,0,116037248355066438769,0,42556636401472027058,0,-9108877652883377214,0,-2336176524225326599,0,592825966141069854,0,-29453233188885555,0,-1948093815758061,0,222632526337386,0,-5606471843375,0,981802884,0,-55616,0,1 # block t=6450 q=12T90 r=16 k=1
2239249279432865427181,0,13332783744188835957024,0,-25210912616848356034821,0,14411345262146170444634,0,-3005478301882293622431,0,131748424016816322126,0,13417470318550285788,0,-101034595011771738,0,-6392216828039967,0,31834578069590,0,-1502708370,0,-14646,0,1 # block t=6450 q=12T90 r=16 k=1
437554165060579,0,-963480898733934,0,851391343572161,0,-400657128216100,0,111055680980895,0,-18742441423482,0,1908075049327,0,-111728783808,0,3461305971,0,-52718020,0,370667,0,-1048,0,1 # block t=6450 q=12T90 r=24 k=2
389078186557063602803,0,-926074475733922946016,0,933730697271261187325,0,-518357263147514544719,0,171947140776291691970,0,-34468943504440184639,0,3996478077016482312,0,-237182462598029006,0,5378151488836129,0,-27980941373399,0,2771953936,0,-91556,0,1 # block t=6450 q=12T90 r=24 k=2
96180507810347401684741,0,-256041546452927169534488,0,275975392549388226774438,0,-152544570726681537343338,0,44810145982593117249202,0,-6439083343225772032899,0,349568522724033885940,0,-7364840147942467568,0,64262940143806770,0,-194370911113428,0,10327102053,0,-179361,0,1 # block t=6450 q=12T90 r=24 k=2
216427431626168384,0,-459365073557356992,0,396768729500731760,0,-179305743956984088,0,45395980328382912,0,-6427668739619130,0,490672652293901,0,-19927344153433,0,411130858064,0,-3637773940,0,6638369,0,-4435,0,1 # block t=6450 q=12T90 r=24 k=2
8568594006549352,0,-32995330009258776,0,51958219359048372,0,-42969451372634224,0,19849517286374526,0,-4972846552487210,0,583269641449963,0,-19586239491798,0,257586081194,0,-1424322830,0,3410115,0,-3196,0,1 # block t=6450 q=12T90 r=24 k=2
30371962997947717004641,0,-50080992330918485296881,0,32044653543776139147333,0,-10507450303635348316042,0,1928590552404963130596,0,-201342062619837444858,0,11591786715548951576,0,-343742211945983424,0,4815684752360693,0,-24777497012239,0,2606499670,0,-89935,0,1 # block t=6450 q=12T90 r=24 k=2
116009151882797716050661,0,-290569616161446339729858,0,293870129154538057972123,0,-151499786172889399089052,0,40925041739080743564878,0,-5198082807368908522688,0,213186489372976434778,0,-3631642831008262121,0,26500720100050778,0,-66435242613993,0,4998874457,0,-124225,0,1 # block t=6450 q=12T90 r=24 k=2
16594847733774029,0,-49587172638689524,0,62398359310360393,0,-42640964123223876,0,16958751647349317,0,-3880112271823280,0,466138325839717,0,-23412114839722,0,400537918013,0,-2551283770,0,5893161,0,-4446,0,1 # block t=6450 q=12T90 r=24 k=2
97030878526376117,0,-180366314311544868,0,133204206005964541,0,-52486961899661542,0,12220271884475329,0,-1730684770706878,0,145996713465765,0,-6784823161900,0,147540501561,0,-1292759028,0,4025133,0,-3708,0,1 # block t=6450 q=12T90 r=24 k=2
10967840449,0,-45814926016,0,80410019155,0,-77123923186,0,44128952566,0,-15497003146,0,3331655817,0,-427316264,0,31333720,0,-1263454,0,26684,0,-270,0,1 # block t=6450 q=12T90 r=24 k=2
3706432540137739,0,-8046681562620526,0,7237310470943146,0,-3508438217899954,0,999216921739811,0,-170796014323146,0,17116982165444,0,-933933629768,0,24084161004,0,-269059664,0,1223280,0,-2166,0,1 # block t=6450 q=12T90 r=24 k=2
466263492607471,0,25754544649704416,0,-7237058249476086466,0,-20026638916362451230,0,15211965542596920466,0,24808080237766612908,0,-9982317389017898463,0,-37926124443284008,0,273568332519966,0,119674218292,0,-145966399,0,-4946,0,1 # block t=6451 q=12T90 r=12 k=2
2559773,0,181975863,0,-442275609,0,390522352,0,-140041319,0,5107513,0,8013803,0,-881611,0,-215699,0,13705,0,3414,0,145,0,1 # block t=6451 q=12T90 r=12 k=2
61534633,0,195063410,0,-262918577,0,-764929132,0,386070029,0,678020294,0,-302241225,0,-61375178,0,3691453,0,222372,0,-5917,0,-70,0,1 # block t=6451 q=12T90 r=12 k=2
181100632481691427,0,-29355400211533213,0,-310357119612236518,0,97385573961224226,0,97916831266001176,0,-30259715275795197,0,-1247929870372129,0,151399690250695,0,-725811720882,0,-61835902792,0,-23223058,0,1895,0,1 # block t=6451 q=12T90 r=12 k=2
15509776513366792,0,-125919897579543008,0,-404014257280985696,0,300948159888282692,0,1036286525995633734,0,-141698243051486960,0,-566869776029184033,0,-4614916775187362,0,44732326921713,0,41552044446,0,-60612164,0,-4454,0,1 # block t=6451 q=12T90 r=12 k=2
42294038863689995431897,0,139968158293480819076357,0,-7302385624863688272212,0,-2823239840535378404806,0,-109903200655191443524,0,5343234970619122866,0,441849886809877889,0,8301384227899906,0,-26147526732766,0,-1511068205604,0,401715955,0,-35036,0,1 # block t=6451 q=12T90 r=12 k=2
4362828893105369329,0,34034361742487056518,0,62864938629312187860,0,51291154358331477582,0,21138169167224615336,0,4255617507692016318,0,307708494942206021,0,-6478541381694942,0,38350212699478,0,-75222936108,0,56109655,0,-13440,0,1 # block t=6451 q=12T90 r=12 k=2
165830867142093495097909,0,172320255904872693988991,0,-2013339730748306438047,0,-5883508872390307164976,0,-520562378754888850300,0,5264526795257556778,0,2358579731387120423,0,88917256655971136,0,294986695079073,0,-24331127642400,0,2591115445,0,-89744,0,1 # block t=6451 q=12T90 r=12 k=2
21762721,0,980266424,0,-271245504,0,-987048382,0,383013652,0,172784854,0,-68399045,0,-8913008,0,2309034,0,354622,0,9125,0,-222,0,1 # block t=6451 q=12T90 r=12 k=2
4096,0,0,0,-168969216,0,0,0,7853360384,0,0,0,-83560709056,0,0,0,435628176,0,0,0,-99692,0,0,0,1 # block t=6451 q=12T90 r=12 k=2
15716279794884017,0,2780461539225012998,0,57497091140578368562,0,110012192773136822587,0,80402087128780678411,0,24933534396269347357,0,2207290646064981463,0,-193335101626464153,0,4164619835463385,0,-28114648817301,0,2763342572,0,-91028,0,1 # block t=6451 q=12T90 r=12 k=2
1035975873241,0,0,0,-16416510369926877,0,0,0,75759432751333693,0,0,0,-50011939595657795,0,0,0,15522642171693,0,0,0,-41295107,0,0,0,1 # block t=6451 q=12T90 r=12 k=2
6451927034677663280197,0,10331233034349163348251,0,-3487186204982059677288,0,193659729444834366385,0,46029126918234870846,0,-6895595072322238261,0,240100791646628616,0,11764467704960285,0,-1035670108220046,0,20381719691683,0,2317187514,0,85134,0,1 # block t=6451 q=12T90 r=12 k=2
1763023628521,0,0,0,-78364554404352,0,0,0,1088521857827534,0,0,0,-4838395543506277,0,0,0,1093992625720,0,0,0,-6723251,0,0,0,1 # block t=6451 q=12T90 r=12 k=2
1484066529940763,0,5589492512936410,0,8565571400215036,0,6812948795220846,0,2929636663650183,0,616254074099038,0,34839677193234,0,-4133955388184,0,89463779686,0,-734669540,0,2436358,0,-3138,0,1 # block t=6451 q=12T90 r=12 k=2
45777249279991067,0,43293768601924293,0,-8476343935991774,0,-4205835705896596,0,-110866854278081,0,79548695806062,0,8086620734326,0,35461712767,0,-24145617756,0,-748820846,0,2589649,0,-2821,0,1 # block t=6452 q=12T90 r=12 k=1
860374747,0,15252455040,0,-409922362749,0,-613312428848,0,656904018179,0,701016148236,0,-344425239379,0,-7790572626,0,572665875,0,2611910,0,-87515,0,-54,0,1 # block t=6452 q=12T90 r=12 k=1
87476005440023381,0,766827829295512904,0,2013211287581300532,0,2410809236648939324,0,1468391384038446528,0,437972015272378518,0,47207391304416602,0,-1379799972335036,0,10652626849995,0,-28357343998,0,28642288,0,-9606,0,1 # block t=6452 q=12T90 r=12 k=1
12835877528819077429999,0,19814572881925350080963,0,2344231484022610003386,0,-48572909986573038474,0,-16936338832569890205,0,-471800698486379503,0,23882591168239944,0,1117950995253761,0,-2044844956108,0,-410808693318,0,169246985,0,-22808,0,1 # block t=6452 q=12T90 r=12 k=1
4826643416321,0,-23928847465556,0,-21541809035640,0,280961461936378,0,-500655440727476,0,351339394046004,0,-94088716945523,0,3758866416950,0,177328138422,0,1797367236,0,5032567,0,4212,0,1 # block t=6452 q=12T90 r=12 k=1
12389966791,0,201626375357,0,-540821245323,0,543347991148,0,-265948767058,0,62221432300,0,-4345847828,0,-544822710,0,40406303,0,4568719,0,135138,0,1351,0,1 # block t=6452 q=12T90 r=12 k=1
11831611937741961469,0,67479142538206836736,0,57028626354299407542,0,-6790856862628740394,0,291111506353383038,0,-5213799387973422,0,11492738875513,0,807702804166,0,-6754558368,0,-38970122,0,365181,0,1276,0,1 # block t=6452 q=12T90 r=12 k=1
14639393343404964289,0,0,0,-23504297725095205563,0,0,0,7888254585777130128,0,0,0,-734003008996711157,0,0,0,54018657352710,0,0,0,-66199696,0,0,0,1 # block t=6452 q=12T90 r=12 k=1
48349105169,0,-16442681992,0,-42829836712,0,34932014140,0,-7341501472,0,-1300743430,0,733116842,0,-79505076,0,-2690797,0,492550,0,23200,0,278,0,1 # block t=6452 q=12T90 r=12 k=1
3958827690376037893289,0,7870478537054811821211,0,2396474248501763720437,0,268064205750573259434,0,8723984403833974643,0,-440306283934340797,0,-28178973624622853,0,211141239045203,0,19946394759821,0,-246652454581,0,132015822,0,-21919,0,1 # block t=6452 q=12T90 r=12 k=1
19599443493424831,0,27485298960819359,0,5220084108195347,0,-928338832300486,0,-300443887835627,0,-6189704866793,0,3684754844877,0,241151704745,0,-8910310501,0,-783356173,0,2610502,0,-2823,0,1 # block t=6452 q=12T90 r=12 k=1
99086612543883176521,0,-63825484935174135546,0,-303558067786234931507,0,182991802434903389262,0,115818729685810258254,0,-44385718876491558480,0,-14614501713383814571,0,21303786065565624,0,346239708105368,0,-37466496150,0,-160341186,0,786,0,1 # block t=6452 q=12T90 r=12 k=1
183617150230332140071,0,-359989149919317053589,0,-3083194568364146560855,0,-2684207052342561457883,0,2415259408881741992915,0,2592373744963067634606,0,-45948446245380700084,0,-4811874922630561199,0,-27961989307667852,0,522799490772989,0,-11502340006,0,-11671,0,1 # block t=6452 q=12T90 r=12 k=1
43102882250371,0,120651831290226,0,127909982380576,0,66110889383934,0,16863421939669,0,1578183680814,0,-95126203228,0,-14896312248,0,999566410,0,-21201300,0,193308,0,-750,0,1 # block t=6452 q=12T90 r=12 k=1
15380292404497,0,5750852124252,0,-173403224884676,0,-59667782132858,0,145264061669836,0,25750582814554,0,-23837488666873,0,-271913776040,0,11047913698,0,36254746,0,-413907,0,-262,0,1 # block t=6452 q=12T90 r=12 k=1
14778410932054589,0,-61237086525551606,0,-74663110099595461,0,750466585684458948,0,-1447555802567241811,0,1165468827125032354,0,-352682000731440989,0,5395115436601966,0,28959231026973,0,-59328042932,0,-49392545,0,7510,0,1 # block t=6452 q=12T90 r=16 k=0
74198039222201399,0,23403086879714615,0,-41513550512653988,0,14865061546176173,0,-2581925352184465,0,255619667876335,0,-15066224693001,0,514657983105,0,-8863706537,0,37010158,0,530091,0,1335,0,1 # block t=6452 q=12T90 r=16 k=0
3321476231191,0,-30481514825443,0,53271894291646,0,160136763981949,0,-503989264781090,0,408757347862143,0,-80662249712120,0,-15298628062878,0,5995526883857,0,-445751905109,0,-99541742,0,1754,0,1 # block t=6452 q=12T90 r=16 k=0
2417802056849297,0,-8184041120853524,0,2559143441825615,0,6293859382406300,0,-5636420375360549,0,1762797520522396,0,-210020438758917,0,4263289823244,0,163219150257,0,-390116604,0,-2787823,0,500,0,1 # block t=6452 q=12T90 r=16 k=0
116939074608133,0,-63035292018926984,0,6322307193437289506,0,-107358992174675931038,0,323650919101336817706,0,651999399073500638100,0,-3041815255165047417,0,-315929370683420422,0,-887178037966748,0,15093440652394,0,-975512830,0,-8678,0,1 # block t=6452 q=12T90 r=16 k=0
86395017043625243752,0,233523128695014140184,0,-1096303767883784794696,0,983046214939845938768,0,-350848386197561870978,0,55427100389037859694,0,-3310642510385050953,0,12107974411492158,0,182186492027948,0,-80585370766,0,-129763161,0,4386,0,1 # block t=6452 q=12T90 r=16 k=0
9565758082843969,0,37175352787640139,0,-3769547969890540,0,-112413444627523045,0,-95163596918574596,0,309948066565357,0,12415799409848422,0,-1935726466719512,0,71335079196197,0,-496634714691,0,195423836,0,-24646,0,1 # block t=6452 q=12T90 r=16 k=0
63461825743351127,0,-6485467609400402,0,-42629402085201780,0,22010313064297642,0,-4862289422947477,0,592453356414668,0,-42741863046128,0,1810209805012,0,-40644078403,0,320851174,0,1693156,0,2338,0,1 # block t=6452 q=12T90 r=16 k=0
28819215850599,0,-24542081606043,0,-13535947058148,0,25009091151912,0,-12462816979539,0,2819866143060,0,-250914762963,0,-6383149029,0,2150710542,0,-79851987,0,-279576,0,234,0,1 # block t=6452 q=12T90 r=16 k=0
970868295261047189,0,-329007430213909134,0,-8402587073915233975,0,17169774748064507194,0,-13776199779054450035,0,5017723166172791864,0,-692156378929659171,0,841825597703756,0,53408320751935,0,-4476415494,0,-66110965,0,186,0,1 # block t=6452 q=12T90 r=16 k=0
96032873663,0,-1762248329866,0,-13516153366804,0,28473574356954,0,149541286758585,0,140502973224574,0,34188831296024,0,-2459171766044,0,53372964046,0,-447833592,0,1589348,0,-2182,0,1 # block t=6452 q=12T90 r=16 k=0
78448286159648959,0,-15787050364458049690,0,538092824879003489558,0,5654817061413365544808,0,-45720064078231602743654,0,64070332871694289081286,0,-3721409613673951013871,0,-94883630361034941070,0,-114734659306786830,0,3955286154526514,0,-44667358424,0,-20428,0,1 # block t=6452 q=12T90 r=16 k=0
79484981271270511,0,-356916183207619162,0,286010997033976230,0,478943549791047444,0,-628682041549408480,0,176579122787950039,0,3654239024576045,0,-1508712474471956,0,-33467769253189,0,1112995425910,0,-173573731,0,-3401,0,1 # block t=6452 q=12T90 r=16 k=0
237018157811,0,1698573592120,0,-16019057313833,0,37194621818404,0,-33704040017115,0,12638170112380,0,-1328405354773,0,-135775445550,0,316854329,0,42995942,0,12337,0,-1066,0,1 # block t=6452 q=12T90 r=16 k=0
683398965530443,0,5445251182515799,0,9353802964779722,0,-1721511740599794,0,-12424984850984909,0,-4530537801567988,0,1495531930303188,0,-130293700791177,0,4492535069988,0,-54803111254,0,43158803,0,-11471,0,1 # block t=6452 q=12T90 r=16 k=0
2995629023724915299933,0,-5722093421686715284917,0,4080496466451399892717,0,-1418338020000978072897,0,258903139763571190510,0,-24910698435068975058,0,1208439043584818555,0,-27039613128253066,0,274381003025108,0,-1056525092621,0,328163291,0,-33123,0,1 # block t=6452 q=12T90 r=24 k=0
23731488328710768438307,0,-41337659756849504030778,0,28308019942186760537256,0,-9960999632723321924553,0,1957865894363430575756,0,-216618265957363950033,0,12824650727448319770,0,-365629370726012229,0,4822425182881968,0,-23909636942025,0,2558958242,0,-89465,0,1 # block t=6452 q=12T90 r=24 k=0
37299885391229,0,-116451540645432,0,148834043521474,0,-100446076564442,0,38558147919228,0,-8468893275118,0,1022992694828,0,-63165386410,0,1941984193,0,-30176700,0,231332,0,-810,0,1 # block t=6452 q=12T90 r=24 k=0
394825301164585808655403,0,-837322436063354981102583,0,648639028705603512912401,0,-249216959915238668099945,0,51910665816018168687709,0,-5868982937550620925529,0,341958363210839570836,0,-9884567780468285269,0,125824022776694903,0,-477685796679588,0,18845334491,0,-242318,0,1 # block t=6452 q=12T90 r=24 k=0
4244683320576094863461,0,-9751300074320239238228,0,8973816908659402144437,0,-4174533553903501159019,0,1011445603671830320869,0,-116391926966239894859,0,4866012615732734235,0,-88096204940822763,0,711881205051122,0,-2136685871462,0,493333716,0,-38719,0,1 # block t=6452 q=12T90 r=24 k=0
924562363260761,0,-2556785617299097,0,2947458170886670,0,-1830275339272975,0,660461315683256,0,-139644497180117,0,16763789802990,0,-1086751676979,0,35549786110,0,-507309683,0,1978548,0,-2706,0,1 # block t=6452 q=12T90 r=24 k=0
59339797840572731392,0,-121239811118736494592,0,96650421795230979072,0,-38677960304816087040,0,8340883432366202624,0,-956524685901836544,0,52361492626998464,0,-1014761713834368,0,7784033080912,0,-22134126240,0,24653452,0,-8892,0,1 # block t=6452 q=12T90 r=24 k=0
5951512175814167509,0,-13301263980099622364,0,11988268072307871829,0,-5582365408264821822,0,1427588095897674560,0,-197549862893993106,0,14033719294576481,0,-514290562494912,0,9247986935372,0,-65835129866,0,48017020,0,-12059,0,1 # block t=6452 q=12T90 r=24 k=0
14313816522646189471,0,-40380084923791707380,0,47546645738710484775,0,-29983051589238382460,0,10738827256641360335,0,-2104382578342413776,0,189250857880039693,0,-3713363398148714,0,25279220584563,0,-57063294542,0,48177637,0,-12526,0,1 # block t=6452 q=12T90 r=24 k=0
537247438274739221,0,-1914561296841910112,0,2728496734588658575,0,-1995629196876917208,0,798320803552251019,0,-170239846469882000,0,16884489641201295,0,-503919690468796,0,4834782447381,0,-17164665516,0,21264241,0,-8868,0,1 # block t=6452 q=12T90 r=24 k=0
59788586786120389,0,-131154480908930934,0,117850168679083959,0,-55984854801258696,0,15113500034443031,0,-2310538469548350,0,187106717321009,0,-6967721191212,0,111749205805,0,-810457122,0,2552257,0,-3198,0,1 # block t=6452 q=12T90 r=24 k=0
1372147938019477373,0,-4212144936515919211,0,5328539803144634048,0,-3579494170517244122,0,1369264177226179201,0,-297322906449624934,0,34860743199423057,0,-2067488905292883,0,53927922147534,0,-414928601481,0,163960520,0,-22112,0,1 # block t=6452 q=12T90 r=24 k=0
7664613722370529,0,-10269764605797158,0,5505520083961959,0,-1613803520000084,0,290417699264828,0,-33620945408946,0,2523769341853,0,-119884896418,0,3389681262,0,-51329208,0,375800,0,-1162,0,1 # block t=6452 q=12T90 r=24 k=0
426852661533100853,0,-973349995300604089,0,911710728367857711,0,-457954736263433626,0,134733844761410430,0,-23736987707785324,0,2454992574528813,0,-140995069695312,0,4125126208127,0,-48776886340,0,40238103,0,-11144,0,1 # block t=6452 q=12T90 r=24 k=0
47199332702347,0,-120840141731148,0,131655922917211,0,-79604718033932,0,29152561398625,0,-6605898301072,0,904636282131,0,-69640799238,0,2643795065,0,-46797470,0,354533,0,-1090,0,1 # block t=6452 q=12T90 r=24 k=0
75787638475906073711,0,1921831155160128475,0,-820797806720625235367,0,990972182407057619731,0,361026091011980819048,0,-635534813354307849748,0,5167130485882213023,0,429285713619802896,0,-3688585507507802,0,-31020204209425,0,-1531521297,0,12645,0,1 # block t=6453 q=12T90 r=12 k=0
4151865504609870017011,0,10212135122425597788741,0,2802079246023867154809,0,-17239904848067618034,0,-80100512682081420388,0,-7846777225999245672,0,73193620936792230,0,35802499818370293,0,780943732388622,0,-23587765899624,0,2542511600,0,-89042,0,1 # block t=6453 q=12T90 r=12 k=0
19014377008192,0,161275274729856,0,12478710877872,0,-37540527537904,0,5514788945652,0,1580028982578,0,-571976897233,0,70258746463,0,-3874536228,0,72290180,0,592775,0,1367,0,1 # block t=6453 q=12T90 r=12 k=0
5600075524444799789,0,16075102604361467104,0,17576662141271728470,0,9408399787393726360,0,2597228169080755879,0,340980537197533920,0,13021328601273796,0,-618696201758320,0,6448429787979,0,-20435060352,0,23972806,0,-8808,0,1 # block t=6453 q=12T90 r=12 k=0
341568470749084333,0,733380167949876954,0,442567390366789165,0,100691058112591432,0,3123414987876772,0,-1954092120752524,0,-179013925795425,0,12171551942328,0,1118794454510,0,-50898565292,0,41790020,0,-11323,0,1 # block t=6453 q=12T90 r=12 k=0
111387989,0,18185746731,0,122784234798,0,107138404155,0,-518889223827,0,-497332266284,0,705884623017,0,163004622788,0,-80917336855,0,2335340251,0,1185148,0,-3159,0,1 # block t=6453 q=12T90 r=12 k=0
1426786787,0,-17639909628,0,-119780144924,0,-142898256332,0,109955633562,0,109563289178,0,-43675984156,0,-5007486568,0,372529579,0,2852718,0,-96916,0,-54,0,1 # block t=6453 q=12T90 r=12 k=0
1668045307151,0,-3271470289223,0,-7721175605010,0,1623247401793,0,1339263987000,0,178179615940,0,-4195700313,0,-2429390619,0,-160161784,0,-1946306,0,70857,0,-484,0,1 # block t=6453 q=12T90 r=12 k=0
2354921035693813,0,13916757025781846,0,33721101421577875,0,42738613979050692,0,29645425745716931,0,10409179600538474,0,1248780862937839,0,-92677062879204,0,1636442049785,0,-7946603082,0,13641567,0,-6724,0,1 # block t=6453 q=12T90 r=12 k=0
1106141,0,-16921343,0,-113099630,0,2589493598,0,-12338070076,0,23201669163,0,-16431644359,0,1344098863,0,868004191,0,58370117,0,483141,0,1304,0,1 # block t=6453 q=12T90 r=12 k=0
6715559936,0,-84234874880,0,-223166256492544,0,468788920455168,0,1024347675901440,0,-1035612331968768,0,-728984150753216,0,21754623979328,0,147404287808,0,-1298862080,0,-2169652,0,2108,0,1 # block t=6453 q=12T90 r=12 k=0
182255135526401141,0,25587007140424236,0,-287507773977464873,0,-36130281020814966,0,92665041648360353,0,7146308553991728,0,-8517680413529959,0,-134941426412602,0,3112330159115,0,3611566752,0,-16278775,0,-1054,0,1 # block t=6453 q=12T90 r=12 k=0
54970644074611974967,0,264427556255071168629,0,-264246800086646102157,0,-1100291001248941557665,0,724802520791503013112,0,487660591864505212794,0,-11968848608925651681,0,-478145990179565010,0,-710181519208128,0,29733373291009,0,-1569126147,0,-9591,0,1 # block t=6453 q=12T90 r=12 k=0
41078777041,0,0,0,-118952539339,0,0,0,108920253283,0,0,0,-31360208055,0,0,0,143706707,0,0,0,-47651,0,0,0,1 # block t=6453 q=12T90 r=12 k=0
450420805153549,0,3247426261905906,0,-24258650934761238,0,-16089693376263970,0,25492370261010687,0,2304312304792630,0,-4490657351938212,0,124367448154980,0,738424635958,0,-3542889088,0,-5583962,0,2338,0,1 # block t=6453 q=12T90 r=12 k=0
1013574123565823,0,-8145335832511184,0,-5892625781432960,0,101479027108708200,0,-139736836559631306,0,68585126336180032,0,-11401586805786696,0,-12542889270584,0,1567635637879,0,75173560,0,-7517312,0,-12,0,1 # block t=6453 q=12T90 r=16 k=0
1162265411861,0,256348401011368,0,-686539172767236,0,692225438483610,0,-318853519523772,0,58938111493122,0,384981657311,0,-901124213284,0,-809498342,0,2291801166,0,-2645060,0,-582,0,1 # block t=6453 q=12T90 r=16 k=0
28439615703241,0,-79397073936904,0,-449648508728509,0,2469030625722878,0,-4480046981746876,0,3558030099363918,0,-1020933496879269,0,-25682174262112,0,158327383514,0,1788204082,0,-704542,0,-4294,0,1 # block t=6453 q=12T90 r=16 k=0
60652479080332021,0,9249634740345365136,0,127315985700111857011,0,-7608945040200898521184,0,-39989932110776027303456,0,-49582634493688166381335,0,2738854070717740966689,0,-46552704065833205754,0,305424429156802786,0,-656932301834803,0,23251830346,0,-269029,0,1 # block t=6453 q=12T90 r=16 k=0
20657579601099307,0,12249050314977924,0,-9287077626663574,0,1934632502722480,0,-147167871919124,0,-3067300569128,0,1142283064930,0,-54090894992,0,-512364613,0,98035984,0,-1883950,0,8,0,1 # block t=6453 q=12T90 r=16 k=0
376033978433,0,-1606004337030,0,-869246474161,0,8444338312412,0,-10555488144809,0,5037654923854,0,-815460209157,0,-10342479224,0,1288392169,0,1472490,0,-147205,0,-12,0,1 # block t=6453 q=12T90 r=16 k=0
23081313962515151,0,-23016762403082777,0,-25785959894045925,0,48444637748336074,0,-26660597238209165,0,6016575643841021,0,-391935216983631,0,-19404840858075,0,536183109347,0,16636735511,0,-11036542,0,-669,0,1 # block t=6453 q=12T90 r=16 k=0
5471351959875369688,0,10935711829290054400,0,-3127303584482829924,0,349702080175864708,0,-20023891869451776,0,578897861146452,0,-4153919812637,0,-237945317454,0,7369450299,0,-77057752,0,121869,0,1830,0,1 # block t=6453 q=12T90 r=16 k=0
10993079,0,-211949681,0,782677765,0,173329172,0,-1853711262,0,1640628812,0,-495064287,0,13323924,0,11607535,0,167366,0,-23739,0,272,0,1 # block t=6453 q=12T90 r=16 k=0
55739200635299398330511,0,100159930039699714673818,0,-34905240108684631416744,0,4725567104371030726584,0,-331664813211270419300,0,12393277086193354767,0,-191344746557195973,0,-1959051447464576,0,110535484154799,0,-1108953203222,0,-172912753,0,3631,0,1 # block t=6453 q=12T90 r=16 k=0
4749346537824176693,0,81367030481962828316,0,-49132049130838011752,0,12277397975084671873,0,-1686606804097128706,0,140371669727061677,0,-7280300202633325,0,230172742432814,0,-4038633377869,0,29031406816,0,30305746,0,9733,0,1 # block t=6453 q=12T90 r=16 k=0
6806089637728256,0,-36843231523241984,0,12772374646931456,0,36215501651009536,0,-32268746920239104,0,9705026560445440,0,-1033368003524672,0,7868886278848,0,287089522656,0,-457764480,0,-3237660,0,500,0,1 # block t=6453 q=12T90 r=16 k=0
2651054649357066286123,0,15588763147631511921615,0,-43876924494975705701038,0,40461004412723328054295,0,-16766933944782799310275,0,2970737383472917675824,0,-127420599704259529885,0,-5054976392120983136,0,487321669038997,0,520187157001385,0,-11513051962,0,-11005,0,1 # block t=6453 q=12T90 r=16 k=0
41808069309540997,0,-89401002758111562,0,-5898046945481409757,0,22048145777368988088,0,-20576740803905462371,0,6911353107047266402,0,-745212504004755469,0,-3836456996075102,0,54954060104353,0,16235170000,0,-66668909,0,-798,0,1 # block t=6453 q=12T90 r=16 k=0
730673733868072,0,2961693864687472,0,1887091446782084,0,-2778928252521660,0,-2190260700988908,0,493408701676596,0,396469546101583,0,-24410431003786,0,415531143638,0,-2601966992,0,5892311,0,-4620,0,1 # block t=6453 q=12T90 r=16 k=0
479092337408173,0,-1876119407692038,0,3109670200916708,0,-2832692472074894,0,1535920551143228,0,-498976680504604,0,91747300713530,0,-8071087556428,0,197959483707,0,-1717540016,0,4746364,0,-4258,0,1 # block t=6453 q=12T90 r=24 k=0
22932536224126157,0,-28209340920104170,0,9950975999332635,0,-1792217094193096,0,197244806972813,0,-14352398497794,0,715496381075,0,-24683486754,0,583104061,0,-9126416,0,88635,0,-470,0,1 # block t=6453 q=12T90 r=24 k=0
2039443923530221613,0,-6384224666919619072,0,8192264499527892739,0,-5526561543469381208,0,2080027229599459527,0,-422107132635781088,0,39224855917251199,0,-893574115390124,0,7386464761945,0,-21637753324,0,24454569,0,-8868,0,1 # block t=6453 q=12T90 r=24 k=0
6969440361649349011,0,-13254341437983744060,0,10069511844041558077,0,-3926942247942830072,0,842562030921937647,0,-98641354032976020,0,5786259808262391,0,-139019381957358,0,1421524513883,0,-5811331230,0,9685085,0,-5524,0,1 # block t=6453 q=12T90 r=24 k=0
883949009,0,-3830469962,0,7207324933,0,-7714864894,0,5167862278,0,-2243418724,0,631719679,0,-112332926,0,11938168,0,-699310,0,20684,0,-264,0,1 # block t=6453 q=12T90 r=24 k=0
341055399787204034978557,0,-781374216047240233247476,0,716779957333224134591868,0,-333152114150627793414595,0,81547663215373502447345,0,-9876255887190891858771,0,503384903917319275302,0,-9113753855761248188,0,67870348057967583,0,-180532818354218,0,9972515987,0,-178198,0,1 # block t=6453 q=12T90 r=24 k=0
115851500542401680279,0,-91471209469718357706,0,14806542396957098710,0,-1173706792656006836,0,56430567381771504,0,-1802329965357672,0,39939779333727,0,-624911644006,0,6890565256,0,-52386046,0,261067,0,-766,0,1 # block t=6453 q=12T90 r=24 k=0
10866856093161097,0,-33984128274397670,0,43298672401437839,0,-29255375722117368,0,11435441800588569,0,-2625072971774786,0,337440002521783,0,-20811225570246,0,376956740609,0,-2503803388,0,5851959,0,-4426,0,1 # block t=6453 q=12T90 r=24 k=0
770242635716920211,0,-1638220886716357582,0,1381580036258562480,0,-589669614491831026,0,135438270031391003,0,-16581173353841292,0,1007556352414928,0,-26121180139044,0,300314046193,0,-1544462822,0,3541920,0,-3242,0,1 # block t=6453 q=12T90 r=24 k=0
55451263107702625519859,0,-232445838326664461739580,0,382862548503937031444003,0,-309159709817084765239314,0,123103186508436921283118,0,-20669430038285983282986,0,871780564823265790092,0,-13892265993780176490,0,91985980919470566,0,-211174480747108,0,10882510794,0,-183916,0,1 # block t=6453 q=12T90 r=24 k=0
878895780896281756819,0,-2562547064352992802282,0,3044483222250581406182,0,-1875480287493397530117,0,627521714646892211059,0,-108250309155499966783,0,8316974292640273624,0,-294424838230936346,0,4615279902407379,0,-24790373126196,0,2609817875,0,-90036,0,1 # block t=6453 q=12T90 r=24 k=0
1141911385510769345177,0,-1333375862736122357569,0,544475646248410391035,0,-108106337430323084688,0,12103517716191204693,0,-813574059454692581,0,33177204331477727,0,-790947258605125,0,9927993469399,0,-51085027275,0,50489550,0,-13037,0,1 # block t=6453 q=12T90 r=24 k=0
6352720739,0,-22765476496,0,35373971152,0,-31208768312,0,17186329122,0,-6114162774,0,1406140140,0,-203751012,0,17703591,0,-863914,0,21780,0,-254,0,1 # block t=6453 q=12T90 r=24 k=0
59538011671856726464,0,-183289950723652833728,0,228115614933872595008,0,-146214078079786934600,0,50697857772901364704,0,-9074322779255922800,0,723251203694521963,0,-22231730629812185,0,289332799738451,0,-1381996786098,0,374512429,0,-33948,0,1 # block t=6453 q=12T90 r=24 k=0
1266716870340391,0,-2517980654891674,0,2068977913567801,0,-916175487703544,0,238897112482345,0,-37609830800022,0,3522380288073,0,-186429931372,0,5122903665,0,-69771932,0,435663,0,-1146,0,1 # block t=6453 q=12T90 r=24 k=0
1591886948500,0,1835781741960,0,-1824043040416,0,-496124584956,0,148254400345,0,-7255369608,0,-658675524,0,73213536,0,-1356710,0,-107232,0,6364,0,-132,0,1 # block t=6454 q=12T111 r=16 k=1
135264556009,0,1097853419436,0,1861549820706,0,359222815868,0,-867781083609,0,-85112675784,0,192025758300,0,-46465107336,0,3738626559,0,-71269060,0,495858,0,-1236,0,1 # block t=6454 q=12T111 r=16 k=1
295197920009207779653,0,1531914277863664455204,0,2472786116512695535862,0,1450119762751372112588,0,109719134580464694391,0,-101936636081956937048,0,2333140249519894372,0,-20092077072954600,0,79313367556003,0,-143033572620,0,107197766,0,-21924,0,1 # block t=6454 q=12T111 r=16 k=1
1915160060271899540691,0,4923405805495364037315,0,4208181819503970964320,0,1195697033159972074326,0,-59423649191916727005,0,-42981206641802455518,0,3821761104123771576,0,-89693879664854736,0,586084072186665,0,-619276353021,0,227549448,0,-30558,0,1 # block t=6454 q=12T111 r=16 k=1
199803924158942445584,0,566532544323339918624,0,547849552052840175624,0,210784593670355594872,0,21105610232448279705,0,-2632435063116549456,0,93827122696670924,0,-1563002139254640,0,13127836034898,0,-52673907312,0,83705820,0,-17640,0,1 # block t=6454 q=12T111 r=16 k=1
203492478976,0,157402423296,0,-438462232576,0,168416428032,0,-12925286656,0,-3683845120,0,658204416,0,-3538432,0,-5450576,0,317280,0,-632,0,-192,0,1 # block t=6454 q=12T111 r=16 k=1
4853792973401537298944,0,4737975900062920020480,0,-406637978114798529792,0,-4499297125940492864,0,1560255253861465356,0,-66771120271312128,0,1191680756492768,0,-6124161821712,0,-89888233140,0,1337859504,0,-4975320,0,360,0,1 # block t=6454 q=12T111 r=16 k=1
256270905595161,0,398757960064332,0,76543307992458,0,-57274411819140,0,-13354718650317,0,2529669500136,0,345489869916,0,-59031824760,0,2896173387,0,-60424164,0,513378,0,-1332,0,1 # block t=6454 q=12T111 r=16 k=1
3932170088510841001,0,8164393722600347820,0,-1539729456695588250,0,28141250323394644,0,12864397467342483,0,-1268481961327800,0,50060521252100,0,-760931701896,0,-4754712933,0,269903260,0,-2150514,0,228,0,1 # block t=6454 q=12T111 r=16 k=1
24983914284182497185657,0,60455299139505393890796,0,-19984863719276737746894,0,1128728272810406830956,0,-10536314546674553661,0,-853464686955545016,0,30767381273768188,0,-423752257100952,0,2332127136603,0,736090524,0,-40159590,0,16380,0,1 # block t=6454 q=12T111 r=16 k=1
44,0,-144,0,-312,0,768,0,432,0,-1344,0,232,0,696,0,-411,0,20,0,42,0,-12,0,1 # block t=6454 q=12T111 r=16 k=1
629551349845212241,0,-6950104578220145052,0,25823068609970535474,0,-29522867401518948364,0,-32204594103307768305,0,96394491301692520008,0,-60156638558551410564,0,3476410138208520072,0,505174944324732543,0,-4914669925804,0,-11691646350,0,2436,0,1 # block t=6454 q=12T111 r=16 k=1
20358594596421,0,86032591955520,0,-59703866001380,0,14337973426140,0,-1393492791457,0,15905779232,0,6111651304,0,-311887912,0,-1791157,0,320320,0,-2420,0,-84,0,1 # block t=6454 q=12T111 r=16 k=1
275994421191323125,0,2157915214755739625,0,5601445520097251475,0,4927089251516443015,0,-217079802908581439,0,-1267223050024296436,0,219993024315583824,0,-10689931144417852,0,108100532847377,0,-177369939843,0,99775151,0,-20437,0,1 # block t=6454 q=12T111 r=16 k=1
12830344650713881,0,38051035328581908,0,37231747826646474,0,10403652169218116,0,-2592278845910829,0,-778283065771656,0,191549332782524,0,-14459195752296,0,459279003627,0,-5893018396,0,26622594,0,-10092,0,1 # block t=6454 q=12T111 r=16 k=1
77696522895384565225,0,999679758293922132615,0,-1289931648026492103723,0,604016873586003761639,0,-139740743695503378095,0,17173196314579319556,0,-1061224641950052704,0,23880734527874420,0,182033371766141,0,-531471090917,0,95579633,0,47131,0,1 # block t=6455 q=12T111 r=16 k=2
591229374429880309,0,4269690575045823828,0,6728571060051045978,0,1459090478140405364,0,-3121559841932722473,0,-1461366403466034952,0,68037458960833724,0,-1129156231567240,0,8468364391443,0,-28730287756,0,39908682,0,-14124,0,1 # block t=6455 q=12T111 r=16 k=2
2992072736759,0,5717402443215,0,-6074939789213,0,-18893423583827,0,-10291227994899,0,952329608860,0,1041166118944,0,-168313518228,0,7795518751,0,-105738405,0,584871,0,-1351,0,1 # block t=6455 q=12T111 r=16 k=2
145723674448888976,0,8770604115740117184,0,-2281841582948769408,0,98885683905637440,0,23442504608183544,0,-3146037420725376,0,145136151042328,0,-2232267377952,0,-18461261319,0,749915620,0,-4392894,0,-276,0,1 # block t=6455 q=12T111 r=16 k=2
3318141030436196303609,0,3364728415019361946856,0,-613354999903217928502,0,37258534047358618920,0,-946025458064161521,0,5025286946265272,0,219988034781788,0,-3725528776952,0,801579415,0,334166976,0,-1578166,0,-2064,0,1 # block t=6455 q=12T111 r=16 k=2
36210174535787951629666,0,-46978729875539626382664,0,-22108936689880601936284,0,64265606865114955606962,0,-37330791097054362787896,0,8058900251976994724372,0,-454055252144999126608,0,4068602713065678018,0,48187359029402127,0,-8334272182360,0,-1049532642,0,78169,0,1 # block t=6455 q=12T111 r=16 k=2
7691459890249728,0,6871230997069824,0,-5874695355432960,0,1492576599932928,0,-177065535550464,0,10390894202880,0,-212474779648,0,-7942405632,0,552510144,0,-10997504,0,45216,0,624,0,1 # block t=6455 q=12T111 r=16 k=2
76963063483226857033,0,253556465205836270320,0,256335212858389497906,0,30095204019342081320,0,-80374424615093765857,0,-29805624519851288280,0,910727949793864716,0,-9912890305246856,0,48123876980727,0,-103661945912,0,90558514,0,-20416,0,1 # block t=6455 q=12T111 r=16 k=2
37292895105384030233600,0,80248067516112063969280,0,-43543810262773198283264,0,7686375826015528148480,0,-525893777367070443712,0,1422749789774796800,0,1525273677242411520,0,-66272796505361920,0,821389630805024,0,234010762400,0,-2340103224,0,-120,0,1 # block t=6455 q=12T111 r=16 k=2
671032667598528,0,717761690684928,0,-108337369626432,0,-34023931234560,0,8766554247216,0,-640303762176,0,-645392288,0,2484455040,0,-135189564,0,2884320,0,-17700,0,-144,0,1 # block t=6455 q=12T111 r=16 k=2
43779276902829883392,0,-657215129246422450176,0,1452575408930832282624,0,10143262425899098176768,0,-17758664509767317816904,0,8886556937911817028096,0,-1147356895653924676128,0,-68772642674863022496,0,3080533853998463256,0,18025970519520,0,-27896334120,0,-3672,0,1 # block t=6455 q=12T111 r=16 k=2
11079420968960,0,-7291643363328,0,-14978232221696,0,5154591178752,0,237295456256,0,-263991638016,0,34974242816,0,-1517547264,0,-15823216,0,2616480,0,-42024,0,-72,0,1 # block t=6455 q=12T111 r=16 k=2
1046618687831754149,0,-1662440120532088891,0,-3506843860792050138,0,9970151243822686436,0,-7875709775935751591,0,1840343061868670008,0,248964329831378180,0,-61596904008338220,0,513030102342797,0,564050650241,0,-38648030,0,-37100,0,1 # block t=6455 q=12T111 r=16 k=2
5324963552000,0,26744892019200,0,-5587927671840,0,-2534579019552,0,1017995626233,0,-128111626176,0,4216130260,0,471762816,0,-50239518,0,1741120,0,-18948,0,-96,0,1 # block t=6455 q=12T111 r=16 k=2
781531193094310911454,0,735868479052589287844,0,-331646936168247398724,0,44944021103533668058,0,-1766780990818341344,0,-114972561763515376,0,12768278491348848,0,-382333133930086,0,2967955049129,0,4804822326,0,-5433430,0,-3907,0,1 # block t=6455 q=12T111 r=16 k=2
390124505734434424336,0,-824527372064967226464,0,650523999202788085608,0,-235493282119930849448,0,38731528357426049553,0,-2529843342541923096,0,79425019572650820,0,-1302945527010888,0,11219821449894,0,-47165720648,0,77676060,0,-17232,0,1 # block t=6455 q=12T111 r=24 k=2
395657703659885151232,0,-959081332465814968320,0,947659698335992521216,0,-494634828894047619584,0,148225937782450114368,0,-25983471354805877760,0,2585675173952553216,0,-132684361671220992,0,2722411105693632,0,-2631416418464,0,753342168,0,-51000,0,1 # block t=6455 q=12T111 r=24 k=2
31343051,0,-99602336,0,141904120,0,-119970040,0,67083003,0,-26151988,0,7292088,0,-1465936,0,210945,0,-21196,0,1412,0,-56,0,1 # block t=6455 q=12T111 r=24 k=2
6020840408870200,0,-12899426007891712,0,10469660034300608,0,-4317007835704960,0,1010422284834768,0,-140641320234832,0,11779453620240,0,-582077859416,0,16010841025,0,-219658908,0,1291470,0,-2084,0,1 # block t=6455 q=12T111 r=24 k=2
3072927477255617,0,-6200331192710572,0,5085787108150702,0,-2184320992436888,0,528263893971007,0,-72634169952184,0,5615337533140,0,-246336598960,0,6119700927,0,-83142636,0,559086,0,-1448,0,1 # block t=6455 q=12T111 r=24 k=2
12702258636363941,0,-30314517861654903,0,29491046599532871,0,-15000676244596723,0,4267218101049379,0,-680265188719198,0,59099304363794,0,-2610790053198,0,50917677087,0,-412552443,0,1464719,0,-2191,0,1 # block t=6455 q=12T111 r=24 k=2
46990821029447339707833,0,-72121170367985549069772,0,42016191286619315201706,0,-11647164333433709684988,0,1567163763013629127059,0,-95716848930627924360,0,2905223806502612476,0,-45638589567705576,0,358870616073483,0,-1248761619260,0,1562667234,0,-78252,0,1 # block t=6455 q=12T111 r=24 k=2
5621635824908465797,0,8174554621546525408,0,-3751275386606496066,0,-4648739347611986536,0,166426133760270487,0,62234638525950080,0,3671766043346452,0,91696102751152,0,929121774467,0,-91187104,0,-46456946,0,-32520,0,1 # block t=6456 q=12T111 r=8 k=2
625049074528190937,0,1711281876771456900,0,1467608926157066394,0,513478628393641668,0,65488758811252083,0,189059693223672,0,-127902349416420,0,-814243433832,0,64719245835,0,146980980,0,-4896558,0,-108,0,1 # block t=6456 q=12T111 r=8 k=2
534330268188527194150,0,2934279393414031503110,0,6374642407129336572638,0,6803873467489145261534,0,3492559979664169304476,0,606909023182944278846,0,-56294446626961489678,0,190619653962777246,0,12198711857960445,0,-1620917483649,0,-622418517,0,43031,0,1 # block t=6456 q=12T111 r=8 k=2
72300000077197,0,-309079082492832,0,560887978161298,0,-555557054168688,0,318846753099311,0,-102413602336488,0,15599461117956,0,-536688701352,0,-20507690829,0,-3295242072,0,-550966,0,2136,0,1 # block t=6456 q=12T110 r=8 k=2
1050610500370432,0,1978199474700288,0,758430181195776,0,-6934431186944,0,-29508248171520,0,-4261173768192,0,-243730370560,0,-3804142080,0,195871680,0,8625664,0,73728,0,-672,0,1 # block t=6456 q=12T111 r=8 k=2
2873410388170729,0,-11149337023984500,0,18281839731610490,0,-16303513322061588,0,8391417507849343,0,-2409958313297064,0,334109247323020,0,-15017821197576,0,371902954999,0,-27265005156,0,7683738,0,-1380,0,1 # block t=6456 q=12T110 r=8 k=2
347446070149767228779779,0,-188341341107244543133026,0,-31758059398744300259895,0,-2114530856860436265549,0,-78209445900424193638,0,-1773972012033356339,0,-25129537407478564,0,-211800551807459,0,-877980245364,0,-281089023,0,6733547,0,-5363,0,1 # block t=6456 q=12T110 r=8 k=2
656608886784,0,-266788601856,0,-2494455644160,0,-246372728832,0,1981439504640,0,91194937344,0,-558203989248,0,34740486144,0,32290491744,0,412816896,0,1685232,0,2304,0,1 # block t=6456 q=12T111 r=8 k=2
277909238458680184,0,-322125725685895248,0,77473357050934272,0,-9449568963536832,0,720705875854756,0,-37436324229360,0,1376888953348,0,-36370424064,0,687356086,0,-9085800,0,79880,0,-420,0,1 # block t=6456 q=12T110 r=8 k=2
10622209757184,0,3518023863601152,0,297045455288012928,0,954842906057925600,0,698120344301847849,0,-81259459444296144,0,-1073632102466332,0,130327731758064,0,1850002654482,0,-13348553552,0,-106605972,0,912,0,1 # block t=6456 q=12T111 r=8 k=2
233567632,0,1904294688,0,-432197160,0,-22754517880,0,-11598955407,0,986428944,0,1576037868,0,314357472,0,17852238,0,-298480,0,-14748,0,24,0,1 # block t=6456 q=12T111 r=8 k=2
12123715699604497280,0,20823183928799919872,0,911853880847579712,0,-2689705549202128832,0,314361697270004920,0,21226300842344992,0,-3882577508441936,0,23146491169664,0,7005616875048,0,61237595216,0,122435272,0,22080,0,1 # block t=6456 q=12T111 r=8 k=2
141621454130145705811,0,-144140541179892518677,0,23247163077106091030,0,-1781740999608575364,0,81904925517951587,0,-2488774985213848,0,52375756533847,0,-778371857488,0,8164436667,0,-59193356,0,282212,0,-795,0,1 # block t=6456 q=12T110 r=8 k=2
3011074587399803804,0,8919183426466796648,0,9621515308236234304,0,4411926765192552196,0,650455687463181272,0,-53466066093294592,0,-6685930907812108,0,187733741529528,0,3723119241231,0,-4761082642,0,-6011442,0,3899,0,1 # block t=6456 q=12T111 r=8 k=2
26354232622483,0,-34328101611272,0,17400307804942,0,-4819363801224,0,829760310059,0,-94143595328,0,7206799256,0,-373216472,0,12998017,0,-310440,0,5762,0,-96,0,1 # block t=6456 q=12T110 r=8 k=2
618397580391724161593,0,311694430896720137067,0,-3705420042977131469674,0,-1785942687179194822908,0,4627938308085758733905,0,1091326683672221792152,0,-24934279960959180972,0,-722849959684626980,0,9837837380967393,0,620633329927,0,-679027838,0,23652,0,1 # block t=6456 q=12T111 r=12 k=1
611932319145152,0,1002121895471488,0,189980959847360,0,-24908641107904,0,-3696147320560,0,339953360256,0,21655528080,0,-2381500640,0,-9140148,0,6062072,0,-187500,0,1536,0,1 # block t=6456 q=12T111 r=12 k=1
212562986956569223,0,427289934191332182,0,96749012288401299,0,-510928709579168,0,-1887278375309319,0,-142130228304384,0,3842221707924,0,696270740148,0,14020357635,0,-241446770,0,1108059,0,-1908,0,1 # block t=6456 q=12T111 r=12 k=1
729106040183051455488,0,-653860982969474236416,0,-481231070401628609356032,0,217769139985745654922240,0,298605651885806047205904,0,-7742627293968409629312,0,-71852747357861783200,0,1249982521894115520,0,7528840062685560,0,-9102630477280,0,-21032522424,0,11472,0,1 # block t=6456 q=12T111 r=12 k=1
578097850180702807435717,0,456351319645065315522436,0,-164273341775541408274038,0,-6684525562829565194172,0,8293663355156754135,0,3576263669029063160,0,52181023384359292,0,128089778275512,0,-1807287972413,0,-5571008828,0,30183386,0,-13244,0,1 # block t=6456 q=12T111 r=12 k=1
538366984327583928,0,3051421655566285152,0,6075559695145855824,0,5630304536608439232,0,2404987809086451744,0,250216423426841760,0,-115515870746937480,0,-20772065914521192,0,2210512852963593,0,-2348408573028,0,709328862,0,-49788,0,1 # block t=6456 q=12T111 r=12 k=1
95258573376168842,0,602899905015335982,0,1204060732659672742,0,424045459518542414,0,-991453044661798348,0,-465207832479485990,0,341038632283801894,0,-36279444992137522,0,160646498828591,0,538403592463,0,97979499,0,-47269,0,1 # block t=6456 q=12T111 r=12 k=1
17250931175451102010737,0,17275195289446596357228,0,-13986830939117047802046,0,3166569482885140953852,0,-175398905701055384649,0,-37792274217022867464,0,7072068849228039708,0,-457183467803772936,0,10673491734798183,0,7762551490620,0,1588326354,0,74412,0,1 # block t=6456 q=12T111 r=12 k=1
2130048,0,0,0,-15171840,0,0,0,29903553,0,0,0,-23202900,0,0,0,6334542,0,0,0,-10116,0,0,0,1 # block t=6456 q=12T111 r=12 k=1
95863572352,0,133888104192,0,-191776218432,0,-163345853120,0,177189147576,0,16589880576,0,-37242304896,0,3920911200,0,811193112,0,-7118528,0,-98448,0,192,0,1 # block t=6456 q=12T111 r=12 k=1
30026904770829964608113,0,85766797639426048328348,0,2988106157822734034514,0,-198879774030532229044,0,-9437451567270794673,0,51151502109679288,0,7416440916172220,0,90035401861624,0,-343692263393,0,-6225861204,0,26498834,0,-12612,0,1 # block t=6456 q=12T111 r=12 k=1
426783319106758115328,0,0,0,-15124666955188457963520,0,0,0,148480450320610745692416,0,0,0,-260802652526537480043264,0,0,0,1675681086475508610528,0,0,0,-1480458386160,0,0,0,1 # block t=6456 q=12T111 r=12 k=1
303810137771039768576,0,-100940334567136149504,0,-250267160490950389760,0,219276097810985820160,0,-71883660897901990912,0,10469541021147779072,0,-502147971695725568,0,-11401603471761024,0,-67145155484032,0,-132859148896,0,-86635432,0,-3204,0,1 # block t=6456 q=12T111 r=12 k=1
19030716223767424,0,126716156154772224,0,75984532337457984,0,-932034086433755968,0,-1557330138697282632,0,765766002482120448,0,1740226521947617824,0,-356776299483635808,0,14062167985760424,0,10723010119232,0,-2169709296,0,-51024,0,1 # block t=6456 q=12T111 r=12 k=1
14760802435027972096,0,56919592709187880960,0,72976310914191032320,0,31102823806223934464,0,-2318618227881524480,0,-2515589597691227392,0,335518121624034816,0,-11811539708952064,0,115769693271440,0,-183489289784,0,101133088,0,-20372,0,1 # block t=6456 q=12T111 r=16 k=1
27462561961932568,0,-114987346153560096,0,56153999477916264,0,223667101003530712,0,-212459308803692847,0,64144400233546872,0,-5502352291303476,0,-418771210653576,0,49164652421982,0,-10872668120,0,-52385532,0,1200,0,1 # block t=6456 q=12T111 r=16 k=1
25886633726384814224,0,15851589280047775520,0,-10277449294570388072,0,1140434899877528584,0,16419905732154473,0,-9135977948671952,0,547159509505764,0,-12593859031712,0,75552916262,0,878145520,0,-6263844,0,-168,0,1 # block t=6456 q=12T111 r=16 k=1
115050654411407858300,0,68953639964103162360,0,-56118690362555870496,0,11985658176101666996,0,-895374678040243688,0,-19492826285673040,0,6188392288775132,0,-273415220184936,0,2682989761959,0,4402483794,0,-5167270,0,-3865,0,1 # block t=6456 q=12T111 r=16 k=1
7152832817738036264448,0,-44639687617872897687552,0,50373173572126909386624,0,87658272025630148890368,0,-94585540493670365263176,0,27873771053785146939456,0,-2292994054553130723168,0,-69087202639522756128,0,3396647477379995640,0,2338855020864,0,-28750133304,0,-216,0,1 # block t=6456 q=12T111 r=16 k=1
7745,0,224796,0,-737342,0,-1969044,0,2013551,0,-104904,0,-371044,0,130488,0,-12241,0,-1620,0,450,0,-36,0,1 # block t=6456 q=12T111 r=16 k=1
495654116055073134364,0,2212600589261154585112,0,3017783632889433863932,0,1505593930337341906744,0,173444214821449169228,0,-33275154616629985444,0,878948159417339624,0,-9070784895220008,0,43611123582136,0,-99768216528,0,97005698,0,-24220,0,1 # block t=6456 q=12T111 r=16 k=1
2618301491922593497744,0,-18419580052224968922144,0,20963257100538398251032,0,51829145240431386463096,0,-43327491537557662359183,0,10595205660123499353840,0,-691496802457692423636,0,-41022204728244765408,0,2563884637873093134,0,526273700080,0,-26313684828,0,-24,0,1 # block t=6456 q=12T111 r=16 k=1
118177244,0,1059642056,0,-3796138340,0,2391041704,0,1306684564,0,-1483493908,0,307836664,0,-2127880,0,-4553952,0,400848,0,-10866,0,28,0,1 # block t=6456 q=12T111 r=16 k=1
2240068551315240995008,0,8061781285979871589248,0,-181395184265007576912,0,-63798108945495272560,0,5643987452123225121,0,-223959209545441320,0,5143871694278564,0,-72593770423560,0,619084708326,0,-2869265176,0,4842612,0,4920,0,1 # block t=6456 q=12T111 r=16 k=1
47176990162381439632,0,-1014733581320579899296,0,5172735884258578488744,0,-1432066592244662251672,0,-33986242391879511098415,0,29743888839957123852744,0,58529765513953718575836,0,-39736618230583172262744,0,1633161511859203501542,0,6273235900395032,0,-1474148624460,0,-49872,0,1 # block t=6456 q=12T111 r=16 k=1
75214615755652674876013,0,147442849550433399745628,0,91573880856327566042982,0,20938305850354287458180,0,699293315795968820319,0,-195444971243736525096,0,5593008687716995764,0,-30314940883745912,0,66149982049187,0,-68472880980,0,36304822,0,-9580,0,1 # block t=6456 q=12T111 r=16 k=1
400622272774840,0,9351537641452096,0,-3986799500554560,0,181428811096896,0,78919483793872,0,-12228354296784,0,708406826272,0,-15703561832,0,-97777543,0,9295012,0,-100634,0,-36,0,1 # block t=6456 q=12T111 r=16 k=1
88706860927884482510189,0,241752842979953010412000,0,77883041552073785452278,0,-6736007443947234584376,0,214402066015521354279,0,-3311408849070712096,0,21847890598304900,0,54302156739056,0,-1944115964533,0,13206812416,0,-38105242,0,37256,0,1 # block t=6456 q=12T111 r=16 k=1
32459510304321583052800,0,63499511808156049084416,0,22613860484666018696192,0,-8628114597035237236736,0,-2022195098485088657536,0,283258203019412421504,0,24010541226647063040,0,-3368228114484415696,0,77757898114118721,0,-119419221736284,0,47998032838,0,-435660,0,1 # block t=6456 q=12T111 r=16 k=1
7048449366378236272,0,-8742638441321167616,0,4060516486091261872,0,-923167358434734816,0,112649899830713544,0,-7510832610597440,0,266384135901088,0,-4878435888752,0,48699033402,0,-274543752,0,872782,0,-1460,0,1 # block t=6456 q=12T111 r=24 k=2
647908264790725928336,0,-1278248058026441831232,0,956861787243892901520,0,-333590878418469159072,0,52904573809321478364,0,-3187064594834389248,0,93065948110223440,0,-1444984032641808,0,11951861777688,0,-48690869888,0,79831284,0,-17232,0,1 # block t=6456 q=12T111 r=24 k=2
32374044430220573200,0,-61936619318465978592,0,45399471767698400760,0,-16441321078293739160,0,3224767285536239129,0,-351003423698043392,0,20884085529764724,0,-654735461770064,0,9921335959062,0,-60508276288,0,112795212,0,-21176,0,1 # block t=6456 q=12T111 r=24 k=2
73343660946163156832306,0,-218782594104616258272848,0,261451633360153178157770,0,-158638176705450976903552,0,51072958143096507225160,0,-8358729776065900775340,0,632260193514921525202,0,-18664860085847807120,0,86812514202567623,0,-40352561699788,0,4945334289,0,-193576,0,1 # block t=6456 q=12T111 r=24 k=2
1154156,0,7124880,0,-4641828,0,-6348200,0,3484113,0,1506624,0,-974524,0,-5424,0,86094,0,-19728,0,1824,0,-72,0,1 # block t=6457 q=12T111 r=16 k=2
40413398975546112,0,638044632086353920,0,2637655201246480128,0,1685001408006574080,0,-518483127074253408,0,-123847210534879296,0,48681768384871056,0,-4800889200434400,0,148227483683241,0,-299263043340,0,178648470,0,-24876,0,1 # block t=6457 q=12T111 r=16 k=2
519802740515147179211776,0,609528523406932837420032,0,-40436133831518192809472,0,283204592726979230720,0,28046215547629460992,0,-628274530050897792,0,71111095907968,0,143288488772864,0,-1977815624848,0,11851709216,0,-32163444,0,27964,0,1 # block t=6457 q=12T111 r=16 k=2
272692602252288,0,1162153081239552,0,-56863895697874812096,0,-21727026436891968576,0,86849290400803150257,0,8111085960462170472,0,-52203475380979900,0,-10274423355716856,0,194510455831350,0,-1071885186344,0,1402608420,0,-78216,0,1 # block t=6457 q=12T111 r=16 k=2
126400764800,0,732761641216,0,477081894976,0,-434877430080,0,-255782643528,0,75773353888,0,20444312816,0,-7394439264,0,706074728,0,-25489520,0,325624,0,-1072,0,1 # block t=6457 q=12T111 r=16 k=2
13764799087247360,0,127023286577004544,0,-3688414793969500160,0,-2566234090284231424,0,-448004522550182975,0,16892061606212360,0,5118253331580300,0,-349131497779400,0,7731148205286,0,-62711674504,0,109053964,0,-22200,0,1 # block t=6457 q=12T111 r=16 k=2
235195644218799617937,0,-680210611034958277740,0,-22665427260731564814,0,1414614803925346584228,0,-1513300517176467836457,0,648814310774868241800,0,-105201405537153404004,0,-3157058447423713656,0,1879760933528501799,0,-14732872040124,0,-23975357022,0,3636,0,1 # block t=6457 q=12T111 r=16 k=2
585197654397173827407872,0,758509461853219911432192,0,-328823365976024533798784,0,44585626060285933349344,0,-2243503999002049637199,0,-6297005972726543512,0,4343126219476002748,0,-133221235057621192,0,1185841691043126,0,377966945368,0,-2556837348,0,-216,0,1 # block t=6457 q=12T111 r=16 k=2
548249633336131776565849,0,637519942831138203330160,0,-66715076314359872821398,0,2368687944223508925792,0,-34238653034278594929,0,61149752236389704,0,3663575697232012,0,-32759628223896,0,-23735747177,0,1275592264,0,-3490150,0,-3080,0,1 # block t=6457 q=12T111 r=16 k=2
19367379661955240292975,0,3287642219023833192555,0,-12979439047892068719027,0,3480732512005152939497,0,-364297110833052165247,0,15684351352001499980,0,-27040444832054112,0,-17953746639077260,0,397942944606083,0,-201825715233,0,-154150255,0,-6235,0,1 # block t=6457 q=12T111 r=16 k=2
33623301234688,0,91082425909248,0,-75793376276736,0,8227843116960,0,5789946941529,0,-1919825589744,0,235583738092,0,-12819308688,0,189974274,0,8580624,0,-283740,0,720,0,1 # block t=6457 q=12T111 r=16 k=2
9710456237489984248,0,26493518816047259040,0,-16815550335811740528,0,-6836496934648774784,0,3250500258931138656,0,706687445407394016,0,-185760389488553832,0,-26384898956481000,0,2244923006850225,0,-2347682018540,0,711201342,0,-49668,0,1 # block t=6457 q=12T111 r=16 k=2
6910954525967231789132,0,20747533184932840575672,0,8451576648786676223260,0,-19017625959658004674328,0,-14063591339170008465652,0,-2230353435146852330676,0,61150510700076979912,0,-550283581483933000,0,2055116098546480,0,-2988659148688,0,1547637934,0,-109516,0,1 # block t=6457 q=12T111 r=16 k=2
7101519186228809,0,22740320203794556,0,15758793843418906,0,-17632316558471044,0,-26191283641529665,0,-7565962417458376,0,842339593370444,0,-30190942914920,0,477901440343,0,-3392220980,0,9797434,0,-7060,0,1 # block t=6457 q=12T111 r=16 k=2
6929489897944177856,0,19494507263145437184,0,-1774945562023464432,0,-115413045519026272,0,24059439116487249,0,-1511080442208168,0,50608421022668,0,-989007574584,0,10937439990,0,-55649880,0,-10596,0,792,0,1 # block t=6458 q=12T111 r=16 k=1
6363019685009906716832,0,5624695164280045155072,0,-1874392558332361206168,0,216937071659135657408,0,-11888915915078111127,0,305195310645488256,0,-2476922198716188,0,-18661407505152,0,140041701750,0,119442560,0,-735252,0,-192,0,1 # block t=6458 q=12T111 r=16 k=1
1899555613484407808,0,1998457733197302784,0,-769188936799989248,0,91773502467506688,0,-4489753383570688,0,43640192926592,0,3992274797504,0,-127705381120,0,9864016,0,43483984,0,-394988,0,-1024,0,1 # block t=6458 q=12T111 r=16 k=1
52053456379225401297,0,483473600828501376492,0,-1496181966604529028030,0,1585134481681723398588,0,-782197800339341313009,0,180882459166361131224,0,-14153128603527090852,0,-712538663621704488,0,68251583946126591,0,-91243557828,0,-3759519870,0,108,0,1 # block t=6458 q=12T111 r=16 k=1
35238421542907265913,0,141136236914277137940,0,196899563264758203834,0,96254599784271949860,0,-9343239354648734465,0,-14113663884589193816,0,476533789160738860,0,-5860890829470680,0,32602383730791,0,-81682208572,0,83085882,0,-20684,0,1 # block t=6458 q=12T111 r=16 k=1
1974923057728,0,-47422717941504,0,301265567349888,0,-269594431269376,0,-654018485006448,0,1135548383825664,0,-464071070132544,0,-11895468825888,0,9765014058945,0,-409520452,0,-23450730,0,60,0,1 # block t=6458 q=12T111 r=16 k=1
137593,0,-66110748,0,-2822838126,0,10932385396,0,4312186119,0,-25815461976,0,-18477928452,0,1913287464,0,2578498191,0,-61772972,0,469218,0,-1212,0,1 # block t=6458 q=12T111 r=16 k=1
26572397193041312,0,52191840886417792,0,-40956904504309424,0,10724523481288928,0,-1127123925179502,0,-4157622369360,0,11520717916864,0,-973153852856,0,28173396426,0,-89704540,0,-699724,0,-8,0,1 # block t=6458 q=12T111 r=16 k=1
440826926525281,0,959541186764316,0,-5920342348733934,0,-11334248909794292,0,23324833696879791,0,34720688743384248,0,-22300243544393220,0,-12017247597585288,0,1220383351609551,0,-1670916474068,0,587101458,0,-46212,0,1 # block t=6458 q=12T111 r=16 k=1
10322192353814823168,0,297767439124882824960,0,2964757830638835309984,0,11123525831531112010320,0,9332838322316065221561,0,44506927357383168288,0,-2944654762611038348,0,-7077660453035232,0,201343717314978,0,81966913312,0,-961590180,0,-816,0,1 # block t=6459 q=12T111 r=8 k=2
812142150504448,0,-2307549592035328,0,2736842839341056,0,-1736300184098816,0,622613807314688,0,-120009135129600,0,9723003727104,0,29996073216,0,-395443408,0,-3028762016,0,-1197064,0,1736,0,1 # block t=6459 q=12T110 r=8 k=2
259375155132382974208,0,1130775570128244857088,0,1117126672479900006816,0,482184896693581442992,0,103622897504117035377,0,10532592332467029288,0,336803251813234620,0,-7860602071284840,0,-11681064237834,0,462949565080,0,-750782724,0,-17160,0,1 # block t=6459 q=12T111 r=8 k=2
164948367313,0,95749363476,0,-107818726382,0,-62171925980,0,7566954767,0,-31116219352,0,27783740732,0,-3802161688,0,145380095,0,-32061500,0,254674,0,-780,0,1 # block t=6459 q=12T110 r=8 k=2
3385503727890798588750,0,38425939839705942357750,0,134400129096643731467100,0,143539515792789948659340,0,23533069878471951258516,0,-20703439041272798904522,0,-947574603987679439172,0,-4238148793763462292,0,63369726326890461,0,9136066264551,0,-1219865238,0,-78786,0,1 # block t=6459 q=12T111 r=8 k=2
451240389000472192,0,-1485557337735888384,0,2073256800314186816,0,-1588873355483794560,0,722370447376900384,0,-195660246074447968,0,29832727866063248,0,-2207424137967904,0,56854531856744,0,-516850993416,0,184758532,0,-22468,0,1 # block t=6459 q=12T110 r=8 k=2
92904931314032574125,0,1281345227388695196300,0,-7573489108138185082110,0,13369184976099447074988,0,-9601816284684422766361,0,2368954377046109143400,0,62362192263088636396,0,552926720071248168,0,2050193511877195,0,2979376593356,0,1545760882,0,109548,0,1 # block t=6459 q=12T111 r=8 k=2
9809706250096128,0,-44420722788354048,0,-16801781906507904,0,187192108079606016,0,58315398831567288,0,-175467550981217472,0,-66482294538081312,0,12783843560044512,0,1104080897643192,0,1703118849408,0,588642696,0,47304,0,1 # block t=6459 q=12T111 r=8 k=2
97232899408,0,-303887199936,0,419298639408,0,-332379664304,0,164587705344,0,-51771200976,0,10045515912,0,-1106123832,0,58425624,0,-1201940,0,-3054,0,144,0,1 # block t=6459 q=12T110 r=8 k=2
2915595826835200,0,-3624768994576000,0,1298126527869760,0,-240912171935520,0,27847315737536,0,-2178473083800,0,120132511604,0,-4748144496,0,134260865,0,-2659026,0,35107,0,-278,0,1 # block t=6459 q=12T110 r=8 k=2
128029629874176,0,-294858228105216,0,-661016236032000,0,1235826449602560,0,1285695151803576,0,-1157048574670656,0,-716637343732704,0,79602390938016,0,10828852773048,0,164839458240,0,125184312,0,24840,0,1 # block t=6459 q=12T111 r=8 k=2
5315527758663489604,0,-11344566026369831144,0,9917124215090699724,0,-4667207687340488888,0,1298825034925090340,0,-219280196336541360,0,21945262474974316,0,-1199717067432348,0,30116637958940,0,-291585704464,0,138744864,0,-20788,0,1 # block t=6459 q=12T110 r=8 k=2
4318631661030439,0,-11306565600927388,0,12520353328597732,0,-7655953903629192,0,2816671112885371,0,-633270201927328,0,83775833046960,0,-5861826828424,0,180227830525,0,-3754434436,0,27057068,0,-8240,0,1 # block t=6459 q=12T110 r=8 k=2
37723675536,0,136040648256,0,162918041472,0,90763037568,0,24394022136,0,2237775840,0,-262913048,0,-52453296,0,893577,0,299556,0,-7314,0,-108,0,1 # block t=6459 q=12T111 r=8 k=2
172632588667095942745,0,304601243003940464644,0,94070717321568461690,0,-34737928624151799084,0,1522682880194236759,0,124366334678934280,0,-4665329621361892,0,-159678690457656,0,1758962498207,0,45387977044,0,82937050,0,22212,0,1 # block t=6459 q=12T111 r=8 k=2
6180921595182302355456,0,65398518327353086476288,0,270526662476592998985216,0,548687768655177447814656,0,555521413043056324848696,0,240669041819486383806336,0,6422099703642741311136,0,-15780043068490507166496,0,502866275776537622040,0,-36786154559775840,0,660805230744,0,-1598472,0,1 # block t=6459 q=12T111 r=12 k=2
19014702310671302656,0,667415983927357243392,0,21215540008040869888,0,-4043603261784317952,0,-190828363119667200,0,4917675674207232,0,406490754808832,0,5021684549504,0,-64744987712,0,-872159840,0,7600800,0,-6712,0,1 # block t=6459 q=12T111 r=12 k=2
137317745376352130022739,0,728278629068239593965126,0,413223670039986761809906,0,86389770694502242737911,0,5980225303060536319621,0,-309179212598347030744,0,-51445022382768809744,0,-423833844981201944,0,85236753165221911,0,-32801526297942,0,3887985114,0,-137405,0,1 # block t=6459 q=12T111 r=12 k=2
126131720908086287688961,0,428199088798377971491740,0,138253401818293422711666,0,-544858223240845722117172,0,-63237786098875008495273,0,287631137137855087611288,0,-96914817499318248311940,0,3260872425544705848024,0,1634560011932141090871,0,-3077079459420820,0,-1474404618174,0,24828,0,1 # block t=6459 q=12T111 r=12 k=2
5224000,0,12225280,0,-2648448,0,-9997184,0,2736720,0,2037856,0,-931520,0,55056,0,22361,0,-2256,0,-198,0,16,0,1 # block t=6459 q=12T111 r=12 k=2
130505022316429260761075,0,46927700915592082836420,0,-544236228614688240895363,0,198380401541893641768730,0,-27376633156140480041797,0,1568612844273074418044,0,-11368675997859249514,0,-2258591587191955784,0,62732682479970273,0,26562407590336,0,3422748485,0,129246,0,1 # block t=6459 q=12T111 r=12 k=2
2563499567,0,19085047420,0,-7680392528,0,-2749414156,0,572577883,0,159418828,0,-8757296,0,-3041912,0,32253,0,22272,0,-36,0,-52,0,1 # block t=6459 q=12T111 r=12 k=2
18782184681607,0,69996050844526,0,62827454771132,0,1796778087258,0,-17044160077141,0,-7008141847572,0,-965126479792,0,-12653760812,0,4286195149,0,-84952058,0,564980,0,-1422,0,1 # block t=6459 q=12T111 r=12 k=2
3224252457060475,0,23387776539955615,0,16082404874690124,0,3289214207809834,0,-33647941987441,0,-81365974184178,0,-6971226992552,0,115130188956,0,20460486101,0,-263209729,0,1133964,0,-1918,0,1 # block t=6459 q=12T111 r=12 k=2
447728557873396549405687,0,622757000454212468268644,0,-7485698004617005733792,0,-1861438347612499555196,0,-25066603231370368005,0,986124513114285316,0,27379974039649840,0,156093655324832,0,-1050630342971,0,-7012369056,0,30272508,0,-13276,0,1 # block t=6459 q=12T111 r=12 k=2
268683896422400000000,0,0,0,-19605906044449914880000,0,0,0,502408454957463998464,0,0,0,-2134123873472256000,0,0,0,1210930136057984,0,0,0,-2556858400,0,0,0,1 # block t=6459 q=12T111 r=12 k=2
620172563626934749,0,121151834143036496376,0,-307683936970415192810,0,267418729631451855920,0,-89272987374605249977,0,7561720036992622672,0,203883440276313604,0,152119762511680,0,-17552130184325,0,-83978256904,0,-112194234,0,-17328,0,1 # block t=6459 q=12T111 r=12 k=2
607889725201,0,-20990363409948,0,184276990762482,0,-379611377602060,0,83014899335055,0,425883134423880,0,-360741717633540,0,58337157130632,0,8352694798911,0,-9888498220,0,-21548238,0,2436,0,1 # block t=6459 q=12T111 r=16 k=1
43877924827390802019857,0,45256581972417560440500,0,-6375850114289440691310,0,140362707531557079300,0,18419249383182504207,0,-1332389735461003800,0,35413174289141692,0,-373846298832600,0,-154813718337,0,26985894500,0,-107916078,0,-300,0,1 # block t=6459 q=12T111 r=16 k=1
625445638537939627008,0,932426220400034918400,0,149392977106213315584,0,-159953480996069045760,0,-48049734220033111488,0,61570830463410816,0,574465147672904128,0,-19859335923650352,0,234244318468209,0,-1070808130484,0,1449416022,0,-78180,0,1 # block t=6459 q=12T111 r=16 k=1
1152695665456571,0,-551907415924992,0,-253341427478580943,0,1252223114535910722,0,-2249207624914162417,0,1686309945594039104,0,-436856500208341218,0,22737557870780756,0,682372761724173,0,-343924087504,0,-123797975,0,26778,0,1 # block t=6459 q=12T111 r=16 k=1
2128631760221610841777,0,10440477326046903769284,0,-120617431288066524369246,0,368448831845609516147444,0,-548302287909120392078001,0,437900435172314792709768,0,-177932759574938171516004,0,26721594636091938618120,0,1212566015964899044575,0,-57340861985364556,0,-1303356594462,0,1065732,0,1 # block t=6459 q=12T111 r=16 k=1
729110206631448576,0,1748350323088496640,0,-380366715157494912,0,-13305911332703904,0,9404561062121841,0,-910451905295832,0,32973266492684,0,-130655276808,0,-18703171818,0,384833368,0,-2043540,0,-600,0,1 # block t=6459 q=12T111 r=16 k=1
8135307136,0,-121990126848,0,679692543168,0,-1578911827136,0,474771680568,0,4283418482496,0,-6793118494176,0,2630195243424,0,603853558344,0,-365375264,0,-5849664,0,192,0,1 # block t=6459 q=12T111 r=16 k=1
477723526430720,0,818178588409856,0,-459596791611392,0,-113930695016448,0,42013050664960,0,2796133576704,0,-1001311826944,0,-10019023872,0,6312740480,0,-162979456,0,1253472,0,-2096,0,1 # block t=6459 q=12T111 r=16 k=1
8433446240928366657536,0,21494200297396712177664,0,-151563990883081385858560,0,-128446563963316436271360,0,56400337643375572603633,0,-6449560099015104857928,0,224373985135988496060,0,-2628295763985816600,0,6767367417654902,0,17694151367304,0,-9056147428,0,-66600,0,1 # block t=6459 q=12T111 r=16 k=1
15863480322624512,0,186438737500397568,0,-126345476923183104,0,25625029875902976,0,-2319932205138240,0,98955692652288,0,-1173810174560,0,-61455265680,0,2655429825,0,-37785116,0,126438,0,948,0,1 # block t=6459 q=12T111 r=16 k=1
15298812868064157328,0,22877031462864745920,0,-5055188033094584832,0,184542896804137856,0,33071066286504696,0,-3793315573398624,0,156607162268024,0,-2443348728816,0,-10445332167,0,658748924,0,-4383198,0,-156,0,1 # block t=6459 q=12T111 r=16 k=1
118150190441368,0,-729097151943720,0,-2257327502346336,0,-1325890350605408,0,815753291481530,0,940619082515490,0,194484773235137,0,-11855641948416,0,195529322901,0,-1232499268,0,3176824,0,-3150,0,1 # block t=6461 q=12T90 r=16 k=1
1404574987781,0,1265505429972,0,-647455906503,0,29302603372,0,25195325953,0,-5170751600,0,382120563,0,-3820484,0,-1056797,0,53128,0,-63,0,-52,0,1 # block t=6461 q=12T90 r=16 k=1
415229273577446460133,0,-1081782417091426583481,0,-8642629288267447288963,0,-15018444537636643858348,0,-10256951480209196988480,0,-2135257571079101436182,0,242477410514326104761,0,-6328467008012347182,0,60895748427960231,0,-194239965825812,0,10325682897,0,-179358,0,1 # block t=6461 q=12T90 r=16 k=1
48071401,0,-3269528636339,0,15846951464337665,0,3997854222083589672,0,-66173858958076539054,0,111214622101730910994,0,-18339148309972698580,0,-1650693928175817197,0,-14170706592189300,0,472185123698706,0,-10810175910,0,-10336,0,1 # block t=6461 q=12T90 r=16 k=1
398837141429,0,21963130055192,0,-1102408088086482,0,11316037805915732,0,-38695342831854136,0,42549309319861436,0,-13423334965361160,0,-76019502664380,0,3573294528197,0,981882192,0,-16782100,0,-140,0,1 # block t=6461 q=12T90 r=16 k=1
735229523512192247981,0,850449408235023763062,0,-463271558566964340676,0,88738328358696014112,0,-8425845814349091726,0,406016963783068488,0,-7403816621371807,0,-113187693660998,0,6007705529288,0,-58022465492,0,-23378656,0,1696,0,1 # block t=6461 q=12T90 r=16 k=1
842225175857493,0,-359054580207150,0,-1981265262437889,0,2060577452151216,0,-775676560407543,0,128199557782590,0,-7987965890729,0,2930243778,0,4513194545,0,-14065900,0,-240689,0,226,0,1 # block t=6461 q=12T90 r=16 k=1
522254752911770353,0,-6222864551299156338,0,15875784985305815307,0,-8995256754410002324,0,-13648259907052824573,0,18772428083240873178,0,-6317798396567099439,0,13442193161586288,0,254304886325607,0,-32740915258,0,-146827479,0,774,0,1 # block t=6461 q=12T90 r=16 k=1
7668312146118002968,0,-18343702864774343232,0,-10990308904217050984,0,35969466628750976844,0,-23801068864189940266,0,6467121498390211944,0,-642825324242733255,0,-179486790635466,0,53435335344757,0,-592224414,0,-66324224,0,30,0,1 # block t=6461 q=12T90 r=16 k=1
101250992803799,0,-75797802810788,0,-283328613365244,0,503267162325204,0,-333623105056778,0,104235416031678,0,-13957707858388,0,407737663020,0,4301534355,0,-78007478,0,-229140,0,762,0,1 # block t=6461 q=12T90 r=16 k=1
4164422692037376601813,0,7087187924005744999912,0,-12316898877525766543931,0,6052662776234175716566,0,-1252932880184788232235,0,97060358440469307024,0,-7183329768267062,0,-85747798454497304,0,-289603612774869,0,8907158050112,0,-701741294,0,-6434,0,1 # block t=6461 q=12T90 r=16 k=1
303614599,0,-7681832558,0,-9142240372,0,34082806694,0,65827160755,0,32883689844,0,-529653576,0,-2277465044,0,279866661,0,-10082886,0,138396,0,-658,0,1 # block t=6461 q=12T90 r=16 k=1
81559333067366897,0,-312992422188121538,0,-544927626415320834,0,4456704666389059546,0,-8418393457971068961,0,6747335265427954100,0,-2010251350636972780,0,-104011182963684,0,93560796122863,0,-245955058,0,-82495506,0,10,0,1 # block t=6461 q=12T90 r=16 k=1
607258777,0,-1525964054,0,-3143575062,0,14087147503,0,-16429766168,0,6761398795,0,17720132,0,-385224520,0,7312545,0,4628207,0,-40812,0,-85,0,1 # block t=6461 q=12T90 r=16 k=1
32208505841,0,99855906886,0,-2785664581,0,-112902649452,0,-30382098043,0,27307593114,0,6465885111,0,-1635608770,0,116600569,0,-3679548,0,55923,0,-390,0,1 # block t=6461 q=12T90 r=16 k=1
4108136340310755059,0,6869908495492022782,0,-3057817322393863167,0,379542009008233812,0,-22327701456569905,0,698787085644410,0,-10718449778385,0,22982412776,0,1597198575,0,-17488184,0,-6957,0,564,0,1 # block t=6463 q=12T90 r=16 k=1
27597116755269944,0,-432099486597443240,0,-1723229151145879552,0,-1732495779076438144,0,290663606434273454,0,1202063956869105994,0,434979815450631363,0,-7777842721533208,0,42763362574791,0,-81016462024,0,58481802,0,-13778,0,1 # block t=6463 q=12T90 r=16 k=1
11309904703,0,319803505551,0,-804666245045,0,719552273040,0,-270889255937,0,26784097519,0,6790016765,0,-1086985223,0,-41259437,0,7167317,0,-50212,0,-113,0,1 # block t=6463 q=12T90 r=16 k=1
169811637666258587,0,-480332959303334162,0,-16221912986261755,0,1337511100033907788,0,-1685620994808948317,0,810521702404321302,0,-134900093623598145,0,-80080356397032,0,10009344854475,0,233231630,0,-23323119,0,-12,0,1 # block t=6463 q=12T90 r=16 k=1
26476463702914838528,0,170481621251447461888,0,-415727592416539590656,0,356099723056565502976,0,-147671303075042929664,0,30341262450223515904,0,-2569322684736502912,0,21562620714903136,0,722527161475184,0,-8172016643320,0,-715271384,0,3330,0,1 # block t=6463 q=12T90 r=16 k=1
649087384469,0,7106966689604,0,-47369212555265,0,63207945452760,0,-32647866720627,0,7066975253876,0,-440297064063,0,-31762304272,0,1958798473,0,4390220,0,-219335,0,-24,0,1 # block t=6463 q=12T90 r=16 k=1
1379772592463,0,1260607456732,0,-2811841986794,0,-1169671786334,0,1353615840842,0,300709785610,0,-160644365210,0,-27957543110,0,2075935353,0,-44152076,0,351728,0,-1042,0,1 # block t=6463 q=12T90 r=16 k=1
257324836931,0,221853122981,0,-411914366994,0,-463980085039,0,-54646846806,0,50469195080,0,3574836261,0,-2403297495,0,249032318,0,-9507184,0,117147,0,-578,0,1 # block t=6463 q=12T90 r=16 k=1
17043509332874064263903,0,126114229196992559778494,0,-41528738066765362856550,0,5505724525357337600219,0,-374788904692120755225,0,13105043011052492402,0,-159235726871113458,0,-3500775699157233,0,128718521125928,0,-1103317936849,0,-173528016,0,3517,0,1 # block t=6463 q=12T90 r=16 k=1
9538269581287,0,-2283142033244,0,-33188832996890,0,17572484056119,0,27664610608589,0,-23632925730213,0,3912113515688,0,690017880756,0,-114152585095,0,-11691102686,0,15927517,0,-7028,0,1 # block t=6463 q=12T90 r=16 k=1
5842896598945255613,0,-3151279985868091420,0,-31012148640133382089,0,45039599212625692712,0,-23829802613990237549,0,5451271262559534444,0,-450654092039442729,0,-775370774524944,0,48452890413945,0,1297164940,0,-64858071,0,-24,0,1 # block t=6463 q=12T90 r=16 k=1
8062547156298089251,0,-8591283338243191500,0,-4584336795302312340,0,9704704749477771388,0,-4502031224124164229,0,686090519018444511,0,-290765679998052,0,-653354801928459,0,-1861182407736,0,90815207977,0,-29720271,0,-2214,0,1 # block t=6463 q=12T90 r=16 k=1
2654413153,0,-670038544,0,-6790515452,0,6431808306,0,-1664709172,0,-154898030,0,110690075,0,-4749488,0,-2130702,0,121522,0,14273,0,-246,0,1 # block t=6463 q=12T90 r=16 k=1
2790724023915281,0,-25390375560325538,0,59974932258618619,0,56619029733865728,0,-402972498635971759,0,525318813488045422,0,-222182052588399177,0,5158557240351886,0,19362412594325,0,-65495705284,0,-42501201,0,8854,0,1 # block t=6463 q=12T90 r=16 k=1
87088523193251,0,15345859002721,0,-761921869847496,0,1388105520613084,0,-1011736672564346,0,308961609552602,0,-24160658404800,0,-1676095736665,0,67837125383,0,2786611059,0,-3559488,0,-205,0,1 # block t=6463 q=12T90 r=16 k=1
2476418366329435303,0,-4664064804924472230,0,3325112593697797515,0,-1156900244636334866,0,214260693549704703,0,-21436390923223356,0,1107505884783309,0,-26637799164300,0,298410960681,0,-1524444182,0,3506271,0,-3222,0,1 # block t=6463 q=12T90 r=24 k=2
25293584865691381469,0,-78922654734967583215,0,95857965194990183879,0,-57103117273058484955,0,17331632148472570553,0,-2566188410513029240,0,172623032403004796,0,-5048826168360433,0,65114128244958,0,-315943622705,0,151081032,0,-23173,0,1 # block t=6463 q=12T90 r=24 k=2
782701092261691,0,-1478432882952794,0,1136165820167088,0,-467113433833702,0,113578066330219,0,-16973752443076,0,1561960932304,0,-85963057164,0,2661805497,0,-42400290,0,320352,0,-974,0,1 # block t=6463 q=12T90 r=24 k=2
113844415392440377,0,-147826430910056610,0,64602634872559132,0,-14650185278748180,0,2005139028986301,0,-176677548167264,0,10249707895052,0,-388698301000,0,9278580384,0,-128314046,0,860450,0,-1690,0,1 # block t=6463 q=12T90 r=24 k=2
257248832450293151,0,-609415578328187761,0,604047299772320262,0,-325062046454144202,0,103086319037662547,0,-19595897566895356,0,2185418414417820,0,-135886385638561,0,4285996657108,0,-53529161746,0,42512135,0,-11387,0,1 # block t=6463 q=12T90 r=24 k=2
118744021812968,0,-310314075250712,0,326744385057808,0,-181135713833968,0,57810772003058,0,-10878109211470,0,1188506166033,0,-72456452048,0,2390448621,0,-40663172,0,325004,0,-1090,0,1 # block t=6463 q=12T90 r=24 k=2
365999695405425194161,0,-817651532976743261766,0,750084718362565347581,0,-362040683268718228136,0,97352155720691671894,0,-14017191812275841080,0,901334194752190297,0,-11676660582808478,0,54394486219608,0,-93151098618,0,62943986,0,-14146,0,1 # block t=6463 q=12T90 r=24 k=2
478091441997779,0,-1190607220384068,0,1237965172956633,0,-699045001165694,0,233683003471879,0,-47410532664100,0,5789484008514,0,-411153633139,0,15642255175,0,-262250529,0,1119352,0,-1806,0,1 # block t=6463 q=12T90 r=24 k=2
121536121498232813,0,-275442041154854646,0,260294690161905993,0,-133026989973827012,0,39866761482299484,0,-7116199228209634,0,739983545785396,0,-42790149729066,0,1270413222487,0,-15615225724,0,23224001,0,-10490,0,1 # block t=6463 q=12T90 r=24 k=2
267899810400837,0,-461734234593543,0,328215307819842,0,-127204059979008,0,29762138363679,0,-4382060597469,0,409725965898,0,-23948633907,0,838556226,0,-16185852,0,149823,0,-636,0,1 # block t=6463 q=12T90 r=24 k=2
46995300412885747,0,-132717544494157090,0,158308848909125837,0,-103429106676591943,0,40093511766660176,0,-9321644049314048,0,1248834676401116,0,-87019931831161,0,2581250671400,0,-27442550257,0,30544919,0,-10744,0,1 # block t=6463 q=12T90 r=24 k=2
743954515484343359,0,-1569936874963181508,0,1325574391713140772,0,-571435703973445612,0,133601629135264710,0,-16854363314467126,0,1117641760468549,0,-38086590538578,0,645994637670,0,-4702135826,0,7809194,0,-4806,0,1 # block t=6463 q=12T90 r=24 k=2
62864787595037443,0,309866579818086917,0,613174572437836020,0,603441765726006835,0,295490189791062074,0,59534764679635437,0,1411547601922156,0,25367645035422,0,707813536749,0,3731749569,0,86501789,0,16419,0,1 # block t=6464 q=12T26 r=0 k=2
24799951845229879,0,24449013115622088,0,8223746744900523,0,1456294936699815,0,158638261968042,0,11406361305417,0,557595928052,0,18568529439,0,411305673,0,5740584,0,46482,0,222,0,1 # block t=6464 q=12T26 r=0 k=2
183800108765152206471677,0,328638378429998856325106,0,225358752501124664363212,0,74672354665973338083362,0,11014142479033732214110,0,219168718878016421010,0,4635301233918260688,0,72564019496225460,0,644998545841253,0,7260130720822,0,717813176,0,144564,0,1 # block t=6464 q=12T26 r=0 k=2
237931452065234090255,0,-502273614379845936995,0,410616668836502793878,0,-160381650441610802728,0,29432139559024177748,0,-2107588432304715195,0,59158512841654241,0,-435788851810913,0,2099070559409,0,1087772053,0,2791691,0,880,0,1 # block t=6464 q=12T26 r=0 k=2
2131908215028027692327,0,2018896089887140107077,0,247385769074773881267,0,14444213723571573011,0,510512612838062889,0,12033900301408916,0,198024490894734,0,2317492276407,0,19268448944,0,111447497,0,426756,0,973,0,1 # block t=6464 q=12T90 r=0 k=2
1038018919987857813041,0,1216748334435120528343,0,418503611749581433900,0,66669543940722163627,0,5559692415159687335,0,246174254223243722,0,5658778495642272,0,74137800289318,0,538682529990,0,2166289570,0,4632451,0,4491,0,1 # block t=6464 q=12T26 r=0 k=2
2051022135050295499,0,3335161438472790078,0,2129571987966600012,0,678859995522137530,0,110992611911294104,0,8062975945248932,0,97486919184886,0,-5858214282402,0,158558863370,0,-1756518418,0,21484137,0,-3222,0,1 # block t=6464 q=12T26 r=0 k=2
8243004796789501,0,9958200819076779,0,4136533546725522,0,908103977439643,0,122867727613596,0,10970633232417,0,663646628816,0,27067035426,0,713922405,0,10846139,0,61887,0,-309,0,1 # block t=6464 q=12T26 r=0 k=2
12864819200,0,20741560320,0,10374198272,0,1152586240,0,-60847616,0,151086208,0,17229312,0,-6301568,0,840240,0,-46904,0,1972,0,-52,0,1 # block t=6464 q=12T26 r=0 k=2
4276827345275575,0,-16073243845525932,0,28515424993354152,0,-27568868575101178,0,12622931252348094,0,-1895563514545506,0,122284388323392,0,206919731070,0,1029542967,0,7077824,0,50748,0,234,0,1 # block t=6464 q=12T26 r=0 k=2
190574899192,0,353816989200,0,252928802456,0,100619786448,0,25707576820,0,4528382112,0,570830064,0,52362432,0,3495512,0,166680,0,5416,0,108,0,1 # block t=6464 q=12T26 r=0 k=2
864005057,0,3229411620,0,5050360186,0,4332018916,0,2254761135,0,744178728,0,157459260,0,20947368,0,1642063,0,63284,0,458,0,-12,0,1 # block t=6464 q=12T26 r=0 k=2
646985396224,0,1336984434688,0,1079951761408,0,463114464256,0,120028479232,0,20276922368,0,2333342080,0,186921952,0,10454848,0,401280,0,10092,0,150,0,1 # block t=6464 q=12T90 r=0 k=2
3564102363423886117,0,3407210113599873282,0,711252513413860410,0,72812918057627998,0,4488644586159036,0,181509717408561,0,5004142773030,0,95382079722,0,1257586884,0,11475676,0,74181,0,351,0,1 # block t=6464 q=12T26 r=0 k=2
46636817374057,0,72220253714828,0,35045947575162,0,8999710395916,0,1456156563199,0,160846201048,0,12619165964,0,714550968,0,29139447,0,837660,0,16154,0,188,0,1 # block t=6464 q=12T26 r=0 k=2
12790711728885887,0,14386446922434357,0,-7622313040995990,0,1418855514165010,0,-125658638020756,0,4268763906543,0,156379520591,0,-20655567219,0,786539168,0,-12316636,0,31744,0,561,0,1 # block t=6464 q=12T90 r=16 k=0
101094808084719272683,0,438795135859114396890,0,-2990937761669433668153,0,5450244134738137304372,0,-4309843669113428691600,0,1431379161475069674994,0,-119912653295363185046,0,-853825311129675588,0,34384411906330853,0,284454988860948,0,-11835183607,0,78036,0,1 # block t=6464 q=12T90 r=16 k=0
788404457798832496007,0,2816524521746552562040,0,-1160836404858365072902,0,185986254274027989098,0,-15010724464838476562,0,610248125652670300,0,-8524921924572697,0,-187708474279810,0,7190662313648,0,-59313808132,0,-23831714,0,1702,0,1 # block t=6464 q=12T90 r=16 k=0
2154789567400874852251,0,6791212736506625411802,0,4786586593002818361613,0,-4667100293260526090629,0,-7141470200615591576383,0,-2165805269339917856333,0,155254558379328962221,0,-3122222736915149831,0,24364803789748928,0,-65204419356660,0,4952286680,0,-123871,0,1 # block t=6464 q=12T90 r=16 k=0
81531145261,0,4766338338098,0,-82447103990309,0,456592133022136,0,-1077070570618551,0,1142474261942994,0,-462686190944601,0,15242502101218,0,152932719749,0,-1037064668,0,-2508685,0,1534,0,1 # block t=6464 q=12T90 r=16 k=0
2505348029073539,0,6547135649418806,0,-4933481963214239,0,1300825759462572,0,-149142464478856,0,3665802047054,0,823342396724,0,-83634817137,0,2950901050,0,-30806821,0,-194563,0,111,0,1 # block t=6464 q=12T90 r=16 k=0
37482275723021347,0,93166028176726250,0,-495767946108278304,0,661854844176746452,0,-397153447460455945,0,113296737749292614,0,-12910152658743326,0,133607843665230,0,3296750058210,0,-3794106114,0,-16397706,0,1084,0,1 # block t=6464 q=12T90 r=16 k=0
187925557189658914499,0,784435367522680690130,0,-6217342437594671475283,0,12047707681141709559216,0,-9576639864261830042132,0,2831299518968368706924,0,-52592049948786260598,0,-4839844596728456968,0,-21409403289510334,0,519958725969878,0,-11470515354,0,-11522,0,1 # block t=6464 q=12T90 r=16 k=0
328457902971703,0,-1446127814887732,0,-342964275939632,0,2320616659302468,0,-1436517082159854,0,315158661555262,0,-20950508497792,0,-459843592684,0,10685637107,0,44905898,0,-411336,0,-286,0,1 # block t=6464 q=12T90 r=16 k=0
91276167737,0,724006319240,0,-18161000562330,0,-188111168466916,0,-234034377494107,0,210814077838656,0,297060088832906,0,-14197142295732,0,217911696574,0,-1302326420,0,3267684,0,-3140,0,1 # block t=6464 q=12T90 r=16 k=0
51276712013171,0,13907457679644,0,-179552350522839,0,192839279088696,0,-88085871443260,0,19195470999244,0,-1748585856017,0,22333951130,0,1739020208,0,-10400696,0,-166824,0,158,0,1 # block t=6464 q=12T90 r=16 k=0
1635203275635732193,0,3337183013592986358,0,-4427546513549141877,0,-5504857096834527360,0,247564058263921373,0,1292204848132083430,0,251982373605252343,0,-5482618021745918,0,34275797628893,0,-70443508832,0,54277059,0,-13254,0,1 # block t=6464 q=12T90 r=16 k=0
1998590308766702029,0,5823397089801438478,0,-54704981688699410936,0,117059839588677870362,0,-111579789351650142739,0,49940809155184743266,0,-8571009759980474520,0,18861024276793976,0,274392397184476,0,-59915690812,0,-149022902,0,2010,0,1 # block t=6464 q=12T90 r=16 k=0
1310910124500157,0,-4022012403452200,0,-1896822958430522,0,3522215544316956,0,-1301907126205764,0,179517288409022,0,-5916731967408,0,-397347487952,0,5056273293,0,57461178,0,-291488,0,-506,0,1 # block t=6464 q=12T90 r=16 k=0
572658533281114391,0,10339780573682062922,0,-18438302228799210971,0,12285800408611875252,0,-3966591089140484001,0,626901169839840674,0,-38904895094949289,0,-34285911724228,0,3063822245363,0,8770156,0,-9897839,0,18,0,1 # block t=6464 q=12T90 r=16 k=0
1706789716391719,0,-1925420409520969,0,706332734240908,0,-137522917928920,0,16821118163905,0,-1397874582380,0,82047147370,0,-3454902121,0,104125318,0,-2198196,0,30933,0,-261,0,1 # block t=6464 q=12T90 r=24 k=0
2399832938299,0,-7524061559836,0,9737571593158,0,-6779614928250,0,2779100281971,0,-690026202868,0,102930970464,0,-8875279790,0,414380904,0,-9890670,0,115960,0,-602,0,1 # block t=6464 q=12T90 r=24 k=0
11173149033451,0,-60622670930808,0,139913433196938,0,-178240919440347,0,135794461423600,0,-62423470197327,0,16480335689328,0,-2170418186592,0,97429911405,0,-1313289891,0,3573308,0,-3315,0,1 # block t=6464 q=12T90 r=24 k=0
99550305101044106765933,0,-335022412974316426618200,0,440057036102617338543535,0,-282706294232349073931634,0,90423014643883773421800,0,-12783364469758455280886,0,564577117140592751922,0,-10033860234438023584,0,75557678707800432,0,-197288382931598,0,10412308550,0,-179972,0,1 # block t=6464 q=12T90 r=24 k=0
36403815699275159017,0,-129630825530134759892,0,183181326770009587926,0,-131215941906617927684,0,50378932141601996713,0,-9931809657097767452,0,827640321650485882,0,-11489322779611672,0,54226881669746,0,-93652798152,0,63139000,0,-14204,0,1 # block t=6464 q=12T90 r=24 k=0
351633931630397140823,0,-277662930260369574116,0,43888314377491926328,0,-3357522184788040948,0,154107924988792866,0,-4646502931008358,0,96014024841400,0,-1381160110100,0,13766867699,0,-92649490,0,397832,0,-970,0,1 # block t=6464 q=12T90 r=24 k=0
57701556162441666120661,0,-200543313492031836667265,0,273423163180239615878452,0,-183311511098629147930605,0,61459612331529177073524,0,-9074317304528528584412,0,385737896210863056927,0,-6670374218635529919,0,47026640800492072,0,-93602075894684,0,20390139425,0,-280876,0,1 # block t=6464 q=12T90 r=24 k=0
1108481177,0,-3978380840,0,6128965751,0,-5332657088,0,2903519309,0,-1036101432,0,246585801,0,-39025440,0,4015565,0,-256248,0,9305,0,-164,0,1 # block t=6464 q=12T90 r=24 k=0
156396703,0,-545467200,0,839033636,0,-748936370,0,429562570,0,-165653062,0,43695364,0,-7873730,0,953007,0,-74880,0,3596,0,-94,0,1 # block t=6464 q=12T90 r=24 k=0
1092086749808367419,0,-3932020166105159594,0,5720076025807626918,0,-4298214675248344095,0,1768077055139097821,0,-388786635705437903,0,41767687713422726,0,-1953086225593702,0,40489440124363,0,-313980074198,0,144776773,0,-21718,0,1 # block t=6464 q=12T90 r=24 k=0
3615456888160573107329,0,-8656655681832785626558,0,8481317601229304516995,0,-4353526445583436060154,0,1242698275803961493170,0,-192481252503930305240,0,14507730150926640596,0,-410363263548054658,0,4148816845133690,0,-13728240272352,0,2241550274,0,-106086,0,1 # block t=6464 q=12T90 r=24 k=0
7077946640625558542657,0,-15202021198066796073977,0,12971204618527428415432,0,-5545226426527871354488,0,1225875301046507447472,0,-129477537685469934914,0,5391720391219876724,0,-100993079416164485,0,843482958442605,0,-2481422721127,0,535880218,0,-39919,0,1 # block t=6464 q=12T90 r=24 k=0
20663814824398926687583,0,-31934545349412461651914,0,17437281056262090154819,0,-4849196219148979645483,0,777661732793790632241,0,-74884302627995951195,0,4296797258930464393,0,-139992898775132961,0,2350577009489438,0,-15728412794246,0,1942229902,0,-78087,0,1 # block t=6464 q=12T90 r=24 k=0
3255626150113638292,0,2891454579295902408,0,610368450946628544,0,64307175708181676,0,4142178627185340,0,178267375899576,0,5353444545108,0,114236831448,0,1730879037,0,18245654,0,127446,0,531,0,1 # block t=6465 q=12T111 r=0 k=1
11545321975660544,0,-28192440736006144,0,27919504083390464,0,-14240490744160256,0,3890627891939328,0,-520557273270272,0,21270315881728,0,1046660098176,0,-8348944960,0,209319680,0,12720176,0,6576,0,1 # block t=6465 q=12T111 r=0 k=1
10006,0,-54818,0,140164,0,-218988,0,231316,0,-173390,0,94424,0,-37632,0,10899,0,-2239,0,310,0,-26,0,1 # block t=6465 q=12T111 r=0 k=1
1439140243009,0,2228304787884,0,1189725363650,0,264488227068,0,37367426543,0,7724498648,0,396188188,0,16899288,0,1659823,0,49532,0,2114,0,44,0,1 # block t=6465 q=12T111 r=0 k=1
3583238286677237393,0,2855955813224743266,0,573463516328447895,0,58195228921062842,0,3636448104657755,0,152686936802228,0,4498576794491,0,94813804944,0,1432022047,0,15250168,0,109733,0,484,0,1 # block t=6465 q=12T110 r=0 k=1
590119023471691291,0,742607682741320682,0,173796838644407742,0,20010589585423214,0,1414527339252915,0,67374531180630,0,2260756886064,0,54432885852,0,939560958,0,11388356,0,92292,0,450,0,1 # block t=6465 q=12T110 r=0 k=1
45023469772279457,0,57441253163254516,0,20618502572841774,0,3600655790346860,0,358044996940127,0,21182392289080,0,721669269668,0,11935758408,0,20343103,0,-1548588,0,-5330,0,76,0,1 # block t=6465 q=12T110 r=0 k=1
1942835008,0,11848934016,0,29960989152,0,38165925856,0,25770979980,0,9515375064,0,2062393449,0,195652611,0,-13752054,0,-2747513,0,225882,0,-57,0,1 # block t=6465 q=12T110 r=0 k=1
1073581,0,-1579764,0,698274,0,576148,0,-306189,0,672732,0,389580,0,69300,0,9207,0,64,0,-210,0,0,0,1 # block t=6465 q=12T110 r=0 k=1
47231626046328660177531,0,34550679096738737312688,0,3750441426746685692811,0,192019419000649895682,0,5861482975291488647,0,117413273617000958,0,1613069795893471,0,15437673976358,0,102236753740,0,454054256,0,1261316,0,1884,0,1 # block t=6465 q=12T110 r=0 k=1
8388608,0,-25165824,0,33972224,0,-27258880,0,14438144,0,-5289472,0,1363712,0,-247360,0,31488,0,-2944,0,244,0,-20,0,1 # block t=6465 q=12T110 r=0 k=1
243274013,0,602217060,0,672849606,0,450841580,0,202491079,0,64397480,0,14900516,0,2531480,0,313787,0,27700,0,1654,0,60,0,1 # block t=6465 q=12T110 r=0 k=1
2138361208832,0,5494200451072,0,5982259165184,0,3618905327616,0,1339478210560,0,312254923776,0,44681518080,0,3743386624,0,219352608,0,7909088,0,180672,0,804,0,1 # block t=6465 q=12T111 r=0 k=1
90697499931330059,0,196208385776544264,0,181415352985305435,0,94885687525856098,0,30951609270445188,0,6413439418297552,0,791822201795269,0,45501038432150,0,119484494568,0,1176043874,0,-54099,0,1432,0,1 # block t=6465 q=12T111 r=0 k=1
516337435003289,0,2019000242569216,0,3398660145385860,0,3193603529685098,0,1810342108049260,0,620051161800694,0,119380576426572,0,10206247331634,0,72130462515,0,803683888,0,2939652,0,11042,0,1 # block t=6465 q=12T110 r=0 k=1
1674779557169120561352,0,33017569021183521862224,0,208873490856763214285928,0,-167927613719375199714768,0,4921049418346360850724,0,-695074133421330278472,0,-663816007671857712,0,1906002504060336,0,7638941023470,0,11064661452,0,8863128,0,4116,0,1 # block t=6465 q=12T111 r=4 k=1
2289168374414712176437,0,-1839621712769038122100,0,255788446818875867677,0,-16716592071539372306,0,635993244016393368,0,-15261863221730022,0,237105916784265,0,-2367939371980,0,14743964484,0,-56272548,0,158027,0,-484,0,1 # block t=6465 q=12T111 r=4 k=1
3292004023251448,0,-17950639891411224,0,41599200649457220,0,-53151656167364080,0,40491925722678222,0,-18430569769628358,0,4656884395278039,0,-508219672551264,0,1083189665025,0,-12465857122,0,6139260,0,6150,0,1 # block t=6465 q=12T110 r=4 k=1
244807041123,0,-1133717672376,0,2323239863790,0,-2735681657284,0,2010613429868,0,-931296513226,0,257440004852,0,-35436354824,0,1255921471,0,-30883682,0,412112,0,-3214,0,1 # block t=6465 q=12T110 r=4 k=1
5176150585429,0,-8948391334364,0,5402715291230,0,-1720790140848,0,342222213182,0,-46132337108,0,4392590622,0,-300434680,0,14730029,0,-506580,0,11624,0,-160,0,1 # block t=6465 q=12T110 r=4 k=1
1294699633271,0,-3181699850376,0,3306021702370,0,-1896216600048,0,655222632191,0,-139549283280,0,18071309604,0,-1379660352,0,61823305,0,-1644264,0,26386,0,-240,0,1 # block t=6465 q=12T110 r=4 k=1
4096,0,12288,0,-43008,0,-99328,0,-85760,0,-32768,0,1280,0,7552,0,3920,0,1104,0,192,0,20,0,1 # block t=6465 q=12T110 r=4 k=1
172777732077875433472,0,-122304251099423301632,0,17353847502155843584,0,-1224851285629196288,0,53458158117048064,0,-1582592328711168,0,33227521836800,0,-503934138112,0,5514663920,0,-42634848,0,221576,0,-696,0,1 # block t=6465 q=12T110 r=4 k=1
3593537,0,7847020,0,971794,0,-9612292,0,-10233041,0,-4732328,0,-1062020,0,-60968,0,25839,0,6972,0,786,0,44,0,1 # block t=6465 q=12T111 r=4 k=1
22485448,0,184027008,0,341058864,0,268599568,0,98904465,0,12906144,0,-1879140,0,-790848,0,-78858,0,1120,0,732,0,48,0,1 # block t=6465 q=12T111 r=4 k=1
84896814874542385979,0,-203621595756740900200,0,146973455030069480338,0,-23968819839176690676,0,-2888966220986363209,0,-1400824122457929984,0,10090494150892452,0,-45585290230352,0,198804171669,0,-476349768,0,1015930,0,-1228,0,1 # block t=6465 q=12T111 r=4 k=1
48393904337,0,-166088889160,0,243283460685,0,-200167806808,0,103676620825,0,-36549363354,0,9337137573,0,-1728378950,0,203187575,0,-11067626,0,50541,0,28,0,1 # block t=6465 q=12T110 r=4 k=1
1655951948396745007,0,-1539856979298271272,0,285946138451593670,0,-26578295140808000,0,1547562085046675,0,-62303554048720,0,1822746072612,0,-39658426656,0,645033901,0,-7754232,0,66398,0,-368,0,1 # block t=6465 q=12T110 r=4 k=1
1057377915885481187783,0,-1179874526152648896920,0,148564871398834191792,0,-8890175477011351884,0,323034007180519669,0,-7865767981595908,0,134465185111266,0,-1645284536184,0,14403556050,0,-88401156,0,362246,0,-892,0,1 # block t=6465 q=12T110 r=4 k=1
4889546063872,0,-26848586629120,0,61365187641344,0,-74734386937856,0,51210447446016,0,-18812324306944,0,2976324184064,0,-49418910720,0,3505675776,0,2154112,0,-36720,0,-16,0,1 # block t=6465 q=12T110 r=4 k=1
32999706009856,0,196745483136000,0,165150044901120,0,-938776251799040,0,-2192680324309536,0,-1732971506047488,0,-483736909453680,0,5023228891104,0,9427370437089,0,5021816548,0,-22982730,0,-1212,0,1 # block t=6465 q=12T111 r=8 k=1
55034278467881738060326,0,-57344663823544948799384,0,5474788186383523416470,0,-241485813600674974604,0,6298467525343318774,0,-106763485712939784,0,1224512647689032,0,-9618058987572,0,51459484756,0,-185631328,0,459152,0,-838,0,1 # block t=6465 q=12T110 r=8 k=1
1525396224312,0,24814103871456,0,71863953096528,0,78931735937856,0,27108204564960,0,-11744419498272,0,-9994339936008,0,-1252359380520,0,254135837961,0,2199125916,0,-3756258,0,-2556,0,1 # block t=6465 q=12T111 r=8 k=1
10461184786848298297,0,-19346158676986976826,0,13116522871148027424,0,-4582081028682429530,0,921458813739721911,0,-109151883110354076,0,7310433514997022,0,-247770158443488,0,4110034593843,0,-91310013506,0,17265348,0,-1902,0,1 # block t=6465 q=12T110 r=8 k=1
962096353776169,0,2360087455288620,0,59484273860346,0,-828215416593140,0,1283588453346943,0,-2618385133598440,0,909750025402892,0,-69883408884040,0,759397095863,0,-27305079492,0,20624538,0,-3908,0,1 # block t=6465 q=12T110 r=8 k=1
346729508706359847953,0,1433216159040075950700,0,2195055804697345705458,0,1476314930282024237148,0,366413383811887807887,0,-1598306464169162664,0,-265632105378195716,0,322396046126232,0,40286681916735,0,-4274616260,0,-427461582,0,12,0,1 # block t=6465 q=12T111 r=8 k=1
3038494886334711,0,19637850492910548,0,14637537242281324,0,-1153709188920388,0,-3478336671294933,0,-625448655077940,0,128748545354296,0,35416824930128,0,976325015573,0,4009792864,0,-53640128,0,-31404,0,1 # block t=6465 q=12T111 r=8 k=1
1890018568940697418432,0,1908795894592280641920,0,-83567770151060308128,0,-13758359872936620000,0,570656642311867596,0,28388321827449696,0,-1049717129407232,0,-22697834320656,0,488278950108,0,9084281952,0,35549760,0,11664,0,1 # block t=6465 q=12T111 r=8 k=1
155870141406423956240,0,597229923971428590176,0,47013467404191294040,0,-8669163132199128520,0,-1164215689801394319,0,-31934105769851800,0,1222893024960988,0,75581308439592,0,1023125363910,0,-372695560,0,-20884220,0,-928,0,1 # block t=6465 q=12T111 r=8 k=1
62971899916288,0,-216377666830336,0,319892143663104,0,-259612570230784,0,124777219476224,0,-35806378245120,0,5887245042688,0,-517009786368,0,22476479888,0,-400890176,0,1057848,0,-1376,0,1 # block t=6465 q=12T110 r=8 k=1
10577612445498892039607,0,25775172520170902095528,0,3286787014821847443096,0,114885184223317928952,0,-543494804381603693,0,-98991568139130132,0,-1247155723348104,0,17305100896608,0,417427049501,0,989008548,0,-17087316,0,-37808,0,1 # block t=6465 q=12T111 r=8 k=1
1354185804988,0,-4079566423472,0,5220190961240,0,-3576872505112,0,1345721329712,0,-245243765976,0,15189709368,0,-5129751360,0,2875514744,0,-384020164,0,-269620,0,928,0,1 # block t=6465 q=12T110 r=8 k=1
5435315798605685248,0,-15561847461994602496,0,18454814453564232704,0,-11615983521811254784,0,4114118460521866816,0,-793832070057268224,0,72625492580276000,0,-2225705399260992,0,42741768999976,0,-709429780880,0,237641072,0,-26708,0,1 # block t=6465 q=12T110 r=8 k=1
1837103528105962561,0,6026465392620785796,0,3297277487889670386,0,823563585559741684,0,115087461776401239,0,9545006263280616,0,460725931678524,0,11350952973864,0,73799599095,0,-1254526988,0,3814914,0,-3516,0,1 # block t=6465 q=12T111 r=8 k=1
11228153191,0,-81473039176,0,242626986540,0,-375305291908,0,325049056499,0,-156266970840,0,37464817048,0,-3395912544,0,119123717,0,-12781664,0,15420,0,100,0,1 # block t=6465 q=12T110 r=8 k=1
48176785,0,-1224868,0,-238108302,0,-130410804,0,92734095,0,11061560,0,-11881220,0,1615864,0,61375,0,-20372,0,178,0,60,0,1 # block t=6465 q=12T111 r=12 k=0
299221740820112,0,-995873717442240,0,-2485803765585984,0,495012111013824,0,1948248319743288,0,133195049233536,0,-7531971550184,0,-347024885376,0,10849597545,0,108739420,0,-2171298,0,-132,0,1 # block t=6465 q=12T111 r=12 k=0
494611929729984135168,0,0,0,-1752121114702314365952,0,0,0,1748343665003331759201,0,0,0,-347982447035012556132,0,0,0,758717115186514734,0,0,0,-13313055348,0,0,0,1 # block t=6465 q=12T111 r=12 k=0
9641119021676,0,42367918011088,0,-256986137703028,0,-558372497797976,0,1603286951158292,0,1218803266387536,0,311937252617636,0,33739547655128,0,1253215191119,0,-7731823668,0,13560325,0,-7962,0,1 # block t=6465 q=12T111 r=12 k=0
449525812327779664,0,-5005273572440688640,0,-74431289863920604160,0,-138072854346620201584,0,-30243268002570743272,0,46711200152274508576,0,-229014760672431744,0,-1000405131853693400,0,7739124192369653,0,2546951375832,0,-394637968,0,-53399,0,1 # block t=6465 q=12T111 r=12 k=0
161797858641248185216,0,5523309060482244864,0,-1386333283752811315392,0,2764220629925370763840,0,-2363354765320627002312,0,1000079343040453777152,0,-191178819565173357600,0,8822884429663114464,0,665608591939733928,0,859708479319744,0,50818029456,0,535296,0,1 # block t=6465 q=12T111 r=12 k=0
2576953196641,0,19388314873572,0,-29201923049838,0,-223736243224972,0,428096730412719,0,56459670665544,0,-365121324147972,0,58461390826632,0,9331417601487,0,-5649248812,0,-22918254,0,1284,0,1 # block t=6465 q=12T111 r=12 k=0
632896089461236,0,-22406260551061448,0,-79540584109891428,0,-69856625691827568,0,-19077098724067436,0,-451116074315332,0,101073922073880,0,-1816199879072,0,-17943598604,0,482360296,0,-2394270,0,1624,0,1 # block t=6465 q=12T111 r=12 k=0
92563812169234483088,0,-106099174108563099840,0,-406935061079897784768,0,121972947515234463168,0,360084970930846447224,0,3398818480291817472,0,-255470192930717384,0,-1103947973716224,0,39871502442345,0,21309442396,0,-427454850,0,-132,0,1 # block t=6465 q=12T111 r=12 k=0
28636557118308569,0,-24845172851065303,0,-634251601083232330,0,-1465272215612091472,0,-1117495842755356407,0,-75091649994352544,0,143427539248959612,0,-14984587068293532,0,185499375567217,0,337217457517,0,-9283574,0,-34528,0,1 # block t=6465 q=12T111 r=12 k=0
8774087404257140513472,0,-6448761576467753603328,0,-19710129859171874707392,0,9781213388720082704256,0,5958431567932864353840,0,-95879775574676101248,0,-2003959665361463264,0,16866725547482304,0,175284054687876,0,-226180356688,0,-952058892,0,5784,0,1 # block t=6465 q=12T111 r=12 k=0
49344721013952280576,0,163560787055394551808,0,-250171698136462165248,0,133477896182759505536,0,-34260121408026251592,0,3982955141799772416,0,-27491277544332096,0,-36728942893421472,0,2530510977307464,0,-10864034438368,0,-1332623256,0,74328,0,1 # block t=6465 q=12T111 r=16 k=0
105982623704762968075,0,1150692328515012264245,0,-1401999549848266766067,0,575510688137050785079,0,-113987054492334854085,0,11871138763611238266,0,-617103594392662246,0,11413228582171006,0,92057505529785,0,-401237369427,0,105909869,0,45951,0,1 # block t=6465 q=12T111 r=16 k=0
105289120910449,0,-1235029740570948,0,3345466944182322,0,8582863524400652,0,-53419389293490345,0,84447765551789784,0,-37978284087407460,0,-20608766035445160,0,16889359137737031,0,-41427098356,0,-2424592158,0,60,0,1 # block t=6465 q=12T111 r=16 k=0
398237926342417075216,0,-1641755034335260660128,0,2005771718293860288792,0,350429867842001477656,0,-2682114063431815486287,0,2160555079559100003792,0,-634273185159378258564,0,40760128561777600032,0,2496043590325442190,0,-72743393310512,0,-26072785068,0,28488,0,1 # block t=6465 q=12T111 r=16 k=0
1686149960478412647424,0,2840387551854855442944,0,-188043959448367884032,0,-2663182998530104768,0,635762712921712952,0,-27386949978489696,0,611352026258864,0,-7980807681088,0,59678055064,0,-211424304,0,21584,0,1280,0,1 # block t=6465 q=12T111 r=16 k=0
34710543223209862009711,0,146628131165344228620413,0,218496203935675984216856,0,120648774592476847382346,0,44567525740373647559,0,-12665110316614732805566,0,1330201263535129786224,0,-31171508147176196140,0,156822101443404889,0,-52527380350667,0,5348777688,0,-176614,0,1 # block t=6465 q=12T111 r=16 k=0
298925177920483750088704,0,456380869354836011917312,0,-141182821725566285125632,0,15493388751551341651968,0,-774533576728648075520,0,16426446729824384000,0,-70167338608707840,0,-794038087013120,0,1107576773872,0,2768986528,0,-1679256,0,-1784,0,1 # block t=6465 q=12T111 r=16 k=0
280756472726370304,0,8030683788460032,0,-262258270441560969216,0,-835929829616333130752,0,-411278181316903059840,0,758459868350498201088,0,461404617705882119328,0,-164307825302801110992,0,7536233314414712385,0,-1470306875154332,0,77110953510,0,-535308,0,1 # block t=6465 q=12T111 r=16 k=0
657403904,0,-1030193152,0,-707543040,0,2076516352,0,-1321116928,0,278124544,0,20729344,0,-12845696,0,412048,0,149248,0,-4848,0,-152,0,1 # block t=6465 q=12T111 r=16 k=0
19619819142069135822124,0,201042234173913110782128,0,434050213593947144803032,0,337860902669157505934688,0,79762484608452698539056,0,-5353415799072357744576,0,116281400038101352984,0,-1128316316537372904,0,5063761630841829,0,-9543944266140,0,6233823894,0,-156420,0,1 # block t=6465 q=12T111 r=16 k=0
1305971201120921588593,0,12361191523648137474828,0,-93998833334467857068334,0,174807895793788098237308,0,-80079120081952259159529,0,-44599478134735628463816,0,45218355152484215863644,0,-10496564453963248011720,0,455886644136005408391,0,22064827387177436,0,-1030607430270,0,-532884,0,1 # block t=6465 q=12T111 r=16 k=0
544964946010614144806566,0,478700458378470461656218,0,-258454287749589945496100,0,42581383345619260954736,0,-2675485831407698093900,0,-1545072267711994662,0,7075929211180968004,0,-237138757598877304,0,1362832584327945,0,618107481793,0,-155662614,0,-30304,0,1 # block t=6465 q=12T111 r=16 k=0
1498800428939191697408,0,4307535905207723163648,0,4166472581178727903232,0,1463588371191617118208,0,18184266917617055744,0,-55509371074168051712,0,1408044249980664320,0,-13360411109204864,0,58498142954880,0,-118470637856,0,99995504,0,-22232,0,1 # block t=6465 q=12T111 r=16 k=0
3450351148089616,0,4771921548356544,0,-970519064793984,0,-641750482701056,0,206484351465096,0,-14477343044736,0,-1181183651560,0,185685113328,0,-6763070439,0,85946500,0,-213282,0,-1356,0,1 # block t=6465 q=12T111 r=16 k=0
4792691163024,0,86326262126496,0,-549850651056,0,-65385480864480,0,3294541530128,0,10523382367072,0,-202803633288,0,-264739493720,0,23558200320,0,-663003688,0,5344404,0,-8588,0,1 # block t=6465 q=12T111 r=16 k=0
5904800671050128088,0,-15347866754262300480,0,16516259410464656568,0,-9557434687018279608,0,3239069012262618417,0,-657784030807880352,0,78568026888432492,0,-5100037526343312,0,141732367021062,0,-288839920032,0,175829508,0,-24696,0,1 # block t=6465 q=12T111 r=24 k=0
796876901056,0,-2095691509632,0,2344107832416,0,-1458059845024,0,554471457804,0,-133834102368,0,20682189824,0,-2023021392,0,121299516,0,-4174912,0,72288,0,-480,0,1 # block t=6465 q=12T111 r=24 k=0
4414151983042755577,0,4607111241818614843,0,1528716922677421377,0,260660954868784510,0,27114292609858007,0,1876138136803985,0,90535147508497,0,3091780334700,0,72947936553,0,1101986881,0,8432269,0,-5199,0,1 # block t=6466 q=12T26 r=0 k=2
252587312928732861199,0,274059481158580337523,0,40675743731678589789,0,2878569581677739726,0,123077847293631018,0,3500654378008824,0,69309311090649,0,973036669662,0,9675983673,0,66739856,0,303921,0,822,0,1 # block t=6466 q=12T26 r=0 k=2
14583816742008961,0,23671554273782526,0,15571048893081087,0,5866869321498946,0,1424128380497664,0,217384822238088,0,19458657053918,0,1015469584125,0,29561258628,0,431467991,0,1795653,0,-2895,0,1 # block t=6466 q=12T26 r=0 k=2
26712817,0,-42703106,0,28444871,0,-14099269,0,5842656,0,-975323,0,-38890,0,-63500,0,18138,0,2143,0,273,0,14,0,1 # block t=6466 q=12T26 r=0 k=2
5262597223001,0,-17124390125768,0,20954176972962,0,-8675163928056,0,-2655510044353,0,1580020098032,0,644365274876,0,13702884816,0,199801863,0,1827928,0,18626,0,168,0,1 # block t=6466 q=12T26 r=0 k=2
275714048,0,485785600,0,179345408,0,-162422784,0,-143113472,0,-12890112,0,22136576,0,8480768,0,760624,0,-57856,0,1080,0,128,0,1 # block t=6466 q=12T26 r=0 k=2
366459800758801,0,425477018064940,0,173906670939946,0,38287176240364,0,5305110604319,0,498147806088,0,32903233580,0,1553550408,0,52464591,0,1248844,0,20202,0,204,0,1 # block t=6466 q=12T26 r=0 k=2
1395126065771502037,0,6609024269426452596,0,12895791430027589664,0,13264070420006643208,0,7594782973662111210,0,2311882097340037160,0,305050654199693986,0,5808249615438300,0,33989117837225,0,70583068844,0,53824758,0,13540,0,1 # block t=6466 q=12T90 r=0 k=2
8075881284599983,0,11615901325880872,0,6149486751797373,0,1595466907447369,0,219909541447842,0,16874629201673,0,906042045572,0,40784020866,0,1226957307,0,19153955,0,105104,0,1234,0,1 # block t=6466 q=12T26 r=0 k=2
571650763241207021,0,943376041479856534,0,616192653029973926,0,207044074192816521,0,39230475646653122,0,4339393509885583,0,287168543341609,0,12114894053384,0,340605516611,0,5848735526,0,44716260,0,-13449,0,1 # block t=6466 q=12T26 r=0 k=2
284711404267,0,837038715150,0,1049003021841,0,895447784780,0,610172055486,0,251008691652,0,43716949371,0,4313314620,0,241602885,0,6685550,0,68370,0,210,0,1 # block t=6466 q=12T26 r=0 k=2
17965,0,-84760,0,190579,0,-267449,0,259706,0,-183313,0,96126,0,-37570,0,10810,0,-2223,0,309,0,-26,0,1 # block t=6466 q=12T26 r=0 k=2
10628071,0,30217213,0,37317921,0,26367822,0,11941932,0,3757000,0,896965,0,176176,0,28403,0,3536,0,355,0,26,0,1 # block t=6466 q=12T26 r=0 k=2
16274713,0,46383204,0,58334402,0,44731092,0,24055423,0,9549288,0,2808044,0,601224,0,91687,0,9780,0,722,0,36,0,1 # block t=6466 q=12T26 r=0 k=2
3907435329881,0,14858745695568,0,23703689170988,0,20575173448500,0,10536676802034,0,3225202345512,0,569530150994,0,52897650092,0,2189490977,0,40574876,0,321026,0,992,0,1 # block t=6466 q=12T90 r=0 k=2
19364060787702616,0,169715724009418968,0,-99877561938478524,0,-154750417601154000,0,14336198270906208,0,34014165625902230,0,4803620628317867,0,-358805460761356,0,4209211124269,0,-16339824872,0,20870602,0,-8832,0,1 # block t=6466 q=12T90 r=16 k=1
80127715181728808551,0,-27363476834485359654,0,-850546424700850389597,0,1243727560319633127176,0,-628031038529059833085,0,131053933200218219532,0,-9610964204872643859,0,-7641709139662682,0,287199978495081,0,7422046072,0,-150716669,0,-94,0,1 # block t=6466 q=12T90 r=16 k=1
859500148697850217949,0,1026214527593083352429,0,-2405728207592667136493,0,1492624775707286431934,0,-427699046871157290067,0,59595118189988276147,0,-3385003872764512053,0,16770524620839993,0,882288747069859,0,-8203239647707,0,-717960137,0,3316,0,1 # block t=6466 q=12T90 r=16 k=1
414613301657362457,0,513158265945747916,0,-3307373478091277985,0,3575069890222332450,0,-1553557707328220609,0,287734800376168656,0,-17795540139716227,0,-155761174934976,0,1837566456567,0,2086886296,0,-7890963,0,-810,0,1 # block t=6466 q=12T90 r=16 k=1
1481496617,0,-3442902134,0,-4336063529,0,8617272932,0,-4653041037,0,1021334678,0,-55684257,0,-10660196,0,1204765,0,7930,0,-2809,0,8,0,1 # block t=6466 q=12T90 r=16 k=1
99614762808999147317,0,-537547512700868795616,0,-975005840745499946597,0,8880801550834777330431,0,-13461128311351431678838,0,6105065089862175592968,0,-102747372238739461538,0,-7277977039405554067,0,-25692771199613636,0,548843888168991,0,-11856781415,0,-12240,0,1 # block t=6466 q=12T90 r=16 k=1
322868728230889541,0,-16951819084646229467,0,264567929920005357390,0,-1318972035115489845273,0,609790026110939317047,0,6481213173394051878489,0,-105383883162103287785,0,-7064716974587245483,0,-22608449040403843,0,529236218660904,0,-11590568963,0,-11829,0,1 # block t=6466 q=12T90 r=16 k=1
27276379547655967,0,-31550470015929038,0,-167843072241206145,0,-96158237460948500,0,55157676154211866,0,51776498457899058,0,8576572222103627,0,-364110420888464,0,3966493837286,0,-15136378752,0,19811862,0,-8832,0,1 # block t=6466 q=12T90 r=16 k=1
1464851464232843,0,-5204691619206512,0,-1525662119301719,0,4404277607913546,0,-1954769465018193,0,341174394457612,0,-20635748556693,0,-229415703278,0,20560571797,0,761440,0,-840311,0,18,0,1 # block t=6466 q=12T90 r=16 k=1
159154295310878251,0,-2246986314070922952,0,10215416960022643390,0,-13295390119469447518,0,-10611023097300409614,0,16684174666878934184,0,-4378767728665735055,0,44446875296608192,0,122215895208954,0,-225672168384,0,-99582375,0,13222,0,1 # block t=6466 q=12T90 r=16 k=1
43894429690616,0,424528725631208,0,-3181060652877204,0,7751519744234584,0,-9231298204460364,0,5703998669709190,0,-1667594201292251,0,154292313910656,0,1725555287952,0,-6330077918,0,-14237485,0,2096,0,1 # block t=6466 q=12T90 r=16 k=1
29,0,-4095380,0,42313225311,0,24760332954155,0,-1416309971400894,0,12577120195533123,0,-1850299907130084,0,-428894365729244,0,-5540349892632,0,729814312625,0,-134115351,0,-2578,0,1 # block t=6466 q=12T90 r=16 k=1
7335306819946474047517,0,-6642688499261328391931,0,-10122294452314864694258,0,15260500858846947063874,0,-7381144981146119592765,0,1629552866663801278857,0,-167628304411996103213,0,6935016105223227577,0,-37290395768932149,0,-2188457573530864,0,-30460335926,0,13417,0,1 # block t=6466 q=12T90 r=16 k=1
1228009023571712761,0,-1338354151013914520,0,-1462712801999396979,0,2962289218466745772,0,-1751339259194532463,0,449960189831580668,0,-43862351003081451,0,237672687660908,0,2783294928697,0,-4304696364,0,-8982917,0,2084,0,1 # block t=6466 q=12T90 r=16 k=1
25909114135630560064,0,-97230552592861135296,0,69456170019060790176,0,56269685897508654736,0,-92134718725618913020,0,40721312614224786048,0,-6067073455014424153,0,-475016072165752,0,213130987267120,0,-785961564,0,-132018217,0,20,0,1 # block t=6466 q=12T90 r=16 k=1
73712329239451121540819,0,223021779029117739820105,0,126092110309023833696958,0,-210062835314778756229124,0,-270136026034072659694005,0,-78913543330929005410358,0,4310204330561556965160,0,-64309890639155180169,0,364218525262964726,0,-687798969894584,0,23953825887,0,-272995,0,1 # block t=6468 q=12T90 r=16 k=1
292900231581070079,0,-1918837938686530890,0,3695069645198184309,0,-1111869534028494262,0,-3434985939775623867,0,3199268032325083124,0,-786896077827131195,0,180298283206958,0,38347004134939,0,-881073256,0,-46414193,0,42,0,1 # block t=6468 q=12T90 r=16 k=1
169390852177,0,439643950360,0,-8244109000502,0,12214397157496,0,-6454599903391,0,1363480173048,0,-65857191658,0,-10189539360,0,622452546,0,2398240,0,-119736,0,-24,0,1 # block t=6468 q=12T90 r=16 k=1
255751990731434161,0,3238350297295154898,0,-8298338904933834383,0,6340931436405657996,0,-2087995847866026855,0,309637624574132766,0,-16569002010432847,0,-90419259634248,0,3762902903273,0,507358530,0,-16911555,0,-36,0,1 # block t=6468 q=12T90 r=16 k=1
6273215886473654459153,0,-20859910239251014850016,0,15217551605901762667445,0,16749831592291062360522,0,-27212739758097311714836,0,9958620742335709321682,0,-118309303237865531372,0,-8239300600801059468,0,-22273378070791766,0,532532411251708,0,-11634741720,0,-11914,0,1 # block t=6468 q=12T90 r=16 k=1
4492366002433961,0,-28729457242866580,0,-155420769577826752,0,-145925940647283460,0,173186573203758654,0,333969546390659948,0,133809801190839606,0,-3312736277845672,0,24401725330081,0,-56340085068,0,48018734,0,-12512,0,1 # block t=6468 q=12T90 r=16 k=1
256484223420480603241,0,233493880853554138162,0,-1912665880292125454656,0,2565726656582458692542,0,-1507089177154833424795,0,417902240262823011142,0,-44646406936817007504,0,-6002094970674480,0,659106320842768,0,1471448788,0,-209767130,0,-2,0,1 # block t=6468 q=12T90 r=16 k=1
1209691359933639997,0,837613632488521287,0,-2777360201680014452,0,1847526925179616947,0,-528379923633690581,0,62546536934431683,0,-208101769011238,0,-421421334906614,0,6486663209700,0,707568474144,0,-135538744,0,-2023,0,1 # block t=6468 q=12T90 r=16 k=1
1155453665806161,0,1958588061575242680,0,388310423901398302383,0,-10254953498396513488020,0,-59415858857157849606222,0,-58246623663992041701186,0,2936856401557596692982,0,-48961807321467670668,0,320009440538379960,0,-663697833313356,0,23378984910,0,-269532,0,1 # block t=6468 q=12T90 r=16 k=1
46855031593562241589,0,97739204918742901572,0,-397566269547252461818,0,330233802028327233612,0,-112086608114758722345,0,16878314818411111080,0,-927931611304873148,0,-1393133615992680,0,58029080390611,0,2017065300,0,-67235114,0,-36,0,1 # block t=6468 q=12T90 r=16 k=1
7946564406119535069,0,134239392188156558358,0,-139595984827601178672,0,51960108286942808544,0,-9060347408452198956,0,753993392368725252,0,-24089145581051082,0,-32400794072646,0,2123397132939,0,-239985126,0,-8250768,0,138,0,1 # block t=6468 q=12T90 r=16 k=1
12815055961,0,-384736183126,0,874997474863,0,1131731170834,0,-5218053527862,0,5663413125900,0,-2353381749517,0,264218560058,0,11130168707,0,-2083551024,0,-2473974,0,580,0,1 # block t=6468 q=12T90 r=16 k=1
64379263940991646681,0,762992997027179575896,0,-1449187767914044173835,0,832500138793365508016,0,-206181973978924367131,0,23038998984668708408,0,-942540719568188013,0,-1865961705381088,0,58279011869255,0,2690946360,0,-67272955,0,-48,0,1 # block t=6468 q=12T90 r=16 k=1
1680595576954069,0,-1159836192565388,0,-15014175867920314,0,5225664390983212,0,22740082920666199,0,11147463084302856,0,1277409415499524,0,-93054276500136,0,1639457644467,0,-7949759164,0,13643734,0,-6724,0,1 # block t=6468 q=12T90 r=16 k=1
3485373504329709,0,-468656146621755,0,-4197536428515804,0,3174371015262120,0,-845814411864171,0,68023841120622,0,3523546756359,0,-263210735007,0,-3885520914,0,202069269,0,-433566,0,-402,0,1 # block t=6468 q=12T90 r=16 k=1
1578001747139415529,0,-2321154588139051012,0,1221746794669258748,0,-332105517050258336,0,52905891188368550,0,-5153940146042052,0,304748681366394,0,-10353786524188,0,180560759797,0,-1408520456,0,4139902,0,-3744,0,1 # block t=6468 q=12T90 r=24 k=2
52390228157,0,-169696646550,0,235641403082,0,-183309155506,0,87557539097,0,-26466365358,0,5039154106,0,-586076768,0,39712778,0,-1504180,0,30020,0,-286,0,1 # block t=6468 q=12T90 r=24 k=2
1542186182546051,0,-4753218623456457,0,6023398790518452,0,-4034475190577741,0,1528200146567710,0,-326021590352633,0,37620056278538,0,-2328381785245,0,73444014448,0,-988187811,0,2818382,0,-2918,0,1 # block t=6468 q=12T90 r=24 k=2
487242064150906567,0,-961360005252259948,0,763222260299689101,0,-314559424792063198,0,72396677595090323,0,-9276064262812102,0,615530849120299,0,-18000050675992,0,231076719171,0,-1319001676,0,3254905,0,-3188,0,1 # block t=6468 q=12T90 r=24 k=2
365510842029617621,0,-1039643718628119015,0,1213360428208133759,0,-744969909797235365,0,256139824866500254,0,-48621972367035754,0,4804503437613663,0,-244162595074992,0,6030733154902,0,-58041755039,0,44572781,0,-11643,0,1 # block t=6468 q=12T90 r=24 k=2
4367894850563,0,-10781932575260,0,11220389373272,0,-6441452515271,0,2245574460287,0,-494685747315,0,69730696223,0,-6244244923,0,343869391,0,-10791251,0,162398,0,-732,0,1 # block t=6468 q=12T90 r=24 k=2
129365975117745941,0,-306391918811345248,0,286970816981866713,0,-138562469074043924,0,37343301294600211,0,-5674543287646646,0,474476881594286,0,-21355218872974,0,480230416159,0,-4331117014,0,7423730,0,-4662,0,1 # block t=6468 q=12T90 r=24 k=2
2274383434115519,0,-7597211032079976,0,10583201580840003,0,-7977822588437275,0,3525658868264463,0,-923567232198544,0,138054003095602,0,-10707922465569,0,353612062554,0,-3811353449,0,6999107,0,-4569,0,1 # block t=6468 q=12T90 r=24 k=2
10842559806403910731,0,-25228837985265171612,0,24099385859711132750,0,-12139713686038438626,0,3431770640296314326,0,-529553506330699312,0,38741334127148843,0,-853809599009620,0,7101186047126,0,-21060590204,0,24103503,0,-8810,0,1 # block t=6468 q=12T90 r=24 k=2
40029542553091,0,519761829737150,0,43353623600224,0,-300697625204998,0,-56650349398741,0,38381193267900,0,7478482152896,0,-659306422172,0,17229029937,0,-181546682,0,837312,0,-1566,0,1 # block t=6469 q=12T90 r=16 k=1
170038888509377,0,768540820360826,0,732247691424787,0,-467245087252756,0,-603716927555115,0,29252434671170,0,84405972960707,0,-4348464672846,0,76939286717,0,-562595876,0,1801351,0,-2306,0,1 # block t=6469 q=12T90 r=16 k=1
504955694700552509,0,1885169785407123596,0,-6255574474871981907,0,6285392799866466648,0,-2905547180403310467,0,635325434885192628,0,-52678590391073711,0,-56823681519888,0,3550229945049,0,208357620,0,-10417705,0,-24,0,1 # block t=6469 q=12T90 r=16 k=1
35501232188113,0,117988342694222,0,-66782888601642,0,14469777727854,0,-1556017713271,0,76400314902,0,225636110,0,-203275892,0,7516434,0,18568,0,-5612,0,50,0,1 # block t=6469 q=12T90 r=16 k=1
17421801516664,0,-909298639516040,0,-983755099289700,0,2350831561385872,0,4092423713221072,0,1778500290579186,0,-12749379420481,0,-99624751874528,0,1963916760215,0,-10897812768,0,16894548,0,-8832,0,1 # block t=6469 q=12T90 r=16 k=1
197706962998618006151,0,723734986300307888057,0,799131452143546725540,0,50661151416875648602,0,-369987579122430159411,0,-128439178808147624708,0,18537338218630282369,0,-562356079554726911,0,6403510259022256,0,-25334835802719,0,2697362432,0,-92906,0,1 # block t=6469 q=12T90 r=16 k=1
6204503328242669507,0,-28681421207001141896,0,40304835170706654674,0,2355347658938334166,0,-55256534587051315824,0,48508892371414490376,0,-13536460159026679455,0,100563682137225154,0,274062817872848,0,-325059150812,0,-141360199,0,13516,0,1 # block t=6469 q=12T90 r=16 k=1
447587947667581559,0,-2479449491806291092,0,3415293482812558610,0,1133347785906223270,0,-5678783180464777938,0,4093467942183143656,0,-924306502389701673,0,151441149082112,0,58082003467618,0,-1295202044,0,-67287361,0,58,0,1 # block t=6469 q=12T90 r=16 k=1
4972440027141224710211,0,4668686712952979188079,0,-17942594998190346897883,0,13322643987391466627647,0,-3869878651251281070950,0,414211763287473629852,0,-3959167516908697849,0,-400243852750124918,0,-1299195868092226,0,29640947086831,0,-1564966583,0,-9583,0,1 # block t=6469 q=12T90 r=16 k=1
7633234991224639,0,-5817196659285782,0,-36237063325525847,0,-24086095914173476,0,198881518353747,0,3376040867714882,0,554161167811307,0,-23761214879412,0,313552993559,0,-1649712180,0,3735363,0,-3332,0,1 # block t=6469 q=12T90 r=16 k=1
1482622479720214531483,0,4946258760356597249240,0,3717086227550562336505,0,-2218991238264702680708,0,-3130136549168462596643,0,-695097409890266254834,0,60038049254726291703,0,-1511202481085630708,0,14849774040365438,0,-48853085705334,0,4089187783,0,-112575,0,1 # block t=6469 q=12T90 r=16 k=1
433035018836500932263,0,696549496083004120870,0,-130468204330771998701,0,9829393175532377630,0,-391992859611519378,0,8606712792979588,0,-88124229288549,0,-116128540112,0,11139817850,0,-70849786,0,-162942,0,1882,0,1 # block t=6469 q=12T90 r=16 k=1
5326318306014081151936,0,9835628527843829811552,0,-5557001842735132276400,0,1185921249139417217248,0,-132395217319411239664,0,8264340962899763682,0,-270455244570806663,0,2970046776735233,0,57096479380309,0,-1336338542810,0,-83115229,0,14388,0,1 # block t=6469 q=12T90 r=16 k=1
278699236061,0,2017089268172,0,-816289187294,0,-3328282284522,0,-189843772515,0,1202587636892,0,263410640958,0,-36318596014,0,1487500402,0,-26174422,0,214372,0,-774,0,1 # block t=6469 q=12T90 r=16 k=1
202879149439732637941,0,-327502528279714218405,0,-789609989710212314585,0,2322793485444290202889,0,-1998498979171082742092,0,606902967833800071026,0,-16570829320598771939,0,-394288734707968120,0,986988320803286,0,25511852854841,0,-1681567695,0,1799,0,1 # block t=6469 q=12T90 r=16 k=1
111125923441398433723,0,-148241460142332415596,0,78207152530071676273,0,-22158665644898784002,0,3766917879774837628,0,-400407823515103648,0,26635120891947085,0,-1069261191218578,0,23599744976207,0,-222315809386,0,110736774,0,-18442,0,1 # block t=6469 q=12T90 r=24 k=2
424242965922008619317,0,-1233252198730731419129,0,1478221330611366569592,0,-935777199021091034943,0,331821852108072715208,0,-64126335668809050867,0,6052815114608144680,0,-233338339646506958,0,3850129239962391,0,-23003732515005,0,2513360587,0,-89105,0,1 # block t=6469 q=12T90 r=24 k=2
30591219116422738070809,0,-56722688625168323523582,0,37467315749001877766742,0,-12431230788071923646153,0,2314598889707171172068,0,-247498180039915213141,0,14632675118972167442,0,-429138342148440336,0,5071678204919001,0,-20263917888593,0,2366775936,0,-88317,0,1 # block t=6469 q=12T90 r=24 k=2
89061082265827234709,0,-208720534166603488898,0,202547017471697422427,0,-104480212459250163612,0,30406032355256144208,0,-4816394628643983630,0,349919856409695769,0,-5796024879562402,0,34096248440786,0,-69262315808,0,53638916,0,-13162,0,1 # block t=6469 q=12T90 r=24 k=2
2149054390935383,0,-10286522373496032,0,20032674819198051,0,-20195560334063357,0,11043015350719221,0,-3113388854707643,0,392919333250885,0,-22759541110287,0,572225603916,0,-5022311110,0,8303588,0,-4959,0,1 # block t=6469 q=12T90 r=24 k=2
129123228686344597643,0,-445206791238447705206,0,622303823549970638168,0,-453634144225164068051,0,183768237141578577456,0,-40518018574195660907,0,4402905780872194357,0,-197637236779131011,0,3716325308103673,0,-24282129701574,0,2580874664,0,-89646,0,1 # block t=6469 q=12T90 r=24 k=2
947964496804541,0,-1928823176455912,0,1574952822506550,0,-670077348274746,0,162578108527168,0,-23226961613478,0,1949707047800,0,-93459766698,0,2454864657,0,-34527556,0,248280,0,-834,0,1 # block t=6469 q=12T90 r=24 k=2
15698825552747,0,675950611705616,0,-565288078048103,0,194126907769575,0,-36079214756251,0,4033854828247,0,-283815539707,0,12682715737,0,-351911891,0,5666420,0,-44153,0,51,0,1 # block t=6470 q=12T26 r=4 k=2
6470731,0,51012092,0,-262739273,0,-2529377462,0,-4806044954,0,-9308723722,0,15930413176,0,-6978182979,0,1152833772,0,-83908675,0,2263237,0,2097,0,1 # block t=6470 q=12T26 r=4 k=2
1995870374383113,0,-1450365715240200,0,-4491774575630901,0,4735848958381521,0,361150999062327,0,-1176452454619989,0,77476777140864,0,-3226404455721,0,28979558019,0,-80945547,0,223089,0,-768,0,1 # block t=6470 q=12T26 r=4 k=2
531441,0,0,0,-708588,0,452709,0,-157464,0,59049,0,-16038,0,2916,0,-243,0,-135,0,54,0,-9,0,1 # block t=6470 q=12T26 r=4 k=2
1289,0,4932,0,2458,0,-2380,0,-1793,0,-3000,0,2316,0,584,0,-169,0,-140,0,-6,0,4,0,1 # block t=6470 q=12T26 r=4 k=2
368816913263,0,-8021063969814,0,-58773015881742,0,-73802031078538,0,-30170471981348,0,1362295121488,0,1173029161520,0,-1485323653716,0,7763448113,0,-187017348,0,902964,0,-4242,0,1 # block t=6470 q=12T26 r=4 k=2
4096,0,0,0,-47138816,0,0,0,-5900870912,0,0,0,-2495022848,0,0,0,-368804432,0,0,0,-184136,0,0,0,1 # block t=6470 q=12T26 r=4 k=2
23802009841,0,0,0,-29886570990,0,0,0,-298206522501,0,0,0,-26439539172,0,0,0,-29006220085,0,0,0,2410962,0,0,0,1 # block t=6470 q=12T26 r=4 k=2
53099411155658176,0,211930869222504288,0,305550842750221632,0,175722061942695888,0,17485924307252904,0,-11039994834081936,0,467283610074315,0,-9395705386602,0,99259967117,0,-605580798,0,2136660,0,-3582,0,1 # block t=6470 q=12T26 r=4 k=2
858757799257,0,-4349947648783,0,-8322249303372,0,1562358265828,0,6465907250129,0,9860409066789,0,-722050186298,0,1833241131,0,1498479456,0,-89511930,0,3560987,0,-114,0,1 # block t=6470 q=12T26 r=4 k=2
100366269006771289,0,182969073019504608,0,-10742696565442488,0,-166902574475208443,0,-42454492503097104,0,44397733645940067,0,1965123561970365,0,41513978837403,0,97706624607,0,-207070034,0,-282216,0,-36,0,1 # block t=6470 q=12T26 r=4 k=2
38016750892393617527,0,126942988308183606924,0,155366774788762944434,0,83227828969067914296,0,17207407817342569000,0,405766904214438338,0,-2794868242095370,0,21716117451164,0,-2129940356989,0,-195471436170,0,-154799500,0,-30782,0,1 # block t=6470 q=12T26 r=4 k=2
738697,0,2470194,0,-9047852,0,15446786,0,-14515542,0,4622350,0,-1854728,0,324696,0,171089,0,21282,0,1532,0,72,0,1 # block t=6470 q=12T26 r=4 k=2
1804045546311359567,0,2850129538778826782,0,-47323032847416561,0,-121890521890858618,0,-18184286162706666,0,-1308849382161148,0,-54684425935818,0,-1378970080341,0,-20300992816,0,-153965521,0,-414507,0,25,0,1 # block t=6470 q=12T90 r=4 k=2
5618244981587071,0,66279475332211986,0,-58333071508689407,0,-55531387448829286,0,20597069953317597,0,18672714838610916,0,3212060989238811,0,106754432731350,0,1268516460773,0,5523507120,0,9503387,0,5488,0,1 # block t=6470 q=12T90 r=4 k=2
27943346136666449,0,-115768648229185618,0,-1307574065442242993,0,-3162537665256920120,0,-3294374880333879663,0,-1589514503064987338,0,-296449948290226401,0,-2851423244341506,0,32583246939473,0,35846920644,0,-54675405,0,-4410,0,1 # block t=6470 q=12T90 r=8 k=2
620597316302188793,0,-1224872389902882604,0,885871545140269292,0,-283718274267590642,0,34592791237096034,0,480345684654151,0,-54254581925677,0,-3797977801995,0,-11978866230,0,-118483110,0,-281397,0,-2207,0,1 # block t=6470 q=12T26 r=8 k=2
63534642493417259641,0,-64527984395283811617,0,20650512251938532382,0,-3262141310261516394,0,296662324570126335,0,-16797794867038723,0,634029186079568,0,-17187941814955,0,336915662182,0,-4285089468,0,36373573,0,10702,0,1 # block t=6470 q=12T26 r=8 k=2
1195586165647,0,-3966587303586,0,5273292802872,0,-3763917586986,0,1800056373330,0,-703822135218,0,196055179835,0,-25697069826,0,549715314,0,-3834456,0,20316,0,-222,0,1 # block t=6470 q=12T26 r=8 k=2
717361900285943296,0,-840279625490280448,0,270890726247899904,0,-44152868639102720,0,4361322015512448,0,-281520620726528,0,12216428946336,0,-355138496832,0,6663147544,0,-73483360,0,374064,0,-256,0,1 # block t=6470 q=12T26 r=8 k=2
169672585531,0,2951131232182,0,4928887929319,0,2831151248736,0,466862620660,0,-172918907712,0,-95833188802,0,-18624636567,0,-1680082146,0,-54804619,0,473401,0,-1215,0,1 # block t=6470 q=12T90 r=8 k=2
182035750744,0,-744522284688,0,-16595155126236,0,-44524103071812,0,-24561576664820,0,3826489059204,0,4764290627627,0,738351843474,0,2588778837,0,-177991338,0,-603982,0,798,0,1 # block t=6470 q=12T90 r=8 k=2
65414422417679693,0,-50416138686547763,0,7463739054103280,0,-896153082474416,0,94470727624286,0,-6995850552500,0,346908491684,0,-11770264405,0,278317567,0,-4567825,0,50058,0,-331,0,1 # block t=6470 q=12T26 r=8 k=2
2607526946394511,0,-4437745696610946,0,2928102982976057,0,-1036928972859379,0,222684972379255,0,-30608372542137,0,2750269997551,0,-161875035337,0,6163560230,0,-145529288,0,1778930,0,-1241,0,1 # block t=6470 q=12T26 r=8 k=2
679402556398009,0,-3290589489810081,0,6453934107124254,0,-6488840401041147,0,3460923862987182,0,-897771252846597,0,86223256007564,0,-3325487989134,0,43106703333,0,-256805769,0,818709,0,-1383,0,1 # block t=6470 q=12T26 r=8 k=2
13747685309434657,0,-14167060025400240,0,4443189668300502,0,-733226281363184,0,76101771816931,0,-5386782216928,0,270301782204,0,-9746342272,0,250880291,0,-4481248,0,52286,0,-352,0,1 # block t=6470 q=12T26 r=8 k=2
7129200181319033,0,-8063489268956252,0,3051344338054274,0,-603791179258476,0,72923233614031,0,-5745347741096,0,302495459644,0,-10586568840,0,237990967,0,-3212156,0,24322,0,-140,0,1 # block t=6470 q=12T26 r=8 k=2
182010351520521644553,0,367545365656266404961,0,102569226580664318268,0,12476790619290544482,0,793186095123226440,0,25409932684938765,0,202127470870707,0,-11560318660017,0,-342882111933,0,-2609396937,0,6344559,0,-4458,0,1 # block t=6470 q=12T90 r=8 k=2
2370094120793687,0,-6403814706286746,0,7124078235747409,0,-4093763336595674,0,1216283298651247,0,-152224419809084,0,1211780738076,0,184404479420,0,3611819856,0,230453132,0,7615201,0,2422,0,1 # block t=6470 q=12T26 r=8 k=2
12142348466554153,0,-27727376080410663,0,25459547863224342,0,-12114912912458291,0,3232019943112584,0,-493991871681462,0,42873282522791,0,-2098354552299,0,55512682947,0,-690540463,0,2159913,0,3108,0,1 # block t=6470 q=12T26 r=8 k=2
765153089093,0,-17764239332270,0,-163271039954749,0,-51434224684568,0,820606666303017,0,75511802292150,0,-850222506883929,0,-8471900603390,0,279419487317,0,425745532,0,-3229957,0,-470,0,1 # block t=6470 q=12T90 r=12 k=1
227591060921,0,-6504695198106,0,-20830180594090,0,-24350670563030,0,-13462948737777,0,-3452299035542,0,-261371389672,0,25732480684,0,794412598,0,-57260184,0,755510,0,-2154,0,1 # block t=6470 q=12T90 r=12 k=1
404335897,0,-2880730482,0,-479527309821,0,3178236764346,0,-2453553670008,0,-11586183199416,0,4746816695685,0,5169752808468,0,-65875521010,0,-963729894,0,-13464,0,3162,0,1 # block t=6470 q=12T90 r=12 k=1
1211956453,0,-2521721720,0,-14482700834,0,27816638584,0,22956673024,0,-33200188546,0,-18770725708,0,1209924688,0,98597225,0,-1279250,0,-40908,0,70,0,1 # block t=6470 q=12T90 r=12 k=1
47861461338842285539,0,26261411127612524068,0,-18805421394233427358,0,4038702494174127964,0,-418822446811021408,0,21744763355689516,0,-423168497919766,0,-5297948082844,0,190340796563,0,2174833300,0,5734242,0,4476,0,1 # block t=6470 q=12T90 r=12 k=1
134007128104331749,0,316570217395567461,0,-45518750895094980,0,-15211623955545636,0,3488254618867627,0,-179353356125454,0,-10261494331500,0,1447754720139,0,-54725766144,0,640682214,0,2473193,0,2781,0,1 # block t=6470 q=12T90 r=12 k=1
7643356301444333093947,0,5745427635721321890156,0,-7487203811445943930158,0,2523508903792670265937,0,-367651786188344529694,0,19862108753183062433,0,646577870260788844,0,-110444025773440777,0,2787689940557528,0,29482528216879,0,2865782730,0,92847,0,1 # block t=6470 q=12T90 r=12 k=1
210957498189376,0,0,0,-203927286547105968,0,0,0,295609133137969248,0,0,0,-47365206141965901,0,0,0,3344797647166,0,0,0,-10189823,0,0,0,1 # block t=6470 q=12T90 r=12 k=1
1253020776628223,0,62709650146583297,0,-113740535264494810,0,76897209879521226,0,-24240197815482905,0,3463553579423952,0,-152221497733164,0,-5410456944487,0,281061934564,0,6850837328,0,15551697,0,10131,0,1 # block t=6470 q=12T90 r=12 k=1
938455946023470167,0,2081315451838870644,0,1524806266168969223,0,512520374571123292,0,83316303236093693,0,5341144642629828,0,-78180525412073,0,-14577702825886,0,276916581641,0,-1704462278,0,4004153,0,-3626,0,1 # block t=6470 q=12T90 r=12 k=1
2460932777633155391,0,-2986191277054875713,0,-26946962933208096114,0,-12525727210892248154,0,39738996846090390738,0,30736181441183261674,0,-807437489262140247,0,-61058213529952218,0,-191461267040734,0,8772662849344,0,-697194213,0,-6274,0,1 # block t=6470 q=12T90 r=12 k=1
1,0,0,0,-23398606,0,0,0,5472014583775,0,0,0,-299662824243972,0,0,0,164480815071,0,0,0,-2608942,0,0,0,1 # block t=6470 q=12T90 r=12 k=1
27154322570350396487233,0,-47406965788974470307560,0,-116529585875244263440654,0,140667517540749460634336,0,141773364387206098110735,0,-71581145649545021045840,0,-10140594042833332918116,0,108792346543533291200,0,343581532131317391,0,-3928001755785096,0,-47042043246,0,288,0,1 # block t=6470 q=12T90 r=12 k=1
38205002521,0,0,0,-400885338493505334,0,0,0,7174404339435645375,0,0,0,-5868855964520443748,0,0,0,166417854949479,0,0,0,-103910758,0,0,0,1 # block t=6470 q=12T90 r=12 k=1
278532866917661161,0,0,0,-927546222912243168,0,0,0,527641717100375907,0,0,0,-75987739098383830,0,0,0,9352556953856,0,0,0,-25002116,0,0,0,1 # block t=6470 q=12T90 r=12 k=1
51540987015030755322891,0,597187224442094471266041,0,-114326941325462346160998,0,8719932846399918025257,0,-327568444682114654316,0,5506372443818903706,0,4867270198877457,0,-1576889884643949,0,20708263776771,0,-82099286397,0,-30371031,0,1866,0,1 # block t=6470 q=12T90 r=16 k=1
49454695416187476854237,0,241372489721291992125523,0,362779916896052858486368,0,144641555694541749362932,0,-77822735331493675815931,0,-49242780737947539437476,0,2319822551701168352306,0,-32603773007470780911,0,178684212437053020,0,-332905457909828,0,14716576013,0,-213683,0,1 # block t=6470 q=12T90 r=16 k=1
2442777178132161914749,0,696197772098181767728,0,-8970415837405596665313,0,9423269569680474086477,0,-3835233796492039079833,0,580304371164820557813,0,-7735830420769477568,0,-469858705633758031,0,-960536564519297,0,29738536607243,0,-1569196995,0,-9582,0,1 # block t=6470 q=12T90 r=16 k=1
100551792602417341051819,0,273820899887460395486548,0,-497091057399695332130991,0,279105881425608017111394,0,-67717953279744212839766,0,6354903038317635729795,0,-54856737589497925403,0,-1442712272268639946,0,613778702124124,0,38089637443907,0,-2135038192,0,-203,0,1 # block t=6470 q=12T90 r=16 k=1
702537030283745643559,0,2531801119529365919687,0,1516841940240294530439,0,-3864801593246855869555,0,-5483328064330488457506,0,-1718527105455337627466,0,207970824467191386265,0,-5175772291298269912,0,47948016429702886,0,-153313127009083,0,9254341549,0,-176295,0,1 # block t=6470 q=12T90 r=16 k=1
6906532631148903997,0,-5875704159865704722,0,-4905008945850464725,0,6509188408311748606,0,-2523605858833451059,0,421925121715724302,0,-26181410541661929,0,-26350255795976,0,2355316440385,0,7842482,0,-8781333,0,18,0,1 # block t=6470 q=12T90 r=16 k=1
92452543,0,-288819388,0,-822536959,0,1079807286,0,694538387,0,-693757634,0,-188224873,0,121340848,0,14341231,0,-2170376,0,68525,0,-488,0,1 # block t=6470 q=12T90 r=16 k=1
93151740799344079,0,-315612908431689340,0,127154552068458405,0,262498604590384412,0,-257811168573453765,0,80960735873217756,0,-8889688534368509,0,102983670062054,0,1288565409743,0,-2163978218,0,-7118965,0,944,0,1 # block t=6470 q=12T90 r=16 k=1
4972278648003521,0,1134547575051722,0,-110453032181461186,0,168986462781282518,0,-83445273954073155,0,16463631206025330,0,-1126747963025514,0,-1831036292128,0,311285895518,0,-168807388,0,-3308140,0,290,0,1 # block t=6470 q=12T90 r=16 k=1
4230768286673397014071,0,8587759705360863070782,0,-9157616877834592817892,0,-35917678393642351455926,0,-30470242294753125625205,0,-7386216839864536495348,0,667110388648569708048,0,-13740117219099380428,0,104534055704324797,0,-266716921655786,0,12740569428,0,-199134,0,1 # block t=6470 q=12T90 r=16 k=1
1332096702488,0,1304445856672,0,-2624291201796,0,-3373596714300,0,-220745362292,0,706609276512,0,111708375989,0,-26455073286,0,1263763635,0,-24278720,0,208023,0,-774,0,1 # block t=6470 q=12T90 r=16 k=1
242042532498488,0,-1318398316311528,0,-3514256860850584,0,-1368213146113088,0,1454172522301526,0,1026194175370422,0,137460526221689,0,-10088483232910,0,178647661768,0,-1165282728,0,3080207,0,-3080,0,1 # block t=6470 q=12T90 r=16 k=1
27560903119,0,-142541717532,0,26418843685,0,179448601780,0,-152972599700,0,40719712924,0,660037087,0,-1814980114,0,197848236,0,561904,0,-80676,0,-2,0,1 # block t=6470 q=12T90 r=16 k=1
60864668213,0,-78040303652,0,-89816051664,0,157247087488,0,-79469076082,0,16989953484,0,-1180643170,0,-64902180,0,7158565,0,18152,0,-6582,0,8,0,1 # block t=6470 q=12T90 r=16 k=1
72552445278083,0,-42517472349119,0,-176609678021676,0,238455125613700,0,-105242794599765,0,14242844918872,0,811967609382,0,-101815049589,0,-1846583266,0,140868694,0,-350103,0,-343,0,1 # block t=6470 q=12T90 r=16 k=1
160492220657885969943637,0,-306360114351900758932803,0,224993609646896349208605,0,-83720104626690181489628,0,17048999104631376169757,0,-1890288002405862738033,0,107972455049368458317,0,-3086509308240180663,0,39742233112806009,0,-160378445381009,0,9080563106,0,-168023,0,1 # block t=6470 q=12T90 r=24 k=1
970413641909674717,0,-2513909101753516042,0,2632424879838462485,0,-1444426026892044080,0,447626120176132703,0,-77901440081815862,0,6999429769246005,0,-261162075706232,0,3067998062201,0,-13092399994,0,18290823,0,-8356,0,1 # block t=6470 q=12T90 r=24 k=1
15611763437587698641,0,-30298020489165939120,0,23479040530644598698,0,-9346182089071154356,0,2053258503714778827,0,-247989174778943432,0,15255313226257184,0,-396275757965060,0,3830527596438,0,-14626941076,0,19299966,0,-8892,0,1 # block t=6470 q=12T90 r=24 k=1
630492865893004904833,0,-1412622558437227365511,0,1258769964454062085582,0,-570803395395001807616,0,138772057809535046462,0,-17320690273010300104,0,979285539452585539,0,-26274333992828562,0,323221485107790,0,-1442328719240,0,382295243,0,-34134,0,1 # block t=6470 q=12T90 r=24 k=1
35124468910103,0,-106612988807085,0,136513627168515,0,-96321300590332,0,41025852130075,0,-10848766956906,0,1759313522001,0,-165726303699,0,8082984747,0,-165080499,0,818621,0,-1539,0,1 # block t=6470 q=12T90 r=24 k=1
497388851668463,0,-2000586910261068,0,3317743820694119,0,-2917782828681916,0,1451449241306791,0,-399461384844500,0,53925219316633,0,-2571900629090,0,49818079075,0,-415787158,0,1500633,0,-2142,0,1 # block t=6470 q=12T90 r=24 k=1
55094742888533136832,0,-148550989523672601664,0,164255113402988171424,0,-95451734513408903328,0,30865267845753346784,0,-5332564692265577328,0,408735577043458920,0,-5938530705739360,0,30922271394360,0,-59689300840,0,45902308,0,-12030,0,1 # block t=6470 q=12T90 r=24 k=1
158961664,0,0,0,-57166225189072896,0,0,0,2742001036789156608,0,0,0,-4494934807360632960,0,0,0,147505496960704,0,0,0,-99820480,0,0,0,1 # block t=6471 q=12T90 r=12 k=0
334138334209,0,0,0,-11005016360267499,0,0,0,45504032084836249,0,0,0,-17233865372611843,0,0,0,1866630506241,0,0,0,-7952685,0,0,0,1 # block t=6471 q=12T90 r=12 k=0
4694252890749294315253,0,16812622927140296631843,0,-3252432946793018053169,0,-7040315876922391186,0,32558524713172761259,0,-2330887890807153755,0,53582449766252491,0,413406645915043,0,-34941637826521,0,386196654307,0,164399292,0,22525,0,1 # block t=6471 q=12T90 r=12 k=0
531441,0,0,0,-90108774,0,0,0,632801889,0,0,0,-1136897370,0,0,0,12243474,0,0,0,-11592,0,0,0,1 # block t=6471 q=12T90 r=12 k=0
1,0,0,0,-171,0,0,0,428,0,0,0,-361,0,0,0,130,0,0,0,-20,0,0,0,1 # block t=6471 q=12T90 r=12 k=0
24365545470039901,0,41018433169025018,0,-16661178922818341,0,2056297113602720,0,-36628519575919,0,-11963040798630,0,944072170583,0,-16535849770,0,-543778027,0,11253964,0,230199,0,898,0,1 # block t=6471 q=12T90 r=12 k=0
34532225110457355155279,0,-197708464310219061421843,0,31947168101004657597631,0,519634513597234187205998,0,118242296267936931706864,0,-134567207349534314782756,0,-7746827530764496536977,0,130249303697977105914,0,47948211943972399,0,-4042925082621890,0,-46490545097,0,11630,0,1 # block t=6471 q=12T90 r=12 k=0
5716481385722647,0,22041826269522602,0,34580091727164701,0,28182241148207464,0,12474564239653109,0,2756758637802542,0,194379333230711,0,-12767137181152,0,211494832727,0,-1290127618,0,3263247,0,-3138,0,1 # block t=6471 q=12T90 r=12 k=0
1364273056441,0,0,0,-182964277486149,0,0,0,182647660582676,0,0,0,-33362443180189,0,0,0,24785215954,0,0,0,-885302,0,0,0,1 # block t=6471 q=12T90 r=12 k=0
20541790607636143,0,31120454028458545,0,-4222038617971591,0,-3659884248777290,0,-284747209450510,0,58288674091751,0,9508001916238,0,314724504276,0,-13524166319,0,-695923784,0,2480406,0,-2789,0,1 # block t=6471 q=12T90 r=12 k=0
126870625603,0,-36323701480680,0,1985158317717848,0,97957524218723064,0,-771286481245154095,0,-8526138742322458118,0,-8545077587767155520,0,-11137575465306686,0,270399965848298,0,65445378536,0,-146244492,0,-3706,0,1 # block t=6471 q=12T90 r=12 k=0
15315650518521989,0,321153339964703542,0,-790166394218193235,0,-3972389110374340400,0,6037253962652893845,0,5164075220285876062,0,-7242904586348932395,0,1528489119147580,0,265274221635541,0,-2363225670,0,-148141591,0,32,0,1 # block t=6471 q=12T90 r=12 k=0
48308349265719929,0,125441068082977868,0,-70518624801164929,0,-218996483796993138,0,103270417484068589,0,51071824313936496,0,-23071230316066687,0,1479772839215706,0,1384565876382,0,-1131235404458,0,-177570255,0,3233,0,1 # block t=6471 q=12T90 r=12 k=0
133426569132352,0,-51861124018496,0,-14942042079401568,0,5278260595694480,0,8634428662981668,0,-1961155965480168,0,-1074478839181289,0,57311856868992,0,512307944838,0,-2574213380,0,-5068775,0,2108,0,1 # block t=6471 q=12T90 r=12 k=0
2287858786845516451,0,50427091038329502770,0,-2469958152898070681,0,-1185804427842716108,0,139826201318862548,0,-3666482794081072,0,-201296635473590,0,14812583743041,0,-332961034170,0,2349295669,0,5917505,0,4305,0,1 # block t=6471 q=12T90 r=12 k=0
3509574631093,0,-32326619898936,0,6499336621205,0,46640133614664,0,-41530874276076,0,13798439032560,0,-1843339884567,0,35579491018,0,7889058182,0,-38148064,0,-641694,0,238,0,1 # block t=6471 q=12T90 r=16 k=0
19885034775351901609,0,-66724788968737745436,0,22907094630956176926,0,129375340490743695082,0,-172250309578725156808,0,78826020761262673752,0,-12019225139006638776,0,554911263127786,0,310447947359737,0,-5921971478,0,-153697312,0,180,0,1 # block t=6471 q=12T90 r=16 k=0
352574525142849702883,0,259776938025902689780,0,-2696687676741879342353,0,-6003320813781589312592,0,-4519625536337560620594,0,-1002927064109156755366,0,113851058216135921374,0,-3378642959964732642,0,37907038934978318,0,-140364793250434,0,8320508800,0,-161058,0,1 # block t=6471 q=12T90 r=16 k=0
863166935449792,0,-296619541848608,0,-1156863928392336,0,871286996300816,0,-261264450444928,0,41890373111286,0,-3896940693239,0,209024463011,0,-5789426342,0,50293730,0,532137,0,1317,0,1 # block t=6471 q=12T90 r=16 k=0
4441827260030509621,0,-14772847789522504572,0,2313013147816354346,0,46750242190713469034,0,-73311477183071610712,0,44343308325253370116,0,-9776694704413158880,0,12331255997637458,0,289882171399409,0,-29356430138,0,-151292860,0,704,0,1 # block t=6471 q=12T90 r=16 k=0
25397693,0,-363010772013,0,589224577796241,0,-95515511004631796,0,3344458485733834307,0,3404544013298993775,0,-752851728432698909,0,4234279639194605,0,443323162623387,0,3179640695027,0,-663624476,0,24895,0,1 # block t=6471 q=12T90 r=16 k=0
490455908768649540319,0,-434254734023911641354,0,-1473436355120744495130,0,2132814879786621050248,0,-1014926079867323821974,0,196171495645688028396,0,-12849545914647406950,0,-24562902208902246,0,315801725395653,0,39118354678,0,-154229808,0,-810,0,1 # block t=6471 q=12T90 r=16 k=0
62153790853379,0,4127247078988311,0,45199233241123241,0,-190437827020418865,0,-533430888743107365,0,-224919465182630058,0,40233935047000292,0,-2078958067695469,0,39657883150478,0,-233032575343,0,363976922,0,-37501,0,1 # block t=6471 q=12T90 r=16 k=0
1754665783163861,0,977078090845864,0,-95375238823555970,0,436238613177046400,0,-836876093587215881,0,750504559081992176,0,-263373922685606828,0,4960551650947872,0,21398567767123,0,-63752675672,0,-43244274,0,8736,0,1 # block t=6471 q=12T90 r=16 k=0
66234364949316019,0,109244442347735528,0,-241637140818954387,0,-193090116556639940,0,62396248906316145,0,57749353723492036,0,6986295523920965,0,-447946024050254,0,5100147178585,0,-17901200750,0,22235845,0,-8570,0,1 # block t=6471 q=12T90 r=16 k=0
54870943,0,819047960,0,-68576422965,0,1011850474906,0,-6017311743659,0,15587174023374,0,-14538274466555,0,72190975704,0,18633654517,0,-13696972,0,-826109,0,48,0,1 # block t=6471 q=12T90 r=16 k=0
7898265568520677237,0,24620550467642364600,0,-16163736974605751578,0,-48487138650210096649,0,-11236475875755220274,0,9213212948333863839,0,2201332532270113731,0,-157354328032603842,0,3335130286026589,0,-22972774034180,0,2512939618,0,-89103,0,1 # block t=6471 q=12T90 r=16 k=0
433070643561306868811,0,1378622971406831849253,0,901125843194627863320,0,-716618078171823161743,0,-787332528773931463172,0,-136599118025252849903,0,17766508576281462396,0,-613880090525345877,0,8110388387370082,0,-35218722171203,0,3295593792,0,-101158,0,1 # block t=6471 q=12T90 r=16 k=0
10420784916495557675441,0,36389872284342809579037,0,-70306543142736002926725,0,42637535066098272488257,0,-11099941791810490074220,0,1094109458421975799356,0,-4888813535295782057,0,-569711697555421456,0,-1299255861782982,0,29911300561127,0,-1573718987,0,-9641,0,1 # block t=6471 q=12T90 r=16 k=0
462983379115391,0,-401943552490242,0,-3396432503739908,0,-2612735639548454,0,810641085047907,0,1255371716080076,0,262329505739864,0,-14024264042572,0,219497387197,0,-1314310410,0,3288524,0,-3150,0,1 # block t=6471 q=12T90 r=16 k=0
3762857620198769,0,-8331672810074908,0,7722902497043933,0,-3899203512361416,0,1167178511431865,0,-210731900413524,0,22222255096243,0,-1245949140156,0,30706828695,0,-318623872,0,1320205,0,-2156,0,1 # block t=6471 q=12T90 r=24 k=0
3860514979869392704,0,-11712509229853584064,0,14852327209166290496,0,-10103571854620590944,0,3912889736386446432,0,-832490559335233536,0,82168473860136384,0,-1917214507655680,0,15128588004108,0,-39510119368,0,38121600,0,-11182,0,1 # block t=6471 q=12T90 r=24 k=0
522534901166015429,0,-643934551835006506,0,305465920322514939,0,-76972163460517424,0,11561687986341607,0,-1078670395239302,0,62337169848387,0,-2139491785400,0,39942234401,0,-357650850,0,1393915,0,-2216,0,1 # block t=6471 q=12T90 r=24 k=0
1494038443334860886891,0,-3577066247654735437910,0,3509098178401598162101,0,-1809312970499651623846,0,522780029323049826107,0,-83755021470782344186,0,7042544756918864718,0,-298982081445832897,0,5651032723536667,0,-29761782317211,0,2874435370,0,-92932,0,1 # block t=6471 q=12T90 r=24 k=0
309508333399490443,0,-808184665738893261,0,853392336212846129,0,-477458531778031580,0,154173746679875313,0,-29138319832071415,0,3112602248082285,0,-174190710565221,0,4766810762187,0,-51590317807,0,41672106,0,-11333,0,1 # block t=6471 q=12T90 r=24 k=0
15615250154525837369,0,-33085830488892661330,0,28887282782806098411,0,-13364089192095002064,0,3490987728117159447,0,-502408082675922274,0,35028273799721055,0,-812713702681592,0,6765291412303,0,-20638049774,0,23690961,0,-8880,0,1 # block t=6471 q=12T90 r=24 k=0
7965486934905305203,0,-20778623856545925774,0,22344258219791588389,0,-12698176293552052124,0,4054952586083436418,0,-713217366413967561,0,63461456098144675,0,-2575333021735958,0,47387445962138,0,-330676507219,0,149390776,0,-22033,0,1 # block t=6471 q=12T90 r=24 k=0
167290465645931293925531,0,-393384137677980169936580,0,372229006639860045770347,0,-178961336684740015168809,0,45022694216800148914781,0,-5365419712117506929008,0,219746070876406090254,0,-3813788301598009801,0,28329103219028730,0,-70199518103695,0,5137835785,0,-125155,0,1 # block t=6471 q=12T90 r=24 k=0
9238061455999845625,0,11834808352314276875,0,-18892029961766350675,0,8146742842932833295,0,-1458312476156816801,0,88181663144967980,0,1957830764198643,0,-50552301350120,0,235339706885,0,287087435,0,2434088,0,570,0,1 # block t=6472 q=12T192 r=4 k=0
456285658021888,0,675086449246208,0,-216582685982720,0,27762577113088,0,-1976942919680,0,73836478464,0,150329344,0,-158509056,0,6280704,0,-8064,0,-3136,0,48,0,1 # block t=6472 q=12T192 r=4 k=0
75230401056007,0,728475936148692,0,2792080816509120,0,5696435804017405,0,6862014742557843,0,5030218696463982,0,2193975716378397,0,517683070181844,0,49060630743831,0,-449481825605,0,1718189775,0,-82785,0,1 # block t=6472 q=12T192 r=4 k=0
282210795695794073,0,319528878326044096,0,-503720929285807278,0,-876201530370925572,0,-429892319341080801,0,-65005589717892720,0,3085305174748396,0,-35295456650840,0,83540973831,0,903151120,0,2721538,0,60,0,1 # block t=6472 q=12T192 r=4 k=0
10230960128,0,-51329358202880,0,-8025858610333696,0,19776980199270400,0,-53686106430258432,0,123095263649197824,0,4581016499434816,0,-172403444791040,0,1785237377232,0,-6478618720,0,9399184,0,-4418,0,1 # block t=6472 q=12T192 r=4 k=0
282621973446656,0,-301851948167036928,0,-3141339911696932864,0,-335460992626417664,0,-4879133231844352,0,443811205011456,0,8762865351680,0,397434187520,0,588972704,0,40430160,0,457720,0,1244,0,1 # block t=6472 q=12T192 r=4 k=0
2370849485,0,25884086058,0,119901063626,0,310244399103,0,493482915939,0,497183441276,0,312638960963,0,114509123444,0,20326381413,0,910989579,0,11861061,0,-6973,0,1 # block t=6472 q=12T192 r=4 k=0
117803567139723,0,58452476132511,0,-170352200827539,0,2668921552997,0,71403040668171,0,-29835385049066,0,3343189312147,0,200065358616,0,1953180183,0,-30299753,0,368614,0,-266,0,1 # block t=6472 q=12T192 r=4 k=0
17462697283163041223617,0,95999158214392061679782,0,175903724907236442464051,0,164100623021722672537834,0,89677822409787407482008,0,30077735487596103640140,0,6120959183908938884027,0,695938050323493063804,0,33945948781933319958,0,-11208199835998488,0,24947161170537,0,-10030946,0,1 # block t=6472 q=12T192 r=4 k=0
2437870142070763673299,0,-5343792701297261619178,0,-7983604834693842696496,0,3790204885220168585284,0,4564425924336538591075,0,1272036461394005641468,0,16830754343623305532,0,75759562359888312,0,143263796378793,0,125805008382,0,81414900,0,16428,0,1 # block t=6472 q=12T192 r=4 k=0
22231884424696,0,48601180885704,0,37135408658760,0,13221105496024,0,2337603179652,0,174504326832,0,-2039788092,0,-735941304,0,-684558,0,736174,0,-6924,0,-108,0,1 # block t=6472 q=12T192 r=4 k=0
1468761046055113439,0,5447860770901501850,0,5499325410643718830,0,-2390488994614255093,0,-6827618362118025729,0,-2909698779553603268,0,7750443604761405,0,549096672281472,0,3700873007295,0,9421619995,0,11009421,0,3639,0,1 # block t=6472 q=12T192 r=4 k=0
435720281,0,828386852,0,-2423737702,0,1700152756,0,-493170785,0,68983080,0,-1464628,0,-1101272,0,115815,0,6836,0,314,0,36,0,1 # block t=6472 q=12T192 r=4 k=0
5695525690664940511,0,44734559642912056097,0,106587081267397512282,0,124926488647945736050,0,83848520335399834359,0,33907962780352322222,0,8180638013738396855,0,1082200898736390378,0,59103191143624475,0,-275235530630562,0,665351955612,0,-1636875,0,1 # block t=6472 q=12T192 r=4 k=0
22671925,0,63233840,0,46841439,0,-3254932,0,-15710318,0,-8091248,0,-1502661,0,-166380,0,58146,0,-600,0,159,0,36,0,1 # block t=6472 q=12T192 r=4 k=0
8502938761043227609,0,157164392092555269561,0,-107835543134691035372,0,-195713691055769830790,0,239845449811304416251,0,-104256160292346683376,0,22272509382775036569,0,-2376680735391709746,0,104158969732693969,0,-375015652956452,0,667438876512,0,-1639283,0,1 # block t=6472 q=12T192 r=12 k=1
29615554215391854592,0,29042244665916194816,0,-3440737363206455296,0,-70997976790122496,0,24353519317098496,0,-1141235617812480,0,14106141008384,0,276494279424,0,-6299749888,0,-29347392,0,722112,0,4048,0,1 # block t=6472 q=12T98 r=12 k=1
