# IGP24 block wave: imprimitivity quotient steering of thin pairs.
19982396325107908625,0,29666894286464074860,0,-4453796151460676874,0,-111722284639636220,0,22247133001113199,0,105336222086040,0,-20176185814412,0,-442365357720,0,-3182105313,0,1448700,0,135734,0,660,0,1 # block t=7044 q=12T153 r=8 k=2
109315825794346449865,0,375918057449738987508,0,352638750833138916466,0,-154387987201562403548,0,-461791635134503666547,0,-274148681565495045800,0,-53164261424342949048,0,-196165499242338296,0,188176759900576565,0,82335909009420,0,7964390762,0,-200148,0,1 # block t=7044 q=12T152 r=8 k=2
1412613001,0,1647140289,0,-17086633862,0,10769306290,0,29995132223,0,-31366725550,0,-5198066153,0,9212631104,0,666194310,0,16907396,0,182084,0,792,0,1 # block t=7044 q=12T153 r=8 k=2
13516580740481096277605,0,19195203406631520146166,0,-33687637895318837803052,0,-82231375251505176369006,0,-53137877737436561560117,0,-9214495343161442897550,0,1064987082583026187470,0,6935691377349163636,0,9260127402248180,0,-2567702967120,0,-8074121156,0,-2699670,0,1 # block t=7044 q=12T153 r=8 k=2
87981361750000,0,113406534568000,0,-26967809794224,0,-54954233325904,0,-11797424410718,0,319961195496,0,197702893008,0,3188386480,0,-672752716,0,-23456704,0,-186016,0,96,0,1 # block t=7044 q=12T153 r=8 k=2
45720734125,0,8109614742826,0,-6487853251355,0,-144662540762652,0,-241580897580982,0,-97932859035848,0,12430679124476,0,914553431440,0,14754912522,0,-7460526,0,-1512408,0,-7332,0,1 # block t=7044 q=12T153 r=8 k=2
8285277906473822012,0,145822192268320913712,0,-1998709351077269654488,0,1301304726117963628128,0,11100728658388089459344,0,-19708020023632951455072,0,8546411670334641552344,0,745729450817448538440,0,13988116473852125621,0,26030945944521820,0,10507910981702,0,6645860,0,1 # block t=7044 q=12T153 r=8 k=2
173094551493147806301901,0,283789910920738622959746,0,9330876524930741825351,0,-109722872771208932306,0,-7189167011097951577,0,-51680778578845890,0,1158276411278300,0,19186030189094,0,31305164947,0,-1170011132,0,-8992530,0,-20280,0,1 # block t=7044 q=12T153 r=8 k=2
38252697083117389,0,43856721747957888,0,3046008924403386,0,-521468832251304,0,-29783246207457,0,1200385693152,0,78726801692,0,-187177392,0,-59392605,0,-621216,0,10554,0,216,0,1 # block t=7044 q=12T153 r=8 k=2
11119827897022561,0,13324796364018084,0,-4661016404563806,0,-757815709999276,0,337564123116975,0,-20608708810680,0,-1328339719332,0,68277128904,0,3661597647,0,55710740,0,356898,0,996,0,1 # block t=7044 q=12T153 r=8 k=2
1435637741737205696,0,3961705203741927936,0,1799696587786055040,0,-907503973733244672,0,-172557002700432784,0,99038965398512736,0,-11213253874145280,0,164892060381312,0,20210426064577,0,253977835956,0,590978966,0,49524,0,1 # block t=7044 q=12T153 r=8 k=2
2180717028779154448,0,-7997063809403769248,0,-1629903688182784680,0,32546953668143475000,0,-41817990204230433279,0,20738453232179783656,0,-3757427834196826012,0,37549919118305176,0,2691795305475734,0,-1403980652168,0,-12541220436,0,2544,0,1 # block t=7044 q=12T153 r=16 k=2
657399614945230944737,0,27272804780371257415972,0,-114851972077873789717030,0,155890670965209121460084,0,-40500826263175156158853,0,-92625110186401683920568,0,93389189439066753895916,0,-33407859023728549182456,0,4175982372796463697003,0,1723201650180,0,-172320164974,0,-12,0,1 # block t=7044 q=12T152 r=16 k=2
43598096,0,154732992,0,-1658475648,0,3778290432,0,-3727792552,0,1800007872,0,-386621880,0,8665872,0,7951657,0,-534540,0,-27730,0,132,0,1 # block t=7044 q=12T153 r=16 k=2
523012877678137,0,-2873786303816316,0,-1927606415445046,0,15406014369986436,0,-8911754318914477,0,1743870515648248,0,-90816486303252,0,-5962058042152,0,360859090859,0,428675572,0,-30005518,0,20,0,1 # block t=7044 q=12T153 r=16 k=2
4936989419150476,0,43612440994592768,0,-23170113803606836,0,-765419040950514944,0,-775343256018702726,0,-31336421465053816,0,95398075742980212,0,-7381680101059072,0,179065618880396,0,-1301196683500,0,2607399990,0,-494504,0,1 # block t=7044 q=12T152 r=16 k=2
5934553401430279825,0,-37576592277557561612,0,77814465832190859058,0,-28887350378265413244,0,-106951955781155013233,0,147542170627015713640,0,-61488248892722932868,0,2466872709820364584,0,1059925879057187519,0,-686618531164,0,-2492819854,0,596,0,1 # block t=7044 q=12T152 r=16 k=2
267357679322253871,0,693053951590546388,0,-230110999423277362,0,29659806180529084,0,-1888959778393339,0,53411125835456,0,227453645404,0,-54154900808,0,1104049287,0,124340,0,-162566,0,244,0,1 # block t=7044 q=12T153 r=16 k=2
4514296290265,0,29422149707596,0,-12281387267861,0,1502260476441,0,38320378577,0,-24563343247,0,2047305336,0,-34042214,0,-4006752,0,229895,0,-3273,0,-41,0,1 # block t=7044 q=12T153 r=16 k=2
2774221068031702834624,0,19942535476516747504256,0,-194113328895952956724064,0,423875664794237257395488,0,-331131068201261898517924,0,108205726631165594590880,0,-12547931828237147043760,0,-72291620271194158768,0,8440498601320095548,0,19143236596688,0,-4452288525872,0,32,0,1 # block t=7044 q=12T153 r=16 k=2
237220155271,0,11094772392,0,-183010842426,0,108153367416,0,-27896190303,0,3378102480,0,-81120004,0,-25592544,0,2744691,0,-76392,0,-1830,0,72,0,1 # block t=7044 q=12T153 r=16 k=2
625222237924,0,943262341752,0,-740452350408,0,135679847692,0,194566113,0,-2383220952,0,217517460,0,112464,0,-910242,0,36976,0,516,0,-60,0,1 # block t=7044 q=12T153 r=16 k=2
16613549168166689,0,-40640168128569308,0,-307420430300954702,0,1135818892855556244,0,-1190091926652659793,0,500418832765899080,0,-74821081908534468,0,-16974920008888,0,102486984264719,0,-179338883180,0,-1718140878,0,15652,0,1 # block t=7044 q=12T153 r=16 k=2
1237820218460582752453,0,1279142756780521476780,0,-342393914847029354130,0,31970695010406492852,0,-1370605436743314693,0,24662816983350504,0,3286044291572,0,-4851734031432,0,25078557543,0,209220348,0,-689322,0,-252,0,1 # block t=7044 q=12T153 r=16 k=2
98712831805814284089151,0,61870451382338585255652,0,-64100317069607360648562,0,16424403019956801647140,0,-1617309603122038908403,0,40955734700367754424,0,1554308139151427108,0,-14224629328845552,0,-241462905994577,0,935768554716,0,-582333902,0,1700,0,1 # block t=7044 q=12T153 r=16 k=2
58547218092032,0,23278080499712,0,-247004459194368,0,266796929050624,0,-110631319373056,0,13317760738304,0,3000951139072,0,-880687419136,0,54983373232,0,9931040,0,-496376,0,-24,0,1 # block t=7044 q=12T152 r=16 k=2
296940267749070956566,0,-415058906925057081552,0,222768382673413991484,0,-60557809368323347568,0,9000646007983311786,0,-723154289713403640,0,28864136418848744,0,-499231445741328,0,3440841949257,0,-10037710648,0,12281958,0,-6024,0,1 # block t=7044 q=12T153 r=24 k=1
1747402124370793138800,0,-2793551863024017581760,0,1564504775268880780944,0,-397515526104384841488,0,50757529617394458322,0,-3311818452179566920,0,107252223984980944,0,-1758254810919528,0,14049997599812,0,-47270158248,0,54572968,0,-13840,0,1 # block t=7044 q=12T153 r=24 k=1
2071423938560,0,-3131726925824,0,1897719696384,0,-646668437504,0,141626398976,0,-21290802688,0,2271200512,0,-174143232,0,9559664,0,-367376,0,9400,0,-144,0,1 # block t=7044 q=12T153 r=24 k=1
182781456029005954688,0,-134064460225961986560,0,23323811775427691904,0,-1935585149756921600,0,94456673960610720,0,-2980910482394880,0,63827155518464,0,-947437797600,0,9766563210,0,-68635000,0,313650,0,-840,0,1 # block t=7044 q=12T153 r=24 k=1
777328255,0,-2678654886,0,3858749643,0,-3062201756,0,1491824097,0,-472268412,0,100390164,0,-14554152,0,1438083,0,-94946,0,3990,0,-96,0,1 # block t=7044 q=12T153 r=24 k=1
3910667360248705423,0,-7038398104288827963,0,4388900584012429116,0,-1166432731198824136,0,156652369999387353,0,-11474880614534781,0,471201757586277,0,-10788575238936,0,132099609582,0,-795836869,0,2175675,0,-2505,0,1 # block t=7044 q=12T152 r=24 k=1
3403689775129692803072,0,-4931602367332976625664,0,2779877660173665786240,0,-843283346489773571616,0,154941741146611318161,0,-18032691375360419368,0,1331081364839987308,0,-59826052955653048,0,1471755514452982,0,-15157222201048,0,22012251916,0,-330408,0,1 # block t=7044 q=12T153 r=24 k=1
22232624506775105,0,-66946251948369208,0,79275213697620546,0,-47380644165816032,0,15334149558303715,0,-2674720152621936,0,240260992512180,0,-11243630130896,0,273962277635,0,-3276739640,0,16335666,0,-19504,0,1 # block t=7044 q=12T152 r=24 k=1
73996535340140718061126,0,-298617436777161011434976,0,510445669670466603640512,0,-479628020170754894400480,0,268236011622333422086008,0,-89907656179388977913064,0,17099179820307168275812,0,-1574630555844356073880,0,42784900568978068387,0,-2641001992633132,0,52196548098,0,-400412,0,1 # block t=7044 q=12T152 r=24 k=1
119704913955746389816925,0,367676666275797103168988,0,312588116873334668712230,0,-66494027863754043482454,0,-195273389243345760725790,0,-60890217356719617587462,0,3255424657213793905435,0,-17409923160551189874,0,32813499374705662,0,-27710804134016,0,10769513178,0,-1571218,0,1 # block t=7045 q=12T153 r=16 k=2
27629258428047908368,0,61721912975906447200,0,-29844361139663255848,0,5835783842325099896,0,-634858626718332991,0,42178951444511368,0,-1733046235897996,0,41382735851288,0,-442460949706,0,-1327416104,0,52977852,0,16304,0,1 # block t=7045 q=12T153 r=16 k=2
1175390485517974635613,0,944629675593577791972,0,-273699642942648126042,0,24952900868666747372,0,-886772068281610389,0,3531256237191096,0,505172905714596,0,-10441377676152,0,52878789567,0,76665620,0,-710322,0,-228,0,1 # block t=7045 q=12T153 r=16 k=2
3601234857443393,0,-345640978960780,0,-3495266133512638,0,2140656373241508,0,-411124897193617,0,8360275453928,0,3631813801116,0,-82103169560,0,-5867743185,0,142118308,0,-697534,0,-140,0,1 # block t=7045 q=12T153 r=16 k=2
2557976939855872,0,-99491458206007296,0,680285255294474240,0,3726249682361472,0,-7146891097308167263,0,13278898448645039000,0,-6358548519773611596,0,-35885602757517992,0,3599345180769350,0,586351736808,0,-13330767116,0,-856,0,1 # block t=7045 q=12T153 r=16 k=2
586290970398552916919,0,1769921850560165135772,0,1099477265097299230198,0,188183363521506999124,0,-13008805076895741051,0,-3335719349133084880,0,203177347347120300,0,-3828812502142728,0,30219698958175,0,-99028803924,0,106623650,0,-19956,0,1 # block t=7045 q=12T153 r=16 k=2
18113735818621276313,0,-11634956199172985232,0,-35896003100745263138,0,47029543016510863152,0,-21046102780533267285,0,4055520712802661192,0,-285219481776939484,0,-279226380680312,0,14867145030531,0,24604566232,0,-10138138,0,-10760,0,1 # block t=7045 q=12T154 r=16 k=2
75993076462717637729,0,1333021465067327759372,0,-1159951293847807607462,0,-1195756079774736304616,0,1485584439790461035381,0,-403558242426625590584,0,9240422191985934500,0,82962778395706728,0,23664909007021,0,-270653923724,0,140064590,0,-21272,0,1 # block t=7045 q=12T154 r=16 k=2
147881105925496,0,204648615539616,0,-465488957860920,0,-382292072859712,0,-17961548927094,0,33224244777720,0,4197101399376,0,-336001458816,0,8322134886,0,-93003436,0,501036,0,-1224,0,1 # block t=7045 q=12T154 r=16 k=2
212772086914036378913,0,-24826780231693767108876,0,130921140372736014618562,0,393640078210972205006884,0,-738343473846538064330577,0,383608208926534382259688,0,-63641482016189417059556,0,-125665251261592939544,0,15708008562360780559,0,49281779445540,0,-4928177944510,0,-12,0,1 # block t=7045 q=12T153 r=16 k=2
2754515236908583161,0,37126029437993461500,0,-7823496662508009335,0,483416213945894712,0,5909531171139089,0,-1892714676289344,0,78769919690544,0,-1075067973216,0,-5825885570,0,245628180,0,-1350345,0,-216,0,1 # block t=7045 q=12T153 r=16 k=2
4220646348521507521536,0,7676346887205204688896,0,1239846582788806186240,0,16608594420617556480,0,-4611227952946134256,0,-46295167377152640,0,6007114950828576,0,-96940266773056,0,677484908312,0,-2402976608,0,4309816,0,-3472,0,1 # block t=7045 q=12T153 r=16 k=2
1560362471360654588,0,1720013520198927280,0,-23208391327459006552,0,49755461212402930624,0,-50488742408612163344,0,27635342242105808416,0,-7882830005643114920,0,909393300093040536,0,6588696944822229,0,-497273583730884,0,-438663603706,0,658900,0,1 # block t=7045 q=12T153 r=16 k=2
183359916584,0,79655484384,0,-169903494900,0,-20905552248,0,26539706001,0,948897936,0,-624032796,0,20529696,0,3467094,0,-316592,0,10776,0,-168,0,1 # block t=7045 q=12T153 r=16 k=2
400,0,-1280,0,-8176,0,19280,0,7166,0,-23192,0,4720,0,6776,0,-3720,0,544,0,40,0,-16,0,1 # block t=7045 q=12T153 r=16 k=2
628335448332525668096,0,521015953208277343232,0,-122630145909931732288,0,10560115470003727232,0,-440909520613207972,0,8214625271605936,0,6704068613408,0,-2724109394032,0,33417191532,0,9801496,0,-1558056,0,-160,0,1 # block t=7046 q=12T153 r=16 k=2
445881864385904528,0,705501202435614464,0,-4166135057838421792,0,-10348642887423903008,0,-6701597723574156808,0,-1068556637034890288,0,120236138013326128,0,-1784477066692824,0,9753007307801,0,-22483873340,0,22695478,0,-9332,0,1 # block t=7046 q=12T154 r=16 k=2
162068648522689,0,58004929061868,0,-97773670252638,0,30316405164796,0,-3611875343889,0,103511251416,0,11699075804,0,-779762856,0,-1432785,0,828476,0,-9054,0,-84,0,1 # block t=7046 q=12T153 r=16 k=2
3449345969286049360768,0,1208213746124827210752,0,-3600908261355162245184,0,1780472486626007741824,0,-375159572730050510352,0,34751285480989691904,0,-955384712795750656,0,-15546122328115776,0,85533803016144,0,-59742938560,0,-57255156,0,-552,0,1 # block t=7046 q=12T153 r=16 k=2
42671332096,0,1962056192,0,-34978664640,0,21003370368,0,-5270940828,0,509583264,0,33950272,0,-13137760,0,1184524,0,-30000,0,-1264,0,48,0,1 # block t=7046 q=12T153 r=16 k=2
387124805031514771759,0,-321521100682920989652,0,-258141710918799187714,0,371864470593161729932,0,-137365149956189734483,0,15187552684372569304,0,417811487729244068,0,-9257267449235712,0,-155681464944001,0,756442116964,0,-542332318,0,1852,0,1 # block t=7046 q=12T153 r=16 k=2
215905096718721568,0,1411508812601121280,0,-56309568448126656,0,-44609886545410944,0,7660334546926393,0,-595045826232368,0,26779283641420,0,-738572141136,0,12195923074,0,-106045936,0,269780,0,1328,0,1 # block t=7046 q=12T153 r=16 k=2
99845366125845954739644,0,115308385137095007036672,0,-13913062339158497628360,0,490709687111934192576,0,-5784553214472164454,0,-22720813053301656,0,939869748084384,0,-4107179028816,0,-28282567014,0,230742216,0,-319068,0,-600,0,1 # block t=7046 q=12T153 r=16 k=2
12934867198933178969,0,-13944925661630384356,0,-90848814316420268886,0,224295914263027939080,0,-192545663177588717195,0,67025477964901023840,0,-6982317972508029668,0,55686082671968344,0,10253135687301,0,-253093005988,0,82584246,0,34936,0,1 # block t=7046 q=12T154 r=16 k=2
35602655633,0,-135580767204,0,96633053726,0,171311082868,0,-292176820149,0,148429824920,0,-23756490828,0,-419586616,0,51704363,0,247900,0,-24746,0,-12,0,1 # block t=7046 q=12T154 r=16 k=2
8328825121424,0,-22063938386464,0,-485729511303400,0,1588667643089592,0,338203856820041,0,-1123249583660720,0,493686475181860,0,-85311979379744,0,5200763929250,0,21872462960,0,-1093622972,0,-24,0,1 # block t=7046 q=12T153 r=16 k=2
2929179063321989329,0,-11707835584209558924,0,-40774403269329938294,0,186906962399391917524,0,-171515082576569502081,0,57548465976350070888,0,-6038154185152158228,0,-149015139339962616,0,3360484208688239,0,4273094434020,0,-13094352310,0,-33052,0,1 # block t=7046 q=12T153 r=16 k=2
308924416,0,-428474368,0,218328064,0,-28325888,0,-17054208,0,7680768,0,-753216,0,-241984,0,84768,0,-11592,0,872,0,-40,0,1 # block t=7047 q=12T154 r=0 k=2
302689897,0,1387552112,0,2603582386,0,2525093152,0,1295541791,0,303160288,0,10660828,0,-2602304,0,732951,0,-57552,0,3282,0,-96,0,1 # block t=7047 q=12T154 r=0 k=2
54216045641728,0,-184860557246464,0,265080190320640,0,-205188308895744,0,91270563722752,0,-22771028124160,0,2819016890496,0,-126779027712,0,3394496752,0,-46717952,0,216240,0,592,0,1 # block t=7047 q=12T154 r=0 k=2
422833,0,407316,0,-90190,0,75172,0,62287,0,-46936,0,29692,0,-10904,0,3295,0,-700,0,114,0,-12,0,1 # block t=7047 q=12T154 r=0 k=2
491500672,0,-2226495232,0,4654579904,0,-5923397376,0,5081371456,0,-3066069072,0,1315202496,0,-395273008,0,79572829,0,-9698936,0,549192,0,-1252,0,1 # block t=7047 q=12T154 r=0 k=2
1125122048,0,-2189426688,0,1618280448,0,-543195136,0,72159232,0,-655360,0,-48128,0,-75264,0,24256,0,-2240,0,288,0,-24,0,1 # block t=7047 q=12T154 r=0 k=2
4616233,0,-6299970,0,4311945,0,-1527115,0,821979,0,-428328,0,124089,0,-33012,0,10476,0,-2206,0,249,0,-18,0,1 # block t=7047 q=12T154 r=0 k=2
45256,0,-203620,0,411353,0,-498014,0,408129,0,-242512,0,108606,0,-37132,0,9606,0,-1836,0,249,0,-22,0,1 # block t=7047 q=12T154 r=0 k=2
1500151804684048,0,-4376980742430560,0,5313369583134808,0,-3430048717352488,0,1237703586951673,0,-234323442490668,0,17281599892478,0,216526838076,0,7553586778,0,273373600,0,2283242,0,1464,0,1 # block t=7047 q=12T154 r=0 k=2
1485793,0,5147508,0,8211470,0,7993964,0,5299427,0,2524432,0,887388,0,232272,0,44995,0,6300,0,606,0,36,0,1 # block t=7047 q=12T154 r=0 k=2
983194,0,-250680,0,-280206,0,-127148,0,-8811,0,22140,0,17898,0,5904,0,1026,0,-8,0,-12,0,0,0,1 # block t=7047 q=12T154 r=0 k=2
7628209579302980781905,0,7580120968374778035022,0,2378382319589828233061,0,379501130630584178448,0,36035996439103510856,0,2170195666419509764,0,84415029395977162,0,2089709083272174,0,31315854565624,0,256474614244,0,931596732,0,723712,0,1 # block t=7047 q=12T153 r=0 k=2
198833,0,670664,0,1071450,0,1077752,0,758703,0,395600,0,158444,0,49264,0,11839,0,2152,0,282,0,24,0,1 # block t=7047 q=12T154 r=0 k=2
143822848,0,341473280,0,377323520,0,255188480,0,117206784,0,38419712,0,9207744,0,1627648,0,211456,0,19824,0,1284,0,52,0,1 # block t=7047 q=12T154 r=0 k=2
26992906984,0,177622844024,0,486282535236,0,708750056944,0,579767050228,0,252144634052,0,45372871042,0,-93304668,0,7280518,0,-1558214,0,28569,0,312,0,1 # block t=7047 q=12T154 r=0 k=2
24671251,0,558713938,0,1464773208,0,1660917474,0,1003302300,0,335586508,0,56629092,0,2296520,0,-670555,0,-105328,0,-5690,0,-90,0,1 # block t=7047 q=12T153 r=4 k=2
17009497371142132736,0,84987230621170327552,0,54599417868653227008,0,14587721175353868288,0,1928916871816588096,0,121745836950848512,0,2240811269911840,0,-94563681214464,0,-3738696789299,0,-35891321112,0,-88497722,0,6776,0,1 # block t=7047 q=12T153 r=4 k=2
447934857230519601864704,0,711284440465286773719040,0,52061443442787495694336,0,1535077583523916967936,0,20957088091171025920,0,73612054626036224,0,-1558199294022912,0,-21560490370048,0,-97571374544,0,-18220864,0,1071288,0,2296,0,1 # block t=7047 q=12T154 r=4 k=2
74300123343293102686925,0,71997200410687634679780,0,-8101850965945438903378,0,-703273307750609062916,0,-21219183574251614391,0,-339204020241474360,0,-3166717596663828,0,-16952794481440,0,-41170726127,0,45900076,0,557130,0,1292,0,1 # block t=7047 q=12T153 r=4 k=2
4113214688824342452329,0,8263763606308382443950,0,5706182443333150727997,0,1926524181724091377928,0,350572601215982442212,0,33787509759478100736,0,1470239885199322746,0,14620837665695854,0,36668062614404,0,-46519327668,0,-243560172,0,-199608,0,1 # block t=7047 q=12T153 r=4 k=2
27029665153871,0,364351203315730,0,177971601424540,0,27100924119090,0,751297728978,0,-224814947918,0,-29308133482,0,-1642927270,0,-47369934,0,-571152,0,3173,0,148,0,1 # block t=7047 q=12T153 r=4 k=2
24193015702108768,0,65610977756665152,0,15271799707732512,0,650781699392992,0,-72601292629800,0,-7021617281280,0,-142827197664,0,5352973920,0,331045308,0,7183192,0,79284,0,444,0,1 # block t=7047 q=12T153 r=4 k=2
658717672744,0,2820291167472,0,1057229851320,0,-57746025832,0,-104183100534,0,-25013250480,0,-2891109328,0,-172544208,0,-3892476,0,105472,0,7956,0,156,0,1 # block t=7047 q=12T153 r=4 k=2
10118534003685650752,0,15843372260648679936,0,3681590439912017536,0,334599524051454848,0,11503603892768048,0,-195674811482944,0,-30128813600896,0,-1070464957488,0,-18455752755,0,-155448992,0,-468538,0,496,0,1 # block t=7047 q=12T153 r=4 k=2
4386107098585363318981,0,86286180381838270207868,0,62259914003270325000588,0,-358356391473727000536168,0,-394295004213467307251128,0,166358961416951353124270,0,224056081722190734537762,0,933284505099857560164,0,1202490921724889616,0,656250395521460,0,158814866357,0,14011258,0,1 # block t=7047 q=12T153 r=4 k=2
2203770695290221123953,0,408329065453400907386868,0,240817661962699737413578,0,60521781804727877262772,0,8380481661426621991935,0,688498696366740021928,0,33365804729947860268,0,868190881675114888,0,8425928695822927,0,-43632629511900,0,-396660262966,0,132,0,1 # block t=7047 q=12T153 r=4 k=2
5000885699969024,0,7861409571864576,0,1794645218869248,0,79676157263872,0,-10456579239936,0,-1188782579712,0,-33970513408,0,893318400,0,87913296,0,2618720,0,39816,0,312,0,1 # block t=7047 q=12T153 r=4 k=2
23927067106690050,0,216265182567097320,0,40679687104371468,0,2418340345005240,0,-15862272666264,0,-8374647475980,0,-391967253252,0,-6258510684,0,70283943,0,4296240,0,65934,0,432,0,1 # block t=7047 q=12T154 r=4 k=2
1061105,0,4934300,0,-154670,0,-17869620,0,-19418481,0,-7168200,0,-363140,0,443640,0,138591,0,19500,0,1490,0,60,0,1 # block t=7047 q=12T153 r=4 k=2
1329702800,0,12636038400,0,23316727504,0,17411119488,0,6189758484,0,1075893408,0,80366512,0,-728544,0,-498288,0,-24432,0,244,0,48,0,1 # block t=7047 q=12T153 r=4 k=2
26444303414232285184,0,92142108618702323712,0,44269258769120526336,0,5694762337136611328,0,-238415227760264448,0,-64527086307689472,0,-1554577545838336,0,25146966807552,0,289307506272,0,222412480,0,-1870704,0,48,0,1 # block t=7047 q=12T153 r=8 k=2
47886178,0,197692024,0,276063340,0,91879144,0,-119781624,0,-109036772,0,-20132932,0,3904524,0,372343,0,-32720,0,-1122,0,48,0,1 # block t=7047 q=12T154 r=8 k=2
6047313952768,0,-56431575302144,0,-141352241201152,0,1580728609673216,0,1965621669825617,0,-10318274296154136,0,-14744474335141332,0,-796046195909064,0,443802890655286,0,13397404971288,0,21983180236,0,330312,0,1 # block t=7047 q=12T153 r=8 k=2
2476504025339614245243,0,56050380650311513968312,0,-40063623159756483578646,0,7906711319608727971728,0,-502479558526727816739,0,-3435374982729225168,0,789643694002513692,0,10867009749175296,0,50935842748179,0,93861847608,0,56466054,0,13104,0,1 # block t=7047 q=12T153 r=8 k=2
973642081,0,9202565716,0,-21697508190,0,11293744836,0,1521093807,0,-1559686488,0,-156899492,0,67422760,0,13879759,0,932100,0,25634,0,276,0,1 # block t=7047 q=12T153 r=8 k=2
4955896882474251395,0,333145656311602671872,0,-51545024560435727208646,0,415806778763568528310416,0,-302453230792094964213066,0,-200209925182741490016362,0,12584758297611469584226,0,360248844910312925384,0,1394309848475700025,0,1368569765901570,0,448857005396,0,36335594,0,1 # block t=7047 q=12T153 r=8 k=2
6754123548474949666349,0,12989411095509385579412,0,476715365208070876910,0,-16035559233750247084,0,-960067111245555239,0,-7899298320581940,0,284298727054542,0,5999147938464,0,14334230714,0,-608001008,0,-6289916,0,-18988,0,1 # block t=7047 q=12T153 r=8 k=2
19816970698493001728,0,-63683268406209937408,0,-579046130185914023936,0,-1059459332162224914432,0,-767467550671812165632,0,-263723870324740849664,0,-42770854883833110528,0,-2520763565820418048,0,23286314995008048,0,537448238713632,0,-443490847784,0,-660600,0,1 # block t=7047 q=12T153 r=8 k=2
494950606300,0,11853274891280,0,57710866136352,0,-60609818291192,0,-606857664944410,0,-850799087221960,0,-314201193342652,0,3071292230272,0,55737526340,0,-229791984,0,-1940448,0,492,0,1 # block t=7047 q=12T154 r=8 k=2
184320,0,1339392,0,2904064,0,2344960,0,482816,0,-247936,0,-100544,0,6304,0,5520,0,40,0,-124,0,-2,0,1 # block t=7047 q=12T153 r=8 k=2
522596,0,1123696,0,4496,0,-1139888,0,-525124,0,101296,0,102644,0,11376,0,-4687,0,-1236,0,-46,0,12,0,1 # block t=7047 q=12T154 r=8 k=2
26843453649474541,0,9585544403234768433,0,178010726601088877265,0,324994334664832205314,0,152805393910382994351,0,-3728262016749573666,0,9009575168948394,0,257576570894691,0,-850877484030,0,-4287158720,0,-391980,0,4365,0,1 # block t=7047 q=12T153 r=8 k=2
60424668855496805,0,2100314460993922546,0,21282434745537506155,0,63999849777446819478,0,62461626231180770075,0,19156140014948274054,0,855669599852457260,0,-13930647633295302,0,45909309417135,0,19071232756,0,-223055370,0,200104,0,1 # block t=7047 q=12T153 r=8 k=2
52223455,0,314668050,0,-153111795,0,-177430720,0,66309714,0,18908550,0,-3021915,0,-1058760,0,-48969,0,9500,0,1290,0,60,0,1 # block t=7047 q=12T153 r=8 k=2
856080625,0,2504339500,0,2715151002,0,1291336716,0,183006747,0,-62967912,0,-26920916,0,-2950952,0,116539,0,38220,0,914,0,-84,0,1 # block t=7047 q=12T153 r=8 k=2
174925,0,11540280,0,-14689472,0,4207266,0,1988022,0,-1382486,0,168052,0,64067,0,-22399,0,2218,0,44,0,-21,0,1 # block t=7047 q=12T153 r=16 k=1
10358007616162038770863,0,-3726028340864259142314,0,-10406638252733703371280,0,8482260265908130723810,0,-2116905210389029440375,0,107697919303548035928,0,15182924505434884752,0,-125085004652729304,0,230458648772889,0,124473126214,0,-546944997,0,299898,0,1 # block t=7047 q=12T153 r=16 k=1
48175203138259040409592,0,118472246545129409278464,0,-24166760164248721738704,0,469202966421356647712,0,26846364422198796720,0,-531675940051231968,0,-10496525157050808,0,151504961644776,0,1485215261601,0,-8398370792,0,12345906,0,-6288,0,1 # block t=7047 q=12T153 r=16 k=1
51728325151,0,-170211894228,0,38597465022,0,398102239092,0,-490330688879,0,191184583120,0,-16890406660,0,-1816454664,0,167606227,0,586700,0,-160030,0,-260,0,1 # block t=7047 q=12T153 r=16 k=1
18075833785474375,0,-48911562632922000,0,-240179874301650,0,101360011332184520,0,-102288702922013287,0,36596341301421744,0,-4121328919852680,0,-19506535010608,0,320679293839,0,573055904,0,-4490746,0,-504,0,1 # block t=7047 q=12T154 r=16 k=1
73044485741420115562,0,76169902155896738136,0,-31436187709731219540,0,4172523227233512184,0,-229732659316823862,0,3279555035435208,0,149856965853680,0,-5233486204344,0,37983064857,0,29386580,0,-617634,0,-156,0,1 # block t=7047 q=12T153 r=16 k=1
4875266072247650775,0,17687084401247852250,0,-799266882272789340,0,-86973750504959670,0,7352167162193226,0,-169177053982806,0,-986365461618,0,113906138706,0,-2102765022,0,15711624,0,-20547,0,-300,0,1 # block t=7047 q=12T153 r=16 k=1
909462056713420723225,0,2470905126398226203140,0,535076610823429289014,0,16886640456969216028,0,-2475818514893047381,0,-59989861901881784,0,4966188871514452,0,-80732282942632,0,584251518755,0,-2158450396,0,4030942,0,-3364,0,1 # block t=7047 q=12T153 r=16 k=1
1347318716130259,0,8229911498081452,0,15832455212342762,0,9758779424332404,0,1184832891591460,0,-308017951808417,0,20783586295339,0,-671910451187,0,11679564991,0,-110384063,0,545767,0,-1269,0,1 # block t=7047 q=12T153 r=16 k=1
1531931603921722241585,0,-10135629640161529256954,0,-58844002045233267575916,0,-99544144620482855528350,0,-69888682852666746359303,0,-16656788800574818096384,0,858614884103416445479,0,-5562351884438663994,0,12983170018887948,0,-13618622959094,0,6597297229,0,-1206850,0,1 # block t=7047 q=12T153 r=16 k=1
10447301010448,0,-4916917424960,0,-2551651192405376,0,-2138688493900672,0,15459755281399128,0,25364867475059392,0,9062713556262600,0,-1161499460950544,0,36738386378105,0,-280440995548,0,621820030,0,-49548,0,1 # block t=7047 q=12T153 r=16 k=1
50383485430305302737,0,230485304597310480564,0,-21764298715008701934,0,-3754505963275466652,0,96828612163785303,0,12265187066980488,0,-147088906917604,0,-8955929244024,0,172211511399,0,-1021008348,0,2542722,0,-2700,0,1 # block t=7047 q=12T153 r=16 k=1
220679577594936146,0,914863020747190736,0,-8583023096772916420,0,16523635230536802240,0,-11668399858942772424,0,3304161730587489244,0,-297122338433576300,0,-220946403933452,0,15912801204327,0,-24273742944,0,-10664666,0,10712,0,1 # block t=7047 q=12T154 r=16 k=1
4525264627615318655,0,11509971493282495450,0,-416252300180976335,0,-90936833378595960,0,6725958719555364,0,-108964599579570,0,-3452266566383,0,160069030800,0,-2391939360,0,13562850,0,15149,0,-420,0,1 # block t=7047 q=12T153 r=16 k=1
1355853796328564814032,0,-1279026906651982760736,0,174637380328914762792,0,-11115420229779609592,0,419674108738315761,0,-10400368237898760,0,177731801746108,0,-2140147015176,0,18184779654,0,-106990232,0,415572,0,-960,0,1 # block t=7047 q=12T153 r=24 k=2
842998175487556445404,0,-715619119341403963872,0,103622516427344443620,0,-7122315326154595704,0,291827282206195590,0,-7843282035966864,0,144736471702064,0,-1868342893632,0,16848430926,0,-103861800,0,416022,0,-972,0,1 # block t=7047 q=12T153 r=24 k=2
33180591788902241444288,0,-89223909918703122725760,0,100140261850058249075104,0,-60446263398328881004000,0,20994946489647778368348,0,-4131103914079083397888,0,415267499408959066000,0,-16179075184179926416,0,184143744275318044,0,-434219908102272,0,234324370928,0,-990960,0,1 # block t=7047 q=12T153 r=24 k=2
142234562690369228673,0,-140272191815797970432,0,22363724275950236614,0,-1695780879927803840,0,77181888848034447,0,-2325321436254656,0,48626489946388,0,-720304222016,0,7562003471,0,-55171648,0,266566,0,-768,0,1 # block t=7047 q=12T153 r=24 k=2
367351257522819687184,0,-286121041390104661824,0,52551141721272725808,0,-4164422951365458656,0,186396603829616916,0,-5317910096935968,0,102677563110768,0,-1379069686368,0,12948369840,0,-83578496,0,354108,0,-888,0,1 # block t=7047 q=12T153 r=24 k=2
8738888288309248,0,-22091502628411392,0,21764229254797312,0,-10423265664979968,0,2464507094617088,0,-267938723979136,0,15251841001088,0,-486973331712,0,8854586896,0,-89479968,0,476360,0,-1192,0,1 # block t=7047 q=12T153 r=24 k=2
955057777628,0,-3973555658864,0,6985039690712,0,-6749972471744,0,3907415125288,0,-1384850826096,0,295183853712,0,-35926423832,0,2304187613,0,-69511252,0,815486,0,-1724,0,1 # block t=7047 q=12T153 r=24 k=2
2248429508362,0,-3440884079136,0,2184859038504,0,-781700933128,0,178081404642,0,-27464459976,0,2959140984,0,-225509544,0,12109617,0,-448240,0,10884,0,-156,0,1 # block t=7047 q=12T153 r=24 k=2
3173542276,0,7359468096,0,7595943948,0,4623898988,0,1848972266,0,510901200,0,99755273,0,13815929,0,1341118,0,88601,0,3772,0,93,0,1 # block t=7048 q=12T152 r=0 k=1
22984153349123,0,30143556229947,0,14672214087156,0,3937247250815,0,677051171583,0,80276941470,0,6813192600,0,420361590,0,18811677,0,597587,0,12820,0,167,0,1 # block t=7048 q=12T152 r=0 k=1
359097089969522418415,0,-1287075079620073526730,0,1719773079951977436582,0,-999218096908160275444,0,197015814965420853588,0,8862211134314728200,0,1679102861808714666,0,17384964569322021,0,119152468702935,0,-152379172414,0,71991411,0,-12780,0,1 # block t=7048 q=12T152 r=0 k=1
190815955065880576,0,392414872688443392,0,295046685882236928,0,96630000042579968,0,10952418075644160,0,-320682139473152,0,-19549111839808,0,1537604728768,0,96173218204,0,12154480,0,607900,0,24,0,1 # block t=7048 q=12T152 r=0 k=1
38899207163961,0,51525856486296,0,23865112160730,0,6370741025208,0,1116659518623,0,137064118896,0,12068819532,0,764649072,0,34211079,0,1039608,0,19962,0,216,0,1 # block t=7048 q=12T152 r=0 k=1
50629769054355558656,0,140284002802848232192,0,165216953644935449504,0,107379271135687552784,0,41766486786986688105,0,9834580113501464496,0,1345387952723151716,0,95810526811047808,0,2790041516428146,0,16534858211536,0,27353522396,0,330192,0,1 # block t=7048 q=12T153 r=0 k=1
2941430354708968985,0,11196509369627583116,0,16894979704056985010,0,12761520231599107276,0,4968432833605829359,0,898204443559025848,0,52657834461496988,0,1279767982431000,0,14341631679927,0,72172855932,0,140668274,0,58844,0,1 # block t=7048 q=12T152 r=0 k=1
3048256897208527,0,3290621400356395,0,1143469537907819,0,211026726898712,0,24522607930903,0,1940913126733,0,108730015592,0,4376349933,0,126154605,0,2546512,0,34217,0,275,0,1 # block t=7048 q=12T152 r=0 k=1
9634816,0,57808896,0,150216000,0,221165120,0,202406672,0,118533824,0,43863008,0,9716288,0,1185672,0,85680,0,3732,0,92,0,1 # block t=7048 q=12T152 r=0 k=1
813483,0,-908406,0,887456,0,-390394,0,147763,0,-61660,0,5496,0,140,0,1185,0,434,0,104,0,14,0,1 # block t=7048 q=12T152 r=0 k=1
13906428578319031,0,203916333267812480,0,1027177142543195088,0,1375068324517483900,0,597760214040319686,0,48774824380631836,0,3369292987316530,0,119022866473944,0,1570534858410,0,2873697100,0,3639388,0,1012,0,1 # block t=7048 q=12T152 r=0 k=1
88945423169752117369,0,83151576825137820120,0,12769657689788682970,0,957725981920599256,0,44081462762625119,0,1368149547208112,0,29936064872588,0,470128947056,0,5290980359,0,41770360,0,220090,0,696,0,1 # block t=7048 q=12T152 r=0 k=1
4693796424543947619217,0,22709456378668445234852,0,44245217369140291854514,0,43729757132231182899700,0,22408027217509674397647,0,5225582808352957228168,0,320195676387576996540,0,2447105486124439880,0,6745559586649727,0,8407206328020,0,4839664306,0,1047236,0,1 # block t=7048 q=12T153 r=0 k=1
513318197706379264,0,1394848077143113728,0,1528494277288093696,0,860128920755216384,0,261430538153598720,0,41361956200343552,0,3099785719124736,0,115640965745152,0,2147847419568,0,18175232000,0,57487912,0,38912,0,1 # block t=7048 q=12T152 r=0 k=1
3246704334927,0,4621790739168,0,2730734940564,0,919584721152,0,199662744555,0,29677336308,0,3110730480,0,232392564,0,12308517,0,451548,0,10908,0,156,0,1 # block t=7048 q=12T152 r=0 k=1
329286903131578537,0,1857873501558683763,0,3659416663056144621,0,2958446239580408988,0,932723897012030670,0,120162647957542908,0,5864966189426279,0,103849019663820,0,562455704067,0,195072735,0,-1766649,0,-201,0,1 # block t=7048 q=12T152 r=4 k=1
29072055108545114950720,0,160563993271105550649472,0,364710605133180953299552,0,446364089194681261108256,0,324347758074535628032132,0,144267559342358938887296,0,38564748767250739270112,0,5687668299872270250944,0,355479262760974491260,0,-996840399200,0,-49842019784,0,24,0,1 # block t=7048 q=12T152 r=4 k=1
32760749927311,0,-44776046822857,0,21772462703537,0,-5781151239696,0,979665912201,0,-114022601015,0,9450013088,0,-565456119,0,24335883,0,-736404,0,14895,0,-181,0,1 # block t=7048 q=12T152 r=4 k=1
35466674176,0,-66003922944,0,51908414208,0,-23903973120,0,7291310592,0,-1558752256,0,239581984,0,-26659936,0,2130672,0,-119280,0,4443,0,-99,0,1 # block t=7048 q=12T152 r=4 k=1
331343342590976,0,-673172045938688,0,530819436587008,0,-202799450704896,0,39155976881024,0,-4383878579456,0,466136522560,0,-21579317696,0,1341354812,0,1224720,0,-61060,0,-24,0,1 # block t=7048 q=12T152 r=4 k=1
660518764096,0,-1063630266624,0,714261909472,0,-272031574496,0,66534177992,0,-11127858304,0,1314735512,0,-111168568,0,6704914,0,-282256,0,7894,0,-132,0,1 # block t=7048 q=12T152 r=4 k=1
57730777295556112,0,348790132445678144,0,870627271052635072,0,1155878713132792384,0,872462500380792920,0,368118330256257440,0,77871991843769912,0,5887149195362080,0,-22653406854535,0,-2565250295580,0,-4726361298,0,51172,0,1 # block t=7048 q=12T153 r=4 k=1
6066916999661953,0,-21648690642452532,0,-27119945726771679,0,82861357922424219,0,83243081837579922,0,16139579964960375,0,1069704586817993,0,29694082219086,0,369856692486,0,1956099414,0,4198572,0,3537,0,1 # block t=7048 q=12T152 r=4 k=1
12076032918584,0,-70764254522528,0,175175918627972,0,-237186755297364,0,189599168410004,0,-89552507829912,0,23211760202544,0,-2542931829080,0,-16389289230,0,-41307668,0,-22303,0,71,0,1 # block t=7048 q=12T152 r=4 k=1
669437326351,0,-1237815247776,0,800743134216,0,-171683673872,0,-21639568302,0,10743582456,0,14601174,0,-194426208,0,11980854,0,27760,0,-1212,0,-24,0,1 # block t=7048 q=12T152 r=4 k=1
492454224448,0,-544772006720,0,185091338752,0,-31462915784,0,2461275041,0,99523072,0,-37411732,0,1662640,0,194182,0,-11840,0,-596,0,24,0,1 # block t=7048 q=12T152 r=4 k=1
154614764800171226225,0,268760306060473818772,0,144040428457363948226,0,37429396315261786308,0,5400078239608982223,0,446195485267042792,0,20339548439763484,0,454795569670120,0,3811530961439,0,-7947165564,0,-172401214,0,-93612,0,1 # block t=7048 q=12T152 r=4 k=1
16206877408776137361,0,-14168951200790094456,0,2587222538133222564,0,-233750143823253120,0,12929667790962204,0,-479433100116492,0,12446676519318,0,-230270135904,0,3031321644,0,-27797040,0,168948,0,-612,0,1 # block t=7048 q=12T152 r=4 k=1
214446897825512599,0,-423323097389836728,0,309367685971338654,0,-96471675895391384,0,8790980757555699,0,950636820764592,0,-66820547871876,0,-2657229356880,0,166158296901,0,-13577720,0,679062,0,-24,0,1 # block t=7048 q=12T152 r=4 k=1
375769,0,-3221928,0,9970104,0,-11862132,0,7139039,0,-2871792,0,895504,0,-222888,0,42983,0,-6120,0,600,0,-36,0,1 # block t=7048 q=12T152 r=4 k=1
475047069966637714909,0,1449688531932815564210,0,-2751221222641798729898,0,1409571487282483951832,0,-217705381578189100772,0,-16174383785451772258,0,4513322076128125749,0,77573218657328218,0,436298423624362,0,1083144236516,0,1231352096,0,524364,0,1 # block t=7048 q=12T153 r=8 k=1
427514269295628367,0,945251203412250708,0,604524061434651534,0,162232005042911452,0,18668841910149105,0,582977842566624,0,-32802998779092,0,-1511861070456,0,1866346083,0,345546532,0,-1584318,0,-108,0,1 # block t=7048 q=12T153 r=8 k=1
13235020168856291116,0,458697066856875477104,0,6034025883186708012,0,-15474906380113715504,0,-2258931758440154086,0,-149083743117460992,0,-5414564384460380,0,-108953829120944,0,-1034794780548,0,-984988900,0,34816462,0,-49312,0,1 # block t=7048 q=12T152 r=8 k=1
2993217605248323952453,0,12025099838980884003182,0,9824698474749226658988,0,-14669076416588317216534,0,-25011298398855436177405,0,-8677719048533777865618,0,882110772723187441598,0,6223033475704297840,0,8857486758249052,0,-2145473343480,0,-7801114268,0,-2699546,0,1 # block t=7048 q=12T153 r=8 k=1
1525000,0,12299888,0,13441428,0,-8309112,0,-5048983,0,1825872,0,622232,0,-133280,0,-36900,0,2320,0,916,0,56,0,1 # block t=7048 q=12T152 r=8 k=1
132843248666645417897,0,271769570519325410092,0,24372925333896498178,0,-153187176063317183380,0,-595230750851352093,0,29497593687638169480,0,-6242351455793655252,0,152713512703978856,0,10035652540306219,0,96949184656284,0,91915041018,0,644092,0,1 # block t=7048 q=12T153 r=8 k=1
45238656292,0,393426952368,0,934792954012,0,570079542028,0,114559335177,0,-3771695784,0,-3626464476,0,-223909440,0,22378810,0,1359064,0,-55016,0,-172,0,1 # block t=7048 q=12T153 r=8 k=1
19286480,0,498691552,0,1225933232,0,1122358192,0,437417972,0,42929872,0,-15321128,0,-2921032,0,233352,0,42032,0,-3080,0,0,0,1 # block t=7048 q=12T152 r=8 k=1
105385495315749914745,0,322331689339489856223,0,329685416515664682217,0,125132443694864666861,0,12998300681373777305,0,-888869151084634745,0,12806332339873043,0,18322699702479,0,-813651583020,0,-1528369940,0,2436882,0,4470,0,1 # block t=7048 q=12T153 r=8 k=1
83996113028873759100928,0,282796320676501789874176,0,254847225878019299501056,0,85128656688310533959680,0,9014847352553331127040,0,17215230271265504512,0,-7119611513280743168,0,-50843332317989152,0,172519320542048,0,-80112645832,0,-57901532,0,-1858,0,1 # block t=7048 q=12T152 r=8 k=1
82789840669813168,0,707309130402120640,0,-423151604064148032,0,46163577407112448,0,8707098678243486,0,-1218558250893208,0,-58258887261024,0,5531190145496,0,305541652568,0,3768177264,0,11950080,0,6584,0,1 # block t=7048 q=12T153 r=8 k=1
62159587974728721,0,104953146525170274,0,26271987663902626,0,2569076713879384,0,93668077092734,0,-1502079178370,0,-209197745592,0,-4189327947,0,53914687,0,2154474,0,-3278,0,-325,0,1 # block t=7048 q=12T153 r=8 k=1
30667888084762303,0,102265603128652260,0,65612391091081902,0,2222530941673148,0,-5289198256397727,0,-657871877467152,0,25876089869676,0,1112604202440,0,-19355271165,0,-440344252,0,-1574814,0,180,0,1 # block t=7048 q=12T153 r=8 k=1
178278207272654012416,0,374014095828523155456,0,30400198516852137984,0,527016723656523776,0,-23593694584262400,0,-1140236450196480,0,-16247210441472,0,-7631380224,0,1855013472,0,11476160,0,-46032,0,-336,0,1 # block t=7048 q=12T153 r=8 k=1
1617720642097559057,0,7393833238394044796,0,9653643182617567274,0,455867724865954188,0,-6576846593264171845,0,-3755124090224339528,0,-409717341084337940,0,92629990022408056,0,11578740565095803,0,-2729234980,0,-272923454,0,12,0,1 # block t=7048 q=12T152 r=8 k=1
1815059107775561668,0,4197303618016772208,0,-657506011149108420,0,30240733843292176,0,44958610349370,0,-47378839916448,0,1600188396768,0,-19411192080,0,-49555350,0,3328144,0,-20490,0,-96,0,1 # block t=7048 q=12T153 r=16 k=1
778182332460521251,0,42713932438661822334,0,-32802184531789317065,0,7236303385061110175,0,-674183333961469428,0,32848404765673461,0,-903230564999849,0,13810022415453,0,-100306451834,0,99521740,0,1632939,0,2435,0,1 # block t=7048 q=12T152 r=16 k=1
8584999,0,18883986,0,-170261087,0,67231220,0,35772230,0,-14030546,0,-1558263,0,905428,0,-38021,0,-14972,0,1882,0,-76,0,1 # block t=7048 q=12T153 r=16 k=1
6018479806000513,0,-5814195905269836,0,-49162610825521470,0,-52843023811397100,0,-14586148504433617,0,3020190319346792,0,1194410122362076,0,-60307813836472,0,1020518473519,0,-7811469980,0,27911042,0,-38108,0,1 # block t=7048 q=12T153 r=16 k=1
18936691765,0,45598371344,0,9846270298,0,-20930863888,0,4656899967,0,522238256,0,-333937652,0,49505072,0,-2905637,0,8672,0,5962,0,-192,0,1 # block t=7048 q=12T152 r=16 k=1
276942677638904,0,2426297621222528,0,4627449750540304,0,-1532787499369360,0,-5615241087658548,0,556565577633040,0,1723835903164036,0,-354160865736344,0,18549300177313,0,-36003921220,0,26256334,0,-8420,0,1 # block t=7048 q=12T152 r=16 k=1
5556208436206756864,0,1256191930185742184448,0,-34313693838402296797120,0,172346712462916071056256,0,-280219219241987831153911,0,183928161438674289800848,0,-41725546968059846918012,0,-570879954050739879072,0,14744626150208965202,0,3090564525926512,0,-4899965091044,0,-330368,0,1 # block t=7048 q=12T153 r=16 k=1
19970056962667676864512,0,15844233547968422412288,0,-4138250102872111890432,0,374547431239567513600,0,-15902885988399601920,0,308515496162820096,0,-1425411534570496,0,-27338692410624,0,192282257904,0,715020800,0,-1864512,0,-264,0,1 # block t=7048 q=12T153 r=16 k=1
5480579628346307425,0,10287270178325341900,0,2682056561466330786,0,-2867570011375586852,0,-1497671627629917009,0,-127836697414971496,0,17680400198954844,0,-592751869548520,0,7719560884175,0,-35571012708,0,49453602,0,-13300,0,1 # block t=7048 q=12T153 r=16 k=1
1237516050504374,0,-2618076882545472,0,-3498572766367136,0,14779356134950560,0,-15711647831057712,0,6583064348488040,0,-574660514790340,0,-223935239305336,0,27991551811883,0,117700340,0,-11769990,0,-12,0,1 # block t=7048 q=12T152 r=16 k=1
59360781793580058928,0,11742270869701192699040,0,-208292714763525239867112,0,579792794976413691801416,0,467998098977085544109489,0,98803378441290223750728,0,2295407801989416703876,0,-690844115228074082344,0,17177458450440741350,0,-27093317499260520,0,11049788031532,0,-6645792,0,1 # block t=7048 q=12T153 r=16 k=1
81524022061744,0,1831593394813632,0,-151374354997488,0,-35847183111712,0,5058553894440,0,-131848042368,0,-10227144000,0,697390320,0,-9607710,0,-359336,0,14934,0,-204,0,1 # block t=7048 q=12T153 r=16 k=1
8848540398008154858021,0,-17671656737545325718138,0,12601348435849243230000,0,-3908143857537526283409,0,514040010643126252792,0,-27016672549321876884,0,625439583256943238,0,-6217127766361467,0,24282463399565,0,-41095338327,0,29749518,0,-9231,0,1 # block t=7048 q=12T152 r=24 k=1
97179504640,0,-191698972672,0,157000382464,0,-72441241600,0,21285910016,0,-4237677824,0,590356736,0,-58311904,0,4071120,0,-196640,0,6256,0,-118,0,1 # block t=7048 q=12T153 r=24 k=1
20915577733139651153,0,-55696268017729457156,0,56677647429959090674,0,-27755671139382033940,0,6773089211547525903,0,-780158001737329544,0,37929710508240636,0,-860647649220296,0,9035864509823,0,-37560874868,0,50039858,0,-13348,0,1 # block t=7048 q=12T153 r=24 k=1
118206193975213,0,-150521986518588,0,72870872543358,0,-19188301192772,0,3159037994697,0,-348106627656,0,26576882988,0,-1425308400,0,53528625,0,-1377668,0,23130,0,-228,0,1 # block t=7048 q=12T153 r=24 k=1
547231714782332416,0,-1352134753030548480,0,1367477806004867584,0,-722993230912800000,0,211127982731572960,0,-33054406719110848,0,2547598844514304,0,-99801094794944,0,1964229473640,0,-17539989696,0,56407992,0,-42096,0,1 # block t=7048 q=12T152 r=24 k=1
43533611786526889,0,709863488633688780,0,-5901990546457416350,0,15511131234887031532,0,-18455660719185795357,0,10323110496857208072,0,-2243376529300484436,0,19975374431671272,0,2182612986872747,0,-1786023610116,0,-12068697958,0,16508,0,1 # block t=7049 q=12T153 r=16 k=2
166864171340057920,0,-37140252975351744,0,-213060064906685184,0,193341280472783944,0,-66197618292659487,0,8215931341544912,0,541986814410360,0,-219814852056592,0,14220147744098,0,-224857008,0,-8445784,0,72,0,1 # block t=7049 q=12T152 r=16 k=2
643933912647773169,0,697986938036145087,0,-1110866589772110990,0,467975326954557291,0,-81123482776409204,0,4415075952916654,0,261587489812271,0,-26716717026200,0,-6425621345,0,3112863092,0,5188268,0,-5101,0,1 # block t=7049 q=12T152 r=16 k=2
195374772579078712444,0,-1077606309670637118288,0,-19272760056076348944600,0,122677800619326419937408,0,-159091147567118533263440,0,76827479507261618022560,0,-12616631022238521217896,0,-80549305581810573448,0,10068524997496737557,0,46066743194620,0,-4606674319418,0,-12,0,1 # block t=7049 q=12T153 r=16 k=2
1629926413625726017625,0,-41798371592123753144864,0,-208022543087369844464688,0,-185908877528243432533504,0,-50376261670728280459919,0,-2965831068139937003280,0,258157286731925886876,0,-4032447362605305448,0,22456051139789801,0,-42965635006120,0,24571744116,0,-1488392,0,1 # block t=7049 q=12T152 r=16 k=2
67704608947339864,0,163321159587979296,0,-8711474456326992,0,-1734426224866688,0,147237038634384,0,-1314310943232,0,-190603090488,0,6288920280,0,-19508139,0,-2233580,0,44706,0,-348,0,1 # block t=7049 q=12T153 r=16 k=2
73939195456583276289853,0,373413649896488554709660,0,157089927226797678551324,0,-24916179765525620633268,0,1403871603144037277945,0,-38136643862590216696,0,471003315787984412,0,-425937004448184,0,-47914435311803,0,379201578972,0,-495469376,0,-190540,0,1 # block t=7049 q=12T152 r=16 k=2
1084761,0,-1417236,0,-4489334,0,4940460,0,3669471,0,-1991016,0,-208468,0,236280,0,-40409,0,1020,0,362,0,-36,0,1 # block t=7049 q=12T153 r=16 k=2
591424611114168199821034,0,711644596497484511207448,0,-128633291400693395778324,0,8623157994018796414072,0,-277851901907635259238,0,4209631854802606872,0,-18286215496251456,0,-164380498748712,0,996374681577,0,2219240020,0,-4155954,0,-348,0,1 # block t=7049 q=12T153 r=16 k=2
7999,0,45044,0,-113242,0,25804,0,87533,0,-62632,0,1108,0,11872,0,-4017,0,236,0,106,0,-20,0,1 # block t=7049 q=12T153 r=16 k=2
106546575998583,0,110296441605303,0,-80310123373716,0,13542208198848,0,567985259518,0,-391990432626,0,41602059195,0,-1608405807,0,6526631,0,774237,0,-8811,0,-93,0,1 # block t=7049 q=12T152 r=16 k=2
21915513576,0,7950376656,0,-18312327192,0,1034024912,0,3582689108,0,-1388934128,0,226475064,0,-17325136,0,357386,0,29980,0,-1578,0,-4,0,1 # block t=7049 q=12T153 r=16 k=2
85236952943635810691,0,-126700449254122918936,0,-5359074671727911375626,0,-1316828911728231729524,0,72220071502346100677187,0,144897714576002238953208,0,77452767833419684113575,0,-446280295017199084094,0,721365462890551212,0,-473350502815012,0,135236660879,0,-13958978,0,1 # block t=7049 q=12T153 r=16 k=2
100595356,0,-1975752720,0,5238011032,0,13185143808,0,-17406842616,0,-30024508560,0,4559099792,0,8593443192,0,-2511286179,0,182038804,0,-2230466,0,-1700,0,1 # block t=7049 q=12T153 r=16 k=2
29667009860433,0,-5478277700208708,0,11670109437969234,0,28771677616936428,0,-15390032189573745,0,2370118707233784,0,-68356845945540,0,-9006250919112,0,367145608959,0,901647180,0,-30054510,0,-36,0,1 # block t=7050 q=12T153 r=16 k=2
11690128657,0,-104400159564,0,-906092291094,0,7880857157660,0,11185483997301,0,-144018359487224,0,219951151828272,0,-103343812767368,0,12101887371797,0,443271180,0,-7830598,0,-108,0,1 # block t=7050 q=12T152 r=16 k=2
3196806613981403110,0,-4682346645982156736,0,-18307050762826441216,0,54525838882529994752,0,-54797901883226461304,0,23047058451900426360,0,-2463837402042443996,0,-590288114249984184,0,73785994631873859,0,6549791300,0,-654979086,0,-12,0,1 # block t=7050 q=12T152 r=16 k=2
1003335852761,0,2776764241306,0,-3419233778559,0,1121591380204,0,-31339647838,0,-47936449840,0,8701278820,0,-480936816,0,-360298,0,861022,0,-25916,0,192,0,1 # block t=7050 q=12T153 r=16 k=2
28019923547968,0,-5115818459008,0,-18748421723744,0,11655582900896,0,-2935745371524,0,359773263648,0,-15893442080,0,-1100426896,0,171991236,0,-7887472,0,113400,0,736,0,1 # block t=7050 q=12T153 r=16 k=2
122779631867425,0,113623216355860,0,-76785801256478,0,16744184103684,0,-1626831774673,0,42270922792,0,5665397212,0,-580029784,0,20869519,0,-184380,0,-6046,0,84,0,1 # block t=7050 q=12T153 r=16 k=2
6346107030487728816128,0,2562616747172684759040,0,-4975854227631456669696,0,698255727512814514176,0,743720538033757303040,0,-323516635948110294528,0,50175214034305526784,0,-2867043034794038400,0,9223687536188128,0,262680303301728,0,-72299677232,0,-6518088,0,1 # block t=7050 q=12T152 r=16 k=2
122943182706235476593,0,91403466402533491846,0,13880984775136130127,0,1043271918558615034,0,48111744000654263,0,1491629939173766,0,32485767032260,0,506045261478,0,5632222895,0,43866256,0,227614,0,708,0,1 # block t=7051 q=12T153 r=0 k=2
1829811155305224176752,0,1565524822917394642592,0,-135484223028751569728,0,4134129932223956344,0,-27645990645162848,0,-1730185258420900,0,61764686606989,0,-1056919260191,0,11212582410,0,-77415203,0,340954,0,-875,0,1 # block t=7051 q=12T152 r=0 k=2
353382623311,0,1749018624346,0,3556766678860,0,3803508816646,0,2273263176155,0,749365829636,0,130966595856,0,12729803724,0,378070933,0,919426,0,17892,0,78,0,1 # block t=7051 q=12T152 r=0 k=2
447201,0,1650780,0,2411757,0,1867041,0,1032228,0,428328,0,44466,0,3474,0,29505,0,1143,0,268,0,19,0,1 # block t=7051 q=12T152 r=0 k=2
185633820319,0,284232152864,0,161543448808,0,48668037904,0,9998595282,0,2414152328,0,715927542,0,109425248,0,6566534,0,-44720,0,-2060,0,24,0,1 # block t=7051 q=12T152 r=0 k=2
1565373952,0,2648360448,0,1791871488,0,963762240,0,424310744,0,137227968,0,31346032,0,5050464,0,573074,0,45000,0,2334,0,72,0,1 # block t=7051 q=12T152 r=0 k=2
50281722029993,0,94498918032674,0,76729184614970,0,36124381425314,0,10569936299203,0,1965054088540,0,214227571636,0,9454620812,0,-137155749,0,1255050,0,-25798,0,90,0,1 # block t=7051 q=12T152 r=0 k=2
439289309325145,0,888394856833710,0,738780125151741,0,322850596725437,0,79211004786567,0,10982483412471,0,853891189512,0,36450247050,0,820323981,0,7591241,0,29151,0,138,0,1 # block t=7051 q=12T152 r=0 k=2
207569,0,346984,0,544274,0,148664,0,77839,0,88528,0,19260,0,3760,0,1791,0,840,0,210,0,24,0,1 # block t=7051 q=12T152 r=0 k=2
343120813816924675568,0,340418854085064716192,0,55901159892262215416,0,4131682459326941952,0,177420575774135318,0,4943513370098440,0,94380535060540,0,1265293682512,0,11948843894,0,78074960,0,336748,0,864,0,1 # block t=7051 q=12T152 r=0 k=2
35765979123712,0,101471039031296,0,120604352925696,0,77610537370112,0,29148245751552,0,6403356937472,0,772040809984,0,40660173376,0,-101804432,0,3083816,0,6416,0,-262,0,1 # block t=7051 q=12T152 r=0 k=2
750508830720,0,-938027059200,0,13694299136,0,338537425408,0,-63182759168,0,-38882988416,0,6697838592,0,1324527040,0,100538496,0,1865464,0,10316,0,52,0,1 # block t=7051 q=12T152 r=0 k=2
1480509624491005310912,0,1038801549909018319360,0,160535714087384863888,0,10935350817157341248,0,426540255040207001,0,10710609201933632,0,183500355083366,0,2202754598764,0,18608021663,0,108744452,0,419638,0,964,0,1 # block t=7051 q=12T152 r=0 k=2
165190034480869126,0,333152542648765096,0,253147059473034792,0,86048437709325524,0,10923147511672227,0,-181928650819584,0,-59581512550706,0,-808582554336,0,123833426949,0,-494998388,0,1000930,0,-304,0,1 # block t=7051 q=12T152 r=0 k=2
26935753179136,0,34670150418432,0,17422602993664,0,4993578827776,0,922143520768,0,115873761280,0,10184106176,0,632831104,0,27686009,0,834240,0,16478,0,192,0,1 # block t=7051 q=12T152 r=0 k=2
2613817,0,1834754,0,-23548959,0,5372304,0,18464190,0,-3543840,0,-4635328,0,328016,0,333118,0,49006,0,3124,0,92,0,1 # block t=7051 q=12T153 r=8 k=2
550051845953,0,1333717281996,0,1134699057346,0,424241066780,0,64702999407,0,227806360,0,-1034553444,0,-98835048,0,-694481,0,259740,0,5570,0,-180,0,1 # block t=7051 q=12T153 r=8 k=2
20426003032177,0,557457075010812,0,1659633681400554,0,1101367976311948,0,-69618661194501,0,-200731303032264,0,-28251029032788,0,2230312708728,0,278755565787,0,-11174180,0,-1117374,0,12,0,1 # block t=7051 q=12T152 r=8 k=2
145015252750667776,0,555914964655366144,0,131830645270396928,0,-3588888407569408,0,-963753735542272,0,22332355332352,0,2013520885888,0,-54014829344,0,-850397360,0,15709584,0,246904,0,982,0,1 # block t=7051 q=12T153 r=8 k=2
5332885514738624,0,-81042904658409984,0,-490134644286541952,0,-912621528013481856,0,-735970720718202128,0,-272401787775992160,0,-38410449312552064,0,333651821740656,0,202798932304193,0,79666438380,0,-4658325994,0,-132,0,1 # block t=7051 q=12T153 r=8 k=2
6804133145848064,0,19096280070167552,0,-4253705192431296,0,-9465362509813632,0,3517360676927556,0,280030406991104,0,-234150832120144,0,18657993349824,0,841676274420,0,6385513504,0,13342856,0,6880,0,1 # block t=7051 q=12T153 r=8 k=2
4800020480,0,153513230336,0,-2867559020288,0,-50458939366080,0,486776270408793,0,411750900128952,0,-2332956012081324,0,680297116610624,0,543806090787204,0,470275652608,0,148310276,0,20168,0,1 # block t=7051 q=12T152 r=8 k=2
7567902133539831808,0,155311143428397596672,0,402610371601320400896,0,-2285483358672419020672,0,-1064273720127811746327,0,8307402211355325221424,0,-6126559639168254833108,0,654059157386536459712,0,14859612018209550770,0,26791453339240912,0,11034808201364,0,6644960,0,1 # block t=7051 q=12T153 r=8 k=2
443445851096906119753,0,1752129538235468669828,0,2592945393870804963474,0,1709096546577426565228,0,429030143440707151615,0,2547391237688015112,0,-1671480430641993668,0,-23472799029222984,0,95253606131415,0,-59250851788,0,-46084334,0,-1764,0,1 # block t=7051 q=12T152 r=8 k=2
6963863545265625,0,287163581637470124735,0,89795582113522696071448,0,337980653307233740460761,0,322231717886027248661397,0,4905340429981194914311,0,12478063231876494506,0,-86124947863267997,0,-251939244120903,0,339764036871,0,-6091410,0,-27268,0,1 # block t=7051 q=12T153 r=8 k=2
302164070554281039703,0,1459208310219515133906,0,2817246364897657582449,0,2730571400825496476302,0,1347762853298802259152,0,289624465708634421666,0,12115744477595750733,0,-114916506985458594,0,227125028114316,0,106172069554,0,-532335027,0,299934,0,1 # block t=7051 q=12T153 r=8 k=2
6844286656134871897979,0,7454195826817205100776,0,522989920128000664254,0,6927357272688151954,0,-338274386266431782,0,-10458737352392814,0,-1909879959438,0,3179023419558,0,32501935025,0,-183383340,0,-4488396,0,-19246,0,1 # block t=7051 q=12T153 r=8 k=2
2255051791254908713,0,91305187982685271436,0,1402200310136833517378,0,10536151838880180695404,0,40890055377891945227939,0,76832582036956485235848,0,50420857048148104657132,0,-9125545692191833474712,0,22199129088008400363,0,850505373726394556,0,-178234905309702,0,-13275012,0,1 # block t=7051 q=12T153 r=8 k=2
9974956546804709,0,30943740672891076,0,4505417695768010,0,-2207799636335028,0,-513610828965739,0,-28706060072288,0,-147311398404,0,21030334888,0,254331181,0,-3754492,0,-49202,0,100,0,1 # block t=7051 q=12T153 r=8 k=2
406302768753570963475,0,7283317843051669785252,0,-15082225308371967115626,0,-11498770139083065781766,0,19735013958008245363245,0,-4903759626269891215918,0,139422092562257799710,0,8668092093738594106,0,44794814986438231,0,76703966822214,0,52636104557,0,12447794,0,1 # block t=7051 q=12T153 r=8 k=2
1638400,0,-2621440,0,-8372224,0,9871360,0,1834496,0,-2968576,0,302080,0,216832,0,-59520,0,4352,0,160,0,-32,0,1 # block t=7051 q=12T153 r=16 k=2
259218542186667,0,1365239804412159,0,-482956808075973,0,33197963355138,0,6762689697238,0,-1333587853502,0,90585108633,0,-2484308810,0,2844053,0,992735,0,-9809,0,-93,0,1 # block t=7051 q=12T152 r=16 k=2
5894395093331026993,0,6176823730708614948,0,-1215453095492575926,0,56732564298137780,0,3074018184615551,0,-448959706015256,0,21381685810092,0,-529348088344,0,6801467919,0,-30201548,0,-207926,0,1956,0,1 # block t=7051 q=12T152 r=16 k=2
1460368649179033,0,5727201851539846,0,-469085129209284,0,-78462908841314,0,9867445578218,0,-52005801548,0,-36444896029,0,1568328326,0,11711266,0,-2316548,0,59096,0,-542,0,1 # block t=7051 q=12T153 r=16 k=2
23917875833979109881,0,131414844322842848460,0,-15427681266124066014,0,128536317856885788,0,71720334728844867,0,-5469184152940248,0,199661025692556,0,-4223570008248,0,52288261371,0,-338768676,0,673146,0,2028,0,1 # block t=7051 q=12T153 r=16 k=2
25172712700257271862333,0,125067596164721068986868,0,38326847338857835856948,0,-74308495687734746227644,0,-43415605031689301733887,0,-5213483639807676648368,0,330116493515438517980,0,-4523906921448432728,0,22867660969611789,0,-41779657040852,0,23978375432,0,-1468180,0,1 # block t=7051 q=12T152 r=16 k=2
41378737074832,0,459920753773440,0,-1441025404598232,0,1481762323594048,0,-532491290162191,0,-110861762256048,0,144459184130088,0,-40826571098320,0,3893144975138,0,-9775600,0,-4547600,0,16,0,1 # block t=7051 q=12T152 r=16 k=2
181147469354869258189,0,264117851270883861800,0,-51617719894497094054,0,3568055174124961884,0,-94649131709160281,0,-657694430418092,0,96978823323236,0,-2128814662856,0,14999845727,0,65842652,0,-1081931,0,1120,0,1 # block t=7051 q=12T153 r=16 k=2
278942687599067524,0,2638269704045890128,0,-610623091376624580,0,34651895224243900,0,1750395798261801,0,-259718246580024,0,9063600123588,0,-28919705040,0,-4755223494,0,96976840,0,-557736,0,-204,0,1 # block t=7051 q=12T153 r=16 k=2
16310837892307040,0,302071035760787136,0,-814863478756303088,0,816541994805266192,0,-387630210229978218,0,79783852592707688,0,-301432364331340,0,-2155931178030408,0,199000352978178,0,-3964856288,0,-31713932,0,280,0,1 # block t=7051 q=12T152 r=16 k=2
96492120258381189229431,0,132567123733026276131301,0,-12106508825895235150670,0,421920044899519537199,0,-6631320124708006512,0,24782682962725938,0,666900105854793,0,-9685609639705,0,40837049126,0,66205675,0,-812734,0,846,0,1 # block t=7051 q=12T153 r=16 k=2
684608438941427107386200,0,936565503995727753912960,0,-592109630067489741136464,0,139300114054571123502128,0,-17617097219630928933972,0,1316927110577182894944,0,-58441962701460926684,0,1423040177523904616,0,-14377211523125075,0,-11168682390404,0,8811627586,0,200004,0,1 # block t=7051 q=12T152 r=16 k=2
2967675063453837675,0,121875624103701130011,0,637723161829076648815,0,537335330080524134218,0,77806839488230380187,0,-22486837500042905535,0,1289280835166243011,0,-23427259282899117,0,99524198191426,0,-150466563935,0,93646639,0,-21441,0,1 # block t=7051 q=12T153 r=16 k=2
439614474987367576,0,1505007917175444768,0,245601820874419440,0,9631114948644480,0,-284296357983216,0,-30244747304448,0,-718660949272,0,1699166520,0,405634749,0,8701092,0,89466,0,468,0,1 # block t=7054 q=12T153 r=4 k=2
97421426152057099773189,0,401793034161222794882232,0,353255154094846179138250,0,-21528723672925010673320,0,-2812649667093837795757,0,49284957654763847584,0,7207902541241994476,0,151854187046513056,0,1213031468652287,0,3829275245352,0,4075381378,0,128072,0,1 # block t=7054 q=12T153 r=4 k=2
550633623745,0,1989079584598,0,762935784945,0,1337595684,0,-42660622470,0,-7182874784,0,-50487132,0,110039024,0,14365022,0,863162,0,26524,0,360,0,1 # block t=7054 q=12T153 r=4 k=2
7469471903399,0,-112695525890806,0,-744685655185463,0,4734143178113110,0,26856121231340949,0,31025126214080924,0,4137556045694204,0,137116059658024,0,1860652961298,0,11995392868,0,36747189,0,43396,0,1 # block t=7054 q=12T153 r=4 k=2
142381931873142615651601,0,387351942766491586436124,0,8605699990311176689458,0,-19498232649530610767476,0,415983137896455090831,0,118065823686463732920,0,3444943974125434236,0,28485199800363384,0,87358890514239,0,112281397292,0,60619890,0,13308,0,1 # block t=7054 q=12T153 r=4 k=2
14858041,0,13554060,0,-67457494,0,-132318580,0,-97944929,0,-36432680,0,-6919956,0,-466760,0,61831,0,15900,0,1418,0,60,0,1 # block t=7054 q=12T153 r=4 k=2
200280109,0,3766464378,0,1362314580,0,-1827187348,0,-959376474,0,-130197771,0,14239005,0,6902847,0,1008225,0,79895,0,3681,0,93,0,1 # block t=7054 q=12T153 r=4 k=2
9309726588756426841,0,21834710737630222217,0,-29430036408257955312,0,-50667983948367006906,0,45542172656898772051,0,3369471108952066252,0,90931168071686159,0,1141156138879906,0,6812924361898,0,18141175857,0,21238602,0,9809,0,1 # block t=7054 q=12T153 r=4 k=2
231347333125806662047,0,940978577651330390738,0,84280049215399935319,0,2005157047985600758,0,-36178044575724470,0,-2559391171027402,0,-38935301687834,0,165898227246,0,12746468735,0,173316816,0,1075685,0,2792,0,1 # block t=7054 q=12T153 r=4 k=2
2232545252181771349,0,2857905783405461208,0,398148222096176034,0,13622683665759232,0,-442195413162129,0,-40852785594096,0,-906642508692,0,2002672224,0,461608587,0,9516568,0,94530,0,480,0,1 # block t=7054 q=12T153 r=4 k=2
15706769245013612992,0,64657578736516355456,0,-239536922746730414432,0,-1060298747020706954016,0,-953736470002161832932,0,-321289978915733376544,0,-35343055684995802928,0,959949293959845168,0,112121084213595292,0,-2128120121104,0,-494953243952,0,-32,0,1 # block t=7054 q=12T153 r=8 k=0
18635575597717,0,-30363159816782,0,-352045442512575,0,-677627142575828,0,-495716910231568,0,-101722060743044,0,20573319575410,0,1171903609430,0,15361958360,0,-41946212,0,-1731160,0,-7280,0,1 # block t=7054 q=12T153 r=8 k=0
53292082363215691184617,0,76200116575770506683080,0,20341697988166313629418,0,1177873828785235411036,0,28641701780120987397,0,297898244628136352,0,172094821207444,0,-21098509181960,0,-119737952875,0,199458576,0,1756694,0,-3564,0,1 # block t=7054 q=12T154 r=8 k=0
661015,0,1506108884,0,889046920136,0,87294747450808,0,2277638448034623,0,1455501400154468,0,21535299974870,0,-3952689601934,0,75237373087,0,-314246874,0,-2002025,0,12516,0,1 # block t=7054 q=12T153 r=8 k=0
6975698262660087808,0,42413940699881472000,0,16146430005392410624,0,2559658942674149120,0,203358998594477436,0,7147225423418880,0,-47053615754784,0,-11920577768784,0,-297751783276,0,225691200,0,66554096,0,-16328,0,1 # block t=7054 q=12T153 r=8 k=0
271898349209451487,0,604415302500565892,0,415988501881433022,0,119275624688868012,0,13886952232675701,0,303822103506816,0,-37360995511988,0,-1232540558344,0,7307511367,0,289771620,0,-1599046,0,36,0,1 # block t=7054 q=12T153 r=8 k=0
295804,0,-18342768,0,-51070956,0,-36811696,0,-6767271,0,2245932,0,952080,0,46728,0,-21888,0,-2884,0,48,0,24,0,1 # block t=7054 q=12T154 r=8 k=0
16460518406779981888,0,51819131072634364288,0,5806697582794421632,0,153326232513551296,0,-5694898148456408,0,-394869297953696,0,-6961550551968,0,12719622128,0,1731145180,0,15111616,0,-28660,0,-528,0,1 # block t=7054 q=12T154 r=8 k=0
297960532994560000,0,3891239809789952000,0,1419453650809241600,0,176687026964024320,0,9418922826899456,0,179744168660096,0,-1974202822976,0,-111407667616,0,-688485488,0,12516936,0,73852,0,-766,0,1 # block t=7054 q=12T153 r=8 k=0
530794028468233,0,1901475661578108,0,1072531544958522,0,-3052736436366180,0,-4730239175694785,0,-2378682434898632,0,-395154999291252,0,553647959512,0,69144936215,0,-20352820,0,-2035238,0,12,0,1 # block t=7054 q=12T154 r=8 k=0
23914845,0,115854138,0,167462964,0,90148140,0,12374046,0,-4236219,0,-1145259,0,47871,0,27945,0,135,0,-279,0,-3,0,1 # block t=7054 q=12T153 r=8 k=0
1810652073684651,0,5086203666863208,0,-1442864542224434,0,-243412547322,0,21618757017457,0,-1177544154622,0,-53175642350,0,4983854828,0,-30940328,0,-4060702,0,55426,0,528,0,1 # block t=7054 q=12T153 r=12 k=2
2876852232016952639489,0,6628157679672756156716,0,-2912126140230859290110,0,6273050475627792508,0,21163862360869355247,0,-1273172935236622504,0,29340655108187676,0,-221416372850344,0,-1351614865681,0,17822858108,0,43989506,0,12844,0,1 # block t=7054 q=12T153 r=12 k=2
5107023575846303408,0,26491058982470183136,0,34823591855676992856,0,-1364225416320477896,0,-11808936097955359815,0,3509927914286879920,0,-257535067407332132,0,-7489125991537952,0,467422774736498,0,107933288400,0,-5396664244,0,-24,0,1 # block t=7054 q=12T153 r=12 k=2
16839010975,0,49232098580,0,30838775926,0,-23194588980,0,-28811363683,0,-7965038248,0,-265272956,0,124997344,0,4493503,0,-805428,0,24938,0,-276,0,1 # block t=7054 q=12T153 r=12 k=2
1804229351,0,0,0,-293832762026,0,0,0,4770752396225,0,0,0,-6204581165024,0,0,0,4327282775,0,0,0,-508826,0,0,0,1 # block t=7054 q=12T154 r=12 k=2
296028933177584458133,0,318552013718636095042,0,-40018321620796518595,0,1124503619256090312,0,38371717961681284,0,-2282681042240340,0,9268832753118,0,1028289114982,0,-9713119848,0,-199415368,0,1539096,0,18808,0,1 # block t=7054 q=12T153 r=12 k=2
7877960106803922534400,0,15723223769496037294080,0,5508293553884056150016,0,816149107851275399168,0,58346758595346329856,0,1758964204729897984,0,171777906833920,0,-633444338205184,0,5636973693728,0,-16460307648,0,19233536,0,-8784,0,1 # block t=7054 q=12T154 r=12 k=2
14425,0,47770,0,-22659,0,-62276,0,21596,0,27544,0,-10522,0,-4786,0,2296,0,196,0,-184,0,16,0,1 # block t=7054 q=12T153 r=12 k=2
7131314171936768,0,-32895990310633472,0,-48630006334619648,0,249209141697363968,0,186586853867486620,0,-452143636726047712,0,-349359891410787216,0,9565423414266928,0,543561521663340,0,-884594237072,0,-5596230792,0,16520,0,1 # block t=7054 q=12T153 r=12 k=2
42934309595546875,0,25584599581901250,0,-267829102747438100,0,-270700049685013570,0,125764240207426457,0,168763871130046656,0,24286188208910712,0,-614439814131836,0,3328495818625,0,4702290018,0,-63196341,0,100202,0,1 # block t=7054 q=12T153 r=12 k=2
281513437340145203429632,0,730613501164767611258880,0,654331072121786116994304,0,252544842345976041931520,0,40559744659294203866208,0,1782156286478949374016,0,-142171052794382076240,0,-9075870950664997872,0,204523526915383185,0,-439632688695340,0,246316208646,0,-990876,0,1 # block t=7054 q=12T153 r=12 k=2
91576886397424,0,72600038929600,0,-78100107077680,0,-8618984567408,0,12920319264898,0,-1650914343064,0,-76903756400,0,12641313840,0,36870068,0,-15945664,0,-189184,0,48,0,1 # block t=7054 q=12T153 r=12 k=2
465373279302035936931685,0,641790768228235477870122,0,195080980326326050905965,0,25416898259610421812656,0,1556529856027949128412,0,34531566096526685012,0,-460510747602503798,0,-18576027276451730,0,202273524530016,0,-703782208248,0,1018306608,0,-530696,0,1 # block t=7054 q=12T153 r=12 k=2
5894222345414576,0,29284299998000672,0,55566099684829656,0,50578637515113672,0,22155724702937289,0,3560325482270912,0,-281026229509588,0,-83607333967920,0,6444101863938,0,-79861556704,0,277349596,0,-33016,0,1 # block t=7054 q=12T153 r=12 k=2
14319641082124543,0,15241805363768258,0,-55947288953031023,0,43056444693897874,0,-12927620050793547,0,1133536923759320,0,90274117761256,0,-5579533042100,0,84637624058,0,-275091684,0,-2344043,0,12492,0,1 # block t=7054 q=12T153 r=16 k=0
5905580032,0,27766292480,0,-55883530240,0,-258136788992,0,329859808577,0,610579722536,0,-953346501532,0,172301389576,0,130655699846,0,-8500417576,0,56227428,0,-16520,0,1 # block t=7054 q=12T153 r=16 k=0
2520295661475256576,0,2614810171533736448,0,-398006449832739776,0,18016819370060864,0,-1020282483644,0,-23605083164640,0,641556544312,0,-58496176,0,-274021672,0,4823600,0,-25780,0,-88,0,1 # block t=7054 q=12T154 r=16 k=0
542579573091798,0,964593158632488,0,-926845308794124,0,246561803504568,0,-19103989912110,0,-1226383268472,0,210885076848,0,-6863590656,0,-15055695,0,2540124,0,-13302,0,-180,0,1 # block t=7054 q=12T153 r=16 k=0
12588180695287012,0,74101970816190608,0,-217232567290993448,0,-49911595931089864,0,51401526051655958,0,18983326955933576,0,1410855127127804,0,-61800937361176,0,810408168404,0,-4461596872,0,9951208,0,-5812,0,1 # block t=7054 q=12T154 r=16 k=0
59046164976288557062,0,496193552842079449128,0,-198322770178176233820,0,29584953532269164248,0,-2005604232663754782,0,52129379325182904,0,375796491057120,0,-33203072291328,0,244426472937,0,-81913700,0,-1718286,0,-132,0,1 # block t=7054 q=12T153 r=16 k=0
2246378465216,0,-30974194340736,0,111619974246048,0,178206920140576,0,-1944066962011908,0,4162305176136064,0,-3001920636700928,0,177197162493328,0,27667768424132,0,-36552250080,0,-1348663768,0,144,0,1 # block t=7054 q=12T153 r=16 k=0
3485352048726129187,0,7431193354977134208,0,234591819172728936,0,-5695323806579970146,0,-2546756432969762826,0,103168868165935344,0,134743527659964876,0,-2533537085281992,0,17720824750488,0,-57325144376,0,85955805,0,-48792,0,1 # block t=7054 q=12T153 r=16 k=0
1435802006803746375,0,1517563068426900750,0,-22848752954814575,0,-42522934782452920,0,633226386707804,0,276472269576074,0,-4445033711663,0,-395616082608,0,13713585064,0,-162696874,0,814013,0,-1612,0,1 # block t=7054 q=12T153 r=16 k=0
6417411229636,0,3661128291600,0,-6424019569060,0,2016577967980,0,-48164993399,0,-71021325400,0,11233786980,0,-376852240,0,-38398694,0,3177000,0,-62440,0,-60,0,1 # block t=7054 q=12T153 r=16 k=0
67580912665939308775,0,-117044375014780524838,0,-213625475435353040601,0,647199190893611665074,0,-515994646787091963008,0,125003375894172017604,0,7140482824218419714,0,-83690156121892868,0,218354182417355,0,-6106138432,0,-432413137,0,302166,0,1 # block t=7054 q=12T153 r=16 k=0
475984455076,0,-1323646974912,0,1389572733576,0,-721896739456,0,215661358584,0,-40170826080,0,4869476520,0,-391548096,0,20902437,0,-727456,0,15762,0,-192,0,1 # block t=7054 q=12T153 r=24 k=0
1392705643172664281,0,-4818975000102534674,0,6539316748320130817,0,-4390078187219885940,0,1510176271937424420,0,-248132443716458680,0,15847363832770666,0,-347953389474438,0,3452198428636,0,-17138114824,0,41697504,0,-39944,0,1 # block t=7054 q=12T153 r=24 k=0
84832680964,0,-185946367584,0,164143667208,0,-78896166976,0,23582422008,0,-4704420096,0,650692440,0,-63465552,0,4362093,0,-207112,0,6474,0,-120,0,1 # block t=7054 q=12T153 r=24 k=0
94375133631581972153599,0,-98998655671747414188723,0,27402883604712465474994,0,-3331766715349971420678,0,209864981218546459980,0,-7459125489858266731,0,153782615492448691,0,-1799077174966175,0,11064848471183,0,-31268513224,0,35189966,0,-13416,0,1 # block t=7054 q=12T153 r=24 k=0
-18853547375,0,-46763610582,0,-32765605236,0,-6269439020,0,2030659596,0,1265797341,0,291291711,0,38589471,0,3239595,0,175735,0,5991,0,117,0,1 # block t=7055 q=12T153 r=2 k=2
-1154118286560681,0,-4331868998999430,0,-1985558177773943,0,-404833783175640,0,-46320125101236,0,-3229534097874,0,-138949806839,0,-3435946416,0,-31880136,0,633570,0,22421,0,252,0,1 # block t=7055 q=12T153 r=2 k=2
-610723499887759,0,-1681098423308565,0,2933300418259133,0,2298251164141801,0,562086807636230,0,60975664390109,0,3533027947437,0,119612824857,0,2447329007,0,30024840,0,209792,0,742,0,1 # block t=7055 q=12T153 r=2 k=2
-21528251173449931,0,-51624596603919616,0,-18551710468762098,0,-3149948867753896,0,-317506279798153,0,-20786569871648,0,-917162036684,0,-27407305392,0,-540217357,0,-6492064,0,-37346,0,24,0,1 # block t=7055 q=12T153 r=2 k=2
-10863005744870542064,0,-32263586512477917984,0,-6391859027405389464,0,-542936429809187544,0,-25752971143336687,0,-750296386306896,0,-13717751466588,0,-148318677184,0,-657858074,0,4570544,0,83452,0,472,0,1 # block t=7055 q=12T154 r=2 k=2
-84533248,0,-348454912,0,-304738304,0,-34328576,0,82267136,0,56036864,0,18382080,0,3692032,0,483760,0,41664,0,2280,0,72,0,1 # block t=7055 q=12T154 r=2 k=2
43524952947425296,0,182624070228771072,0,29687693864113416,0,1029329538391648,0,-92162869469775,0,-8908097267160,0,-253862663148,0,-238480632,0,115938342,0,1434520,0,-11508,0,-168,0,1 # block t=7055 q=12T153 r=8 k=0
646498484777426211072,0,704188723214388599808,0,-68074487803836885248,0,-5050182401140679424,0,558966323684616960,0,3180622676251392,0,-933280085510848,0,-3026489799936,0,512541744340,0,6876753072,0,25371836,0,9804,0,1 # block t=7055 q=12T153 r=8 k=0
656896261677088,0,3661962613430080,0,529974925601456,0,-600543779147760,0,-204044461171262,0,-26471926496464,0,-1638947914224,0,-42687180496,0,33825442,0,14598188,0,-31432,0,-400,0,1 # block t=7055 q=12T154 r=8 k=0
8525,0,67618,0,191284,0,177464,0,-197975,0,-620656,0,-578728,0,-220040,0,-3588,0,17930,0,2590,0,-206,0,1 # block t=7055 q=12T153 r=8 k=0
1335055663616,0,34335952801792,0,-308923202299904,0,-1992666791028736,0,-2525071273506928,0,-220237796706176,0,1137581930186976,0,494216263094336,0,23603560415736,0,-118539322144,0,-1347535464,0,1712,0,1 # block t=7055 q=12T153 r=8 k=0
13973923364086222848,0,-520797844485955584,0,-15932077129492862976,0,9803332494123386880,0,-1891859529459491072,0,33774259563684864,0,13744307230917376,0,532270008888576,0,7401644987888,0,35077207968,0,49307368,0,13288,0,1 # block t=7055 q=12T153 r=8 k=0
13753691568112,0,23281518344512,0,3834493721488,0,-7904522968160,0,-4215076580684,0,-784318852384,0,-51596323952,0,260985184,0,76212120,0,343104,0,-26860,0,-56,0,1 # block t=7055 q=12T154 r=8 k=0
3280892017978125,0,23942788406949375,0,52203688366102875,0,42266403874311900,0,9951557861987845,0,-1079215030463351,0,13187617763701,0,807043326205,0,-10670736212,0,-150524053,0,-34693,0,1449,0,1 # block t=7055 q=12T153 r=8 k=0
1265208720499703872,0,19142746299979510656,0,-11612304354917437440,0,1012070233997120704,0,572141644066800432,0,-126278219427486912,0,5227147842209088,0,271264447457568,0,2619521461836,0,8953281112,0,11710416,0,5916,0,1 # block t=7055 q=12T153 r=8 k=0
2300057063424,0,4478314635264,0,-359773079552,0,-424238782464,0,33237793536,0,7790312448,0,-286706432,0,-66700032,0,-722640,0,197216,0,9688,0,168,0,1 # block t=7055 q=12T153 r=8 k=0
535282064411161,0,994948202556728,0,461066836913250,0,65725073946476,0,2281161986021,0,-238663149800,0,-22312870996,0,-397826232,0,17499061,0,575032,0,-4426,0,-188,0,1 # block t=7055 q=12T154 r=8 k=0
42486625133121107002768,0,186364646518532626104608,0,324321986924243144906392,0,275043007446268135554376,0,103654174211201403439449,0,1086355057656483268352,0,-9304784504297956420876,0,-1034061446341919194896,0,289754439269935729458,0,12254603286946080,0,-180379342868908,0,-1688,0,1 # block t=7055 q=12T153 r=8 k=0
13819274008777,0,-21091120620044,0,-174623901185390,0,506355292833956,0,-362373259869457,0,-83489120796184,0,105649203688124,0,16654271781800,0,477862868743,0,3454141284,0,8208498,0,5876,0,1 # block t=7055 q=12T154 r=8 k=0
3438553816,0,22048092048,0,17821498212,0,-831170672,0,-4691048061,0,-1347089856,0,-51887308,0,18034728,0,1058442,0,-65152,0,-2808,0,24,0,1 # block t=7055 q=12T153 r=8 k=0
402734901942574538359,0,1903765696434670825202,0,2867806604909696543771,0,1835867737404241669000,0,508559860063437078477,0,50961736970480642192,0,1002030568784332852,0,-17486597339846384,0,54451208531267,0,22453555122,0,-237290786,0,200304,0,1 # block t=7055 q=12T153 r=8 k=0
2599609476627875,0,-295046723193606,0,-54083398229162767,0,90833201171701386,0,3264938860853900,0,-57234095593283054,0,19490352314104061,0,-464693080295102,0,2599245994552,0,4566159010,0,-59567443,0,99962,0,1 # block t=7055 q=12T153 r=16 k=0
7487350306037731,0,-9626732049706778,0,-11039723196872337,0,20999825052580668,0,-9601507145603841,0,1182513478790968,0,69984751388400,0,-5090317665514,0,85909327898,0,-362491978,0,-1982969,0,13176,0,1 # block t=7055 q=12T153 r=16 k=0
189483557300261846772593,0,394406119567366012476820,0,-47522631883013564530286,0,2399671840108724927348,0,-66429730760937409941,0,1070495527486982824,0,-9337791017890068,0,23494834947304,0,304606931819,0,-2760246092,0,6219482,0,5396,0,1 # block t=7055 q=12T153 r=16 k=0
24555729024298064749,0,113715232944278580264,0,194090946934134239704,0,142431838854118293792,0,34742980786126618155,0,-2685547122727439023,0,70984391118400594,0,-878223169234610,0,5310372191882,0,-14736597904,0,17844464,0,-8595,0,1 # block t=7055 q=12T153 r=16 k=0
20867517625504754665,0,-192882540039689470918,0,-3116403300560489479758,0,-8671606977626196242740,0,-8456813262290155235409,0,-2179533932096756077522,0,506958156444701852535,0,-3494497794645209214,0,8640117960556688,0,-9707763926164,0,4983717939,0,-947228,0,1 # block t=7055 q=12T153 r=16 k=0
720762225107239173871,0,-2110296571453014885816,0,-723701805023636886542,0,8319675513936527793560,0,-10068493979858397583215,0,4427477900334688374288,0,-591323071565164779600,0,-54334303954784352,0,2074067791768271,0,42029924280,0,-859538830,0,-104,0,1 # block t=7055 q=12T154 r=16 k=0
187876671400674684,0,650919209115000576,0,-235618932397813640,0,24930634919063872,0,-881657249576614,0,-10389032031688,0,1289258913696,0,-16901971312,0,-349167494,0,8546008,0,-35452,0,-200,0,1 # block t=7055 q=12T153 r=16 k=0
328177419497616282031,0,2560798590761462193912,0,-133374847158762013482,0,-5815047786366364448,0,634965340634999001,0,-21264340156558704,0,367782067246920,0,-3506643496800,0,16315689879,0,-8783960,0,-198114,0,336,0,1 # block t=7055 q=12T154 r=16 k=0
38970880263376,0,-93512073558144,0,87812638503264,0,-42093786916544,0,11457133823106,0,-1869604887528,0,186966285504,0,-11412451080,0,414244692,0,-8566568,0,94848,0,-504,0,1 # block t=7055 q=12T153 r=24 k=0
16529963413504,0,-25449761153024,0,14027252701184,0,-4166334306304,0,776886578432,0,-97858952192,0,8638765312,0,-542373376,0,24148464,0,-745952,0,15208,0,-184,0,1 # block t=7055 q=12T153 r=24 k=0
1598802202923059497,0,-4185945303291450052,0,4596279274198249522,0,-2732080313832068788,0,944164033203607651,0,-188523849264045816,0,20172934253753516,0,-979489923656984,0,20009595182315,0,-142136696116,0,321927818,0,-35620,0,1 # block t=7055 q=12T153 r=24 k=0
2077031936474828009,0,-2393625076461371416,0,538727490990043180,0,-58742527984283886,0,3868088965050456,0,-169065047398776,0,5136199901875,0,-110612751288,0,1688929308,0,-17924598,0,125984,0,-528,0,1 # block t=7055 q=12T153 r=24 k=0
8515372857346,0,-12957967210200,0,8128121645180,0,-2868301746648,0,642894491936,0,-96930415340,0,10082516796,0,-726262220,0,35672799,0,-1150544,0,22702,0,-240,0,1 # block t=7055 q=12T154 r=24 k=0
442668229480711,0,-612313847478552,0,288639478475334,0,-71936656223176,0,11086166513697,0,-1135169180400,0,79833839036,0,-3892713216,0,130294131,0,-2901608,0,40410,0,-312,0,1 # block t=7055 q=12T153 r=24 k=0
427377396084185,0,-637291840836577,0,387909846628696,0,-128226606902216,0,25546972937936,0,-3202894654915,0,256198962406,0,-13047307168,0,417444301,0,-8116506,0,89408,0,-486,0,1 # block t=7055 q=12T153 r=24 k=0
1585064565970531088,0,-4661256581495025600,0,5645486863977513152,0,-3635513549301700416,0,1340888655808732888,0,-283887423598597024,0,32598815790785848,0,-1786174757674496,0,40816077716937,0,-286613946252,0,623706590,0,-49484,0,1 # block t=7055 q=12T153 r=24 k=0
121055457524535703766395,0,-311561953705983914902264,0,326315678521663868688244,0,-176413380352428829945524,0,51131366127008537075939,0,-7324952264213883524276,0,386923194527587903250,0,-2777866691969576226,0,7344003696962539,0,-8867779973174,0,4961647627,0,-1043628,0,1 # block t=7055 q=12T153 r=24 k=0
398189411013714628159,0,990291114823208942208,0,962563705659946440894,0,474731232174793199560,0,126716620411730038905,0,17656119498601623600,0,1072776481682522712,0,13188637757935152,0,59298150170439,0,113180646496,0,84860742,0,17400,0,1 # block t=7056 q=12T154 r=0 k=0
65617,0,-160554,0,152721,0,-69746,0,52020,0,-13554,0,11229,0,-4302,0,1134,0,-422,0,123,0,-18,0,1 # block t=7056 q=12T154 r=0 k=0
1,0,2,0,29,0,23,0,75,0,464,0,945,0,964,0,580,0,222,0,57,0,10,0,1 # block t=7056 q=12T154 r=0 k=0
9829753156,0,44994619860,0,85883725821,0,86552545514,0,49523759109,0,16140367440,0,2847204762,0,254856204,0,14992758,0,559148,0,13737,0,186,0,1 # block t=7056 q=12T154 r=0 k=0
104082675909793,0,-545888108229212,0,1185618877910882,0,-1364573905665708,0,877110141099567,0,-297499570334648,0,40641854098140,0,486138634952,0,21798288143,0,97580052,0,1755106,0,1508,0,1 # block t=7056 q=12T154 r=0 k=0
11828451905056,0,1939481409648,0,1140671129772,0,178840839604,0,54766660365,0,6269545296,0,1241125152,0,83891304,0,10364769,0,-40460,0,-4002,0,12,0,1 # block t=7056 q=12T154 r=0 k=0
469960921191319529,0,384396361977622032,0,38325265007546650,0,-15096261452722400,0,1474308522582037,0,-46047065574348,0,-4176982470612,0,286686672884,0,8579087965,0,-67985412,0,359274,0,-764,0,1 # block t=7056 q=12T154 r=0 k=0
3400162,0,-6238416,0,7955352,0,-6588572,0,3969018,0,-1814400,0,640086,0,-174888,0,36477,0,-5588,0,582,0,-36,0,1 # block t=7056 q=12T154 r=0 k=0
61991157669601,0,-224790928881606,0,300463003472091,0,-170890604830786,0,29709564886782,0,3412587826746,0,102850081305,0,2317206258,0,52768980,0,320006,0,12069,0,-6,0,1 # block t=7056 q=12T154 r=0 k=0
194052422329,0,-515347449954,0,587401346165,0,-356722284963,0,113505355835,0,-12814796476,0,-1861881867,0,308486720,0,54113640,0,2706574,0,52661,0,122,0,1 # block t=7056 q=12T154 r=0 k=0
68509732,0,175859380,0,183705157,0,99505490,0,29894885,0,5425328,0,873610,0,143804,0,7542,0,-84,0,177,0,-30,0,1 # block t=7056 q=12T154 r=0 k=0
67038079337,0,-344133591300,0,754403463066,0,-913341085572,0,648087676543,0,-254220778696,0,41129953484,0,961963416,0,75230583,0,-709044,0,59962,0,364,0,1 # block t=7056 q=12T154 r=0 k=0
51145830863763324097,0,2328933591716233420,0,1131826187336022178,0,-33288638714625316,0,-9082904846097681,0,-387437385924968,0,-7064634160932,0,24646566683416,0,3080925862703,0,35009180,0,3500962,0,12,0,1 # block t=7056 q=12T154 r=0 k=0
7843310533,0,4435518144,0,-450655296,0,-309322040,0,30677895,0,-584784,0,1230396,0,-226224,0,7515,0,400,0,156,0,-24,0,1 # block t=7056 q=12T154 r=0 k=0
26556523202308801,0,29476442317502556,0,9788171767528830,0,974280009615404,0,73005507965853,0,4354207058628,0,151182792132,0,4278342132,0,124266573,0,-2099968,0,-19170,0,120,0,1 # block t=7056 q=12T154 r=0 k=0
-10876813082,0,-11221697760,0,12814994946,0,18179511592,0,9001973727,0,2470853304,0,426752664,0,48821760,0,3760272,0,193000,0,6330,0,120,0,1 # block t=7056 q=12T153 r=2 k=2
-1161314099972318,0,-4791908416246840,0,-1691027807072468,0,-267138154785256,0,-23765176638744,0,-1250750965852,0,-34849018660,0,-64129740,0,33100663,0,1284080,0,24222,0,240,0,1 # block t=7056 q=12T154 r=2 k=2
-543409977412125296,0,-878344865070782304,0,-260647175474591784,0,-36876510959610712,0,-3081396595142583,0,-165283091979408,0,-5862065424636,0,-136502671968,0,-1982915550,0,-15461680,0,-29724,0,312,0,1 # block t=7056 q=12T153 r=2 k=2
-99090084714472285304,0,-88463101072497655008,0,51414126224902001424,0,41320352588344950368,0,9042754594167632472,0,837036756696576192,0,34958230438461392,0,603510776183352,0,3659880993045,0,9773326156,0,12054258,0,6204,0,1 # block t=7056 q=12T153 r=2 k=2
-69223992229353459375,0,-110524518121496206275,0,-30723027276827237045,0,-3758635745290593652,0,-250645811940531906,0,-9913083116782848,0,-237991159135404,0,-3365521215286,0,-24737631055,0,-50934482,0,344012,0,1536,0,1 # block t=7056 q=12T153 r=2 k=2
-9066589206401476,0,-107367186705027408,0,-41342150165781656,0,-7057196723709440,0,-694143301384944,0,-43215471288992,0,-1759417321352,0,-46478638280,0,-751636619,0,-6161700,0,-3514,0,276,0,1 # block t=7056 q=12T153 r=2 k=2
-25741953832951586816,0,-73977894703967158272,0,-9145151634776813568,0,-449967791994425344,0,-8950990765592064,0,85217314661376,0,9317496141824,0,250242668544,0,3791590800,0,35841376,0,209736,0,696,0,1 # block t=7056 q=12T153 r=2 k=2
-619796997411516655411,0,-824977576879336656516,0,2069502715149491960446,0,442908881965039510644,0,33204750461623451481,0,1164040852454859208,0,20826883761427596,0,197582518661696,0,1043008403873,0,3089758244,0,4898010,0,3652,0,1 # block t=7056 q=12T153 r=2 k=2
-1884286829258269561792,0,-6953425970544748251520,0,-9781579662320485425456,0,-6333175737850102177616,0,-1629674656926807363615,0,59372612533350394892,0,70316428736713982752,0,618310114378883176,0,1685653967519612,0,1573995053884,0,506256300,0,56184,0,1 # block t=7056 q=12T154 r=2 k=2
-332340167629495687268,0,-5188856161068474516752,0,-31329096995811120349544,0,-91939570880233698403744,0,-132868815418720416574872,0,-77930880579482445286368,0,2828347008899499582736,0,12613329090746567759832,0,126287156138279412381,0,193789665147704764,0,39266892766974,0,13290932,0,1 # block t=7056 q=12T153 r=2 k=2
-706506236593,0,75223913425976,0,446725602287174,0,802618922290784,0,610912744174313,0,206276497531488,0,28451561564824,0,1177822146224,0,21500345959,0,193444056,0,843774,0,1568,0,1 # block t=7056 q=12T154 r=2 k=2
-124841073628337707268,0,-539547894139756084240,0,-127653749556935788632,0,-13650766917735897600,0,-852089287503297840,0,-34086189502204000,0,-904599730733800,0,-15903973245160,0,-178322525947,0,-1153585300,0,-3242058,0,420,0,1 # block t=7056 q=12T153 r=2 k=2
-9515036051873549,0,-18028499093601126,0,1782095052910152,0,1927544198911258,0,353248073423100,0,32305176387324,0,1767871259268,0,61771265640,0,1400753205,0,20199856,0,173190,0,750,0,1 # block t=7056 q=12T153 r=2 k=2
-10297128922308752198319,0,-65938341587264006443900,0,-23360296322545433171390,0,-1981448497919838507340,0,-67405148662005060657,0,-1072758738591028600,0,-8352423185322020,0,-28763242027000,0,6390624575,0,391328500,0,1309570,0,1860,0,1 # block t=7056 q=12T153 r=2 k=2
-4090864004,0,-10181233104,0,-9452718168,0,-4478359424,0,-1171429200,0,-150984288,0,1122072,0,3746232,0,647253,0,57820,0,2982,0,84,0,1 # block t=7056 q=12T153 r=2 k=2
345432692801455300,0,791373737763276000,0,121106289668086056,0,4529503409231480,0,-337882396428162,0,-41634885805992,0,-1893793143756,0,-45912347136,0,-580405032,0,-2250400,0,29244,0,348,0,1 # block t=7056 q=12T154 r=4 k=1
456488709835405,0,1674527271883986,0,1570423015572115,0,689194005352986,0,165968269915506,0,22786034110314,0,1717674404290,0,61516889030,0,536502915,0,-22608008,0,-568227,0,-3612,0,1 # block t=7056 q=12T153 r=4 k=1
40768039154116,0,63676471580448,0,16928614136136,0,1094284370624,0,-150703153416,0,-27591482880,0,-1279419240,0,48342384,0,8440317,0,437144,0,11802,0,168,0,1 # block t=7056 q=12T153 r=4 k=1
20343020950160537,0,120347744302301956,0,220180925843501010,0,197086321604158180,0,99497980295390051,0,29497948577843512,0,5006371692213420,0,434212308719128,0,13375967500091,0,-69574692364,0,-1218422870,0,180,0,1 # block t=7056 q=12T153 r=4 k=1
879961386384,0,898564045248,0,-1906913038464,0,-1456980601536,0,789336181800,0,645394415328,0,138029428632,0,12096648000,0,500993217,0,10431660,0,109206,0,540,0,1 # block t=7056 q=12T153 r=4 k=1
23012697918985538563073,0,45776144876633674505284,0,18941482262902529161090,0,3677380796809958685492,0,405560696477240960495,0,26989237413607081096,0,1074668032327837980,0,23409151038657672,0,201149751804399,0,-577870328012,0,-4872483966,0,68,0,1 # block t=7056 q=12T153 r=4 k=1
43627782847621255642057,0,61654795468814278231344,0,4689363526607415007968,0,126206403319994644620,0,524249810736999783,0,-47458703919305952,0,-1243147175318512,0,-14713243818984,0,-92307532161,0,-274161648,0,-135552,0,828,0,1 # block t=7056 q=12T153 r=4 k=1
9099040038315584821,0,20229132542348421830,0,15371663753657735596,0,5759161160165531966,0,1186505735693628087,0,135258343515263374,0,7840849674242774,0,182901847296804,0,1384244370512,0,-1032490504,0,-40815964,0,-97122,0,1 # block t=7056 q=12T153 r=4 k=1
3048167314,0,3589847472,0,-439490796,0,-1397386616,0,-512719596,0,-52065468,0,12371460,0,4720608,0,706707,0,60016,0,3018,0,84,0,1 # block t=7056 q=12T154 r=4 k=1
37825760254676187889,0,9649413734213211980836,0,3706316456976955861394,0,619116723837972268916,0,58633689184111007311,0,3433043473003396808,0,126444126470024508,0,2814482099617672,0,32668818085279,0,92829740564,0,-1072281006,0,-32764,0,1 # block t=7056 q=12T153 r=4 k=1
671820071277851014249,0,912316719811636578028,0,259163753141918434170,0,34498395802998998028,0,2599012715603384339,0,117116799794709192,0,3081023918176748,0,40225435970600,0,46556295099,0,-4378320292,0,-29578430,0,-1316,0,1 # block t=7056 q=12T153 r=4 k=1
15310555309375,0,30661135139420,0,9049909068592,0,-4879368571848,0,-2495720023660,0,-440233680629,0,-38707070901,0,-1736027707,0,-30290829,0,377233,0,22047,0,275,0,1 # block t=7056 q=12T153 r=4 k=1
324938529833004314734,0,1465036488283666551960,0,2369210775650442350172,0,1712651588125838353336,0,557134881753014883978,0,77684040125788981656,0,4141038009501083768,0,53132850875894784,0,24058562308845,0,-81679137076,0,-34285698,0,12804,0,1 # block t=7056 q=12T153 r=4 k=1
7428595508118607101952,0,-42655614786543749693440,0,-18355193882512794320896,0,327615772307017279062016,0,44885821838559452329948,0,-756128099092224547102528,0,-497784211467597814462224,0,-27703605437273243939696,0,-309891953686465258132,0,-979693549717596160,0,-176004534609544,0,13621944,0,1 # block t=7056 q=12T153 r=8 k=0
905216,0,-2195456,0,-2895872,0,4620288,0,2985984,0,-1325568,0,-939968,0,-122880,0,20736,0,7680,0,896,0,48,0,1 # block t=7056 q=12T153 r=8 k=0
16296006184229925762048,0,76821388494949652385792,0,91449508266465635103232,0,25793022375063519931392,0,2061652330981603739968,0,-18021587445291239936,0,-1683456227807433088,0,461560964653440,0,128519892722688,0,10728832768,0,-866247576,0,-160,0,1 # block t=7056 q=12T153 r=8 k=0
22570539389449937615104,0,-40940181596724156668416,0,-180397557377094647063680,0,-161029878835086168427904,0,-57088179887308839455728,0,-7962075891052933579200,0,-249372358730903641024,0,-54172263821612128,0,1257354456232768,0,704220061072,0,-85044240,0,-33016,0,1 # block t=7056 q=12T154 r=8 k=0
1963182625,0,1466710890,0,-3323551851,0,-416563700,0,699490908,0,137090664,0,-28189218,0,-11896074,0,-1577016,0,-99692,0,-2712,0,0,0,1 # block t=7056 q=12T153 r=8 k=0
366641474800,0,1218619065920,0,582177916112,0,-1267979423216,0,-1242628537054,0,-219657258952,0,45384159328,0,3875393920,0,-288755628,0,-16891936,0,-174752,0,64,0,1 # block t=7056 q=12T153 r=8 k=0
296047098286056976,0,1066899034854408160,0,1372811646116476200,0,781392842131829176,0,190716820648180289,0,10536921768906716,0,-1762010452200688,0,-14947011312312,0,233174522140,0,-165757324,0,-1564516,0,1232,0,1 # block t=7056 q=12T154 r=8 k=0
31350476365973756,0,-25154961827523451536,0,-64554497518905523736,0,-55294570177802799360,0,-19086486062788352624,0,-2813047622318668896,0,-133322595160705768,0,3277352838506520,0,136069510188101,0,-54095340180,0,-1803177610,0,36,0,1 # block t=7056 q=12T153 r=8 k=0
48427561125,0,10125602768628,0,119084210947881,0,150909708209157,0,55468860619347,0,3117971973069,0,-63332052876,0,-5875649118,0,11364138,0,2778435,0,-10647,0,-237,0,1 # block t=7056 q=12T153 r=8 k=0
10437673,0,62262134,0,-22674813,0,-235655394,0,244856163,0,-45510766,0,-19569960,0,2241322,0,1058615,0,117544,0,5854,0,132,0,1 # block t=7056 q=12T153 r=8 k=0
34208795933293795425,0,79961295504973234140,0,35454225627364946778,0,6533683667209180476,0,597756753209944159,0,28440836079764472,0,624251162058700,0,993811563480,0,-179960527873,0,-1633649556,0,10610842,0,-6356,0,1 # block t=7056 q=12T153 r=8 k=0
520802512009212216592,0,1309544513364283617600,0,233851787733299272968,0,-3824991781967960880,0,-587913077513270127,0,3434900610026040,0,237348774115228,0,-112514827320,0,-17981960922,0,-36204536,0,304404,0,1128,0,1 # block t=7056 q=12T153 r=8 k=0
114988175683299,0,478953443296662,0,-604350453333484,0,-11226037746402,0,19179126862388,0,-191835097098,0,-140941615154,0,-1562715942,0,345699470,0,13572798,0,173299,0,752,0,1 # block t=7056 q=12T153 r=8 k=0
3545933592867152002925,0,-925617847699845410298,0,-19783493356328688318064,0,29049946382636157874044,0,-14015997238464344433859,0,1574401017348492295760,0,292544802814344700256,0,2374388060948950948,0,6660608394400984,0,8363422227074,0,4831634822,0,1047098,0,1 # block t=7056 q=12T153 r=8 k=0
4932,0,19224,0,-49464,0,-92628,0,130977,0,74088,0,-44556,0,-23472,0,1854,0,2448,0,468,0,36,0,1 # block t=7056 q=12T153 r=8 k=0
3363336725625,0,-31336616473347816,0,41778010643651088724,0,149685587563030032259,0,136067287881673539854,0,4111289234307973064,0,24652044091912762,0,-216058319032564,0,-1430490555671,0,4346006483,0,1125470,0,-5000,0,1 # block t=7056 q=12T153 r=12 k=2
13417,0,1545116586,0,26997398190511,0,8046034956843230,0,119042253908825711,0,353423180026226266,0,160165796611647748,0,-6171118247495910,0,68366331954227,0,-315617024692,0,645692654,0,-483836,0,1 # block t=7056 q=12T153 r=12 k=2
72506701716743051200,0,391867277975187536640,0,296639814880842877376,0,94235131255325840128,0,14790653374551698768,0,1084721256381836096,0,21375644970938144,0,-761136828674176,0,5955291041484,0,-17609912576,0,20982100,0,-9536,0,1 # block t=7056 q=12T154 r=12 k=2
34359738368,0,0,0,-6035068682240,0,0,0,281100281094169,0,0,0,-3135519571841020,0,0,0,27996351217922,0,0,0,-1348670596,0,0,0,1 # block t=7056 q=12T153 r=12 k=2
435603889436757782528,0,-7208941535495305207808,0,-15294361576412648114176,0,29779853465011832985600,0,9424821941891820104960,0,-2477498289803217183744,0,17361915280618650880,0,372472443286985216,0,-2274609987253264,0,-5964767038432,0,-2169165240,0,-3752,0,1 # block t=7056 q=12T153 r=12 k=2
37683420070000,0,31061839070400,0,-61178437433328,0,-15523777626192,0,33085157888530,0,-7102670164600,0,-679759030144,0,81642923928,0,153265156,0,-76339352,0,-672856,0,-64,0,1 # block t=7056 q=12T153 r=12 k=2
95607602233,0,302583015878,0,298797449777,0,119075286952,0,11877184728,0,-3981120088,0,-702274318,0,75370654,0,8627296,0,-1289352,0,54256,0,-792,0,1 # block t=7056 q=12T153 r=12 k=2
2684023612,0,10356847152,0,7543998184,0,-7582121216,0,-4306172720,0,3408992864,0,-309810440,0,-109054600,0,12588821,0,347580,0,-34714,0,-12,0,1 # block t=7056 q=12T153 r=12 k=2
364350461484032,0,-124179716028315648,0,5320407960648740096,0,344262925310073284352,0,1576301223418474384784,0,989752250355841924096,0,-165446226942660973696,0,384828707265956448,0,710332490566000,0,-891677930272,0,22644248,0,41968,0,1 # block t=7056 q=12T154 r=12 k=2
451226782838908,0,3653057716834352,0,-6149521980494528,0,-24922688825897608,0,18212859874324102,0,11476759660681736,0,-4248848451292092,0,-16921009702400,0,325634630740,0,528120944,0,-4496224,0,-492,0,1 # block t=7056 q=12T154 r=12 k=2
1289234235276,0,3937626104784,0,2204467744288,0,306331464048,0,-34912514418,0,-6755531432,0,351660016,0,45553304,0,-2561814,0,-75888,0,7264,0,-152,0,1 # block t=7056 q=12T153 r=12 k=2
28318293332662789368925,0,152490989436607172650170,0,230765097320362205198757,0,159375240836366134020386,0,56368494847351403385948,0,9866057653000998734922,0,651594978500622855927,0,-5561526437604580140,0,14442383505452013,0,-16109378182090,0,8103839298,0,-1510992,0,1 # block t=7056 q=12T153 r=12 k=2
35287297178794882433,0,254781173889555378230,0,127916968378460471949,0,25419735026335173968,0,2325383675862500430,0,78246742723486556,0,-1180106340192844,0,-72919290364140,0,1511342360210,0,-10874240534,0,34053908,0,-39668,0,1 # block t=7056 q=12T153 r=12 k=2
2137708183552,0,66739245187072,0,245944363352320,0,-479232201719552,0,-1496599837084823,0,-1173451899395936,0,-327113886179076,0,-14470018641952,0,2690424788242,0,-67547731808,0,245795396,0,-32928,0,1 # block t=7056 q=12T153 r=12 k=2
1304298210575170140975,0,2635682245535372770944,0,-274882698513899336450,0,11030733669555663484,0,-199602093708788608,0,797880498316991,0,29087259746983,0,-462236825011,0,1456129795,0,19557329,0,-166573,0,211,0,1 # block t=7056 q=12T153 r=16 k=0
140916184880000377415207,0,142894861592828497675878,0,-476477198763444880951153,0,328757596169443126546962,0,-85771683174698514393143,0,5825390398717755187584,0,524817411137945854184,0,-4881602694431794430,0,9866926053875236,0,-2230057663476,0,-5713471557,0,2742712,0,1 # block t=7056 q=12T153 r=16 k=0
6456178314376568131609,0,13198212581943943658252,0,-8758070024463645578206,0,2085297787146231225672,0,-241861129009822387579,0,13810434920862454656,0,-303698547424847276,0,-814001721826448,0,14437082217925,0,25191910572,0,-9946250,0,-10784,0,1 # block t=7056 q=12T154 r=16 k=0
350739757036832656,0,1629773554456142304,0,1592851722408043288,0,-789661415888746056,0,-791949196833499239,0,298515863458072464,0,55920962714129980,0,-26851453734493152,0,1763120681792690,0,-13485205808720,0,26936903724,0,-327768,0,1 # block t=7056 q=12T153 r=16 k=0
59885094302388131500032,0,100163877777170059239424,0,776217540907595937792,0,-445427717779757402112,0,-1291029199522619648,0,393174935496967168,0,-5636113163089664,0,30365568871168,0,-45639569552,0,-207581280,0,1033400,0,-1704,0,1 # block t=7056 q=12T153 r=16 k=0
7242585356868088832,0,763561099423558856704,0,-305277785445844365312,0,41150928538616967168,0,-1610994927872105600,0,-87484817856319232,0,8200555622951104,0,-153628679495232,0,-557466322604,0,25492556832,0,-97848620,0,-3460,0,1 # block t=7056 q=12T153 r=16 k=0
18670085825145266,0,-129236284593858376,0,-663161862260890660,0,-916195079070752392,0,-398316329665567792,0,60690451106865596,0,56932977051636092,0,-1070678295297588,0,6882119878607,0,-18145542864,0,20290238,0,-9024,0,1 # block t=7056 q=12T154 r=16 k=0
44092440430920632534396,0,184443216219369759270144,0,184480078262017668265072,0,-73356897424378455734104,0,-145405347154448672033554,0,-10949353097990767076024,0,20074439009547506355908,0,-67357006834751021224,0,77228187000325776,0,-36102449492528,0,6182150236,0,-152300,0,1 # block t=7056 q=12T154 r=16 k=0
78556622117739275247161,0,77466384656906242561756,0,-2683665416563410993070,0,-9703081431421814632,0,1589424470943316517,0,-25478254804290424,0,105615658716172,0,1269590018976,0,-17746981899,0,82124116,0,-98338,0,-384,0,1 # block t=7056 q=12T154 r=16 k=0
19272750772,0,-38368709760,0,32943397064,0,-16423166720,0,5348054296,0,-1205875456,0,193833744,0,-22442560,0,1861321,0,-108000,0,4166,0,-96,0,1 # block t=7056 q=12T153 r=24 k=0
1002018675673,0,-2446364139041,0,2334613711936,0,-1146994622202,0,326317014746,0,-57469069405,0,6549521508,0,-495062660,0,24952425,0,-825256,0,17100,0,-200,0,1 # block t=7056 q=12T153 r=24 k=0
34363251746205439052176,0,-97118976903549949225440,0,109638822755468371425992,0,-62599068908556272771160,0,18662627267183040017249,0,-2628738631232836091612,0,120897273626262126692,0,-845374029455213412,0,2021789447138834,0,-1680087842828,0,509099812,0,-54860,0,1 # block t=7056 q=12T154 r=24 k=0
1243502675734037125,0,-1184895150097147576,0,280993423981536140,0,-32821422466019536,0,2316362906217043,0,-108326463278128,0,3515252998576,0,-80757513216,0,1314166511,0,-14855480,0,111172,0,-496,0,1 # block t=7056 q=12T153 r=24 k=0
502103115029025,0,-681025658921220,0,355596858524866,0,-98026336017204,0,16168106684079,0,-1700319662856,0,118004908828,0,-5489637768,0,171067407,0,-3501556,0,44866,0,-324,0,1 # block t=7056 q=12T153 r=24 k=0
1210007669335988830208,0,-4733492883030398599168,0,7697594303694672665600,0,-6685859967908954020864,0,3300138500939210933884,0,-899993718440395846464,0,117817730417525171296,0,-4728852775267936464,0,61414285562146708,0,-160456755998944,0,113799725840,0,-677256,0,1 # block t=7056 q=12T153 r=24 k=0
31148531143757635200049,0,-75221364047176717586412,0,58775979922366750600530,0,-16574231418894942839132,0,1969264950571208353743,0,-100351740323158971480,0,2189435781008181948,0,-18307146485027736,0,61151488772319,0,-86837909180,0,51499794,0,-12300,0,1 # block t=7056 q=12T153 r=24 k=0
47308271530301127171008,0,-136955896886091509566848,0,162162783654319285281184,0,-101098361218345737348064,0,35454906892158322106748,0,-6856452658904508719200,0,649504361382860783008,0,-21486394919009842096,0,233352629488739620,0,-456880331022960,0,246392757272,0,-990960,0,1 # block t=7056 q=12T153 r=24 k=0
143822848,0,-341473280,0,377323520,0,-255188480,0,117206784,0,-38419712,0,9207744,0,-1627648,0,211456,0,-19824,0,1284,0,-52,0,1 # block t=7057 q=12T154 r=0 k=0
12666376,0,7747320,0,-37193100,0,-23974160,0,53380980,0,53642340,0,8901042,0,-3533940,0,349470,0,-26510,0,1749,0,-60,0,1 # block t=7057 q=12T154 r=0 k=0
1265349107235523561,0,7375425871822886636,0,18095801664392161034,0,23934708759623822572,0,18000320731837254975,0,7291700995062034328,0,1237412918318519020,0,-2916431297124744,0,34621687102135,0,-151539241476,0,210211370,0,6172,0,1 # block t=7057 q=12T154 r=0 k=0
11828451905056,0,-1939481409648,0,1140671129772,0,-178840839604,0,54766660365,0,-6269545296,0,1241125152,0,-83891304,0,10364769,0,40460,0,-4002,0,-12,0,1 # block t=7057 q=12T154 r=0 k=0
13892887692496448,0,3559822917523904,0,2130554306897968,0,351661920568560,0,89192584699428,0,770832666168,0,132280850404,0,1632779856,0,204386958,0,96580,0,9702,0,12,0,1 # block t=7057 q=12T154 r=0 k=0
484,0,-2816,0,7708,0,-13320,0,16258,0,-14728,0,10116,0,-5292,0,2090,0,-608,0,124,0,-16,0,1 # block t=7057 q=12T154 r=0 k=0
760714,0,1668720,0,479898,0,-209488,0,952821,0,758376,0,-13368,0,-135504,0,-21816,0,8648,0,2526,0,0,0,1 # block t=7057 q=12T154 r=0 k=0
5469962625821089,0,21741120178226968,0,34378345058705642,0,27325643101824016,0,11339017695183817,0,2324646511923168,0,213003480241338,0,8896538762848,0,182662406578,0,1918360016,0,9925188,0,20232,0,1 # block t=7057 q=12T153 r=0 k=0
1860571353616,0,2892070516128,0,1786744875528,0,618068131800,0,136999855745,0,20794771632,0,2235266344,0,172398536,0,9505154,0,366384,0,9392,0,144,0,1 # block t=7057 q=12T154 r=0 k=0
2689993,0,-4059150,0,1999533,0,-319946,0,-12330,0,18882,0,-2451,0,1170,0,522,0,-122,0,57,0,-6,0,1 # block t=7057 q=12T154 r=0 k=0
846076269,0,-3136827516,0,5656093206,0,-6345538413,0,4629467209,0,-2068887570,0,489696853,0,-4034169,0,-3303556,0,-6156,0,12263,0,96,0,1 # block t=7057 q=12T154 r=0 k=0
65941351504019456,0,7636939363188736,0,3181864471150592,0,799080530436096,0,208607181059072,0,37511795815424,0,5165394682624,0,436897355264,0,27268762400,0,-6219680,0,-310808,0,24,0,1 # block t=7057 q=12T154 r=0 k=0
81034710721,0,156659329284,0,126913302398,0,57211481948,0,16101401923,0,2990141680,0,376639036,0,32778416,0,2036035,0,96172,0,3534,0,84,0,1 # block t=7057 q=12T154 r=0 k=0
688351018,0,4825515504,0,15078146398,0,27682636812,0,33167243045,0,27251593600,0,15688137480,0,6317417464,0,1720908088,0,288207984,0,22586258,0,412,0,1 # block t=7057 q=12T154 r=0 k=0
12431526765344538697,0,10335698228377503140,0,2088171670290058938,0,208384417498101252,0,12555975114152511,0,499057209893256,0,13658360322060,0,261863382760,0,3509101783,0,32133460,0,190938,0,660,0,1 # block t=7057 q=12T154 r=0 k=0
2729705,0,9650276,0,9612618,0,1024916,0,-4168513,0,-3190328,0,-1088276,0,-184248,0,-8137,0,2516,0,490,0,36,0,1 # block t=7057 q=12T153 r=4 k=2
471979081397935136,0,667261713384890944,0,98918977483906928,0,4485741348308752,0,-88395391646782,0,-16076791873376,0,-606670804192,0,-7645941768,0,115247606,0,5249580,0,72248,0,444,0,1 # block t=7057 q=12T154 r=4 k=2
5377106176458986573824,0,6071010244451361435648,0,521156484694637636608,0,12845570498710440960,0,-159410466404414976,0,-13246830274006272,0,-206308976654720,0,524019233600,0,53759226672,0,686191744,0,3790644,0,8088,0,1 # block t=7057 q=12T153 r=4 k=2
66790443656461149,0,193263687095615820,0,53368643811615118,0,4448184420837780,0,15102851464359,0,-18453157695432,0,-1211303136236,0,-36188583192,0,-541892901,0,-2889540,0,21374,0,324,0,1 # block t=7057 q=12T153 r=4 k=2
188193916,0,-282941232,0,-1532083920,0,-1218189560,0,-372294810,0,-25876872,0,14102700,0,4654944,0,689940,0,59080,0,3000,0,84,0,1 # block t=7057 q=12T154 r=4 k=2
706658585734800,0,2238436294444800,0,1376829442383696,0,342703064882304,0,40611005413524,0,2352978883296,0,58587187248,0,-177036192,0,-40361328,0,-659664,0,2196,0,144,0,1 # block t=7057 q=12T153 r=4 k=2
8108165077331968,0,30909779565400064,0,33691127942018048,0,17186302469340160,0,4685876628717824,0,690659512485376,0,50271277675008,0,1374668231936,0,9630520544,0,-131739072,0,-2066540,0,-7192,0,1 # block t=7057 q=12T153 r=4 k=2
77097412498865061339,0,515603270779548683904,0,-13910242989736536326,0,-8656331409638714310,0,-66438376728383635,0,21318409288580934,0,906855130718330,0,16559567912812,0,160213209436,0,841923142,0,2249410,0,2552,0,1 # block t=7057 q=12T153 r=4 k=2
11894883694534,0,21590549521416,0,11901606224388,0,3146306316408,0,449048378706,0,33007017672,0,647378336,0,-77987808,0,-5804535,0,-110628,0,2274,0,108,0,1 # block t=7057 q=12T153 r=4 k=2
780450693,0,3075881180,0,4256645996,0,2624021532,0,782997523,0,99101448,0,-3001248,0,-2458424,0,-284305,0,-10516,0,404,0,44,0,1 # block t=7057 q=12T153 r=4 k=2
553245882561539845,0,1026301101430669044,0,592412570406023014,0,165123417148496764,0,25263476016215991,0,2162642048880968,0,97034086074052,0,1860922160952,0,6724292259,0,-207611644,0,-2382730,0,-7156,0,1 # block t=7057 q=12T153 r=4 k=2
18427446262276994319872,0,27340853868445141889536,0,8972556255570951977792,0,1393641364877666873280,0,123621606915838546745,0,6661652115996423104,0,217268575114191492,0,3967618440029088,0,30491333880034,0,-63011139136,0,-1284447492,0,-16160,0,1 # block t=7057 q=12T153 r=4 k=2
18815197982682527721,0,48085287228419993316,0,7602019309152019728,0,-137968926808962222,0,-24699954136300182,0,381569227436358,0,22935261340818,0,-410175110331,0,-4305136635,0,53019846,0,555534,0,1473,0,1 # block t=7057 q=12T153 r=8 k=0
1302968776729444,0,3848171200800528,0,3543218430650104,0,1053735685785104,0,68779027224368,0,-11265303588160,0,-1003047345064,0,16023037248,0,1790538957,0,-1864772,0,-546058,0,-68,0,1 # block t=7057 q=12T153 r=8 k=0
28108369961425,0,61336972611660,0,43440566135322,0,13030274328844,0,1607610375387,0,35336054232,0,-9191006868,0,-728769384,0,-7314021,0,810220,0,14034,0,-276,0,1 # block t=7057 q=12T153 r=8 k=0
833293432,0,-384938592,0,-1885215048,0,1377401872,0,188562474,0,-187411824,0,-22348056,0,6501744,0,1560798,0,134212,0,5700,0,120,0,1 # block t=7057 q=12T154 r=8 k=0
360632320,0,1141932032,0,1144745984,0,376708096,0,-32722432,0,-36834048,0,-3628160,0,583072,0,90320,0,-1904,0,-616,0,-6,0,1 # block t=7057 q=12T153 r=8 k=0
2198316523525441031669,0,10277301493207612284078,0,18784514986629111700852,0,16702840683597854614766,0,7200156556840812468019,0,1232994731219964152502,0,29902085718090681098,0,-246331485093046244,0,424113479250352,0,113118124400,0,-635597912,0,311622,0,1 # block t=7057 q=12T153 r=8 k=0
20039385249819063101852,0,144188193830428343656112,0,428871007675320759910872,0,673846730979308386322560,0,586987098510206175999176,0,264319966664010510569040,0,43492784652381218917456,0,-3024468993142950879624,0,-58775157243380697155,0,880113372518648116,0,-178123437905794,0,-13291620,0,1 # block t=7057 q=12T153 r=8 k=0
5277107884014800348,0,10626752665245616640,0,1488172903451263468,0,69156092981060776,0,421950466890617,0,-60578364650044,0,-1650986756528,0,-1408565528,0,428423120,0,3388036,0,-33464,0,-304,0,1 # block t=7057 q=12T154 r=8 k=0
2426675070465506752,0,-3111321145865997952,0,-76822242703633060960,0,-212459575678776300832,0,-246377208015043554276,0,-140986080610943420448,0,-38578610144663228976,0,-3545988516451473552,0,174423741800629020,0,123488753113136,0,-547220486704,0,-18208,0,1 # block t=7057 q=12T153 r=8 k=0
2228224,0,71172096,0,642891776,0,1857478656,0,911974912,0,-1636487168,0,-850925568,0,138604800,0,-236960,0,-346592,0,1632,0,168,0,1 # block t=7057 q=12T154 r=8 k=0
3326895794516036053,0,36721141036237423558,0,-153415299332850999079,0,204237838376047586116,0,-107870492018532962340,0,13193056156662730012,0,3741778129225244030,0,64636859439680466,0,379957358708564,0,987839365000,0,1175452792,0,523828,0,1 # block t=7057 q=12T153 r=8 k=0
6858954429628479652,0,91857430861174197864,0,52220512574863617912,0,8792161500836722788,0,164311098329220225,0,-54371784114648360,0,-2456239057360300,0,-2697313652784,0,259208687742,0,-435961680,0,-1865532,0,108,0,1 # block t=7057 q=12T153 r=8 k=0
386257537,0,21539462268,0,75212841090,0,71034575296,0,-18985556835,0,-52216641216,0,-16994960076,0,-1019657880,0,9452277,0,1192828,0,966,0,-240,0,1 # block t=7057 q=12T154 r=8 k=0
3375298517060867603008,0,12820114962564573946048,0,13582577808417386943040,0,3208943081423241253960,0,169624904940625081985,0,-9009880969437104168,0,-251061413049746028,0,2022601870272808,0,33369752780326,0,-39881239512,0,-404513452,0,336,0,1 # block t=7057 q=12T153 r=8 k=0
513605436630208614400,0,3118938204194517381120,0,-2343766836207237441024,0,573597099061066289408,0,-49162130539122238704,0,-279475654038610176,0,129302033969282784,0,3746407332343680,0,36410346641880,0,117277257152,0,110722392,0,19920,0,1 # block t=7057 q=12T153 r=8 k=0
261808464780553401,0,707890949907934716,0,697284850736686986,0,284371572037317660,0,15760078555792851,0,-23081195208295224,0,-6358427174023956,0,-387575501773464,0,24624605143467,0,-255738832308,0,594130482,0,-49524,0,1 # block t=7057 q=12T153 r=12 k=2
2913947459381575125,0,0,0,-8344676129762794175,0,0,0,189236748455710389,0,0,0,-180363335283416,0,0,0,41327214090,0,0,0,-1768873,0,0,0,1 # block t=7057 q=12T153 r=12 k=2
4995755184128836977,0,42575676625348151820,0,-12576064711709978542,0,488805194210250748,0,41039730918274639,0,-1140557194634856,0,-47079534891076,0,120502419672,0,6028415263,0,-3075236,0,-214254,0,44,0,1 # block t=7057 q=12T153 r=12 k=2
44623787016728178199825,0,741150128655219293470860,0,-167448487253288239844694,0,-898878724818217092212,0,598050634695816043071,0,-22764757274200921896,0,340044703475813484,0,-1653470495235720,0,-7112121827985,0,59657529052,0,98870442,0,19260,0,1 # block t=7057 q=12T153 r=12 k=2
31298970271026195,0,3118504024687308,0,-19521085789854649,0,8617403413858257,0,-1572726535384463,0,132538379066229,0,-3910335149094,0,-78343678704,0,3538784242,0,79883127,0,551691,0,1411,0,1 # block t=7057 q=12T153 r=12 k=2
851887780973641732,0,139892654776216096,0,-5298017420528388344,0,-1741510033512854856,0,3960184120236690750,0,473464590703354424,0,-712309492756881852,0,2082714800797408,0,23362650906968,0,-20377132528,0,-95031540,0,972,0,1 # block t=7057 q=12T154 r=12 k=2
11141914193,0,56134551582,0,-184288292783,0,-5534726412,0,104354390690,0,-19470025008,0,-1596137820,0,178521392,0,14131214,0,-7422,0,-16412,0,-240,0,1 # block t=7057 q=12T153 r=12 k=2
1971445992040203772672,0,31560231577428135863552,0,-10603040492336803494816,0,547223539448213839824,0,224279563465831329233,0,-43419542826223392312,0,3306476609178629548,0,-114349465651973000,0,1179518435285046,0,13458660379832,0,27334270828,0,330168,0,1 # block t=7057 q=12T153 r=12 k=2
51130591179312189521401,0,-160248560322792853895052,0,-172114996177651461421374,0,509331099471150413934436,0,305837198211381643210959,0,36748793889048626315784,0,165400014620927961852,0,-2723303730452682168,0,-11330479896895305,0,20008201333060,0,-4877311422,0,5652,0,1 # block t=7057 q=12T153 r=12 k=2
1379228867788949118064,0,673960841055380492544,0,-2620956904348476544704,0,1458274097213390329288,0,-236200128605561972109,0,-9985514427014095824,0,2865540466101897140,0,53445878295318024,0,27058940283426,0,-81030353248,0,-34858332,0,12768,0,1 # block t=7057 q=12T153 r=12 k=2
4992628847751330416,0,0,0,-70641433237386697616,0,0,0,89772204292574114740,0,0,0,-7673053390299705872,0,0,0,89551963142264,0,0,0,-141783508,0,0,0,1 # block t=7057 q=12T154 r=12 k=2
8172619067278500391,0,11407333664674893075,0,2175766632828283458,0,-141829001574588544,0,-38982149450293374,0,-1988500091357097,0,-17872292192970,0,826631785476,0,7342833393,0,-183313840,0,988734,0,-1902,0,1 # block t=7057 q=12T153 r=12 k=2
1120767219650279841728,0,-3838443672764121407360,0,-958079743730556671696,0,8751381016234257018224,0,142547575143320960321,0,-4610815520037250922816,0,-228419948835839295876,0,25893814616282132,0,1289325652058140,0,661311892464,0,-95571312,0,-32172,0,1 # block t=7057 q=12T154 r=12 k=2
357911,0,0,0,-9466998,0,0,0,49625233,0,0,0,-48182816,0,0,0,782423,0,0,0,-2918,0,0,0,1 # block t=7057 q=12T154 r=12 k=2
351435219725116503995,0,-3948304508289409367484,0,-15285169077129647105209,0,-11545047994488669941970,0,6130786023345465899684,0,7474089777643914468204,0,964016748970620569450,0,-6396027903164561478,0,8577407260134658,0,2754390003900,0,-8039897636,0,2699196,0,1 # block t=7057 q=12T153 r=12 k=2
1045108576619308648592,0,41370027779873613356672,0,-24577494031599482242336,0,-126530713193956574284128,0,-80873539078612278126280,0,-9216814604837316281168,0,2544769876207065686448,0,-12467641978192693928,0,19001534212796089,0,-9371258922332,0,1634898902,0,-100004,0,1 # block t=7057 q=12T154 r=16 k=0
12667358061632989,0,-12082027842706848,0,-19657738680292392,0,32318256534239920,0,-14935864307031081,0,1873729222043112,0,181340221357230,0,-7961172743970,0,79925378247,0,46794586,0,-3553341,0,10992,0,1 # block t=7057 q=12T153 r=16 k=0
368537612504731648,0,128735063506195775488,0,390048010688765548544,0,-3249201296007903942656,0,3012732795886252266880,0,-1093301773524932566784,0,180245752583450810336,0,-12161235253097729056,0,161185667627932833,0,250303881646268,0,-547267798874,0,-35620,0,1 # block t=7057 q=12T153 r=16 k=0
1408552629793057345536,0,13873929042645249269760,0,-30390392770549169338368,0,22763086591747959404544,0,-7312189193859959627008,0,828907394937595198464,0,12364605699086156544,0,-202845962502583552,0,-2029204939845584,0,5432244909600,0,-2091498456,0,3832,0,1 # block t=7057 q=12T153 r=16 k=0
25956352,0,-645356980224,0,1493121561139328,0,-836623428525587936,0,-15198323911161996575,0,404495357523154352784,0,-18478327560576069864,0,-46713710848518152,0,274582703846098,0,-120252766064,0,-64735320,0,16984,0,1 # block t=7057 q=12T154 r=16 k=0
64083892997399,0,131769484921134,0,-66474946218008,0,2274689442622,0,4034620450288,0,-1049680586064,0,124665232976,0,-8093707024,0,274423549,0,-2983100,0,-75314,0,1806,0,1 # block t=7057 q=12T153 r=16 k=0
2064124120348,0,-15260518360688,0,-36985067870376,0,658246787369472,0,-2389220521085240,0,3744602166110672,0,-2412798228976400,0,312711768180872,0,25433949410429,0,-105090560852,0,-1347884514,0,1700,0,1 # block t=7057 q=12T153 r=16 k=0
43951761680954019709,0,91997334262516350208,0,-9154422416317269705,0,125416490686718732,0,11790693724133431,0,-478340963059172,0,4354395434102,0,103541508338,0,-3070795718,0,31969888,0,-138483,0,44,0,1 # block t=7057 q=12T153 r=16 k=0
632591060347598323513,0,19264455827359884006852,0,-20790029502189671988442,0,8754615703255610287484,0,-1818776673149149696357,0,187070991635693935944,0,-7667970020371963388,0,4930854031168568,0,88087603261075,0,-24816236508,0,-141503138,0,924,0,1 # block t=7057 q=12T154 r=16 k=0
1328386048,0,21214699520,0,-234805426176,0,243991234560,0,226510201600,0,-22761014272,0,-30238323968,0,-361297152,0,790053808,0,-46521056,0,767336,0,-1688,0,1 # block t=7057 q=12T153 r=16 k=0
1078426708350744753041,0,60597727166856196244660,0,-24370871698383602850046,0,4093372354697938530780,0,-370655731244089707037,0,19327869058457066328,0,-565654550912086964,0,7888834131894520,0,-15923503579933,0,-468679535516,0,-484680006,0,-2212,0,1 # block t=7057 q=12T153 r=16 k=0
2815823694115213875,0,194697556167180927600,0,19259776828799853165,0,-3433483562990460822,0,65565015785620272,0,6893671297846251,0,-384482158265888,0,7653975948085,0,-62731974342,0,136745760,0,503805,0,-1889,0,1 # block t=7057 q=12T153 r=16 k=0
792934812238040640881,0,1525593765941499355634,0,214150031648433770539,0,-1834133535994375914,0,-483083156818908873,0,8305655603163954,0,264173314360540,0,-9836648407674,0,124693177167,0,-756229956,0,2185094,0,-2544,0,1 # block t=7057 q=12T153 r=16 k=0
3301448311621482532,0,6122601082366057296,0,-1343635141348996244,0,80939159545937708,0,1276032574420073,0,-325497194273224,0,12425752988324,0,-110118427488,0,-3622296870,0,90587608,0,-580408,0,-44,0,1 # block t=7057 q=12T153 r=16 k=0
422178260509,0,-1203189937104,0,1338049752924,0,-757112163862,0,242770709394,0,-46924884018,0,5738476110,0,-457189065,0,23938749,0,-812506,0,17094,0,-201,0,1 # block t=7057 q=12T153 r=24 k=0
29290143731083,0,-88629796168968,0,104200660384128,0,-61320894239452,0,19695440373729,0,-3578036807424,0,370104405680,0,-21574818744,0,704986071,0,-12709208,0,121320,0,-564,0,1 # block t=7057 q=12T153 r=24 k=0
6998161560772496000000,0,-9591976877926978560000,0,3638230687489341625600,0,-564558881561747919360,0,39498015811682921232,0,-1320536476079171200,0,22608425982295584,0,-207998447216192,0,1075541576984,0,-3142334048,0,4937784,0,-3664,0,1 # block t=7057 q=12T153 r=24 k=0
41171194083283200,0,-138449901646840320,0,184543017335616384,0,-123903972754621056,0,44037440622184336,0,-8018129836870272,0,690787716985696,0,-29196648936960,0,586010398760,0,-4757750976,0,12546688,0,-6680,0,1 # block t=7057 q=12T153 r=24 k=0
176572917381538851679,0,-359289313251156166332,0,274313178843758537061,0,-102998260883412138154,0,20363830343477867106,0,-2060187333089142978,0,93897896692829406,0,-1580790569754204,0,12016061625294,0,-45300437608,0,83053110,0,-59556,0,1 # block t=7057 q=12T153 r=24 k=0
6298849837920648,0,-6388643973351536,0,2137870298717336,0,-379083510055200,0,42063059215492,0,-3157527907728,0,166713632472,0,-6290271712,0,169248506,0,-3178964,0,39674,0,-296,0,1 # block t=7057 q=12T153 r=24 k=0
13682230947499775823872,0,-44819326634416484868096,0,60606492789602720745472,0,-43497338372171268700160,0,17670660769342979854080,0,-3975125541484608973824,0,438478660945411282688,0,-16707968919583732480,0,200599448307427824,0,-435565464313312,0,240607990280,0,-990104,0,1 # block t=7057 q=12T153 r=24 k=0
1558661925014473546,0,-1485921732710518440,0,376376949674773302,0,-46426609630813080,0,3395564680214085,0,-161331799459488,0,5216119997320,0,-117161920512,0,1830544560,0,-19523320,0,135546,0,-552,0,1 # block t=7057 q=12T153 r=24 k=0
21556605979230984288,0,44331971274155880576,0,36921512038874720480,0,16171998115978178720,0,4080037077535201996,0,617014031964778832,0,56983725380766304,0,3200182327523160,0,105326844204626,0,1843515373000,0,13100613616,0,228776,0,1 # block t=7059 q=12T155 r=0 k=2
22896205,0,-40911150,0,37518570,0,-24190385,0,12054816,0,-4674105,0,1394898,0,-317961,0,54783,0,-6974,0,627,0,-36,0,1 # block t=7059 q=12T155 r=0 k=2
36289,0,131130,0,244260,0,311887,0,295386,0,209916,0,111220,0,43479,0,12345,0,2476,0,333,0,27,0,1 # block t=7059 q=12T155 r=0 k=2
271,0,1531,0,4379,0,8226,0,11025,0,10902,0,8079,0,4507,0,1879,0,572,0,121,0,16,0,1 # block t=7059 q=12T155 r=0 k=2
532025316531775,0,-2946824133319875,0,8016486777034410,0,-13288694081028385,0,13434597603417699,0,-7631688764894913,0,1996186469462052,0,-114547872943557,0,3487409514999,0,9231016235,0,15911202,0,1482,0,1 # block t=7059 q=12T155 r=0 k=2
497064002785613684795879,0,297291119957222507087229,0,24913306925849423769820,0,982944498306842602280,0,23124549203535794290,0,357324631178692704,0,3796209450312262,0,28248697926971,0,147054655053,0,524251337,0,1217700,0,1657,0,1 # block t=7059 q=12T155 r=0 k=2
2583049705,0,-3008285940,0,-694843470,0,1935166405,0,-359723034,0,-358218531,0,165024294,0,-23969475,0,1986633,0,-107954,0,3975,0,-90,0,1 # block t=7059 q=12T155 r=0 k=2
919,0,-3390,0,4980,0,-3074,0,4491,0,-1548,0,1600,0,-228,0,285,0,42,0,12,0,6,0,1 # block t=7059 q=12T155 r=0 k=2
28813878797497677692941,0,41506488588421001293082,0,22023674770235559382245,0,5477751907152656415908,0,672050295151730409403,0,39288803190126981873,0,1049221734438557502,0,12057893490993713,0,61521772157226,0,129092245641,0,87121430,0,18510,0,1 # block t=7059 q=12T53 r=0 k=2
22896205,0,40911150,0,37518570,0,24190385,0,12054816,0,4674105,0,1394898,0,317961,0,54783,0,6974,0,627,0,36,0,1 # block t=7059 q=12T155 r=0 k=2
142266549722275,0,472775427233175,0,668828579111340,0,522503366377780,0,244312652211234,0,69205468521204,0,11456391265543,0,1012241579319,0,38146711479,0,-312498755,0,1759038,0,-474,0,1 # block t=7059 q=12T155 r=0 k=2
369910577694079,0,467097633787025,0,198916465957087,0,45130692550593,0,6417538579232,0,617221474514,0,41691485912,0,2007359391,0,68677325,0,1632663,0,25640,0,239,0,1 # block t=7059 q=12T53 r=0 k=2
18827028376741,0,29795686876905,0,18477762439152,0,6072209203046,0,1203681600090,0,155045551185,0,13549413354,0,820511334,0,34519050,0,991337,0,18552,0,204,0,1 # block t=7059 q=12T53 r=0 k=2
247090989499,0,1061393765794,0,1929517026161,0,2043244298802,0,1464064552341,0,695800932780,0,163481019048,0,3667939312,0,-48390005,0,-1741099,0,-1265,0,190,0,1 # block t=7059 q=12T155 r=0 k=2
1104787025,0,-7581149100,0,27461057970,0,-60650358300,0,80530366671,0,-60857298072,0,23129959612,0,-3212233560,0,135220671,0,3626820,0,20658,0,-396,0,1 # block t=7059 q=12T155 r=0 k=2
1025669630954925109,0,1630263427206108520,0,563361894923204670,0,82517845401648912,0,6434852559572727,0,288627456832112,0,7315659785620,0,85421487168,0,-210076173,0,-15928088,0,-120562,0,-16,0,1 # block t=7059 q=12T53 r=4 k=2
217270850374926104095,0,1511661481621152533670,0,-134814275792374503950,0,-20002338564397377635,0,-904764782866459259,0,-21735257782060804,0,-315461740965375,0,-2840569946020,0,-14976783542,0,-33554735,0,71185,0,588,0,1 # block t=7059 q=12T155 r=4 k=2
11207493366641,0,1114699691493300,0,477316102275010,0,63308814479460,0,50323502991,0,-816350520600,0,-93281727140,0,-5069081880,0,-147474849,0,-2041500,0,-3710,0,180,0,1 # block t=7059 q=12T155 r=4 k=2
34051934127974013136800,0,60221151768000122250240,0,32813898082709076438848,0,8064837696121333937616,0,1049949763504936941727,0,74824891562152554336,0,2567623456335997324,0,4125382530691584,0,-2585148803968720,0,-73003375921920,0,-608361459680,0,144,0,1 # block t=7059 q=12T155 r=4 k=2
563248104454973428190275,0,907367914990511327398400,0,92596031909288533574835,0,4279506298641341178220,0,115239487468946332311,0,1979080507925115136,0,22320118237680883,0,163129749572590,0,719664421955,0,1511323642,0,-342080,0,-5132,0,1 # block t=7059 q=12T53 r=4 k=2
8511001616806462041273,0,34084006200443429152206,0,4711964555332787603255,0,254578726291089024170,0,6133240493406679931,0,27612431816294188,0,-1944828494383766,0,-47937962928908,0,-493749849277,0,-2394712858,0,-4236057,0,1154,0,1 # block t=7059 q=12T155 r=4 k=2
32800571824046255795,0,131193700881893460570,0,-38157917215878962305,0,-323667606064881882490,0,122663822964840865481,0,65442504191975611334,0,8189000929083730951,0,417439577780220310,0,8942523775550781,0,64223478353512,0,71582635492,0,1321004,0,1 # block t=7059 q=12T53 r=4 k=2
132185965121073,0,876799018615964,0,640826596948674,0,201646874690860,0,33992403726991,0,3233024595256,0,164414683100,0,3288621112,0,-37386593,0,-1890260,0,-8702,0,156,0,1 # block t=7059 q=12T53 r=4 k=2
93537322863607775240561,0,259836205257905966595180,0,5373357668240270704194,0,-475919509561021963548,0,-25749873802289767635,0,-571418839190489904,0,-7109490789775136,0,-52933600222488,0,-229955718051,0,-498422340,0,-155382,0,1116,0,1 # block t=7059 q=12T155 r=4 k=2
92263087996100540780039,0,327309361227352648992040,0,174901284892577765831332,0,39031299100450585436564,0,4346270089484332229070,0,240975379654903078874,0,5234763671040456089,0,-38568555417337650,0,-2659125719813519,0,-14313176132052,0,30776171927,0,489014,0,1 # block t=7059 q=12T53 r=4 k=2
133124038423076589740611,0,480298608643285910995915,0,60556157485725350696021,0,3131413097291457847166,0,87958646427012744486,0,1491142271511408827,0,15814508660190657,0,103151400925728,0,372563444039,0,440181990,0,-1299239,0,-3341,0,1 # block t=7059 q=12T53 r=4 k=2
383604736,0,1222206208,0,1175990752,0,433179108,0,-6070776,0,-59385696,0,-22237783,0,-4162866,0,-440953,0,-24524,0,-377,0,26,0,1 # block t=7059 q=12T53 r=4 k=2
406657122624,0,1100967533568,0,642452248000,0,104092032000,0,-21947867424,0,-11648502144,0,-2079168392,0,-197586240,0,-10374069,0,-258560,0,-416,0,96,0,1 # block t=7059 q=12T155 r=4 k=2
12205157163224832,0,37752671009191424,0,19311573378842880,0,4394193683880064,0,542354797821568,0,38080032005248,0,1445069854592,0,22545023968,0,-122533328,0,-5699048,0,-21080,0,216,0,1 # block t=7059 q=12T53 r=4 k=2
152437106351491303739,0,615855225286705770078,0,67115683006124253335,0,2622062574633868960,0,35530400741227474,0,-439431375851441,0,-21981602983718,0,-303603097513,0,-1504894437,0,6698770,0,123238,0,589,0,1 # block t=7059 q=12T155 r=4 k=2
2308814865836169481072,0,21052596137324404983168,0,-9235232361317515637472,0,1087984193204345568160,0,29605827716379786096,0,-11258893442530051776,0,290009019979616280,0,15911153099646912,0,91514312351550,0,116509684648,0,58948140,0,12828,0,1 # block t=7059 q=12T155 r=8 k=2
12477225245455750432,0,89619476963438319808,0,178840795003418079856,0,151277526663769203600,0,55570933031077962226,0,5583081399784771128,0,-814796391982681340,0,-23879242179737432,0,130957957069642,0,3217510557768,0,-18016125904,0,-10808,0,1 # block t=7059 q=12T53 r=8 k=2
39859958959965308753,0,174113330295234421932,0,293183677250283131538,0,230410872131960178908,0,74889779804848086159,0,-503671534963069224,0,-4222417452146654532,0,-240837883141089384,0,68702997318014463,0,8497425280380,0,-17140352814,0,-6516,0,1 # block t=7059 q=12T53 r=8 k=2
143685949221717611834592,0,226909329627774367941120,0,-106113725747060965981920,0,7409146766355733488768,0,1753410909934915799544,0,-241416059840629412832,0,6207990101790513840,0,127828314256961376,0,488093455843713,0,400611368028,0,131965650,0,19044,0,1 # block t=7059 q=12T155 r=8 k=2
419095964115893804032,0,621508501179196230656,0,102361290013581745920,0,321592439219934208,0,-1065277741769932798,0,-87263431584461448,0,-1860020979923012,0,87565374070536,0,5915263027466,0,128554218880,0,1009979928,0,-63688,0,1 # block t=7059 q=12T53 r=8 k=2
677623906825814016,0,1237544693951477760,0,305019340497601792,0,31233369258466080,0,1470735094143280,0,16988845333980,0,-1204844668103,0,-44352126290,0,-97284273,0,15097200,0,125671,0,-1210,0,1 # block t=7059 q=12T53 r=8 k=2
16058465394111951469,0,64615764048026753099,0,75337878272931269006,0,4464747644120680624,0,-39287829056469816193,0,-17132204042933808997,0,-150298340638348276,0,1498090746728617,0,13320338584499,0,-1848343483,0,-25159021,0,-11516,0,1 # block t=7059 q=12T155 r=8 k=2
150315770508297499235399,0,301794830656124464083578,0,82477688163380315470581,0,5335759845347459992856,0,-473403095123611881967,0,-57427787903971393982,0,6163182582224009,0,119519775776679984,0,1206658673411480,0,-16279045940222,0,-22864540166,0,582744,0,1 # block t=7059 q=12T53 r=8 k=2
36437069333375197607921,0,127425590060734083199700,0,157167212088187252533146,0,70575060100596592806620,0,-3899504458061098263159,0,-9288128254653343621264,0,-990162259832346912608,0,2473044417106363552,0,109650991102350761,0,-89162624730044,0,-2445246327758,0,396,0,1 # block t=7059 q=12T53 r=8 k=2
1242295081559955089,0,18495093165280660644,0,16483729018831333458,0,5972099935625864180,0,1148409545244769551,0,127498026766844616,0,8159055942838332,0,272017386591624,0,3047574271551,0,-29083160172,0,41917842,0,-12924,0,1 # block t=7059 q=12T53 r=8 k=2
1296341689326763833271,0,3587895852252217123512,0,-2239453679270703292410,0,330827732418566888104,0,22813738742305283211,0,-8034131265719379696,0,337621764820273188,0,12001591126952352,0,81464205841821,0,101039866168,0,50988486,0,11640,0,1 # block t=7059 q=12T155 r=8 k=2
4254488996,0,4867363764,0,-11863288078,0,-19547824490,0,-5477665109,0,4366770436,0,2672418006,0,177233282,0,-148473334,0,-27908600,0,-728609,0,1686,0,1 # block t=7059 q=12T53 r=8 k=2
702863524125462991275,0,2395527013828464204915,0,955900541396453130216,0,-339286072724218833390,0,30559399604742012462,0,-749587374883142991,0,-17463173694495318,0,534539368226790,0,8718227619102,0,21208609215,0,19383408,0,7440,0,1 # block t=7059 q=12T53 r=8 k=2
6856615294776406234,0,20392882817471714400,0,18316350228769014792,0,6277845996439544696,0,579929682148699887,0,-59895336803531328,0,-4349394539274864,0,136616688576864,0,8247986274870,0,-48426126160,0,-2421306132,0,24,0,1 # block t=7059 q=12T155 r=8 k=2
151998132396228608,0,-6037804433465671680,0,-63729671096644927488,0,-67472347338381459456,0,52330000297994747904,0,77978756676030824448,0,31948435944825815040,0,5578743470957101056,0,361224695654393856,0,3596140911616,0,-26811896064,0,-960,0,1 # block t=7059 q=12T53 r=8 k=2
1569025397115521575447,0,-7637597897915611131648,0,-13145817667243177875786,0,19462038950689822626952,0,27248303933137627665903,0,-9471868951840602601536,0,-13318617981232958830500,0,-824463194982150672,0,284524123861930041,0,14988226624,0,-1124118906,0,-24,0,1 # block t=7059 q=12T155 r=12 k=1
314935439880429601951,0,24921270961679417831864,0,11971732333317392850843,0,-17242612971590699799790,0,4006170777638333467968,0,14530634349775146476,0,-58319259292410393793,0,-1639730038834642,0,155145237596830756,0,971950090949172,0,-851760282049,0,-4974278,0,1 # block t=7059 q=12T53 r=12 k=1
2097152,0,0,0,-149656752128,0,0,0,52923417267481,0,0,0,-16672873087468,0,0,0,74935535744,0,0,0,-76387324,0,0,0,1 # block t=7059 q=12T53 r=12 k=1
154905173314235310663,0,-125493682920063058224,0,-367381500944195082042,0,94611992371940371320,0,59351320464989047875,0,-12410458612655649120,0,-1209664225679663124,0,28469869155345456,0,204575096327013,0,-47212212528,0,-27458082,0,3096,0,1 # block t=7059 q=12T155 r=12 k=1
801525913245955,0,-4665802780564850,0,1708331188049770,0,20221471700879540,0,-13462500871748071,0,-6694234071603432,0,-582251386283703,0,7119621893396,0,1768797916491,0,22549363762,0,-152582372,0,-33236,0,1 # block t=7059 q=12T53 r=12 k=1
134217728,0,0,0,-100181475328,0,0,0,1635444295936,0,0,0,-186648751360,0,0,0,1143617024,0,0,0,-1709840,0,0,0,1 # block t=7059 q=12T53 r=12 k=1
2097152,0,0,0,-2152511569920,0,0,0,6385004256706560,0,0,0,-1190267240833024,0,0,0,49882845755520,0,0,0,-131378880,0,0,0,1 # block t=7059 q=12T53 r=12 k=1
10900465535709,0,-1799740465994376,0,-43821522279298251,0,-119916791183139525,0,387392511609663462,0,-91489093930816929,0,-1316496507195753,0,14026815120888,0,201028922226,0,-19502748,0,-1925640,0,-1935,0,1 # block t=7059 q=12T155 r=12 k=1
107420754190927422516129,0,90876892805620413457572,0,-46692872921112627711604,0,-11181377932426324835380,0,1960191801247830618908,0,175854264130171982988,0,3455486763619044958,0,-31536228979844036,0,-1271196783143958,0,-362219830388,0,120836545488,0,-695228,0,1 # block t=7059 q=12T155 r=12 k=1
164013631229801,0,134905910029248,0,-339259145922470,0,-90671723163924,0,47839633507527,0,8213803660628,0,-2528130473013,0,-196145441300,0,49693260705,0,-353962396,0,-39769683,0,15376,0,1 # block t=7059 q=12T53 r=12 k=1
4204778727717768961,0,12254735147707330716,0,-102834755706689875806,0,51806187330619207852,0,5352165976118200431,0,-7832941958361446088,0,1814705187851555292,0,-172905272389902792,0,5996240511608175,0,7582056089132,0,2397186210,0,96540,0,1 # block t=7059 q=12T53 r=12 k=1
17912042947140037082829,0,33970284023479689469788,0,-18252369325283077256066,0,-29635805187781230287196,0,6472724447211996695943,0,-59091388021465151656,0,-14841445800189559436,0,212537834648721544,0,-661722405481333,0,-566990060148,0,-107997906,0,1172,0,1 # block t=7059 q=12T53 r=12 k=1
15856593994898531551457,0,325742713684927226010180,0,-995575695376997382006,0,-329778942992882545980,0,-346031408064824181,0,86236057233491448,0,74348367859772,0,-7728621890760,0,-3598640197,0,212687892,0,115634,0,-1260,0,1 # block t=7059 q=12T53 r=12 k=1
77535803561,0,205258441485,0,-8469307809,0,-26150575980,0,-2780038317,0,478805832,0,64628481,0,-3585487,0,-458393,0,20949,0,1077,0,-71,0,1 # block t=7059 q=12T155 r=12 k=1
1352491686106201767191,0,25924085730591321098956,0,11759845983739301843154,0,-37786518644830033685556,0,12411517555494169290375,0,175122515831679034224,0,-41458450557611142228,0,-177170312856059840,0,34789549335812921,0,4213623117044,0,-2533678170438,0,4420,0,1 # block t=7059 q=12T155 r=12 k=1
274328801705529,0,395776682870250,0,29999427408439,0,-36135141031991,0,5409356291815,0,-291497211006,0,-373042613,0,646986108,0,-20560511,0,-98897,0,14911,0,-234,0,1 # block t=7059 q=12T155 r=16 k=2
1295920638309872593,0,1286556000836272860,0,-1510244412445454586,0,121917811371105460,0,199800992625149727,0,-71549897629393800,0,10191784141704660,0,-669101675173560,0,16721098981839,0,429515500,0,-8589210,0,-60,0,1 # block t=7059 q=12T155 r=16 k=2
4397240574177304752,0,25364016362993345952,0,-9921555336415463812,0,1099577012715776228,0,-52864624925994687,0,1013228914380080,0,8013055893320,0,-743633232528,0,13751804686,0,-103347856,0,145420,0,1196,0,1 # block t=7059 q=12T155 r=16 k=2
1,0,-128,0,240,0,1984,0,292,0,-3692,0,866,0,2224,0,-1622,0,360,0,8,0,-12,0,1 # block t=7059 q=12T155 r=16 k=2
1281599681,0,-4880167482341,0,-100430792157659,0,1303090650176399,0,-2393322366391704,0,153948452594367,0,36738863212592,0,-1756113438222,0,4383477328,0,413062005,0,-1008019,0,-1477,0,1 # block t=7059 q=12T53 r=16 k=2
377826566974892261,0,1020413444944114060,0,-552793915664103251,0,-46214378342845596,0,78939523567951592,0,-19020782123266708,0,1894648189549258,0,-64719960409106,0,-1221343148700,0,76536254892,0,-280223909,0,-47614,0,1 # block t=7059 q=12T53 r=16 k=2
110948981883655,0,-211222198450188250,0,-2203444967620030865,0,13438281308371436520,0,-11233133786058794866,0,271655382006601325,0,23239427948012423,0,-388630554997029,0,362658399110,0,10844561016,0,-8982763,0,-4408,0,1 # block t=7059 q=12T53 r=16 k=2
1526140025928,0,68593102082208,0,-6755014366118928,0,123578271865677456,0,-578729303176447548,0,407691682192473120,0,-75611346821833104,0,-556718250775536,0,51075742935762,0,347500776,0,-14883876,0,-36,0,1 # block t=7059 q=12T155 r=16 k=2
1555,0,124129758730,0,-88420250344585,0,-6237291431954110,0,-38737772576896926,0,-4670921053997891,0,3554058277725677,0,-320927762354173,0,7353981104244,0,-30836209894,0,40831173,0,-11952,0,1 # block t=7059 q=12T53 r=16 k=2
124588153377057223996,0,169167124332831323256,0,-46991900788577385948,0,-57345909351309954320,0,-6990649722885550419,0,1398912858832751244,0,130034346389956626,0,-17880587090449632,0,449012192914026,0,-3428948422970,0,4406382681,0,-250416,0,1 # block t=7059 q=12T53 r=16 k=2
143185609175830784,0,8864678073812480,0,-458688149056262272,0,527767879024142208,0,-248291799480392176,0,51289130852746624,0,-2864601950726432,0,-296964886678784,0,16976188287440,0,264019520960,0,-13200975872,0,-24,0,1 # block t=7059 q=12T53 r=16 k=2
1446632794263530224,0,3737567882183446272,0,2864239625661697272,0,186999242170656640,0,-479860041317761935,0,-72297929411151480,0,20467760469316188,0,-759903203166120,0,7473020804838,0,-16546145288,0,15220452,0,-6360,0,1 # block t=7059 q=12T155 r=16 k=2
193578919953858138559,0,-28524097518604772812,0,-200974044852095902761,0,149254698757594970155,0,-42299902383402696848,0,5197045694952517055,0,-218911305376672988,0,-1692536427334676,0,179760915291019,0,42614909502,0,-227899540,0,-1461,0,1 # block t=7059 q=12T53 r=16 k=2
304991626029818813716,0,4658861950132042595860,0,-274939113164527540390,0,-167198724236719807862,0,28436208757920439021,0,-1805171780411787154,0,47117311035347973,0,-90829879948736,0,-16227977828972,0,196893782446,0,-359389630,0,-53034,0,1 # block t=7059 q=12T53 r=16 k=2
586848224221344,0,4596343807643376,0,-2567600879863064,0,574298782766228,0,-66192049695456,0,3959083485520,0,-86851661799,0,-2609373034,0,169828223,0,-1788412,0,-38305,0,562,0,1 # block t=7059 q=12T53 r=16 k=2
148673321539988998288,0,-355295018826127012944,0,336328192968946175744,0,-159752039526291495632,0,39737915651913816664,0,-4902059954169423792,0,253040478640744464,0,-4710175288341924,0,25110607056136,0,-45074431208,0,32645858,0,-9708,0,1 # block t=7059 q=12T53 r=24 k=2
261107347873,0,-592572036316,0,546397825858,0,-272491331372,0,82339336111,0,-15991577784,0,2064943644,0,-180421176,0,10692495,0,-423020,0,10690,0,-156,0,1 # block t=7059 q=12T53 r=24 k=2
10828763461964221865701,0,-18368170989499124277170,0,12214357278941022320218,0,-4025149164462412427926,0,685188124748508065306,0,-58665511536616120252,0,2621486099050775657,0,-61564862513668422,0,714560220146621,0,-3399397768444,0,4566820821,0,-244712,0,1 # block t=7059 q=12T53 r=24 k=2
49286531134106919056,0,-117858113167450789152,0,115251174366227729304,0,-59060236580933815752,0,16883916714324965545,0,-2654130868478889888,0,213545450489886988,0,-7860407006774528,0,141650157120784,0,-1228972715840,0,4123453524,0,-128136,0,1 # block t=7059 q=12T53 r=24 k=2
9833165867917639,0,-23998349865971715,0,23712880006487127,0,-12066439642146446,0,3310276467789405,0,-464469478741971,0,28915321254054,0,-873814412565,0,13971099546,0,-121129232,0,552657,0,-1221,0,1 # block t=7059 q=12T155 r=24 k=2
14940992931481,0,-26630581580796,0,18639865630182,0,-6882127334356,0,1509630332751,0,-209493127368,0,19089978972,0,-1166043528,0,47971935,0,-1310620,0,22782,0,-228,0,1 # block t=7059 q=12T53 r=24 k=2
7205528552684910675232,0,-9974741872206357461568,0,5321337526113393795504,0,-1455391859739075654256,0,224234050009095419122,0,-19934567836460595880,0,1007298844310774892,0,-27980946852205448,0,413109926415258,0,-2999203288256,0,8361019296,0,-182560,0,1 # block t=7059 q=12T53 r=24 k=2
1026459072772937155,0,-2739452559528077305,0,2919114401401012335,0,-1579925723600130165,0,455774967216697304,0,-67268800975924535,0,4577740851867975,0,-139510149518700,0,1887322983741,0,-10059359490,0,16471490,0,-8135,0,1 # block t=7059 q=12T53 r=24 k=2
240755834971,0,-1064717503455,0,1807269751650,0,-1447249059976,0,541315788741,0,-89752631913,0,11378852142,0,955371447,0,43059393,0,1050602,0,17670,0,168,0,1 # block t=7060 q=12T155 r=0 k=1
87607804826353069,0,762950168046540741,0,2813176849181427255,0,5388162828474817597,0,5559004852460032365,0,2872150505669071683,0,519259242078649878,0,-43382072475966348,0,859308447145761,0,678438084361,0,426554958,0,37128,0,1 # block t=7060 q=12T155 r=0 k=1
62119091525841430169,0,112447139757468083627,0,76476701000167373872,0,24681247952506201198,0,3902806724704321253,0,276830796372360553,0,7180581475946226,0,85038569464077,0,514364849652,0,1682601680,0,3003915,0,2744,0,1 # block t=7060 q=12T155 r=0 k=1
1110016,0,-3135488,0,4484096,0,-4211712,0,2822400,0,-1395456,0,517056,0,-144224,0,30064,0,-4576,0,484,0,-32,0,1 # block t=7060 q=12T155 r=0 k=1
1369,0,-8214,0,23088,0,-40145,0,48042,0,-41652,0,26800,0,-12873,0,4569,0,-1164,0,201,0,-21,0,1 # block t=7060 q=12T155 r=0 k=1
1880297009323,0,7242034144166,0,11009439297576,0,8392690477186,0,3394796196339,0,725319750076,0,80288011784,0,4951790532,0,179504161,0,3902718,0,49936,0,346,0,1 # block t=7060 q=12T155 r=0 k=1
10409961109375,0,49044306253125,0,94657118277750,0,96537803157925,0,56020963298821,0,18352334873632,0,2904436995408,0,58971074794,0,945302951,0,9678950,0,54334,0,213,0,1 # block t=7060 q=12T155 r=0 k=1
47658840064,0,-88801093632,0,57337089024,0,-9302152704,0,-5391851520,0,2341192704,0,-61711808,0,-106910496,0,16433376,0,-414368,0,15828,0,-210,0,1 # block t=7060 q=12T155 r=0 k=1
464881,0,2440846,0,5659087,0,7649952,0,6704759,0,4006002,0,1668699,0,486422,0,97938,0,13178,0,1112,0,52,0,1 # block t=7060 q=12T53 r=0 k=1
8238180514129903,0,9511291671064473,0,3521867188357679,0,665604314046652,0,76051708399319,0,5702220175688,0,292803511071,0,10497697489,0,263017501,0,4519829,0,50819,0,337,0,1 # block t=7060 q=12T155 r=0 k=1
1043365519315870609,0,4468309072431662511,0,7488125342892020805,0,6115212550738186879,0,2449366618897405854,0,423933011445616776,0,26286853961687415,0,-308892810539232,0,1403357166225,0,-3376694090,0,4610034,0,-3342,0,1 # block t=7060 q=12T155 r=0 k=1
93264049,0,-60475470,0,-112275870,0,88976613,0,69243321,0,-111173541,0,56412100,0,-13932579,0,1689135,0,-97361,0,5178,0,-117,0,1 # block t=7060 q=12T155 r=0 k=1
303628668935677099349,0,452687439589696521268,0,258090303989249184479,0,73888495394640979651,0,11379093544817813945,0,918186193318044441,0,34706826709753171,0,544755172011971,0,3308559828123,0,8365642838,0,9711891,0,5139,0,1 # block t=7060 q=12T155 r=0 k=1
30033416687024,0,72280630065600,0,70262847245544,0,35780946927368,0,10445468193300,0,1821065615616,0,194732336964,0,12887975780,0,519674754,0,12106824,0,144162,0,662,0,1 # block t=7060 q=12T155 r=0 k=1
240360428631312,0,382118647744224,0,183111904933608,0,44844776969432,0,6700179205977,0,663453038516,0,45410446742,0,2188099280,0,74211727,0,1737088,0,26746,0,244,0,1 # block t=7060 q=12T155 r=0 k=1
436232,0,-5674176,0,551448,0,107259168,0,220048950,0,146960928,0,49137324,0,9549168,0,1144374,0,85520,0,3864,0,96,0,1 # block t=7060 q=12T155 r=4 k=2
176337923451940897,0,8931421734395783316,0,2504079430054246722,0,298027932631393988,0,19385105651536815,0,735468023775528,0,15758735824668,0,153347578920,0,-248688369,0,-14611900,0,-40254,0,276,0,1 # block t=7060 q=12T155 r=4 k=2
318938117017,0,-332373950428,0,-932556573082,0,-135382794020,0,104994476135,0,41380823048,0,6629760524,0,588326152,0,31465031,0,1034036,0,20366,0,220,0,1 # block t=7060 q=12T53 r=4 k=2
967127083307939,0,1607337407932363,0,379539569128850,0,10289363420686,0,-4306141691380,0,-483218902932,0,-17182651976,0,254507379,0,42320621,0,1548073,0,28202,0,263,0,1 # block t=7060 q=12T155 r=4 k=2
104884157824328202964992,0,189058870232252277239808,0,20239376224753704553472,0,862703154507688417280,0,16649192298026140416,0,63829679557191168,0,-3409759339843456,0,-71111393621760,0,-632158156944,0,-2735133840,0,-4567732,0,696,0,1 # block t=7060 q=12T155 r=4 k=2
202528460473922423,0,784092236127356268,0,-39386459098219110,0,-2091133461758365812,0,-947766537003912993,0,1055771010828898344,0,747390283698439636,0,108956367882772488,0,4588433227465353,0,6099169550652,0,2162888346,0,90108,0,1 # block t=7060 q=12T53 r=4 k=2
275602632521467211,0,116311801363614587,0,-1038528887228936025,0,-802526998007736812,0,624858429124323014,0,574449709011853675,0,26683645356510065,0,383496115641023,0,2152964186850,0,5531567432,0,7040252,0,4302,0,1 # block t=7060 q=12T155 r=4 k=2
94479849,0,174834246,0,-86739757,0,-352669942,0,-277448209,0,-105495020,0,-22607942,0,-2769948,0,-164329,0,1286,0,851,0,50,0,1 # block t=7060 q=12T155 r=4 k=2
298555445987877888,0,387421395398055936,0,-174936850100135424,0,-42280269429302784,0,2486858559571008,0,589375037866752,0,32441576068800,0,852925925376,0,12273152400,0,100528128,0,460512,0,1080,0,1 # block t=7060 q=12T53 r=4 k=2
49509649604855,0,847211212222650,0,858567508810540,0,358749458717310,0,76845126732939,0,8671668746404,0,453823768240,0,3719720412,0,-483305603,0,-13259582,0,-46812,0,390,0,1 # block t=7060 q=12T53 r=4 k=2
2209,0,5076,0,-57022,0,-275372,0,-454673,0,-329112,0,-97316,0,5896,0,12367,0,3652,0,514,0,36,0,1 # block t=7060 q=12T53 r=4 k=2
3266080153822763633,0,19639151930498899937148,0,17494875986282605934262,0,6218583537501634541076,0,1168799853610580153583,0,126878339661015951864,0,8004814442949426420,0,272753333437020744,0,3880279832795583,0,-25041664628,0,-1174743690,0,-348,0,1 # block t=7060 q=12T53 r=4 k=2
692404316564310216873,0,1749561714466574645988,0,174108733796073545514,0,7301141336966101956,0,158492992382992575,0,1643008772318472,0,-286803759636,0,-204282582552,0,-2048140809,0,-3946860,0,63882,0,468,0,1 # block t=7060 q=12T53 r=4 k=2
25670334847,0,-22381857291,0,-226860463473,0,-360642331373,0,-274111922028,0,-117403493185,0,-29226780923,0,-4016876157,0,-251656806,0,-2920291,0,12009,0,295,0,1 # block t=7060 q=12T53 r=4 k=2
378844785606119401288,0,3768459667458492767616,0,-274344381825187647840,0,-6185724307436741832480,0,-360238605905490089340,0,1358918450673860847936,0,340772247509710307536,0,18683109314383821408,0,294888193996104882,0,152817955855904,0,18299048280,0,270312,0,1 # block t=7060 q=12T53 r=4 k=2
29259757438221823077906,0,29328084228773609385480,0,-33227403008854032039456,0,6405147783432763843860,0,216826480125234087813,0,-120154655897816368176,0,5479655617029955716,0,98577784989376632,0,407942048773152,0,337671629928,0,114277716,0,17460,0,1 # block t=7060 q=12T155 r=8 k=2
599607684,0,2554450164,0,3791550430,0,2117094180,0,47749401,0,-268042032,0,-27502328,0,7136880,0,753306,0,-46180,0,-4574,0,12,0,1 # block t=7060 q=12T155 r=8 k=2
22816900,0,-6279900,0,-62948990,0,-7695930,0,33962871,0,18867292,0,2614974,0,-653430,0,-269010,0,-33680,0,-1381,0,22,0,1 # block t=7060 q=12T53 r=8 k=2
100409205173894067342404,0,600061310262835510108560,0,559484846337707433027480,0,168471689562147765756384,0,14538708388069323382776,0,-813596689468258001856,0,-103447910371677657640,0,-148607168856948360,0,7573221932978021,0,6075486314604,0,-123006735050,0,-1116,0,1 # block t=7060 q=12T53 r=8 k=2
36864,0,-356352,0,-1199104,0,-715264,0,284928,0,322048,0,42944,0,-25216,0,-8080,0,-312,0,164,0,24,0,1 # block t=7060 q=12T155 r=8 k=2
29652082452958680803633,0,119171901474992971329900,0,179307946244620537304178,0,119691107631795426451292,0,29884167654455694304335,0,-23164725163993634472,0,-3860098421557124740,0,295326901847448,0,36913272328287,0,-863467460,0,-86346702,0,12,0,1 # block t=7060 q=12T155 r=8 k=2
263318578914128401,0,3015307253365297727,0,871214854611067199,0,78922870099800561,0,1861926023180032,0,-124528338627474,0,-9298594103438,0,-226377959751,0,-1590105983,0,18097581,0,188786,0,-1021,0,1 # block t=7060 q=12T53 r=8 k=2
41068406131012199,0,13042570223217177988,0,5469432703438012555,0,708954552655558696,0,4368849121473739,0,-5532576968649304,0,-292149862543877,0,8024206467410,0,718951009507,0,2575886598,0,-148490032,0,17204,0,1 # block t=7060 q=12T53 r=8 k=2
26589182096742002176,0,206983027489218149888,0,548098816358935161600,0,495903556799712051360,0,-158812425388863261439,0,-473141733531666781208,0,-194334636462698439936,0,-6330686996746682456,0,-3235720418644254,0,695607991993576,0,-2258187145152,0,-854840,0,1 # block t=7060 q=12T53 r=8 k=2
40181565591816701847151,0,98930368181370789776364,0,9275560795722771858990,0,-11704620695508649081828,0,-188746774706296276113,0,446999818490995420392,0,-18897445640977157028,0,-4976631829630218264,0,361371634481540193,0,162644175140860,0,19450203150,0,270156,0,1 # block t=7060 q=12T53 r=8 k=2
60597808746936649751,0,1073005765451982162680,0,-8897103382698418522198,0,22045263205338217278390,0,-21897696369420703150597,0,7094455810539954018416,0,519003406277087591980,0,2655831131418496956,0,5167828851600029,0,4523790444936,0,1686759802,0,202654,0,1 # block t=7060 q=12T53 r=8 k=2
135424226694066741,0,603775641426941364,0,966941448574804022,0,662764589828660540,0,162831246548196951,0,-1713985414030968,0,-284035189454812,0,697932756600,0,87097902291,0,-47897340,0,-4789690,0,12,0,1 # block t=7060 q=12T155 r=8 k=2
6320300393337196215881,0,24397339208880069264380,0,28959046606089808379066,0,3167983456527705746908,0,-16193886814960643164209,0,-10185076920073826413832,0,-1692135979306000931156,0,2303961524242169944,0,287745953993197799,0,-83078845691060,0,-8307884569062,0,12,0,1 # block t=7060 q=12T53 r=8 k=2
804386373671,0,-349508369292,0,-8904422790534,0,9214321058788,0,11186004905535,0,-9821753214504,0,-3538449492012,0,1878535759320,0,562774345017,0,4854721764,0,12103866,0,6516,0,1 # block t=7060 q=12T53 r=8 k=2
486870473339944763071,0,1715628681206559904120,0,1711911004526451409556,0,-451041485140818546500,0,-1769674924108364356953,0,-1001140127208072318484,0,-171354328187862121068,0,-5692516237807699852,0,2329843234798473,0,1222462780828,0,-188980728,0,-19776,0,1 # block t=7060 q=12T53 r=8 k=2
886305140734134272,0,0,0,-3942930369628072704,0,0,0,4158956949506626104,0,0,0,-1518548876702992,0,0,0,97982709228,0,0,0,-1741836,0,0,0,1 # block t=7060 q=12T155 r=12 k=1
1109648808,0,0,0,-2493284976,0,0,0,311089815,0,0,0,-8752374,0,0,0,101007,0,0,0,-522,0,0,0,1 # block t=7060 q=12T155 r=12 k=1
10560719825892021888,0,0,0,-246717875516507125120,0,0,0,264212207908730700943,0,0,0,-1760012048698564726,0,0,0,3060396115130315,0,0,0,-634228293582,0,0,0,1 # block t=7060 q=12T155 r=12 k=1
358379534771,0,-49093586795,0,-2668772927348,0,-1677062885378,0,48698327956,0,112717129426,0,-1346982212,0,-1051312896,0,25122741,0,1586967,0,-21591,0,-161,0,1 # block t=7060 q=12T53 r=12 k=1
41397684674163872468125,0,30153977581119677129000,0,-19406729915771149514850,0,2160870145203440632690,0,463045157776563783259,0,-139382844648657220778,0,13856830235129939909,0,-583904448575336302,0,5452400846346943,0,179502603507754,0,216959671614,0,2388976,0,1 # block t=7060 q=12T53 r=12 k=1
75761734324676,0,-137713042954464,0,-1683414507705360,0,30849433889824,0,7655983569431100,0,5044511126761720,0,-945735116512532,0,-19882813506896,0,1089254649281,0,9098666604,0,-305545078,0,-108,0,1 # block t=7060 q=12T53 r=12 k=1
784362158658387,0,-14216054338404756,0,9655893331278084,0,129331332455939796,0,70476608995934423,0,-83841259895997324,0,-13427379358646036,0,-356196814767468,0,1548931852885,0,1210555312,0,-3820592,0,-840,0,1 # block t=7060 q=12T53 r=12 k=1
75133002816,0,386322177600,0,234464210928,0,35794086624,0,-5030371188,0,-1365484068,0,54999405,0,18692046,0,-826281,0,-95148,0,7695,0,-174,0,1 # block t=7060 q=12T53 r=12 k=1
252025,0,-1654015,0,-1359847,0,2317814,0,175051,0,-586292,0,35071,0,46367,0,-3121,0,-1513,0,27,0,21,0,1 # block t=7060 q=12T155 r=12 k=1
892894286768642306,0,1468867995775449264,0,209881918794610888,0,-500943743161585992,0,-181690792685651960,0,19948452507083496,0,13031600151427316,0,280588503095400,0,-175946849638713,0,3102218273556,0,-13594277574,0,-15636,0,1 # block t=7060 q=12T53 r=12 k=1
64531776620923169990725,0,81873164584429893797935,0,-152150891880697673044031,0,-134166446637420159907997,0,85709058176419556222408,0,38448062529099660666776,0,-374415443694109889460,0,882440230989510229,0,-330841385994917,0,-212460918442,0,21350324,0,13250,0,1 # block t=7060 q=12T155 r=12 k=1
1560896,0,0,0,-132676160,0,0,0,783219936,0,0,0,-53453960,0,0,0,961611,0,0,0,-4640,0,0,0,1 # block t=7060 q=12T155 r=12 k=1
9103145472,0,0,0,-62895923461376,0,0,0,41674613493039,0,0,0,-94618060692,0,0,0,60282416,0,0,0,-14152,0,0,0,1 # block t=7060 q=12T155 r=12 k=1
1315199321078663831,0,-2619374684705000630,0,-2990889012809836009,0,7974509310250736466,0,-3423906507529941273,0,-256557083009632092,0,1162774679493261,0,133154194077574,0,886319115990,0,-2776777801,0,-7217018,0,1225,0,1 # block t=7060 q=12T53 r=12 k=1
317987137531904,0,-437466309091328,0,-455003531252736,0,671331770583040,0,-258050298380544,0,34614034120704,0,535250362304,0,-405961910464,0,6870070896,0,1512670160,0,13848928,0,10760,0,1 # block t=7060 q=12T53 r=12 k=1
25050377440182697,0,21314800448101260,0,-4482171019149810,0,133188170202060,0,24205070162445,0,-1867712098656,0,9352663576,0,3332852856,0,-129284955,0,1622140,0,3174,0,-204,0,1 # block t=7060 q=12T155 r=16 k=2
170022158059057,0,-152033953504020,0,-450334512160098,0,47019750594100,0,110534226347295,0,-41907111987240,0,6117471499908,0,-403371084600,0,9928221615,0,10392700,0,-206754,0,-60,0,1 # block t=7060 q=12T155 r=16 k=2
107449,0,2131640,0,-1951934,0,-68049912,0,-123493057,0,7220272,0,47816572,0,-17129456,0,2539943,0,-194152,0,7842,0,-152,0,1 # block t=7060 q=12T53 r=16 k=2
21691207919836970440000,0,31647610303322473796000,0,-37132657652409782196400,0,13348804724996680102480,0,-2152028736180063159848,0,152964383887214669786,0,-3524775252219810671,0,24039428616918752,0,-32184168407084,0,-21796464534,0,11896395,0,7832,0,1 # block t=7060 q=12T155 r=16 k=2
26771569230237696,0,353140016105183232,0,-190377204167732224,0,41360106232433152,0,-4683609474283776,0,291451985472000,0,-9345252923136,0,107252035584,0,1040349552,0,-19643096,0,-129988,0,78,0,1 # block t=7060 q=12T53 r=16 k=2
624237687989806859009287,0,377651990400978571997952,0,-310198465711298308030386,0,71802134283786551708200,0,-7644693907263227953491,0,387986655799285745256,0,-7349366415208056216,0,-22607459531365824,0,409014252575739,0,1666217416,0,-41740674,0,-24,0,1 # block t=7060 q=12T155 r=16 k=2
502960994146844672,0,-34244770631881064448,0,645010091657845014528,0,-3168960023953672241152,0,-4777026815374924972032,0,28294825655894277095424,0,6244560001108726644736,0,-1015603143293581492224,0,30886302149402744832,0,806269724480512,0,-242223229056,0,-91104,0,1 # block t=7060 q=12T53 r=16 k=2
5580938357340535251,0,-375803397717555564,0,-11388908236573477108,0,10872783733062660012,0,-4044221823535602561,0,646988770861573492,0,-36041759951622876,0,504859646478580,0,2154635074701,0,-1437315224,0,-4384752,0,864,0,1 # block t=7060 q=12T53 r=16 k=2
2632666319204500,0,1740369428289500,0,-1294874116042550,0,309771023133130,0,-37871857770841,0,2526285604708,0,-77214285238,0,-579184278,0,111878942,0,-2322032,0,-16245,0,722,0,1 # block t=7060 q=12T53 r=16 k=2
2362623872694242,0,-2659181767632832,0,-1472441038819976,0,3800695001356784,0,-2359659591653796,0,606680828675968,0,-28289088239752,0,-15343732512888,0,2139640668291,0,34384157412,0,-9875721834,0,44,0,1 # block t=7060 q=12T53 r=16 k=2
10078400389054464,0,47397413561696256,0,-30380451604725760,0,7233749990457344,0,-892616477347840,0,62450988789760,0,-2405106134528,0,37849685056,0,467511512,0,-23201590,0,116340,0,2414,0,1 # block t=7060 q=12T53 r=16 k=2
332786487679,0,-838564831632,0,-950029235502,0,3583850942720,0,-2508496924941,0,504014950944,0,2886245076,0,-6034489344,0,127018269,0,2930864,0,-16854,0,-192,0,1 # block t=7060 q=12T155 r=16 k=2
241896669264045515770047,0,638546561110332072587316,0,-94288566825079848250870,0,2377059051163631878300,0,375092737447891309311,0,-36798289898105963360,0,1563489769259589004,0,-37789955379150144,0,538158237281001,0,-4220376970148,0,14083970626,0,237652,0,1 # block t=7060 q=12T155 r=16 k=2
605090586768417809289,0,6711994089587823832953,0,7063333893645601656744,0,1673369868596522396976,0,-176542264256314250709,0,-52368221602975290435,0,2826903997622107917,0,-33551710308826704,0,154031103073260,0,-281851957503,0,150382080,0,-24960,0,1 # block t=7060 q=12T53 r=16 k=2
159119589529312675436821,0,190440791562412993795777,0,-28750876209847973414880,0,836324268532413138458,0,77881117429417166723,0,-6974714136961157492,0,230807283258217802,0,-3645811419955907,0,23910616338981,0,-17713084924,0,-66584055,0,4450,0,1 # block t=7060 q=12T53 r=16 k=2
70220451805586281,0,-98965085125994508,0,36615889287202602,0,-6080007618146956,0,574974226116927,0,-34621297132248,0,1404199888620,0,-39364465464,0,765745335,0,-10157980,0,87690,0,-444,0,1 # block t=7060 q=12T53 r=24 k=2
64658942404,0,-140565304608,0,130002470688,0,-67851065504,0,22302321732,0,-4872822264,0,727217652,0,-74867328,0,5289777,0,-250772,0,7590,0,-132,0,1 # block t=7060 q=12T155 r=24 k=2
2741792055823490333229,0,-6058026457719391006308,0,5297178356786785700728,0,-2293133666428495185466,0,496015443240918497551,0,-45737099208590199818,0,920753357162604048,0,-7647757730460800,0,29559138025288,0,-51936562698,0,41805277,0,-13743,0,1 # block t=7060 q=12T155 r=24 k=2
36790987408,0,-100196721024,0,116917175136,0,-77080763936,0,31783211640,0,-8555235696,0,1522291152,0,-177639768,0,13260249,0,-606740,0,15798,0,-204,0,1 # block t=7060 q=12T155 r=24 k=2
293908287090289421,0,-433529857614368614,0,246054475308291079,0,-73075504681100157,0,12614176675628832,0,-1304037600647997,0,79424471279421,0,-2700033803654,0,47746521382,0,-421435362,0,1702426,0,-2659,0,1 # block t=7060 q=12T53 r=24 k=2
7880404129344,0,-36957700700160,0,71233148532112,0,-72216843826352,0,40804350159828,0,-12498213885660,0,1874262877349,0,-123381277074,0,4042232075,0,-68750952,0,576971,0,-1946,0,1 # block t=7060 q=12T53 r=24 k=2
198422286336,0,-337804554240,0,245702106112,0,-102939555840,0,27968944896,0,-5226869760,0,692029696,0,-65614080,0,4432176,0,-208400,0,6484,0,-120,0,1 # block t=7060 q=12T155 r=24 k=2
94474824965002550005191,0,-206501248872922514956868,0,175418358544062960793812,0,-73890336379374522404032,0,16407753749153666361511,0,-1871714989020240772660,0,96743229561595215908,0,-1495487381648992348,0,2416003437316417,0,-1324838835016,0,308589688,0,-30036,0,1 # block t=7060 q=12T53 r=24 k=2
1417780343574074967166,0,37901721013026757096296,0,-13808569656080488363008,0,1960581055036010738296,0,-136223044989504483420,0,4605738369867199224,0,-56689646852426376,0,-286970161875696,0,5332007409903,0,-1873538420,0,-4476966,0,876,0,1 # block t=7061 q=12T155 r=16 k=2
36499102111696743125,0,19526266651082408250,0,-322723852836832231025,0,-141903982689917034020,0,-9381350243282022541,0,2300466343929855738,0,120063227262924951,0,-17741127722115646,0,447788711784730,0,-3357684963338,0,4433763620,0,-249504,0,1 # block t=7061 q=12T53 r=16 k=2
6181447680000,0,10963550208000,0,-1595036262400,0,-3867947642880,0,1576961094144,0,-164598423552,0,-20674757120,0,6543234816,0,-629908496,0,27402720,0,-455128,0,-72,0,1 # block t=7061 q=12T155 r=16 k=2
1973934889982198524375,0,4186396048135344554500,0,-5724035985898001917275,0,1784800677319441877580,0,-179642353795746160856,0,-8269639489451130888,0,3149166564035179981,0,-251032741165964704,0,8038012726545440,0,-70812175916872,0,-467614433475,0,4103244,0,1 # block t=7061 q=12T53 r=16 k=2
9836454240990713170513,0,37819488941812128763740,0,50304859488030326394546,0,22787851463823982174156,0,-2698471419014827293681,0,-2644841776187746485960,0,493519314333425613692,0,-25729457983073199624,0,410889925192068735,0,-186525716653972,0,20295663858,0,-283332,0,1 # block t=7061 q=12T53 r=16 k=2
6727740574448151,0,3116444784063138,0,-5562853683450484,0,1834480037667158,0,-193798537310901,0,-4143721779660,0,1557550124784,0,-22244276724,0,-2859101283,0,37433546,0,-102268,0,-258,0,1 # block t=7061 q=12T53 r=16 k=2
140928421238089631669,0,928769462022634430188,0,-262904418462032748571,0,23808105290136454756,0,-580756837589640354,0,-38400555719138130,0,3129491529554817,0,-90758555182774,0,1174942085105,0,-4239523933,0,-24851540,0,3915,0,1 # block t=7061 q=12T53 r=16 k=2
27599027652570861204181,0,-11634150613307240428723,0,-29382791173141259691654,0,27539290051691326410438,0,-8356321570264388558649,0,853752766910753575051,0,-11536944519831942376,0,43314913769707451,0,-27915041404474,0,-33257860832,0,6685671,0,7240,0,1 # block t=7061 q=12T155 r=16 k=2
292182069389345771,0,-4099167707894453897,0,-9051329056370779825,0,27667931232736848559,0,-8245108096481443546,0,-3594999780186972310,0,303573520249803058,0,-3461117184697802,0,-3381263168965,0,113876048455,0,-53245732,0,-13462,0,1 # block t=7061 q=12T53 r=16 k=2
3246968546898049,0,-6390903501332748,0,-8429049848511294,0,30554086440026916,0,-23485836739267857,0,-1432128652556568,0,9355764376576156,0,-3907296559882008,0,488398419603567,0,4550127140,0,-455012670,0,-12,0,1 # block t=7061 q=12T53 r=16 k=2
20583551886641859414319,0,72332680869650171707004,0,-80079902583589193009627,0,-73533520109323306817690,0,-14079063270795515865140,0,288937756743960566222,0,148139804207725456498,0,-7904227805749532770,0,118361872310119234,0,-491448227958036,0,287425953223,0,-2638738,0,1 # block t=7061 q=12T53 r=16 k=2
94077904136344405,0,334644426991992145,0,407580732509246035,0,159764039925161935,0,-31016546956700871,0,-19898835050989599,0,3727492927626378,0,-138066822056789,0,1971187399322,0,-11222044749,0,17923865,0,-9429,0,1 # block t=7061 q=12T53 r=16 k=2
7385272148224,0,-107750474926592,0,482890458103104,0,-366922588883648,0,-1989933013574332,0,3150303217541392,0,-187870061593528,0,-36155913174368,0,-126542125304,0,30118292536,0,-283268452,0,-9336,0,1 # block t=7061 q=12T53 r=16 k=2
55643783925162569063953,0,273442950563104102493676,0,484451947440448795564242,0,349162076413728514801948,0,60464802348114453356559,0,-20430395481337450609320,0,1603965521174430009148,0,-50067992501681699304,0,557392265341540287,0,-217744298230340,0,22164804114,0,-290868,0,1 # block t=7061 q=12T53 r=16 k=2
21761532502129,0,-603196347957636,0,854555747160342,0,579215389581932,0,-1557780875810235,0,844651396409904,0,-138162918827136,0,-1119526478856,0,139917919653,0,7629980,0,-762954,0,-12,0,1 # block t=7061 q=12T155 r=16 k=2
1469063040185045357406,0,2501245754841042699048,0,-1600758784577691560052,0,333746433513642557556,0,-30830020201072853235,0,1181301942471125760,0,-5373111755613708,0,-483705867196152,0,1552417273836,0,8522905752,0,4197096,0,-5436,0,1 # block t=7062 q=12T155 r=16 k=2
1347250974201591044,0,1796062975288775424,0,-72852795378697304,0,-231969921680586584,0,53859904048916442,0,-4099555232485064,0,-17800701092660,0,20360040011080,0,-1211275036279,0,29694153940,0,-269941530,0,-132,0,1 # block t=7062 q=12T155 r=16 k=2
20355209599779333624064,0,-11727044930191971106816,0,-35119049517625979546112,0,15617627373779234965760,0,-2464728016305134431968,0,189429726861245471936,0,-7467148785584832320,0,130746413131396816,0,-156630942684815,0,-14630947658580,0,-44431903626,0,201596,0,1 # block t=7062 q=12T53 r=16 k=2
206010568270691430188881,0,841965326357221054403206,0,-74215711346720337773388,0,1948532908887968760360,0,4956697281658630352,0,-1019177695859659939,0,14314182844921005,0,-19128838072655,0,-589894387546,0,701654886,0,1530699,0,-2631,0,1 # block t=7062 q=12T155 r=16 k=2
101886962191550469263359,0,248255367788534503085040,0,182729854187532208780374,0,25456061135904441543976,0,-13437854052730371918477,0,-2243719552528389157776,0,280036904194857903612,0,-3265228670092941600,0,10218276149925213,0,-3907015701152,0,588030366,0,-39624,0,1 # block t=7062 q=12T155 r=16 k=2
17111169,0,59206446,0,-483127216,0,918397043,0,-717474699,0,207191908,0,4965518,0,-6718516,0,451805,0,23139,0,-2224,0,15,0,1 # block t=7062 q=12T155 r=16 k=2
348419800760813,0,-200732932163165,0,-267134312464813,0,278253810439357,0,-89425051387191,0,11099440941847,0,-467221223066,0,3503596303,0,147961825,0,-1548818,0,-19057,0,116,0,1 # block t=7062 q=12T155 r=16 k=2
289759744,0,1941184512,0,-9917110272,0,-44986303488,0,4546282560,0,77083379712,0,27156665216,0,-10987243776,0,1033688328,0,-31118592,0,298464,0,-1008,0,1 # block t=7062 q=12T53 r=16 k=2
1705763108980150571008,0,1809887969805726474240,0,-1220257560390255347712,0,250802745459285862400,0,-23081132838480226560,0,950260849556659200,0,-10972342087115520,0,-208356713291520,0,2594597292144,0,328632800,0,-3281928,0,-120,0,1 # block t=7062 q=12T155 r=16 k=2
4738347481596133376,0,8907996378874970112,0,-24071902517733015552,0,18291427592098316288,0,-6727305071516384256,0,1337731474928627712,0,-143210854945386496,0,7490719464118272,0,-147012355766304,0,-76483512512,0,166516848,0,70464,0,1 # block t=7062 q=12T53 r=16 k=2
228909309799894623528921,0,-1255849757369149167243,0,-161169156422565767841053,0,85158217173215209383258,0,-16910838609410060780482,0,1245753898405004847952,0,-10063237053825454222,0,-10281471774722089,0,185745141725486,0,-56533094824,0,-75781769,0,27669,0,1 # block t=7062 q=12T155 r=16 k=2
4096,0,-262144,0,245760,0,1015808,0,74752,0,-472576,0,55424,0,71168,0,-25952,0,2880,0,32,0,-24,0,1 # block t=7062 q=12T155 r=16 k=2
271917708634889,0,2292501923985138,0,34550396004527,0,-489689072444816,0,136916776490733,0,-14792685466484,0,489604894217,0,32874165364,0,-3382117901,0,102476274,0,-937850,0,-1516,0,1 # block t=7062 q=12T53 r=16 k=2
62510682456595225954,0,-622961287503377396656,0,-484621832438777339416,0,5017287989631809486256,0,-6529492456343042126060,0,3163266347464197434544,0,-525681235171205997904,0,-655521142372377144,0,81866908700646939,0,24411365299980,0,-2441136529954,0,-12,0,1 # block t=7062 q=12T53 r=16 k=2
49065984,0,1623711744,0,16450089984,0,59004149760,0,29981496384,0,-101364134400,0,54649777536,0,-10898527104,0,592320240,0,28070208,0,310464,0,1008,0,1 # block t=7073 q=12T111 r=8 k=1
47095162542191413120,0,130825627762062798592,0,-13784056889479792576,0,-5449222240572485056,0,743204840383023608,0,23330877491711648,0,-5478375750105104,0,28141674956416,0,8388653292392,0,64225938576,0,127607608,0,22080,0,1 # block t=7073 q=12T111 r=8 k=1
3076529985643733950337,0,21834245174907898723092,0,41033549118163602844974,0,27378559339529170106540,0,5332951012425373956975,0,-165164219197152165528,0,-1053416163393099004,0,27901642158687480,0,130703442511599,0,-413703374844,0,-926584914,0,11484,0,1 # block t=7073 q=12T111 r=8 k=1
233698936941971061688,0,2446480064967457099296,0,5654836898890069688976,0,-19357781384971804683776,0,-114312846048045187404384,0,-197998089274943439180192,0,-126794566414932014531208,0,-11261793120903134380008,0,1636871205228851453625,0,612781472923636,0,-1474603844370,0,-2436,0,1 # block t=7073 q=12T111 r=8 k=1
4203334717208489135360,0,5638296286186336560128,0,79384251275023676704,0,-84315775929070794176,0,-5695152358493192407,0,-13004570052028544,0,7662035626940820,0,204148590131968,0,1410816154742,0,-3834945920,0,-23957148,0,192,0,1 # block t=7073 q=12T111 r=8 k=1
8778125955508650,0,68201331784358580,0,137573950153846392,0,-12906115956001386,0,-159279435037952244,0,-76092097122047592,0,-2421411845198796,0,116362200260142,0,3209604408099,0,-270562950,0,-7401132,0,-1761,0,1 # block t=7073 q=12T111 r=8 k=1
670001781957376,0,-1662612408483840,0,1872235321556736,0,-1258003825056512,0,537430673431168,0,-146364358480960,0,24074037072128,0,-2095193812480,0,84149182256,0,-1288948032,0,2308272,0,-1988,0,1 # block t=7073 q=12T110 r=8 k=1
119814034499099707247937,0,142493496843413062748988,0,-810815342405158661919138,0,808936026220404793814292,0,-290904529869041944566785,0,29808157401086272265656,0,659215680300046588340,0,4649175970348221160,0,13175123050642463,0,13563848981516,0,4785948110,0,198404,0,1 # block t=7073 q=12T111 r=8 k=1
399256974701443,0,-886916442841944,0,847036860460814,0,-456780292058412,0,153064819186299,0,-32936629585824,0,4525565002176,0,-380151450768,0,17648135873,0,-356988072,0,913018,0,-900,0,1 # block t=7073 q=12T110 r=8 k=1
37756089724693,0,4398969252915,0,-17680674914658,0,-11949034684808,0,-3891946951592,0,-764489495413,0,-93500462635,0,-6754563720,0,-241068355,0,-1329129,0,104579,0,-647,0,1 # block t=7073 q=12T110 r=8 k=1
19206177956449,0,-110672619805132,0,265293926491810,0,-339177143933468,0,245792590564399,0,-98720328081080,0,19969666391196,0,-1760527076984,0,69449226191,0,-1091027836,0,1870690,0,-1900,0,1 # block t=7073 q=12T110 r=8 k=1
357911,0,7785157,0,58089107,0,170429831,0,153911673,0,-69671780,0,-69075688,0,-3650172,0,2453955,0,62473,0,-3665,0,-53,0,1 # block t=7073 q=12T111 r=8 k=1
26735211590269575321,0,92357805889681511580,0,33049729421745491286,0,4924712076595204644,0,371281716939488499,0,13879617041088360,0,153507751872868,0,-5286267134184,0,-146036878581,0,179569100,0,23998974,0,-9804,0,1 # block t=7073 q=12T111 r=8 k=1
4336543790246033,0,-31525580021468,0,-1301801622269046,0,-542124947990321,0,-108131697511941,0,-12602848050252,0,-894169764325,0,-36912755378,0,-716034011,0,572705,0,157245,0,-805,0,1 # block t=7073 q=12T110 r=8 k=1
739083694626823744,0,6208224477407198976,0,11619684705674538624,0,-29020715437678596608,0,-128026981745983776240,0,-155215237744519842816,0,-62613548608633469184,0,617089184378222112,0,505735396226753985,0,200038932292,0,-11693548842,0,-60,0,1 # block t=7073 q=12T111 r=8 k=1
8009478991809,0,28515967069932,0,33422796206946,0,11130148996956,0,-6623272954953,0,-5922093519432,0,-1176041743812,0,122185780344,0,44826633495,0,-531588996,0,1964178,0,-2484,0,1 # block t=7073 q=12T111 r=12 k=0
10907063021911083145,0,147616972076259783956,0,108193157200693963306,0,18459229247778361252,0,311815599720710391,0,-97094496931284760,0,-2424945857368324,0,142625682622184,0,1232314576975,0,-43897903644,0,82581706,0,-22188,0,1 # block t=7073 q=12T111 r=12 k=0
192359944151047271072713,0,358798656362214518696880,0,103049008205815953196138,0,-10354053125956478856672,0,338971796721348365535,0,-4771181138727852648,0,20316960847771148,0,168352213803560,0,-1587282410441,0,-897415976,0,25931130,0,13016,0,1 # block t=7073 q=12T111 r=12 k=0
213323805199141800763276,0,618412249100905213398012,0,550510344158401037074624,0,68122393522863084803048,0,-105580493411149018465456,0,-21966165357373181418164,0,5924388802163222028620,0,-329041191551576766776,0,4109630228764800335,0,-302734781317153,0,-19239108734,0,442974,0,1 # block t=7073 q=12T111 r=12 k=0
716030576160636304,0,3260522364467747424,0,-1356207222448605912,0,-5998243499077288216,0,273751848323744769,0,3253345486093405512,0,243612065541510492,0,-418309671707558424,0,16944150287530134,0,10567004132696,0,-2240418156,0,-49872,0,1 # block t=7073 q=12T111 r=12 k=0
16841615306833,0,-757940230575156,0,1825350313704210,0,7948907528072060,0,6434692197027471,0,933709395634968,0,-108971315327044,0,-9094341020712,0,571788252927,0,2376323612,0,-79485102,0,-84,0,1 # block t=7073 q=12T111 r=12 k=0
1423614363838745998336,0,1677648065830029418496,0,-1835243398116704073216,0,-1350410180719614078976,0,-135286102604991809728,0,10920534941176829952,0,978737554705232128,0,-42116163751280768,0,144949780405984,0,2528564134400,0,-2050243080,0,-44304,0,1 # block t=7073 q=12T111 r=12 k=0
10564921862419452089344,0,12672871268827228724224,0,-1470199723439466001920,0,39031275515333987328,0,1388913356648736000,0,-97286169077589888,0,1823534307635008,0,-5613503932864,0,-166206365200,0,781176320,0,7236828,0,5752,0,1 # block t=7073 q=12T111 r=12 k=0
659413341149227768,0,-10596268500966655392,0,57454981406933693232,0,-110429809359988962496,0,-33623348606181674640,0,338261334437493113760,0,-334280459674437556728,0,90594298474586491176,0,5359006417352674401,0,1426253935276652,0,72225236334,0,557700,0,1 # block t=7073 q=12T111 r=12 k=0
23302193929805650149,0,44189919562803696207,0,25913483032431422880,0,6100333600269995680,0,343287095547837469,0,-81631964546998896,0,-10256762650801088,0,214269047771504,0,49898142343009,0,-105171769029,0,71427448,0,-16836,0,1 # block t=7073 q=12T111 r=12 k=0
622483808301999323152,0,1032739568346758615904,0,51951616619777632872,0,-18343158174784466264,0,-656227383863918895,0,44003595825827016,0,2338205264199068,0,20455721001960,0,-389010797082,0,-3573043304,0,33539508,0,-11472,0,1 # block t=7073 q=12T111 r=12 k=0
61504736755033341324,0,-6456557869281760608,0,-106521855875306347068,0,9040402285048432944,0,372346817256503217,0,-55025937850973040,0,1618803749680124,0,-5278729395504,0,-358252457778,0,2025494384,0,30532032,0,11040,0,1 # block t=7073 q=12T111 r=12 k=0
5351944965250964239,0,5087351309676481617,0,-7141219715092434114,0,2918611176852781908,0,-576328011454768045,0,58613018718090270,0,-2665487353932052,0,11155981650268,0,1803251803725,0,14113020953,0,25521414,0,12568,0,1 # block t=7073 q=12T111 r=12 k=0
43459167008470776464,0,178548914823488470464,0,-52339594499691004608,0,-9796386594488268736,0,-228648159294813192,0,23919237108850944,0,1256786572842296,0,11648483448000,0,-280628404839,0,-2971516524,0,31075278,0,-11052,0,1 # block t=7073 q=12T111 r=12 k=0
1753629123225485312,0,1934364572737634304,0,544519960058535936,0,75136609944338432,0,6108565242165248,0,314967986114560,0,10576431076352,0,231096273408,0,3231866336,0,28578752,0,162384,0,552,0,1 # block t=7079 q=12T110 r=0 k=1
24495044773,0,112331241990,0,213826807086,0,212927653435,0,119904204879,0,43813580148,0,13175309409,0,2495169630,0,155707209,0,-10141535,0,961416,0,-336,0,1 # block t=7079 q=12T110 r=0 k=1
29282321965323991,0,30959337165363928,0,9142820959020570,0,1395414333420224,0,132796550306822,0,8569913090320,0,390601976656,0,12775787736,0,298972547,0,4892256,0,53158,0,344,0,1 # block t=7079 q=12T110 r=0 k=1
3105857929,0,13987041444,0,31955770138,0,41534167044,0,32586745023,0,13126679560,0,1953928908,0,11905384,0,13006871,0,-38444,0,-6214,0,20,0,1 # block t=7079 q=12T110 r=0 k=1
893772669955807,0,249975024750791,0,-276674356709422,0,76258247030738,0,-10938306997649,0,924342047508,0,-45076725041,0,977492195,0,10770605,0,-874795,0,4273,0,224,0,1 # block t=7079 q=12T110 r=0 k=1
74997844,0,71598912,0,-49036437,0,-30488189,0,13545891,0,2111346,0,1021434,0,-2539926,0,658557,0,3727,0,30120,0,99,0,1 # block t=7079 q=12T110 r=0 k=1
38151703189196795844388,0,32930809878077939788728,0,4728901099821977522984,0,257030594759061432684,0,7557204211905986425,0,138803804961294888,0,1705713675608844,0,14474863953696,0,85437233770,0,345398016,0,913924,0,1428,0,1 # block t=7079 q=12T111 r=0 k=1
23358484,0,-59154312,0,60628404,0,-33471040,0,11466288,0,-2754144,0,547836,0,-109332,0,21960,0,-2920,0,228,0,-12,0,1 # block t=7079 q=12T111 r=0 k=1
36894787,0,99410019,0,114732828,0,69144700,0,31473459,0,7547202,0,1475088,0,-19044,0,10665,0,883,0,-12,0,0,0,1 # block t=7079 q=12T111 r=0 k=1
153105652854625,0,280713546291100,0,192989779405590,0,61158351505348,0,8918703918879,0,535887797288,0,114612772,0,-546672328,0,-5228257,0,34812,0,1126,0,68,0,1 # block t=7079 q=12T111 r=0 k=1
64957768801,0,81408112230,0,37363512675,0,8390055644,0,922890413,0,36148874,0,3081411,0,1915070,0,390361,0,40128,0,2335,0,74,0,1 # block t=7079 q=12T110 r=0 k=1
32768000,0,-98304000,0,134184960,0,-110182400,0,60681216,0,-23672832,0,6727488,0,-1404384,0,212656,0,-22440,0,1524,0,-58,0,1 # block t=7079 q=12T110 r=0 k=1
150469680322201,0,193148942134560,0,86139971150060,0,20658240185356,0,3123314128019,0,321049679288,0,23301619404,0,1212545220,0,45126172,0,1175464,0,20394,0,212,0,1 # block t=7079 q=12T110 r=0 k=1
311879365702904,0,667697682813216,0,582847940299072,0,272084073539760,0,73262006775108,0,11385394055424,0,985006842192,0,50467847088,0,2126347418,0,2615760,0,87588,0,36,0,1 # block t=7079 q=12T110 r=0 k=1
540364227124471,0,2414499415805608,0,4552331178040348,0,4690908779380824,0,2854559957433307,0,1033354267100440,0,213685582307472,0,23421384973720,0,1312433433373,0,32241722992,0,30237140,0,9536,0,1 # block t=7079 q=12T110 r=0 k=1
22203953073895655588752,0,83963252749116219087456,0,104113692663853015032600,0,52862505121540275774744,0,9534168401474294618361,0,1893192213137620896,0,-3037868045894801180,0,-1564674111266544,0,203920920574098,0,19140561024,0,-961786860,0,-72,0,1 # block t=7079 q=12T111 r=8 k=1
2755849297208952832,0,-7679736480666789888,0,8977792280176548864,0,-5711816776636064768,0,2132774053726911232,0,-466661184165379072,0,55938704761082432,0,-3155389755764608,0,74930580696368,0,-845891941392,0,268293564,0,-28436,0,1 # block t=7079 q=12T110 r=8 k=1
87521337109167376,0,-274766920030111392,0,363509756533792464,0,-261020730510106944,0,108835361274272128,0,-25966895921878128,0,3211398981036760,0,-160752562964712,0,3157025555488,0,-92529701184,0,17454500,0,-1884,0,1 # block t=7079 q=12T110 r=8 k=1
2162456258076238508,0,26524267749712172832,0,-26123944277932582248,0,5844963420224441804,0,1145303739544776728,0,-466692662972502328,0,782400754125124,0,6930030779139696,0,72418241856523,0,160778062516,0,108380288,0,24117,0,1 # block t=7079 q=12T111 r=8 k=1
966623610179206324798,0,9386195176923309385248,0,31947804220103790158632,0,45506830544166108707234,0,24382101732454047881516,0,1503100571922873695308,0,-340173484563405367828,0,-12313990426103514062,0,49279998732258365,0,13793030863412,0,-660219128,0,-101007,0,1 # block t=7079 q=12T111 r=8 k=1
146569399002701346241,0,428862137683263477348,0,-659302563326250458238,0,-3883651686911632125452,0,-5482558576956961474569,0,-3264232718651358543192,0,-728739630062113411524,0,-5042622653678985624,0,2519607814192030167,0,56226598564180,0,-26132809614,0,-24828,0,1 # block t=7079 q=12T111 r=8 k=1
415279684,0,-1696245032,0,2902896032,0,-2721608312,0,1535066344,0,-536109416,0,113406140,0,-13256372,0,643324,0,4348,0,-1230,0,8,0,1 # block t=7079 q=12T110 r=8 k=1
1595887616,0,-4306583552,0,4890598400,0,-3142563328,0,1289461504,0,-359561856,0,70410304,0,-9814336,0,970896,0,-66720,0,3032,0,-82,0,1 # block t=7079 q=12T110 r=8 k=1
1468983937945960466725,0,8346300083247681084655,0,17383013397014028251764,0,15523202078191556242022,0,4633525928225789040953,0,-451209225808520729080,0,-49900787530156388404,0,1754617387790321428,0,10852152780484205,0,-3929773948893,0,-361183504,0,64102,0,1 # block t=7079 q=12T111 r=8 k=1
47921510359729505012752,0,240515279693992521962016,0,115406243463779923282536,0,24554250223264424719256,0,2915834932180777973409,0,207269461335303957960,0,8783120240038324284,0,203965196169395592,0,1936457435760246,0,-2234424353512,0,701614452,0,-49440,0,1 # block t=7079 q=12T111 r=8 k=1
15672947225084416,0,42547191957528576,0,34122768200470272,0,13467122092786784,0,3051070656496785,0,415719939419280,0,33302783276988,0,1381547118672,0,16415420670,0,-380507152,0,1706988,0,-2352,0,1 # block t=7079 q=12T111 r=8 k=1
529798200811147264,0,-1498239414344515584,0,1775536470859896832,0,-1135622877765357568,0,419296160315700992,0,-88081797438439424,0,9576722834415872,0,-437604543489536,0,10147640609072,0,-191519281024,0,99010456,0,-17232,0,1 # block t=7079 q=12T110 r=8 k=1
85327732542516879276,0,2794763930202720555864,0,-8084572866518725657556,0,2201135503964855298056,0,6623120542977262031396,0,-2679022735044158646956,0,166609551344109654408,0,1689901266967033792,0,4767290316959688,0,4359510585208,0,1366535470,0,74972,0,1 # block t=7079 q=12T111 r=8 k=1
324913465627,0,-934836961672,0,1071461848118,0,-634494690060,0,210349932827,0,-38874099928,0,3757304064,0,-234651160,0,33557737,0,-3723584,0,63618,0,-412,0,1 # block t=7079 q=12T110 r=8 k=1
72254097249556,0,2038800043210344,0,12837185048181272,0,25897399074148116,0,17095222078062156,0,566140632267544,0,-531687342282148,0,12823136210184,0,677594003709,0,-1221235874,0,-2643768,0,2501,0,1 # block t=7079 q=12T111 r=8 k=1
25567179197208420456,0,12064648069513024560,0,-155760274616555875680,0,156501243851959538424,0,-697587296034713460,0,-52891275304036231152,0,13830919854211191712,0,1550149283029037000,0,5227969142809101,0,-4607312167422,0,97946686,0,84249,0,1 # block t=7079 q=12T111 r=12 k=0
296350618428800761856,0,0,0,-644881198864619836276736,0,0,0,114494701618669071282752,0,0,0,-1614259477163668333696,0,0,0,5702210501662515344,0,0,0,-935481607440,0,0,0,1 # block t=7079 q=12T111 r=12 k=0
53969640140200,0,0,0,-230833449778468,0,0,0,172669305157753,0,0,0,-1111666497972,0,0,0,429983998,0,0,0,-38576,0,0,0,1 # block t=7079 q=12T111 r=12 k=0
36034064796994889,0,48292792843024500,0,-31376047577505630,0,-64999609129656940,0,-23260576310891517,0,-1840486846802856,0,-11246696153860,0,2330275597368,0,16468338123,0,-1041707100,0,6091818,0,-5724,0,1 # block t=7079 q=12T111 r=12 k=0
1222063177744914832,0,2424278053825535712,0,862045118727611736,0,-480865947578413448,0,-94305851728533999,0,43642898963790192,0,-2519708219397300,0,-239389688673504,0,14958631407150,0,537355120,0,-26867580,0,-24,0,1 # block t=7079 q=12T111 r=12 k=0
32892950526354472000000,0,0,0,-160423328392020880306432,0,0,0,9676804546137815470528,0,0,0,-3108698496827013312,0,0,0,13398981242200,0,0,0,-7131428,0,0,0,1 # block t=7079 q=12T111 r=12 k=0
471890195565218496,0,242894300590757376,0,-1033636608822302784,0,-489927824908109568,0,180046624206029616,0,44863410822243840,0,-12505322490016,0,-114313030090752,0,1603074520260,0,13317595424,0,-106371540,0,-912,0,1 # block t=7079 q=12T111 r=12 k=0
271442913166392730624,0,990068082781109532672,0,418562438462983165440,0,-931459165825678909952,0,64575262829697263424,0,140930559917078754816,0,-29019215476009872768,0,-172767652094818944,0,70815133108768032,0,-129774742304,0,-3786217512,0,120,0,1 # block t=7079 q=12T111 r=12 k=0
721350752268737282,0,330522075345546720,0,-2262588352664358996,0,-221570276243910046,0,1549659720058520428,0,-94379848339224964,0,-12693329653292152,0,-84920039123478,0,4434954371667,0,4531487340,0,-6754558,0,-3775,0,1 # block t=7079 q=12T111 r=12 k=0
52077614287600559,0,-2522278439061110436,0,2089839042854655378,0,28253330913646680807,0,31948006057765271177,0,4207148926106326396,0,-534390758920949252,0,-6684213467415520,0,537986584237223,0,-38341004284,0,-150773642,0,15707,0,1 # block t=7079 q=12T111 r=12 k=0
40608710159293392777408,0,45221112823921620011136,0,-2368167425046731669328,0,-528047111796706115856,0,51591890742421618881,0,-1628974268085204792,0,18064274475765508,0,55217371560552,0,-2080733014842,0,2785739256,0,68332692,0,16488,0,1 # block t=7079 q=12T111 r=12 k=0
182580508599771386418688,0,300648330666651560355840,0,32939966935156753814016,0,-93434035014614648721920,0,790343028437290448832,0,8368302842317737976320,0,-1177881109634968021632,0,-2867284684617450624,0,2564526125008580904,0,-10797807136352,0,-26313406872,0,2424,0,1 # block t=7079 q=12T111 r=12 k=0
4273755159622726516736,0,6459886228089165185024,0,-950153706273369620480,0,-1113193199403492638720,0,-51192270922949056512,0,12855311573734449152,0,482957490343892480,0,-34410268916789760,0,147737372844432,0,2474836540064,0,-2041164168,0,-44280,0,1 # block t=7079 q=12T111 r=12 k=0
781695134731807028269,0,1518870568853905448055,0,-1060962418865392678832,0,212340669533725658414,0,-9625302460339208063,0,-1184420209378868984,0,69064571775024780,0,3142470625776244,0,12173901153957,0,-304301324557,0,-94729012,0,3502,0,1 # block t=7079 q=12T111 r=12 k=0
2243851086575808,0,8572685019099264,0,-1335711171932973360,0,-252042341157472752,0,371499349414060305,0,6182685190637496,0,-386820952576124,0,-3750649309320,0,111632962326,0,356643976,0,-5565612,0,-456,0,1 # block t=7079 q=12T111 r=12 k=0
17620598438233396,0,-44660646731556968,0,47359638156007524,0,-26992443852935696,0,8774591869694876,0,-1563916024182864,0,125189983918108,0,-1012352912364,0,-96876945088,0,-10194880996,0,-2646720,0,2612,0,1 # block t=7081 q=12T110 r=8 k=1
6386517389828967780407,0,-4916475259598647082872,0,542296565280653049298,0,-28721577841944690263,0,924352486003490359,0,-19907624760322984,0,300376557393189,0,-3236175675426,0,24881911935,0,-133763737,0,478805,0,-1027,0,1 # block t=7081 q=12T110 r=8 k=1
17561103534385972,0,-47599849209390368,0,57392261338118864,0,-39420315320513512,0,16512217755680252,0,-4227748878775728,0,625881603144228,0,-48212152365264,0,1809579016328,0,-32860659412,0,30505340,0,-9572,0,1 # block t=7081 q=12T110 r=8 k=1
12410953481020672,0,-50888124030089728,0,89324620430564096,0,-87290520306237952,0,51594000718526848,0,-18679675682823040,0,3967294120790624,0,-435427079777440,0,17952627878704,0,-256986815104,0,129427704,0,-20096,0,1 # block t=7081 q=12T110 r=8 k=1
2807709216477184,0,-10301495885758464,0,16062840139245568,0,-13754569176047616,0,6964212241084160,0,-2082928157961216,0,344583161948928,0,-26996486560512,0,873589055472,0,-27528385344,0,7805096,0,-1200,0,1 # block t=7081 q=12T110 r=8 k=1
20261208836616038521,0,42852718792362583944,0,30611761120303984582,0,9057361450486077144,0,891826741261057319,0,-31592198317983824,0,-3537521068510204,0,-256840208880,0,148615295695,0,15381256,0,-751578,0,-40,0,1 # block t=7081 q=12T111 r=8 k=1
143256862482897438976,0,-40001149079457743104,0,-15622008047892138048,0,-1945971616444114304,0,-129570636288515120,0,-5196458649315904,0,-127755476363460,0,-1796033691036,0,-10453855015,0,38465276,0,502669,0,-1500,0,1 # block t=7081 q=12T110 r=8 k=1
1083525880839364,0,1896505266212280,0,993492929656184,0,217674020879580,0,17612576300953,0,-472536601848,0,-127219618548,0,-3271654944,0,55369642,0,1506336,0,-9548,0,-156,0,1 # block t=7081 q=12T111 r=8 k=1
1418799624807571,0,-2761433243519882,0,1884736643664884,0,-638779422956818,0,122730043413845,0,-14374777690320,0,1176134803944,0,-89858058312,0,6330683459,0,-226054450,0,-236086,0,778,0,1 # block t=7081 q=12T110 r=8 k=1
791964878230171,0,133175265880964,0,-2886652357094356,0,2213992986589556,0,-158137517638493,0,-127878850016484,0,6495870816896,0,1879917259216,0,83407275049,0,1226975976,0,6333440,0,6036,0,1 # block t=7081 q=12T111 r=8 k=1
12028063280103,0,1020615680525166,0,7146082062719820,0,15258905610410762,0,12372006840617771,0,2891737735651244,0,-302085357718608,0,-10248958192524,0,634569605229,0,47337670,0,-3276412,0,1186,0,1 # block t=7081 q=12T111 r=8 k=1
607109867214158019457,0,1939842168886875349164,0,-1564766631159755821422,0,-11542525938524029314596,0,-14100415796690398180881,0,-6665851734874510057128,0,-1058459580145601183748,0,22506731127849372696,0,2813340577989576303,0,-270997198340,0,-27099719790,0,12,0,1 # block t=7081 q=12T111 r=8 k=1
82961096073285774610432,0,95521448339509524494336,0,-16872767005791665237632,0,-3548703098536562683424,0,-236683657342915036799,0,-8112744134009315128,0,-158388166329025204,0,-1738891131725384,0,-9124253677530,0,-5431875144,0,95585740,0,-21528,0,1 # block t=7081 q=12T111 r=8 k=1
122641561936952568,0,-225781996490667216,0,171308635624472544,0,-69769300685207616,0,16338111908341140,0,-2122235674698912,0,120458059193260,0,1300583605464,0,-262495085174,0,-8118166360,0,384496,0,3928,0,1 # block t=7081 q=12T110 r=8 k=1
11794715091342208,0,62921256156443904,0,-1017372492916945728,0,-6942201440753545024,0,-6094903633104616776,0,-993608569985021568,0,689018506773721152,0,290209712743929312,0,31475570352299352,0,20767347392,0,-2922321264,0,-48,0,1 # block t=7081 q=12T111 r=8 k=1
5305890972711502018672,0,21029093685076714344096,0,31952734329030943805312,0,22657394159094817624016,0,7004394632945970293232,0,537612279001916175056,0,-39036926546219514288,0,-68214562627538256,0,6504194247806155,0,-14114807465946,0,2164998222,0,-85681,0,1 # block t=7081 q=12T111 r=12 k=0
4334140847464828812,0,0,0,-96427344246309596412,0,0,0,324272868212054425329,0,0,0,-248978750322821388,0,0,0,39619832298894,0,0,0,-427305240,0,0,0,1 # block t=7081 q=12T111 r=12 k=0
630826063559824,0,-10216945474939968,0,-20918179649507136,0,3881011424867776,0,14119536883482936,0,664043795515008,0,-41968723429944,0,-1175244064128,0,38898210537,0,222651796,0,-4452414,0,-132,0,1 # block t=7081 q=12T111 r=12 k=0
210193289677166118685952,0,963826383241908115290624,0,751439696299661800459808,0,73027869287512052489952,0,941091050871224525049,0,-93382586151875571312,0,-1846612574449547516,0,32111836677851472,0,602490230035686,0,-1677024816528,0,1149149300,0,-66288,0,1 # block t=7081 q=12T111 r=12 k=0
31199360000,0,0,0,-83888571904,0,0,0,10270927680,0,0,0,-405637376,0,0,0,5385312,0,0,0,-12232,0,0,0,1 # block t=7081 q=12T111 r=12 k=0
2509411821964115248,0,10326992714105553024,0,9972607915114222528,0,-7224191364607908688,0,-13834945469148890320,0,-4242255695735474048,0,96918792515328304,0,447249556928560,0,-17080489492064,0,79036668788,0,-108693012,0,17160,0,1 # block t=7081 q=12T111 r=12 k=0
10473256988928,0,348405128686080,0,-1332513460050048,0,-67060926592897920,0,80122615412957712,0,37531123474176000,0,1329535937744992,0,-124898264971008,0,1009192749432,0,17673598624,0,-105243024,0,-1320,0,1 # block t=7081 q=12T111 r=12 k=0
933474459340000,0,2534708828555200,0,-2619173203659936,0,-1145767968180320,0,363436535461656,0,16135133250336,0,-1532366636368,0,-14709916224,0,501319548,0,2171144,0,-40788,0,-76,0,1 # block t=7081 q=12T111 r=12 k=0
5931095984685895325,0,352228990216929311660,0,4031408988194629377433,0,-33744609018963158393232,0,49738390851868963379881,0,3156216468044952979768,0,-183564405752637650380,0,181326370022064580,0,16952095805194593,0,-132739471324,0,-792552143,0,29364,0,1 # block t=7081 q=12T111 r=12 k=0
25522757219155968,0,0,0,-63089894944825344,0,0,0,46118561735785536,0,0,0,-8501932882180224,0,0,0,54332474045040,0,0,0,-54378000,0,0,0,1 # block t=7081 q=12T111 r=12 k=0
15505452284626328832,0,99604708647007812096,0,-8622813832746146560,0,-1205477581867030784,0,192897558574943616,0,-9556141915857152,0,170453473600800,0,968275414432,0,-58295460864,0,126789040,0,5888712,0,6184,0,1 # block t=7081 q=12T111 r=12 k=0
30039540549948,0,42352380120456,0,-5096458498284,0,-4406749234992,0,792577247908,0,83511629684,0,-31544955212,0,2810787140,0,-72724260,0,-2000204,0,80142,0,932,0,1 # block t=7081 q=12T111 r=12 k=0
24111103,0,210841169,0,671994653,0,786644267,0,-380106593,0,-1766613534,0,-1371174682,0,-129877170,0,151226473,0,-6535667,0,97541,0,-569,0,1 # block t=7081 q=12T111 r=12 k=0
134638540686748578457,0,1866535949961486600396,0,6393046662894739460898,0,-27218650566387575236,0,-3454022728371466169433,0,1248266420183200849272,0,-99408569841773235012,0,-7659599368189582152,0,518241998686454991,0,435709567580,0,-11741569134,0,-84,0,1 # block t=7081 q=12T111 r=12 k=0
13423929108469350879744,0,20914400816778950240256,0,-1043832412321555097088,0,-13846275506901211303680,0,-8289506213793022480992,0,-2119744410617592810336,0,-249255199637419361776,0,-10190851992704550528,0,95012893417876841,0,-38568083283240,0,4493546192,0,-167625,0,1 # block t=7081 q=12T111 r=12 k=0
9499115104207331,0,36855873771399670,0,61687427648112254,0,57750856264042920,0,32677779895936271,0,11189543021451056,0,2154338483917852,0,182881041226200,0,877722228870,0,5729342246,0,11791158,0,25238,0,1 # block t=7083 q=12T110 r=0 k=1
24191,0,118887,0,264924,0,350270,0,302331,0,176559,0,69774,0,18003,0,2761,0,210,0,18,0,7,0,1 # block t=7083 q=12T110 r=0 k=1
5418577,0,-19456008,0,30766986,0,-30698024,0,23447663,0,-14506640,0,6930380,0,-2370704,0,542047,0,-75368,0,5258,0,-72,0,1 # block t=7083 q=12T110 r=0 k=1
267234673,0,297261980,0,50242898,0,-47364660,0,-19725233,0,2059960,0,3379132,0,1122040,0,203551,0,22700,0,1554,0,60,0,1 # block t=7083 q=12T110 r=0 k=1
292592,0,856304,0,1123808,0,906208,0,542568,0,280360,0,129296,0,48872,0,13791,0,2731,0,358,0,28,0,1 # block t=7083 q=12T111 r=0 k=1
22916653305856,0,27309332176896,0,12685568722944,0,3335972179968,0,571785833216,0,68276648960,0,5867911168,0,367529472,0,16722096,0,541408,0,11896,0,160,0,1 # block t=7083 q=12T111 r=0 k=1
21547733,0,122511420,0,295009310,0,386765756,0,292756601,0,121763488,0,20833718,0,-1473076,0,-488970,0,84944,0,-5716,0,144,0,1 # block t=7083 q=12T110 r=0 k=1
23685832807854736136,0,21600899185696761168,0,5838137522088878184,0,775653797198370912,0,59055154707858408,0,2706932865969888,0,74036051657200,0,1132181827344,0,8458332094,0,29171904,0,101828,0,444,0,1 # block t=7083 q=12T110 r=0 k=1
593811088177784,0,1904357808030048,0,2545860720729536,0,1822508900919408,0,742364437838692,0,166546496381376,0,17607277823312,0,518912314800,0,10900499370,0,90298304,0,399124,0,836,0,1 # block t=7083 q=12T110 r=0 k=1
8246272743297,0,17306558626410,0,16037787879954,0,8639435452302,0,2956474418985,0,659758509828,0,95032372932,0,8583796152,0,473081229,0,13891770,0,-9504,0,-90,0,1 # block t=7083 q=12T110 r=0 k=1
15543107584,0,-46629322752,0,63618203648,0,-52186644480,0,28508935936,0,-10795564544,0,2850095104,0,-513603008,0,59870304,0,-4014848,0,110796,0,692,0,1 # block t=7083 q=12T110 r=0 k=1
2640159719154296221,0,2086603923290044956,0,393407459562653030,0,37384394778061428,0,2206305412564679,0,89030798765400,0,2585985860708,0,55456775208,0,882237499,0,10241100,0,82838,0,420,0,1 # block t=7083 q=12T110 r=0 k=1
37529742509677,0,-89164171647762,0,87290515630794,0,-45913034059214,0,14367309911703,0,-2819493786780,0,338901838656,0,-20455131492,0,888328575,0,-22694162,0,393312,0,-1194,0,1 # block t=7083 q=12T111 r=0 k=1
293,0,-821,0,772,0,-148,0,-13,0,-514,0,968,0,-912,0,559,0,-237,0,68,0,-12,0,1 # block t=7083 q=12T111 r=0 k=1
10689251312021195259529,0,30481877834372847572924,0,29628037505087505329082,0,10757453610018667724476,0,981822152878970677055,0,57421799245985865784,0,60436742785197964,0,-850536040004712,0,2871250953111,0,-5015659892,0,5364570,0,-3284,0,1 # block t=7083 q=12T111 r=0 k=1
280846451724275092949675,0,-148843106982446067827920,0,-26056372540299417866778,0,-1790776885216219480090,0,-68262068477888205329,0,-1594529132285536556,0,-23256020725734545,0,-201963230567666,0,-866809846749,0,-349079792,0,6773261,0,-5368,0,1 # block t=7083 q=12T110 r=8 k=1
118177244,0,-1059642056,0,-3796138340,0,-2391041704,0,1306684564,0,1483493908,0,307836664,0,2127880,0,-4553952,0,-400848,0,-10866,0,-28,0,1 # block t=7083 q=12T111 r=8 k=1
50823362,0,4614320900,0,146211384748,0,1860588257002,0,7221317445900,0,-12251987378520,0,217807414264,0,1005662914946,0,23786998287,0,-268372118,0,-160258,0,1961,0,1 # block t=7083 q=12T111 r=8 k=1
85446549256335769614508,0,-53745030528370783320752,0,4800513381200509879348,0,-205503986626473534904,0,5335777516396413928,0,-92519549650243216,0,1121514979484040,0,-9687832767832,0,59630563148,0,-256487480,0,735358,0,-1268,0,1 # block t=7083 q=12T110 r=8 k=1
8991053272222432565941,0,-5102803938501244427510,0,-1316989413851699120249,0,-129112004501089083687,0,-6969556866221241077,0,-229899973601310755,0,-4733921564211247,0,-58299178118274,0,-363253435851,0,-382964610,0,4580330,0,-4307,0,1 # block t=7083 q=12T110 r=8 k=1
268371760823615653864339,0,105271452317349802614816,0,-495162273911169961454916,0,-374170942488044611818212,0,-57905267793634059357141,0,5439084856577527941180,0,85442145544421897424,0,286860865450130784,0,-218948306821767,0,-1309434333788,0,-987118488,0,-75324,0,1 # block t=7083 q=12T111 r=8 k=1
298121765269332052,0,697681786932174296,0,-355611257111742240,0,34235869596931052,0,5374728723125785,0,-938625606814216,0,17506500338236,0,1464764314384,0,24354944346,0,181161232,0,689756,0,1316,0,1 # block t=7083 q=12T111 r=8 k=1
2723324799681620788,0,-8103323133648384488,0,10124158389026009148,0,-6855930039932532512,0,2702488682754446444,0,-616079321691508368,0,75272749575940456,0,-4168409231445780,0,99409269110396,0,-967723120612,0,286964868,0,-29068,0,1 # block t=7083 q=12T110 r=8 k=1
198069648383,0,411662053743,0,275669507006,0,4559112748,0,-86146228970,0,-48330562351,0,-12475876736,0,-1691197864,0,-110199774,0,-1804149,0,81882,0,-554,0,1 # block t=7083 q=12T110 r=8 k=1
20344699422592114662928,0,88208886326388998770464,0,126379308475997012685144,0,43810757611793551877576,0,-58342996483104446544447,0,-61167300002850922979616,0,-17499442801436229759348,0,979543923054365526192,0,874623640604475866814,0,495993213185216,0,-1223816839548,0,-2424,0,1 # block t=7083 q=12T111 r=8 k=1
1334583016821696064001,0,1432543604164360078948,0,80485657976287528930,0,-3934674453846847020,0,-437874263077330577,0,-12131087986405176,0,-61249700627108,0,2389253151432,0,28115025775,0,-123925292,0,-1861662,0,1892,0,1 # block t=7083 q=12T111 r=8 k=1
832165784377178655427273,0,-842088116087340836461534,0,64875590646088079532765,0,-2275183147995936788399,0,47187734557716022105,0,-642987096730488331,0,6053909060336853,0,-40257342580554,0,189354219497,0,-618146254,0,1335220,0,-1719,0,1 # block t=7083 q=12T110 r=8 k=1
19647924169001131,0,-88708723077207104,0,169048105894180230,0,-174884715186590408,0,104599998185621915,0,-35225699942385840,0,5842076672735368,0,-320884803514056,0,7628431494905,0,-189631713760,0,98573370,0,-17200,0,1 # block t=7083 q=12T110 r=8 k=1
63854370623488,0,9255127058432,0,-12278918004736,0,-5999523457024,0,-1291953650432,0,-158742419968,0,-11359865792,0,-400052480,0,352848,0,444384,0,5040,0,-194,0,1 # block t=7083 q=12T110 r=8 k=1
750007388378697150497,0,5414742176345442981304,0,-33367067913147371054086,0,-328067530592426120336736,0,-439391827673541413066529,0,791178030602983921137128,0,6304334093237057649484,0,-3122121080416283912,0,-71668057531404577,0,-71276284673216,0,-19205812630,0,-339704,0,1 # block t=7083 q=12T111 r=8 k=1
6510533686119910154432,0,58413710646864510286464,0,7515539739574185189216,0,184152435381092353248,0,-9113669676919941588,0,-392654717655617760,0,939500121980560,0,157385315833584,0,169028034708,0,-20323361504,0,70755576,0,-16800,0,1 # block t=7083 q=12T111 r=12 k=1
336387090448202354200625,0,897181122422045742984125,0,233859455696554636219600,0,21785837159612499900160,0,567034953954846908201,0,-29937556513274370880,0,-1833283771130270524,0,-13016954256481500,0,478732136639049,0,-568750538935,0,219018276,0,-30160,0,1 # block t=7083 q=12T111 r=12 k=1
156269165512640107712,0,5818610883399999606208,0,-11312311694594489265024,0,-120025036340393717930240,0,296037097021526088733840,0,-9273559784799074248192,0,-1231919902180479059016,0,-10307093523362630408,0,69646904586693103,0,10752138454905,0,-1211498793,0,-82175,0,1 # block t=7083 q=12T111 r=12 k=1
402307601684386790737,0,1675316078482157368620,0,1184167427405265056946,0,-1513438767737673978244,0,-462620193722248616937,0,474757011661226929848,0,-46989168390709944420,0,-8907145174950766920,0,383697194699761191,0,64317698262716,0,-10271801886,0,-72084,0,1 # block t=7083 q=12T111 r=12 k=1
58973250891434896,0,1060864589451626400,0,2161489118448037800,0,-18726099800979691112,0,8729792601067906497,0,27950524894798318440,0,-23869730830604670372,0,2143361856166151976,0,493931633971226454,0,-714129044360,0,-11646682476,0,192,0,1 # block t=7083 q=12T111 r=12 k=1
134183949403788,0,563275124382384,0,-349437584136600,0,72845499613248,0,-4770831108744,0,-356078091600,0,58674844192,0,-820218552,0,-157456371,0,3352396,0,148686,0,804,0,1 # block t=7083 q=12T111 r=12 k=1
83859572477492221,0,105521934073517840,0,-63462119866186690,0,11572708685426144,0,-702510192026585,0,-28479866028192,0,5533731719348,0,-217226029440,0,762881851,0,66840592,0,506798,0,1312,0,1 # block t=7083 q=12T111 r=12 k=1
1176171854395968,0,16898953041920041344,0,-16532479113302024512128,0,40510347737002193466432,0,-24983077812335823221424,0,1753376974342839126720,0,30547867895884913616,0,62173795433533488,0,-485572650260652,0,-1269632817576,0,-818908056,0,-51276,0,1 # block t=7083 q=12T111 r=12 k=1
294082204724923324,0,193112908007501176,0,-122933924554336640,0,21154132841097900,0,-1183688278156948,0,-43857706580168,0,7693560956204,0,-268579655048,0,575678599,0,71847234,0,534938,0,1347,0,1 # block t=7083 q=12T111 r=12 k=1
580201628788,0,-410197493484,0,-2396067772824,0,1035033928304,0,2361599497024,0,-212240724140,0,-60358322404,0,827897584,0,227189153,0,117417,0,-39396,0,-64,0,1 # block t=7083 q=12T111 r=12 k=1
686466929924139257344,0,1906701848894652555264,0,1393683752959039271424,0,301897789690000916480,0,-52270845660220567104,0,-31315705021093308480,0,-4060741395988314624,0,-61504470442912320,0,13249210405286385,0,-8884224393484,0,1703756118,0,-76908,0,1 # block t=7083 q=12T111 r=12 k=1
22841398218719232,0,0,0,-4950069923798175449088,0,0,0,13200726286504318353408,0,0,0,-22984014071759224832,0,0,0,5373585887851776,0,0,0,-20385780288,0,0,0,1 # block t=7083 q=12T111 r=12 k=1
387304716335080378333,0,11890372178022214168624,0,5285755710186514201710,0,781106976483221876528,0,33011703433339706791,0,-2089913103278320160,0,-201948121066136748,0,-2407031370925856,0,98150456497499,0,-172499932944,0,98676062,0,-20240,0,1 # block t=7083 q=12T111 r=12 k=1
171424455376512594128968,0,446681904233853543384576,0,371286228894952301351472,0,90963232273069625853328,0,-19324374080836530066975,0,-10434526548165248781168,0,-955896253776482859876,0,66462441038396614800,0,9455854690554794406,0,-1715362026317456,0,83899316892,0,-557664,0,1 # block t=7083 q=12T111 r=12 k=1
3941966238025,0,5200890423460,0,-2112081776598,0,-472763231132,0,98870927167,0,11339874824,0,-1680640340,0,-89010904,0,10685399,0,146900,0,-14646,0,-12,0,1 # block t=7083 q=12T111 r=12 k=1
1933221097705066496,0,294275064386642878464,0,90073626307138177024,0,8586155258942347264,0,192186500611976192,0,-9903162693140992,0,-360406297487872,0,3942322614400,0,136069479744,0,-1166125728,0,2999432,0,-3016,0,1 # block t=7087 q=12T137 r=12 k=2
3124033329590464,0,3559045819324864,0,-3535072893986688,0,348345665412320,0,44667483349304,0,-3871458755616,0,-201659709600,0,10016909632,0,389048385,0,-2378084,0,-49058,0,76,0,1 # block t=7087 q=12T137 r=12 k=2
3232429498403203366384,0,2219007940506774774880,0,-7014994872585136523624,0,-22636694036182418464,0,2957055484188034134919,0,-451641524998572681102,0,-185941391718038007616,0,-7197733793597697194,0,-8361069388614443,0,943658569619782,0,-108670180678,0,-7402072,0,1 # block t=7087 q=12T137 r=12 k=2
62275005326441,0,138691526928164,0,-423320416141852,0,44289371197708,0,48763790531743,0,-9140830844096,0,505604784768,0,-4600874576,0,-260081977,0,1714428,0,70988,0,484,0,1 # block t=7087 q=12T137 r=12 k=2
7805813592364801659904,0,9997297558208352169984,0,2345600671818210754048,0,170720295611216631296,0,1257596992845552064,0,-178689981394099456,0,-2762810149673440,0,51331367584064,0,712334417812,0,-4040989032,0,6782432,0,-4476,0,1 # block t=7087 q=12T137 r=12 k=2
11712511873037392,0,10556573151341632,0,-11928006523311400,0,-9303993581620112,0,2791857310039477,0,2124591297702552,0,-89998343117534,0,-139855122000694,0,-9966887308057,0,472606282990,0,-397073726,0,-204742,0,1 # block t=7087 q=12T137 r=12 k=2
348625296,0,249422976,0,-420901272,0,-39051072,0,131803929,0,-21625056,0,-9332658,0,2934468,0,-123849,0,-28404,0,1422,0,108,0,1 # block t=7087 q=12T137 r=12 k=2
2738188583461,0,21273699147544,0,6490907939358,0,-3947056980496,0,-2018001463593,0,-184034115440,0,34849223252,0,5284474816,0,-171819101,0,-32509032,0,604910,0,-2288,0,1 # block t=7087 q=12T137 r=12 k=2
11610987191948766625,0,-28758573489371626500,0,-83993367245362344600,0,5338997711219751200,0,1151848179802299080,0,-18579477823037300,0,-1830536632354474,0,12006225012252,0,776155345256,0,-79768960,0,-2847128,0,44,0,1 # block t=7087 q=12T137 r=12 k=2
18773388437913147250,0,2209121104553822500,0,-26417822203002812150,0,-1108406964408539500,0,93112047326817905,0,2449319001215300,0,-84142891733716,0,-1159298291820,0,25857868628,0,52057064,0,-402478,0,-248,0,1 # block t=7087 q=12T137 r=12 k=2
10050129710434816,0,15527678810930176,0,5756849596852480,0,546361693680512,0,-68920347703648,0,-12348701153184,0,117556806864,0,72958449536,0,275490356,0,-139163140,0,1520016,0,-3514,0,1 # block t=7087 q=12T137 r=12 k=2
307311672584837573,0,46031467612033600,0,-2207401481974786026,0,-184710519342934680,0,522030462596021527,0,33646125833893088,0,-14951941436626108,0,-598443166198736,0,16437378432771,0,421847041056,0,-615427386,0,-172248,0,1 # block t=7087 q=12T137 r=12 k=2
242702493660202477203761,0,842542465175647739518520,0,769852387317986848076928,0,310540643638211478445852,0,61631332800287045404624,0,5464902442900885158576,0,81090871415621360438,0,-9976153117760802184,0,133501257446519248,0,-479127226658116,0,121398072512,0,-2938608,0,1 # block t=7087 q=12T137 r=12 k=2
5641094997682510763344,0,5592691675625732352608,0,-2257716533093208054792,0,300231944736869628056,0,-16316723072335982827,0,101807534323949184,0,24455392527870760,0,-730115438765112,0,-4210483433086,0,276671860976,0,406364024,0,108880,0,1 # block t=7087 q=12T137 r=12 k=2
81695182335260773,0,-341510062176003288,0,-1028399804825557956,0,668279877949850372,0,317483031399175432,0,-79342347614931012,0,-10862345392789614,0,717892884990088,0,11568281913740,0,-432332126244,0,-610589664,0,172308,0,1 # block t=7087 q=12T137 r=12 k=2
5467364774165236993,0,11225697181928886834,0,-22497891891374703576,0,5722129999428176470,0,3284336043726841488,0,-728764080961161172,0,-194611400218786966,0,3077007642029170,0,312402342365256,0,2493713434526,0,-2475169060,0,-335668,0,1 # block t=7088 q=12T137 r=12 k=2
2073664,0,76044864,0,176873952,0,47665912,0,-52190559,0,-14893272,0,5225046,0,1176588,0,-228681,0,-25556,0,4062,0,-132,0,1 # block t=7088 q=12T137 r=12 k=2
114875052030624755285873,0,281315278993122169954796,0,-135397457169965846557198,0,-631440824974316776278564,0,-192532769741153052934193,0,136155868887580682655832,0,-8082946762347132016772,0,-169956256166197483368,0,2375137479277427871,0,-4192776887625540,0,-1000483965262,0,8992396,0,1 # block t=7088 q=12T137 r=12 k=2
4497571001902557601049,0,35209649936822061039364,0,110322827371452549172396,0,178641666158719193096008,0,157865733664555052152164,0,71277470974367745126400,0,11695511504303576792326,0,-736601916251924655652,0,10502584755232499036,0,-39694543952145576,0,4611696178556,0,-31145080,0,1 # block t=7088 q=12T137 r=12 k=2
283876778296050714000,0,-721555176448939176000,0,-1050279078277312074600,0,49607040158914982800,0,5004361982158179345,0,-87126404949711640,0,-4130805524222354,0,30499050295984,0,981529568135,0,-174929952,0,-3116554,0,88,0,1 # block t=7088 q=12T137 r=12 k=2
177270954131456,0,1219741885439672320,0,212124929137840201728,0,8682966574773013776000,0,33340843520580710274193,0,43011206392361723830836,0,17195760643397719763182,0,-889254940352770371476,0,11568430512090738247,0,-40839501606786252,0,4653212512470,0,-31175592,0,1 # block t=7088 q=12T137 r=12 k=2
148606910656791159849984,0,508099903154680942632960,0,-102714136021360419823104,0,1336369441854725229056,0,525691697509331222720,0,-31151969835791717632,0,706981651391509088,0,-6909694989975872,0,19115431534964,0,57868475800,0,42941248,0,11412,0,1 # block t=7088 q=12T137 r=12 k=2
44128523423450761,0,87303369858318020,0,-91626895994561750,0,19601031936206740,0,3069536509222719,0,-1229908308585912,0,-11335372124436,0,24788752573960,0,-305354667241,0,-180047926028,0,-376558326,0,158820,0,1 # block t=7088 q=12T137 r=12 k=2
925853,0,4763164,0,1010940,0,-13677934,0,-17038532,0,-6019338,0,862382,0,702196,0,-25232,0,-25142,0,3092,0,-114,0,1 # block t=7088 q=12T137 r=12 k=2
574407547158941,0,3508373059779598,0,3123813707618702,0,-6650045884243714,0,-5793687957450329,0,1900840883108188,0,-16818986500076,0,-12281778747092,0,403930099355,0,-1967998378,0,-19369346,0,13334,0,1 # block t=7088 q=12T137 r=12 k=2
154634598896342401024,0,5443289537900938526720,0,-22086645334598672711680,0,-80615909219974139674624,0,183029365687214376509440,0,-11545806337918488104960,0,-61307291508264914652672,0,665593993226479762304,0,4500033331148692560,0,-19919010873693808,0,-1834859901540,0,16148652,0,1 # block t=7088 q=12T137 r=12 k=2
765727451136,0,-4488545147904,0,-3318784687104,0,37238092691840,0,-4810620099168,0,-60493193220640,0,-12345468426544,0,295844137664,0,63571635660,0,1002005900,0,-7841148,0,-9390,0,1 # block t=7088 q=12T137 r=12 k=2
6649008300781250,0,-2859695926757812500,0,-50662486606161718750,0,41058209765070687500,0,3966181724206820625,0,-225546409311056900,0,-7802656133945092,0,184406389520588,0,4708093342820,0,-888580920,0,-7495446,0,248,0,1 # block t=7088 q=12T137 r=12 k=2
10551862481707,0,40297055627492,0,20721621010896,0,141474527206,0,-1736368331598,0,-254760410986,0,23605296836,0,5310990176,0,-98003268,0,-29613750,0,593050,0,-2138,0,1 # block t=7088 q=12T137 r=12 k=2
2749203421677,0,4128204380616,0,-5706627243174,0,-73559070376,0,1177742593908,0,-307552819688,0,26825189560,0,-443401792,0,-35974804,0,490752,0,28266,0,304,0,1 # block t=7088 q=12T137 r=12 k=2
24066108471323920279608,0,77766025973851488469536,0,91311820409335540859280,0,43818387254559965471040,0,2692837164013228721664,0,-4743985795619005495296,0,-1457171147073026564136,0,-105254756788179381480,0,5071426197642513513,0,-1625934609371268,0,73799662590,0,-607356,0,1 # block t=7090 q=12T111 r=12 k=0
3974052281,0,148554290488,0,-78358100560,0,-37370718868,0,33658421080,0,-5674895912,0,-1166706866,0,507285256,0,-55666048,0,852764,0,123256,0,1112,0,1 # block t=7090 q=12T137 r=12 k=0
44102732469483761433,0,116830940148160181244,0,-6362110420452357210,0,-356499424511119116,0,33236616435278319,0,-701451134888904,0,-3562944713532,0,268330084776,0,-1386851625,0,-29074356,0,183798,0,996,0,1 # block t=7090 q=12T111 r=12 k=0
17566492976567414440128,0,14238409353439212302976,0,-12109949546225470356384,0,710109592829833841376,0,5786978529747317868,0,-1081360199751139296,0,21023302688017552,0,-33950490755856,0,-2041784118156,0,6898345696,0,69795096,0,16608,0,1 # block t=7090 q=12T111 r=12 k=0
14399626058661888,0,0,0,-359008467927367680,0,0,0,2506162194263642688,0,0,0,-3365154253491860736,0,0,0,41634727362427536,0,0,0,-3190373568,0,0,0,1 # block t=7090 q=12T111 r=12 k=0
315268381260482973696,0,441764969738868006912,0,104254187985116227584,0,7880467009065560064,0,23088602464015104,0,-18975101437780992,0,-376389229289728,0,15913731687168,0,231076678320,0,-7187076320,0,30884040,0,-11256,0,1 # block t=7090 q=12T111 r=12 k=0
183213302622625,0,-1421477607468900,0,2792229996076050,0,1048806394348748,0,-5727429610780329,0,4228748178900120,0,-984466439915268,0,-1109224670760,0,9350926844823,0,163588981100,0,124911138,0,24828,0,1 # block t=7090 q=12T111 r=12 k=0
1993757595250,0,4174956810500,0,-1544299020650,0,-2080897913300,0,24386911295,0,157858609960,0,22761382904,0,710040120,0,-30235411,0,-790352,0,31676,0,-316,0,1 # block t=7090 q=12T137 r=12 k=0
656,0,1408,0,-7128,0,-1984,0,20089,0,-9888,0,-12802,0,12076,0,-1529,0,-1052,0,158,0,36,0,1 # block t=7090 q=12T137 r=12 k=0
97036711629043407544613,0,104019763405156504509632,0,-624184559109556535386226,0,604953623071460943829096,0,-194471091474255874297833,0,12534234258444771189280,0,109339728878585763060,0,1328696398890160,0,-1310260263963165,0,-2144765155616,0,-990884770,0,-51928,0,1 # block t=7090 q=12T111 r=12 k=0
232094655420642541504,0,922967323060086487104,0,454366694719999597984,0,84337265707729745656,0,5624943549495193519,0,-136306758938698810,0,-28285632397632212,0,-275799040520254,0,31919683498529,0,-351023264238,0,460037702,0,-101056,0,1 # block t=7090 q=12T137 r=12 k=0
2689694812160,0,5149316558848,0,-390989843456,0,-2842236100608,0,-894003352064,0,13166941824,0,35811570848,0,3717859248,0,-43593535,0,-11440004,0,279270,0,-1012,0,1 # block t=7090 q=12T111 r=12 k=0
21511269773949323681,0,21901360323091965844,0,-2413942336384188494,0,-43101886945862812,0,12069928848888655,0,-412520437498520,0,835858892764,0,168202377448,0,-1709067921,0,-21205884,0,226578,0,1076,0,1 # block t=7090 q=12T111 r=12 k=0
41653963494735121,0,51033858922647660,0,-432759823846284750,0,-1223125116175162148,0,-1255925599816693617,0,-578276489878153128,0,-101988714679777668,0,3509181692132760,0,2162225683554111,0,-2304623217092,0,706196082,0,-49524,0,1 # block t=7090 q=12T111 r=12 k=0
163420831744,0,5662830908964864,0,-1108441904568375296,0,-175373820911529815488,0,216000789883516891617,0,-5887443317567581628,0,-5467655196308465110,0,132849666640381466,0,661461719120887,0,-12462440870378,0,-5005111426,0,549534,0,1 # block t=7090 q=12T137 r=12 k=0
2470234788393363420736,0,2757711058091569172416,0,-515865731274213255968,0,14177684208081183528,0,2512910721564495841,0,-202661228872809376,0,3621997263632014,0,134052534414428,0,-5960099052561,0,56804680044,0,179379638,0,65460,0,1 # block t=7093 q=12T137 r=12 k=0
357061063321709204396,0,578020803192233597672,0,-157705178706055564532,0,1420358875160110408,0,760559530598361956,0,-39946500834691508,0,651896543106608,0,1562214292424,0,-119596350368,0,239985200,0,7000402,0,6604,0,1 # block t=7093 q=12T111 r=12 k=0
2066707317263872,0,-76186755371660544,0,-221480536854193760,0,2631095484326587280,0,3322229295563281863,0,-23100847893550140380,0,-4263994326576729646,0,-19713542702887846,0,1538359564354279,0,9290284629370,0,-5929823236,0,-483390,0,1 # block t=7093 q=12T137 r=12 k=0
164918930993663616793,0,1080039912317844226548,0,1496674749707821906050,0,-1164760769427671956252,0,-790531445725727977665,0,637558887771894431016,0,-96698069293039359492,0,-4097890295650536408,0,512235935413872327,0,117180814820,0,-11718081438,0,-12,0,1 # block t=7093 q=12T111 r=12 k=0
51326104,0,285675216,0,-543192900,0,100654860,0,120223907,0,-43449962,0,-2164546,0,2292298,0,-141356,0,-26182,0,1622,0,106,0,1 # block t=7093 q=12T137 r=12 k=0
10545783917238281,0,69258107566075804,0,160759908171247418,0,176637148131709116,0,97396402844654015,0,24905185826584568,0,2008064186845708,0,-89189526893160,0,1087786621335,0,-5084682260,0,9495386,0,-5588,0,1 # block t=7093 q=12T111 r=12 k=0
23430680276735965804,0,42448563560786290952,0,19719010980241037352,0,3138006165875405628,0,-15300803863959572,0,-51829493179970520,0,-4237327560914140,0,-14783805819888,0,6077943869331,0,-21699001130,0,24821192,0,-10149,0,1 # block t=7093 q=12T111 r=12 k=0
8959957817361927457,0,22914279330088260752,0,16115011557427479112,0,4614793746448620740,0,535157912896741128,0,5199758248773240,0,-2961841710098618,0,-62317829544480,0,6962729793640,0,-101517166300,0,204304360,0,-66776,0,1 # block t=7093 q=12T137 r=12 k=0
62586125779216945313866,0,89152111149927031857344,0,17964683370486589856704,0,1083137605155509384962,0,-22582318895535196112,0,-4519764872780234972,0,-105257003980898940,0,2538957919897642,0,88042070579747,0,-164147469880,0,96113884,0,-19915,0,1 # block t=7093 q=12T111 r=12 k=0
6654462458963905,0,-197614217361692,0,-9764703746839182,0,3967297365329620,0,-382139837921297,0,-40953455484472,0,9406404889660,0,-500626123576,0,2092109615,0,284999252,0,2324850,0,2916,0,1 # block t=7093 q=12T111 r=12 k=0
16790477836336443971050,0,0,0,-45331570003889553162878,0,0,0,4725191291318057060317,0,0,0,-2163528928556918936,0,0,0,10893420525032,0,0,0,-6444930,0,0,0,1 # block t=7093 q=12T111 r=12 k=0
20919930116441344,0,-1180068226492219520,0,-3602419839293377984,0,-3034499779896752016,0,-63155753613128772,0,562389155811743684,0,-10919146683690484,0,-3168148624640270,0,73931892834029,0,-265672672700,0,-939300606,0,146446,0,1 # block t=7093 q=12T137 r=12 k=0
14846707943300788925596,0,33213652266321339074444,0,11983972556251476624688,0,1414292173610928197184,0,40896370583009560156,0,-3119617045218416344,0,-192648726012099460,0,-371332840826076,0,95744582692071,0,-165677042669,0,93969218,0,-18998,0,1 # block t=7093 q=12T111 r=12 k=0
586939540114944,0,990378826076160,0,-5147688761856,0,-440313099240960,0,37247218943040,0,56077273892160,0,-10888710083424,0,-754041311136,0,210170731905,0,-224634924,0,-4322682,0,180,0,1 # block t=7093 q=12T111 r=12 k=0
6595762120128,0,97847860930467840,0,-84846359240483584,0,-374965969318931584,0,200030670490758800,0,251194095877650560,0,25574864526335344,0,-3178845365142832,0,9885095341836,0,76468003440,0,-279289200,0,47248,0,1 # block t=7093 q=12T111 r=12 k=0
1530691584384721597,0,715332786130245744,0,-1763490999938835978,0,-1155759407549476680,0,-271367843666487865,0,-27514826474122816,0,-730846624749692,0,57853860672016,0,2413178165787,0,-55510046320,0,182938598,0,-54920,0,1 # block t=7094 q=12T137 r=12 k=0
4681605640493452,0,23399846642176656,0,41584193452008936,0,29436768877835456,0,3861833900416344,0,-3055010187386256,0,-245662346657632,0,97099122341208,0,-3234185577027,0,31802665844,0,-71679330,0,-11460,0,1 # block t=7094 q=12T111 r=12 k=0
2423819389608000000,0,0,0,-5824564186703385600,0,0,0,1298319512115034816,0,0,0,-3749656505564128,0,0,0,152760858442,0,0,0,-761802,0,0,0,1 # block t=7094 q=12T111 r=12 k=0
37834760940991488,0,84118450272122880,0,-40055455329830400,0,-1943619019899904,0,2654783419145920,0,-398292345452672,0,24074318182496,0,-570018903168,0,426201108,0,99513160,0,636832,0,1388,0,1 # block t=7094 q=12T137 r=12 k=0
12797347518800064,0,5964604284453120,0,-8430792857067739536,0,-2060121048654918816,0,4545576010022820129,0,271975429974871944,0,-2983707991190428,0,-216512734104120,0,1637919516006,0,22258614200,0,-101330316,0,-5736,0,1 # block t=7094 q=12T111 r=12 k=0
1660709049942314525,0,-24228846436469061160,0,-7568817230130508467,0,195260798290563378336,0,221250142077601524147,0,-698679173970149152,0,-2320276303749208490,0,47153053874338736,0,836237041369815,0,-389346756600,0,-132102299,0,27120,0,1 # block t=7094 q=12T111 r=12 k=0
62096,0,242880,0,219648,0,-158080,0,-307272,0,-78432,0,53384,0,16368,0,-5751,0,-756,0,366,0,-36,0,1 # block t=7094 q=12T111 r=12 k=0
8025851104736328125,0,0,0,-14307007689174980468750,0,0,0,38678118102018837500,0,0,0,-17502061367220408,0,0,0,2165570282884,0,0,0,-4491278,0,0,0,1 # block t=7094 q=12T137 r=12 k=0
78539773716265984,0,153123572243171328,0,-48164122299313920,0,2955426783973632,0,376599977305856,0,-49756355143744,0,618127919216,0,146769850544,0,-6913731812,0,52572076,0,1306670,0,3632,0,1 # block t=7094 q=12T137 r=12 k=0
28647171208344609,0,58956494875863300,0,23253250283514610,0,3394748591963476,0,138287770469999,0,-10084545083768,0,-721192678980,0,16114589512,0,899694799,0,-28553356,0,272370,0,-924,0,1 # block t=7094 q=12T111 r=12 k=0
608716,0,6121536,0,6313284,0,-3860896,0,-2957823,0,836400,0,458180,0,-72528,0,-27810,0,2672,0,504,0,-48,0,1 # block t=7094 q=12T111 r=12 k=0
204073381272360448,0,1230971211208882176,0,2022561157644747264,0,1061808210390331904,0,-278676757525280832,0,-480096142393747968,0,-155022989634445440,0,-8663840921529216,0,2221984668386088,0,-2340230776096,0,710604264,0,-49656,0,1 # block t=7094 q=12T111 r=12 k=0
23201412801257,0,25529337063984,0,-143200522687802,0,97614611669532,0,-1327296074060,0,-4902235382556,0,160243711380,0,51479731776,0,1391873408,0,-12453020,0,-97886,0,236,0,1 # block t=7094 q=12T137 r=12 k=0
981775878164441,0,-573316268007416,0,-1144175292624238,0,857504063788584,0,-214852239585985,0,21496224043216,0,-257509536292,0,-85195605808,0,2933954311,0,73290536,0,500594,0,1288,0,1 # block t=7094 q=12T111 r=12 k=0
89326073581417783973888,0,171451782271644993021952,0,-20424559310625886749952,0,299328476737459358592,0,53442371663204228960,0,-2741849398628599712,0,27182141916900064,0,1130728489350128,0,-31045678852036,0,202828858748,0,399862694,0,103100,0,1 # block t=7094 q=12T137 r=12 k=0
50887768288032188219944,0,157720820957340176616928,0,-21298840942433201109148,0,630208845682449749124,0,34120227722631648053,0,-2508404965330849196,0,39839529994654142,0,684963369819658,0,-26580603744641,0,196320015090,0,403272846,0,98150,0,1 # block t=7099 q=12T137 r=12 k=0
5935209117957285943552,0,24457249123973394144256,0,-3940695464773802177760,0,164735506718774402800,0,4678879875924499740,0,-530690337678214364,0,9983554899775042,0,207107434459696,0,-9025789820631,0,74124798248,0,201811952,0,67836,0,1 # block t=7099 q=12T137 r=12 k=0
900074764205533081408,0,-1513698587524216195584,0,-5495771863562242666736,0,6134414760026390323088,0,6697264788349640471893,0,-3892666151765540882014,0,-787944822959759991090,0,-9267048831983300118,0,134260271962795247,0,955894654910230,0,-225157130098,0,-5508356,0,1 # block t=7099 q=12T137 r=12 k=0
124436715978940273,0,1100150989317772304,0,323347181890074078,0,24577417163222604,0,-1072824011871356,0,-186987790514172,0,-2231779181812,0,343989219336,0,6783259776,0,-136982084,0,718754,0,-1452,0,1 # block t=7099 q=12T137 r=12 k=0
443908627055935488,0,-489327518007989821440,0,2349532140494382699264,0,230309339067616206361248,0,-416206576976218493644251,0,-197164177437408837522876,0,-16587205054121382927408,0,136621154778364172340,0,5593446322512079986,0,16049906130734028,0,-1807751573352,0,-15862500,0,1 # block t=7099 q=12T137 r=12 k=0
20312992640387272158671,0,41321922009603710875712,0,-5818824228872159128796,0,-60507788466100590241590,0,-37754221409005705499358,0,-2020709224101763595110,0,1963063788326404384544,0,-89276887586992704820,0,1063861187958272168,0,-2457809909796506,0,-891203687238,0,8632514,0,1 # block t=7099 q=12T137 r=12 k=0
6818903584740366848,0,8474901114684418048,0,-6950520193591295744,0,1755550904483581312,0,-179739960209397600,0,2732221637749920,0,796563141059344,0,-41450491254976,0,-723939674188,0,60741584308,0,170351200,0,64306,0,1 # block t=7099 q=12T137 r=12 k=0
23116546487786012262194,0,158304262618193365391532,0,940265043027685066514,0,-377686302791684130536,0,8272076648305555383,0,5441440686893168,0,-1781020933353820,0,13677308161444,0,67662757517,0,-1096944456,0,2615568,0,4192,0,1 # block t=7099 q=12T137 r=12 k=0
3015910924932022272,0,12867113047292411904,0,12795915635497488384,0,5051037347234832384,0,843344193420907776,0,33209417326300416,0,-4878127912985280,0,-238276908750528,0,16926382137024,0,-225691211088,0,376732260,0,-95124,0,1 # block t=7099 q=12T137 r=12 k=0
1953125,0,0,0,-440750000,0,0,0,101781375,0,0,0,-6969472,0,0,0,165387,0,0,0,-832,0,0,0,1 # block t=7099 q=12T137 r=12 k=0
1415836971957608,0,739347685362688,0,-58141446911965436,0,34233404333198492,0,18761721654604885,0,-7782744767277384,0,-1352333347733878,0,416581688101532,0,-436998589257,0,-453466593784,0,-579475818,0,173492,0,1 # block t=7099 q=12T137 r=12 k=0
47081944850432000,0,0,0,-76588312741068800,0,0,0,1484090831663360,0,0,0,-5042498228992,0,0,0,4781214048,0,0,0,-178800,0,0,0,1 # block t=7099 q=12T137 r=12 k=0
60865197111654413,0,107779224547190372,0,23139100640238680,0,-4154771842966028,0,-1029502924102001,0,-3370448396504,0,8746508673744,0,492761272744,0,4409537363,0,-125799564,0,698216,0,-1436,0,1 # block t=7099 q=12T137 r=12 k=0
1953125000000000000,0,0,0,-151023240087500000000000,0,0,0,393291486578480000000,0,0,0,-136868925505343488,0,0,0,12601577982528,0,0,0,-11440440,0,0,0,1 # block t=7099 q=12T137 r=12 k=0
206292350074142223299017,0,345914942646723060763516,0,-209446146363928191483764,0,-10375374005765919402116,0,356708163585983967855,0,8204637227237490528,0,-112221232631956768,0,-1206114822747712,0,12435775466391,0,3569076100,0,-11336380,0,-668,0,1 # block t=7099 q=12T137 r=12 k=0
33215481483,0,-22325559174,0,-38832349680,0,43401105825,0,-10025404468,0,-3319498448,0,1897200650,0,-315225230,0,20866932,0,-436439,0,-5173,0,144,0,1 # block t=7110 q=12T185 r=16 k=1
16489291194241425,0,-109074567348433890,0,74136496382307429,0,171649270234581804,0,-223565477640480233,0,76833321775191131,0,-6499630819218235,0,-11280771516147,0,6936274588510,0,88942520063,0,116339730,0,-30097,0,1 # block t=7110 q=12T185 r=16 k=1
288225,0,-423360,0,-1830024,0,4778109,0,-2879441,0,-1791696,0,3033024,0,-1446507,0,293077,0,-21065,0,-399,0,57,0,1 # block t=7110 q=12T185 r=16 k=1
7208324677493417,0,6370593351507272,0,-6746037048460636,0,1961685750639658,0,-218032913993485,0,1256941806392,0,1423976935324,0,-65013852012,0,-1289969797,0,41945864,0,92600,0,-1350,0,1 # block t=7110 q=12T185 r=16 k=1
29764765137306607813529,0,-23345017300056854003817,0,-16077169873153221575627,0,25326272653132771052538,0,-11403651209470933252972,0,2218237189935120160581,0,-143967089014269363218,0,-5133448631692667269,0,314748900356492659,0,-3388735083901646,0,978597100251,0,3634097,0,1 # block t=7110 q=12T185 r=16 k=1
4124688991906400219321,0,-2112533590813595136501,0,-41679681760003403145376,0,71262554361797651944826,0,-36522135016146660621701,0,6306147734356242381744,0,-170576287876118308699,0,163048230107225244,0,3440510536166555,0,-6231299547778,0,1493488170,0,312953,0,1 # block t=7110 q=12T185 r=16 k=1
12359181407468332837,0,2956101312099976254,0,-175476870331425432305,0,166203655924756487390,0,-57991920558652364098,0,8796875720400543541,0,-500131752465333701,0,-981865670643890,0,503904762424285,0,5807412931009,0,4018643262,0,-202596,0,1 # block t=7110 q=12T185 r=16 k=1
27743370676821071425075,0,139806212742800429663435,0,-41751243922156123142957,0,5037980994413635280649,0,-318999344187169296563,0,11046177233619701034,0,-182538336830949567,0,145757222567602,0,36813652782091,0,-356382437013,0,71802358,0,78982,0,1 # block t=7110 q=12T185 r=16 k=1
2382553202607568961387,0,13364262276534896212905,0,-1170474026395157450196,0,37188289632691288458,0,-355186467194807079,0,-8277353809655818,0,287632655621487,0,-3590398158406,0,19786059857,0,-9098134,0,-366946,0,981,0,1 # block t=7110 q=12T185 r=16 k=1
13254588293396057,0,-13704562958606014,0,-207574483779861202,0,-382072317945256887,0,-259435876017613085,0,-53313311504734020,0,4671072188988675,0,-118733980826068,0,1172371481461,0,-4937282779,0,8921757,0,-5955,0,1 # block t=7110 q=12T185 r=16 k=1
1717976841184974263,0,901473422965283592,0,-1815238839887121632,0,447837237062213810,0,-49503201586499514,0,3009599168294598,0,-104859734153628,0,1928647967368,0,-10732305925,0,-179327072,0,2107247,0,3795,0,1 # block t=7110 q=12T185 r=16 k=1
8202340753237,0,445162450445598,0,967851812450856,0,-413362874605523,0,-1638906006478311,0,-375272609641470,0,287794883084064,0,-30577002148233,0,995546478339,0,-11358971573,0,29309547,0,-12507,0,1 # block t=7110 q=12T185 r=16 k=1
48938950510104344656257,0,4719451243796637915501,0,-47272942062127047053754,0,28657394836533778236492,0,-7262362475815290576371,0,804216773065496460802,0,-18917353030709986777,0,-2123156536489251835,0,37186347217997262,0,-160053451704043,0,50988824741,0,707951,0,1 # block t=7110 q=12T185 r=16 k=1
22472198303750283081,0,-1025126890870770071202,0,1343459684301051652335,0,1152590554783064883486,0,-2418600185844655607240,0,990114078760031093816,0,-64565896731380248211,0,-360232911842797835,0,22198994133859118,0,201158584115659,0,176473560478,0,-1374713,0,1 # block t=7110 q=12T185 r=16 k=1
138699957414325,0,146495011394835,0,-1534457145114694,0,2015869647890232,0,-1013642455202779,0,195118424010336,0,-189787490153,0,-3222610059082,0,104850703437,0,-341581928,0,-2936006,0,3327,0,1 # block t=7110 q=12T185 r=16 k=1
2415839841439525,0,3777414730504820,0,-3420816320736494,0,858824822014569,0,-27403728312323,0,-23016038884014,0,4266177556093,0,-307505576560,0,8548867403,0,-17271359,0,-1583839,0,2637,0,1 # block t=7111 q=12T185 r=16 k=1
298086105121,0,583034624564,0,-2341809429015,0,2242363867324,0,-831919495178,0,47926149688,0,52127877027,0,-15397877498,0,1727980230,0,-75900891,0,599105,0,1997,0,1 # block t=7111 q=12T185 r=16 k=1
67147467121473481,0,-1745391425128421341,0,1792715305770248538,0,18348076141440117110,0,-24964479418424287935,0,8305552382492011214,0,-104832557063188917,0,-2988611002268558,0,20435818430419,0,-11480498754,0,-36087318,0,10635,0,1 # block t=7111 q=12T185 r=16 k=1
1546543518901,0,-1024123641183,0,-36352297544233,0,131535438635372,0,-196816969632511,0,147255349815148,0,-52672449979800,0,6086468415609,0,435417357642,0,6612365507,0,10699861,0,-10311,0,1 # block t=7111 q=12T185 r=16 k=1
3328180221974701,0,-69359211485149870,0,-233901655998687997,0,-196539116292418117,0,-50185001183154842,0,1160079230829625,0,1039411684978354,0,-75053204865311,0,1817300185581,0,-16455007037,0,36626393,0,-13770,0,1 # block t=7111 q=12T185 r=16 k=1
6466334204270238125,0,-4551913464792594350,0,-8601821371914904776,0,12476168504744256299,0,-6037690104796868075,0,1118018792541414255,0,9142993969339265,0,-21057135382498016,0,683754340304851,0,-5868322614244,0,4032162201,0,202835,0,1 # block t=7111 q=12T185 r=16 k=1
94837547767195267261577,0,199763091073551134842650,0,-434614677240183079803247,0,278490810321603657021720,0,-79072377237401974794612,0,9003693236454007522339,0,90536434170279060921,0,-71896701485419429221,0,1028187219808987188,0,-3760520440684788,0,574817804895,0,2867800,0,1 # block t=7111 q=12T185 r=16 k=1
1439,0,-472211,0,-26899989,0,-178688089,0,-122477216,0,227512135,0,52309109,0,-118259681,0,41627005,0,-5553864,0,265009,0,-1173,0,1 # block t=7111 q=12T185 r=16 k=1
163742881309451834191,0,453689158796842450319,0,-502319985217270681918,0,183156264224212004970,0,-27229670757999128437,0,491536717473279990,0,301091513931259760,0,-29028568340825252,0,738524279794799,0,-5859027016757,0,4054574896,0,203149,0,1 # block t=7111 q=12T185 r=16 k=1
7484221,0,26107161,0,-6079191,0,-13100701,0,4703409,0,1303362,0,-868503,0,97164,0,23283,0,-7735,0,894,0,-48,0,1 # block t=7111 q=12T185 r=16 k=1
1198928193490894729,0,5172249189511288782,0,1114997581665861918,0,-16379450981281171409,0,-19241681932442053062,0,-3667125776474977254,0,1940519896404915255,0,-111368700901840644,0,1533435881107194,0,-6552242998706,0,3609940050,0,-166125,0,1 # block t=7111 q=12T185 r=16 k=1
386484971682912171,0,-1137643079244143706,0,369836977560015681,0,884864604171370095,0,-834735541931467909,0,273248572473982216,0,-34026864153031495,0,865528061839018,0,35738268241203,0,258388314073,0,222456053,0,-42438,0,1 # block t=7111 q=12T185 r=16 k=1
2430352201437383278243,0,3607661997734418056986,0,-1669773846685468045732,0,203871228655831916579,0,-12006578569124942679,0,399109196160513570,0,-7734696790970349,0,81209627238367,0,-300367307872,0,-1743620530,0,13617433,0,9290,0,1 # block t=7111 q=12T185 r=16 k=1
50453834096650080711071,0,97966821224195764583386,0,-94542627859098943990191,0,-353017450997814010909176,0,-271893085681619149915450,0,-50377635146481228512702,0,10258478562349785618086,0,-292828684617674253425,0,1952778789471785629,0,-3854615647911016,0,471165228390,0,-2295756,0,1 # block t=7111 q=12T185 r=16 k=1
11536847855569981,0,38920262943588012,0,-29938944581511182,0,7167842778101719,0,-350879163272971,0,-123340504400242,0,22773431001295,0,-1554988772677,0,45421911520,0,-521916694,0,1191771,0,3096,0,1 # block t=7111 q=12T185 r=16 k=1
1578298312709424829,0,-13539724840627133244,0,28836947831542281342,0,-13437982349991133956,0,-22031116146244274553,0,28467414635582959944,0,-11071146001963382252,0,1184458286032015768,0,12815968715145371,0,34296901937460,0,7342465934,0,-294356,0,1 # block t=7112 q=12T185 r=16 k=1
9341320099,0,-1676163570,0,-6274410583,0,4435397180,0,-1170383816,0,75130774,0,29586325,0,-7689284,0,715328,0,-15906,0,-1567,0,68,0,1 # block t=7112 q=12T185 r=16 k=1
399626777534906361442627,0,419992300114261818797077,0,-155793742574240166092345,0,17620032042270113811813,0,-1000007108154168023606,0,32923157289579757955,0,-655587258878309975,0,7682527027777133,0,-46081954762619,0,67527428526,0,375133388,0,54896,0,1 # block t=7112 q=12T185 r=16 k=1
293140015786232182926151,0,-88712987880607153117555,0,-334152936355940595667455,0,226503267367264349073170,0,-57987649108686740868408,0,7036938606346207748897,0,-390647895781514998359,0,6729866284009297263,0,65656371755214942,0,134676748290663,0,21668465450,0,-492791,0,1 # block t=7112 q=12T185 r=16 k=1
175051930203718550357,0,346842390342591770588,0,-1558844151410764222826,0,1665349275329480589637,0,-798978454905982576418,0,187877459087228598714,0,-19570612706276392577,0,505552021605769110,0,11130644104526946,0,47928536673582,0,15936392362,0,-404405,0,1 # block t=7112 q=12T185 r=16 k=1
3070805196127,0,9665057276038,0,-84286030294730,0,154146882421411,0,-112549983988932,0,32319929054854,0,-2235270503115,0,-144322607624,0,8199445938,0,359240632,0,1463111,0,-3150,0,1 # block t=7112 q=12T185 r=16 k=1
832895923086841364391,0,-51622940018743550303037,0,67958970596491572531312,0,55864196488592845569978,0,-117487421488981658559947,0,48666873463087563993420,0,-4265341304398808915837,0,51648241367714495981,0,1115370128999963836,0,3889504200059979,0,580307174015,0,-2875471,0,1 # block t=7112 q=12T185 r=16 k=1
7136951059984055213,0,-487577468973231499984,0,5154794451050503461612,0,-3722118406763869312787,0,-5533837003313397283501,0,6204021374786049372009,0,-1355667040217039383424,0,-105814222049910371919,0,1345530118580348352,0,-4041342601699331,0,582528155402,0,2881548,0,1 # block t=7112 q=12T185 r=16 k=1
38330687,0,796022074,0,605982820,0,-4760772082,0,-4576561317,0,2694346916,0,1662384544,0,-870733572,0,122040037,0,-6567486,0,122492,0,-682,0,1 # block t=7112 q=12T185 r=16 k=1
4203738790694840294373,0,-431243027007825425400,0,-25560334642492269515490,0,33037460277347278280598,0,-15818837046353389833623,0,3166329374953474196481,0,-216822254717612320875,0,2484677237459990142,0,48580151002837795,0,158094874014839,0,36124817412,0,-607680,0,1 # block t=7112 q=12T185 r=16 k=1
40118585871701,0,-2194570581201798228,0,-4495902683796468494694,0,268278417282024540198595,0,-513215161925500101344291,0,328933487006774723647653,0,-75357718730797414892217,0,3785513069732281081123,0,18497295620716768709,0,21784546808580404,0,1114787430760,0,-4212869,0,1 # block t=7112 q=12T185 r=16 k=1
32883872926693354769381,0,-2549187088857969232313,0,-52703465206996672480176,0,46167627136625664449082,0,-16736031007632330178324,0,2969888021974552130587,0,-243365188707224205481,0,6158323320672583636,0,68475143230000408,0,166987757666129,0,34376644518,0,-598287,0,1 # block t=7112 q=12T185 r=16 k=1
47539569401802195496589,0,-60766277829649798783912,0,-15149662891460527197107,0,62237683249671171786372,0,-38596812995816141257659,0,9236256088492834774153,0,-474551660547868117988,0,-87874935294632150444,0,1172846963347034253,0,-3840803046931912,0,574776829194,0,2868163,0,1 # block t=7112 q=12T185 r=16 k=1
2795369725,0,-18017666724120,0,4975406670421849,0,-21347120259892402,0,-131384960623707258,0,181174176341144775,0,-20262553134329245,0,-8213473340534,0,19556294004430,0,234026307623,0,252605983,0,-44110,0,1 # block t=7112 q=12T185 r=16 k=1
291655763476843692800,0,-1846781692658057640960,0,1075592349743508968832,0,10717603781595401885376,0,-21349120353299840791552,0,11374412005191677166496,0,-84910156247901438992,0,-2642924785754025760,0,5972255589602984,0,-322575969812,0,-1292526684,0,67478,0,1 # block t=7112 q=12T185 r=16 k=1
542843666504840941,0,-245371903503433844,0,-364803996974565562,0,345990691163861372,0,-108135978999210393,0,10889061317624408,0,957947777446372,0,-228404003531368,0,7683290819915,0,-76661414372,0,105514038,0,28908,0,1 # block t=7113 q=12T185 r=16 k=2
50305670204497951,0,44196273813269457,0,-14450711988277159,0,1619960511681367,0,-77546135845727,0,479609691758,0,111572075857,0,-4650282664,0,53357819,0,844245,0,-24580,0,100,0,1 # block t=7113 q=12T185 r=16 k=2
142344564845731043306975,0,489129655308869077063380,0,-266577806390390941124006,0,52965823791398321203609,0,-4732377481568493069175,0,136828545506797573121,0,6440672468742418303,0,-493875165941610715,0,8411655565879093,0,-44025825936288,0,17541298248,0,417501,0,1 # block t=7113 q=12T185 r=16 k=2
65097728,0,11417600,0,-91429888,0,32903680,0,11713792,0,-8648448,0,1450432,0,68096,0,-47184,0,4632,0,8,0,-24,0,1 # block t=7113 q=12T185 r=16 k=2
651098431,0,-1297761216,0,217271076,0,1438818418,0,-1628617525,0,813426427,0,-209254107,0,23165693,0,812835,0,-421766,0,25032,0,368,0,1 # block t=7113 q=12T185 r=16 k=2
1270686066481216887927,0,-2379082083658833440250,0,-261366752769115267062,0,2790668794774350629658,0,-2183177235951315877909,0,747741228257358472742,0,-121053845575043637103,0,7247027710927219181,0,62530033346480329,0,130924357922621,0,21800691026,0,-493836,0,1 # block t=7113 q=12T185 r=16 k=2
101701510853519299,0,116396736510394069,0,-2171534851607849686,0,4607873529327841268,0,-4044205247726369801,0,1680353127523932732,0,-302759096676644565,0,12758013258056103,0,645138001215532,0,5912625858101,0,4006830715,0,-202497,0,1 # block t=7113 q=12T185 r=16 k=2
11130288059934529633,0,-186369035513854968733,0,-343608805710214688903,0,18159034646277748419189,0,-103419204391364709823386,0,217393074297479725778843,0,-149427985808701760463558,0,6601303749828903395042,0,46876639033267440157,0,77632171797531989,0,4594245681880,0,-8196363,0,1 # block t=7113 q=12T185 r=16 k=2
237107532046036638787,0,165778491264611988611,0,-78461613942716824389,0,12205584383795549437,0,-899412955025633659,0,30423869052864262,0,-188088978856133,0,-12928048140022,0,187776478409,0,989586713,0,-3554710,0,-3732,0,1 # block t=7113 q=12T185 r=16 k=2
981657153481397049,0,2594650712769223290,0,-2287530754111462632,0,713960078303847510,0,-102871566294155584,0,5235712486022299,0,372112880581368,0,-64074766245737,0,3191278662062,0,-59596460714,0,183697003,0,36242,0,1 # block t=7113 q=12T185 r=16 k=2
