# IGP24 class field sweep: deg4.
-676,-155220,219320,-2706,-169208,252672,-208883,91603,-34035,-51714,124982,-51812,-73302,61592,23992,-33197,-2128,9821,-1042,-1539,314,115,-31,-3,1 # cft deg4 r=12
2289797,13865429,-13440900,-72850271,23947753,109458221,-28921943,-72626296,19822455,22563982,-6566826,-2388322,804360,-282063,52523,68887,-19116,2016,44,-1182,300,67,-29,0,1 # cft deg4 r=12
2171324,-8346588,16756760,-12778870,12325460,-3756288,-1277421,231299,-1557483,1135299,240,27768,8052,-77594,33555,-19682,19466,-4799,1080,-1290,426,50,-34,0,1 # cft deg4 r=0
1279,-10499,-59174,18952,111802,-148851,8870,206965,-168998,-20162,67063,19112,-67284,4183,54592,-29151,-10475,11861,-719,-1726,331,115,-31,-3,1 # cft deg4 r=12
25649,-184665,122390,76136,-37517,178993,-113548,-57615,74943,28601,-38423,-83431,64044,57123,-52312,-18292,20795,3470,-4616,-370,579,16,-38,0,1 # cft deg4 r=12
24967916,-73505408,-50020888,330676774,-244142638,-247125806,343320767,16139340,-149707291,34074393,20496919,-9052101,1388888,142121,-347691,83184,-16736,9649,1183,-2015,555,67,-46,0,1 # cft deg4 r=12
680492,-2777252,9373592,-11450014,11059300,-11837748,8907483,-4634169,2493226,-1387586,682926,-237636,87442,-11192,2666,-4807,3537,913,-620,-100,120,16,-17,0,1 # cft deg4 r=0
1751441,-895777,-3851694,2197586,6851426,-3734834,4324946,-1233234,392502,-203145,345391,-55073,21635,-533,-5987,-3889,4166,-583,-773,104,171,-18,-17,0,1 # cft deg4 r=0
3804973,-12989339,17899041,-2748411,-5233483,10250845,-4357039,309975,2611546,-3129151,1565719,-785478,414097,-182926,91593,-33418,4812,3395,-2626,2,528,-18,-34,0,1 # cft deg4 r=0
-18752,179712,1292076,-116542,-6681077,-1698476,5724224,6462858,5452999,-1576494,-5963380,-3766046,-954533,1082582,1311724,199904,-269995,-95134,17660,11104,113,-508,-44,8,1 # cft deg4 r=18
2702528,-4673936,-5139116,13126474,-422075,-10275680,-874902,10608646,-2301019,-6452494,3120508,2373882,-1973777,-407286,766840,-94460,-147353,52834,8694,-7248,519,336,-56,-4,1 # cft deg4 r=12
-115934272,-441129536,-512980464,-207761008,-64427504,-69385776,-96146672,-30534896,-3378876,3931980,-424340,411108,-276458,-5344,-24369,25763,-654,231,-103,-136,301,-31,-22,5,1 # cft deg4 r=6
5588207,57545898,-161344174,-933462141,801237919,621816686,144516437,-64439320,-143297083,-91711825,-46948956,-23443821,-15809704,-8942683,-2576354,-354861,-207523,-147655,-21421,10826,3079,-152,-96,-1,1 # cft deg4 r=12
-1056469,363711,3327957,-2606781,-5003396,7425431,2021044,-8975300,3218958,4955673,-4080928,-946657,2016377,-184985,-540108,128615,90562,-27816,-10261,3142,799,-190,-40,5,1 # cft deg4 r=6
369253,-1035967,-1093947,3712901,1802724,-5157561,-1792464,4652512,1410532,-3038883,-859836,1488831,388151,-550553,-138840,146363,36978,-26286,-6521,2972,697,-190,-40,5,1 # cft deg4 r=6
-1027408,5818056,8799184,-14974322,-8282331,18041696,2861086,-10968298,-3134427,5729434,2498580,-3094202,-742977,1018334,229368,-297644,-33521,64734,-4294,-6364,995,268,-56,-4,1 # cft deg4 r=12
165070016,328301248,-2137188320,-5944215520,-5355679552,-1412747792,985257960,1102200088,574706128,228610860,43290370,-38004594,-34567845,-8313540,2597041,1768461,62498,-174853,-35854,7229,2884,-21,-87,-3,1 # cft deg4 r=12
-8934592,28343776,88077028,-85432260,-212086563,92987244,229763405,-36535326,-142601445,-1929620,56758874,7049084,-15731144,-3406940,3038324,987192,-345236,-169564,12482,14632,931,-512,-65,6,1 # cft deg4 r=18
-18959,-68319,-275487,-974835,-2173017,-3125624,-2881901,-1267497,644450,1662018,1494829,430096,-519213,-492210,7241,158638,32638,-26673,-8409,2628,963,-139,-51,3,1 # cft deg4 r=6
3269696,6849088,-5945248,-11069152,3870816,-1778768,-14339400,678888,13624536,2716220,-6566730,-2199966,2042083,874630,-449141,-216982,72435,34996,-8508,-3598,697,218,-37,-6,1 # cft deg4 r=12
-13417,-845695,-1146686,8151360,-4761284,-17579993,7925611,19601584,-4764236,-13239332,1128870,5806788,117318,-1745314,-172687,358371,57934,-48212,-10228,3971,1014,-173,-51,3,1 # cft deg4 r=6
-16179392,334495008,12378803,-491714321,130736281,-69173852,-109382585,-29989721,20248243,-21087118,-10145343,609023,-283585,-758178,-299123,-13949,2967,-10758,-535,2267,381,-132,-33,3,1 # cft deg4 r=6
2477632,4534240,-18886740,23251150,-29617585,27294051,-10823300,-5892206,10183479,-10348516,6913602,497681,-4432237,2109567,631939,-736099,45214,110977,-22044,-8113,2374,205,-87,-1,1 # cft deg4 r=12
32947628209,-147125604168,293666026346,-327165944333,186391836238,5148770656,-96185557194,74020018577,-24052819661,1387118204,101871236,1060089899,-468014080,-63869313,83661602,-12823170,-4087463,1435325,5858,-55010,4888,857,-129,-4,1 # cft deg4 r=6
-2596933,23567833,-74541417,106256007,-87090503,23473023,48907372,-87539880,73749670,-29644733,-1733652,7469402,-1416203,-3022508,2649086,-739937,-122861,119193,-13127,-6774,1602,157,-64,-1,1 # cft deg4 r=6
-35121409,195607776,-113943381,-1012270682,1727403718,510357555,-3208626549,2123985873,881788004,-1672341871,509058456,268794597,-201543927,7338931,27025942,-5976858,-1575761,672233,16136,-34084,2385,785,-97,-6,1 # cft deg4 r=18
-2858413,4814186,18619230,14027120,-6883070,-22883978,-25337386,-12550229,10427574,21754959,10268377,-5451055,-7639380,-1604738,1591963,931111,-21700,-145011,-29416,7439,3036,9,-89,-3,1 # cft deg4 r=12
-194349521,31021629,695390037,301669098,-316866813,53667318,229218070,-51973332,-81562610,4472742,-3155434,-9488583,2313763,2706348,-11865,-4257,106578,-20970,-22062,708,1798,69,-66,-3,1 # cft deg4 r=12
7270306531,9568653983,20965386947,26280730586,32895894148,31818752320,28407221930,22215372063,14395130702,7635472688,3314082722,1157692938,318488421,68269666,13063820,3454792,1252752,365929,61533,611,-2298,-497,-25,6,1 # cft deg4 r=0
-21141731,63116001,85854053,-246783275,201794722,-148770988,102927695,36561906,-105329330,7355347,63208181,-16741023,-25071732,12624739,3432216,-3208912,74954,346413,-48544,-16994,3515,377,-99,-3,1 # cft deg4 r=12
20111599,21813756,-199816153,133293226,292617109,-762937878,1012990304,-740411686,265372379,72659490,-122486730,53922497,-3315736,-9346518,4354593,-211780,-509223,207140,-3886,-17202,2963,352,-93,-3,1 # cft deg4 r=12
9428664031,-11215126330,23150903644,-16031750675,15953026205,-3807169912,3586082532,93162727,867292491,165124017,323587815,20368860,61088625,-942174,4081574,-208918,55981,-20671,5741,-2485,470,-67,-35,6,1 # cft deg4 r=0
26573707,161275662,161787779,-472343999,-751531683,62228385,438686111,-34708711,-138592374,143882169,170881645,13523533,-50003174,-24144997,-85156,3031023,662694,-138429,-62714,1410,2877,98,-75,-3,1 # cft deg4 r=12
86021,-347022,-3658818,5910909,21907888,35918859,27727356,3751098,-11159342,-7643481,3026612,5876532,1413366,-1736670,-898936,341421,258981,-31416,-38468,-354,2583,123,-81,-3,1 # cft deg4 r=12
31793229729,79722726741,99255377196,75762938394,46673593000,32413998461,26089100862,18150310288,9962165327,4238587466,1353668726,275261585,19780760,-8367105,-4260607,-1218178,-183718,31507,25634,4597,-471,-283,-17,6,1 # cft deg4 r=0
-208,-3104,1467424,-8935360,-15686056,113398000,-37767420,-220699696,97097400,175989080,-79724724,-71977000,32772695,16544474,-7543110,-2249637,1021310,185239,-82604,-9134,3897,251,-98,-3,1 # cft deg4 r=24
293,3490,5961,-59340,-230333,-31974,1017255,1469890,-432100,-2362660,-1123899,1147537,1080931,-174992,-421235,-26159,91514,13102,-12194,-1877,1006,122,-48,-3,1 # cft deg4 r=18
-28496,-304000,-1239536,-5212720,-11579528,-2067200,20483868,16757088,-9130812,-15802180,-2607350,5434364,2998805,-630310,-894114,-8206,163668,14185,-19004,-1876,1404,114,-59,-3,1 # cft deg4 r=12
-15741443659,25364027722,-9120398161,233731922,1568994964,-2233264552,378312455,-382391056,204362588,-48920848,5524892,17252202,-3696015,3049842,-529077,318360,-13633,-3580,9743,-3546,1227,-336,74,-12,1 # cft deg4 r=6
-27536,-717344,-4577392,-11180400,-5362344,23978928,41001340,7376472,-34168940,-25409220,7361294,14350128,2040581,-3623476,-1308312,449280,274995,-21901,-30299,-619,1890,105,-65,-3,1 # cft deg4 r=18
-3715031,-11879933,17228277,60210933,-4119392,-73475469,-50871037,-8575634,20736290,16896654,3554995,-2173249,-2577105,-438526,168583,198533,18208,-13797,-6852,284,565,47,-30,-3,1 # cft deg4 r=12
-1483183,41716474,-95235810,132781190,-178773047,124020267,-106219469,24928505,-9677401,-18484399,9637653,-8975420,3054579,-1313000,441384,-62784,63664,1239,7475,-251,318,-75,-7,-6,1 # cft deg4 r=6
172515851,-401464456,423365608,9221738,-361225979,201975844,232975748,-261611768,-30022643,117666892,-8094718,-36532592,10549332,3418300,-1522407,-93810,198723,-135540,59301,-15512,3711,-720,95,-12,1 # cft deg4 r=0
271,9134,88870,159757,-609355,-1709960,1028897,5284580,619851,-6921773,-2810334,4450787,2584600,-1487235,-1119093,250809,261406,-16642,-33970,-499,2376,108,-80,-3,1 # cft deg4 r=24
255344,4875104,-12157344,-13712,22633920,-18009144,-10808844,19011280,223604,-10785148,2770392,3778574,-1785259,-784000,588549,84288,-125418,4030,16659,-2782,-1089,324,14,-12,1 # cft deg4 r=12
-624588176,-2906996128,1241645376,6290907696,-6058542816,4163205672,-2310036620,917100096,-473128260,157385348,-39009752,-9750714,9805717,-5874596,3245759,-1436712,571044,-191454,60823,-14654,3417,-636,92,-12,1 # cft deg4 r=6
361,-2717,10852,-29102,36479,4048,-65357,16308,-14313,137062,-31051,-176116,75108,95969,-53059,-31468,19966,6950,-4404,-998,589,93,-39,-3,1 # cft deg4 r=6
22111819,-233594104,-1324113903,-2531583838,-2340783028,-915725934,204492011,371164930,121607586,-15306536,-10029306,8866646,6158963,-23960,-1135971,-177070,161357,39368,-15997,-4316,1065,250,-46,-6,1 # cft deg4 r=6
12601,75704,183742,155569,-133691,-321400,-125673,86518,-9893,-54647,152396,173795,-71500,-150973,-11239,59669,16906,-13382,-6240,1399,1116,42,-56,-3,1 # cft deg4 r=6
-14429,-112186,-78334,785424,705297,-1843980,-568265,2187332,-401333,-1377314,691445,506686,-424222,-122904,168275,11596,-44515,2976,7921,-1490,-783,256,14,-12,1 # cft deg4 r=12
-41467,95415,1081389,-4490475,4553336,3029655,-6846369,328050,3224414,-176902,-499333,-550673,-16349,409682,-23153,-131167,21072,23603,-5404,-2420,673,131,-42,-3,1 # cft deg4 r=12
25005457,-45975656,21088474,-652498,12262395,11361868,-2369644,1919008,-2268879,-804784,639274,-733308,558880,-351956,206811,-90010,45491,-16748,7189,-2348,753,-188,59,-12,1 # cft deg4 r=0
9429479,1479302,10233325,1383616,4077858,-9078680,6804892,4652840,-3265833,-7506828,4522155,4097952,-1775481,-1737052,717513,296408,-127507,-24122,18246,-7216,2640,-482,95,-12,1 # cft deg4 r=0
189036961,-191286318,120108969,-78524636,12317492,74548,-3308690,8466048,-2948267,2161172,-579711,-182236,191833,-249956,151663,-84944,43315,-18618,7546,-2620,906,-222,59,-12,1 # cft deg4 r=0
86736367,-414075684,-296830912,378925737,1023909957,4010665875,8290014712,10162346153,8226437789,4159794988,761887309,-539714000,-416198410,-77473367,29256811,15275032,530534,-952367,-141882,27948,6578,-386,-132,2,1 # cft deg4 r=12
-1792921,251146857,-1931463931,4667637919,-2721104779,-3473844229,2849938553,1737115050,-561479095,-1141435786,122577441,309484025,-22033547,-40842025,954866,3289880,180130,-159798,-17391,5520,601,-216,-26,4,1 # cft deg4 r=12
55348553,207606989,101415064,-59551139,60721493,84376701,-15383632,-22178016,20161043,6696391,-7700040,-573192,2159429,-232744,-483599,76047,73216,-16836,-9744,1831,967,-74,-49,1,1 # cft deg4 r=6
2793319763,-4649460580,2401779108,821118170,-1409099816,89088659,646807100,-305719282,-108257926,116411892,4648760,-30538361,4641888,5231668,-1509294,-617213,261236,47747,-28716,-1858,1885,11,-66,1,1 # cft deg4 r=6
-34289204,463839866,472844987,-249225355,501483917,-337847618,87544897,42941625,-60846281,74739138,-38056213,10003497,115241,-4395082,3799623,-677093,-493119,199642,17873,-16433,463,614,-49,-9,1 # cft deg4 r=6
328193024,-1396965888,204496128,906752256,945574208,-761482208,-1030353808,389334736,750619132,-155725138,-369154153,54194252,116668160,-12632416,-25125394,753274,3297897,155934,-223765,-17776,7946,596,-144,-6,1 # cft deg4 r=12
-761872,1833008,4451076,-12964336,17700773,-11640891,1589718,5957955,-7435817,4882194,-1510820,-464678,861133,-466161,60082,72777,-40919,402,6296,-1626,-353,189,2,-9,1 # cft deg4 r=6
6409148528,19420345136,-14781933920,-46248325100,34552994433,28418243612,-25908773650,-10213674984,11521377283,2045133696,-3272231524,-167656276,594674505,-8351292,-70197426,2840840,5461913,-234664,-277640,8724,8751,-124,-150,0,1 # cft deg4 r=12
627310592,58851328,238940160,158357504,65071872,-141420800,-67889712,18411120,48441692,5395336,-17849493,-4692869,4586187,1695110,-938242,-355974,142512,46576,-15492,-3742,1150,166,-51,-3,1 # cft deg4 r=6
-6718144,3824096,69876656,45221008,-7953532,-7782134,20329051,8477289,-12007809,-11067124,-1648663,95793,-1307713,-683462,398298,425380,79782,-39512,-17243,797,1303,64,-51,-3,1 # cft deg4 r=6
1699,-21639,59657,84545,-523104,211968,1477690,-1430328,-1897377,2634283,1195455,-2382591,-340071,1206861,14397,-362983,15966,65781,-4392,-6979,540,394,-35,-9,1 # cft deg4 r=24
-188,-5872,584216,-1712926,342628,4328388,-6087687,923363,5077540,-4969317,824525,1445828,-693731,-376546,375017,-8697,-87394,22223,10465,-5606,147,349,-47,-6,1 # cft deg4 r=12
-1,223,-999,-14701,56953,200833,-446523,-1293002,411070,2393376,290052,-1968216,-495502,902136,239137,-257889,-54210,47540,5689,-5432,-140,343,-18,-9,1 # cft deg4 r=24
-1,19,-98,-166,2604,-3473,-19262,47822,39841,-194772,65550,278181,-258284,-89134,191826,-27930,-55604,20034,6607,-3851,-191,309,-18,-9,1 # cft deg4 r=24
-1021,-7359,40141,419921,605271,-1987169,-4933214,1343426,9992950,3151814,-8098360,-4603590,3099998,2373061,-628611,-629900,74905,96228,-6500,-8645,540,428,-35,-9,1 # cft deg4 r=24
-863,39423,-427290,-395106,5329567,-6186286,-5117496,14237611,-7299454,-3250317,2659598,2698748,-2792435,-146900,1067308,-326473,-122681,78104,806,-7750,1017,293,-63,-3,1 # cft deg4 r=12
-1132352,6193824,-14218828,18247870,-13900343,11204357,-22989564,29224854,-968704,-35490685,32729628,-2240614,-12452710,5646880,1425140,-1489634,55770,181144,-27479,-11250,2448,325,-87,-3,1 # cft deg4 r=12
1157932607,-3389867420,-460192108,5729980950,-205516870,-1762238101,114998113,382219578,-330458748,-185367946,113032227,80692981,-10559593,-17888703,-1180628,2235186,408897,-166248,-47508,6576,2800,-98,-84,0,1 # cft deg4 r=12
131602237,20887168182,-2399640174,-35498566073,-10946388996,11279592905,7354832735,4763638222,4741825501,928881250,-1750319863,-1146085708,-57795303,176635401,59750670,-2799347,-5420658,-854691,130866,51094,1835,-1006,-105,6,1 # cft deg4 r=12
1359761,152626325,-728522770,-286368925,708662798,-53823306,-660013934,526026269,959629969,-191354403,-526893332,17919006,151509664,3748808,-25677217,-1126231,2673701,118669,-170868,-5994,6418,135,-127,-1,1 # cft deg4 r=12
-37079041,592763203,756112120,-1786461424,7609720,1405706003,-1253495259,229068031,622605527,-571122996,126619335,103137131,-95213420,28889480,3446790,-5014977,905270,251155,-94788,-3726,4189,-76,-97,2,1 # cft deg4 r=12
-161495737,48834850,676003956,-465315899,19396499,472280225,140653,-291758108,63492699,204309888,-96246549,-73549858,44438801,13720151,-10024434,-1425278,1282633,86051,-97625,-3205,4344,79,-103,-1,1 # cft deg4 r=12
611,-11934,6019,371858,-458727,-784986,980922,248646,-260895,-243240,-362221,830700,10396,-669478,236309,196362,-121237,-14166,22286,-2466,-1509,380,13,-12,1 # cft deg4 r=18
2704,-154128,200096,1894464,-4717544,-525408,12521960,-14959280,2092292,14141844,-18019306,6479864,5289181,-5866417,1127370,978726,-537053,14170,53895,-12134,-1047,638,-38,-9,1 # cft deg4 r=18
-40816,-626096,-2215216,-1004720,5813208,7625920,-3335808,-9528688,617436,4733112,-424778,-933880,230529,-24743,23371,28753,-37495,5256,7305,-2804,-195,253,-26,-6,1 # cft deg4 r=12
-26368,-47872,676992,-798592,-1531648,3683872,-1439232,-3431888,5424840,-1939704,-2894184,3228142,-203753,-1270326,530477,177254,-156784,3582,20025,-3418,-1152,346,13,-12,1 # cft deg4 r=18
48841,-830297,2200718,1145001,805974,13914199,-3581660,-37986357,-13609342,24510277,11350202,-7089357,-2579762,1319753,100214,-175893,22454,14473,-1948,-1067,138,87,-22,-3,1 # cft deg4 r=12
4841,-35002,24683,86527,-167015,110699,-112735,149352,-125448,-64652,224416,-187652,-23826,141134,-28251,-61606,21283,14793,-6473,-1779,856,116,-48,-3,1 # cft deg4 r=6
2239751,-2410300,-61901142,254044771,-346294226,-41001762,673469329,-777170073,160336877,472045089,-513255928,167427228,67192692,-73639229,16563404,5402398,-3429025,335963,162202,-42683,-486,1199,-89,-9,1 # cft deg4 r=18
-4352,65280,-63104,-385152,323392,246944,-742240,330096,444424,-302848,-128164,168370,59189,-133718,15838,39176,815,-19780,6384,2258,-1725,298,22,-12,1 # cft deg4 r=12
-10719232,11071488,41322496,-99399680,125107200,-120444416,88890880,-60226304,35280512,-18427392,8195392,-2892640,708688,25856,-165520,132000,-68112,27688,-8144,1512,72,-164,64,-12,1 # cft deg4 r=6
-17407,-5239,545363,143715,1273324,1997645,-4373080,-4506973,3937213,2997208,-1869234,-374903,505232,-271566,39198,72307,-53883,6531,8291,-3212,-144,253,-26,-6,1 # cft deg4 r=12
4841,-53209,-28799,6695,-67225,82088,123123,-62791,-49934,55130,-51579,-69808,63027,55114,-30835,-25702,9910,7245,-2325,-1184,363,99,-31,-3,1 # cft deg4 r=6
-1587767,20216944,-65717256,60983964,-31031374,-11154408,39346896,-45630172,42804831,-32951648,22675584,-13484456,7143324,-3380400,1470832,-578328,202103,-60304,15112,-3316,786,-232,64,-12,1 # cft deg4 r=6
-10267,-933037,2857525,2991425,-13257733,2462586,15978153,-11021401,-278872,2013218,-1076275,602722,-734835,465790,318593,-344386,-11152,72127,-8355,-6560,1243,255,-63,-3,1 # cft deg4 r=18
832,20800,-395200,-629664,2815824,-216288,-3942752,2266640,1723836,-2387348,149668,1226486,-392833,-444886,208072,118152,-78009,-12752,16612,-1554,-1347,330,16,-12,1 # cft deg4 r=18
196864,-13568,-1241088,1170944,-3966656,2619072,6265856,-2876608,-4510608,1767376,739632,-343280,228412,-8732,-97328,8276,22192,-2324,-4703,643,624,-77,-40,3,1 # cft deg4 r=12
-7411,4292,220247,-480315,-1017257,4239783,-3767415,-1786678,5148514,-3457246,638498,992090,-1136324,367870,191297,-183770,15011,30783,-7301,-2735,852,136,-46,-3,1 # cft deg4 r=18
-6137,113696,181458,-927316,1136332,-267816,-1523186,2582868,-1910501,632016,237812,-654872,663488,-297632,-84292,167288,-56611,-16176,14170,-1108,-1164,264,22,-12,1 # cft deg4 r=12
31007,188555,169625,310879,112267,328434,185799,228449,-195198,-282654,-119797,75672,157207,4168,-110129,-25394,43892,11801,-8407,-2212,973,137,-51,-3,1 # cft deg4 r=6
44624,1760,-872016,285344,2924080,-1987416,-2968720,3304184,385324,-1870888,331432,816854,-145313,-466102,144696,156504,-82633,-16084,17904,-1690,-1347,330,16,-12,1 # cft deg4 r=18
-417877,3983355,-10118332,-9690391,78993904,-121457107,84161664,-42210959,17571242,-793305,-1692810,421175,-69508,93101,-119868,26475,-12192,-4125,3016,-1237,-66,121,-22,-3,1 # cft deg4 r=12
-1721,-8448,22337,-160891,214839,-208493,318623,-203058,-44290,134962,-42756,-1298,-95702,94282,39987,-69018,-1021,21695,-2835,-3139,652,184,-48,-3,1 # cft deg4 r=6
-132613,-413595,2093377,-317372,-4156716,1235272,5218231,1612531,-13746113,10191522,-1293058,-329068,332588,-242992,-74718,-22222,53557,481,-11231,1408,1168,-128,-57,3,1 # cft deg4 r=12
31007,95820,-24549,151623,-265303,-65439,-24185,167572,90674,-20038,-153644,-66720,119518,59316,-56545,-25394,18001,6599,-3681,-1039,480,86,-34,-3,1 # cft deg4 r=6
-1721,647,1903,31209,-21665,8138,-10463,-79213,145226,-100590,41513,21278,-72599,37570,28495,-30054,-1854,9523,-1543,-1388,363,99,-31,-3,1 # cft deg4 r=6
-191011,184094,1176824,-2874891,2388859,6586499,-24821828,19875132,23435837,-45415252,12782166,18938193,-13607480,-1251391,3756883,-690586,-431221,161724,15787,-14033,721,515,-63,-6,1 # cft deg4 r=18
3637,235240,1078212,-1940213,-10493868,4569382,30942602,-1772778,-29263104,-1836549,10127204,1401769,-727881,-200421,-204570,-31493,16838,4313,2360,1096,25,-141,-32,3,1 # cft deg4 r=18
2129,5795,-35514,-47795,184464,98547,-445010,68977,582783,-417763,-486260,498888,345976,-328463,-168852,121616,50799,-24800,-9210,2727,952,-148,-50,3,1 # cft deg4 r=18
-179420699,-79166376,688724909,290424296,-869205611,-286890272,475488467,79303272,-121784527,9981086,11010523,-6902114,557684,848430,127018,-130792,-78767,46322,5424,-6692,445,356,-48,-6,1 # cft deg4 r=18
10771757,25126711,-366414,-17020707,-20371308,2461967,28992754,-9986887,-20395649,8823569,3219252,-4923460,1280504,1375473,-723500,-171968,173139,5320,-23182,875,1684,-96,-62,3,1 # cft deg4 r=12
-208,2592,1328,8128,10800,-561088,-336780,1298800,920540,-828560,-649306,201988,241751,13022,-90880,-21253,33339,3824,-7296,41,814,-55,-44,3,1 # cft deg4 r=12
-45491,-833696,4269957,16368684,-4130131,-5216924,8597639,-2146192,-4869095,794726,1675335,-266894,-379848,219738,-66638,-10824,23869,-11982,3972,-280,-503,192,-12,-6,1 # cft deg4 r=12
-571357,-3480670,1564311,26285730,4084222,-20770378,7687815,-1917358,-3314163,3482656,-1746130,823764,-51208,-157520,121092,-57808,18070,-3740,-152,788,-497,134,-3,-6,1 # cft deg4 r=12
208,-3504,3824,31952,-42384,-80752,70668,110100,79804,-170532,-272026,186598,281461,-114195,-158108,42413,52125,-10248,-9856,1520,1003,-114,-50,3,1 # cft deg4 r=18
8368,-224256,1211360,-1468672,-3336056,6572528,3066996,-6558232,-3581492,595240,3062640,2251696,-864223,-1478718,-114897,427321,101725,-63975,-19321,5095,1639,-202,-65,3,1 # cft deg4 r=18
-2217241,-10896078,28837415,-37177199,50370928,-51614239,37499936,-19785196,7047101,-975687,-1066659,-21365,121116,-141021,12381,-11251,10403,2793,1456,400,-68,-104,-17,3,1 # cft deg4 r=6
12329803567,-12224325512,-10431064471,17328809944,-14777591507,9349744916,-3531872971,1030925972,104614145,-283951270,212318431,-120482762,51565892,-21203554,6875090,-2263864,590239,-157794,33406,-7168,1339,-240,48,-6,1 # cft deg4 r=6
3671,113912,-1444962,-18419,4383817,-2116379,-3283350,2052282,1310967,-679852,-629498,75395,315014,5955,-106347,-2962,25077,542,-4283,-23,499,-1,-35,0,1 # cft deg4 r=12
-77261,-670718,-1747675,-614779,2443250,1038449,-2488,993500,-1591953,-345603,1241527,-551117,-434842,229447,-46937,-61211,32165,4661,-5576,660,688,-60,-35,3,1 # cft deg4 r=12
621588851,649419746,539738320,-48000605,204889609,-18773849,18615232,13457986,8659375,5558894,4542052,988705,1491468,130573,223411,36838,25035,4416,2987,143,241,33,7,0,1 # cft deg4 r=0
5243263,-11673044,17135115,-13983892,19157405,-29045900,35659673,-20692292,3325919,-188654,8708587,-11261390,4511680,535630,-411950,-498400,445683,-173182,48876,-11044,1873,-324,54,-6,1 # cft deg4 r=0
12510913,-297467297,2407638693,-8557660198,16126941034,-17463567694,10625036550,-2385755642,-1679798927,1985747133,-1008190139,197963230,104024388,-91816574,24027632,2694366,-3218609,609659,68394,-40467,3086,755,-120,-3,1 # cft deg4 r=18
-52208,-110528,323504,647248,-769040,-1241680,1107596,912872,-1130260,-108076,754888,-192350,-359785,129686,138782,-56626,-36677,18594,4597,-3472,-20,282,-33,-6,1 # cft deg4 r=18
221897,895362,-6838923,11197264,15231645,-80389192,70627583,78672224,-149154797,14282336,94593777,-44544466,-21409812,18736162,532114,-3337372,454363,288288,-67754,-11862,4013,186,-106,0,1 # cft deg4 r=18
8368,-109376,-92816,259120,43552,-215152,44532,181096,54332,-221820,32656,158054,-132463,-29174,78400,-10730,-22445,6098,4431,-1916,-314,266,-27,-6,1 # cft deg4 r=12
-28561,-142805,151593,1060813,-656058,-2845115,1738451,4031690,-2304445,-3525004,1692221,1150195,-555923,168515,144699,-109760,1703,20174,-6405,-1937,899,67,-49,0,1 # cft deg4 r=12
-7433,-11892,9556,9369,36980,84096,40331,-14297,-49276,-22777,36202,49889,-7877,-33983,-287,15994,1940,-4574,-785,908,219,-89,-27,3,1 # cft deg4 r=6
-9232,43936,42352,-530032,777472,439248,-1972396,1517136,643804,-2237980,1438480,657990,-1267695,277496,369160,-189128,-41256,41892,-218,-4586,439,256,-36,-6,1 # cft deg4 r=18
-2393,18679,-37104,4802,-5049,-19320,89511,-58158,-11454,42709,-58834,5183,53835,-19243,-25533,11068,7866,-3466,-1707,651,258,-68,-24,3,1 # cft deg4 r=6
154172,175380,-382256,-596962,-1465732,70748,4490477,183477,-3632478,137965,1079469,-308458,58680,101858,-112788,24218,16646,-14060,260,2460,-104,-226,-7,9,1 # cft deg4 r=12
-1570291,-10561684,5847954,20120514,-37452026,43003304,-31564483,16564108,-6280296,441662,1180998,-1319892,829493,-455340,231256,-119938,55882,-21382,6276,-1186,133,-16,15,-6,1 # cft deg4 r=6
157,-7280,-10516,-61175,47175,-11262,-5179,-46972,34174,89561,-87105,6458,37923,9300,-47667,-4793,28402,-1749,-6688,787,734,-85,-41,3,1 # cft deg4 r=6
21064667,5107518,53416168,22428133,51358203,20316790,28116191,7634138,10882386,1119053,3096675,15678,590741,32294,46483,18125,-3044,2725,-142,9,272,-19,-17,3,1 # cft deg4 r=0
34667,91904,-516320,327426,970120,-2295816,2252849,-911664,33320,-21118,-39288,218404,-145995,-77692,124878,-13790,-40652,15754,4244,-3106,43,232,-27,-6,1 # cft deg4 r=12
-1313,-34332,-192982,-381699,114976,1347094,546914,-1956122,-626290,1383463,-18810,-514103,320087,102391,-182986,-2077,49098,-5679,-8316,1214,865,-89,-44,3,1 # cft deg4 r=12
8812357,-10158004,-8968985,11853172,26374401,-58800008,85449067,-76354848,57012035,-33616538,17941803,-8391926,3695480,-1459882,518562,-162808,44889,-11258,2234,-344,31,-24,18,-6,1 # cft deg4 r=0
10082563,-41088076,76948743,-63256840,38379053,-9641448,-5327295,7732116,-6336901,3090066,-866861,-231858,569996,-467422,303546,-153696,66819,-22342,6008,-1024,133,-24,18,-6,1 # cft deg4 r=0
12539969,-43595916,101271651,-145734504,162865817,-139455732,109796571,-78215328,37990551,4395838,-20359237,7166542,7547540,-7578062,2291322,-19272,-134391,51830,-12018,108,547,-188,54,-6,1 # cft deg4 r=0
3581356,-19145060,-116995972,223847704,25923372,-169209342,100970669,-65431123,10392193,10562406,-9981534,3016684,652550,-325830,51135,70369,-31793,-4380,7878,-2580,-134,240,-39,-3,1 # cft deg4 r=12
-78608,-157216,1562912,-3152480,2780776,-732936,-306224,-704864,1475916,-628636,-463982,550802,-41145,-172274,22298,74536,-29241,-12368,9614,-462,-1011,230,22,-12,1 # cft deg4 r=12
-643604869,-611079194,1721380008,26591841,-1050860853,265659138,367005940,67643502,97089647,79545819,35182525,14079514,4846446,2442229,743985,-21125,-10704,17415,-526,-4429,50,367,-26,-9,1 # cft deg4 r=6
-6855494192,-5542550840,39299179012,36780175948,-68013102768,-75775938092,35261298458,52642992414,-6534754431,-18242920774,-320700799,3659431096,340372577,-452422826,-63023314,35134112,5993576,-1689480,-326996,47708,10117,-702,-161,4,1 # cft deg4 r=24
192353024,-524880320,-4157479744,11784093844,8658231147,-19110609986,-9611469579,12516717584,5964168778,-4255384154,-2137233493,815386462,458310485,-89493006,-60363172,5421662,4970907,-148170,-255731,-666,7962,128,-137,-2,1 # cft deg4 r=24
-378883,1144013,1248862,-3887785,-2046382,4704762,2625918,-2416622,-2179028,359877,942310,51084,-243514,26458,96706,-7516,-41213,-9526,7101,3430,-96,-284,-32,6,1 # cft deg4 r=18
3061,22997,-2316,-190366,-431357,-543671,-357793,161937,645629,823880,622596,167941,-150405,-194872,-82475,30286,38447,1592,-6973,-875,696,89,-39,-3,1 # cft deg4 r=12
-34060193,714970076,1457151550,-652358098,-2698885769,-608038507,1637256600,795816729,-372571190,-284630637,13183177,39368184,5105653,-1883888,-483133,99117,11044,-30104,-4223,2919,744,-83,-46,0,1 # cft deg4 r=18
1719923,9379993,25780563,29692809,4568625,-22546309,-21524653,-6103598,8974969,7564124,3123547,-1469097,-861539,-68145,394358,166860,7424,-23070,-6325,1240,805,-32,-42,0,1 # cft deg4 r=0
-32129,232199,-475103,42296,544885,-46506,-225040,-321203,340615,141160,-331070,-112474,222864,117180,-130551,-34195,56909,13356,-11087,-2133,1138,140,-56,-3,1 # cft deg4 r=12
1801,10317,-28888,-268951,-222945,1685952,4394580,1529803,-7982386,-10641785,280277,8649610,3157534,-2903201,-1572214,488666,340896,-42900,-39173,1866,2460,-32,-79,0,1 # cft deg4 r=18
-20413,-171508,588966,575590,-1256290,-262599,-15627,-241166,1609061,87250,-1282718,-246950,761337,97768,-283638,-17928,66566,1737,-9833,-90,897,2,-46,0,1 # cft deg4 r=12
-8308309,-12247381,83907383,174395897,190002700,129747271,85996256,69442868,58320277,36942821,16758836,5011985,744185,-351099,-425643,-243574,-70606,2871,9681,2673,-234,-259,-29,6,1 # cft deg4 r=6
19753,-160432,-141152,3788918,-5827057,-15281153,27842268,25281173,-39700434,-13058599,19655641,-6526330,-3310827,5787060,-101951,-1462053,141300,182632,-24063,-12461,1834,435,-68,-6,1 # cft deg4 r=18
-47,-726,20401,126450,259039,203983,-86262,-362410,-299104,-54054,63257,-41947,-124040,-66282,29604,47522,12642,-8293,-5345,420,744,2,-46,0,1 # cft deg4 r=12
12377599,-126874761,422877234,-549929869,422251977,-359401951,209434498,-103123138,71473341,-12500007,18406354,-395850,3178791,-117358,335995,-55783,11980,-9328,-432,61,505,2,-29,-3,1 # cft deg4 r=6
239,11437,-129170,350353,-166021,-246188,-320529,654682,346905,-244927,-496225,27725,258258,56830,-87337,-39006,23691,11061,-4542,-1657,560,123,-39,-3,1 # cft deg4 r=12
566441,26257451,81727605,-228103177,-1217389583,-1907917084,-1319538018,-299880058,72676093,48452979,90306589,118896721,51520890,-9760585,-16698450,-4848675,530845,612548,104698,-13705,-6911,-589,86,19,1 # cft deg4 r=18
2014372991,-4304228859,-10299543615,-2038798671,3572067420,2629723369,-1257982107,-393149386,355737343,-73906938,-22486670,16118445,-113582,-709702,-136106,171003,1147,-16324,885,1442,111,-56,13,7,1 # cft deg4 r=6
2448181,-16892184,11336750,54855508,-23015958,-40585524,24538612,-598123,-19170367,8968584,7929494,-3339434,-698005,1151010,-376070,-498895,46470,113958,16723,-9065,-3136,-69,111,19,1 # cft deg4 r=18
2060801,-90484814,577493670,-922758956,775448985,-229960556,-173013047,200653894,-113453097,56180152,-21662115,5036045,-1102402,106113,134464,-37947,19997,-6804,465,-448,171,49,33,7,1 # cft deg4 r=6
-52868899,-48826187,71076515,105096975,112921730,125516673,78974729,13417029,21560847,-2527165,-18679613,-12325464,3256271,3819818,-4349,-55352,-205275,22009,3067,930,-949,52,136,22,1 # cft deg4 r=6
99611,1638951,3143810,-13619402,-36237138,26436606,121161502,32684042,-142065097,-130287771,17426254,83489546,40511940,-6399260,-12986395,-3871075,606960,633918,119378,-11795,-7406,-734,76,19,1 # cft deg4 r=18
-158969,1823741,-4691770,-2976702,13582677,4246316,-8577038,-8327468,-5126562,1404334,4773204,3145771,759130,-798660,-1083165,-419775,125055,156148,32703,-9505,-4881,-449,86,19,1 # cft deg4 r=18
301841,4075946,15661635,12173189,-7794145,-15967931,-13511187,-1690101,-3632927,-5280478,-3139510,-183120,1073443,1207423,779914,348418,142547,40376,13205,2912,916,189,48,7,1 # cft deg4 r=6
-648829,-6769793,-26456220,-39881949,22972007,169176699,230642825,91475918,-73024297,-79043707,-8984198,13780083,3802832,-369207,116056,-2715,-74453,-7411,1212,-806,210,114,5,4,1 # cft deg4 r=18
-3989,-12943,-40430,-68110,-90634,-62202,2184,57351,49010,-4249,-24361,4109,42132,49021,18149,-12635,-14352,-2317,2604,1078,-157,-140,-6,7,1 # cft deg4 r=6
9241,-65268,-569240,-1967910,-4072294,-5384757,-4103421,-346444,3035400,3267166,978999,-858956,-850788,-80479,227444,89775,-28537,-22057,1169,2898,143,-210,-21,7,1 # cft deg4 r=6
-474949,7692152,26230830,-15103974,-96155353,-21839016,112240625,44330968,-63368122,-27035207,18714347,7654243,-2388853,-1000172,-82054,30620,46392,6689,-1298,-676,-340,-16,10,4,1 # cft deg4 r=18
-1049,-14688,295365,1309201,-5136178,-10434901,27471605,8544433,-39611512,4873378,21815172,-6112272,-4675008,1313488,379641,7715,-9318,-17771,-783,454,35,44,5,4,1 # cft deg4 r=18
10128791,-3337103,-54427140,-25554095,46925531,10789758,-44890741,1829436,36295885,-8016904,-18659026,5984559,5998152,-2357999,-1201986,538965,155853,-75012,-13846,6398,893,-315,-41,7,1 # cft deg4 r=6
631,15707,1865,-402329,-812973,1728514,6058325,1436998,-10817197,-10303142,3232622,8016493,2061117,-1472042,-751044,-34760,8592,-1571,2832,1144,430,124,10,4,1 # cft deg4 r=18
30871,138747,18025,415765,122666,-130662,492534,177086,-111205,-184044,-27671,232554,8322,-135324,-3941,60235,1108,-16317,-406,2548,143,-210,-21,7,1 # cft deg4 r=6
-20167769,203282734,-225712863,-1858520384,1005724572,4644769464,-1361718181,-4726794053,1016025980,2428316783,-480472206,-704222650,144535680,120936812,-26976609,-12359680,3039611,730423,-199855,-23476,7311,364,-136,-2,1 # cft deg4 r=24
35989451821,35022950361,11966720685,9582674829,12442076540,7025290839,3048007518,1942447339,1010504743,346680397,144094220,67758075,22169658,6668228,2341404,720223,217937,57771,10860,3262,1021,119,13,7,1 # cft deg4 r=0
-58114139,1382868429,7182323341,-56083254521,122026043590,-119408731930,47693024689,5154664362,-10031446732,1899478269,325827122,-69606317,34315577,-20884211,-6823135,3404440,806208,-286022,-59610,13572,2876,-350,-82,4,1 # cft deg4 r=12
-6313789,36984591,-45102038,-37301474,25596798,58733150,13437812,-40137251,-25435293,8348557,14063393,2167977,-3844148,-1535338,601630,387002,-53496,-57771,1158,5299,248,-294,-30,7,1 # cft deg4 r=12
58934471,238983664,-528291009,-1588150868,-713643520,-67148982,-462380120,-130303352,104355615,-84023993,-41514866,23620684,-1119926,-4070484,900079,8663,-92645,52032,-405,-3928,885,143,-39,1,1 # cft deg4 r=12
-104352709,-1361539277,-5089288390,-5350998975,1391968415,4610676238,1346411629,-1000610576,-623213833,19446490,76501562,-1239119,-5495154,3821573,2062916,-396277,-402585,-38136,29802,7770,-519,-413,-29,7,1 # cft deg4 r=12
-38758439,-734742646,2371472692,-1781528630,-999205930,2063548372,-1205354022,662857227,-607248535,406233348,-160627188,56617434,-29538969,12303530,-2261232,153255,-225454,122790,-5787,-10357,2252,161,-83,1,1 # cft deg4 r=12
25292191,-181061933,509826179,-818635188,858862416,-724205553,719780448,-714893762,265169300,474653281,-813419744,553714401,-152421743,-30553191,34822289,-7324552,-1413103,828486,-49880,-31932,4924,490,-122,-2,1 # cft deg4 r=12
224911,-1824401,124032,23086510,-41148345,7791042,43606738,-57836868,31986070,2144868,-18270198,15954799,-7795354,2551850,-779787,329075,-113889,3270,16303,-6727,777,181,-58,1,1 # cft deg4 r=12
12942301,-2768273,16364944,-20954683,-5022469,7303167,29688588,-3365077,-51868075,5127011,49453966,-8070259,-31239718,12114324,7740909,-5271867,91532,538481,-79780,-21832,4919,370,-117,-2,1 # cft deg4 r=12
32229191,146979413,-674286825,759008915,-149544070,-258979742,217142264,-89556026,1234987,23319380,-7168013,-1697584,1574566,-255752,-285249,76013,27410,-8701,-88,1400,-109,-168,-9,7,1 # cft deg4 r=12
25023391,37145354,-418932244,-746562543,-352266125,30778753,76232015,51438048,56532315,49440817,15078424,-5980656,-3742696,385116,238424,-191542,-37240,25197,300,-2088,440,113,-24,1,1 # cft deg4 r=12
-2271374419,10372292444,-13974802883,-4971048804,29532710462,-22197438266,-7472808001,18499467187,-6457751615,-3752975057,3279490209,-235361155,-521966920,157638857,29205926,-19880790,619136,1152108,-144740,-33536,6606,454,-131,-2,1 # cft deg4 r=24
660558361,-304804234,1266699180,-148970801,591221305,326097114,237377073,179004399,114029648,70136332,41537105,20660920,10053428,4377688,1739739,630623,205392,64001,17930,4242,1081,224,33,7,1 # cft deg4 r=0
12112871,-43027264,15870102,117338536,-181035472,50837535,95542842,-92189636,5119992,35030842,-13906182,-7056448,6199137,400687,-1473015,196077,213394,-49581,-19457,5789,1203,-329,-50,7,1 # cft deg4 r=12
-6368459,-70177855,-223860641,-266623361,807942040,3522957227,4456362450,1481356654,-1149244005,-860392004,12708967,108242101,4149177,-7283567,-588680,539458,309701,-38623,-34418,5483,1461,-423,-43,10,1 # cft deg4 r=12
-681193099,-728297390,1720900029,1684479929,-1794118230,-1479632048,1056134960,609434034,-386378615,-97584724,86710562,-8554534,-10614393,5241823,215000,-651132,142331,22762,-20133,1103,871,-183,-13,10,1 # cft deg4 r=12
-39059,-723709,-1135423,4481071,2335168,-1580460,1594582,1124984,461942,30807,-289687,210182,111132,-101108,-57875,32627,9609,-11466,-1397,2359,318,-224,-30,7,1 # cft deg4 r=12
147911,15089,-10227803,6320146,88532422,-176821121,15178949,241677042,-186385230,-75655177,144858199,-26815570,-40315805,19496627,3305496,-3838615,255501,342343,-59260,-14866,3741,294,-101,-2,1 # cft deg4 r=24
10823821,14528276,53870540,57729714,106961195,95189969,115655403,87682364,78628518,50092952,34909725,18100740,9534273,3918593,1563599,519463,165437,48706,13520,3752,951,224,48,7,1 # cft deg4 r=0
-44539459,-19356893,210509434,-518671048,858021681,-284877468,-69261407,488268863,21543120,-903944079,385093831,393138986,-301622018,-9886216,62903979,-14684422,-3365753,1764666,-89535,-59302,8109,700,-157,-2,1 # cft deg4 r=12
-132229,3959829,-4700618,-47643820,23785060,-4514198,-6185562,14201702,-7617055,7640083,-4082128,1954924,-793084,205080,-79087,22495,-14614,4980,1458,-1607,502,56,-48,1,1 # cft deg4 r=12
-54599,785883,-3078170,-206500,12500220,6724088,498214,-2125291,-5834028,-2866395,-1022073,135821,640626,397943,202421,59843,1770,-7371,-5688,-2240,-589,-98,6,7,1 # cft deg4 r=12
182701,9679169,-91383524,83862762,43543190,-22859142,-21148420,-17418237,7831320,8679772,-67026,-1269846,-185811,40231,-26686,17308,3535,-3513,575,-113,-60,38,-4,1,1 # cft deg4 r=12
70001,-1854306,-11463119,3992157,66020520,30969748,-85391510,-45412097,33262740,14968547,-774616,-3611436,600104,773791,-284546,140608,-8750,-8963,5795,-968,230,113,-24,1,1 # cft deg4 r=12
-149029,-1552082,25038130,55699420,-52103370,-226860137,-248284691,-123912026,16091052,69665050,49914047,15052576,-3086314,-5263307,-2419934,-420847,118445,93709,22977,280,-1299,-308,-9,7,1 # cft deg4 r=12
957811,9549829,-133431464,2107589,253946320,38748660,-80822736,3721467,-23696932,-29919821,-4496603,-4483337,-3550343,-524236,-267580,-163500,-21952,-6102,-2395,-158,101,50,8,4,1 # cft deg4 r=12
317115751,-231727571,-814477343,794646145,-201000275,395186792,-261581222,24729252,-47203005,29637193,-2199423,4902079,-1695134,-654185,-252442,189775,70561,-18780,-11312,693,1197,-29,-58,1,1 # cft deg4 r=12
-172829,356776,1524442,1261771,766148,199745,-781813,-801976,-642268,-345443,-139632,27482,80262,58177,31670,182,-12601,-6076,1088,1449,48,-154,-15,7,1 # cft deg4 r=12
-28118369,337457835,-1081968486,1320870274,-191451495,-956573073,663297090,124433779,-237191605,29606511,21205217,-1569314,1750767,-1687837,-177955,77633,1491,21717,2717,-82,-534,-283,-8,10,1 # cft deg4 r=12
421,-16286,153042,-94109,-4042203,13546824,109584,-36494663,16478385,39164553,-22787861,-21490925,13464655,6562512,-4180399,-1138010,721511,111348,-69350,-6096,3631,174,-96,-2,1 # cft deg4 r=24
541520911,2329458726,5533319685,8762987079,10127989455,8870501059,6046715363,3273542734,1456345203,565279127,208685660,77870625,28721203,9704723,2918644,812343,224397,63091,17265,4032,801,154,33,7,1 # cft deg4 r=0
-441629,-16395866,-118181706,-302514206,-133765902,898027092,2254504510,2636839770,1700592607,394958208,-352036935,-439524086,-247042249,-78856423,-8397990,4916717,2757027,586536,2239,-29644,-6624,-302,107,19,1 # cft deg4 r=18
-683706359,-366577477,-210099505,-162487675,-84647255,-302422757,306135389,10510549,26779382,-87084270,17983147,47994961,7520226,-13195847,-3930339,514108,474810,105399,9492,-5320,-1519,-238,21,7,1 # cft deg4 r=6
96181,-164116,-9944111,30690199,120980363,-125086388,-632804865,-545643120,145845512,523767183,325797870,22270794,-87069654,-58448278,-14439420,2500017,2936042,844926,53214,-29974,-8134,-517,97,19,1 # cft deg4 r=18
60692171,62850263,-249011750,264133030,-159861185,18990538,31120869,-17182396,-2312703,-8750385,18099062,-10206294,-1517824,2738848,349381,-872137,152190,31444,16222,-5040,-1129,-203,31,7,1 # cft deg4 r=6
879761,14395779,81778954,212545019,241512838,3114412,-273496545,-246341530,-13014238,114596953,75666170,4729564,-18550924,-10168263,-952870,1293322,640007,80106,-35196,-16919,-2429,218,132,19,1 # cft deg4 r=18
1120219871,-2196742702,-1867320470,-1901959570,-113203560,1724431373,971861369,-495841801,-323315133,188413610,142797937,-23113384,-37645279,-8474067,1279016,1158493,361210,37779,-14368,-6020,-989,-63,31,7,1 # cft deg4 r=6
71768291,-58745267,-204661240,199919265,102162550,-156333912,-16943171,86550219,-4004868,-31238725,7075747,7232841,-1857394,-1269247,243481,158368,7105,-19306,-9863,-1855,231,147,56,7,1 # cft deg4 r=6
482161,3952189,5010559,-30223271,-79048547,26621312,234685345,146595615,-173046468,-215674367,-1948560,93625384,36280021,-11881928,-11437180,-1518803,1092532,456231,22399,-24639,-6309,-302,107,19,1 # cft deg4 r=18
-556639,18638563,-99218526,55649553,264036576,-132716506,-380858003,63511117,328837866,36586785,-157035851,-47117765,41355784,17972513,-6218923,-3343664,588945,346166,-39701,-20607,1998,664,-66,-9,1 # cft deg4 r=18
735407341,1280443950,-1903980514,-2832489032,2225078903,1956824056,-1238470168,-643797139,450321799,134281278,-116665036,-21578050,21392707,2222806,-3143078,-195522,336266,8771,-28135,-357,1634,9,-59,0,1 # cft deg4 r=6
14238261,124764921,231670638,-475457541,475337159,93986764,-168386832,-32947471,170364872,23110282,-67425045,-7829864,25534940,7578770,-4588446,-1949512,456042,234643,-30141,-15578,1506,565,-54,-9,1 # cft deg4 r=0
41544001,301327566,567475373,-252686286,-893900886,199561324,650416083,-144168581,-274923363,64061787,79488470,-20046404,-16427050,4661275,2403959,-799307,-236118,97128,13644,-7913,-244,390,-19,-9,1 # cft deg4 r=0
2664967391,7340250241,2877337068,-491376716,8357224299,3839508359,-5465950327,-3514950731,1465255397,1400218497,-215297140,-331746389,19141040,52156800,-1302826,-5668877,127902,426118,-15356,-21338,1236,645,-54,-9,1 # cft deg4 r=0
28471,573876,4471443,12542749,-4898421,-46566176,64496238,-12064211,-25288693,8597672,10281325,-4725289,-2727345,1587015,511609,-358677,-60783,55223,3929,-5588,11,330,-19,-9,1 # cft deg4 r=0
-90597569,742491434,-2669587741,5367645508,-6220942497,3365616940,924133084,-2739576190,1605159564,-37118940,-432997307,213728515,-6657091,-32640741,12232169,30914,-1207503,292164,18445,-18865,1981,393,-85,-2,1 # cft deg4 r=12
911,12280,-185116,-1085708,10570602,-19386521,7755223,-1052686,-4220254,7076921,-5231613,3842307,-1728461,180964,95192,-41078,26825,-4773,-5334,854,672,-71,-37,1,1 # cft deg4 r=12
2968146091,-1574258781,-8504084336,6683719328,7032030813,-5739107685,-2817745701,1918509990,533448314,-220721535,-31057822,-32100475,-998661,14663759,-848441,-2286486,292747,194004,-36345,-9225,2301,223,-75,-2,1 # cft deg4 r=12
6195911,-61125660,116453079,510389817,-2248489973,2980255359,-991788922,-1007313996,782291666,72365296,-197744128,7922417,34884439,-2669806,-4925663,461997,505255,-45273,-37504,2684,1937,-91,-62,1,1 # cft deg4 r=12
30267371,227649054,634797661,804997759,322440345,-408446370,-718131996,-508740283,-169525377,-923831,19271247,6899633,3953027,4002514,1917630,318830,53193,73163,30225,3312,26,300,128,19,1 # cft deg4 r=12
4312141,-1171152046,-1477467196,3024368068,6162025443,1600474435,-2772701561,-1816767625,-237128436,86259525,97306453,46978120,1075319,-5380326,-2469196,-151576,438057,67779,-44975,-5425,2716,183,-85,-2,1 # cft deg4 r=12
179634211,-159951541,-1270849519,-950172061,1241897125,2630893790,1915326119,333496862,-555990042,-494652821,-160106003,8578388,30266467,12489834,801295,-1018085,-133402,136358,45430,-98,-1589,85,118,19,1 # cft deg4 r=12
1063651,-3636546,7217869,-19430902,50656623,-61455810,-8238441,72149775,-27843256,-23573220,16170653,-5510800,2245524,572864,-646106,234564,-83573,9099,4395,-5655,1356,223,-75,-2,1 # cft deg4 r=12
-16498039,-10056369,80571840,80097392,-115964608,-187169353,27153470,177455631,55628713,-80694556,-48305897,20968796,20534602,-2236356,-5149726,-305850,734432,106577,-58657,-10367,2730,437,-75,-7,1 # cft deg4 r=18
-31280359,-367708918,-1628049952,-3637813245,-4383811100,-2488230959,251628732,1437132984,997785065,203610799,-160866417,-140590577,-36295564,8974365,8756027,1781670,-360174,-215605,-12398,10591,1827,-227,-67,2,1 # cft deg4 r=6
51959216,216997992,429447024,524921488,324718705,-146541215,-523567819,-476287296,-124210337,143950542,161312623,57691886,-9793553,-15805013,-3864950,1133245,716933,18344,-54995,-6726,2351,360,-63,-7,1 # cft deg4 r=0
18084011,169494067,475194719,161247758,-376836275,-343575920,84748491,203903124,26662868,-75048798,-28117177,17497991,11096407,-2415133,-2686115,149010,480088,45714,-43305,-6936,2141,360,-63,-7,1 # cft deg4 r=0
367301,1269912,-4461411,-15428137,13609670,30029575,55844751,71998609,46283608,12657552,6289613,5854031,1034377,11437,1977915,1926770,562293,-76566,-69210,-4471,3216,360,-78,-7,1 # cft deg4 r=0
1928336,-755608,-34125836,-11628922,191282515,265565050,117802346,-3792141,-15887207,-28772718,-27376432,1264656,11205097,2193092,-2079390,-628335,236198,86604,-18355,-6991,1046,325,-43,-7,1 # cft deg4 r=0
1,-38,374,12,-18874,94582,-14967,-1237262,4466565,-7211384,5222686,267826,-3059008,1515274,380479,-501472,44122,69396,-15070,-4792,1454,160,-62,-2,1 # cft deg4 r=24
911,-32688,389849,-1838708,1706396,10199402,-14946532,-28081212,18735360,28759266,-6577274,-9786874,841082,614564,-245851,120158,30317,-13694,2150,-122,-386,60,-2,-2,1 # cft deg4 r=18
-419,11524,-122271,633188,-1679917,2177920,-923866,-1656240,4858364,-6845730,4465373,816600,-3229656,1500344,416979,-525396,51457,72014,-16890,-4840,1581,158,-65,-2,1 # cft deg4 r=18
-642319,508594,8048129,-8250722,-25840732,31192290,29226219,-42751070,-14999096,30582780,3215838,-13627480,634974,3891404,-594871,-699556,161322,76634,-22385,-4840,1686,158,-65,-2,1 # cft deg4 r=18
4271,31782,-113976,-928148,721811,8003292,305243,-20300432,-2912875,21169516,2796286,-9847704,-851693,1913274,-14501,-120712,31157,-1584,-1595,-192,-176,60,-2,-2,1 # cft deg4 r=18
-97439,729544,1337732,-3236634,-1028788,3882664,-773796,-1768388,1079805,115048,-417491,219250,6995,-88058,50251,3020,-15869,5478,1280,-1246,146,94,-26,-2,1 # cft deg4 r=12
1051,-8786,11088,75008,-290623,550970,-807335,767032,47488,-1027846,843749,228512,-657345,200066,178657,-123246,-9510,26634,-3710,-2664,684,122,-44,-2,1 # cft deg4 r=12
104441,899544,1811444,-3383062,-14667332,-7485020,22997934,30688730,-1704101,-23755070,-8658822,8417200,5347199,-1569016,-1578371,131064,272272,2154,-28685,-1270,1826,88,-65,-2,1 # cft deg4 r=18
491,37032,84124,-1370758,1300746,9494712,-21891162,2734888,30288685,-20155264,-10765549,11761786,-10223,-1786086,173449,24468,22197,4926,-3800,438,-36,-10,-2,-2,1 # cft deg4 r=18
-11351059,15602114,4700982,-13549924,-375003,6896714,-637076,-4445278,5094560,-3116392,-469271,2532980,-1478865,-248468,591376,-146870,-85494,51038,-755,-5266,921,194,-56,-2,1 # cft deg4 r=12
-577403399,-441012818,1972719939,959137622,-2965669154,-509803758,2304455173,-222466582,-864536880,260402336,124649936,-73079264,6503092,5522724,-3103601,554328,108232,-67554,15875,-792,-756,170,-17,-2,1 # cft deg4 r=12
-93239,-445786,-129647,2017218,2531192,-2077300,-4765710,501002,4447468,580034,-2607531,-596788,1051660,273746,-302463,-75396,62135,13094,-8865,-1394,824,82,-44,-2,1 # cft deg4 r=12
34861,531884,1700502,962156,-3891223,-7207986,-2795126,3565702,3315445,-647762,-1537051,-32290,471365,51502,-108414,-16770,19701,3608,-2795,-496,321,44,-26,-2,1 # cft deg4 r=12
-173030479,297863344,-211929482,113565028,-89528433,70694970,-38794510,17854062,-9468207,5786134,-3792471,2328782,-823175,-94494,179672,3454,-55405,18044,4075,-3524,419,172,-44,-2,1 # cft deg4 r=6
-17538569,-79026246,-64893733,50271826,7137227,23277264,35432769,3622852,16123660,5086288,2692679,1913920,409385,485792,66251,57480,13461,6578,1940,214,251,4,19,-2,1 # cft deg4 r=6
-1049,-16546,-18041,497598,1312093,501840,-531271,466160,-432026,-2847680,-857637,2488900,1467029,-857396,-755031,114684,182917,-646,-23820,-1130,1721,88,-65,-2,1 # cft deg4 r=18
162821,907692,-2584766,-8874548,16037951,27346042,-43881662,-31636722,52686655,10669026,-24055399,-554574,4063497,-12986,-61716,-76402,-34783,9756,1135,788,-1,-80,-2,-2,1 # cft deg4 r=18
-6089,4294,248142,-563704,633367,-569256,99409,755552,-1015455,429188,84254,-122240,35125,-8418,5791,-7320,4441,948,-1255,-216,216,44,-26,-2,1 # cft deg4 r=12
1,-26,168,-112,-2213,8910,-22650,50342,-65852,36624,41969,-83828,-685,86776,-32438,-39066,20310,9454,-5505,-1254,719,82,-44,-2,1 # cft deg4 r=12
-6346619,-24902966,-32985968,-26251144,-31455703,-24191686,16192149,34040372,5807790,-15167382,-5916531,4459240,2576585,-850678,-695749,102190,126816,-7062,-16330,-156,1306,54,-56,-2,1 # cft deg4 r=12
20013421,-113918748,130178749,332783692,-849697829,321392192,712089548,-712876792,-36423060,320149806,-118432059,-23872624,23368492,-6185036,2054599,-581852,-8973,16946,-2740,2948,-371,-30,-17,-2,1 # cft deg4 r=12
-27205709,45003744,-54128832,50201098,-29117488,2640620,6710040,-2620308,293083,-1102356,1535369,-1041018,414285,-74614,55107,-64656,20965,4394,-1630,-1354,454,102,-44,-2,1 # cft deg4 r=6
7310311,247403704,162333092,-4689794,3422922,-57728556,-46997376,-29205678,-14636125,-5158002,-3782146,-586200,-435865,-15828,-30279,12120,2576,1958,1065,214,146,4,19,-2,1 # cft deg4 r=6
491,6474,27538,44068,27352,76930,192895,-45038,-635537,-625136,215394,656842,179120,-263754,-150833,49864,48590,-3256,-8400,-284,824,52,-44,-2,1 # cft deg4 r=12
631,984,-14423,-13484,85192,4874,-160246,168932,-40440,-186582,34044,191810,4300,-73148,-28079,13030,10521,-682,-2080,14,286,24,-26,-2,1 # cft deg4 r=12
-18973709,-16400326,-25749782,-27850512,-20071213,-12246840,-6904505,-3251848,-1675527,-1434296,-223486,326432,87735,-87214,-38063,34044,24185,-996,-3485,396,594,32,-44,-2,1 # cft deg4 r=6
147654011,-57770886,-242305373,196101566,-148061488,132232894,-58384871,35515202,-10287480,3299048,-14676,-477000,300150,-210708,99151,-55360,20846,-8962,2955,-976,286,-66,19,-2,1 # cft deg4 r=6
-10576649,80227604,-134034903,-6381484,136873967,-94576696,71899164,-55732248,33094390,-19310602,9989269,-4843600,2087530,-946828,358711,-125220,46011,-14982,4460,-1116,391,-66,19,-2,1 # cft deg4 r=6
-200954249,-413998716,-442325417,-286948792,-141317128,-45804770,12397120,17926372,-5695102,-13314906,-3243846,2707902,1071690,-598564,-338993,64074,59395,-5406,-8070,186,804,32,-44,-2,1 # cft deg4 r=6
2494785721,1837247814,1430867707,-11003954,706318222,-152831176,159127524,-20363138,23579730,-25382,5910729,-407480,1910350,-337798,475891,-91980,78391,-13362,8795,-1206,676,-66,34,-2,1 # cft deg4 r=0
28001,-183183,162550,967190,-1373199,-2271577,3502474,3213966,-4602630,-3080329,3543404,2067009,-1657523,-954114,464249,290745,-71912,-55552,4504,6188,188,-350,-36,7,1 # cft deg4 r=24
7347516541,12522661510,8547868389,2691623494,-46096705,-579654098,-66927495,240082079,230885040,173474116,140659097,95197316,49761252,22464538,9672330,3872648,1357101,411707,109307,24753,4766,777,107,10,1 # cft deg4 r=0
-18269,-402706,2034804,1675303,-14053817,3240530,31851339,-18358195,-32120826,25741230,15600973,-17040980,-3178026,6090584,-104281,-1224941,161442,138524,-28565,-8405,2236,238,-80,-2,1 # cft deg4 r=24
129574271,-107568305,42089184,116343864,388174335,-341892693,140396685,-36169876,97627440,26610371,37820942,14493371,14043997,6373393,3229635,1177578,563931,204612,68777,16703,3891,637,107,10,1 # cft deg4 r=0
281,-7553,54640,-35315,-715754,1205813,2589009,-4225984,-5235015,5867736,6647684,-3535476,-4932193,538881,1920199,291760,-338977,-115402,17384,11998,388,-490,-51,7,1 # cft deg4 r=24
2327078251,-2787103380,1026475664,-185148516,146934875,44890697,-1074505,19007939,-6251370,-5167109,3095167,362716,2179697,318078,876760,319938,167031,61427,32377,9633,3086,567,107,10,1 # cft deg4 r=0
4691,-26436,-362361,1252873,2227158,-12750265,12190499,11809950,-25976811,4952515,16535318,-9617525,-3969181,4408549,59354,-959496,142387,109969,-26755,-6565,2091,188,-75,-2,1 # cft deg4 r=24
681926911,2303295780,5621204719,7792869014,8082356425,7109650532,5437464090,3700614294,2268896190,1260003546,648541577,306990331,132686437,52583263,19398375,6665508,2051431,551812,131637,27833,5081,777,107,10,1 # cft deg4 r=0
71,-492,-1850,4860,16655,17363,12419,-8976,-32368,-35930,-31753,-15854,-1039,4593,6531,4573,2065,444,-258,-340,-229,-68,6,7,1 # cft deg4 r=12
-5582849,-2936684,34276922,38644246,12536608,-24994185,-54683473,-8669916,30148762,16077592,-6124227,-6228328,-707098,1140257,531030,-60473,-100991,-14651,9153,3044,-277,-234,-15,7,1 # cft deg4 r=12
-73639,-544329,-367793,2589451,461958,-4712980,3317582,3218884,-5372213,427832,2585033,-1312578,-260008,437142,-117065,-39963,27494,-441,-2712,314,283,-94,-15,7,1 # cft deg4 r=12
-308069,-13985967,-9861595,96627785,-39077400,-105468507,49727994,61728469,-28004613,-24840045,11136502,7385981,-3283444,-1860242,691516,389923,-88585,-59791,5062,5820,121,-313,-29,7,1 # cft deg4 r=12
-11286799,51312481,-29754268,-129250199,159367943,36774460,-70362413,-74184486,75104707,19178792,-35718022,6812947,3586702,-689533,-746640,223467,83479,-35416,-7832,3584,663,-239,-35,7,1 # cft deg4 r=12
74621,-92102,-1078655,-1314745,1250915,4842783,5222549,1188344,-3199163,-3854705,-1386498,843591,1152121,413723,-114694,-161127,-46365,10239,9897,1600,-519,-218,-9,7,1 # cft deg4 r=12
841,-19372,-54310,265435,117965,-965082,992729,-384031,-339908,758750,-423263,-108094,239566,-66862,-55999,32073,6170,-7681,62,1320,-29,-148,-9,7,1 # cft deg4 r=12
-41579,72761,1402802,3499586,3776878,1952260,429812,711489,1286592,651997,-126137,-262583,-156198,-64573,-2575,14797,7984,2699,218,-336,-177,-64,0,7,1 # cft deg4 r=12
-277313099,-399752094,-245166110,-56622783,-94856307,-229991790,-219143386,-93230487,-17387013,-24644550,-38718183,-26064570,-8288644,-905667,-130389,-249018,-74284,33663,25221,4256,-833,-392,-28,7,1 # cft deg4 r=6
-231349,2931287,-4846028,-28310841,-7801040,61919038,70944670,-18696663,-80926930,-29634179,35702619,25664739,-6443933,-8777992,20694,1614528,176218,-171386,-29219,10398,2159,-328,-76,4,1 # cft deg4 r=18
44521,-703263,322752,3493074,-6295510,4279983,1269570,-5979863,2885505,3813456,-3470336,-2553581,3817132,292443,-1635481,159128,328678,-46896,-35419,4898,2154,-228,-71,4,1 # cft deg4 r=18
-1356187069,-257730839,679320529,1306749508,229410104,-407235178,-493643514,28277051,157333313,51976472,-17479261,-19340013,-4270203,3079286,1672824,-99251,-280335,-31487,24535,5782,-1120,-419,12,13,1 # cft deg4 r=6
3435391,8578877,-22672808,-86990466,-46246400,98330023,99120400,-49392043,-83394395,9276536,43444154,5484519,-13825598,-4347717,2365999,1235028,-156702,-172056,-7559,11898,1594,-368,-71,4,1 # cft deg4 r=18
1318871,-4340744,2806264,-4255747,1023869,2263317,-9202319,10205116,-10659687,8269522,-5711876,3113572,-2057258,1156281,-509006,96889,-11185,3863,-6440,1092,350,-209,12,13,1 # cft deg4 r=6
1699741,-438653,-17087838,7733139,53203400,-38326142,-58150240,58821337,31685080,-45469859,-10134991,21152399,2109507,-6673932,-573186,1378488,179578,-163266,-28519,10398,2159,-328,-76,4,1 # cft deg4 r=18
-58822099,-555108799,-2072351120,-4472301883,-6925233112,-8202188155,-7868033096,-6234729522,-4142778353,-2364746615,-1174773628,-504873705,-185382974,-56443002,-13046299,-1611708,368431,327663,109746,15421,-1428,-777,-63,7,1 # cft deg4 r=6
11,-518,-10323,97947,275899,-935597,-44718,1880327,-1247318,-1283191,1870635,2248,-1110305,383025,305371,-182461,-37468,39291,711,-4524,301,275,-31,-7,1 # cft deg4 r=18
62591,795548,3034322,-1060704,-6342356,717443,1332196,1222267,1175205,-166469,-328453,-320936,-104239,20206,13272,13384,1430,-1797,-494,47,219,9,-23,2,1 # cft deg4 r=6
57541,345241,560661,328414,854006,-518612,186938,-905209,474596,-143245,273911,-259705,149604,-99964,55208,2718,-12155,-6763,9656,-2611,-382,268,-19,-7,1 # cft deg4 r=0
1306901,-3544289,5854831,-7001156,6128361,-6289237,6569783,-6696224,5766111,-3301450,2309841,-1621140,991384,-598824,231503,32733,-96740,31687,8881,-5791,98,338,-34,-7,1 # cft deg4 r=0
685861,539581,115216,-1056861,-423569,431078,509393,-149334,-359449,106010,196961,-79565,-83256,39786,26823,-13712,-6545,3547,1111,-681,-112,93,1,-7,1 # cft deg4 r=0
1259231,-2700214,2256166,-2148501,3349961,-4202152,2643098,-358964,576656,-1250330,518281,410300,-424571,-35109,195453,-59267,-31615,18507,1921,-2681,108,198,-19,-7,1 # cft deg4 r=0
5096291,107655221,-156897473,-1409549050,-761283405,3727262618,3349006828,-3382196817,-3230598960,1301977827,1107766357,-251732199,-139515059,45084885,6248193,-5764655,156316,372905,-46102,-12148,3277,264,-83,-1,1 # cft deg4 r=12
3064951031,3927141080,-24133453481,-24124926054,47878296015,43091429298,-30878073335,-29479337344,8734892725,10104978794,-1322285798,-2067137126,131422327,273062192,-11616800,-23859448,1024941,1372448,-72933,-50138,3386,1058,-88,-10,1 # cft deg4 r=12
2550031,-16990031,23791055,29319796,-13841605,-20986844,-5252152,38295041,-1686652,-25747597,-293295,15560015,22873,-11120303,6562109,-464493,-813868,244949,23130,-19202,1041,606,-67,-7,1 # cft deg4 r=0
547481,-263316,509695,-683909,753285,-83369,184283,-197104,-251392,396388,-30350,-142110,-18682,47072,22839,-25208,-4353,7909,395,-1457,16,156,-12,-7,1 # cft deg4 r=0
47633321,-436779398,1182028971,-156808062,-4068506517,5792888016,-311658540,-5156049770,3230957527,1258524244,-1774668135,83685818,415753826,-75517804,-53524770,12391644,4207282,-980922,-210719,41592,6656,-906,-122,8,1 # cft deg4 r=18
-713181839,-1414718868,-2434015846,-2183559844,-1617585396,-1178890938,-736399166,-792704308,-692540058,-570643400,-301369205,-75354966,14679710,18980472,8820074,1545574,-755728,-406246,-21892,23952,4091,-430,-135,2,1 # cft deg4 r=6
65154371,132625176,298441226,89595784,-155923444,106493916,190448502,-183993304,-46033880,116991828,-20863186,-43244788,16188342,10716612,-4681454,-1820724,802422,221088,-74990,-15024,4179,420,-108,-4,1 # cft deg4 r=0
172134058601,698384942588,-896636365530,-804510082030,1007703786301,328489531362,-512477865271,-51241098796,145975857920,-2198585836,-25669626116,2063293976,2939996267,-347624796,-226312296,31157460,11885863,-1682538,-425101,55052,10078,-1010,-146,8,1 # cft deg4 r=18
-12979973189,73283884576,-134302060142,140897418302,-120808060568,90917387660,-49985177905,16412606708,-1127451137,-2107725934,1293841844,-270082312,-80254580,70981134,-16757903,-3256644,2748530,-176984,-188565,19974,7894,-402,-149,2,1 # cft deg4 r=6
7632871091,-35154915884,71604328286,-81505303884,58688897230,-29006690400,5268282364,10412053568,-9801930767,942391596,2363405172,-797176568,-250058163,151070976,8752400,-15132660,747198,893472,-100400,-30872,4891,560,-112,-4,1 # cft deg4 r=0
154514651,-838761264,2346162326,-4090695456,5036435516,-4717318044,3377496482,-1679115064,350851630,310804088,-400425606,198978892,-8286878,-44404968,20375226,39676,-2601998,623688,72860,-48344,4009,840,-128,-4,1 # cft deg4 r=0
6024337091,-19414711384,20881559166,-2126235924,-5314743660,-22831104160,58768932824,-62947052312,37041334733,-10160636244,-1483905058,2221287752,-613458033,-61094044,75421780,-12227780,-2750592,1130992,-23410,-40312,4281,660,-112,-4,1 # cft deg4 r=0
524521,-101217694,876656443,-1659292878,-1829220818,5833280600,254362175,-4385493882,-48048147,618347166,-171086061,199103718,111789155,-70559176,-26895883,8739196,3253395,-545414,-215110,18464,7729,-322,-139,2,1 # cft deg4 r=18
-944420040439,-780190058936,-133019880240,-352105906468,136764011242,-66017592576,29056273742,-6416792152,1132300508,1203776736,-87064836,141264204,-54752045,21174220,-4744740,3521680,-1274480,47852,103638,-27320,464,804,-94,-4,1 # cft deg4 r=6
848851,4886156,15814346,31240896,39592265,29387900,8447164,-8318072,-11243127,-4852944,2641392,2910192,935522,-890744,-679990,133300,191438,-3688,-27670,-1712,2111,180,-72,-4,1 # cft deg4 r=0
85321,249796,1108336,1905656,3831355,3030700,2618644,-626632,1322143,-2525864,671812,-376328,114942,186236,104990,-140460,-27802,44272,-2100,-5432,881,240,-52,-4,1 # cft deg4 r=0
417307841,-105225804,1568716096,1380127416,41041195,-2748247380,3128877764,-937698312,-1383391937,1220032296,107508012,-411613768,54650742,73708396,-17083370,-8085740,2303678,565152,-168100,-23192,6761,480,-132,-4,1 # cft deg4 r=0
179659171,121965116,997903986,-244224064,591707985,-792955540,241416884,-292505752,254271033,-6992384,841592,-33763088,-7148078,13987096,2408650,-3657740,-53202,468712,-41030,-26832,3991,580,-112,-4,1 # cft deg4 r=0
3971325376,39778509760,-218642452848,337527396848,-117109649548,-196193247080,205111649022,-17059864704,-68160887835,30502998148,6143107578,-7305667600,737512529,734140596,-185995344,-32786996,14781166,460256,-605988,11288,14087,-440,-180,4,1 # cft deg4 r=18
99121091,7723880172,-27891985858,15331358422,7679493799,-13342280532,13896451337,-9528946048,3693018482,-806976436,-57296725,171058008,-68721730,1011400,8340531,-2627416,-95038,214656,-23139,-9244,1801,220,-61,-2,1 # cft deg4 r=6
5957776,27694720,94380664,203516752,308660756,297648544,185438194,32109320,-63997441,-62992992,-21620830,7835336,12046090,2719956,-2132980,-966280,218895,136716,-16662,-10480,1044,436,-46,-8,1 # cft deg4 r=0
6770040976,-19336668000,30261713424,-33515047248,27380147256,-17401881896,9655713454,-5416095640,3174731479,-1392169912,6246810,428288936,-207442750,-4218684,31620020,-6473560,-1831245,743956,23998,-37040,2004,876,-86,-8,1 # cft deg4 r=0
17988496,45234720,32923824,-9371408,643896,14526904,-10032546,-5973560,14995239,-8986632,-6575230,10624936,-638310,-5268204,2659780,281000,-554325,100196,35198,-13680,-36,556,-46,-8,1 # cft deg4 r=0
3995694736,-12315112320,13287830264,-9764614448,28699597076,-70980576736,94389423034,-73055699960,31016059799,-2842505472,-4281197590,2199631656,-186023110,-203211484,73681260,-367240,-4988705,861116,111138,-46000,1164,996,-86,-8,1 # cft deg4 r=0
16434736,-31878944,1399344,43243568,-28389056,-19974160,31557482,-3000992,-16404255,7252332,4899034,-3805984,-820999,1165716,41564,-238668,15250,33248,-4228,-3080,539,168,-36,-4,1 # cft deg4 r=0
7455536,-14424864,7135064,5817648,-8475236,913640,5510002,-2798912,-2122685,2076252,327304,-1064704,131471,394376,-83476,-111788,25820,21368,-5058,-2440,589,148,-36,-4,1 # cft deg4 r=0
46766896,50954976,81657944,331799728,538023804,355119880,156070122,111095648,10705755,-77143428,-34955496,22701536,16898071,-2633544,-3837876,31572,549300,36728,-48258,-4680,2549,228,-76,-4,1 # cft deg4 r=0
4092976,6271456,21111504,43081968,47463744,13310160,-12235318,-11097472,32591705,67233212,61543514,29638816,1663641,-7067164,-3481436,248692,599770,49488,-51748,-5800,2619,248,-76,-4,1 # cft deg4 r=0
66137776,81222976,-23233784,-73945696,-4650084,43245776,67403002,59227496,13047715,-25963892,-19342416,5279392,8678607,13912,-2147424,-226164,333932,47208,-33270,-4584,2029,220,-68,-4,1 # cft deg4 r=0
871681456,-6127061344,20629498392,-41924097840,55543688732,-48014604072,24851950138,-4532095088,-2533259189,892205628,1166607720,-1031537488,217655567,115698072,-81660780,14127596,3733836,-2138248,308974,24720,-13147,1204,76,-20,1 # cft deg4 r=0
60714896,-145144384,177992696,30590944,-6312044,45072176,95173022,182760056,183173445,135532148,100829374,42395072,-13284883,-19020188,-2447184,3029916,916222,-197312,-100400,2936,4899,160,-108,-4,1 # cft deg4 r=0
195092656,-641284064,1660646192,-2079363440,1076502592,-74930832,107392618,-341182128,110224801,144444508,-94424390,-25247248,35397377,-2280468,-7301780,2233916,592706,-445848,60324,15440,-5517,264,116,-20,1 # cft deg4 r=0
-96687256784,-81991489248,1582387803280,-1778472864464,-2611721542288,6208036381584,-3246469515980,-1687332734432,2703405008088,-1024864221612,-122642070928,222049214308,-63322591893,-455322162,3829665501,-615399790,-56237748,23552274,-753603,-362126,29540,2474,-295,-6,1 # cft deg4 r=24
3803173667534281,-1476886712052184,1262083756280764,-333305158211832,148669855805019,-24458839542448,9400945269456,-1373377396444,660117905998,-109639004248,35423878844,-3016477008,813268767,-115958544,84043224,-13680516,381950,373928,61860,-27968,1435,496,-8,-12,1 # cft deg4 r=0
55682740921,-74908711576,343644630348,-345677578552,212701369387,-135198292240,65823475600,25293469732,-46807762882,8556782504,9884449964,-3504065808,-1067135345,550015696,61729752,-48639236,-1392370,2621224,-45580,-85504,3979,1552,-104,-12,1 # cft deg4 r=0
-533434203229,-5960742756074,25317760557591,-31030604972118,1765523697959,28763887343176,-26101647609084,6389042849284,3653968966587,-2829398482690,465082089605,177619489498,-81662213100,4056917546,3706517261,-679677342,-49314783,23237852,-741648,-351556,28021,2430,-285,-6,1 # cft deg4 r=24
1855679801,4507025832,4617639120,622832600,-249887525,-428949008,-685245796,-881161484,-75230498,556988040,231372032,-144884256,-91891809,25913072,19502916,-5042148,-1868930,581576,77272,-34400,-629,1008,-44,-12,1 # cft deg4 r=0
28178980657571,-24341765437576,25662436588990,-15221110609352,9423704963733,-4311014786380,1983891215244,-743457717788,277122912752,-87733336320,27469210282,-7423380960,1981091821,-457781108,105322316,-20905412,4229356,-732848,136606,-22096,4177,-668,112,-12,1 # cft deg4 r=0
10066269761,16200981856,-118911344662,-246186370508,224105989249,685584175956,76017248146,-481102159652,-108176131078,166699892544,30706031698,-33262637532,-3354305471,3846338516,123551202,-259100508,3556022,10200496,-439726,-228292,14189,2644,-198,-12,1 # cft deg4 r=24
55721,-2361256,26266190,-116219148,201419134,-38020776,-296170654,290134100,77143103,-234190544,57549260,75041000,-40291500,-9099600,10109420,-389288,-1238297,212440,73014,-21052,-1426,856,-30,-12,1 # cft deg4 r=24
126057931,-3317561136,8932543260,12775678212,-26866016271,-13253239456,30688194936,3917299260,-17140797392,940272136,5196367980,-820640060,-907923115,207482200,92576260,-27150108,-5215812,2011320,125744,-82932,1069,1696,-100,-12,1 # cft deg4 r=24
-1844512879,-2746768426308,10251085492584,9945865740988,-2853922481649,-1220329099088,98357555674,-272837244852,187661696486,-36306407828,5665167524,-1137790852,-659865429,397792072,-71801806,8445588,-1002574,-644748,323264,-36572,-5629,1592,-66,-12,1 # cft deg4 r=12
-246093829,-1005594568,366814224,115423188,-956562499,3094490312,2581386504,-3353731972,-2648491464,1541024272,1198710424,-430730092,-293106319,84807472,41586244,-11868412,-3320004,1084272,124164,-56772,-479,1432,-76,-12,1 # cft deg4 r=12
-8750125,-41144500,-60547750,24242500,192047575,193741300,-92479400,-286644900,-85785220,160644180,90593830,-50808380,-35078089,11439108,7339516,-2018140,-869800,254588,53574,-19572,-1165,780,-24,-12,1 # cft deg4 r=12
-414984944,11506548096,-23491679872,11036593792,5751506784,-5932321504,1365564256,522218688,-608319768,25525024,173763448,-23658192,-43145416,11116896,6091672,-2142288,-521028,237056,25644,-16392,-346,624,-18,-12,1 # cft deg4 r=12
-12765125,-81100000,-156407000,-37441500,236431425,172153400,-318655500,-399182500,194991800,481613480,72424840,-212857180,-66942419,49580448,16563016,-7530140,-1876860,770808,88964,-45972,-275,1240,-64,-12,1 # cft deg4 r=12
30465931,93347212,-99872626,-319716012,-236416649,225649132,749200764,-76214372,-777117764,-20016828,497421514,-10215372,-184460769,21030572,35647944,-6775932,-3509464,942572,140514,-57572,-269,1412,-76,-12,1 # cft deg4 r=12
23347990619531,-15850555023148,18406533374814,-9611036192612,6281719097676,-2697186507068,1293292060294,-479282694492,186402454211,-60733541528,20044052564,-5755081912,1620207016,-403213128,95514844,-19933432,3864481,-667708,102814,-7172,-1844,452,14,-12,1 # cft deg4 r=0
68003209136,-138660341632,166128279968,-128327306752,73402048656,-33039632992,13065859904,-4375436096,1311547744,-421426352,182394488,-74256336,28497064,-10639856,3496928,-691552,73304,-45296,30804,-5872,-604,268,18,-12,1 # cft deg4 r=0
41265978625,38643828000,-13984232750,-5333336500,9216543350,-8165823400,-74368050,2287061300,-1616954465,384440320,228846660,-175548360,56379796,-45232,-9971644,4465720,-667345,-274112,159034,-20452,-3530,1080,-34,-12,1 # cft deg4 r=0
539985611,2390239764,213717210,-10319017948,-6750519101,16337230804,11823107996,-12899373380,-7899701732,5874487036,2631793750,-1642179100,-475727845,286847780,46391440,-31073948,-2122152,2036100,8134,-76852,2959,1516,-100,-12,1 # cft deg4 r=24
-911039,-5971016,29721790,139917812,-214140706,-482847816,657412746,543932980,-894256417,-158170544,558110300,-73871800,-157579420,44938000,21939660,-8910728,-1489457,872920,35094,-45212,1054,1176,-70,-12,1 # cft deg4 r=24
222111534641,-1036426008624,969090157858,1373280470132,-2254481304711,-190844733564,1479292866386,-278095390692,-461371194198,143708895184,79021063258,-31488342812,-7650115431,3794299076,386213042,-266503388,-5959898,10832096,-282406,-242052,13349,2724,-198,-12,1 # cft deg4 r=24
-1885721959,2272584416,14013467658,-5464450028,-16357708746,10949716816,752436086,-3224803532,2234973807,-969308736,-35158732,374547848,-170047756,-17368064,32115252,-5000968,-2332793,712576,66514,-39932,214,1104,-58,-12,1 # cft deg4 r=12
449251,34031352,101710264,-54408812,-263975699,25814072,339335544,-10237092,-355288464,-27380528,210591944,10017588,-71849559,1959472,14583844,-1658172,-1668644,335392,89164,-27172,-1399,952,-36,-12,1 # cft deg4 r=12
-260125,1725500,1998250,-7593500,-9997025,-9695900,24514200,45952700,-49658940,-41506380,47875310,13730820,-22758209,-700492,5780276,-625180,-804600,164108,56894,-17172,-1405,780,-24,-12,1 # cft deg4 r=12
13355162895481,-29970973268628,10629152832984,13358337196988,-7758670154249,-341522961568,945719770434,-177867267252,-65454513514,19782801772,6521727764,-2084489732,-133240629,195600072,-1939006,-10033132,50066,572052,-75736,-19772,1931,872,-66,-12,1 # cft deg4 r=12
16209875,16196000,-673270000,956126500,752245825,-1990571800,344740900,1321931900,-675481520,-375247640,329242360,36743620,-82549019,5645728,12187976,-2138780,-1079580,284968,53004,-20212,-955,760,-24,-12,1 # cft deg4 r=12
75896011,-1618950148,-4651365426,16179067188,-8100203649,-14338270308,14956292444,3309626428,-8363885964,689487172,2402281234,-538908812,-397065369,129074972,38060944,-16484092,-1960344,1230972,33914,-53572,1411,1252,-76,-12,1 # cft deg4 r=12
17215654931,7258825788,22244496898,5042651788,12709221116,492644188,3301456474,-818270716,663294419,-190388232,121463468,-54859576,23638184,-8993656,2762308,-369112,-9911,-29236,23394,-2292,-1444,348,18,-12,1 # cft deg4 r=0
20832728484656,-9272163976448,13327101773664,-4696149562112,3713923840176,-1085149564768,622939707744,-156508310592,71140816336,-14915092528,5716724264,-987280912,345510216,-47030128,15141344,-936832,396056,-63008,50564,-8672,256,252,14,-12,1 # cft deg4 r=0
6094593625,-51528420000,182591378250,-319225216500,280072571750,-87621084200,-40854206450,39604694100,-5123171505,-5152945760,1687008340,426771480,-246343724,-24584592,29161956,-873320,-2325625,336608,100434,-26372,-1370,920,-34,-12,1 # cft deg4 r=0
841,0,944724,0,12528429,0,-21285700,0,10514230,0,-577896,0,-1841179,0,1529596,0,574450,0,67660,0,3669,0,96,0,1 # cft deg4 r=0
1906975316,-715946824,1703875988,464842328,1000645578,-234578280,230192986,-139557660,74004769,-42731264,20469916,-12104088,6890052,-3472912,1847410,-806396,339035,-120288,39772,-10952,2700,-552,98,-12,1 # cft deg4 r=0
61113278521,0,216065187226,0,291584750009,0,203643959330,0,82856509330,0,20757672206,0,3285676241,0,331181394,0,21051390,0,818090,0,18329,0,214,0,1 # cft deg4 r=0
63617183801,145228131660,145397690160,50703654196,1571513032,31536163388,22968157120,-1306548796,-7591689760,974553996,1045901096,-1313426420,965610598,-438869196,178218640,-52340916,14957624,-3142748,677488,-102692,16960,-1740,216,-12,1 # cft deg4 r=0
2631792601,0,-5527810582,0,4979192881,0,-2442452140,0,652678590,0,-65968982,0,-4511911,0,-147932,0,221090,0,31610,0,2081,0,68,0,1 # cft deg4 r=0
1581593900,-4637983800,5970300860,-3829785520,762638076,1215483220,-873623662,421991316,45120437,-54524200,52865796,-10094928,1703938,1679420,-390354,-69052,108755,-21808,-1064,1488,-18,-164,70,-12,1 # cft deg4 r=0
93421481,-63413040,-14430898,39796200,36091931,7423100,-3690340,14441200,13114650,3413800,1624502,894120,2062499,494100,527232,77200,151110,14600,24450,1400,1971,60,72,0,1 # cft deg4 r=0
362882945,259916320,332200630,324381940,156894816,156380512,101513494,42349908,28545352,8399632,1625294,1645068,-408638,-175328,88434,-65572,8512,6272,-5766,1868,72,-208,74,-12,1 # cft deg4 r=0
229441,0,-147322,0,-761714,0,2379690,0,5526795,0,11090268,0,11432424,0,4662788,0,843635,0,78030,0,3866,0,98,0,1 # cft deg4 r=0
11696400,35294400,150251040,323011200,327435136,181253120,76189568,42391456,25844532,9041280,3061776,2542592,262888,157840,172416,-80112,79855,-40088,18756,-6412,2067,-504,100,-12,1 # cft deg4 r=0
123765625,0,946093750,0,1827181250,0,1592206250,0,804256875,0,263147500,0,58754000,0,9137500,0,987675,0,72350,0,3390,0,90,0,1 # cft deg4 r=0
2092400,-16680000,30119200,25219200,-39962240,-12871520,19042960,-6414240,11150596,-10036704,6359408,-5351088,3354636,-1635624,909340,-451664,176219,-67148,25030,-7532,1941,-476,92,-12,1 # cft deg4 r=0
160801,0,4730996,0,35014249,0,103674800,0,143743050,0,102577936,0,40240181,0,9083164,0,1210250,0,95600,0,4349,0,104,0,1 # cft deg4 r=0
162962921,275699160,355074590,199853516,148049292,75098248,85402970,27272484,15922820,-12301144,1047366,-4435260,2299558,-1240336,721170,-334036,173324,-64528,26158,-8172,2520,-560,106,-12,1 # cft deg4 r=0
729088400,-401211200,577884000,-837776000,664401280,-240275200,505355200,-104061920,114053316,-71712544,16499408,-18095968,6275696,-3231424,1569480,-610544,275639,-87808,34500,-10012,2991,-616,112,-12,1 # cft deg4 r=0
2915585837456,8349263118848,11379166056384,9491667965312,5148558829776,1701001617568,173746419344,-143894184448,-90056882464,-25905353872,-3568874136,98106912,113501196,12816528,5110544,4619232,2160156,599448,131664,24472,5006,848,134,12,1 # cft deg4 r=0
18526143625,9793998500,-43527216550,-16890370900,57265820245,28932047040,1233630240,-1973437960,675836471,622233760,280929788,111161120,39568758,10733720,4067896,1614120,536415,140860,33546,5140,613,40,8,0,1 # cft deg4 r=0
7912720,21794880,390880,-22924160,12636416,17277952,-6023936,-4457952,1516132,2589472,-2504896,758368,362752,-644368,556704,-352752,174247,-71648,25744,-7932,2047,-448,84,-12,1 # cft deg4 r=0
683120,5560640,19607840,35440640,32424096,14346720,3611248,804576,2222212,1128160,-326144,138672,78228,17720,21196,-23792,8075,1812,-254,-1052,837,-324,80,-12,1 # cft deg4 r=0
695640625,0,3706656250,0,7871831250,0,8654493750,0,5418866875,0,2021542500,0,460068000,0,64640500,0,5610675,0,296450,0,9150,0,150,0,1 # cft deg4 r=0
61282364400,-14910091200,44953639200,-56988748800,77724398880,-63194148000,46921569840,-30728674080,17185702436,-8719917984,4042810528,-1678616528,640961716,-222199784,70684860,-20232624,5363459,-1247548,272050,-49692,8661,-1156,152,-12,1 # cft deg4 r=0
143039201,-102591664,213883682,-226290364,-59745246,173771752,-32343330,-54135524,24880495,7667904,-7207212,310632,1104716,-301040,-56588,51304,-9265,-2384,2170,-364,-126,72,-2,-4,1 # cft deg4 r=0
110641,-1362148,7228122,-22444568,48189389,-77973792,100044882,-105535688,94142852,-72731256,49633940,-30372912,16831460,-8479940,3885596,-1612996,605242,-203764,61446,-16264,3776,-720,114,-12,1 # cft deg4 r=0
20512831,143864824,888910164,-693518860,-79052143,385304984,-63361688,-101005156,59209088,6568224,-10092028,911036,1827957,-442736,-90108,70116,-712,-4544,1512,76,-103,40,4,-4,1 # cft deg4 r=0
2059511,-12346616,44074718,-103790376,183483287,-252050948,285500794,-273235476,225939986,-163037976,103727674,-58641196,29715356,-13594220,5656258,-2150500,751757,-240564,70356,-18240,4163,-776,120,-12,1 # cft deg4 r=0
121803775,-350762100,368367750,-146194700,-14300685,41399660,-29445560,4132460,13145796,-6183988,-2958574,2127388,354235,-439988,17108,46804,-7692,-2884,1298,-324,19,44,-8,-4,1 # cft deg4 r=0
3271,-14376,12728,71320,-140705,115320,36638,-354828,763886,-959332,763674,-299516,-106514,272760,-219934,101604,-14955,-15068,15006,-7408,2537,-604,108,-12,1 # cft deg4 r=0
46042145,-269660320,776644350,-863525460,308317106,-14555384,150662866,-125969204,-21658873,21592736,16165836,-4302584,-3274668,1001616,260076,-67464,-21833,4576,3686,-1204,-118,136,-14,-4,1 # cft deg4 r=0
303601,1172528,2252640,3007472,4412389,3863460,2007598,-3904104,1700032,-4361976,3637932,-1585088,582806,-280588,197912,-64636,23926,-12496,9226,-4512,1796,-488,102,-12,1 # cft deg4 r=0
5920400,-51497600,192760160,-397444800,481086736,-340303264,150398976,-90118304,89965672,-46559584,-2077624,8540496,38552,-117104,-289224,14896,58592,-4784,-2004,-344,102,96,-14,-4,1 # cft deg4 r=0
43956161,23297948,119761670,129128752,92971699,91717480,32434708,6366936,27454007,-18613276,14703712,-5673188,1935936,140932,-391368,294164,-96479,16904,6576,-5052,2096,-528,102,-12,1 # cft deg4 r=0
509147536,-807403584,271659072,295666816,-293884656,70460992,39243520,-42756384,17093960,1839744,-5470872,1954992,273856,-375360,85832,7904,-10360,3576,-180,-304,34,32,-2,-4,1 # cft deg4 r=0
9481,-100548,526452,-1708248,3796369,-6117972,7552992,-7597328,6640457,-5368116,4166800,-3064772,2058850,-1250540,705356,-379396,193237,-89564,36296,-12004,3296,-680,114,-12,1 # cft deg4 r=0
53624761,23247768,111825912,72650152,139940135,35228776,59627732,4659620,5154198,-7611056,-1762640,-2256344,-96889,-73272,150192,12460,19782,1496,1644,-544,63,-32,0,-4,1 # cft deg4 r=0
2979321991,8582964048,13295144202,9667087672,7010409885,3174143716,1900788552,663097700,262808828,-27050616,-47566130,-29114344,-5310499,1666348,1178772,399900,-8628,-16344,-5346,-944,253,-92,40,-4,1 # cft deg4 r=0
1348751,7642448,18773522,23735512,10286285,-17083004,-34282848,-23032380,4526388,21865064,19670390,8844696,1515821,-233012,17532,94780,15812,136,1974,-144,-67,68,0,-4,1 # cft deg4 r=0
10277921,-41447912,124022392,30839272,-184501905,76792136,516685372,599415620,400299438,192719984,65798960,12819976,1614831,1368328,1413592,805260,174622,-20744,-7076,1056,-377,-32,40,-4,1 # cft deg4 r=0
274826191,-676693336,1197242674,-1573116232,1745859180,-1615134412,1307487194,-929457168,592877510,-340972720,179133538,-86050084,38204634,-15628392,5933942,-2077700,673870,-200264,54796,-13464,3005,-576,96,-12,1 # cft deg4 r=0
992071,-13391856,50069994,18105648,-91986260,90748908,-36046626,-43291648,88689780,-86679460,62770638,-36660484,18246774,-8092812,3256862,-1206500,413010,-130984,38786,-10624,2615,-556,96,-12,1 # cft deg4 r=0
882817711,-3549991456,10833174674,-17765642672,19915689540,-13263835812,5767290654,-1233255968,-356426180,594358380,-289052642,114314876,-10447226,-7217212,8881022,-4141060,1714890,-515384,143946,-31104,6295,-956,136,-12,1 # cft deg4 r=0
262555151,549738984,-477626126,-711839752,1321833260,365905028,-883678566,301182032,338451750,-120744240,36997818,26919836,-20515126,7291608,-266458,-1288260,870350,-367384,116956,-29144,6085,-976,136,-12,1 # cft deg4 r=0
119866561,-165651292,306925484,-334408952,357728446,-297271332,245506768,-175871688,124829080,-79876256,48943846,-26737936,13669952,-6358864,2768544,-1081768,394337,-132216,41610,-11008,2504,-460,78,-8,1 # cft deg4 r=0
439561,-1001772,2208884,-3162712,4339886,-4844852,5103728,-4689128,4025120,-3094416,2193206,-1385456,788472,-390864,170904,-64488,22497,-7656,2850,-1088,424,-140,38,-8,1 # cft deg4 r=0
385601,-1038972,6889804,-15349432,20907886,-17393732,18786768,-20040648,20296440,-16175616,9865926,-4200336,792432,586096,-669536,363672,-104143,424,14570,-7168,2024,-460,78,-8,1 # cft deg4 r=0
87401,-14732,205204,-246552,106366,-65812,165488,-160488,111360,-54576,18966,-21616,51752,-51344,20184,1752,-2703,-1416,2050,-1088,424,-140,38,-8,1 # cft deg4 r=0
54025,242800,334650,-3900,-133010,655920,1044050,157700,-322549,168064,389124,-248856,-52960,156224,-67388,-10328,21483,-7408,-398,948,-126,-112,58,-12,1 # cft deg4 r=0
64681471,-178315712,360279336,-530249340,654729637,-679264072,615299108,-489560908,346994348,-220129552,125694508,-64866532,30355317,-12927792,5025828,-1788132,584568,-175448,48488,-12212,2797,-560,96,-12,1 # cft deg4 r=0
95,460,-890,-3660,11091,-12548,13104,-14652,-2468,30452,-24026,-20052,51747,-44868,19784,-852,-5768,4732,-1906,188,267,-188,64,-12,1 # cft deg4 r=0
1357721,-5213144,13626418,-27524964,46325490,-64839288,77057018,-77999260,68268963,-52159872,35136820,-21042632,11293376,-5477904,2418348,-977080,361027,-121448,36826,-9972,2398,-504,90,-12,1 # cft deg4 r=0
25775,-155400,540960,-1189260,1822841,-1879528,1339384,-982092,1723852,-3247128,4156924,-3728052,2555817,-1471648,773184,-383492,176632,-72688,25864,-7812,2017,-448,84,-12,1 # cft deg4 r=0
122323631,-261722052,446887866,-370107260,212740067,-20607292,-84707012,100328292,-64965412,26845268,351738,-9578852,10860827,-7491612,4351548,-1986452,803808,-264948,78618,-19092,4227,-740,116,-12,1 # cft deg4 r=0
6416,-28544,85728,-192064,378800,-620128,807408,-827040,689008,-486192,305400,-184992,118516,-80864,53808,-32080,16752,-7968,3696,-1712,738,-264,70,-12,1 # cft deg4 r=0
138095,-702920,1791960,-2505260,2770641,-2249048,1567064,-1114892,781052,-558328,348964,-216052,153217,-112848,69584,-34212,16072,-8208,5024,-2692,1177,-368,84,-12,1 # cft deg4 r=0
400,-3200,-42400,-184000,4879440,11021120,7691760,5230240,4971496,333104,605984,1622464,-518700,12944,318312,-166608,43148,9272,-8488,2408,94,-232,78,-12,1 # cft deg4 r=0
565111,-1905012,4300826,-6814460,8698587,-9297452,8832468,-7724508,6358308,-4869852,3412218,-2153092,1237347,-665932,343268,-167092,74888,-30468,11338,-3892,1227,-340,76,-12,1 # cft deg4 r=0
5377936,-37068544,105980768,-166058304,199413680,-189535968,149321008,-101268000,60626448,-36497392,22719640,-15027552,9711956,-5677824,2990368,-1347280,542592,-185408,57136,-14832,3498,-664,110,-12,1 # cft deg4 r=0
208511,28928,315136,-434140,70957,1335048,-1207932,102772,1383868,-2021872,2129268,-1521892,623517,51488,-242252,163708,-58072,7112,5408,-4212,1717,-480,96,-12,1 # cft deg4 r=0
1658000,2032000,12439200,8296000,15888720,14194880,108080,-2260320,8773576,-2261776,-2038016,1807104,397620,-1218576,816952,-301968,60188,-4168,72,-1112,814,-312,78,-12,1 # cft deg4 r=0
6513895,-18944580,44415270,-77808140,117397211,-144822868,156673304,-145483132,119003652,-83855708,52425894,-28991732,14628507,-6638548,2774944,-1057972,378112,-124468,38814,-10852,2787,-588,104,-12,1 # cft deg4 r=0
10275625,27510000,-26492750,-102708700,-8558930,137857520,130308650,3874180,41437691,27597504,1826724,2892264,3520080,-657216,463492,67112,-12197,12752,4122,-2732,1554,-432,98,-12,1 # cft deg4 r=0
9481,45656,-67502,-327364,1036770,-1398888,708618,538020,-957837,513568,76900,-300552,192656,-23664,-46372,38920,-12093,-2488,5386,-3412,1438,-424,90,-12,1 # cft deg4 r=0
770971636,1141940560,-82687936,-812406152,8844616,468705536,29271974,-210432940,-49123366,52530072,18881650,-9340216,-4492555,1155384,734820,-16760,-20025,11144,4168,1660,329,-56,4,8,1 # cft deg4 r=0
331001911,-749030344,1502308106,-1813776424,1895619885,-1385127164,852663640,-313726716,59077884,55688560,-47601902,30728536,-9349771,2827844,454064,-332068,289112,-80968,33778,-6144,1949,-228,64,-4,1 # cft deg4 r=0
88062196,465421600,942915304,791274648,35411796,-302262584,-11065066,156071940,20911854,-51091968,-6162240,13987544,1488315,-2859076,-235980,450520,30095,-51976,-2802,4380,259,-236,-16,8,1 # cft deg4 r=0
35580361,-123181024,304969796,-498427704,649151355,-671122104,588040000,-434694236,281346154,-157932280,79610408,-35418984,14663159,-5440896,1988984,-647188,219382,-61288,18708,-4064,1099,-168,44,-4,1 # cft deg4 r=0
12871430356,62323189920,117778328664,109984594328,59016670196,26576456936,15964140774,8845440260,3290652454,1019584912,428569480,187782904,59614275,15327404,4788300,1675800,455095,91304,20118,6140,1419,164,24,8,1 # cft deg4 r=0
202681,-1332144,5223916,-13836344,26658995,-37540904,37229600,-23418716,6343434,2807640,-3369312,1263096,103439,-380656,181064,-27508,-9258,9672,-1412,256,419,-88,44,-4,1 # cft deg4 r=0
689501716,3042752720,6545523104,8880157368,8170070056,5256416416,2562782934,1183208500,602227554,271553512,91031770,29469064,13249885,4867304,929620,241800,153375,34104,208,1820,849,24,4,8,1 # cft deg4 r=0
1471,-35384,352746,-1576584,4222165,-7890044,11152400,-12474876,11331044,-8476480,5269138,-2734184,1202669,-462076,171704,-66308,28032,-10648,3778,-1024,309,-68,24,-4,1 # cft deg4 r=0
29430002351,30025499288,67995646422,61378066536,61879766617,22429096652,17558398272,4780188708,3799627140,355159296,567771150,-6103040,61236637,-7894228,7355316,-1715428,813376,-201352,68426,-15424,4049,-716,124,-12,1 # cft deg4 r=0
29994491801,5069013768,15844264172,-12447652824,20782836167,-8818719888,4229425952,-1433866252,1062027410,-492244664,211337480,-46197680,4680387,4002312,-1994204,582332,-23694,-44752,29736,-10464,2939,-616,104,-12,1 # cft deg4 r=0
36888121,34437288,23751092,-56997464,-48637273,19019232,55970272,40199348,30146770,39800296,27158480,1840720,721187,6031832,1906916,-383428,242146,58288,-17504,4896,779,-376,104,-12,1 # cft deg4 r=0
2005249951,306536968,2158682742,580887816,1084067097,192699932,300012872,-78492,64919220,-3538384,13926910,-999840,2197277,-540068,358156,-92708,61536,-14232,3706,-1184,849,-316,84,-12,1 # cft deg4 r=0
858233791,-1162944172,815466126,-185532956,128182801,-428499160,629521866,-494051836,247633464,-69169588,9908938,-1372068,3068228,-1571048,217626,188092,-72757,-3492,9676,-2028,-207,160,-12,-4,1 # cft deg4 r=0
383931241,1257620408,3631628516,3534666684,2625418901,1549147900,91319646,76499644,330461004,-147307928,66317898,9089372,-6349442,5207612,-171094,-193868,243053,-54032,9086,2372,-797,180,8,-4,1 # cft deg4 r=0
83561,176568,-641604,-1685476,7202221,-14998500,31135806,-50514916,51687764,-31116088,10186738,-1348388,-285842,381772,-197054,10612,25333,-9952,4446,-1948,83,180,-32,-4,1 # cft deg4 r=0
150944191,-840998172,1874305366,-2081247516,1066634601,210449480,-707563494,439412484,-78856296,-46160788,35562658,-13941188,4766908,-1020648,-202014,245532,-61637,-11172,9436,-1868,-207,160,-12,-4,1 # cft deg4 r=0
187001,7676,-847108,-902200,4038857,1343048,-6253448,-2663400,4592476,2928064,-1143198,-1438964,-238609,406188,253668,18488,-25493,-11684,1264,1096,288,-72,-18,0,1 # cft deg4 r=0
156271,532716,2930622,4635400,10367927,13991288,16169792,12409800,9966226,5179764,2897832,502316,-407089,-225732,-16332,33288,12657,3876,1884,656,48,-72,-18,0,1 # cft deg4 r=0
739379111,5004556,764364582,-118567000,384904287,-132511512,223552832,-77655160,115692746,-31689996,33718712,-9464404,4301911,-1921012,397908,-141112,117857,-524,15924,-3184,128,-232,22,0,1 # cft deg4 r=0
2595264121,4190624796,3616364972,1363408840,1079180577,956625128,676412792,214629400,144113156,78479104,34427122,2502636,1002391,-1149332,102188,-115112,113627,-18084,12544,-2904,368,-152,22,0,1 # cft deg4 r=0
74995038016,78641532864,132442116528,181710726224,104097854940,47163304008,35635544308,21924075720,11799514413,6075111672,2249556720,606083112,126206791,5548464,-4637652,-744740,-255228,-90312,20976,9912,-597,-456,0,12,1 # cft deg4 r=0
17378305681,17540583060,9992708064,3829238040,1548321522,-707367000,-1059703540,-521304960,-21847476,74047480,36850938,792000,-4463474,-1227900,465144,282920,2766,-37320,-7964,2040,876,-40,-42,0,1 # cft deg4 r=0
3417762841,20970943980,49825616064,55136675960,23842775382,-4732452360,-8977887312,-3135998640,1223374848,799795840,-9526122,-94276560,-14603242,4738140,2489208,-84440,-118662,-39960,8448,1560,312,-160,-6,0,1 # cft deg4 r=0
6123476761,17186222820,13565982144,-5061013654,-15141943500,-9605324202,653887645,4073540646,1990071315,-42014346,-304668993,-58909986,32379142,8733672,-2209980,-1042208,250731,83718,-14958,-5088,1161,168,-48,0,1 # cft deg4 r=0
303025441,-1410999636,2829365580,-3365170344,3057516960,-2848489884,2826890828,-2419768164,1561725423,-711002132,199056720,-10991160,-16546772,5490552,1336074,-1763668,711387,-136896,-1970,8388,-2049,116,48,-12,1 # cft deg4 r=0
10502337361,-51740030772,121452623460,-179519901160,186076681116,-142139023248,81255938124,-33973140756,9248165025,-668722076,-782172936,446791296,-119695858,9655524,5494494,-2436860,385353,37452,-32556,6852,-147,-280,84,-12,1 # cft deg4 r=0
950335471,-640624920,8356851954,6061154366,4716219240,-1642306902,-1833573315,-985726494,370475715,226894994,86056077,-75597126,-4844538,3932892,2786040,-1146928,-11229,49818,9212,-6768,531,228,-48,0,1 # cft deg4 r=0
56129081,-446563356,1822589220,-4756134664,8461805280,-10590899784,9505489548,-6168577044,2854610793,-859933652,86469660,66482640,-41189742,10393932,98934,-1116748,438717,-72756,-5880,6228,-1419,56,48,-12,1 # cft deg4 r=0
2277479881,-14309532492,44801654460,-88785465160,122677132476,-124504426908,95568544164,-56194529316,25218474315,-8400057116,1912982604,-219975864,-15295828,4122744,4555074,-2796260,787143,-121368,7614,-348,723,-340,84,-12,1 # cft deg4 r=0
4161426721,5908286310,16700112879,14754138192,4741127301,1753444704,2850643239,2848714470,171840924,-1035879332,-374704065,55041426,61841890,13766256,1079460,116940,58290,19986,13078,6960,2199,476,84,12,1 # cft deg4 r=0
945641,831396,4265592,13244560,2147667,-11996952,17600992,2303700,-4272849,5747224,-2850528,-1287264,1042296,-65232,153948,-34632,-3903,-12864,2104,-1164,618,-32,42,0,1 # cft deg4 r=0
869120671,816073716,3192126450,706993968,3420099741,-5561364,2037347964,-159523644,808871265,-88643080,226866768,-25586976,46184614,-4646736,6839388,-547248,729957,-40524,54472,-1740,2682,-32,78,0,1 # cft deg4 r=0
99971166481,-119954150400,8971935384,31687098214,-4081706880,-7346429238,1991437765,1136580774,-698073525,-108312474,179830797,15655446,-17979188,912888,70980,-824032,13851,75042,612,-672,891,12,-48,0,1 # cft deg4 r=0
254831,-1462428,7660734,44809892,87397281,95343432,57237878,13256268,-3487380,-2901924,2198526,1066236,1141132,311184,238854,-41812,18807,-19164,4300,-1932,849,-160,48,-12,1 # cft deg4 r=0
52959481,263558424,761044572,1419649916,2001562137,2071881324,1769819654,1121993652,657900360,247534808,115475514,12115740,11017530,-4788228,1464546,-1091340,331701,-126552,42570,-10716,2751,-556,84,-12,1 # cft deg4 r=0
1270627216,-1707874656,587726688,4008141984,2597295540,-1317329472,-1791897112,-300800940,390276093,221050852,26336220,-13285488,-5703249,952704,2452848,1465780,483012,104328,20376,5052,1203,244,60,12,1 # cft deg4 r=0
59536,0,-285816,0,1323492,0,-1657510,0,3274929,0,-857472,0,107746,0,-18966,0,10551,0,896,0,186,0,18,0,1 # cft deg4 r=0
72658576,0,332754144,0,273427032,0,81713918,0,7872753,0,2316828,0,2432258,0,928098,0,179403,0,20068,0,1362,0,54,0,1 # cft deg4 r=0
123429753481,116569417110,67076062719,-3077227488,-9355424739,-4726162176,-3320597961,-1797696810,1074112164,1288918348,684262935,300724146,121756210,41789376,13017060,3830700,1049370,258306,59398,12720,2559,476,84,12,1 # cft deg4 r=0
65786681,-24359244,189499272,384108880,447447507,159406968,422378752,-21873900,201425751,-29608376,59322552,-9796224,12054576,-1873152,1780428,-239112,195177,-20784,16024,-1164,978,-32,42,0,1 # cft deg4 r=0
29689351,35639796,-26115150,-23470512,4981701,6489996,28535124,-3679644,-18833535,7385240,2131368,1009824,530734,-1112976,724428,-306288,251157,-34044,34192,-1740,2322,-32,78,0,1 # cft deg4 r=0
2570834176,3224964864,4410790848,-4826712896,-2319651360,3371999088,2870987268,129760980,-692279727,-345707388,-23188020,41326752,18324231,4471104,1962768,997780,301272,71928,24356,7692,1503,244,60,12,1 # cft deg4 r=0
9265936,0,5509704,0,-2574828,0,-3420030,0,364809,0,1487508,0,748006,0,153294,0,14691,0,916,0,126,0,18,0,1 # cft deg4 r=0
104976,0,2519424,0,-14224248,0,26201718,0,-687447,0,-4059072,0,80838,0,22518,0,21303,0,8568,0,1062,0,54,0,1 # cft deg4 r=0
673107031,-1449938280,10004485674,731200846,3718993200,-4679787942,-112365035,-589384734,722852595,58226994,-23703483,-57140886,9166582,4755132,335760,-1000048,134331,33738,4692,-6288,771,228,-48,0,1 # cft deg4 r=0
8669561,-48657996,226990980,-744709864,1713615600,-2860177704,3540207428,-3296209524,2334122073,-1252678932,496358340,-131413680,14000098,4714332,-1956306,-167308,341397,-116916,13600,2868,-1179,56,48,-12,1 # cft deg4 r=0
2762814601,-16086384732,45436328580,-82524023400,107361625596,-105276733308,79679489364,-46848991236,21169207395,-7047891596,1496899404,-51607224,-100379348,41340264,-7347486,-249540,499383,-135288,19054,-2268,843,-340,84,-12,1 # cft deg4 r=0
6011672551,13201415910,31852440609,41899500412,31095794271,5430453144,-1467400481,1349971470,2289836184,901849508,134874675,19421586,22971660,13251276,6332640,2781100,943530,239286,56758,13200,2739,476,84,12,1 # cft deg4 r=0
2917511,-13661724,95261202,-199636000,480302037,-75501732,198803792,7550820,12659961,8292304,-8343348,1399296,-1917754,-130992,-42192,-73552,42777,-11724,8464,-924,798,-32,42,0,1 # cft deg4 r=0
3936721,10567716,32727780,15958688,31503831,-50348064,10521244,-48630924,26237715,-17793440,15624828,-9575136,6629004,-1991616,2160768,-314728,398637,-29064,42232,-1500,2502,-32,78,0,1 # cft deg4 r=0
5787485296,11594646624,14483992128,22620512944,31583749620,23524307928,16536046108,12559130280,8024705253,4219146072,2213561640,1070703432,362245111,84056064,22221528,6453020,682932,-71232,38796,21432,1443,-336,0,12,1 # cft deg4 r=0
706472681,-97387500,-2742583896,-1764152200,3249272682,6040446600,4668849080,2192754480,680988804,154861920,61003818,40433280,15200206,1234980,-876216,1640,192726,29640,-14144,-1560,1116,80,-42,0,1 # cft deg4 r=0
44001489841,114673501740,132922778184,56457693720,-7316836338,-24373614120,-10981116612,500017440,2169882408,709907560,-25136682,-96310800,-27603962,953820,2630328,573480,-25902,-38760,-5252,360,312,-40,-6,0,1 # cft deg4 r=0
923051071,-1589987610,-2238660831,2496909052,5011367871,-1723733256,-4614022961,-853144290,1489016904,940081748,239730435,29978946,126420,-219204,1460040,684940,-14790,-54474,2638,7440,2379,476,84,12,1 # cft deg4 r=0
7291631,-14050524,6614802,-6868480,12735117,-6818052,3372392,-1778940,1481241,-803216,1310052,-763584,-60274,-125232,60768,-25552,37017,-5244,1144,-924,438,-32,42,0,1 # cft deg4 r=0
100365121,120548436,-4692780,-103520992,-43971609,-14723184,-9731396,-8886924,7403595,1705840,5373828,1897344,2720244,110064,1067088,-95848,237717,-21144,29752,-1500,2142,-32,78,0,1 # cft deg4 r=0
3746646690121,-1780482479688,-493060965012,1167121520632,506531174151,-8865786888,46247295024,28452877596,8248480734,4802078232,4069299468,2129559456,879925539,316815096,109045608,32620372,8779494,1993176,415364,72432,11631,1432,168,12,1 # cft deg4 r=0
13285789696,0,-2542104576,0,-8202279936,0,-1644700160,0,1526369280,0,969627264,0,256164736,0,38025216,0,3464880,0,196960,0,6744,0,126,0,1 # cft deg4 r=0
1198821376,0,17756915712,0,62039632896,0,68613967360,0,34961410560,0,9560892672,0,1551329024,0,157963872,0,10337760,0,433160,0,11196,0,162,0,1 # cft deg4 r=0
314609231,-428903624,-18743458,-312851560,1331970772,-1529818932,928834782,-23672200,-512599224,512328284,-251720538,25531676,59825566,-55578932,30416558,-12293212,4021062,-1104424,263154,-55064,10143,-1612,212,-20,1 # cft deg4 r=0
116591,-390664,1508442,-745840,1294492,876788,-1263578,-1337880,3813786,-4198776,3006362,-3088004,6407006,-9676232,8961398,-5391372,2262942,-726944,197164,-46144,8833,-1392,192,-20,1 # cft deg4 r=0
1245667391,-931670184,1843435602,-1685446320,1869411132,-1554681612,1273429062,-877973880,579266546,-336310616,185512602,-92042564,43410806,-18733832,7653358,-2898252,1026142,-334064,99844,-26624,6233,-1232,192,-20,1 # cft deg4 r=0
60468641,-241190204,794856036,-217432952,-113605769,-58785004,342131788,-582149232,565506047,-368943272,184287512,-68133800,23228018,-6765588,1612562,-587772,141934,-41576,12544,-1160,469,-16,28,-4,1 # cft deg4 r=0
7288576,-72637440,543804416,-1272753664,1389680512,198899328,274469312,-162191488,10445536,43976832,-23111472,-3711344,1202004,1214248,-802572,250976,-12805,-27136,19134,-7488,2187,-492,92,-12,1 # cft deg4 r=0
129352991,-877460356,2540061258,-4483885472,5883360231,-6188561296,5377153552,-3951553600,2476165878,-1330488052,615071720,-244355572,83546443,-24389964,6199200,-1392688,307349,-66948,15728,-2648,388,16,2,0,1 # cft deg4 r=0
314954711,-846347828,1434031886,-1735479636,1731583809,-1453691320,1075456418,-703756636,416887400,-223101156,109087606,-48581492,19891996,-7459408,2583846,-827804,249875,-71364,19488,-5140,1349,-344,76,-12,1 # cft deg4 r=0
929536,-2761728,13255552,-28702464,77516992,-177310720,256411840,-226226816,142353808,-46209888,-7631664,19184384,-11427720,3238928,283848,-622912,236665,-41888,7360,-3408,1029,-104,4,-4,1 # cft deg4 r=0
284525161,-1558596248,3450075096,-3746899836,1814282569,32193980,-418602242,275344844,-95973580,-5546416,37810066,-31899732,19107266,-9564228,4065106,-1539924,530285,-164544,46478,-12100,2799,-564,96,-12,1 # cft deg4 r=0
1584896,-363520,-948864,-888064,-142528,-1112192,5412352,-3825728,-1175504,2990272,-1297952,-467344,738784,-221192,-100752,70576,5465,-13736,2344,1232,-483,-32,52,-12,1 # cft deg4 r=0
2083555696,-20207528896,93480160792,-266460346080,517800445052,-723021241648,747099811702,-579433689480,337254257031,-144234963844,42228722932,-6292562136,-884024189,765555352,-183991752,7649052,7590012,-2121576,151134,40304,-10427,572,112,-20,1 # cft deg4 r=0
105625601,231226840,185899480,-278801028,-166603483,198879684,48393670,-95984412,-135640,26056688,-126986,-6471700,1489538,764372,-478550,73068,29629,-26464,7102,-44,-365,140,-16,-4,1 # cft deg4 r=0
19194041,-47516520,81054680,-138194948,135480077,7083924,-123241530,68031908,22096360,-32486112,17494014,-11717300,6108898,-2063068,739250,-289172,87029,-13744,3782,-1964,315,60,-16,-4,1 # cft deg4 r=0
7459696,9756608,19250456,48491824,73171276,40503600,-18032374,-33307056,128715669,436832652,591870598,462185912,229989413,74257532,13792076,-79508,-988902,-304032,-22564,10232,2663,0,-72,-4,1 # cft deg4 r=0
8806889216,-12113751040,19493863296,-22798558464,16159245632,-8992310912,4210488832,-1612186688,547088496,-151064768,43146048,-16747664,8022704,-4335112,2113808,-970384,388105,-134456,40704,-10608,2517,-512,92,-12,1 # cft deg4 r=0
52721,-141608,-417064,960964,1247449,-1176260,468518,1165324,-886540,70944,429026,-285652,24546,72972,-36654,-2164,9805,-3264,-1122,1180,-241,-84,56,-12,1 # cft deg4 r=0
292278016,-2729049088,7881674112,-7645537024,5068956352,-2456832000,717211200,-69218176,-26893232,12944032,3402736,-5412096,1677880,-248432,-40912,27328,16265,-9968,1600,112,-211,56,4,-4,1 # cft deg4 r=0
612991,259372,-1074234,-661076,2532129,-2349560,2108458,-821276,-939080,136604,1512286,-778452,-499724,314352,245326,-233724,39195,23516,-13752,2860,149,-264,76,-12,1 # cft deg4 r=0
1722542471,-242504860,1265068090,-269973548,647808157,-172809456,197239270,-2461492,18094140,16943948,-1323426,3317100,361048,-18368,102790,31188,-16081,2956,4452,-1404,-115,160,-16,-4,1 # cft deg4 r=0
15777536,-21365760,16080896,-26770944,23356032,-11983232,12946752,-9123968,4877536,-3631488,1962608,-997424,639924,-283512,108828,-52384,22275,-10176,4494,-1088,147,-92,52,-12,1 # cft deg4 r=0
8401,-3552,23880,-5856,30407,3936,15420,-8788,9478,4272,4412,2032,3147,-2488,-2464,1180,2722,136,-1028,-224,215,56,-20,-4,1 # cft deg4 r=0
19206631,20174088,38669190,29218384,31731437,17402836,14196060,5956732,3880808,701592,158622,-494928,-280103,-154708,10456,17260,8672,-784,162,-144,25,-4,0,-4,1 # cft deg4 r=0
364151,525528,2795230,2636784,2422357,979236,744220,1381212,2009528,1962952,1418902,706352,242017,22972,-2424,14220,16192,6816,522,-304,65,76,0,-4,1 # cft deg4 r=0
147687881,161879168,342459520,277152224,293960967,216167056,195539540,138252812,103096478,59144272,33219412,14015952,5825707,1903512,685416,197180,59082,11656,3412,416,135,-24,20,-4,1 # cft deg4 r=0
957871,243432,791734,-7691752,12772840,-9354140,21038226,-22815616,16774728,-5021868,1069818,-959404,954782,-392508,60650,-7780,-5262,7344,-1470,-336,171,-100,52,-12,1 # cft deg4 r=0
23286271,-675688,46822054,48459648,75267940,89379500,137683126,88820864,28741938,5359312,6867138,4344676,571362,15072,195030,36780,8438,-1376,1480,184,301,-200,72,-12,1 # cft deg4 r=0
1757830271,-1550355928,325552094,-393682272,871925500,-617272260,317833166,-212521376,142446698,-79315008,39653218,-16751324,7037482,-3303408,1403430,-505460,181958,-62736,19080,-5736,1621,-360,72,-12,1 # cft deg4 r=0
51373991,392369352,774527334,-24294792,-581781760,-570826220,-128756454,528512864,158111008,-4866508,68769898,-21773964,4754982,-1455468,-373150,57340,-15902,-10816,10050,-4336,1611,-420,92,-12,1 # cft deg4 r=0
1790921,11595320,33008396,55314776,36764012,-55244172,-47372108,2428312,43971146,9206212,-34727602,7824316,8838894,-5480052,944048,63196,-55880,26084,-9486,1272,467,-312,82,-12,1 # cft deg4 r=0
11134481,-54401624,131136356,-104880736,23141606,15170768,4986228,-40865204,66882501,-69248000,47994846,-19860160,1850154,3566196,-2767682,1085068,-198255,-36248,41636,-16716,4433,-852,126,-12,1 # cft deg4 r=0
18867721,23713656,-1771004,-14704256,227873886,-15090432,-109402292,99864236,-10595499,-19463440,20132526,-19556800,15914154,-10481324,5574758,-2547892,984705,-326648,95556,-23276,5033,-852,126,-12,1 # cft deg4 r=0
1719689513561,-1663341459438,157086318973,-333677435750,224705823519,59460496744,149549983620,56458069062,48805084471,15613193160,9205602961,2451639242,1121758568,251555792,93170104,17274668,5426450,781438,223247,21488,6366,274,120,0,1 # cft deg4 r=0
281328751,-674549810,1191857549,-1571631736,2761638108,-1578451388,2578686368,-944085112,1275862999,-343850134,386324191,-76784400,77080592,-10442998,10607298,-839196,1024791,-34008,68955,-276,3104,18,84,0,1 # cft deg4 r=0
2486201,-515960,84743424,-198945876,402568908,-791594398,1117105738,-572744792,385678324,-208910274,87870781,-66819580,24372022,-13119558,5459178,-1432276,744001,-89228,61235,-2996,3044,-42,84,0,1 # cft deg4 r=0
647431,577400,3928346,-33484384,86042492,-119176932,101868682,-51154688,10782626,2693192,-1885442,-100604,108134,375288,-308202,44436,34810,-10416,-1976,1312,57,-192,72,-12,1 # cft deg4 r=0
968462801,2945533480,2408165516,-921663144,-766750628,-3143524732,1830266372,-659972968,944818266,-294148348,27962758,-105871204,74527654,-10561252,-6548352,4126076,-1014280,92484,26034,-14248,5187,-952,162,-12,1 # cft deg4 r=0
335151521,-1232084424,2591911476,-3497038336,3704316766,-3554166272,2937943908,-2110450164,1432259541,-874743920,499888206,-258038880,122122314,-51845964,20040838,-6927092,2170305,-600248,148716,-31756,5993,-932,126,-12,1 # cft deg4 r=0
2115161,1291336,906676,-17593056,28147286,-25115952,14484188,-3967764,6077781,-13225600,16817406,-14787680,9165434,-4109004,1333038,-279092,51905,-32248,22396,-10796,3473,-772,126,-12,1 # cft deg4 r=0
63637591,157444680,208367926,142184536,90752412,27371868,14219902,3290752,10886536,-3105868,1876138,1026756,-807866,304428,192958,-185804,66310,3224,-9966,3592,-273,-172,72,-12,1 # cft deg4 r=0
15776974601,-3228482398,7969822733,2265144810,1355264919,2360854984,85359420,628072342,129001351,87129400,57045761,4763482,13031048,-173088,2102584,-83252,232850,-3042,18807,208,1046,34,40,0,1 # cft deg4 r=0
9260525951,-20738386210,23789725189,-25400373336,18823873068,-12885004748,8500484728,-3509823992,2544643319,-538321734,547048951,-39431440,88386072,708762,10892818,412964,1011591,35432,68155,1324,3104,18,84,0,1 # cft deg4 r=0
27288361,41175240,142997424,95206604,89012228,165631842,180304218,154745768,144010884,108859326,71023661,42319620,20549622,9651962,4170058,1505324,576201,146132,50755,7084,2804,118,84,0,1 # cft deg4 r=0
306431,-2264280,28685846,-22596424,100163212,-248786212,240116982,-143954688,138036976,-121208988,49202618,-11853564,8865774,-4245572,104958,50036,169550,-32296,-9966,552,1247,-492,112,-12,1 # cft deg4 r=0
252307351,-1403846680,2272445706,-1087520864,1145428892,-179942132,239175602,-87234688,121627306,-68125928,23593878,-1715324,-2664426,-310952,841558,-533164,109890,4144,-4296,-1408,1817,-512,112,-12,1 # cft deg4 r=0
272444111,-1193677064,2670455594,-3831585300,3984710872,-3044741504,1625904040,-268934808,-428233735,501776620,-275187538,56837480,48459223,-55973348,32626660,-12437836,3712204,-932912,209066,-32952,6925,-572,128,-4,1 # cft deg4 r=0
315251350831,-917027910756,1144657429818,-511110683032,-85158922599,214624448124,-86200101408,1356998300,14798312213,-11383184832,6376624920,-2537377832,842065938,-263589544,69843440,-15983608,3777529,-722188,123148,-23628,3178,-344,82,0,1 # cft deg4 r=0
67268671,180338236,431718894,-1010752380,1875075462,-2016206944,1848345940,-1431946288,968675005,-576822540,314753972,-153797480,67100853,-27559648,9933640,-3308476,997074,-268192,68956,-13192,3295,-352,88,-4,1 # cft deg4 r=0
766445521,1234679004,-458200152,-1683922368,-268883147,1019329680,511177996,-229498400,-272609276,-44899256,56577866,28597868,-1502993,-4083668,-798220,267776,111455,2348,-7508,-2528,700,72,-2,-8,1 # cft deg4 r=0
761596911,-5651089740,19277637030,-40289134524,58145725430,-62141043112,51675185300,-34753236880,19480942721,-9317401916,3878996164,-1430330512,472037169,-139851488,37418324,-9133884,2028422,-407672,76568,-13608,2107,-312,64,-12,1 # cft deg4 r=0
171122351,-1004726760,2849159010,-5112247364,6384811460,-5730446432,3645051160,-1520207160,305677941,52252924,-49690266,7299328,4238379,-2191428,291864,5796,45592,-32432,5238,2072,-983,68,44,-12,1 # cft deg4 r=0
21865041551,-73126785960,130419833930,-143928276164,103574587860,-48556954032,12705958440,-117781720,-594337899,-815731396,1186606774,-806492352,375895139,-134160148,39046464,-9894524,2349032,-540192,115158,-20968,3257,-492,84,-12,1 # cft deg4 r=0
33877111,15437540,6254270,-247504124,1238943310,17094968,-873019900,631303120,40513401,-302062076,192723884,-57747472,6295649,-854768,2256604,-1606844,562022,-92072,-5032,5912,-1013,-72,64,-12,1 # cft deg4 r=0
14155391,-48195448,70637782,-69643316,57127527,-41825492,38863482,-24570908,-1744680,8881624,-1057840,-599920,3761562,-2796672,1742156,-858872,330696,-118508,34086,-9116,2114,-404,74,-8,1 # cft deg4 r=0
43330961,6552492,24018072,-19491076,-9655213,121008,11829562,13426732,12344800,7834864,5071700,1962400,1577732,174728,431796,-75792,98296,-26288,16106,-4476,1654,-324,74,-8,1 # cft deg4 r=0
80227961,-105054708,34733712,11067804,-43719733,19144768,18330322,13782252,-24666120,-13255936,32057860,-19344000,6196052,-4013032,3673396,-1878512,763296,-296208,82266,-19836,4574,-644,114,-8,1 # cft deg4 r=0
7010631,729432,-20631258,-16844916,103047527,-87104612,130133202,-50611388,69426720,-16930536,28049680,-5501840,8573482,-1665312,1852596,-395192,265296,-68428,32166,-10556,3514,-564,114,-8,1 # cft deg4 r=0
174297616,-206599776,327071160,-23590704,573473620,55075736,164945218,-187855584,38237453,-26137612,32051910,-11872280,2353773,-773068,730564,-423788,83202,16744,-14260,3128,311,-304,88,-12,1 # cft deg4 r=0
159461136,604782720,545653440,-470309088,-703245608,351513984,606643950,-114013032,-205466335,17417148,24073694,1147120,2118753,-714548,-259160,-63292,-37706,18296,2592,976,55,-120,4,-4,1 # cft deg4 r=0
430336,4975104,48333312,255881216,775232832,1473214080,1876855232,1696043712,1163096368,659466144,327917232,140628288,51436220,17200568,5149396,1242824,281461,57936,9312,1264,353,128,-4,-4,1 # cft deg4 r=0
770191,-212824,3955758,-5946016,4567489,2306044,-3009772,-34436,5122932,1284512,-346350,969976,543425,-368060,-199436,49428,33552,-2672,-1266,152,-99,-20,16,-4,1 # cft deg4 r=0
1486621936,3639236064,-791563992,-1851058992,8198103756,-13608426296,15934354382,-15035600600,11542652483,-7562052472,4210802610,-1996563552,805533558,-275613004,80369760,-19818568,4267779,-772668,136858,-18528,3348,-244,62,0,1 # cft deg4 r=0
13703401,37855096,63916228,31812304,31218479,791984,15284328,-1491876,8709302,-1195528,2552700,-132104,474235,9520,70984,31268,-7498,7928,-156,152,111,-80,16,-4,1 # cft deg4 r=0
1794696976,-1420557376,3877857480,-2007798864,1915584820,42305936,41327478,123111936,131094783,-25822972,25276100,8192360,-1142557,925672,747204,-246108,84132,11904,-5590,1048,701,-324,88,-12,1 # cft deg4 r=0
408156416,639924736,-1428905216,555941632,4068641280,-7925611648,8085302784,-6495332032,4385903200,-2475252480,1231196048,-549978656,214530524,-74051128,23487932,-6731320,1723255,-412756,90746,-17336,3140,-524,66,-8,1 # cft deg4 r=0
76902656,3703296,200079104,5111552,142387200,-28436608,104715264,-75581632,38758880,-39891200,28975248,-12296736,7336444,-4621528,1658732,-494520,321095,-181236,60106,-13816,2900,-524,66,-8,1 # cft deg4 r=0
3070736,-12033856,29166280,-51804624,68076340,-68548144,51438358,-25631904,6005023,1274228,-784340,-780120,839323,-220568,-87636,60772,6452,-15536,4290,568,-459,-4,48,-12,1 # cft deg4 r=0
778483721,2400357096,5615983868,8632903504,10527760359,9885589584,7665976608,4783734364,2572726342,1153877192,485434260,176096696,63482115,17901840,5579344,1268068,350502,67368,15724,1752,1031,-80,56,-4,1 # cft deg4 r=0
4394736,-12872736,-8954712,51620688,55769036,-449917656,980337542,-1320249880,1296057043,-1006876312,646535330,-343701632,147364118,-50063884,13882760,-3403688,770019,-157148,30378,-5568,708,-84,22,0,1 # cft deg4 r=0
27876920711,8212789176,34071827358,27788597664,29106451569,18005744204,11608847228,5528234364,2764020732,1055544112,459690290,140006776,57264145,13357300,5535564,855508,436392,27648,28654,-488,1501,-100,56,-4,1 # cft deg4 r=0
98808207616,-267968917504,412032841984,-433141909248,348490801600,-227282649728,128294816704,-66097826112,32613194320,-15430975520,6858669248,-2758944656,991980684,-317073248,91449492,-23865640,5700215,-1237196,246026,-43176,6500,-924,106,-8,1 # cft deg4 r=0
1538240656,1890587520,2665555360,1840659232,1697152232,1101588224,847361750,404569048,218726665,76334508,42821134,12938000,5627153,906412,730120,115588,54454,1016,2632,336,335,-40,4,-4,1 # cft deg4 r=0
3070736,-5167456,4797880,-10746544,13602260,-5010984,3105058,-7942464,6673293,-2958652,1978870,-1675640,862613,-244348,42724,-27308,29162,-13656,580,2008,-729,16,48,-12,1 # cft deg4 r=0
8038951,-13915544,-953774,-3168976,44740001,-56580132,24051948,-6947604,18150036,-25404480,18715886,-9131520,3506209,-1372684,653648,-304012,110860,-30128,6686,-1896,793,-292,76,-12,1 # cft deg4 r=0
13361,9016,108236,-213296,677351,-2749712,4784168,-3846484,976046,2028960,-1778804,-733760,2467239,-2142544,1052628,-291932,2030,37432,-17344,3704,-17,-232,76,-12,1 # cft deg4 r=0
47016481,-170766904,382678396,-592103696,688793871,-650558432,528231928,-382000244,252740446,-153607920,84596716,-41262080,17318559,-6033824,1641188,-299772,14750,10312,-2304,-936,823,-312,76,-12,1 # cft deg4 r=0
24868751,-112447944,219186706,-260912976,234034601,-175665412,114668428,-58894964,18467116,-3122480,2453566,-3131040,2113209,-907884,279248,-58092,2260,4672,-1314,-616,673,-292,76,-12,1 # cft deg4 r=0
2248000631,-16384386690,41899058017,-24482593996,-26276965797,14199263142,36285744181,-8586825766,-7199236282,-377901068,-69869606,302959630,319593418,136048746,53012397,17059366,4750454,1128622,239299,45992,7491,1068,137,14,1 # cft deg4 r=0
310218401,1160768084,685898598,-1503344406,-1223559626,808489850,1275429405,-349308570,-349223579,12801058,93019895,2552830,-12325672,-2532016,1670956,438656,-141405,-55818,6450,5632,21,-328,-24,8,1 # cft deg4 r=0
575340001,-2073667304,3553793056,-3684880292,2247430181,-403169804,-382291922,181641468,34019432,-25319832,2477782,-4439060,1720218,665612,-142558,-158132,14469,27784,-3946,-2820,619,124,-32,-4,1 # cft deg4 r=0
9346591,8234260,4718906,1335584,-2661348,10434772,10910662,-7270152,-7890469,5033448,4866788,-2219936,-1773296,744072,457708,-186416,-79035,36996,7234,-4672,-108,292,-18,-8,1 # cft deg4 r=0
421977856,568643072,-236673408,-431332864,146162752,112057600,-145134720,-4947456,97236048,4180352,-39362704,-5436656,10319760,2154768,-1849312,-455032,234105,59272,-21380,-4808,1389,216,-56,-4,1 # cft deg4 r=0
2356062311,1172821064,2868255602,3027299360,6169914022,105111612,-2027405302,-3782199072,-259562789,-122084148,705651450,20758128,67149872,-19445672,4830100,-672016,331016,-29852,10504,920,268,56,6,0,1 # cft deg4 r=0
288868761,-939850668,1733919786,-70653354,2143197733,776031000,1594049711,447269870,486002279,32257310,38315867,-25261520,-4220351,-3306228,24531,66308,64397,17742,880,-940,-479,-66,15,6,1 # cft deg4 r=0
4892013031,-8309789040,8071413006,-6261898032,4523115530,-1982561284,249545230,290491808,-203043165,64533628,-3774922,-5089248,3655692,-1272136,307660,13296,-19004,11916,-1152,616,136,16,18,0,1 # cft deg4 r=0
9145454336,8650629632,3279273472,-7393252864,305054912,1991309440,-636500160,-221833536,65018128,9318752,23820496,-8164576,-6886940,3292008,738628,-580232,-15445,61472,-4930,-4408,619,196,-36,-4,1 # cft deg4 r=0
14849463271,-23624168684,28572542346,-21305697132,13391540401,-6276903064,3085427778,-1511345692,856623972,-385002972,137982402,-26905300,2390808,-12728,702302,-275852,23139,19124,-656,-1860,429,64,-12,-4,1 # cft deg4 r=0
58742929431,-103909430556,245746276038,-310483735212,391382066677,-397030325800,358041127550,-278862711148,193468227188,-118580021356,62682123794,-28575451628,11009722200,-3370669704,769692542,-124344956,13918455,-1284316,153020,-14444,-751,232,36,-12,1 # cft deg4 r=0
75302681,-318417354,634969905,-1525250712,4553819487,-10137371824,15662758777,-17325592038,14387598633,-9440950566,5075284714,-2262044304,835779735,-251029460,58660105,-9745010,966565,-68232,27068,-7940,199,286,-29,-6,1 # cft deg4 r=0
3030032881,-24530013648,95566079684,-236461425108,414316301301,-544657814828,556765957558,-453109174052,298028311860,-159730501144,69892901666,-24859764604,7106299042,-1602380116,279655094,-38987412,5644317,-1190224,254430,-33932,1399,140,28,-12,1 # cft deg4 r=0
20051666231,3494311780,19643396306,1342577664,9271660772,243234212,2622587022,-53327752,515560651,40474248,73878228,-5026656,4092064,-1632088,1054588,7504,-835,-9324,9274,-1632,-68,52,22,-8,1 # cft deg4 r=0
9414271,28617300,27064986,-9809376,-18515428,1627092,-2405178,-3994632,2312091,-1285272,3821988,804704,-2043376,235912,542188,-174896,-82395,39876,6434,-4672,-108,292,-18,-8,1 # cft deg4 r=0
8166358521,-70070177088,269572309164,-619148111508,956965548701,-1066783598748,897758692838,-587061818532,302438760900,-122595579624,38296654586,-8688331644,1190472322,-8806356,-28005946,-276532,3130077,-1014304,137830,2548,-3881,460,28,-12,1 # cft deg4 r=0
123055271,-1249097964,3995710706,-1246327532,-3904992159,3107745656,967894698,-1944401052,329366452,515827188,-224956198,-50621940,46647608,-2724728,-3926338,949108,7339,-61276,19264,-100,-851,144,-12,-4,1 # cft deg4 r=0
917255936,1285284352,38518272,-1812585984,293260992,643886720,621967040,-630060096,-254290992,283636192,46654576,-68305056,-4447660,10737608,107788,-1165512,54235,94032,-8930,-5368,739,196,-36,-4,1 # cft deg4 r=0
8921422591,-46546106908,161276253214,-415214612748,764903111921,-1027388962848,1046514101218,-836364147292,536741823900,-280317832404,119742775286,-41737683164,11756768032,-2632324856,460353134,-64124012,8659307,-1598684,328560,-48252,3809,-160,48,-12,1 # cft deg4 r=0
19808950016,-24597467648,3079051392,34166099456,29174902592,1451014400,-4642471680,-1114750976,673271568,90305152,-103342384,-33124976,12338320,3861168,-507392,-447672,97585,34552,-2740,-2408,349,136,-16,-4,1 # cft deg4 r=0
6866707511,4319536420,-2227219214,-2042919296,1112105092,450132132,204329102,252227448,-42377269,-59416312,12336148,-26036576,3124704,332712,1209468,39504,-63555,9556,474,288,-548,52,22,-8,1 # cft deg4 r=0
69483713801,-37757084824,81191654616,49567399388,-26325760179,1718017556,8417309318,-3263686212,-209942448,428668008,-19163658,-54704980,18431138,1972972,-1222918,326348,56509,-16776,7134,860,-381,124,8,-4,1 # cft deg4 r=0
7230551,-8370392,31634930,-138147136,352688417,-487893284,412151180,-215484468,61987088,1296312,-10680618,6210632,-2456383,727732,-123304,-8780,19652,-11904,4862,-1464,445,-124,20,-4,1 # cft deg4 r=0
9600881,-11589672,33216380,-21069296,974767,-21222184,3609560,-830788,16007538,-958048,-4993868,-517288,733687,-83928,117836,-11500,-8538,-1464,-8,-264,235,-64,20,-4,1 # cft deg4 r=0
55812721,102422488,164277420,134543184,163301687,77633176,52887720,24740412,6819218,-782208,1600852,-692008,928607,-323928,206556,-68460,33302,-11064,4312,-1224,355,-64,20,-4,1 # cft deg4 r=0
27795871,34576328,41121490,45765664,45343337,22201756,25900140,14692492,7065528,5707192,1424902,350632,884377,220692,55096,75700,18732,-2144,2782,616,-75,36,20,-4,1 # cft deg4 r=0
203788601921,-392592645660,564773865676,-556103415340,450220583323,-290826236680,161703646342,-75625883820,31131908480,-10971199560,3474918864,-950701480,247143168,-57287760,14329936,-3120560,751580,-113000,21718,-340,458,60,34,0,1 # cft deg4 r=0
108591483991,-676562467572,1997812338342,-3730023617408,4959723817665,-5015081782204,4017373247132,-2618545133540,1413644130313,-640047066336,245632740140,-80829863584,23127358266,-5846234152,1326614912,-273870920,51849817,-8996124,1417704,-201364,25898,-3032,310,-24,1 # cft deg4 r=0
580807351,-561766000,-60735874,1248241060,-1002770917,-667037540,1791595502,-1812307940,1222646840,-624719800,259775884,-86811240,22943698,-4107480,305476,58680,280,-15940,7318,-1540,78,60,-6,0,1 # cft deg4 r=0
23761,-221900,1341756,-5808780,19485883,-43514120,66870462,-80883660,87933280,-88795560,79850864,-61240680,39301128,-20917040,9113296,-3170640,845820,-163880,23678,-4340,1218,-180,-6,0,1 # cft deg4 r=0
221551,-80564,135494,-1085328,393300,1942652,-43766,-3510792,1368875,1598360,-244692,-955136,96784,273432,53092,-101040,-6555,16284,2606,-2736,-100,236,-14,-8,1 # cft deg4 r=0
548111,869076,61540034,-122978128,147944980,-256004188,184778734,20746168,-46577845,13827560,6961348,-4743616,-119696,466792,-15188,-8560,-6875,-1596,3546,-816,-260,116,6,-8,1 # cft deg4 r=0
142448431,-263052524,186607074,-221489488,188135060,-18610268,55277934,-75363912,17937675,14588520,-4297852,-1290176,1273584,-488088,-41428,81040,-13755,-6396,4346,-816,-260,116,6,-8,1 # cft deg4 r=0
12198735751,10651961116,6668025854,669271952,1013954460,513163852,449737234,-20941192,92164955,-6436040,20734748,-2162496,2564704,-626888,593332,-192560,59805,-2516,-3834,1904,-380,-4,26,-8,1 # cft deg4 r=0
916110071,-1985298012,3516341774,-3869649832,3766960451,-2779888192,1871665448,-1004738768,514093170,-227051356,110080976,-51867916,28245447,-13772204,6642624,-2656488,981417,-296596,83580,-18448,3964,-600,98,-8,1 # cft deg4 r=0
67582391,-151729008,258247922,-329716424,344059382,-321801260,248492030,-162354736,102330223,-64630508,43597006,-27801616,14084820,-5967912,2408268,-950272,389760,-168668,67260,-23168,6824,-1584,254,-24,1 # cft deg4 r=0
44166121,62179084,109032812,108602840,116950282,85795372,62899932,33374480,18017616,6627976,2765902,843304,438116,-2088,-110972,-99088,-23923,1544,4454,1104,88,-108,-18,0,1 # cft deg4 r=0
16443671,24797936,22544586,-47568932,-26278744,63224976,20950608,-33925672,-4558163,10670788,349982,-306680,407683,-507028,-18368,141868,-24696,-12816,6454,120,-391,124,8,-4,1 # cft deg4 r=0
36504401,275058580,805221496,1098587808,598768090,-198888844,-401201880,-177189352,-9125780,29214448,23219038,7054192,-929748,-1054056,-301660,-82384,2161,12656,3158,216,-4,-44,-22,0,1 # cft deg4 r=0
12402394471,14005993316,16739160086,15863230868,13604325666,7813428616,5865268088,1818464368,1329857297,105011828,128700192,1662360,8380093,2281152,428892,507068,48294,40664,5344,1480,659,-56,48,-4,1 # cft deg4 r=0
46842876601,-88522916932,150784947904,-161329648472,153544690081,-114056218912,77318675328,-43709371088,23159399820,-10554817256,4569237266,-1726067036,624481847,-197554044,60411844,-15949448,4142147,-895636,197480,-33528,6244,-760,118,-8,1 # cft deg4 r=0
46441,143684,340112,550600,700182,746812,722252,681280,617836,483096,318102,199624,146576,112592,58688,3232,-18163,-10176,-86,1744,468,-68,-38,0,1 # cft deg4 r=0
5844791,-36448232,119710426,-267594776,442939726,-557588540,529541966,-360264776,147333559,-3849188,-33296602,9370872,15774188,-19501008,11066636,-3411008,269528,241548,-111844,19192,888,-1120,238,-24,1 # cft deg4 r=0
2440147231,658073276,4486333842,-4212610584,4960767881,-4556607492,2979919096,-1799973528,1095620049,-516513392,194155168,-115324912,76055930,-21220568,151166,-1106748,1772586,-630840,108414,-23056,5663,-684,64,-12,1 # cft deg4 r=0
57134071,92992116,90425126,121197908,94714506,68089256,50791648,25669488,20527617,6057108,3878712,2674040,99933,431072,74772,17468,18654,-7176,3664,-600,99,24,8,-4,1 # cft deg4 r=0
50377391,-178645848,276570302,-232336104,95660222,15480340,-41905610,13536944,11168023,-15463428,12283466,-7507456,3682340,-1682912,755128,-369552,178720,-66388,24880,-12448,5384,-1504,254,-24,1 # cft deg4 r=0
61782285911,-59138689824,38461449706,-11663924452,13149073656,-7952561984,5286834208,-2873789512,1665996877,-559061372,251225142,-86997080,33189523,-10040068,3399752,-845492,310064,-58416,22374,-2920,1169,-116,48,-4,1 # cft deg4 r=0
391351,-725024,3807546,-5488152,5949466,-4104204,2737598,-3108072,4280987,-4944452,4545642,-3378360,2173668,-1214368,589032,-246192,94484,-42716,25324,-14440,5944,-1576,258,-24,1 # cft deg4 r=0
102973361,630623060,1621934096,2246582208,1795862870,841610996,231485500,20191208,-29473420,-25801792,-11758802,-3273968,-486448,108584,194320,100576,32221,7296,858,56,-4,-44,-22,0,1 # cft deg4 r=0
7168705391,-24336666560,45796863690,-55035683904,46841103260,-28525724972,12472995050,-3536260680,532132596,-306354836,580467914,-531058452,280325894,-80891668,6090214,2482276,-2338,-328632,73758,-2048,-1273,68,64,-12,1 # cft deg4 r=0
27094031,39354808,76033810,-12929336,-47577988,-80162244,-57900810,31326592,108010918,117466712,70481262,37351892,18695982,6050992,2475886,774140,174962,72416,10952,2536,1125,-64,60,-4,1 # cft deg4 r=0
501887551,-555436552,338307130,-103312576,150633092,145911556,92611050,90658912,51206868,23228252,20031402,2427092,5355982,-224988,1012846,-122020,136982,-20664,13222,-2064,895,-124,40,-4,1 # cft deg4 r=0
469351,1082488,994810,1112864,1143732,-42284,-503150,776192,1009228,-287668,-347518,522132,394422,-71628,-3474,105500,36302,-10184,-4218,816,-25,-44,40,-4,1 # cft deg4 r=0
413911,-675432,-3342150,5333224,4929252,-8538324,10807150,-10121408,7443718,-5163048,3085742,-1733068,931582,-418848,208286,-84420,31362,-12224,3392,-984,285,-64,20,-4,1 # cft deg4 r=0
145044881,-186541544,354553556,-239801552,262814471,-135637424,120697168,-51166292,45623282,-15140232,13449792,-3065240,2820203,-433528,458332,-67532,70354,-12576,9544,-1880,939,-136,48,-4,1 # cft deg4 r=0
14930191,-59684024,110663246,-140573072,161427701,-156876724,132937628,-102980932,71944572,-45655872,26285462,-13677480,6388433,-2629428,961032,-299052,84344,-19416,6074,-2040,749,-156,48,-4,1 # cft deg4 r=0
12744221431,-1255194664,275641606,1215836848,804391181,-4580370964,5813653908,-5355022212,4039098292,-2270127152,1244689182,-501031080,216850393,-65876788,23846992,-5538732,1776384,-313416,94274,-12280,3589,-316,88,-4,1 # cft deg4 r=0
292563361,422587976,3805479636,-5691394192,10788063951,-12377710304,12982674648,-9622168852,6114427922,-3409315352,1613967072,-700229720,262190963,-90571528,28079972,-7735372,2075474,-442576,107704,-16600,3859,-376,88,-4,1 # cft deg4 r=0
17321115376,-70146396256,137844148112,-165936990224,160855873272,-132322939320,98901837702,-65964577008,39141198153,-20154944756,9019893322,-3495944832,1185300665,-355449052,95335176,-23327076,5146246,-1043944,189952,-31376,5063,-552,96,-4,1 # cft deg4 r=0
196961717231,14159855570,912180596641,-1409877661364,2705983038997,-2800794331576,1817263905755,-910711854476,461386266359,-110765954742,70322335282,-4427844740,7950179647,329520532,669228944,53662740,38264485,3189170,1354465,96800,26948,1430,268,8,1 # cft deg4 r=0
2682113180400,-9150701932800,13029234021000,-12224870924400,10396670623920,-7108785459720,3865100694030,-1521438536880,690676324441,-167763628484,91420806510,-19281510880,11183803405,-2166443972,945170448,-145666020,47392750,-5310600,1399308,-104272,24475,-1040,240,-4,1 # cft deg4 r=0
3843692176,-7474974016,14823967752,-19150686704,22201976452,-19453193200,15297243942,-9961371968,5887735023,-2986010756,1388113092,-562928272,210933275,-69199992,21238976,-5661716,1440796,-310744,67342,-11536,2253,-292,56,-4,1 # cft deg4 r=0
1669202832400,1941055470400,1973798918600,347676286800,-433331426060,-73853915600,-11027962610,-667065120,15827106831,-2470734116,-303825252,-933075664,468739083,-85465016,22676480,-5679380,580476,-48120,8630,-4784,1293,-196,48,-4,1 # cft deg4 r=0
48000990400,37455140800,-107951715600,57302126000,486685591780,-1115839969400,1084130553540,-559446175880,212518214051,-85892983124,27025796220,-9726437800,3955367375,-1002105452,420083638,-70524660,25804930,-2895260,913368,-65832,18695,-780,210,-4,1 # cft deg4 r=0
1475696,-3643712,4808000,-2275776,-269568,409376,1876000,-2719008,2110488,-947808,344512,9232,-84008,72512,-24904,11360,-1028,-904,1192,-384,250,-64,20,-4,1 # cft deg4 r=0
2475871,-3225816,750690,3357892,-669913,577484,226602,-466292,692328,-208104,161554,-8276,-26485,45700,-15990,11060,-3280,-448,298,-500,199,-76,26,-4,1 # cft deg4 r=0
1370472001,-230385244,-16594594,561086776,29995465,109698320,40997614,-9176692,25408838,-1234084,3384142,429752,-227483,267856,-78490,17500,-1982,-6908,2510,-1432,501,-120,38,-4,1 # cft deg4 r=0
121744001,-202784356,773683030,-724132568,219210117,47874824,30258242,-74205972,51022278,-18268204,9317934,-2989976,838265,-63000,142850,-28580,23130,-7908,4878,-1000,489,-96,26,-4,1 # cft deg4 r=0
4303561,11395908,-20081610,-60259016,67868177,124960256,-45159090,-92239028,25532238,35450172,-11269898,-8426888,3208877,1377472,-594714,-147940,74762,11876,-5018,-1304,445,56,-10,-4,1 # cft deg4 r=0
382601441,-161395604,-678649186,200068776,405894813,-106119352,-99341510,41212140,24837222,-4058268,-4889930,-148184,1313041,-407512,-116950,112028,-26918,-5716,4774,-936,1,32,2,-4,1 # cft deg4 r=0
319856,-301504,-340544,1558336,1828320,-514720,-582496,734688,664488,-83104,-144528,-28208,84872,-384,-37000,17920,-372,-3528,1800,-352,6,0,8,-4,1 # cft deg4 r=0
18631,24656,64334,185956,117763,115748,410650,-315700,-340888,493232,127750,-277204,23431,106828,-30070,-18092,10312,664,-346,-436,171,12,2,-4,1 # cft deg4 r=0
1105252496,-7483393152,23396669664,-44721403712,58295894336,-54721790656,38091289952,-19990150528,8007807736,-2491422720,613640344,-110894960,3459744,7550128,-2637688,16896,231980,-61784,3004,888,-62,24,-6,-4,1 # cft deg4 r=0
1753522271,-5087541568,8440910972,-9607676812,8454539117,-6046288424,3626685096,-1812662212,742471556,-250927528,83721476,-37427292,18768981,-6639120,811492,488780,-271948,44088,7704,-3980,213,152,-20,-4,1 # cft deg4 r=0
18206096,-40196928,2784459232,-8335597440,24259736320,-39237564800,45818721952,-31007200896,10832425016,-441375296,-821331144,191703568,47124256,-20749520,1210744,727008,64340,-57384,9764,2304,-758,168,2,-4,1 # cft deg4 r=0
32107102831,-134790059496,266495852940,-329226110716,281674528329,-172818340840,74727725732,-20106643748,1006176212,1955401072,-1059063572,302755764,-45219079,-3712624,5126648,-1902292,395116,-16368,-15216,4996,-679,56,8,-4,1 # cft deg4 r=0
638405631,-4480874316,14949329310,-31165623036,45046869019,-47404953340,37103285652,-21635492148,9220616112,-2719015588,471114418,-8467996,-20247809,7344236,-1872752,233388,59656,-24708,2114,-524,211,36,-12,-4,1 # cft deg4 r=0
1548805751,-9707182348,28569013362,-51190831212,61771790667,-53053487764,33828718856,-16852129492,7073442576,-2683830308,890696166,-210220012,14844391,9142900,-2240788,-685300,467512,-93252,1694,2340,-317,12,0,-4,1 # cft deg4 r=0
84938921,-571798528,1658769362,-2924882700,3953470990,-4610844480,4420855982,-3355602676,2201133191,-1085280736,396335796,-76899752,8489596,-4016800,3360404,-722152,4095,17056,11114,-2156,-458,288,-18,-4,1 # cft deg4 r=0
2289593071,-9537830636,19600438710,-25406600636,23079162299,-15595117340,8287689172,-3659895508,1378912272,-422773188,95997978,-16775196,3251951,410636,-1280432,669868,-124104,-21508,15834,-2284,-429,196,-12,-4,1 # cft deg4 r=0
31862361121,-152122408592,341701366114,-474231463412,450262473646,-305356963176,148977231342,-50337073588,9904591511,144817120,-852231436,315302600,-60809156,2718288,2848052,-1242984,264055,-13904,-8806,2828,-362,24,14,-4,1 # cft deg4 r=0
48034393391,-222354051328,494531101972,-697394161132,687486781277,-493401823624,260820725216,-99984873252,26226578356,-3872532808,-58698644,170255748,-34270539,-1801520,3260092,-1149300,247972,-31272,64,500,-27,-8,20,-4,1 # cft deg4 r=0
66244561,-480164128,1716783282,-4318643500,8685425510,-13909338720,16694605982,-14194867956,8258534791,-3189383456,857448036,-229712552,87431036,-27186400,4026404,-82792,60695,-35584,154,1844,-418,128,-18,-4,1 # cft deg4 r=0
36868751,-238409576,631685460,-848527516,517418489,54342200,-251376468,28782652,190421332,-193967728,96229988,-27852716,5088601,-691984,-161312,284268,-122484,6832,12104,-3964,41,216,-32,-4,1 # cft deg4 r=0
19713288151,-28880322348,6126868202,20772363028,-22000941733,6838044236,5141006216,-7158721012,4236787296,-1408464388,188303726,73096788,-46742009,12275540,-614868,-566260,276792,-57732,7574,1540,-717,172,0,-4,1 # cft deg4 r=0
366688481,-1410201872,2548467114,-2797590452,2097398686,-1253599496,799212982,-608471668,428492071,-232396000,95128244,-32388280,10668524,-2943792,80212,440536,-207385,28016,9234,-3892,118,184,-26,-4,1 # cft deg4 r=0
4121321,-28829324,104698146,-242061404,400433295,-495876280,489232884,-392028552,270326278,-158382644,88564102,-42105028,22032607,-9075704,4517040,-1606080,675958,-212268,68710,-20772,5031,-1200,228,-24,1 # cft deg4 r=0
138820336,566499648,1308353152,-408768384,2416183360,-1021075808,1630714400,-413063872,448668600,15670864,47355864,20388096,18252352,-9723488,10949304,-5028528,2336828,-750744,213816,-52168,10154,-1732,254,-24,1 # cft deg4 r=0
121300801,637513204,1377576080,1384268252,614375237,871446284,1833957632,1106798088,-62480382,-4916204,132057184,31839684,-12333935,-9151060,13720420,-6355920,1944330,-513708,146108,-39980,8309,-1476,236,-24,1 # cft deg4 r=0
835696,-7701824,30676864,-62260864,52905888,29868128,-106717920,80369600,21671112,-130653968,197225000,-184661824,135569776,-75712992,35527960,-13156272,4242612,-1130616,272384,-59576,10406,-1628,242,-24,1 # cft deg4 r=0
377456,-2344384,7577344,-18808704,37107008,-57141792,76208480,-81436480,67148472,-43269808,23606520,-10330624,4127056,-2102272,1389640,-807632,461892,-154696,57384,-18696,4506,-1108,222,-24,1 # cft deg4 r=0
268744816,-468509632,1129554752,-1545105024,2138474400,-2106741088,1921178080,-1348576832,911521800,-493362896,275851144,-118551744,57280352,-19807648,8347864,-2501328,903468,-263944,78416,-22808,5574,-1292,234,-24,1 # cft deg4 r=0
130576,-228576,970832,-3556656,6866896,-8066928,6935106,-4813512,3011059,-1655448,1026798,-671568,375770,-170652,92396,-74592,45411,-17380,5234,-1784,448,-36,14,-8,1 # cft deg4 r=0
5434736,6221024,5183272,5230864,7170316,6033992,3786926,1915528,466459,-9128,262798,335552,208050,58188,5156,-1792,-2449,1260,1894,-264,-272,84,14,-8,1 # cft deg4 r=0
4357985776,-2617273376,5432143592,-1459282416,3280622316,-459858328,1105501366,-367135672,115374339,-115087368,52239478,-32337568,16547410,-7694372,3339316,-1142272,391311,-115780,30094,-7624,1608,-316,54,-8,1 # cft deg4 r=0
1466598416,1063341344,1768406512,942127504,1451697456,925837232,916649186,453075608,253028419,63794392,38651878,8697712,7073410,183828,1130956,-1312,34571,16140,-3566,136,408,-196,54,-8,1 # cft deg4 r=0
237497231,-1475584580,5037565166,-11643118056,20568829152,-27173337708,26706490102,-20286276072,12534934671,-6499839272,2806283388,-969681216,257540844,-56228088,15638748,-6681936,2532785,-675284,133894,-24792,4692,-668,62,-8,1 # cft deg4 r=0
9468890591,-19826486180,12198140926,2915514984,-9869947228,6398745052,610881102,-3627821592,2672855431,-780734632,-168083572,265533424,-116034156,18774792,6803188,-5809696,2204265,-581044,123094,-23192,3912,-548,62,-8,1 # cft deg4 r=0
12235511,-147061460,774710326,-2345879736,4571596972,-6113289908,5856782902,-4172500952,2322836071,-1096431912,482675788,-202427856,75399124,-24070008,7275508,-2309216,666225,-147204,29534,-7352,1472,-148,22,-8,1 # cft deg4 r=0
311124271,60635580,-995720714,1013126424,399236352,-1875169868,2267137502,-1569632872,643135071,-105686792,-48495492,43627904,-16215716,2819432,119708,-101456,-6975,-4084,9214,-3352,452,-28,22,-8,1 # cft deg4 r=0
3087361,5914034,4770679,-2553736,-5550002,-3999228,1373660,2073200,1405947,-352922,-488065,-200776,14856,67842,13670,1692,-733,-1684,-341,-164,-24,38,12,4,1 # cft deg4 r=0
17845463551,40082750324,54580418446,67267778684,85598533265,91878704960,73874359454,42929174172,17790958908,5121490124,986739702,134301628,25310792,8261944,1973970,331940,44903,18908,11660,2772,101,-80,-12,4,1 # cft deg4 r=0
9292631,-37416306,113031143,-8527292,70256757,144593030,51458335,-50586658,-8982632,-13341756,4629174,3085002,2630840,1352966,620417,222134,67180,21974,5085,1816,339,32,31,-2,1 # cft deg4 r=0
11181791,-26068098,188991717,-431002276,912598855,-505154912,228315215,-379181958,240362060,-68162064,54428989,-38297046,10426322,-3150372,2186944,-629452,56318,-28826,13296,-1212,109,-108,24,4,1 # cft deg4 r=0
4433824321,-5163675952,6007452644,-3775457432,2819146227,-1246566776,775587744,-284210444,177760570,-56925488,31851896,-7522952,4663595,-946416,777844,-129796,83270,2088,3696,288,867,-96,56,-4,1 # cft deg4 r=0
35228606551,23914511900,64973722630,33375207504,38020533760,14381195012,11631627790,3638766600,2329751551,612831336,353595084,71912672,41833684,6375528,4032404,256224,412697,-43908,42798,-7632,2892,-428,94,-8,1 # cft deg4 r=0
69352951,-122645220,200776246,-187002496,85899492,22179292,-51429338,29393768,-28849,-11162472,3679428,1230464,-897316,377032,106348,-179616,-3975,33516,-346,-3712,112,252,-18,-8,1 # cft deg4 r=0
3027556496,-1736809984,1471498848,-422209088,775839776,311878656,525762352,58070080,226466928,-2854688,85775560,-19795808,19850348,-4535536,2770160,-586992,219964,-33232,13868,-2512,728,-96,42,0,1 # cft deg4 r=0
2320952671,-858296100,3090642950,-1010090496,1923053660,-252908988,910471990,-165249880,140315631,-7476264,53535404,-3043488,13305764,90568,1428284,180864,147457,-12628,26718,-6272,2592,-428,94,-8,1 # cft deg4 r=0
2426803216,2804911936,3234333088,4164873152,3925495056,3398665856,2614000752,1675951040,949262288,451283872,181658160,67012192,20092348,5298144,2359960,765808,162624,68928,14708,2928,1028,64,42,0,1 # cft deg4 r=0
17479372751,41822525408,63826628502,65133871152,52774261105,32628306596,15948111632,5577986220,1264852488,9719264,-71502810,-21412064,6616501,3088508,1430052,72300,36192,-17704,4794,-1584,413,-52,20,-4,1 # cft deg4 r=0
10770871,48946580,98924086,102342224,37864552,-37061868,-49633058,-10115192,17193391,10528328,-2838412,-4306496,-144356,1171112,216548,-229056,-51335,36036,6214,-4432,-148,292,-18,-8,1 # cft deg4 r=0
137066356711,-60706311740,72052816766,-59938939056,32518987192,-19237999708,11566339862,-5170732152,2329081791,-1070218872,403734388,-142427776,52376844,-16331608,4645828,-1315136,339385,-78764,15934,-3472,812,-108,22,-8,1 # cft deg4 r=0
167119271,-889920592,1394466742,4627373552,7968124865,7246999876,4055168832,1263028940,177110848,-22527056,-16612730,-5724544,-3474939,1827388,1083732,56140,-107448,-15384,11834,-1904,813,-212,20,-4,1 # cft deg4 r=0
3368336,-20762304,46484448,-54023488,49256976,-31664384,25023472,-12033600,7752048,-706528,-1076080,-902048,959548,-298976,156840,-78992,16784,-8832,3748,-272,148,-96,2,0,1 # cft deg4 r=0
22686751,4543980,91097230,-6659456,93788780,-27369068,48431230,-17435160,13079551,-3982504,2529804,-267808,160244,65288,29404,-3136,2417,2972,-202,-512,512,-188,54,-8,1 # cft deg4 r=0
14012816,5888256,3217248,-7499328,541536,-662144,5105072,804160,706448,-521248,947080,539552,232748,-158576,-93600,-35632,7964,6608,2508,688,208,64,2,0,1 # cft deg4 r=0
67872671,-594110340,3787216366,-7752103776,8304477452,6491014972,-4982362818,-418327832,1288047151,-186226312,-59119772,33549184,-8611716,1020712,287468,7264,7345,-21844,9294,-2592,552,-68,22,-8,1 # cft deg4 r=0
704111,-2158260,5583630,-9150096,12821320,-12955948,9659670,-6248440,4390111,-2566424,1066124,-279328,3284,38568,63924,-66976,9377,10572,-3802,-112,452,-188,54,-8,1 # cft deg4 r=0
100230161,255693088,875961072,1266596032,1238136135,598639496,365790492,192757500,-103182042,-77578016,57608900,19261536,-15690189,-1995952,2820872,65500,-257158,18216,8924,256,543,-272,20,-4,1 # cft deg4 r=0
17328782591,16652711788,-34794854598,13475457220,50027216830,-86534019860,77366935242,-44212071844,17762031551,-5205878504,1400680806,-391303228,126968876,-29432140,7741304,-1278368,484000,-25136,24504,496,1392,112,42,4,1 # cft deg4 r=0
9196550471,-294164668,9993045454,6451501412,4961459771,6063475216,2722694382,2528394228,1274033691,688334760,394632874,138338140,81908439,20867872,11667732,2300204,1144845,176904,76164,9012,3293,276,84,4,1 # cft deg4 r=0
496163401,857197124,61421612,-765927576,-133597794,546056692,197618596,-165011952,-16184376,54500912,-4565342,-3848288,12090040,1451768,-95764,984768,70001,-13040,50234,-11144,4088,-556,114,-8,1 # cft deg4 r=0
765300736,163495936,3271092224,53563392,356469760,336822272,624897024,371821568,121702400,-120320,-23865472,-6296576,6801664,6742272,2533632,256640,-140080,-70976,-6824,2064,1100,16,-14,-8,1 # cft deg4 r=0
1072703321,-506194972,-1007589852,928537732,3041812119,2056244936,111980110,-220299388,3326820,-51891928,-64184148,-870296,7960676,-2566440,-455352,983648,131300,-78912,690,2892,-1066,-4,42,-8,1 # cft deg4 r=0
1709855585201,-5858762259584,8954448486956,-6994892362576,5199405599781,-2567574990884,1195161964772,-451634626884,144487972060,-45543010932,12730189634,-3536365448,1030443927,-197960388,22979096,-495784,-525373,155628,-27340,8036,-1016,180,22,-4,1 # cft deg4 r=0
307992511,-3491615338,12182164063,-15220082820,17147576595,-3544337504,-6121038563,6798108384,-3366614735,400601964,630077558,-481842302,175562426,-32690930,-175063,2123400,-553334,17600,29497,-6854,402,198,-37,2,1 # cft deg4 r=0
41445271471,-106366334728,149145336962,-157609080064,129943701812,-84925390460,45375026290,-19478832496,6495698548,-1818899748,648409626,-347535156,170017190,-58079292,11810678,-724932,-230810,12832,26670,-7848,519,156,-16,-4,1 # cft deg4 r=0
8792911,62427528,192085038,282972132,272075299,98145876,-71472510,-123659028,-47273300,16396512,22455212,2530744,-3097054,-859520,330208,34568,-38360,6828,5250,-1668,-306,156,2,-8,1 # cft deg4 r=0
121,1364,7292,-856,-102754,-88268,648176,437408,-2179456,-339568,3924078,-4294288,4352760,-2891272,1318536,-524032,116601,-6560,7114,-6264,2168,-476,94,-8,1 # cft deg4 r=0
3306905530081,4439106565568,3475655115444,2797115502908,1578524307511,533290699004,150042908302,35479449032,-956286824,-2507601840,-241073396,-65726760,2314964,22657928,4502972,605356,332220,-9824,-5846,1888,-602,24,14,-4,1 # cft deg4 r=0
121202932831,192711646806,347551023259,378330578078,331346383832,235046623042,131603800241,57010562904,19415903603,4592036054,827385362,473044696,424032191,234997212,89032678,24910550,5411427,901788,125535,18190,2916,478,35,2,1 # cft deg4 r=0
1532847361,5843184296,6131132308,-4201150436,-14230792831,-9970789676,2625260858,9571950364,8482913752,4890124952,2230693190,847376676,267931590,71143700,15981454,3661748,1100497,307288,62754,7012,651,340,36,-4,1 # cft deg4 r=0
8851456,44589056,141441024,292421632,463365120,575813632,577508864,467586048,304302080,153932800,54493568,8084224,-3937856,-2563968,-23648,577280,246880,6944,-22864,-4336,1040,296,-34,-8,1 # cft deg4 r=0
6295556096,-9691930624,25373579264,21533458432,40733742080,20742592512,9727174144,-1596572672,-2306785280,-1460730880,-240354432,36955904,69054144,20534912,3123232,-1173760,-349920,-92896,14256,2064,1280,-184,6,-8,1 # cft deg4 r=0
223182330031,-1064560445208,2283789214722,-2908652810744,2492675472572,-1559644425220,756464237630,-295974034576,96318252478,-26876453248,6569689966,-1458912916,322522030,-74848592,18288598,-4482772,950690,-164608,20400,-608,-331,56,4,-4,1 # cft deg4 r=0
1321617001,8966195924,16330921132,1027359464,15465739086,-2146540908,5687267776,-346914272,836357584,227674832,-10732962,89704112,-15730760,12017048,-543384,337408,302761,-85440,47994,-10424,3128,-476,94,-8,1 # cft deg4 r=0
8739284431,23298320568,34769051238,32112532132,22188221699,10222468036,3387632570,687466892,274306140,204273872,134887012,42031544,3320506,-2074320,69928,465288,95200,-23652,690,2492,-466,-4,42,-8,1 # cft deg4 r=0
928833845711,3652272628476,5897228882586,4729307971676,2321713769350,941441866580,512375075254,38416248348,69339916643,8561836536,2506715602,2304069092,-284996648,214314076,4327680,4276240,3924128,-516888,317060,-24952,10756,-520,178,-4,1 # cft deg4 r=0
844700671,2369844436,-224222318,-1326852186,2075764737,-2463203984,2656743359,-1791095942,943402775,-555238478,278458779,-109029820,46949435,-15868092,4599081,-1751060,484361,-128378,43790,-4584,2491,26,89,2,1 # cft deg4 r=0
2284991951,-1381268152,4222253870,-4949621596,8371488092,-9069723544,7593815020,-5589408848,4153371253,-2247646748,794743762,-170408208,13361747,3724612,1161276,-925140,805592,-230464,88282,-14824,4205,-404,100,-4,1 # cft deg4 r=0
90519841,-79309372,88523868,26430372,79665679,-90677784,46747310,13178532,-10844380,-3331528,10509852,991144,-1891644,-41320,449368,-21312,-54820,10448,6010,-1588,-306,156,2,-8,1 # cft deg4 r=0
875892736,3677208576,7454337024,9705541632,9348992000,6952558592,3988573184,1821211648,778163200,344834560,115800448,18038784,3126784,3081472,580992,-365440,-154800,-29376,-2504,2064,860,16,-14,-8,1 # cft deg4 r=0
268220401,-1224407356,2663452652,-3588884216,3541909326,-2841910108,1993930796,-1258155792,715361864,-370601808,177789818,-79144608,32880480,-12672152,4594596,-1548192,492361,-141920,39194,-9384,2208,-396,74,-8,1 # cft deg4 r=0
2404841,18679488,70716164,166657468,264671997,254804924,85967574,-68435084,-36873020,9719672,-7997314,-6468492,1694770,314844,86434,85204,51205,33688,-414,1948,1267,-116,76,-4,1 # cft deg4 r=0
168712801,-1190959582,2518622401,-429747790,-1889060548,-540949062,452271015,759674424,431937795,206425470,58587228,9103320,1424733,-1714204,155810,-210942,85029,-16356,11899,-854,950,14,47,2,1 # cft deg4 r=0
67450812311,331207048744,863172570516,1378248585532,1513066228473,1198457975692,694813639410,294149840652,87733957693,16099426464,668482686,-502877992,-111463994,10302980,9980054,2444352,419155,84992,17048,724,-530,-96,20,8,1 # cft deg4 r=0
337471,-2183892,4326794,1710308,-16549963,11858864,15324994,-14298164,579160,232932,-2109234,1939668,114400,127064,67414,-58196,5875,-10492,2136,-1012,457,-96,36,-4,1 # cft deg4 r=0
1309631,-8954212,18343514,17949508,-163931683,110118144,416729594,69124716,246174440,98310532,43219926,31945748,4791360,4317784,771694,225804,164235,-12172,23216,-2292,2017,-176,76,-4,1 # cft deg4 r=0
148704041,-337479392,288665324,-107100612,33544677,-14426836,4611534,-17754764,25432740,-18854568,13350326,-7666572,3670210,-1662196,663234,-243756,83925,-26232,8186,-2052,627,-116,36,-4,1 # cft deg4 r=0
7566921151,-12277045656,20747373610,-24355440704,19022843525,-12726213244,7626281688,-3922747844,1900304428,-861804032,352531910,-138432800,51018013,-17322868,5794684,-1813868,529132,-150416,38310,-9112,2101,-444,88,-12,1 # cft deg4 r=0
11816361,157464,-27964440,8580816,24835815,-26406864,7971588,3631356,-2974522,1761648,-1924520,1182640,-8777,-360048,205384,-66588,28342,-15016,4260,88,-289,-24,48,-12,1 # cft deg4 r=0
329399041,334507864,-686768280,-207987184,796788335,-346777904,-260877012,372612316,-76359282,-74923152,76963640,-27261680,6600543,-208,-579376,532932,-168898,36504,-3980,-552,871,-344,88,-12,1 # cft deg4 r=0
76711,-23416,-365230,99616,270405,282756,4011248,766236,1998148,1027648,-1968530,-143520,1021213,-250068,-228476,126132,13732,-24816,4350,1928,-859,36,48,-12,1 # cft deg4 r=0
317278736,-653339328,4539057600,3510345472,3590792416,1467637344,1664278304,86178944,359464320,17959328,48954624,-3815888,8023976,-2215184,1091040,-311856,72792,-30664,11336,-5440,1820,-496,96,-12,1 # cft deg4 r=0
35981272681,-53099370608,36343922770,-13638652428,3391526661,-431697356,-337673126,65360964,166666570,-104756232,34085674,-15396908,6997921,-1897844,775850,-340156,64562,-13784,6546,-1820,605,-236,66,-12,1 # cft deg4 r=0
112551871,362340732,834613540,1133525592,1033471821,650632124,487608164,245141404,64714500,50581508,10882684,-746448,3698861,-655644,-123320,205404,-82068,4036,9096,-5880,2045,-516,96,-12,1 # cft deg4 r=0
40274761,56076592,10525260,51435292,28379881,-19517756,21036704,-7232556,-484910,2228608,-3925356,403052,306621,-409324,292300,-21516,-40998,27376,-6144,-340,745,-316,76,-12,1 # cft deg4 r=0
40648336,22822272,15590400,16543552,17536336,-4805056,3830144,4993664,528640,194928,1926584,-446768,-601104,318736,-184960,-32256,65312,-19864,-1924,3600,-760,-36,66,-12,1 # cft deg4 r=0
665804176,-2394426048,3583944640,-2604211328,520114176,462545184,-109396896,-281478656,193709360,-15693792,-14538096,-8137808,6939096,-144144,-269440,-151536,24032,-824,12856,-3680,-400,144,36,-12,1 # cft deg4 r=0
5162921,83827492,557497300,1989486212,4167409206,5120868924,3338106564,645339764,-510916545,-362564472,-17612576,113840552,37107876,-39970584,-89440,6331544,-1391433,-272524,149676,-13420,-3370,764,-4,-12,1 # cft deg4 r=0
4577529241,10905332272,-784085730,-14288743188,3479469261,10346900804,-8066441886,-1154774476,4674415950,-2778365552,549550734,228548692,-199899499,58836636,296090,-7253476,3190942,-742184,81926,6260,-3715,444,26,-12,1 # cft deg4 r=0
4357802711,-18816667668,43895323630,-59280290188,73174604636,-58844214876,45714949814,-24124878956,11487784835,-3532275272,604978324,157442952,-144726864,55497976,-7810260,-2558216,1797157,-416324,18286,15620,-4060,324,46,-12,1 # cft deg4 r=0
135686952281,-395328100248,661469853810,-753666124468,651696897551,-439633043576,235487265184,-98696505356,30730171090,-5790057032,-225222586,630563012,-233338149,34207296,7748460,-5877956,1611802,-174464,-33154,17700,-3145,144,56,-12,1 # cft deg4 r=0
858423311,-5197655928,15542625490,-30579804408,44223325851,-49669764256,44644023164,-32601275676,19418770260,-9364667992,3569580534,-1013890328,179580271,-1645624,-9567160,2414164,34432,-144784,21566,5640,-2505,264,36,-12,1 # cft deg4 r=0
750710428081,-2405409686948,3803778398800,-3992454833628,3117075893406,-1908701597596,941981050304,-379358072876,124582795135,-32953535592,6874738424,-1121476408,169651396,-42820744,15597960,-4423496,718927,16236,-45704,13140,-1810,4,56,-12,1 # cft deg4 r=0
546526212871,-371353425296,238853769198,-122010952376,45644981729,-16880531380,6165598380,-2317814860,988165596,-397994552,157330770,-51517760,14809153,-3932956,1079036,-314324,100200,-28568,6110,-1568,461,-148,56,-12,1 # cft deg4 r=0
2156041,7490984,12285708,-25962616,-60457321,47215560,115567000,-34873340,-77808474,15624648,24518020,-4982240,-3820237,1028504,260936,-85364,-23770,-7048,13500,-1968,-1129,312,16,-12,1 # cft deg4 r=0
60106643761,2059851064,-20174399732,-5253889176,17305549799,-1651151400,237585920,181605380,161634206,-135614312,178427540,-73103680,30311363,-8876216,1774336,-154804,-47090,40872,-12020,2032,-169,-88,56,-12,1 # cft deg4 r=0
1437671,818784,-1473722,-8923416,17033449,-12037300,26068980,5380340,-17624724,-16416552,18700330,5656480,-7819047,-798236,1853396,-43284,-263080,28632,23750,-4608,-1099,332,16,-12,1 # cft deg4 r=0
138911,-2542314,11879513,3649212,18555082,9914530,14294250,6803058,4921553,1531026,1212824,293958,396025,36674,86562,-10214,14805,-3554,2700,-406,414,28,31,2,1 # cft deg4 r=0
7606631,37867456,77404594,84838196,52565548,45697528,51259030,-10164340,45522067,-24880528,26933260,-14456104,9926816,-4533632,2320700,-863752,345477,-100656,31954,-6796,1796,-248,62,-4,1 # cft deg4 r=0
1410841,302334,2633877,5051304,8395133,12252980,14574427,15547296,14937067,12508618,9278418,6039768,3440137,1731228,788220,327548,131539,47266,17193,5016,1518,314,70,8,1 # cft deg4 r=0
12407471,-3751744,-17426774,11631076,219206580,325078400,287087694,171827868,81409963,28840496,9736572,2537032,1005272,111216,17500,-47960,453,-6288,650,-492,356,-80,38,-4,1 # cft deg4 r=0
285358441,-1495975196,3618644568,-5276137608,5437179358,-4592725740,3755253396,-3217105360,2669938604,-1941006056,1189403166,-615338272,272336672,-104596488,35444240,-10702144,2887285,-692072,150922,-28728,4940,-708,98,-8,1 # cft deg4 r=0
7578653545,16294038280,11880032800,3610126400,3612470136,3725200320,740846978,-154307356,360694917,-46080920,-88232774,15248528,15973013,-23652580,14259966,-5474328,1614410,-384412,88436,-17668,3327,-456,70,-8,1 # cft deg4 r=0
8858488201,-38495935960,73812441720,-78852383586,48242905907,-11505622218,-7341152105,11031355156,-6768140400,2537878424,-303895764,-218044380,215437503,-110203024,43507500,-13905004,3789529,-904702,189313,-33408,5460,-770,86,-8,1 # cft deg4 r=0
5228801,8385524,54827328,-319381128,730693198,-1272955820,1758557096,-1809424000,1436392564,-947244376,538511346,-266129712,116515592,-45822568,16130460,-5118784,1471365,-377672,87442,-18248,3300,-548,78,-8,1 # cft deg4 r=0
98420263231,-107845700120,55270388786,-18062441360,9136334598,-7551396340,5302370322,-1445167960,-84365645,-54380020,134231714,-35008520,-1849352,2283720,31796,-368000,83760,19300,-4192,-640,508,-40,-26,0,1 # cft deg4 r=0
40924101121,-103473278760,83701288116,21892541800,-53181618768,8229230060,11311180042,-2295243620,720387633,-48995000,-373652618,65261660,1999213,-8198960,3623142,-49120,-46842,81960,-16008,-3360,1847,140,-54,0,1 # cft deg4 r=0
10279537721,-144660460,-448674284,1222217950,-842811233,-1570179410,2050339635,-1214787580,318096354,130591660,-147269918,57618920,2845021,-10566360,2204436,593260,-154189,-29510,-11681,2300,1846,-70,-58,0,1 # cft deg4 r=0
5651144951,-2010776160,5540800666,-668740640,-444216982,886182300,47522442,-106089160,-79122425,-9511700,23885694,7527560,-594792,-2184520,-320144,239040,104620,-17620,-12912,640,988,0,-46,0,1 # cft deg4 r=0
325634416,-326558080,785886336,-504972288,492238800,103344224,-130517520,157898592,-78976080,18589632,3917288,-8754272,6089012,-2470544,761720,-79456,-25224,17784,-5492,944,-164,-16,18,0,1 # cft deg4 r=0
2607844496,-5523551360,7778629856,-7302071488,5609466080,-3507599936,2029270960,-1064609248,548497360,-254076288,108153488,-37862912,12290852,-3718624,1309360,-379776,103516,-21416,6668,-1216,376,-56,18,0,1 # cft deg4 r=0
35216,187520,2553376,-6963648,4147040,3882944,-6792080,2854432,1728880,-2377088,785648,293888,-335228,82016,32960,-27136,2556,3864,-1172,-416,216,24,-22,0,1 # cft deg4 r=0
31216,-97920,225536,-361728,503120,-595616,689200,-693408,695760,-583168,411368,-236512,131092,-83664,32520,-8736,9656,-3976,-452,-16,276,-16,-22,0,1 # cft deg4 r=0
7449551,20995716,75697670,-549525680,968475105,-520418564,-480822004,807566072,-251742383,-243806800,208568668,-7676272,-48395694,14690416,4579454,-2855116,-52990,266768,-25362,-13600,2191,364,-76,-4,1 # cft deg4 r=0
826734721,190027660,1371396556,243890416,1059641096,160046728,515916916,74201300,171269969,22917836,40033540,5079448,6761810,807932,813030,81940,69325,4492,4792,-20,309,-48,16,-4,1 # cft deg4 r=0
227497561,-872901924,5690993280,-17141238120,22132318955,-12084395524,351791616,3058989912,-1486116393,-4490200,251968148,-65223512,-20796734,11720796,1069534,-1591916,103930,126368,-16872,-7240,1281,264,-56,-4,1 # cft deg4 r=0
166909844191,-296505820764,330340463270,-266697907120,166005947945,-79139107444,29867380796,-10219818088,4150504257,-1817512080,574200188,-62602192,-24152214,5410176,3465134,-1617836,74850,88288,-9002,-5440,1111,124,-36,-4,1 # cft deg4 r=0
142158911,59628168,73908830,-126735376,-144231803,83367596,124247140,41773852,109300008,134250072,60787622,25471232,16680417,5585012,1840616,702060,264152,14576,34962,-2944,2425,-204,80,-4,1 # cft deg4 r=0
1676371511,-4872150344,9676332118,-6811979816,1920585629,-753834116,64160008,310069124,-119243508,32472152,-17564850,-4910264,5727685,-2234100,1390964,-517172,125692,-47992,11194,-1328,601,-100,-4,-4,1 # cft deg4 r=0
9720241,-10134582,15935647,-8456772,37248134,-23089558,45225392,-17451182,18267617,-3461954,2794070,460822,81025,235170,19136,24746,13357,1754,1906,454,106,60,9,2,1 # cft deg4 r=0
22483798121,148170966776,458355574878,495978411142,550913876552,399683268400,309777484475,176672971518,105848200313,47612820716,22624483014,7846715128,3046509395,801645784,262889592,50755926,14737975,1959636,541005,43444,12669,488,171,2,1 # cft deg4 r=0
18331468241,63182086464,107559478464,120100853918,101504448696,68799113460,37160726229,15269542758,4592871969,1217029516,474535192,211045564,63206363,11618056,3970404,1217494,293713,-33236,15379,-2656,1163,-40,47,2,1 # cft deg4 r=0
17671,33160,-6018,-10888,127097,-167220,60272,-98716,201100,-84608,-46882,7320,56329,-44836,11496,2876,-3024,344,582,-288,17,20,0,-4,1 # cft deg4 r=0
365814961,191840776,-1170091656,396867856,1540859083,-1309250512,-436917480,418515500,-73482138,201386952,183114220,98353456,63918551,20279848,11056020,1821628,1310362,34464,104244,-4256,4771,-248,112,-4,1 # cft deg4 r=0
48373001,-255097936,313756160,-103671256,655774559,101762520,189262872,-140124348,-71988838,-20446528,-367412,18417864,17511,1090976,-882532,-232132,222526,-29848,8764,-4384,631,-64,8,-4,1 # cft deg4 r=0
15366080641,3215103296,15414707480,3529917840,8271925435,1626484256,3016263516,478243292,789793582,98282600,156389028,13738448,24327551,987576,3107564,-67316,333750,-26792,28648,-3120,1751,-176,64,-4,1 # cft deg4 r=0
2972152951,-1797266752,30648105886,-63435816576,84622959241,-76217901540,51253064736,-26690468196,11290876864,-4137756608,1427052958,-514531408,182745173,-58533468,14949716,-2621028,290448,12408,3346,-1488,1293,-220,68,-4,1 # cft deg4 r=0
1449671,10250348,66153102,156701658,263187154,395561012,405066897,374234498,299431707,160144236,117814950,35871592,28459185,4545220,4589236,342306,500877,18384,36741,1084,1811,60,59,2,1 # cft deg4 r=0
34282418231,88624948424,102591129460,96336537018,82779781202,46558707988,35029256675,13590770654,9522009293,2727980716,1816254868,400998204,252772877,44021896,26003274,3566570,1973037,206268,108443,8032,4105,188,95,2,1 # cft deg4 r=0
21413980321,-172983177570,609702799889,-1288995700368,1743713574526,-1500986992446,1017301860734,-489818881850,171289707489,-48233196522,7494487950,-1158601834,124314255,-1956414,40468540,860310,3692105,323526,179058,16950,6454,316,129,2,1 # cft deg4 r=0
12041,-176000,1257072,-2242168,681567,1577920,-2690848,2238084,-476150,-448728,744508,-389640,416899,-340856,214296,-73524,14846,4104,-3568,1312,-233,0,20,-4,1 # cft deg4 r=0
136196161,-855112936,2330175960,-1850054160,2520292551,-3459068984,2860798496,-2295005732,1740161550,-981515808,490854396,-189945968,55127547,-12028448,2291496,-315220,452998,-116624,82416,-11056,4883,-360,116,-4,1 # cft deg4 r=0
1226020511,367849032,1066995786,-15089631056,28609774857,-25269557556,12741230604,-4008363428,756786208,-34841432,-8595622,-3375872,4018341,-2702636,944792,-331620,66152,-2784,710,800,341,-44,40,-4,1 # cft deg4 r=0
1437221711,4164405496,5602286370,3429705280,2416701765,-633138644,995931176,-1574944148,566815872,-606494240,203273178,-45314192,18969461,11322116,1134464,1735004,431160,34048,66138,-5200,4001,-276,104,-4,1 # cft deg4 r=0
1265683305871,1346242194160,2302599332286,740494259696,-28469229819,-92768171012,14289637896,3751759340,3047518204,4680267816,1986090490,531360808,259129965,72116052,14096000,4960820,1083800,116712,49462,7640,129,252,36,-4,1 # cft deg4 r=0
10476745871,5602066504,19405763740,10723373738,33572045842,9507441908,29171430915,6388132494,15331723813,2673666796,4514190068,660717244,798171397,107949256,96478954,12899130,8220477,919468,429203,30672,12185,428,175,2,1 # cft deg4 r=0
792393256351,-1619206557672,3085472208834,-2147347704074,1613211939856,-481303138612,122503554087,-10509546734,-4183942793,742212764,-171755832,91467940,-21451947,2447196,4810628,1173546,227229,65992,31811,4480,1419,232,47,2,1 # cft deg4 r=0
4212202871,5585226908,10914743742,9757496858,10386541754,6700624132,5081305777,2543797378,1534237507,620712316,315045510,106601272,46283185,13636820,5050316,1321186,428637,93984,29541,4604,1611,140,59,2,1 # cft deg4 r=0
238545095641,-339666193864,175166571168,-157759770032,94108365739,9120618736,-4851710856,-1863431204,1068129470,519017032,-228272272,39954312,37841791,-5530928,-1062312,384692,-41170,-20584,11904,-984,-101,128,8,-4,1 # cft deg4 r=0
4721641,5736536,-47653472,-48757016,180555419,178187424,-216159972,-209652316,144559682,140284632,-39507100,-39113784,7649395,4563240,-1285016,-89252,114382,-7632,-4716,-1728,811,-40,-4,-4,1 # cft deg4 r=0
53338321,-83264672,396925400,1808210864,2525735767,2722142376,2701544860,1806906092,1374353758,651983232,394251652,134919632,72560547,18936512,10270736,1834140,1056762,66296,80172,-2464,3895,-224,100,-4,1 # cft deg4 r=0
3178719121,8161758064,13122707040,13164766184,6936709959,-1376058520,-636644968,-210094108,-158015038,-91797248,38409228,-24954936,7552431,-1684144,778748,30588,28726,7752,-916,1216,-49,16,8,-4,1 # cft deg4 r=0
1175007401,138687016,1547538544,258365136,1322164763,268331328,636676240,121715660,210051822,38403912,52804580,7412176,11223511,732088,1964780,-23972,274162,-17216,27484,-2336,1891,-168,72,-4,1 # cft deg4 r=0
163634111,-542168200,1227398302,-1325637288,1052073537,-731381300,401465592,-187375516,77024740,-22710928,8663198,-1221160,1261089,-308516,414176,-151524,100456,-29976,12982,-2848,937,-140,40,-4,1 # cft deg4 r=0
15929071,-31042344,58253770,-100538080,146375205,-154879844,158271776,-156830388,129527872,-77959200,44857138,-23360112,7090421,-377644,-432616,216924,-50680,-2912,10338,-2960,1441,-196,64,-4,1 # cft deg4 r=0
20022537641,-52999564392,66990252116,-56504854176,36327631031,-16373609680,4056799896,684646604,-1357787146,774078472,-245461752,19971232,24307723,-14418888,4027876,-271668,-197862,94688,-17104,1872,383,-120,48,-4,1 # cft deg4 r=0
1446711281,-1142332056,5459318760,-3057051120,6022571831,-3040045144,3489469576,-1473261252,1197058750,-361831728,248006796,-44935248,30667707,-1711168,2925216,42860,326678,-16704,34176,-3376,2243,-200,76,-4,1 # cft deg4 r=0
120748276751,-263352312888,367198154346,-365254338256,296015882457,-187506960996,93102414244,-33134525828,7378606608,252058248,-987493382,502731488,-131078139,18254244,2320432,-1228740,497752,-105024,42470,-7840,2581,-284,80,-4,1 # cft deg4 r=0
4872841,-16548720,38201992,-62253368,83568167,-91884880,88339072,-73389436,55061690,-36658728,22447108,-12309160,6225739,-2795976,1147656,-409684,133006,-36776,9512,-2048,447,-80,20,-4,1 # cft deg4 r=0
75369401,-115954112,39868240,-75986896,163413447,228274616,303479700,248454412,185218038,115548032,58195132,30764592,11454467,4892432,1664296,427580,205122,10776,21012,-1504,1495,-144,60,-4,1 # cft deg4 r=0
34968779761,3672138456,13543057568,5591390504,3979324099,1619630064,993463068,420687684,163162122,43674392,17609860,3743176,1340795,-28520,101384,29468,20742,208,-1436,32,131,40,-4,-4,1 # cft deg4 r=0
2158612361,1752220136,3229096998,1062349542,958666792,1377673120,294175555,453331438,174797473,122403196,100392414,36236088,34860035,8639304,7124112,1281766,900295,113716,71285,5924,3429,168,91,2,1 # cft deg4 r=0
454383009401,393275989424,18020358464,-120628290322,-63604905744,-2584339900,10490422669,3107550678,793882169,456293996,622162672,342364604,156401043,53536856,15076644,4182054,914833,219164,42659,7104,1483,120,47,2,1 # cft deg4 r=0
167573091001,43438101898,244003713687,47409457548,284440109054,34836258282,126781457472,16627614098,30343511337,4655475566,4656454870,791258502,511180345,85489810,42672536,6115706,2718797,300954,127066,10294,4146,220,89,2,1 # cft deg4 r=0
1406191,1439656,-16225642,-49987656,231469,284889804,608524568,543857444,249540452,90429672,43934270,14385256,4556565,2454140,1183604,-21812,-23708,14328,6634,-1648,-119,140,-4,-4,1 # cft deg4 r=0
449540111,-599258312,763799430,-216019376,529058317,234608796,293828340,215178492,142669368,92440552,53915742,25286272,14610137,4566532,2812936,529740,376552,31456,35562,96,2225,-124,80,-4,1 # cft deg4 r=0
542702401,-768375824,1682909320,-1378849360,1391573915,-821012224,687093876,-414664708,350903982,-112923720,60435668,-34946192,23206031,-4355944,1761524,-886196,368150,-129912,52888,-9840,3671,-336,104,-4,1 # cft deg4 r=0
69099789761,-42348145760,67056585936,-14957232304,6467329311,9206279928,-2506713844,-385741540,2038360494,-274307024,-148825720,61742248,25399515,-6708888,822260,800020,-67970,-4848,15992,-440,-401,152,-4,-4,1 # cft deg4 r=0
60806414761,28946617496,40078200848,17047761808,3820627259,4549710736,2892438104,85727196,1004686350,-255333528,-90169152,173119752,4560751,-18464208,3541048,1574132,-237730,3256,28144,-1624,-501,288,8,-4,1 # cft deg4 r=0
2028671,-19477992,94410206,-276278016,517046721,-636122100,528206556,-312813636,151885004,-73846608,37025418,-17180248,7266393,-2753628,860676,-232028,53128,-6192,726,232,-67,-20,8,-4,1 # cft deg4 r=0
12311162681,-9162091632,2878747456,-193667776,2236398711,-1462451360,1594868396,-899837876,524565174,-201356448,89295328,-27703768,10852643,-3190848,1254076,-332348,110038,-23152,6736,-1128,423,-80,28,-4,1 # cft deg4 r=0
508441,223808,1713736,1034944,2835551,-55840,810036,-2676276,594534,-262608,1418408,-733528,-203077,216832,-13484,-21948,3558,768,616,-488,-17,80,-12,-4,1 # cft deg4 r=0
3374071,-3220872,-15138954,18336224,53769721,-52105380,-2751604,32479164,-8230556,-5969488,4495378,930312,-700607,566932,125556,-118748,61488,-13232,-1234,1352,-507,60,8,-4,1 # cft deg4 r=0
243487151,428078488,894431970,691755704,922485772,240117876,332202730,-67867848,111531448,-73088348,35909902,-21320148,12527162,-3221988,3153606,-371620,483922,-43144,45642,-3984,2595,-204,80,-4,1 # cft deg4 r=0
1446756911,-2113149348,1698203174,-800172512,971399065,-1436503940,1539741736,-1316056856,1042442853,-714397768,434436948,-231080864,112900082,-49352808,20140650,-7226620,2466478,-714136,200770,-42736,9991,-1300,192,-12,1 # cft deg4 r=0
45631,620892,2337054,607808,-5995015,-1691380,8316136,707784,-5293827,1745032,1208868,-1539904,304602,237352,-183910,69860,-6442,-6536,10450,-5776,2391,-580,112,-12,1 # cft deg4 r=0
448121,2070332,-3469536,-19929912,71708855,-114344820,115819556,-90315096,48658223,-8440488,-607612,6333256,-2003378,504892,624470,-563420,360058,-156816,60840,-17016,4561,-800,132,-12,1 # cft deg4 r=0
1693001,-4103608,8103598,-9615560,7322318,-1741520,-1384470,431520,1247995,-1249040,577244,-133232,3672,58720,92,2752,-4261,776,790,-424,362,-16,26,0,1 # cft deg4 r=0
11157431,-57369544,170051004,-331708392,495840899,-606336248,642739026,-595902364,494779698,-364808148,243823194,-146319908,79555722,-38811824,16982314,-6670356,2296905,-693252,182250,-39768,7705,-1124,152,-12,1 # cft deg4 r=0
485124025,-1304612600,2180610050,-2465128600,2298151690,-1711503240,1169140110,-679060080,395547091,-196224768,99195556,-38967744,16590696,-5429664,2323916,-647664,260051,-53224,22314,-2568,1374,-56,54,0,1 # cft deg4 r=0
1888111,765464,2807094,2021048,7040383,-5286220,16328194,-16869460,24337934,-22538640,21430978,-15968180,11297204,-6694116,3632334,-1677836,695397,-244596,76140,-19720,4451,-792,120,-12,1 # cft deg4 r=0
406025,224600,-274550,496600,99590,-1013680,586990,-1004000,1512011,-1344528,1036356,-713584,434856,-220864,101316,-38464,16491,-4744,2034,-328,194,-16,14,0,1 # cft deg4 r=0
7151,-105736,1368524,-4017192,11751223,-10195840,2816894,6461860,-12245406,12255220,-7293882,1001500,3046634,-3982496,3131994,-1819476,853117,-323396,103630,-26680,5881,-972,140,-12,1 # cft deg4 r=0
4273921,-6149128,-8697682,-133240,17089698,8080840,476530,1262480,-1274285,751200,-333076,-445632,63032,-144000,33732,-8688,-1141,5896,-330,856,182,24,26,0,1 # cft deg4 r=0
2253191,-6000744,17433354,-34153272,57882299,-81570748,100549886,-107527924,101988238,-85008048,62706014,-40775028,23645552,-12205564,5679214,-2367276,893185,-299252,89660,-23048,5135,-904,132,-12,1 # cft deg4 r=0
405521,-236744,-762068,463464,864677,-999328,963784,-1410136,1442602,-992616,627056,-396816,206913,-75648,26376,-8696,5238,-1768,1332,-376,269,-16,20,0,1 # cft deg4 r=0
658961,-5156156,16968308,-35678632,62297757,-86036220,104127780,-112176688,106777793,-91744556,70932944,-49489948,31138230,-17548764,8788652,-3878676,1492665,-493396,140960,-33084,6784,-1048,146,-12,1 # cft deg4 r=0
1203432025,-1803435000,1998781210,1599904320,3089940091,2178301492,920015440,382745624,25965402,-70503448,40462626,-24797192,14377295,-1987748,1847496,22360,179598,28688,15266,2000,987,44,48,0,1 # cft deg4 r=0
66031921,100600644,-29122898,53816576,186310827,39658424,19393004,52215432,28241795,-8952972,13674104,702660,-627280,1537212,-419804,149860,54241,-48392,30020,-10596,3176,-656,114,-12,1 # cft deg4 r=0
765255025,758145900,1545347700,727470100,984574880,53929100,191777650,-210366200,21761666,-62846292,31402730,-9936580,7698995,-3036916,1056852,-416320,155670,-38180,11122,-3264,770,-120,30,-8,1 # cft deg4 r=0
46224511,-38339540,-16717254,129675268,-86832773,-36259788,184415756,-270881108,273615876,-222938444,148623682,-84172100,40491387,-16880684,6219124,-2017340,595672,-154340,38050,-7716,1707,-244,52,-4,1 # cft deg4 r=0
6589144025,10363726000,17737660400,16214846300,14418211230,8796136580,4752954430,1768644120,487517116,45591048,-31482080,-13487220,-4481305,-527316,-50308,-123040,42320,-21220,13022,-4104,1110,-200,50,-8,1 # cft deg4 r=0
372191,-1220560,3313296,-6061532,8578197,-9389008,7730036,-4639108,2111596,-754304,512332,-808740,898917,-584824,239404,-69100,22072,-10280,5720,-2596,797,-184,32,-4,1 # cft deg4 r=0
18657841,82036252,199886888,287389192,283627757,153973440,35675868,-40339116,-29547367,-17714008,3710908,379116,2347420,-809896,222274,-169872,77016,-14372,4768,-2572,643,-76,24,-8,1 # cft deg4 r=0
4172176,-16956992,21804128,-9094208,1285776,-8456416,45934704,-85959456,104717584,-94750256,68693752,-41294944,21129300,-9387104,3669184,-1273856,398976,-110960,28936,-6432,1458,-232,46,-4,1 # cft deg4 r=0
340093625,887859500,763949550,271357600,193686895,170381880,-941020,-24810340,14021871,-3506328,-7191408,2135012,550328,-654948,209770,87240,-51694,3260,4750,-1948,-147,192,-8,-8,1 # cft deg4 r=0
1278736,2374336,741856,3225536,15069040,19232576,13601200,12940384,13104904,5160560,1007488,1981856,1057924,-112576,110904,84832,-268,392,4608,-424,134,32,14,-4,1 # cft deg4 r=0
435641,3143564,12121364,28519492,46732620,55157436,51710050,26456440,-2506786,-8373972,267618,2733516,629091,-137516,-176668,-77568,50798,6108,-1446,-2000,534,-32,18,-8,1 # cft deg4 r=0
6655111,-23248900,63145062,-111260748,158879587,-183213700,178813352,-148017076,108067180,-69740428,40998798,-21930260,10965259,-4964996,2064696,-752924,252136,-73716,20742,-5108,1227,-220,40,-4,1 # cft deg4 r=0
868081,5032024,12893304,18573052,17002630,10981476,3232750,-3734040,-5249916,-2145712,722468,977276,228311,-126876,-94508,-3648,16228,3228,-866,-840,-46,128,-2,-8,1 # cft deg4 r=0
229311,-798120,1685232,-2635788,3993137,-5326800,5833992,-4960516,3799020,-2814648,1899508,-952180,402449,-193576,97496,-40684,14696,-4016,992,-308,137,-40,20,-4,1 # cft deg4 r=0
1325464991,-1136948344,287863383,-192407817,-784121151,423363521,445535539,-246040334,-60410085,109358942,-16019627,-32940363,10755916,6683777,-2857877,-896258,465100,74711,-47696,-3079,2814,18,-82,1,1 # cft deg4 r=0
-5082640079,111170444297,246665760873,168971010460,32273374805,5998426226,10431003832,354355239,-1666737730,296133289,541513,-113394602,20969851,841850,-3374698,1282460,-206354,11595,12587,-5344,1717,-462,88,-13,1 # cft deg4 r=6
1021,18418,47576,-204899,413895,573842,-5978055,14509915,-20000161,8536391,17563577,-18079272,-4449809,8786313,159428,-2027609,105843,253061,-19939,-17410,1599,621,-63,-9,1 # cft deg4 r=18
149746375,683949500,-11066585250,22632043750,-3271632550,-25509301175,14375810525,11372272475,-10006997835,-2213530285,3466107050,-164285,-693527149,88424736,81005657,-18287063,-5028152,1722857,109613,-78843,2668,1542,-128,-9,1 # cft deg4 r=18
59173601,191562023,-1652702596,2739566408,-259209508,-3499256251,3737258154,-1585054609,256307865,270555507,-574947874,428954483,-84181150,-56378196,31645649,-1233231,-2728585,550053,83141,-34892,387,919,-69,-9,1 # cft deg4 r=18
-9966240889,-47434867711,-19735160673,55125191366,33366500712,-17271754335,-20978176653,-2231915063,7729187958,2801435299,-1864257193,-857456262,312381180,149736903,-37893814,-16698991,3321386,1182311,-197613,-49861,7138,1098,-134,-9,1 # cft deg4 r=18
5100001,-39374791,179483822,-484005214,803394642,-635906145,-80285293,246168427,162770903,-29852556,-169776813,-16570137,64974840,9740338,-13280634,-2189166,1644121,273541,-122918,-19831,5053,713,-104,-9,1 # cft deg4 r=12
68531461,-415283722,705023044,-215308022,-428487708,286993544,22676789,25740026,-17761730,-87034703,48046156,29543243,-24338210,-2757646,5645084,-503646,-676305,149428,38356,-14532,-453,614,-39,-9,1 # cft deg4 r=12
-276990799,-2347960007,-6206456961,-5782529817,3633839197,8160026389,1120573029,-4009086499,-1726416670,1052062492,779443946,-190599217,-203646875,34648149,33320579,-6550806,-3153235,863293,125946,-57617,1327,1289,-104,-9,1 # cft deg4 r=12
6728192491,47739957,-9489233838,-792008889,4250137851,1840364122,-1236558252,-868458080,206246893,194737969,-2165575,-29441444,-2713077,3048488,-390930,97664,113519,-88314,23982,-6486,1533,8,-52,0,1 # cft deg4 r=6
205380549961,139437076766,-340286362084,-149236196797,277499019308,59217760848,-137504958690,-8269139767,43884567128,-726021459,-9498489984,428995597,1441699646,-63373850,-153298041,4133498,11104185,-61367,-520522,-6759,14380,331,-195,-3,1 # cft deg4 r=6
-5218958645,16696667490,-14407466265,-9686248885,24316353751,-9792575271,-9574799694,10709320470,-1836702224,-2427794302,1325932720,86805825,-250646185,44440350,22633707,-8939512,-514463,709740,-54213,-27632,4233,492,-110,-3,1 # cft deg4 r=6
1610125,-8394375,-13707425,68624050,94379630,48141075,138771465,33402475,21969051,37530534,4996023,-17971759,58833,5210104,26985,-939160,21551,114370,-4620,-9679,598,449,-37,-9,1 # cft deg4 r=0
416441,-8719367,66159664,-251463122,556710197,-772077506,676554289,-324876519,-17216320,161551937,-123593794,32027143,16614870,-16428591,3789759,1360779,-947515,101323,60111,-17962,-323,684,-49,-9,1 # cft deg4 r=12
9891917621,-12625474438,-6894563348,-2927785960,11575322192,8762909277,-2132633535,-4666006369,-498478547,1185266917,440672830,-211433169,-119488497,28063882,20988585,-4193849,-2152782,495657,136385,-48189,502,1190,-92,-9,1 # cft deg4 r=0
-15985939,-55798277,46753784,157988913,-126089733,-96809931,87531084,-144649699,98947445,64088522,-58817634,24408938,-8874190,-13139941,10492619,749034,-2180390,326803,148686,-45992,152,1219,-94,-9,1 # cft deg4 r=12
1948036931,-5641451838,5954682417,-2054683765,-821198613,701837067,-15618990,-56799164,54082193,-91074598,28568460,27066936,-15511157,-3548458,3845690,-100444,-494572,81622,33625,-10224,-693,515,-27,-9,1 # cft deg4 r=0
156590261,-986954908,2890715562,-5198632560,6341403337,-5410010638,3129513080,-1006814129,-85504007,282061262,-129661550,-358624,29917848,-14468388,1233740,1546391,-610197,-5778,59330,-13264,-653,585,-37,-9,1 # cft deg4 r=0
-380519,-14326571,-5655597,126763793,364593671,53413189,-667031578,-394625420,257877673,-4763667,-236223860,20135163,73737853,-15566449,-16434235,3276387,2575824,-187578,-212247,-2958,8028,361,-138,-5,1 # cft deg4 r=12
28866861,233885799,408629538,-394055892,-1353999859,-139905116,1557642872,701081810,-835578982,-611664777,184942595,240934973,-1086412,-51669649,-6956215,6862912,1664489,-502118,-182652,12612,8833,206,-153,-5,1 # cft deg4 r=12
7575275,53367200,139759750,176507700,126130810,56107405,30676310,41457695,37175626,13558978,247591,1485694,2507146,331669,-503234,-77041,103061,4889,-18756,-3162,1919,251,-71,-5,1 # cft deg4 r=0
28229391,22590063,-653358114,-1705641504,-604939126,1478322650,-76122757,-1439371799,1009664885,441906136,-814877784,207285732,219745121,-155663737,7810396,22941314,-7006470,-418466,537283,-75715,-5181,2009,-84,-13,1 # cft deg4 r=12
231938921,143132628,-1376710239,-129764909,2580859079,-610026140,-1985057807,788963081,789821810,-342422689,-274217759,114058872,93051646,-51954942,-12629089,14150139,-1821500,-1247771,504908,-52470,-6771,1874,-69,-13,1 # cft deg4 r=12
33290125,-351202500,1184558375,-1336093000,730590325,-395432425,470661300,-423444200,178065365,-6684095,-3978160,-29625355,28275836,-8448427,-1529217,1335319,248978,-435439,150237,-14761,-3472,931,-17,-13,1 # cft deg4 r=0
-1846459,-1567716,11135793,-40944232,-26372074,227836159,73777962,-266220405,-14751337,126578388,-61269745,-40171237,38829508,10007131,-9332160,-1663793,1203809,172732,-91902,-10873,4103,371,-98,-5,1 # cft deg4 r=12
4966094375,5533013750,3030455000,-2600112250,-3053146675,-86956900,1938951925,433018180,-813783064,-433680797,187692956,163830659,-10006584,-34138076,-3063489,4538744,873256,-393321,-118111,14998,7539,151,-141,-5,1 # cft deg4 r=0
23466481,64976253,-13404999,-223823984,-100618786,278498310,68998813,-139914979,58387920,-37196559,-51091009,69231837,553416,-25011597,6499141,3083094,-1525545,-40741,127828,-16665,-3471,939,-14,-13,1 # cft deg4 r=12
9605003125,-14531762500,5549724375,-4284720625,9765766375,-6326335250,300701725,-113600525,1435703705,-869059590,87079905,-20037770,92853826,-46395612,1206263,2473404,1890798,-1686304,469807,-39096,-7237,1731,-57,-13,1 # cft deg4 r=0
15730121,-50194617,-195684849,1068582174,-1379738467,-440332120,2292492091,-1083018175,-1205400181,1131078470,194693327,-448810045,35134509,89318403,-17012859,-9683178,2501737,585908,-184525,-18930,7241,276,-140,-1,1 # cft deg4 r=18
6055261,-408442887,-1605801806,7958860217,-2676505455,-15013914950,12241986541,6309511446,-9374085277,1661618408,1349798888,-588435881,7906787,46986713,-7802275,-3495995,890153,287166,-90275,-9794,4616,45,-108,2,1 # cft deg4 r=18
-142699,-83895,7223351,11166791,-38321703,-29371682,91898492,4763242,-82329719,12123217,39854648,-8463359,-12805806,3027428,3081863,-928394,-447885,189759,23539,-18353,807,633,-68,-7,1 # cft deg4 r=12
-139214809,439006570,-147661074,-746532839,561644552,454612938,-328784748,-208300268,-38378539,149206452,91654118,-82827824,-30854766,26491318,4270358,-4855914,-160360,503759,-23456,-28108,2747,733,-93,-7,1 # cft deg4 r=12
-66624776429,75620550295,-27526451479,20057500106,-15214151063,-4250799002,14588726622,-5531295138,-1873092424,346754932,1091451053,-556115919,89072014,-11284717,5546428,-2616879,739605,28319,-33021,-6248,1567,398,-63,-7,1 # cft deg4 r=6
1659073331,3229054408,-4900451096,-1904654549,3303840070,822998966,-1462757290,-275965316,354335245,67932319,-57165309,-9321838,6021029,397227,-1113844,117164,308225,23714,-39390,-4579,2200,316,-66,-7,1 # cft deg4 r=6
1035753601,-4165462017,7260807254,-7877011694,5490610490,-1470513679,-1117725385,1380609004,-374110115,-214303821,192473451,-29318883,-34021006,15071982,2854891,-2534636,-39245,238434,-14300,-13599,1390,446,-56,-7,1 # cft deg4 r=0
-9488299,11379260,7757236,-317817689,1109118712,-1215063277,140652142,660647262,-507300694,5057917,201987663,-76592794,-35187781,23820123,2601768,-3641599,49425,325004,-24421,-17363,1907,523,-68,-7,1 # cft deg4 r=12
-34009,-65525,1447776,-3884559,17795532,-20147117,-9763518,-486288,11134991,6350277,-5028897,-3092784,290524,1218598,251288,-369949,-52120,67719,1789,-6823,382,348,-38,-7,1 # cft deg4 r=12
7797551,-63851262,210648864,-369427214,401482875,-311307994,159850585,-19857151,-9355725,-25388171,33133666,-7205143,-4846971,570792,1754341,-396291,-255670,78054,28930,-13819,290,556,-56,-7,1 # cft deg4 r=0
52752481,709663643,2225427254,-2811085084,1690353410,636062526,-260813740,-107071171,132288045,27562214,40374541,-36221608,-18552401,13621727,3164596,-2925041,-188645,340879,-6925,-22654,2005,656,-81,-7,1 # cft deg4 r=0
142700471,-152500847,288653349,-281102794,164814120,-128419269,33433730,7938284,4784460,5500504,-6851924,-1143598,1097339,394667,75136,-165086,-36845,37609,2700,-4449,135,271,-26,-7,1 # cft deg4 r=0
18066491,1581618807,5161781494,4092930363,-2521621940,-4616020085,-1526202589,925753474,1417201578,308040357,-535512472,-193771524,130760567,47804242,-20797660,-6662950,2123888,548749,-137240,-26276,5361,675,-113,-7,1 # cft deg4 r=12
-1002549539,-9690427603,-1512866171,3242306023,-35058790,935280005,182376661,-910188396,281558338,468718107,-191407037,-172372939,50740232,39504467,-7854675,-5535870,831738,474434,-62895,-24001,3151,645,-88,-7,1 # cft deg4 r=12
46943521,128522713,-33676135,-193013279,-17999178,-80642627,102055973,116986824,-12664662,-48736983,-17361619,8186037,9477490,170175,-2366905,-383300,333710,77184,-26733,-6975,1359,323,-46,-7,1 # cft deg4 r=0
-440129,5034457,-6172066,38478093,-50664385,-115007140,37348466,118024794,34909568,-48529703,-43420432,4992426,18134757,2377597,-3900450,-893725,480378,130804,-36260,-9941,1786,400,-58,-7,1 # cft deg4 r=12
221131,-119833,-18817241,-104228267,-249437240,-313417995,-185722829,36845824,169773808,145481567,42786373,-28828329,-35706568,-13183443,1966675,3544740,1003778,-109556,-101065,-6621,4031,425,-88,-7,1 # cft deg4 r=12
907254401,-4974719827,6588509435,2794873546,-3967278303,-4794766272,767432113,2050403089,946281238,14724327,-321037519,-92107123,84778100,27988955,-14083445,-4371130,1529520,398879,-104613,-20890,4439,598,-101,-7,1 # cft deg4 r=0
96711091,10946663,-157657710,-310643984,-251649393,86776463,486828713,637370779,477901493,214364387,37192266,-16526718,-7417795,6042020,7305270,3226310,474300,-165531,-77108,-3055,3334,348,-76,-7,1 # cft deg4 r=0
24011035151,-40322827367,1891002200,13428806961,543777987,1033156678,970441238,-1050552326,-53543762,326880527,-120133914,-110417438,39335285,26009605,-6106480,-3822435,621370,347014,-45648,-19225,2454,568,-76,-7,1 # cft deg4 r=0
-1726361579,-7635659007,-12256298743,-6929822748,3922743207,8866262962,5637579058,67261005,-2560629534,-1615158733,54700003,475066319,145058143,-47812763,-31677963,67789,2978666,308175,-154808,-23186,4907,736,-97,-9,1 # cft deg4 r=12
-34889,-1696392,-2408988,7850722,-18031553,-32783878,-12614207,-12779695,-6428624,9680122,6508088,786014,990238,-387018,-1193498,-211001,250791,73470,-22448,-8191,1137,421,-42,-9,1 # cft deg4 r=12
151536401,-235414248,80003839,129893219,-288969107,190367031,32226105,-98778946,74681808,-26980278,-11921436,11544876,-2151034,-955560,1393031,-362806,-220355,94321,15367,-9947,-90,472,-30,-9,1 # cft deg4 r=0
86111,-919862,-944588,30999582,-98684313,107202322,-31899207,-7712025,47032006,-31371968,-926832,8124294,-7484632,1453212,2423522,-931671,-316439,165450,16022,-14001,177,571,-42,-9,1 # cft deg4 r=12
30910408016,-37331297408,-28740525056,29335316584,25489217408,-10375430744,-13621217720,175167724,4530502548,940533352,-953232946,-340585184,146197241,66299950,-16554534,-8270981,1440695,661626,-86773,-31602,3455,817,-85,-9,1 # cft deg4 r=0
815123521,-6134524797,-941751183,18064703382,13387853247,-7980048698,-11703066112,-545945405,4625671046,1374471517,-1108453507,-498689501,183305393,97793207,-21946043,-11794001,1876096,878945,-109788,-38716,4217,916,-97,-9,1 # cft deg4 r=12
2169821461,-6072934343,-7857983801,10779898739,26563861293,21239002826,6563278875,-2376454181,-3321275922,-1061024498,405094009,422161346,64158451,-53271340,-21950179,1708164,2323890,166371,-126313,-17262,4145,637,-85,-9,1 # cft deg4 r=0
87464051,5490707,-69621366,4105334,-54251422,-65704999,16296995,29123804,20347283,21571737,9711069,-743539,-1091164,-320835,-252589,76589,158645,29236,-17143,-5147,870,322,-30,-9,1 # cft deg4 r=0
-3595824944,-10888546664,-5240866848,17448722012,26017945693,7391324087,-8450656721,-4761407276,2352996638,2020523875,-334817694,-541456200,-11095870,86456923,9353876,-8921370,-1225976,642798,75367,-32681,-1921,1041,-10,-15,1 # cft deg4 r=12
-152478464,617449216,-605989568,-338982848,938353408,-456200128,-280295176,494564364,-170839207,-151733685,144502936,-8978770,-43437175,17927948,7226671,-4891180,-810206,589843,50967,-36406,-1091,1151,-25,-15,1 # cft deg4 r=12
311319061,-1004590498,1643363685,-1955436141,1958882876,-1676693803,1170311851,-631211927,234127050,-30816020,-24333443,15297157,-1241561,-2646527,1445257,-59374,-263243,75592,23168,-10835,-838,656,2,-15,1 # cft deg4 r=0
2097296,-9535224,9360112,9160532,-3546617,-55913073,117112159,-131068046,94992208,-33687735,-7878444,14620310,-6761210,-475527,2361946,-639470,-372926,159018,29497,-16731,-931,821,-10,-15,1 # cft deg4 r=12
172496,1175976,-6832768,-32198788,18814733,162325417,109534209,-121906271,-128312272,38534965,63822776,-5701320,-18977960,297753,3846976,-41115,-552476,30878,51957,-6706,-2521,546,30,-15,1 # cft deg4 r=12
1984786736,19184230352,64951283800,92734459874,59930376621,6553349337,-12139849244,-3177706702,3115782860,1268059415,-628321718,-403279463,45624874,67956478,2627317,-6964624,-720018,486827,57158,-25355,-1828,876,2,-15,1 # cft deg4 r=0
128280751,54460262,-241500335,-205348166,124118611,277836302,36537781,-173449977,-73873935,56249865,40387417,-11308728,-11399076,1193513,2313112,-129959,-308243,8497,34978,-3480,-2068,381,42,-15,1 # cft deg4 r=0
60375451,271637480,1007960565,1954977039,1177504490,-1796691023,-2297882040,107663135,1244478786,449457191,-353486771,-220463573,52956594,53937408,-2283171,-10411301,958942,917847,-138142,-35487,6972,567,-141,-3,1 # cft deg4 r=12
-79,1320,8790,23874,93775,189542,398940,1188305,-487439,-3818904,1028484,3765252,-2809041,-684867,2049464,-816346,-192068,156967,10043,-19632,2527,492,-101,-3,1 # cft deg4 r=12
310727041,-366500384,404966210,-203117640,-250807845,447486362,-364726321,142479085,108854378,-189824260,85490412,16073162,-28072406,5828576,3348786,-1663641,-70601,181052,-19828,-10143,2093,259,-74,-3,1 # cft deg4 r=0
-918979,3090379,51730032,-200751192,125500456,337039967,-414178326,-229296113,509291444,-13319464,-286187258,70059356,86294068,-29116490,-15681946,5413667,1848193,-501701,-133789,23917,5538,-556,-118,5,1 # cft deg4 r=12
1501,4399,-84253,-235087,619676,3095642,2783344,-4880988,-10310651,-1317519,9244797,4718551,-3903847,-3172360,625999,905812,5543,-129776,-12909,9602,1433,-351,-63,5,1 # cft deg4 r=12
-4003379,-4446201,43110712,-27046707,-87932854,91759547,95196764,-150852693,-37633496,138605286,-28854198,-59128694,28866198,10698970,-9104986,-489428,1401168,-82201,-116474,10702,5283,-406,-118,5,1 # cft deg4 r=12
7771,46954,-117423,-1185947,-2551919,-812933,4474744,5259912,-2578266,-7277989,-828283,4878141,1590438,-1920145,-757421,473732,176743,-71986,-22579,6262,1633,-281,-63,5,1 # cft deg4 r=12
-57054929,87662255,225944539,-753809394,120336887,1462616071,-1100322081,-1006161721,1272669041,171311763,-593610127,61104755,141074247,-28699192,-19544149,4858275,1716302,-438010,-100170,22368,3887,-612,-92,7,1 # cft deg4 r=12
251,-109625,-332966,1272411,108217,-5660139,4912769,9396604,-13812199,-8052777,16930793,6788935,-9533703,-4355927,2221541,1270975,-215943,-185150,2700,13848,927,-502,-57,7,1 # cft deg4 r=12
10981,227820,-1500646,3831171,-2124078,-11763429,28417289,-14381316,-34207739,55465098,-12694902,-31837875,22274687,3959093,-7171019,533460,1030287,-156905,-80755,13458,3667,-502,-92,7,1 # cft deg4 r=12
-493319,2782385,-2990126,-11575864,47951342,-61823554,-36910881,217256344,-242993514,10748093,199672583,-150486480,-1431708,47666208,-16370659,-3295950,2557322,-61070,-167580,14618,5822,-557,-112,7,1 # cft deg4 r=12
177237371,219857354,-668363508,-1504230771,-573307764,1090716447,1331561411,275223193,-491288921,-370033068,8711208,110604612,30719885,-14814547,-7999514,818853,1001771,12310,-73656,-3874,3313,184,-86,-3,1 # cft deg4 r=12
138909401,751347609,1050635502,-886465656,-3818925434,-3630302833,-697839539,728047873,98709144,-191811713,197214083,286555962,64727125,-45805592,-22391614,2162413,2630211,51770,-166141,-8309,6088,274,-121,-3,1 # cft deg4 r=12
684764191,7681753418,26461430379,24382239142,2453632050,-9694586827,-4453331475,280932108,-188147696,-422071770,283578567,309996752,-718681,-70656028,-13700539,7712109,2749497,-289189,-200783,-253,7124,206,-129,-3,1 # cft deg4 r=0
1615651,-189433324,1383446657,3898285931,3007493011,1579835238,325517636,-619684438,-601278686,-358745422,-86033557,125512713,89042815,-5671073,-17443004,-1718643,1691556,270605,-97986,-17221,3653,541,-86,-7,1 # cft deg4 r=12
-187166009,-1817370544,-4213135708,3697171836,16967110166,19093634568,8436547416,-3316747573,-6744039771,-3249672332,335204698,992540688,290849175,-84540993,-57794204,-342008,4927851,449480,-236136,-27621,6908,711,-121,-7,1 # cft deg4 r=12
622098521,-15962474363,199236455089,332711896948,-162147417515,-729279320058,-531006874755,130399411172,469777943014,352612093710,128366304527,14492917863,-6901398026,-2946139437,-204777539,119176126,25713292,-1517376,-905563,-20087,16944,794,-184,-7,1 # cft deg4 r=0
-1602317989,-2907686186,2733192562,7730074144,922972736,-5509208808,-1863654349,1277264068,-443441396,-1025617393,190181068,497248782,62514340,-99004587,-29080904,8501088,4004221,-256365,-253946,-2389,8318,239,-141,-3,1 # cft deg4 r=12
941188501,3907724898,3074357894,-2786224213,-1055722300,522950018,-51405810,-360068652,215610874,99523930,-91169478,3563717,24907739,-6882358,-4955899,1563109,746307,-160729,-74808,7592,4579,21,-109,-3,1 # cft deg4 r=0
-25549,5574564,38183102,-32364602,-269130157,371292313,389983009,-989276589,322631023,606067750,-615174064,118325100,121837965,-76203783,6260126,7759200,-2414691,-130978,168957,-17084,-4331,934,10,-15,1 # cft deg4 r=12
494234621,-2250218981,2695775617,2007558628,-6128230367,-65176597,11473506889,-14118675224,6683170138,607105785,-2239658954,890772955,69400735,-155853793,33571251,8187235,-4374871,151902,219287,-32099,-4271,1199,-10,-15,1 # cft deg4 r=12
69629352881,-110612756067,87819639110,-106238377379,130962310016,-94683664297,51856106041,-38589120303,26625776855,-8567853445,-858934848,1047827878,209802434,-281065493,44314177,19870714,-7606183,29108,380058,-50795,-5488,1594,-33,-15,1 # cft deg4 r=0
2400592601,-11624137547,22025252748,-24708978315,7612602430,14518778879,-14232495353,-636122439,5934870600,-1448076534,-1261406217,538378202,157371856,-99142075,-12002173,11260615,590156,-831735,-25148,39279,1352,-1078,-57,13,1 # cft deg4 r=12
-1038541649,-951921891,1374188878,2018047132,-644243485,-1889914339,79856165,1081933151,62033735,-420349873,-42360729,114752557,14244137,-22131419,-3109939,2962054,453708,-265787,-42861,15199,2494,-496,-79,7,1 # cft deg4 r=12
-17837739,197518959,-859800879,1778990766,-1316502859,-1287600696,2984642462,-1174797571,-1330251725,1275968217,20076034,-398123047,97539572,54920463,-23608914,-3490306,2626342,55202,-164020,5004,5949,-270,-118,4,1 # cft deg4 r=12
67721291,49606898,328391706,866214757,-546617365,-1750394947,485248021,1480302904,-308448679,-703464291,130527847,209384548,-34267909,-41176196,5331092,5469630,-444650,-484703,11915,26716,747,-806,-56,10,1 # cft deg4 r=12
11,-803,18505,-147913,425825,352668,-4855778,9523182,1026303,-28547506,39084140,-12384610,-16346427,15574506,-2096494,-2579601,888887,157717,-93330,-3354,4556,-17,-108,1,1 # cft deg4 r=24
-22034349,-52697952,230367096,545120862,-860299072,-1966326506,1815089225,3250553055,-2412414543,-2455751409,1709945655,695296692,-429909719,-76015866,32142145,-2801014,-1358153,512282,38241,-7042,3231,406,-12,7,1 # cft deg4 r=12
-587292169,-5305730712,-8243863787,4006214123,1653406342,1417319558,-1290587514,-94325699,1297714200,275466071,-727462394,-185661365,208899855,49880019,-36060081,-7833350,4825526,321121,-316830,2812,9956,-322,-154,4,1 # cft deg4 r=12
673354121,-2865968798,4897250660,-3877296338,1305275450,-1294911532,3536567512,-4553937343,3523061418,-1964227286,855107515,-286434755,71662268,-9316394,-2001469,1968229,-646153,82797,21915,-9684,1031,228,-53,1,1 # cft deg4 r=0
16255229551,-8709536,-18432045462,-5027494598,11644404950,6570981116,-5968058075,-3737854589,2489247635,1223508707,-778181519,-249038828,174738297,30133116,-27191179,-1597446,2775953,-58392,-173011,11844,6119,-516,-114,7,1 # cft deg4 r=12
110221,1266158,-4141999,-4002523,13038180,-3864192,-15437164,-125221,-24203564,-18535501,27575572,17905293,-12453959,-7810511,2979527,1940280,-353300,-274403,14090,20746,612,-746,-56,10,1 # cft deg4 r=12
-548902089,3275097948,-8755758162,13016749680,-9870705335,-1128726,7203755337,-5674398744,286115460,1971840871,-923133987,-167602778,233195886,-25132270,-27097908,6698340,1730261,-645270,-65968,33809,1832,-988,-52,13,1 # cft deg4 r=12
-3557389,-236945181,-321459764,2492803466,-1823064914,-4302927631,7548361857,-1913912166,-4381066860,3689479972,-125591841,-955396122,283587072,98810723,-52973404,-3874281,4795312,-72093,-249690,11584,7709,-370,-133,4,1 # cft deg4 r=12
16621,-4063213,-30254100,134448527,288349010,-780546242,-1058888098,1576364612,1617204878,-1421110491,-1168678735,607788185,418311588,-120961399,-76834124,11117544,7262947,-529453,-375920,13641,10826,-182,-163,1,1 # cft deg4 r=24
-4105837969,-8867280682,25340875588,57374870398,-27221734623,-92340908302,283524311,60052561651,10653730155,-18946465394,-5264285124,3274728535,1113432220,-343984991,-129690871,23492230,9122291,-1078299,-395150,31852,10396,-542,-154,4,1 # cft deg4 r=12
-4322889809919,11310769716408,-8794073666232,-476053536582,4715447519242,-2635028748517,-38143966634,657514891446,-249070612040,-27744024154,43871600291,-7647944650,-2859868285,1195499709,22974469,-78925235,8175651,2722131,-557925,-36513,15141,-87,-189,4,1 # cft deg4 r=12
-5540519,-58528213,-150698584,-38183772,401295363,648850501,191472850,-500306035,-608006693,-178741401,149016585,137357468,19116196,-23111784,-10295200,808924,1350352,124308,-87704,-13728,3451,529,-87,-7,1 # cft deg4 r=12
2468384791,5775037213,-630988290,-7539037987,1409694360,9958326037,993528207,-7001998957,-1893481402,2631388696,919229870,-597113685,-223759522,89942864,31626091,-9568479,-2690818,729253,132015,-37826,-3024,1172,-3,-16,1 # cft deg4 r=12
16369831,-82013227,195811170,-320269342,391638406,-341173214,169872764,76337086,-313269500,398230847,-244656586,-10180532,132288166,-91804156,18785765,7318356,-4272143,320149,212986,-43645,-2630,1331,-49,-13,1 # cft deg4 r=12
-6810359,-29434874,20747126,190615244,66172851,-361892594,-152216038,376082321,108211745,-243565567,-24248796,97978477,-6897733,-23348593,4894306,3041996,-1066398,-169837,109645,-2474,-5166,655,72,-19,1 # cft deg4 r=24
-492737269,-929064393,2136144748,5144502465,-1364546465,-9075170384,-3370630763,6018529174,4840363135,-789096351,-1932448352,-461182967,171622896,82248980,5234332,17545,187951,-181345,-25873,5186,-1173,63,53,-13,1 # cft deg4 r=12
118593061,-671397682,2355260691,3701430722,-30192234507,42462802359,-733365310,-33591807390,11217915357,10410938141,-3876970350,-1684918288,446052841,129652179,-13865245,-356539,633012,-156573,-46569,-1487,646,-34,-12,7,1 # cft deg4 r=12
186759071,-1000666354,-1673201400,-185045480,-29355729,-143629276,-44594449,-248892423,59354185,229236848,-9275664,-78138877,21032612,29336093,-6602569,-7475050,371163,830289,9336,-44534,-502,1260,-24,-16,1 # cft deg4 r=12
4161659231,3373646076,-3482341024,-3240545731,673590616,854960971,331676037,364683161,83226835,-53041212,-14051506,-10806243,-5990018,823367,240251,115841,166877,-722,-795,2811,-1551,-25,112,-19,1 # cft deg4 r=0
-29029019,55822273,470501065,450888588,-952084820,-2133004398,-796965303,1486196213,1592093893,40533371,-685868025,-277843305,97537233,81755099,-1436214,-11033644,-840998,870518,75390,-43756,-1989,1292,-18,-16,1 # cft deg4 r=12
37950201,403720713,-1877009895,1663186068,2476818811,-6022731274,5421879659,-3020019404,241411150,3066549837,-4532334941,2839396383,-560470759,-271767281,157075585,-8531704,-10463558,1909949,263276,-88580,-470,1751,-84,-13,1 # cft deg4 r=12
33671,-88913,-362089,270063,1888938,1959011,-1504770,-6495285,-8692403,-5955516,-490195,2977723,2358351,63976,-905030,-378841,122827,107313,-7209,-15418,1696,619,-82,-7,1 # cft deg4 r=12
3208617941,11142746788,-10832022462,-23609751382,32220105982,261082998,-20872050654,11187039441,2267396860,-4271615084,1139595426,420457780,-302552370,19322509,32736529,-9707900,-748704,823971,-91800,-25018,6176,133,-134,4,1 # cft deg4 r=12
94003811,102536357,233475335,61935002,605840945,171959918,970567427,-1111154263,835172038,854494939,-39890215,-36417680,41975083,6904536,-4449794,-130791,536897,14157,-34515,216,1801,8,-53,1,1 # cft deg4 r=0
-237899,-7687134,-65079693,-253881899,-530357689,-605769112,-349317094,-106478823,-92199956,-64920802,34106408,37606668,-6980550,-4429133,7919106,3450437,-1098709,-771660,-38831,42149,6148,-654,-141,3,1 # cft deg4 r=12
22714481,11653576,-121961008,56679496,454689621,8900433,-731806069,-546491298,101485074,367937498,177058748,-56248972,-62671015,11013507,19865926,1619772,-2952344,-811655,95719,64564,5578,-979,-156,3,1 # cft deg4 r=12
82641161,-98097323,-60831751,-9412072,243065,-4989038,74649790,103867057,48327059,9585995,9851187,6690793,-1172776,-1818017,15411,135596,-141348,-74611,8982,11253,1434,-346,-74,3,1 # cft deg4 r=0
-481549,697671,12712802,9323021,-43105209,-66622372,-2592309,33611952,-3299276,-14104927,8710103,8724078,-2823980,-2637728,832576,645162,-184004,-161710,-5501,13879,2133,-379,-86,3,1 # cft deg4 r=12
254606561,977041527,1600983739,1354018843,294593470,-631775398,-727610480,-279507028,93948559,150164455,57996652,-9700087,-18184771,-5027052,2042786,1353381,-54448,-181456,-17903,12943,2544,-341,-89,3,1 # cft deg4 r=0
12644461,-72863716,1038658,189274891,516417119,-1384369234,195928828,1624396811,-1352852803,-414082877,1263910035,-705781246,-28394450,220643560,-103267376,7555772,10565942,-4461523,666739,20078,-19739,2050,51,-21,1 # cft deg4 r=12
16068581,61269979,-137213882,-250691094,557983894,213142721,-785213087,195076961,230271152,-215277037,226921335,-85750516,-117532430,121969355,-22330196,-23302188,16721127,-4763798,535939,45888,-20534,1855,66,-21,1 # cft deg4 r=12
444799331,-1443659834,2109822485,-2106443294,1897570669,-1756639335,1440380662,-892709427,520833472,-405694082,319107683,-179464119,70415206,-29597461,20690288,-13436193,5659506,-1357362,108849,31394,-9309,554,118,-21,1 # cft deg4 r=0
-940469,3823721,42683637,114368226,100145156,-84042197,-245761499,-182720418,-7022776,91711438,76523643,13115818,-19853075,-10685753,1860466,2374592,92511,-274800,-40406,15669,3378,-374,-101,3,1 # cft deg4 r=12
3494898451,2909629602,2348992539,397246763,185693470,-943290888,-1298861215,-607225188,238530964,328752590,98384032,-40605082,-33368126,4702118,8444896,-452104,-1912238,-340296,142532,57768,4249,-946,-144,3,1 # cft deg4 r=0
-196316382499,-298801488445,-106563893716,-148492924616,279894718497,391669381504,153771861799,126034207886,-52900406089,-112617089893,-4249699502,20052889330,1735042312,-1485680343,-164936314,45398750,9075027,-176155,-333445,-13238,6282,297,-62,-7,1 # cft deg4 r=12
606709951,6866416389,30405416164,71233014708,93707343745,57549461620,-14985154366,-54606916103,-37521321753,-5094627158,7014735870,3560530482,-100832214,-479202134,-73436994,30192276,8170725,-975928,-413609,14243,11366,-24,-165,-1,1 # cft deg4 r=12
2080845900071,11137338591505,16410192174284,493878592669,-18309373588158,-15662654609266,-1753823199046,4280436684566,2405349868566,319948442877,-101542704062,-38142814360,-4747262563,-193985533,151858911,46141060,1208797,-564305,-61465,-14588,2337,602,-82,-7,1 # cft deg4 r=12
-6898503499,-38608053191,-78653682301,-48081865077,62033294835,104385863500,1794759459,-101316649588,-82997556333,-12532591223,16043282470,8047000607,-256263124,-1015735309,-145140419,57535831,14478895,-1623858,-638719,20468,15151,-34,-190,-1,1 # cft deg4 r=12
44808679322191,16217855504900,10042173554024,3087664984789,-23437661696123,-2101710255001,9398794879149,78037189811,-1662571265909,-67651466358,104629656563,9411135545,-227406068,-479099208,-173265284,18433765,3614607,-511175,30110,-6888,687,602,-82,-7,1 # cft deg4 r=12
495702661,3802052844,9078983214,4989082193,-12221897055,-16828832190,5963204454,21560481822,5552844177,-11675803863,-7202314575,1621722462,1865679941,-60922714,-227075844,-3462909,15549030,375722,-630414,-12642,14931,186,-190,-1,1 # cft deg4 r=12
8163870755881,11265196265380,-6688065423396,2137609774649,849473083182,-12885910981796,10324903499279,18712555371,-2355176533284,480938144852,139097663723,-41879588090,2277078092,-32144083,-295363479,82096125,-1629238,-831590,252965,-60208,727,1342,-117,-7,1 # cft deg4 r=12
3968281351,899806894,-13213423606,-3858281847,24845608165,6357141595,-27533707526,-6279328553,20069103007,3136160572,-8347453115,-1000526623,1939761011,205944801,-252898749,-23649864,18617865,1318562,-789094,-33937,18571,361,-220,-1,1 # cft deg4 r=12
-354064,496272,37714872,129258670,106067025,113081125,658055652,776781574,-478581314,-1133805141,-162176864,520153183,204995166,-94806940,-59484751,4701868,7127310,370171,-379266,-35961,10212,978,-148,-9,1 # cft deg4 r=18
-12169519,145324576,-407925972,-169733191,1833268834,-1531837006,-772003422,864583289,60635912,163823542,-42148940,-225093239,27035555,68592640,-5871101,-10508032,698172,915073,-61016,-44888,3701,1085,-109,-9,1 # cft deg4 r=18
336461,5884791,7485333,-13748766,17100089,131801014,125501513,-41667336,-130647458,-79820098,3996755,47469341,28816825,-4846175,-9764111,-1347322,1207922,286328,-75481,-20918,3011,700,-79,-9,1 # cft deg4 r=12
-116159,-2068454,13425708,74719464,50322614,-242206626,-543673972,-474477151,-275353138,-183667578,-72862265,14626331,4692165,-10340315,3327689,8508158,2933257,-192727,-252361,-19103,7791,805,-124,-9,1 # cft deg4 r=12
2835279221,10087727743,22740805158,41396459485,54925025057,50569381649,32750049048,16843797490,7958314831,3912909827,1751854598,497215872,43167066,-36503856,-22302908,-6426364,-895418,106683,86671,18482,1003,-386,-82,0,1 # cft deg4 r=6
7278942256,4648588536,-5909188676,-957628602,4483869727,230736807,-2266273114,-1429163896,1197222088,822301649,-567644188,-344519939,148953126,96221102,-29788927,-13893340,3836802,1025153,-274480,-37625,10096,608,-170,-3,1 # cft deg4 r=6
26681576111,2689984434,-15634089685,-16930393981,2918925104,7856705995,116427697,-369926763,726592482,-504438318,-491378757,144291899,136934171,-19790819,-22866627,1342378,2530921,21382,-177286,-10249,7196,656,-122,-9,1 # cft deg4 r=0
45917191,123174741,-20888297,-402733886,-546840491,-282800256,33553283,141934744,60308892,-31825118,-32548695,2474081,13046445,3058895,-3138661,-1280302,433892,211358,-37091,-16958,2071,640,-69,-9,1 # cft deg4 r=12
537069296,475530624,41019120,-270308996,-606452931,-780607135,-634970598,-119796338,327062112,404411077,316440998,216196669,115209986,46998126,19602723,8004138,1547256,-343533,-202446,-12119,6786,706,-112,-9,1 # cft deg4 r=0
-2197414144,-16989947520,198189649456,-457457226544,310619180881,191116319413,-372267497954,128441273460,71706471804,-62101502309,4896840470,8889862303,-2611064850,-491963378,326690945,-12665730,-18937830,3164287,372762,-134745,3414,1992,-154,-9,1 # cft deg4 r=18
28656721,10337044,-208243478,-530497161,-406589958,1069849932,1714374568,-684711785,-1634142794,318821030,758098038,-141101375,-197890889,45045406,29641767,-8669118,-2343430,934343,67358,-51612,1655,1225,-103,-9,1 # cft deg4 r=18
1685731,-21713415,113738001,-320304134,509417451,-385111382,-87676539,501485970,-542861156,317129776,-48856525,-119759147,137312295,-68077283,10974975,4990250,-2754540,275522,122277,-33040,-431,972,-69,-9,1 # cft deg4 r=12
416131,-18697990,126444226,-377756834,1290160126,-2913332132,2082221966,1801599315,-3933556976,1675983476,1818597265,-2944917977,1864345225,-582971393,30640595,43893900,-14799005,961217,465497,-103105,839,1797,-134,-9,1 # cft deg4 r=12
-234767931449,663456173550,-773180626492,549169103929,-274455945088,60504218920,31022741538,-52414276447,67531040400,-51336918864,13321781042,5603285385,-4294427511,499598642,304162589,-93441998,-3796424,4757477,-343072,-103886,13877,975,-195,-3,1 # cft deg4 r=6
19103422361,-11607230354,25022568433,-27893367377,11546891764,-12259071389,9207107619,-2135722569,2858086650,-2860574378,146954593,694717307,-96198349,-151151813,56128083,4458272,-5109585,167536,360604,-73619,-666,1588,-112,-9,1 # cft deg4 r=0
782142871,816173226,-4877781812,-6280679656,2703024924,3712877744,-747327532,623721069,1195372512,-738687648,-693639965,197601191,197091965,-25866295,-33660621,1249118,3613457,103123,-234431,-16903,8291,755,-134,-9,1 # cft deg4 r=12
1707936301,2399419734,815306700,-1176587061,-1442030586,-446095760,231612372,271104667,68169742,-36821968,-19617802,8103069,7724861,-232134,-2093567,-498752,303816,117257,-25566,-12064,1561,541,-57,-9,1 # cft deg4 r=0
1655201,-28612460,-5611260,712659539,-2118332325,2499385857,551686660,-5665661185,6051176636,-415885739,-4629627736,2961872592,1301464529,-919609677,-179323871,111959654,13833422,-6579633,-634357,190108,16427,-2523,-211,12,1 # cft deg4 r=18
1193131,-40588449,-280033343,-588833569,-473732499,39392848,373959481,344480807,175638579,6035853,-99460192,-91068417,-23466140,15134022,12816961,2395002,-875169,-429820,-14426,21934,2998,-449,-96,3,1 # cft deg4 r=12
-139429645889,-896201369498,-921838571531,-8332705237,538185672650,291269509632,-31958141885,-68998218318,-6567733021,12247042625,4789306527,-49321667,-546193531,-212519837,-56073069,-15222469,-3362108,-168981,146662,42338,2774,-741,-119,3,1 # cft deg4 r=6
-35905875409,291213202221,-765478041323,433469623046,1144075665497,-1567500171657,4111846878,674061620835,-64927219094,-127487892980,5269893248,11325663455,79533031,-428365546,29316187,9010568,-6554235,-1058958,307308,77377,-1645,-1855,-128,9,1 # cft deg4 r=18
-101521879,129115761,410364857,-46596144,-218463594,3258428,-201174164,-181849848,74157724,42406913,-8374592,24888963,6743740,-12462873,-3156394,2264372,610771,-212110,-60016,11084,3263,-294,-91,3,1 # cft deg4 r=12
-8333435635879,-31709153035765,-58600722420690,-59650266963081,-31904760841255,-4638603829453,4625684664280,2968866637540,513623090606,-186242846414,-118066523496,-18651160973,4445464634,2433125693,275856199,-72272946,-25132553,-1159158,636753,102943,-3233,-1943,-91,12,1 # cft deg4 r=6
138389497481,-154114554928,-94483413781,120570874233,36207248920,-46327040628,-2134654240,11801875447,-4111271616,-3247717550,1688397342,924594683,-280384781,-181156462,18896331,21860371,799372,-1373826,-162318,42213,7434,-581,-139,3,1 # cft deg4 r=0
8810450291,-32292178479,1517241807,59018408246,4766120251,-26016712832,6285704771,7407503367,-7578226936,-3452494387,2604566848,1301843488,-373788695,-264802998,14800591,28706617,1816861,-1636795,-219191,46629,8718,-614,-151,3,1 # cft deg4 r=12
10026637291,34813838917,46020695699,21985572653,-11245017500,-20411384483,-8563037160,2558013037,3938484984,866832120,-826506568,-587029347,-37091386,111705978,51946691,4844306,-3061758,-919186,28792,47828,4829,-756,-134,3,1 # cft deg4 r=0
232240891,2090956246,3902356437,180767476,-7366278389,-9385865767,-3305895124,3393325712,4480681384,1552132493,-759571412,-912677887,-259668230,65115947,60444891,9850192,-3045574,-1245505,-15741,53324,6068,-789,-146,3,1 # cft deg4 r=12
9418761,218353212,1663580754,-90331692,-860270435,-179406838,-165995210,-149031688,130524344,106519875,-3041893,-391867,1735149,-5667322,-1192824,1474126,357152,-153091,-40343,8998,2519,-261,-79,3,1 # cft deg4 r=0
195905461,287097587,-454852891,-1149878162,-492944500,731851802,1155504500,794406997,341762079,92029355,13377567,19546308,34781609,26848038,9708746,403661,-1000558,-316396,4277,18728,2209,-416,-84,3,1 # cft deg4 r=0
6719595361,-21473214718,60091390993,-172836978992,331943526067,-393144323092,291973292555,-132328075430,28498092037,5078097410,-6276143864,2272731668,-328824138,-76036900,56248473,-14795152,1382816,400634,-183281,31766,-1128,-724,179,-20,1 # cft deg4 r=0
3673168741,-4460086308,-2675706143,2505275648,16421756709,-36976870380,33708303900,-13535797490,-608015629,3483358334,-1843826625,442632390,28320478,-73227668,35744964,-10908318,2255610,-268094,15,5674,-294,-294,94,-14,1 # cft deg4 r=0
75574981,-849965430,4355861856,-13535089278,28525516308,-43041989676,47733953122,-39234395416,23636674899,-9926555338,2405251534,59560210,-299020308,107847004,-9071603,-6236198,2504506,-279696,-65040,26502,-2626,-434,161,-20,1 # cft deg4 r=0
899465221,-4079161386,7873439389,-5978254292,2100770666,715173420,-1304042846,740168468,-68857551,-100689584,51046017,-5834076,-1652232,1061196,147724,-247956,-13027,18454,639,-916,428,-30,-28,2,1 # cft deg4 r=0
251857565161,-890180408458,1551618393632,-1714030219042,1291616003357,-658394746604,199159252286,-7739527652,-23732351609,11119938352,-1804709234,-373911212,276831371,-69763230,7053462,1174260,-586688,122988,-18146,790,603,-158,35,-4,1 # cft deg4 r=0
4417374721,-20029619728,40956037502,-49583348430,39080262955,-20703383050,7443315587,-2038270956,744540016,-411758066,167982111,-29871112,-4829854,3036670,-31226,-244092,42165,3086,1494,-1426,102,88,-13,-4,1 # cft deg4 r=0
189185704081,-579335780706,734429185789,-453698686172,114201719066,60103010940,-82160625386,45244816748,-11715424611,-232535024,2006872497,-1087211916,320197368,-68020404,9936604,-910716,132233,11014,1599,-1876,248,-150,32,2,1 # cft deg4 r=0
776494801,-4140629458,10039419692,-14250813322,12956516837,-7865768204,3332985866,-1027580612,221939431,-6052448,-31334714,16895068,-236929,-3360150,1236402,66060,-150908,23508,9694,-3770,3,202,-25,-4,1 # cft deg4 r=0
632347172341,-2228434427608,3719235886682,-3833720434710,2680294096915,-1314600998290,449029642727,-100801391316,12385047616,-473608946,286118931,-249472912,98602886,-27665330,7686154,-1638492,293805,-12034,6894,-1666,1122,-152,47,-4,1 # cft deg4 r=0
6499041301,-3987304918,78703935613,-286248498272,465286997527,-458903186452,311424763295,-152648471150,53031565237,-11097017350,-59869544,991046468,-328108698,11017220,30396093,-12614032,2201756,52874,-117641,24806,-768,-724,179,-20,1 # cft deg4 r=0
13906809481,-30797149788,14176904497,3151892168,23918284869,-52932256140,40797930000,-11235867410,-4437830929,5417813894,-2313330345,388920630,125510518,-111522188,41107164,-9379518,1186290,40786,-55425,11914,-654,-294,94,-14,1 # cft deg4 r=0
12603951886681,-30178270832190,38678418822876,-33840303592158,22065714013008,-11169462384876,4450466822422,-1386644627896,326690012019,-53732595058,5399266474,-769819190,578274192,-298348436,93867937,-19082438,2349106,-126216,19080,-17418,6794,-1514,221,-20,1 # cft deg4 r=0
481244221,-1233466812,2860688901,-2305286126,2430351915,-1596784660,1164106876,-731278734,408323987,-234045086,113836535,-52785834,23995906,-9594558,3665199,-1291162,428495,-123146,35184,-8576,1951,-378,65,-8,1 # cft deg4 r=0
735710041,343364312,11827447,400072052,-35759121,141351078,243047797,-11536468,54908507,45115574,-1661570,2203838,4810275,595520,315616,352024,21137,15786,3681,-3214,356,-220,34,-2,1 # cft deg4 r=0
10392745021,-24034096972,75103231457,-70892360714,81325845954,-55775631002,42514583346,-22903639278,13417165735,-5937511844,2799893612,-1046996226,406829911,-129371334,42086432,-11305606,3096595,-690222,158376,-28288,5334,-706,107,-8,1 # cft deg4 r=0
81079198636,-77654645832,143381459736,-111014696576,119968481100,-74179483780,54666657856,-27031145664,15056196122,-6167154716,2785584260,-971679324,368556811,-110416968,35550459,-9136402,2501870,-546536,126639,-22976,4396,-618,95,-8,1 # cft deg4 r=0
83694721,204269672,248484427,301185242,252508869,7754808,-103296443,-6821938,41178917,3276824,-11597840,-1173262,1986255,-19240,-260204,38464,25247,-6234,-849,536,-64,-10,4,-2,1 # cft deg4 r=0
1810201,451088,10595372,31867516,55965834,64994938,62992011,43020312,12645295,-3814754,-4993288,129744,627781,-442764,184952,-97006,107845,-64932,27501,-9088,2259,-466,77,-8,1 # cft deg4 r=0
359548293901,461857759952,141256986367,59697617882,55802363529,-14268702072,27485653717,-12467656378,8171602697,-3315298456,1543311880,-537843262,201760635,-59531800,18781336,-4680656,1287287,-267234,64851,-10264,2396,-250,64,-2,1 # cft deg4 r=0
92476,599208,-762624,-4462736,12031140,-13866940,8703376,1455576,-3514018,487924,162320,-186204,209731,-13968,-26721,10238,-12490,5224,-201,-296,316,-138,35,-8,1 # cft deg4 r=0
292887541,-412300672,458589572,-713987444,716381574,-609366782,564556011,-437688888,286985695,-188728634,110855912,-54631656,28022581,-12035724,4870832,-1819726,608125,-182652,50721,-11968,2619,-466,77,-8,1 # cft deg4 r=0
1027356061,-2206277488,2545601887,-2877504868,2275150659,-1170057762,545275777,-220786588,144616487,-46829026,64691710,-10578322,21639195,-2655280,3216436,-580976,296837,-70494,18201,-5374,716,-220,34,-2,1 # cft deg4 r=0
999301,5655348,29678241,55163074,31492575,-37505980,-49457744,15013986,44481227,6130474,-16453645,-2652354,2912686,-560838,-81381,241118,-74545,-5906,12384,-5696,1591,-378,65,-8,1 # cft deg4 r=0
1245721,3339668,3198137,96286,-1650366,-429002,1063506,1147482,199315,-338924,-70708,100974,90811,13386,-25408,4034,-1685,-3462,3756,-1768,714,-226,47,-8,1 # cft deg4 r=0
1264261,-1732906,-4005395,7689124,3829779,-11513904,-66166,7373170,-935721,-1771196,-52525,-174850,316220,131370,-60195,-28054,-6591,6470,654,-246,139,-94,15,-4,1 # cft deg4 r=0
85798563001,102326211178,152280672111,148583997690,134303754997,86680272408,41539220855,20375279644,6768453645,2515800170,798771768,160351400,83734003,4630446,8278190,-31992,725669,234,49399,1016,2420,74,72,2,1 # cft deg4 r=0
840625,3831250,7146875,5022500,-741000,-5130000,-4155750,-831250,1408795,1418910,454230,-170250,-232669,-100504,-1118,14072,8743,1582,828,22,238,-28,27,-4,1 # cft deg4 r=0
224154461821,-322433892734,252196961168,-110925712360,19569636152,9477217916,-9189417595,3153666042,-89495987,-539276574,312318750,-93754058,9216913,5734806,-3273830,818612,13843,-87474,45885,-13488,3417,-570,97,-8,1 # cft deg4 r=0
348825301,-651960902,440474863,8077428,-148120653,37766540,119713703,-91486534,3086663,17161058,-180872,-4785436,1434225,495226,-478546,119892,19631,-15318,4063,-278,-252,66,-6,-2,1 # cft deg4 r=0
9317680201,-51100374658,142421690955,-178093864192,166092699219,-121029840482,74061009446,-39695436990,18626189529,-7885667188,2991334025,-1033327600,328022900,-95359140,25753595,-6264258,1508419,-319950,75186,-14252,3139,-482,85,-8,1 # cft deg4 r=0
1342156,-1448936,409240,-3770916,2725064,-430024,6263494,4578440,5285104,2541694,1610610,124460,-167105,-150600,-53575,-19644,334,1210,489,174,44,16,15,-4,1 # cft deg4 r=0
2293541125,12621173000,28275538250,35622570750,32032121450,17894980200,12388857925,5218619050,3363752085,1062465310,715351300,129545230,114871721,6946716,13929162,-338218,1252163,-89048,80413,-6838,3453,-258,87,-4,1 # cft deg4 r=0
