# IGP24 steered wave: provenance guided signature attack on k<=2 pairs.
67045409,0,155472780,0,-378397310,0,110460028,0,128560047,0,-106222184,0,35797916,0,-6896424,0,831247,0,-64036,0,3074,0,-84,0,1 # steer t=14957 want_r=20 k=2 base=12T63
252464766975372544,0,252475847286011904,0,-26966357530009344,0,-13042158405341440,0,2982662291206656,0,-267365023045056,0,12828461112096,0,-358526505600,0,5957710704,0,-58086640,0,319200,0,-900,0,1 # steer t=14957 want_r=20 k=2 base=12T63
658843227961,0,756170622444,0,-884680116678,0,175409798972,0,23658918687,0,-14323294152,0,2541572556,0,-249493896,0,15161607,0,-582436,0,13722,0,-180,0,1 # steer t=14957 want_r=20 k=2 base=12T63
13333,0,-85010,0,144553,0,55348,0,-332498,0,278986,0,-86315,0,-2096,0,9166,0,-2834,0,421,0,-32,0,1 # steer t=14957 want_r=20 k=2 base=12T63
697712104952131109,0,1620378955770643308,0,24443591361801958,0,-75555391586371360,0,10466973152575647,0,-667338550146880,0,24159180732812,0,-534179106744,0,7385877067,0,-63343772,0,323246,0,-888,0,1 # steer t=14957 want_r=20 k=2 base=12T63
43493569709102161977029,0,301731139156215952118351,0,380049527072274020606191,0,161097736460113701661676,0,13612656958228484013449,0,-3211413536204056138531,0,122976450528261351450,0,-1125308205482924571,0,3374216231877725,0,-2259790215756,0,539636267,0,-43665,0,1 # steer t=15013 want_r=16 k=2 base=12T106
44872755217,0,-90607040632,0,76032692346,0,-36053741832,0,10955560943,0,-2275346352,0,334133676,0,-35187728,0,2650783,0,-139864,0,4922,0,-104,0,1 # steer t=15013 want_r=16 k=2 base=12T106
184392621831424,0,75868614190848,0,-87791549717760,0,22739468310144,0,-2258199045888,0,20682239488,0,12343395744,0,-811332112,0,10131504,0,462616,0,-9064,0,-52,0,1 # steer t=15013 want_r=16 k=2 base=12T106
22947124237763056,0,54805889852214624,0,-27445340741593072,0,5118315379729136,0,-467979011332784,0,19920651364152,0,-82265673735,0,-25113035098,0,822617055,0,-5927060,0,-60553,0,262,0,1 # steer t=15013 want_r=16 k=2 base=12T106
16226925702409,0,11330861468960,0,-14392523681502,0,4027534101520,0,-252873455713,0,-45603537920,0,5478201852,0,58463840,0,-17107081,0,243040,0,10434,0,-240,0,1 # steer t=15013 want_r=16 k=2 base=12T106
72466131049805931706512,0,150468416688186190706544,0,-108907961089412318423400,0,26181582816304553101272,0,-2729272913112082854708,0,106808603331090650058,0,193245185234903643,0,-44561334670905267,0,142565423708484,0,91360302705,0,-66521592,0,-813,0,1 # steer t=15013 want_r=16 k=2 base=12T106
55619584,0,163297280,0,81013760,0,-90140672,0,-34449664,0,21393024,0,781824,0,-2032480,0,477072,0,-52640,0,3076,0,-90,0,1 # steer t=15013 want_r=16 k=2 base=12T106
58095557110909,0,28542409921929,0,-26746382500267,0,5190557071518,0,-64436869977,0,-81593939667,0,8815870494,0,-269394289,0,-5779757,0,433926,0,-4283,0,-73,0,1 # steer t=15013 want_r=16 k=2 base=12T106
16,0,-48,0,-136,0,504,0,-12,0,-954,0,525,0,319,0,-302,0,27,0,34,0,-11,0,1 # steer t=15013 want_r=16 k=2 base=12T106
38504770074177497,0,-63863294436141904,0,36615000710768002,0,-8402435914041216,0,424269150293459,0,98140013179172,0,-8865511050688,0,-303815440156,0,20368151603,0,-518390644,0,3083742,0,-3668,0,1 # steer t=15013 want_r=16 k=2 base=12T106
22095317419616804017,0,-33912167590683189258,0,18849648609811623774,0,-4557349540497530074,0,414173879429457223,0,997718113121464,0,-805657574778200,0,-8403852401464,0,275716694551,0,-3981257294,0,12244686,0,-7326,0,1 # steer t=15013 want_r=16 k=2 base=12T106
5039441417113513,0,-8975610421125454,0,6137905921978137,0,-1943947971572562,0,247473336091910,0,1837212367262,0,-1311272331299,0,-206956825414,0,8086926694,0,-180908730,0,1604309,0,-2718,0,1 # steer t=15013 want_r=16 k=2 base=12T106
409540009,0,-1249480176,0,1273531618,0,-381014416,0,-103504673,0,44907680,0,7882364,0,-1641760,0,-230249,0,12368,0,1410,0,-80,0,1 # steer t=15013 want_r=16 k=2 base=12T106
74582176759,0,-321474200189,0,-242992686247,0,2559061594210,0,-3582170214531,0,1590390808799,0,-63623333876,0,-15440222263,0,607954019,0,6149226,0,-77293,0,-247,0,1 # steer t=15013 want_r=16 k=2 base=12T106
15207824951998960553968,0,83452257588821071096000,0,95289873358935870358488,0,38537517886816270792664,0,4109018092131083994608,0,-398924003805788267530,0,5573847391418362053,0,-32022816015439367,0,91711835452682,0,-134873721217,0,94755306,0,-25953,0,1 # steer t=15013 want_r=16 k=2 base=12T106
4955895274826525,0,-11083117753784800,0,9924314717721143,0,-4518434700069252,0,1101682144557774,0,-142277827935632,0,9956937675665,0,-415837495662,0,10113910992,0,-140038446,0,851651,0,-1720,0,1 # steer t=15013 want_r=16 k=2 base=12T106
19122461425072,0,1044866711527696,0,-16655576014724360,0,29464218684796712,0,-14205391063784468,0,-1774293386471218,0,2001912972556655,0,-73943999724055,0,-96699673940,0,4997254345,0,2520032,0,-6997,0,1 # steer t=15013 want_r=16 k=2 base=12T106
13371881529375289,0,-44856582986223498,0,56312477239951945,0,-32375247129239938,0,8462659481342890,0,-972855615032794,0,59887080930569,0,-2133821287726,0,41839400890,0,-444124342,0,1938393,0,-2654,0,1 # steer t=15013 want_r=16 k=2 base=12T106
2336882021775753488,0,1986136549450494496,0,-6311853923983003416,0,4342059275331197200,0,-1307934702144880140,0,179608114371953346,0,-8651655847138563,0,-67829021855032,0,3434869800251,0,1850558138,0,-8832197,0,-2324,0,1 # steer t=15013 want_r=16 k=2 base=12T106
2263756321828325,0,6998329680661800,0,4435809294434046,0,575133702315952,0,-147872917416233,0,-15948211743120,0,2781967585172,0,-144120651008,0,3662192355,0,-49838552,0,353742,0,-1136,0,1 # steer t=15013 want_r=16 k=2 base=12T106
16359360978198691,0,3827514869206518,0,-18739123859643548,0,10070612016164614,0,-1978331877441601,0,96962913030116,0,8083296983220,0,-130258741012,0,-3353294435,0,42524118,0,221800,0,-1826,0,1 # steer t=15013 want_r=16 k=2 base=12T106
799034886043015117,0,-2052635923653391596,0,2034914882238474827,0,-971632801279782380,0,222629312050673342,0,-19775141866115428,0,185737603730033,0,-12445317082090,0,312650534064,0,-3852197962,0,11694563,0,-7084,0,1 # steer t=15013 want_r=16 k=2 base=12T106
459312253915475,0,2473942744544640,0,1799913934948576,0,-663781910667728,0,81479736202603,0,-4453265016300,0,73661564256,0,3416486900,0,-191116735,0,3490524,0,-20928,0,-84,0,1 # steer t=15013 want_r=16 k=2 base=12T106
267320294620981925,0,-510856917129829900,0,379129166984053110,0,-137068888283653700,0,24976615284285799,0,-2242431411573224,0,108576742433492,0,-3097479973688,0,49606366227,0,-439976844,0,1823638,0,-2564,0,1 # steer t=15013 want_r=16 k=2 base=12T106
197934778369656746675417,0,227861217910093908825164,0,-89885876891744320787990,0,12433292661703509147788,0,-812234854531554237601,0,24199048350683292248,0,-168026831240371988,0,-4703854555822920,0,41887817626663,0,-6024033316,0,-31541046,0,4156,0,1 # steer t=15013 want_r=16 k=2 base=12T106
-142210536461546173606591,0,-576554673861078584610528,0,176861642465429513659210,0,-9091948736772992879568,0,210957889708395147087,0,-2671190050726075392,0,18889078252894668,0,-62858838833248,0,-32806854897,0,981517920,0,-2826422,0,2224,0,1 # steer t=15013 want_r=18 k=2 base=12T106
-319466339900,0,-260852940860,0,275591710992,0,-59794867204,0,-4440827938,0,3432359012,0,-476128173,0,16241062,0,2084669,0,-240700,0,9885,0,-174,0,1 # steer t=15013 want_r=18 k=2 base=12T106
-512215556,0,-119899960,0,506399060,0,-191510644,0,-18199740,0,24940320,0,-5336953,0,207800,0,92475,0,-17808,0,1465,0,-60,0,1 # steer t=15013 want_r=18 k=2 base=12T106
-15896476192734331115968,0,-51077277653492212378496,0,154841108706225076983280,0,672570145002609597623056,0,545205653374517497297580,0,-48493714535564366094392,0,1211607694151823273841,0,-7851476644259753361,0,16142489611757302,0,-7307210010197,0,1172469762,0,-62929,0,1 # steer t=15013 want_r=18 k=2 base=12T106
-7736178167699,0,-74020355139280,0,45284556227894,0,-10877620642840,0,1288122480167,0,-67382146112,0,-658064124,0,264531824,0,-11814773,0,104528,0,5798,0,-152,0,1 # steer t=15013 want_r=18 k=2 base=12T106
-538685502887504342464,0,-7325494815635795215488,0,-27793721669054682941776,0,-10486920320340195895088,0,68722375404018435225116,0,-6764031623894963046720,0,196958602284508762205,0,-1575266226418256895,0,4251905305655978,0,-2656195706171,0,596323102,0,-45759,0,1 # steer t=15013 want_r=18 k=2 base=12T106
-69529827974353763,0,-1089689768032030944,0,-5046258261825096498,0,-6358373428869503840,0,2768860465738827255,0,-329376642980546672,0,15187323490575076,0,-289055123092464,0,2303471451275,0,-7162834800,0,9631022,0,-5360,0,1 # steer t=15013 want_r=18 k=2 base=12T106
-652459480138669703,0,-7990461000005886165,0,-24031351517053858103,0,-16515192162549653558,0,9127628504177753199,0,-1095555861319018325,0,47778517131532862,0,-829175465135639,0,5870958154655,0,-15595392914,0,17094145,0,-7543,0,1 # steer t=15013 want_r=18 k=2 base=12T106
-4478123681,0,39013111225,0,238346129475,0,-183315354040,0,46961383199,0,-4967037889,0,73041624,0,32227171,0,-3096019,0,112688,0,-807,0,-51,0,1 # steer t=15013 want_r=18 k=2 base=12T106
-373775,0,-3472075,0,6900755,0,-3220520,0,-1787419,0,2605119,0,-1249254,0,314507,0,-42003,0,2020,0,175,0,-27,0,1 # steer t=15013 want_r=18 k=2 base=12T106
-157613050903446643,0,-2709259412978411152,0,-13258174578955388138,0,-16647621787605011864,0,9394268014912830567,0,-1165763086230517184,0,53233265506128836,0,-924813415243152,0,6433811720491,0,-16139433072,0,16951302,0,-7192,0,1 # steer t=15013 want_r=18 k=2 base=12T106
-151552,0,-492771328,0,-24571540736,0,-155274420480,0,409464171792,0,-288872495256,0,65522189713,0,-6548414471,0,329909226,0,-8758353,0,117814,0,-679,0,1 # steer t=15013 want_r=18 k=2 base=12T106
-17184630139887872,0,-16637473266916608,0,7436514611328768,0,-1186400529048192,0,96435429921408,0,-4149813805184,0,70444069056,0,1394114576,0,-88311648,0,1449208,0,-3328,0,-136,0,1 # steer t=15013 want_r=18 k=2 base=12T106
-249709,0,492094,0,905656,0,-1587358,0,276003,0,406412,0,-198520,0,11172,0,13513,0,-4266,0,576,0,-38,0,1 # steer t=15013 want_r=18 k=2 base=12T106
-463093571787391,0,-1183553258793000,0,362369304845098,0,-21048545029960,0,-3806248881713,0,630968550960,0,-33006053748,0,178694320,0,52522319,0,-2340360,0,43434,0,-360,0,1 # steer t=15013 want_r=18 k=2 base=12T106
-131893,0,804450,0,139600,0,-1127602,0,263827,0,376308,0,-184200,0,-4484,0,20513,0,-5622,0,696,0,-42,0,1 # steer t=15013 want_r=18 k=2 base=12T106
-1339379158602811472413,0,17585903127982288764101,0,114220333447542819988635,0,187523684306244979279916,0,71402709345410614552003,0,-24671479548439587798005,0,805095923007150803040,0,-6873075829839319557,0,14539016218841645,0,-6920382201248,0,1123329809,0,-60279,0,1 # steer t=15013 want_r=18 k=2 base=12T106
-134699929004982145652,0,-1189403839925626870668,0,-1411618316866807233904,0,180751551591957806864,0,476221540557001279822,0,-60050047843038002472,0,1384905031831763299,0,-11858603470375870,0,46279419967941,0,-88369651312,0,78115021,0,-24270,0,1 # steer t=15013 want_r=18 k=2 base=12T106
-4337984431030263657136,0,-18237305315761099696336,0,5561468525917949674456,0,-691203679257715886712,0,45983611282599089932,0,-1754061031755865050,0,37517973275136881,0,-392200134997041,0,1104452905094,0,4708034495,0,-7316246,0,-487,0,1 # steer t=15013 want_r=18 k=2 base=12T106
-1757807440592027648,0,-185972968669004988416,0,-400221635443448208384,0,2331453574415809362176,0,1824646638861683970240,0,-275355364905508573080,0,4839001636241094453,0,-31694011959170294,0,98226699668175,0,-152111347556,0,110457355,0,-29326,0,1 # steer t=15013 want_r=18 k=2 base=12T106
-312402228859038464,0,-89333080185253225216,0,-2319438024040120269760,0,3811432603857934305728,0,1328012386315868366304,0,-112133277722502095916,0,1878651013868505575,0,-13407773597978392,0,47887958656251,0,-86841336180,0,73556449,0,-23880,0,1 # steer t=15013 want_r=18 k=2 base=12T106
-77084850825099645331,0,-363913766671712924957,0,-447840951074616347135,0,41837851637183899130,0,202006233128170766991,0,-38076602612053100421,0,2175727008216058866,0,-36716303534071635,0,211145615995203,0,-281173510946,0,134308125,0,-21763,0,1 # steer t=15013 want_r=18 k=2 base=12T106
-1055006043638166799216,0,-2757535451789839722752,0,-1768810176319595712960,0,335741680813619384304,0,324692100703641095368,0,-73295227894565505520,0,3875098760817899327,0,-62537946029280192,0,297490995163675,0,-360139302840,0,152232077,0,-21944,0,1 # steer t=15013 want_r=18 k=2 base=12T106
-42492882720071811568,0,-788019025890655428096,0,108122379297348831800,0,-4408265836832178232,0,-33321036066464664,0,7481809236215294,0,-208432339740733,0,1811747091011,0,11622003076,0,-284681689,0,1577170,0,-2889,0,1 # steer t=15013 want_r=18 k=2 base=12T106
-198628353719824432,0,-159371953448007760,0,93129643592440920,0,-18808806332483528,0,1988476045750980,0,-121019590061602,0,4181872634687,0,-69469778113,0,59921576,0,12691727,0,-101656,0,-19,0,1 # steer t=15013 want_r=18 k=2 base=12T106
18048769,0,-7727181,0,-28525917,0,33147476,0,-13188159,0,609353,0,1379350,0,-588863,0,124641,0,-15804,0,1219,0,-53,0,1 # steer t=15013 want_r=20 k=1 base=12T106
84937723498021443152,0,104020338871496893392,0,-18762433452116819048,0,1395939551800019920,0,-58341173636637488,0,1510492517495374,0,-24699387910213,0,239513323914,0,-941260353,0,-6336254,0,102273,0,-522,0,1 # steer t=15013 want_r=20 k=1 base=12T106
286253119761777475,0,2275591162727775025,0,-541643412311961405,0,55244549586445660,0,-3186049661986381,0,113646369208817,0,-2532716930074,0,32121546111,0,-112835223,0,-3146838,0,54807,0,-375,0,1 # steer t=15013 want_r=20 k=1 base=12T106
156777768828041693,0,145197186785379291,0,-72440229264957719,0,13212282177705054,0,-1288370625153325,0,73415046499307,0,-2380892783410,0,33819979037,0,291350175,0,-17672890,0,223945,0,-935,0,1 # steer t=15013 want_r=20 k=1 base=12T106
11623451461208623,0,337677503824149671,0,-83881817380372359,0,8858041377338066,0,-508192710165299,0,16098337326683,0,-195479242356,0,-5004204667,0,270319995,0,-5578646,0,63251,0,-387,0,1 # steer t=15013 want_r=20 k=1 base=12T106
806150836885808,0,-1265932180378208,0,-1917976391894464,0,3817756480633560,0,-383791481850964,0,-1342598781549312,0,297399914304575,0,-18872938730268,0,378837987567,0,-2218195072,0,4884501,0,-4108,0,1 # steer t=15013 want_r=20 k=1 base=12T106
1161639572335362704,0,1520219161351993248,0,-405234229790437448,0,36800231281027144,0,-1321495223831648,0,-8824168059642,0,2563961146779,0,-103250244517,0,2169753434,0,-26711703,0,190152,0,-705,0,1 # steer t=15013 want_r=20 k=1 base=12T106
41029587206912,0,30673339823104,0,-24649814491520,0,6559532488064,0,-917278289280,0,72837354656,0,-2841937312,0,-21416160,0,8472424,0,-448896,0,12048,0,-170,0,1 # steer t=15013 want_r=20 k=1 base=12T106
3815970916741,0,-6422839571659,0,4431352297605,0,-1708720054810,0,415432381651,0,-67401152959,0,7480681014,0,-570010009,0,29379399,0,-988322,0,20309,0,-225,0,1 # steer t=15013 want_r=24 k=1 base=12T106
1700748748309606013871,0,-1230086171061522509418,0,160955588495701937916,0,-10137978166890397662,0,384498990163068219,0,-9650893018876740,0,167758222471920,0,-2057795108604,0,17797190805,0,-106273458,0,416916,0,-966,0,1 # steer t=15013 want_r=24 k=1 base=12T106
6026992,0,-23122400,0,39385320,0,-39414616,0,25829792,0,-11687014,0,3746685,0,-858197,0,139508,0,-15709,0,1164,0,-51,0,1 # steer t=15013 want_r=24 k=1 base=12T106
26460659059440722176,0,-43436134645751216640,0,28219771108379064192,0,-9317840032500120960,0,1658369077233913536,0,-155005432651070176,0,6982898522690784,0,-146048827368608,0,1354654972872,0,-4926199192,0,7662596,0,-4874,0,1 # steer t=15013 want_r=24 k=1 base=12T106
15373245963528033247,0,-44479463749889729486,0,47625863879896533852,0,-23014570977859362722,0,4939439297457313371,0,-440493082096427820,0,17500598953315344,0,-305513297624740,0,2348865388037,0,-7224647078,0,9689172,0,-5402,0,1 # steer t=15013 want_r=24 k=1 base=12T106
59659427497923514514221,0,-186172701390542971191475,0,212551498026145673311771,0,-106025902247633237552228,0,21321083534514921953501,0,-1362188840403104212313,0,32931108984786907370,0,-277208377494108801,0,863517435765193,0,-751340914612,0,246264263,0,-28923,0,1 # steer t=15013 want_r=24 k=1 base=12T106
2515546239068462446013,0,-7950561328005287331395,0,9339619331661526165073,0,-4972396781841812589242,0,1154390544221436497127,0,-88967860795781565649,0,2397737514484716260,0,-28028666930348153,0,147691015410799,0,-319319731956,0,269263639,0,-58917,0,1 # steer t=15013 want_r=24 k=1 base=12T106
24733515195469672016,0,-25529117709463695152,0,4773144693139209208,0,-428996943388548408,0,23188327812557852,0,-828636457257458,0,20489122651915,0,-357242044775,0,4388941044,0,-37209439,0,207164,0,-681,0,1 # steer t=15013 want_r=24 k=1 base=12T106
93048681474759229,0,-146887311377939475,0,84916006987545287,0,-23785117033366002,0,3539151430641039,0,-291975652637187,0,13964389604602,0,-401752999629,0,7038614971,0,-73629766,0,430807,0,-1205,0,1 # steer t=15013 want_r=24 k=1 base=12T106
16727105475,0,-44819076735,0,48335326587,0,-28430243298,0,10316732913,0,-2461182003,0,399328704,0,-44715645,0,3449547,0,-179658,0,6021,0,-117,0,1 # steer t=15013 want_r=24 k=1 base=12T106
193807493845861465872373,0,-341437106548160653173263,0,230711859280640780138293,0,-77384029202547755201186,0,13556740202811947927059,0,-1163040841353653484419,0,39469663353474018918,0,-501857712400079029,0,1717261129308679,0,-1682778693242,0,496408133,0,-49917,0,1 # steer t=15013 want_r=24 k=1 base=12T106
3503050714300,0,-5084768736120,0,3042575993396,0,-1025334601972,0,220653402244,0,-32306549808,0,3325312327,0,-243802888,0,12690171,0,-458848,0,10969,0,-156,0,1 # steer t=15013 want_r=24 k=1 base=12T106
38954421683218161948656,0,-55600413828293247687072,0,24867666288327190549384,0,-5301638843115746347696,0,610704072505744030852,0,-38789409104246232310,0,1284809877698856875,0,-19156882044406094,0,107298898320967,0,-215997782338,0,111683377,0,-20154,0,1 # steer t=15013 want_r=24 k=1 base=12T106
2068650640606137327,0,12903333818690256516,0,-6515035397725541952,0,1317994252064728210,0,-138921539261121562,0,7923530201338358,0,-213989682359587,0,645266980948,0,75046717810,0,-674662654,0,-2081861,0,2046,0,1 # steer t=15075 want_r=16 k=2 base=12T59
21853192495760474507776,0,15541379273895049762304,0,-6689790552553980972672,0,999584916531163063808,0,-75804321709484714048,0,3105560080933739840,0,-62491154544874056,0,322998514533232,0,5141063471068,0,-15475921136,0,-23931564,0,3832,0,1 # steer t=15075 want_r=16 k=2 base=12T59
363412220494370898989,0,1409840567706566914230,0,-28597105099212475243041,0,35479923176048914611514,0,14441662222319790444861,0,-36957753528154771314938,0,14474751431813900944091,0,-909331006936605386580,0,-22295649331393381,0,765039103271698,0,-38057425363,0,-415592,0,1 # steer t=15075 want_r=16 k=2 base=12T59
6732753917152120837,0,568197403030650344,0,-175670353459749643509,0,71068745340535614580,0,539091741098466984351,0,-649079219006913890790,0,211724664876055616973,0,-4461143453499733728,0,-3780337276921,0,9916329012350,0,-1533014041,0,-59188,0,1 # steer t=15075 want_r=16 k=2 base=12T59
89670423611637565073,0,-278488273504848981756,0,-1386676464664818513264,0,5255290031484870939082,0,-6392697362894257760730,0,3494325885668938329178,0,-843603940078219929282,0,66497136734537314010,0,59155022292011713,0,-125182984014600,0,-13171142498,0,205838,0,1 # steer t=15075 want_r=16 k=2 base=12T59
576701758871897,0,2117836459168817,0,-923988683196338,0,145274318274796,0,-9343373984093,0,21401238032,0,26751164461,0,-1040801014,0,-3323042,0,719709,0,-5793,0,-96,0,1 # steer t=15075 want_r=16 k=2 base=12T59
2691085704648305039945,0,43151132895537876942058,0,119258472581565042640663,0,68759354366618611044724,0,-55842054343199410492375,0,-39085681662054102432110,0,6630638491721604734731,0,-86694923051316531234,0,165268453180395845,0,-93200758868424,0,9909100383,0,-234614,0,1 # steer t=15075 want_r=16 k=2 base=12T59
833812005805,0,412738779350108,0,4914465257617550,0,4733643120084374,0,-3419218962445980,0,-1157089308934840,0,519311888589484,0,-26948786543718,0,465163241965,0,-2833169734,0,6088100,0,-4796,0,1 # steer t=15075 want_r=16 k=2 base=12T59
287388769,0,734878960,0,-2402879526,0,-5966269904,0,645273295,0,6646756704,0,1956881836,0,-844449440,0,81040111,0,-3161168,0,54362,0,-400,0,1 # steer t=15075 want_r=16 k=2 base=12T59
43984030874011469241811,0,51239888788642698356014,0,-2774790398564872937324,0,49308267281697266151,0,-129745720528653669,0,-6281955929655140,0,69631948018130,0,7306640431,0,-4023168428,0,19082539,0,37325,0,-488,0,1 # steer t=15075 want_r=16 k=2 base=12T59
741244241765,0,17931054004778,0,103248018134456,0,142264969555698,0,-12258325618533,0,-54494488548650,0,15291549739514,0,-1077624298000,0,29083379836,0,-310859644,0,1327780,0,-2222,0,1 # steer t=15075 want_r=16 k=2 base=12T59
4821970329587742775625,0,18596463834419608080740,0,12664423165128217429146,0,-22094273608077357157692,0,-26875984862582800502977,0,-932444917359365004024,0,4886267313933888496332,0,-72919037369766579864,0,150238540555215831,0,-89441062185964,0,9689521210,0,-233132,0,1 # steer t=15075 want_r=16 k=2 base=12T59
531441,0,38007597438,0,9167813108280,0,376528467490974,0,2873148624052515,0,-3308580351742122,0,824851407145338,0,-38844086340852,0,637251617520,0,-3541843044,0,7163352,0,-5406,0,1 # steer t=15075 want_r=16 k=2 base=12T59
48979142751125504,0,311255688424587264,0,-135885599423967232,0,23397769393250304,0,-2016375887374336,0,83471880909824,0,-665995157056,0,-68046907072,0,2024326064,0,-7675200,0,-176768,0,328,0,1 # steer t=15075 want_r=16 k=2 base=12T59
104552795216384,0,-18015248836809216,0,190126464168951936,0,6476013641649523200,0,-3293560368794272768,0,-1830236243485419552,0,854838880056601480,0,-25006219607936800,0,-49937557263396,0,456794831016,0,-154052346,0,-24184,0,1 # steer t=15075 want_r=16 k=2 base=12T59
7307799719313717,0,956283243205849434,0,20461011312773236455,0,141586463720345764069,0,261826679678252886676,0,-80627879887348501316,0,2352752031562804803,0,-19618845076077870,0,57998144502619,0,-70391473686,0,39367226,0,-10217,0,1 # steer t=15075 want_r=16 k=2 base=12T59
2292076681,0,15429585624,0,-9216791622,0,-4836277238,0,1334751363,0,334141416,0,-75470835,0,-3206016,0,1653777,0,-150119,0,6243,0,-126,0,1 # steer t=15075 want_r=16 k=2 base=12T59
54571366041412585,0,209219626992534116,0,-63604838167019350,0,7614178764757424,0,-461617462442183,0,13755183025016,0,-80640640206,0,-6750212000,0,174419114,0,-651780,0,-23100,0,164,0,1 # steer t=15075 want_r=16 k=2 base=12T59
100326264894756791593,0,1881000815942583543012,0,-5734688613104031591782,0,5205321944056795912390,0,-1409301359960523678932,0,-94958978905142885634,0,55400669428723197367,0,-882960950308587772,0,-739686239425942,0,3728801755010,0,-626281617,0,-48494,0,1 # steer t=15075 want_r=16 k=2 base=12T59
419806974626051545957,0,-59578322812344696134,0,-699348007725117078937,0,294875160493810938174,0,255376312847173136589,0,-189778177010528425866,0,34621708830647367363,0,-697088227518347444,0,-682419973386709,0,3550371416946,0,-614859071,0,-48188,0,1 # steer t=15075 want_r=16 k=2 base=12T59
20804302795148251,0,61735880410951420,0,-100035513036863226,0,50762265854949753,0,-11364534008468468,0,1074526856320824,0,-22238710331475,0,-1040433386600,0,18051533261,0,-22654493,0,-280764,0,169,0,1 # steer t=15075 want_r=16 k=2 base=12T59
14427506155733158045,0,13407321770485291282,0,-4957382908068718570,0,660159858720239820,0,-43805280210634110,0,1454766847801314,0,-15395424426528,0,-381428108798,0,10534037723,0,-37939500,0,-403622,0,532,0,1 # steer t=15075 want_r=16 k=2 base=12T59
737192336805850941,0,568371109650567125337,0,25647164016662234384217,0,121819018354294290105158,0,-244562990969260106500627,0,-120438171152630181164755,0,5234101985563866788297,0,-22647416359309359625,0,25131736607046859,0,-8139051271521,0,1004718473,0,-52812,0,1 # steer t=15075 want_r=16 k=2 base=12T59
397335268191648800076608,0,461820419736197858964960,0,-420983266769228306818656,0,116010367716040612968664,0,-14099025939389396426520,0,729053056717504471232,0,-9801332842450660937,0,-52080654961259181,0,194735156202550,0,-65403405407,0,-31110855,0,3264,0,1 # steer t=15075 want_r=16 k=2 base=12T59
341044417800883214081,0,2981834196492093077061,0,3797301188430415023942,0,1409254946273964617874,0,-26100183403728727373,0,-61307412780046896828,0,2157337321469125585,0,-18413072000615068,0,56052850978114,0,-69544437011,0,39301063,0,-10232,0,1 # steer t=15075 want_r=16 k=2 base=12T59
-9177254844788736,0,-24167657533280256,0,9420524397250560,0,-1443443243512832,0,114831676174848,0,-4863667918592,0,84127579712,0,1148501760,0,-71936880,0,807896,0,7020,0,-194,0,1 # steer t=15075 want_r=18 k=2 base=12T59
-62628734658258247175,0,202879346659792879336,0,-158346291342732858334,0,-151696144072760836392,0,316687856032109734143,0,-184242673180030317744,0,38062180417928066172,0,-714849618192868112,0,-693798343075417,0,3561102546504,0,-614970686,0,-48200,0,1 # steer t=15075 want_r=18 k=2 base=12T59
-40645711,0,-39399016,0,38876366,0,20409610,0,-18707841,0,966308,0,2632645,0,-1085216,0,212791,0,-24263,0,1647,0,-62,0,1 # steer t=15075 want_r=18 k=2 base=12T59
-9014864606237335,0,-124574486357358286,0,-196046738411659741,0,613492363872777470,0,375645068065073487,0,-1061076053219483976,0,417287691073673233,0,-14875223227215856,0,108003062211185,0,-253007410528,0,153477431,0,-26048,0,1 # steer t=15075 want_r=18 k=2 base=12T59
-9773172193584445681447,0,-41066804492136349787688,0,49083076141762164519163,0,-3176065406654035787131,0,-9084552413853285463301,0,1575956900990230997539,0,254142338168467070638,0,-2825187958937390284,0,6151252578596362,0,-3089378988754,0,540194248,0,-39002,0,1 # steer t=15075 want_r=18 k=2 base=12T59
-781562685527,0,-196950779405,0,1167963677862,0,-303074127451,0,-254077084117,0,99496195372,0,107018738,0,-1855527872,0,168963766,0,-5853574,0,84333,0,-501,0,1 # steer t=15075 want_r=18 k=2 base=12T59
-34293366480662528,0,-26354194764937216,0,10936905887653888,0,-1645687163597824,0,130559015450112,0,-5862640867328,0,135265377472,0,-488158848,0,-50384608,0,1016632,0,-1676,0,-130,0,1 # steer t=15075 want_r=18 k=2 base=12T59
-384319937600,0,5975240749152,0,11395224849024,0,-251543408881640,0,-453314382621176,0,276592408414372,0,444977968330639,0,-28249459120172,0,544401949216,0,-3267578038,0,6880489,0,-5334,0,1 # steer t=15075 want_r=18 k=2 base=12T59
-17841467583157998959075,0,17182027888453020718320,0,16136028418298941117017,0,-31030081623608779477832,0,17635814248322026911825,0,-4477089232881501033672,0,452526673637980165479,0,-5414231682461195532,0,-3566453921698599,0,12025638520516,0,-1383286377,0,-72306,0,1 # steer t=15075 want_r=18 k=2 base=12T59
-155114675,0,584680084,0,-592810066,0,-222013908,0,754220679,0,-474214584,0,111655764,0,-5477288,0,-1014133,0,93156,0,-866,0,-68,0,1 # steer t=15075 want_r=18 k=2 base=12T59
-881239871694072087959,0,-2465216808783740260314,0,-437801821655103983433,0,43003416536653410236,0,-1562854899803179219,0,30975271114414894,0,-369112920540173,0,2618062294170,0,-9085824943,0,-7773376,0,207931,0,-770,0,1 # steer t=15075 want_r=18 k=2 base=12T59
-591413592497,0,-463434442289,0,1497697541844,0,1355543990276,0,-529754570737,0,-378075361664,0,125352953375,0,-11670960632,0,471897664,0,-9429649,0,97335,0,-498,0,1 # steer t=15075 want_r=18 k=2 base=12T59
-6791,0,23960,0,119010,0,-207640,0,-241985,0,373232,0,61116,0,-176432,0,71527,0,-13064,0,1218,0,-56,0,1 # steer t=15075 want_r=18 k=2 base=12T59
-1732384317983607,0,-4419324957482872479,0,-951386859524201965380,0,-41684542462342310535953,0,13059414385445940099158,0,-984767644073286699329,0,20214671014339559561,0,-116496238100619881,0,246165710053513,0,-211972767925,0,82811034,0,-14865,0,1 # steer t=15075 want_r=18 k=2 base=12T59
-4507050350223,0,-92338815324672,0,342654223243242,0,-162269154072760,0,-249029871173018,0,117675340111002,0,56677308032545,0,-8808814514692,0,216894009004,0,-1788970526,0,4732145,0,-4168,0,1 # steer t=15075 want_r=18 k=2 base=12T59
-7548357285299,0,-9841151296540,0,7271674721424,0,-1927837825488,0,262720818586,0,-18386549488,0,306476634,0,53446164,0,-4558703,0,147948,0,-1074,0,-52,0,1 # steer t=15075 want_r=18 k=2 base=12T59
-99566570363023354865589,0,-193707683967860777174040,0,22161009514587313853868,0,-1049007740351992519511,0,26965468091634192120,0,-404413238321184414,0,3461671197474925,0,-14202272998652,0,1369651831,0,173918499,0,-316648,0,-457,0,1 # steer t=15075 want_r=18 k=2 base=12T59
-1190715208000334631,0,-2090443373558592534,0,543234907356687810,0,-55490807347779438,0,2943010263215538,0,-83100326077818,0,958265712657,0,8721435240,0,-364180455,0,2726649,0,15795,0,-291,0,1 # steer t=15075 want_r=18 k=2 base=12T59
-1770596975159729709299,0,-1670270639292639135752,0,1129200595506568433085,0,-267064357308806079492,0,33478005142150886561,0,-2466549207229615930,0,108090663417392329,0,-2655922200051688,0,30352543147509,0,-73955695374,0,-118300205,0,14592,0,1 # steer t=15075 want_r=18 k=2 base=12T59
-10562606506042014243959,0,-15377798920511416729974,0,2328752764773446791039,0,-144123261284985239947,0,4849786356903224898,0,-95877197763772488,0,1100645058968078,0,-6431789302771,0,7807730581,0,88500975,0,-266726,0,-275,0,1 # steer t=15075 want_r=18 k=2 base=12T59
-418162057125175403352749,0,-167997428615534841069492,0,559005378034302438528757,0,-312459163821536946301722,0,75924370117861316254777,0,-8675720619196795099412,0,401181289010085856285,0,-3072622437721154162,0,-2222352961807465,0,6762851734894,0,-859364833,0,-55966,0,1 # steer t=15075 want_r=18 k=2 base=12T59
-87123881854778261,0,-907661963560469304,0,656019232796244027,0,5669574358972139174,0,-4079394206246704259,0,-5721660500563642642,0,4132953940374186529,0,-108063205912658350,0,535520486402449,0,-847252658948,0,344299405,0,-39036,0,1 # steer t=15075 want_r=18 k=2 base=12T59
-3259786727,0,-14110482603,0,-11609089884,0,7408198516,0,4186935675,0,-3372410916,0,870089739,0,-115322976,0,8836830,0,-405719,0,10995,0,-162,0,1 # steer t=15075 want_r=18 k=2 base=12T59
-3654498071221889834275,0,6757790842723823708640,0,452930930361985851177,0,-7674679797336038752668,0,5628171712671735804873,0,-1574911818301113554280,0,164816370564449074495,0,-2614972656283561024,0,-2234755047966359,0,8911881106396,0,-1179202925,0,-67546,0,1 # steer t=15075 want_r=18 k=2 base=12T59
-4568194091603,0,-24050046409804,0,14359739889486,0,-3283784025588,0,351171310023,0,-11007596792,0,-1443916268,0,183006360,0,-8686357,0,157444,0,1598,0,-100,0,1 # steer t=15075 want_r=18 k=2 base=12T59
6154391552,0,-3256842240,0,-76875952128,0,54331392,0,18496559872,0,-6788737536,0,1190453440,0,-124156928,0,8255968,0,-354904,0,9580,0,-148,0,1 # steer t=15075 want_r=20 k=1 base=12T59
36136135789548001,0,-23758247938404214,0,-171232317451826758,0,248294455780748734,0,-25603152360210532,0,-112699493900439140,0,54813921908499408,0,-6010235824250692,0,59094598676929,0,-174978646152,0,130290576,0,-23026,0,1 # steer t=15075 want_r=20 k=1 base=12T59
4435432447334818824,0,25522289773046690652,0,-4303412976442495608,0,280516117008193803,0,-8063282581152264,0,15175289999898,0,6319231042860,0,-217148252787,0,3755091960,0,-38291184,0,230229,0,-747,0,1 # steer t=15075 want_r=20 k=1 base=12T59
54139840393598363221,0,56503352503687313290,0,-13103822647061073274,0,1228482762257594812,0,-64278305109958486,0,2068930690980650,0,-41774781900088,0,504185473082,0,-2902977557,0,-4200876,0,157338,0,-748,0,1 # steer t=15075 want_r=20 k=1 base=12T59
232081,0,-5984598,0,3265479,0,14998468,0,-11905227,0,-5649426,0,8420271,0,-3227886,0,593109,0,-58976,0,3219,0,-90,0,1 # steer t=15075 want_r=20 k=1 base=12T59
89507149549495315625,0,20844441259290415812500,0,-2164662286848251628750,0,99027621630699304750,0,-2613290489193911640,0,43592201555632598,0,-470013141793973,0,3145330459112,0,-10630331314,0,-7376990,0,221219,0,-802,0,1 # steer t=15075 want_r=20 k=1 base=12T59
3348681181,0,-41448049626,0,-4706993238,0,496357036852,0,-234828364470,0,-1064901356000,0,768959872544,0,-126487743558,0,5965725927,0,-106511710,0,684566,0,-1554,0,1 # steer t=15075 want_r=20 k=1 base=12T59
9921445,0,-126444892214606,0,278598890026687099,0,-3678073076721031040,0,-25519180657520094083,0,-20106381333416934934,0,14272877856963570607,0,-1321452684758121846,0,6531270003092425,0,-9120382591316,0,2279621675,0,-110246,0,1 # steer t=15075 want_r=20 k=1 base=12T59
1,0,-118,0,627,0,-1014,0,-27,0,1726,0,-1793,0,492,0,323,0,-302,0,101,0,-16,0,1 # steer t=15075 want_r=20 k=1 base=12T59
4163869227881717021,0,12731405584269262222,0,-3644296793641974625,0,440046874725786482,0,-30027204089150647,0,1272889190424998,0,-34388398370449,0,577925572424,0,-5456606021,0,18989158,0,88877,0,-760,0,1 # steer t=15075 want_r=20 k=1 base=12T59
168992560175941,0,3583626512389658,0,1851424707063239,0,-65146128557526508,0,109133362069610457,0,-56367597582994678,0,10521392506229339,0,-529285647589446,0,7105747321721,0,-32145077448,0,38554711,0,-13042,0,1 # steer t=15075 want_r=20 k=1 base=12T59
2038703449600,0,13260026279936,0,-9491956528096,0,2756568470616,0,-427571002716,0,36533410332,0,-1301355651,0,-53554018,0,8555111,0,-442818,0,12076,0,-172,0,1 # steer t=15075 want_r=20 k=1 base=12T59
6080023110589,0,-394592623253,0,-5590481542545,0,2542934922932,0,-84734675230,0,-167245023722,0,43768580402,0,-4972767296,0,291668641,0,-8735449,0,118662,0,-603,0,1 # steer t=15075 want_r=20 k=1 base=12T59
30937741482332053,0,682066138983708450,0,-180750972283736972,0,18703606489107842,0,-837759884207929,0,-867645555238,0,1956337374866,0,-101833216284,0,2658647104,0,-39236052,0,313892,0,-1138,0,1 # steer t=15075 want_r=20 k=1 base=12T59
12530233357,0,47561955140,0,-1880554892062,0,1022845552138,0,3722489474166,0,-3011266085950,0,813989460089,0,-90123593508,0,4016521708,0,-75020242,0,553301,0,-1338,0,1 # steer t=15075 want_r=20 k=1 base=12T59
26431488,0,21436416,0,-54859776,0,4956160,0,33533184,0,-26690048,0,10248512,0,-2368896,0,350784,0,-33544,0,2004,0,-68,0,1 # steer t=15075 want_r=20 k=1 base=12T59
23532225277966861052557,0,249221656985499111849742,0,-84189273131951646557197,0,10832579136842094500440,0,-610145947332838615487,0,6002208978007813186,0,973930520137051891,0,-46068247047563898,0,699806587879889,0,-1695917456116,0,1173144531,0,-67010,0,1 # steer t=15075 want_r=20 k=1 base=12T59
36572189134619445269,0,-20575805391605716848,0,-45843295939604371580,0,46361608116365974504,0,-16268406956136500146,0,2471720568882547688,0,-123594425807165034,0,-3973908783338792,0,274051305246073,0,-2373585684440,0,1081112018,0,-84288,0,1 # steer t=15075 want_r=20 k=1 base=12T59
3953557945,0,1988004308,0,-5569391310,0,3350993300,0,-985314917,0,150242534,0,-6557892,0,-1858850,0,413974,0,-41420,0,2358,0,-74,0,1 # steer t=15075 want_r=20 k=1 base=12T59
431339773139833,0,-1956207470277288,0,3638993073890914,0,-3563832059520920,0,1957426449849407,0,-591188712682256,0,88436174338364,0,-5072364909744,0,106025438695,0,-892047816,0,2788034,0,-3128,0,1 # steer t=15075 want_r=24 k=1 base=12T59
54756471029225155657,0,-240813954556705226886,0,428257993709604816171,0,-392276935358032919512,0,194445565820336284533,0,-49676809936109180454,0,5423727950737342107,0,-116610411240795978,0,552607982054505,0,-856142587684,0,345628059,0,-39078,0,1 # steer t=15075 want_r=24 k=1 base=12T59
5054304256,0,-11272400896,0,10983799808,0,-6232292352,0,2305951488,0,-588446208,0,106513728,0,-13811584,0,1275728,0,-81984,0,3484,0,-88,0,1 # steer t=15075 want_r=24 k=1 base=12T59
15362103983539488616960,0,-38655229051423702916864,0,37157258669893688598752,0,-17421728640780985547448,0,4210210863632835872760,0,-502867262141325145758,0,25331027737913238819,0,-331984737654479048,0,1140065459222171,0,-1346242679250,0,449439850,0,-43850,0,1 # steer t=15075 want_r=24 k=1 base=12T59
111319623370058509158961,0,-320488835011113501826236,0,382695547767448350549179,0,-242926900252056625832154,0,86848243672316778481915,0,-16847204605353730618846,0,1498520747146366149037,0,-32008390166749985200,0,83925611391323439,0,-63726131237332,0,8124070677,0,-214646,0,1 # steer t=15075 want_r=24 k=1 base=12T59
53916780982134140641,0,-193413455805843724258,0,272650133453829776967,0,-191666577002461512716,0,70598608399059747441,0,-13130077543067958066,0,1068241825487562219,0,-23773703019160398,0,141431492712437,0,-288850272616,0,163639247,0,-26674,0,1 # steer t=15075 want_r=24 k=1 base=12T59
2867151392256091,0,-8530795773755268,0,9961067560881937,0,-5905242646718552,0,1926232131920048,0,-351994052926506,0,35418524608965,0,-1837616163608,0,43159484680,0,-444490462,0,1938598,0,-2956,0,1 # steer t=15075 want_r=24 k=1 base=12T59
35630913651380606289600,0,-30371326099578567839808,0,8076248275742472894336,0,-1069452318938945909000,0,81863087792194007864,0,-3813039927334526890,0,107724267180024511,0,-1746140892352088,0,14176088024692,0,-43185465772,0,45141337,0,-16276,0,1 # steer t=15075 want_r=24 k=1 base=12T59
245060056911949,0,-351131638289973,0,193196773785780,0,-54799514523940,0,9083496914811,0,-952646411556,0,66390396171,0,-3155324832,0,102907314,0,-2269441,0,32379,0,-270,0,1 # steer t=15075 want_r=24 k=1 base=12T59
591018550665738868249,0,-1581021176518628905256,0,1753356087362509389114,0,-1033718690478003587936,0,343590445774053184177,0,-62155872387902697900,0,5199522505904376346,0,-109487585250083468,0,527962213403890,0,-834708625688,0,341172116,0,-38884,0,1 # steer t=15075 want_r=24 k=1 base=12T59
320132088767331018361,0,-721389150296382454628,0,673162265269410177900,0,-334951175208425731220,0,94996935369646361110,0,-15089684134385939552,0,1202747190750509394,0,-35248880219505112,0,236955489617173,0,-509215871776,0,256834662,0,-34372,0,1 # steer t=15075 want_r=24 k=1 base=12T59
198685606736335909,0,-479709281794543130,0,479117762517751902,0,-254553578149480392,0,76818704757449670,0,-12962071149466492,0,1115152585973836,0,-40111253525898,0,545665435583,0,-3028145878,0,6287258,0,-4694,0,1 # steer t=15075 want_r=24 k=1 base=12T59
121271718134346754831,0,-508124821480057399750,0,872891029322625346533,0,-788883101999209318982,0,398927269706582110871,0,-110130927659548422614,0,14746901711265058953,0,-699803416827108484,0,3928396037746633,0,-5975999361194,0,1906099663,0,-90966,0,1 # steer t=15075 want_r=24 k=1 base=12T59
26514184606156682327521,0,-49364120506358603782402,0,34935757110958453661665,0,-11601474855389700803701,0,1806903579097699210276,0,-118648404891882732520,0,2682591612732139107,0,-20252338176860426,0,58579600622755,0,-70985828214,0,39656492,0,-10263,0,1 # steer t=15075 want_r=24 k=1 base=12T59
446629162225,0,-864901387020,0,619670650858,0,-242594677548,0,60191734223,0,-10169400370,0,1213040512,0,-103652922,0,6326614,0,-269900,0,7658,0,-130,0,1 # steer t=15075 want_r=24 k=1 base=12T59
144371059023038609,0,-302177851099596944,0,246288708899570378,0,-98644460575535686,0,20356384701088569,0,-2139339401588024,0,110508877763479,0,-2763968669686,0,35002034113,0,-232292341,0,816261,0,-1438,0,1 # steer t=15075 want_r=24 k=1 base=12T59
241631484288409792,0,-827623922101586688,0,1102090651788114912,0,-723100232155892656,0,246315185330559804,0,-42619386531467772,0,3403999919157873,0,-98694440193258,0,1065977025237,0,-4753630570,0,8239854,0,-5304,0,1 # steer t=15075 want_r=24 k=1 base=12T59
5884596800857,0,-14571586563530,0,14719755944039,0,-7954768068474,0,2544125579577,0,-501896419418,0,61584204859,0,-4626302560,0,205581331,0,-5175462,0,69061,0,-436,0,1 # steer t=15075 want_r=24 k=1 base=12T59
164773790182623593317261,0,-515175522542098987542983,0,565941838816857090557449,0,-246922426013486197805312,0,32910381787502765468368,0,-1554404802179821216961,0,26482471249969568443,0,-137169316248150435,0,279236694559718,0,-237027412972,0,90272368,0,-15604,0,1 # steer t=15075 want_r=24 k=1 base=12T59
10005716958341947037,0,-35329330337392136508,0,46836908870216398764,0,-28572766769945512446,0,7964372636821535824,0,-946310298949136244,0,42032080694745763,0,-626765847387344,0,3635292988525,0,-8855938021,0,9920275,0,-5137,0,1 # steer t=15075 want_r=24 k=1 base=12T59
1388118606955273517,0,1705769671002763968,0,-425103497910666406,0,-456458878813822912,0,233602064820832695,0,-46187611191743616,0,4666929852275228,0,-244283866380672,0,5676368132955,0,-28843274688,0,45836618,0,-12864,0,1 # steer t=15102 want_r=20 k=2 base=12T91
10799416431742832,0,92291707499863124,0,-584382007688052892,0,-1817628408033796978,0,4080780249912992578,0,-962967793387767256,0,57672895649791992,0,-1006876490711469,0,7610976569889,0,-26926654115,0,40461637,0,-16645,0,1 # steer t=15102 want_r=20 k=2 base=12T91
79340523632063999513361,0,86008442764308269205456,0,-6070494556841810315742,0,96278206746731403240,0,2604356696313042255,0,-131623257451719168,0,2471792558477084,0,-26548729319952,0,177466341375,0,-741116560,0,1833570,0,-2328,0,1 # steer t=15102 want_r=20 k=2 base=12T91
616083356076561981,0,18162497097173229206157,0,-7706036018281010655042,0,-5563222356101051736261,0,1419312385350326417382,0,-66520094148534348045,0,1246813859743912790,0,-10742746312197915,0,43119572345922,0,-74330412401,0,55878936,0,-16398,0,1 # steer t=15102 want_r=20 k=2 base=12T91
671803856,0,3427712000,0,-2818843418,0,-13962781184,0,22829573476,0,-13582075208,0,3976876981,0,-617914240,0,50528950,0,-2048228,0,39824,0,-336,0,1 # steer t=15102 want_r=20 k=2 base=12T91
37534857699132107,0,591475472650007176,0,-116103994531634184,0,-207355723678957420,0,78493515881883971,0,-9864919190161048,0,549604690653316,0,-14374641420120,0,178660261625,0,-1001495824,0,2553164,0,-2716,0,1 # steer t=15102 want_r=20 k=2 base=12T91
20278104145143325,0,263587254162173370,0,-96942872173322253,0,15484408318541942,0,-1420733056368496,0,82616537274648,0,-3156107522034,0,79027823032,0,-1241325360,0,10743556,0,-28904,0,-202,0,1 # steer t=15102 want_r=20 k=2 base=12T91
254212184996557,0,790200756543494,0,-451389135786319,0,104561738219183,0,-13455851465832,0,1057771717610,0,-51419013345,0,1422806566,0,-12980818,0,-457932,0,16876,0,-217,0,1 # steer t=15102 want_r=20 k=2 base=12T91
16773869555334125824,0,25314349142639024352,0,-6232646183069474544,0,614053388640360632,0,-33580246239928620,0,1138878182195424,0,-24928689727668,0,349997387562,0,-2940688485,0,11084996,0,25047,0,-384,0,1 # steer t=15102 want_r=20 k=2 base=12T91
155523546035820836,0,-2698372433993961362,0,4379041464414568405,0,14628732967851025862,0,-18009778025786126671,0,2776034362659567435,0,-134291430398398120,0,2411954813020339,0,-17681376835730,0,44877538067,0,-7970481,0,-22453,0,1 # steer t=15102 want_r=20 k=2 base=12T91
12629066670669824,0,-2868548703617024,0,-66550170898077696,0,36560509522874368,0,79062445905704960,0,-70149000529817632,0,13485335318601233,0,-873229152188044,0,18476670155584,0,-69199841664,0,75524736,0,-16608,0,1 # steer t=15102 want_r=20 k=2 base=12T91
8,0,1096,0,-5394,0,9152,0,-3728,0,-8492,0,14809,0,-11360,0,5126,0,-1440,0,248,0,-24,0,1 # steer t=15102 want_r=20 k=2 base=12T91
8789979486764873097,0,-65531899924389938007,0,40663348532712616086,0,142270119561108656061,0,-129700550603202803712,0,-1781001964553266737,0,443957607863365888,0,-4043413286099565,0,14539879899006,0,-25607677457,0,22538832,0,-8826,0,1 # steer t=15102 want_r=20 k=2 base=12T91
32261981725,0,2534763060138270,0,-1568490005823040223,0,-3937836513487181176962,0,137326346894735766337408,0,-832356344176385134997002,0,22578299737795481038052,0,-193989063858113400434,0,636590387404898410,0,-666553466399214,0,187103073178,0,-1259088,0,1 # steer t=15102 want_r=20 k=2 base=12T91
114348364515268776619528,0,854236282578291273917368,0,-244092811830828422424788,0,8891196721875910853488,0,3716308921834015386870,0,-519549797872260715594,0,27321925742787175031,0,-618693441550781868,0,5306825367519177,0,-10844127330178,0,3055600885,0,-124496,0,1 # steer t=15102 want_r=20 k=2 base=12T91
272967986879168512,0,11490152950715203584,0,-2736845503818246144,0,287091762283892736,0,-17406060072446208,0,670470307358976,0,-16922932651360,0,276343107840,0,-2711022024,0,12111840,0,23380,0,-432,0,1 # steer t=15102 want_r=20 k=2 base=12T91
405503183132559687097,0,1246678080913697234400,0,-4355104988461229612038,0,-3560222142481167561632,0,9329343860620351942309,0,-3960017137651952476840,0,278582665960561379962,0,-5651894393623352648,0,39247185977105682,0,-81695977331856,0,46961960912,0,-628024,0,1 # steer t=15102 want_r=20 k=2 base=12T91
97583104,0,5921046528,0,-6881460224,0,2775810048,0,-267459584,0,-151072768,0,63811840,0,-11984896,0,1333120,0,-92800,0,3976,0,-96,0,1 # steer t=15102 want_r=20 k=2 base=12T91
760174195792409,0,-1129373264015176,0,536923693972522,0,-123719238560816,0,16840904393247,0,-1494296152880,0,90945220396,0,-3886102272,0,116899367,0,-2431304,0,33354,0,-272,0,1 # steer t=15102 want_r=24 k=2 base=12T91
6266596234011807824128,0,-9796627199218658069504,0,5890410952862635142400,0,-1767180364971498329600,0,295180996294485894752,0,-28665490386176070912,0,1608152311977382704,0,-48723142850824928,0,651164530253529,0,-1491795905412,0,974441630,0,-60884,0,1 # steer t=15102 want_r=24 k=2 base=12T91
2322315137,0,-5755906324,0,6130688802,0,-3762214148,0,1494331567,0,-407078056,0,78313372,0,-10753960,0,1048751,0,-70980,0,3170,0,-84,0,1 # steer t=15102 want_r=24 k=2 base=12T91
712451139083464928601,0,-1545084845955657627255,0,1340128973403668279124,0,-586871784835934258295,0,133603574142613204797,0,-14280039011986626144,0,501983151138405991,0,-5086492260870672,0,20181742458453,0,-34537222147,0,25571334,0,-8367,0,1 # steer t=15102 want_r=24 k=2 base=12T91
96587384,0,-278371004,0,359554768,0,-275605002,0,139786178,0,-49468428,0,12534278,0,-2292643,0,300605,0,-27567,0,1679,0,-61,0,1 # steer t=15102 want_r=24 k=2 base=12T91
173017824044572172327296,0,-239105908475956048806144,0,120200121594322665084480,0,-28116048349496642307520,0,3552614384365674113896,0,-258272164295493471488,0,10836245184144028104,0,-246949517007985832,0,2538755580153353,0,-5577178848284,0,2461850510,0,-105716,0,1 # steer t=15102 want_r=24 k=2 base=12T91
86085632,0,-387768320,0,729003008,0,-749192192,0,466288192,0,-185417216,0,48587040,0,-8506208,0,991940,0,-75320,0,3536,0,-92,0,1 # steer t=15102 want_r=24 k=2 base=12T91
75011883209317021393,0,-143632251323462815066,0,111677229476987134013,0,-45617970632515714318,0,10588574304153357111,0,-1410102825644856710,0,103930619036471670,0,-3917245672067154,0,61455959074951,0,-169735893696,0,143599901,0,-22688,0,1 # steer t=15102 want_r=24 k=2 base=12T91
4873712,0,-18491632,0,31139358,0,-30894656,0,20171332,0,-9150808,0,2962873,0,-690880,0,115286,0,-13440,0,1040,0,-48,0,1 # steer t=15102 want_r=24 k=2 base=12T91
651694618,0,-1638841953,0,1819708771,0,-1188674012,0,511288716,0,-153091853,0,32802911,0,-5077687,0,564407,0,-43988,0,2284,0,-71,0,1 # steer t=15102 want_r=24 k=2 base=12T91
656377211039961088,0,-1247771042543796224,0,967896561832978432,0,-399402868681351168,0,96164868758550272,0,-13921160001449984,0,1197581690267392,0,-57625909310464,0,1324803077552,0,-9085447552,0,20616232,0,-8608,0,1 # steer t=15102 want_r=24 k=2 base=12T91
263278023189698116928,0,-564164082125402887360,0,479897396283392278192,0,-205290940651982083744,0,46284208634564724588,0,-5371399690459769388,0,317044853348226389,0,-9112510247507808,0,107232627711036,0,-245471925902,0,174963240,0,-24936,0,1 # steer t=15102 want_r=24 k=2 base=12T91
967324073795479,0,-14966971262874477,0,-27147508732238737,0,-2234086375575244,0,7442094733268605,0,-1483336978241589,0,92778728660050,0,-2623403887753,0,38310211575,0,-300260302,0,1211923,0,-2139,0,1 # steer t=15164 want_r=20 k=1 base=12T106
374857936,0,155723952,0,-784650024,0,519456488,0,-98481348,0,-28426086,0,19181337,0,-4668723,0,644814,0,-54631,0,2814,0,-81,0,1 # steer t=15164 want_r=20 k=1 base=12T106
4476511515078784525,0,3951359560935277675,0,-7920530302507900177,0,-2909765946267114076,0,4128609605553705449,0,-449066007525453687,0,14241435941222802,0,-205163137573787,0,1531154904021,0,-6011791660,0,11536915,0,-8817,0,1 # steer t=15164 want_r=20 k=1 base=12T106
1140822209941,0,1486129837799,0,-1659308200605,0,643722584578,0,-135195458825,0,17206434075,0,-1343827778,0,57764553,0,-474893,0,-87022,0,4831,0,-111,0,1 # steer t=15164 want_r=20 k=1 base=12T106
53497918957611664,0,538532445475187376,0,-114333319618241512,0,9430419968453592,0,-326734067141052,0,-2278191899238,0,678789764559,0,-29810712341,0,711880648,0,-10423701,0,93232,0,-467,0,1 # steer t=15164 want_r=20 k=1 base=12T106
2303212851892,0,3142343844996,0,-3394691983488,0,1091666423708,0,-145849512098,0,2187909244,0,1914576619,0,-280538874,0,19831229,0,-803300,0,18597,0,-222,0,1 # steer t=15164 want_r=20 k=1 base=12T106
12648509977,0,-73088911260,0,25115543106,0,202271667132,0,-88713587217,0,-118325002152,0,61930782892,0,-7867997784,0,412412887,0,-10224828,0,120114,0,-612,0,1 # steer t=15164 want_r=20 k=1 base=12T106
2026220455954905894991,0,14495177349739578802257,0,-6470818918772754520521,0,1028429689513997962712,0,-64670340676306775133,0,210626650853380607,0,139732531452241368,0,-4651383195572281,0,42285419201681,0,-133309785536,0,105741773,0,-25551,0,1 # steer t=15164 want_r=20 k=1 base=12T106
819880566925032604100,0,1645332017603396852260,0,-518427993894916667244,0,41000634880963497656,0,-1597204497473209714,0,36922530967253058,0,-544934560513873,0,5238748657456,0,-31987726875,0,111645094,0,-137947,0,-340,0,1 # steer t=15164 want_r=20 k=1 base=12T106
10274151057066284080225,0,-9896491865685359465115,0,-32248103791150474328471,0,6735080545969487840902,0,17840667768350910609783,0,-960480519590448856581,0,11400459871545170272,0,-57242949187735253,0,144368124623603,0,-188373750056,0,118535307,0,-28873,0,1 # steer t=15164 want_r=20 k=1 base=12T106
72410529130415815568,0,6239744456076079102992,0,-7476593285491582297240,0,-95854742112919561837000,0,34547303767325744159220,0,-3351261045947854590298,0,107985176159851000995,0,-1039841834997614981,0,3132930738343192,0,-2136494049229,0,513971972,0,-41251,0,1 # steer t=15164 want_r=20 k=1 base=12T106
76393971085665301,0,124364256202650328,0,-36821733148321138,0,4394611210941952,0,-284133470920777,0,10392037582928,0,-172979185740,0,-1904965472,0,170104531,0,-4092008,0,51998,0,-352,0,1 # steer t=15164 want_r=20 k=1 base=12T106
7219456,0,3289344,0,-46796224,0,68469344,0,-47708144,0,19254612,0,-4746419,0,692549,0,-47358,0,-1435,0,538,0,-39,0,1 # steer t=15164 want_r=20 k=1 base=12T106
14522242596650127969887,0,74520856490573694066425,0,-10576105381949615016473,0,600698275014855345060,0,-17207273494390878821,0,237417472869502419,0,-452715485518720,0,-31886990763473,0,439314688761,0,-2447119028,0,6110469,0,-5707,0,1 # steer t=15164 want_r=20 k=1 base=12T106
2814917725,0,-194729775,0,-7228529205,0,2755527880,0,3837953241,0,-2537879733,0,640180374,0,-87042321,0,7044957,0,-347540,0,10155,0,-159,0,1 # steer t=15164 want_r=20 k=1 base=12T106
1465977904,0,-665861888,0,-1818337560,0,2186790440,0,-1043462800,0,250350842,0,-25205091,0,-1644113,0,765776,0,-90439,0,5082,0,-129,0,1 # steer t=15164 want_r=20 k=1 base=12T106
13678407841692676205776,0,9332882984092264776480,0,-23214983888614198088536,0,-7358177705045893469416,0,11072384757778270733860,0,-555105438482663947146,0,6822058155468324745,0,-36638032915594000,0,100126036692675,0,-142057287394,0,97121527,0,-26076,0,1 # steer t=15165 want_r=20 k=2 base=12T106
469478473105856752,0,-703496179474536880,0,-1489786502838634088,0,2898989118203223032,0,-335694009971706964,0,-1248480351497032494,0,418238102370270557,0,-14515850899617589,0,130422780607190,0,-208769316933,0,110948238,0,-19003,0,1 # steer t=15165 want_r=20 k=2 base=12T106
842291587996650474248725,0,896548916386979895470645,0,-66788843575991139299129,0,2131791952993863725820,0,-38782609015098383899,0,439824585412142323,0,-3142494111580034,0,13011980242523,0,-17985986895,0,-100865208,0,591855,0,-1255,0,1 # steer t=15165 want_r=20 k=2 base=12T106
6124191859,0,151498903522,0,-104759548376,0,-74638374842,0,99748598275,0,-41336973452,0,8482506728,0,-944016500,0,58020553,0,-1953526,0,34992,0,-306,0,1 # steer t=15165 want_r=20 k=2 base=12T106
2892474212405572688896,0,4214399965734572569088,0,-638380959216357039488,0,38083193055478727040,0,-1162140051886820416,0,17774842061425132,0,-56372922127807,0,-2630339280049,0,47812353694,0,-374936655,0,1463666,0,-2477,0,1 # steer t=15165 want_r=20 k=2 base=12T106
720618937600,0,159107232742400,0,1596816839074880,0,-5924821035113440,0,5294773608686256,0,-827144552724540,0,46990050794129,0,-1317055312318,0,20286551991,0,-175242024,0,808711,0,-1710,0,1 # steer t=15165 want_r=20 k=2 base=12T106
377798640882674774835200,0,393084939683778044887040,0,-45483055799488407928832,0,2055232332887421878272,0,-47007904314083672064,0,530194883320182784,0,-1174999699314240,0,-40868184049728,0,499756486448,0,-2508617280,0,5870580,0,-5412,0,1 # steer t=15165 want_r=20 k=2 base=12T106
42993552926733511975,0,-72526384197763107025,0,-155249221424257140905,0,167332422588611253580,0,189516438394516532131,0,-18174331490695758443,0,378623643807155288,0,-3377794725767159,0,15196207751689,0,-35239373308,0,39043037,0,-16829,0,1 # steer t=15165 want_r=20 k=2 base=12T106
45886599752725,0,2983315437167985,0,-642187114120009,0,-83468289808157608,0,107372336172211905,0,-19311022070597321,0,1218333121977778,0,-31550403227805,0,358624974693,0,-1701757184,0,3612091,0,-3267,0,1 # steer t=15165 want_r=20 k=2 base=12T106
65580404800,0,300687429920,0,-792206319008,0,-1212904026760,0,1371008533816,0,-438904740838,0,64880562293,0,-5036331412,0,214805503,0,-5052710,0,64275,0,-408,0,1 # steer t=15165 want_r=20 k=2 base=12T106
170470397170136125,0,328285543447101275,0,247339589115287935,0,92125424212284819,0,17537758231025234,0,1570683003841175,0,51564826625384,0,860750236511,0,30911116063,0,426070149,0,-2887063,0,127599,0,1 # steer t=15176 want_r=0 k=2 base=12T94
302432832758069,0,1269409983909639,0,2112298883218735,0,1749287250138542,0,731965523963552,0,132481009812085,0,4156108800842,0,-320294628390,0,4610045802,0,8754118,0,-781691,0,7863,0,1 # steer t=15176 want_r=0 k=2 base=12T94
86183832337,0,155293178802,0,118876695170,0,52459772271,0,15063518219,0,2988143309,0,421967166,0,42884217,0,3120670,0,158884,0,5381,0,109,0,1 # steer t=15176 want_r=0 k=2 base=12T94
1436973763307334323,0,4409351566361734078,0,5872821107397981832,0,3598116717707066754,0,843148198182181699,0,9629360498329516,0,278208758836744,0,1576524734596,0,27010958985,0,-47730890,0,-74000,0,-166,0,1 # steer t=15176 want_r=0 k=2 base=12T94
77568999943405279,0,-66189150344170482,0,11880940516957330,0,-448357543555819,0,603940122748429,0,34422671777084,0,2088542532776,0,10127430526,0,18549197,0,-375975,0,26436,0,-329,0,1 # steer t=15176 want_r=0 k=2 base=12T94
468668489256073,0,1295525763020440,0,1519247029112713,0,983165624295548,0,382479969480740,0,91349968028082,0,13118103590527,0,1061596037340,0,42668157919,0,703773540,0,2277396,0,2622,0,1 # steer t=15176 want_r=0 k=2 base=12T94
3350089,0,12572178,0,20954092,0,20687527,0,13548529,0,6223719,0,2061545,0,497067,0,86705,0,10682,0,883,0,44,0,1 # steer t=15176 want_r=0 k=2 base=12T94
5509651657096801871,0,18964327072369507884,0,24802775466772146515,0,15270428763065027027,0,4481387923036223598,0,584384929208638519,0,25463089576496147,0,132455978462703,0,795032691097,0,4539363234,0,15772810,0,36413,0,1 # steer t=15176 want_r=0 k=2 base=12T94
225961,0,213022,0,-158341,0,-132840,0,115319,0,181194,0,127503,0,58442,0,17578,0,3590,0,461,0,33,0,1 # steer t=15176 want_r=0 k=2 base=12T94
576860110682969,0,1234827261556364,0,1097321147449682,0,440964564194868,0,50818496920031,0,-7180869341352,0,300905815036,0,-4237279928,0,-28845977,0,538076,0,21778,0,196,0,1 # steer t=15176 want_r=0 k=2 base=12T94
21092361849,0,22130974710,0,4185924561,0,-1592079138,0,-319638798,0,148904082,0,64186992,0,12492630,0,1338768,0,88398,0,3672,0,90,0,1 # steer t=15176 want_r=0 k=2 base=12T94
235601639097068612738929,0,159592148009643577092696,0,13302433938759311101002,0,514143784379811416584,0,11717146104392981295,0,174181362387216048,0,1787332655108940,0,13163996634192,0,71383715199,0,284078968,0,784458,0,1320,0,1 # steer t=15176 want_r=0 k=2 base=12T94
2458440328130507,0,-10369432057712455,0,16357792710515557,0,-11326470637736022,0,2870823279813409,0,38111271691262,0,3937742426605,0,28532251280,0,1766906415,0,-5699875,0,-16982,0,-101,0,1 # steer t=15176 want_r=0 k=2 base=12T94
280683718578422361594869,0,-532931226965536567087131,0,229065678800927216234578,0,22109182830720954190985,0,1121134002103230250190,0,-33159103956334373547,0,186590215660768043,0,1305162788667844,0,3124047541120,0,3843953146,0,4112349,0,1002,0,1 # steer t=15176 want_r=0 k=2 base=12T94
693881,0,3560785,0,8013071,0,10421554,0,8699112,0,4899619,0,1907666,0,517547,0,97237,0,12363,0,1012,0,48,0,1 # steer t=15176 want_r=0 k=2 base=12T94
237085886006874903661888,0,171620752073789832245760,0,12306128878880306326080,0,390504626122362004880,0,6960297494141312972,0,77158394966759008,0,583526129305285,0,3512477152728,0,19445836930,0,92331657,0,325044,0,799,0,1 # steer t=15176 want_r=0 k=2 base=12T94
602514410164801654001,0,-1117342151873364887602,0,790189596118560160323,0,-258098092010078439727,0,36092807959795258316,0,-1332744868481526108,0,22896476846815454,0,-208466531102836,0,1001113836028,0,-2346355344,0,3202654,0,-2599,0,1 # steer t=15176 want_r=0 k=2 base=12T94
382888871,0,802112746,0,702646036,0,340949878,0,105002859,0,22415492,0,3572544,0,463116,0,53421,0,5618,0,492,0,30,0,1 # steer t=15176 want_r=0 k=2 base=12T94
3969636952875693779,0,9101233754984775667,0,8356206272576998628,0,3867260074575216845,0,920396013501536525,0,98058932614018193,0,2384109355273196,0,-39224396128511,0,124554873903,0,438252032,0,-6080489,0,21238,0,1 # steer t=15176 want_r=0 k=2 base=12T94
101016625029856756289,0,133394805272074002060,0,51331218847363197930,0,2903825897778781306,0,-596397376687159153,0,195470894324610455,0,-8632054679844157,0,266427640915131,0,-594784279686,0,564923297,0,-712054,0,-78,0,1 # steer t=15176 want_r=0 k=2 base=12T94
72199492723293167,0,69975891966207098,0,20018174619326268,0,2924548517877302,0,262922598583931,0,15817265816420,0,659619666128,0,19244435916,0,389737045,0,5451522,0,49972,0,286,0,1 # steer t=15176 want_r=0 k=2 base=12T94
2954203,0,3467625,0,3383415,0,-522563,0,320859,0,9558,0,16953,0,1368,0,432,0,-134,0,69,0,-9,0,1 # steer t=15176 want_r=0 k=2 base=12T94
23635987381,0,37459995573,0,24451104054,0,8588025868,0,1871960958,0,277620111,0,30092667,0,2589957,0,196677,0,14017,0,876,0,39,0,1 # steer t=15176 want_r=0 k=2 base=12T94
39361950315478792,0,86026233251591012,0,76943034883914650,0,36117501504825303,0,9467905309710619,0,1357897984117489,0,96173825658706,0,2654918022650,0,34032717597,0,226356189,0,802961,0,1432,0,1 # steer t=15176 want_r=0 k=2 base=12T94
681797793575076912360563,0,480913825197025148031334,0,52107193733849881608282,0,2813740551090553187956,0,101369977260114016639,0,2783432147527310475,0,59173036185587599,0,921933369272596,0,9821780553309,0,66398065329,0,254061743,0,416793,0,1 # steer t=15176 want_r=0 k=2 base=12T94
439123360586539,0,4165480317829725613,0,349144273733048656529,0,1981354078821882518226,0,2367102088054389968497,0,972505242895538426043,0,123991447455509412713,0,2399302878032076338,0,-11041832187803323,0,-74269882471175,0,-4574427417,0,-30267,0,1 # steer t=15176 want_r=4 k=1 base=12T94
651071,0,-24906634,0,-1828027395,0,-23186806534,0,-83003017808,0,-62563926704,0,-10101450268,0,533206869,0,-4886131,0,-1195744,0,130051,0,-3131,0,1 # steer t=15176 want_r=4 k=1 base=12T94
26484521111,0,419397616526,0,1980137697780,0,4013432968428,0,3638625703492,0,1230573395979,0,56642816851,0,-24273205977,0,33666754,0,-2521367,0,-313908,0,-3401,0,1 # steer t=15176 want_r=4 k=1 base=12T94
898669296127,0,2424675013787,0,716881371722,0,-863913921906,0,-418696646213,0,-104501898791,0,23810247786,0,-3544308485,0,-152265850,0,-1957274,0,-961,0,168,0,1 # steer t=15176 want_r=4 k=1 base=12T94
4804155612882463288408,0,8921585970390910211404,0,3488540477520623527728,0,-573475516699390888291,0,52957981791209425888,0,-2399692205075767194,0,56587714484465869,0,-99651898715337,0,-500981767113,0,-531185929,0,-227108,0,757,0,1 # steer t=15176 want_r=4 k=1 base=12T94
92993375695417,0,389505080861022,0,538541711995715,0,335580719866796,0,102087948508918,0,13950764888117,0,501568098248,0,-8623720551,0,4170812054,0,77278056,0,-2252908,0,-127486,0,1 # steer t=15176 want_r=4 k=1 base=12T94
8270387333596963,0,49154699992083879,0,80823916290199395,0,10288433302719736,0,-43439717133803961,0,-8765984319751188,0,594474063059301,0,-1488660189651,0,11972132082,0,-126200408,0,-833091,0,9885,0,1 # steer t=15176 want_r=4 k=1 base=12T94
4096,0,1757184,0,-58178560,0,70888448,0,-12049152,0,2126848,0,-723840,0,-89664,0,15472,0,4992,0,576,0,36,0,1 # steer t=15176 want_r=4 k=1 base=12T94
4638750309857986789928,0,6414929438698157621780,0,-345183708125338800050636,0,-25011778868287781064335,0,-898567998287184410811,0,-45006051778692575121,0,-1620400695455455162,0,-3870546254167998,0,1848282562543,0,-2209996349,0,1088085,0,-1348,0,1 # steer t=15176 want_r=4 k=1 base=12T94
181813534614875736,0,339262682807934324,0,32201050025529594,0,-257636927682657,0,-155771757184914,0,-7552712401056,0,-78126436467,0,5586064803,0,261584397,0,5381829,0,61560,0,381,0,1 # steer t=15176 want_r=4 k=1 base=12T94
18990711462654343,0,14326550839374473,0,-39549326944513299,0,-21090102751396562,0,-4528890397615056,0,-535630260786456,0,-38931321115396,0,-1839784405502,0,-58167644178,0,-1197422730,0,-14068681,0,-84288,0,1 # steer t=15176 want_r=4 k=1 base=12T94
1520075928079771,0,6863887619589087,0,9913851934023109,0,6529880698929247,0,2099840268688712,0,298670007929560,0,11333187804878,0,-181755687623,0,-1046697673,0,17151195,0,305128,0,-5703,0,1 # steer t=15176 want_r=4 k=1 base=12T94
21092361849,0,-28229083038,0,-115586941275,0,-47264945364,0,5642400951,0,-4818761442,0,866059290,0,-55923048,0,-1232577,0,-1242,0,-972,0,-6,0,1 # steer t=15176 want_r=4 k=1 base=12T94
359770445329,0,-13770998485428166,0,-822031521727459841598,0,-255230440361927816460,0,-29529322269366029260,0,-1529462811684609460,0,-33422991500014265,0,220834670773814,0,682115762074,0,84432174,0,1787319,0,-574,0,1 # steer t=15176 want_r=4 k=1 base=12T94
3797142705287704576,0,11014509022722607104,0,6320630586123358208,0,1588349406769711616,0,206445130564164864,0,14037868066486784,0,441080449260288,0,3894196651936,0,-5034926464,0,-392151352,0,-3832012,0,-13306,0,1 # steer t=15176 want_r=4 k=1 base=12T94
4096,0,176345088,0,-80858728448,0,125607220224,0,33039606272,0,6828261248,0,1041335552,0,137358848,0,3578016,0,143888,0,2932,0,66,0,1 # steer t=15176 want_r=4 k=1 base=12T94
151158060947431,0,282872724674266,0,115808017053140,0,-12621976738618,0,3090063341483,0,-139584172124,0,50838485504,0,-4042706452,0,138411565,0,-2786334,0,35436,0,-274,0,1 # steer t=15176 want_r=4 k=1 base=12T94
843741713752040520089,0,4044765885212187583517,0,7804882031268058513668,0,7736476875696753940860,0,4152347722288263083793,0,1155382548873679420796,0,138743366614511167612,0,3062106754025984257,0,-25874680268888216,0,-110562028224992,0,-4291074729,0,10863,0,1 # steer t=15176 want_r=4 k=1 base=12T94
103024593449,0,392902973754,0,296509310912,0,-560316337104,0,-1007076954112,0,-433047567886,0,63184704987,0,51448199252,0,-4514219811,0,159537638,0,-3212288,0,32859,0,1 # steer t=15176 want_r=4 k=1 base=12T94
807841119711949,0,2860948636419796,0,2653076198212248,0,-431382109086195,0,-1147761538633257,0,-89236045158565,0,32319444047875,0,-708380456260,0,4475603384,0,43672908,0,-864068,0,4167,0,1 # steer t=15176 want_r=4 k=1 base=12T94
18655855181879,0,28239849190763,0,-9211478229874,0,-20040277674737,0,-1146349139667,0,-200470111972,0,-39707065303,0,-1575108044,0,7873159,0,-438039,0,-214,0,-69,0,1 # steer t=15176 want_r=4 k=1 base=12T94
77595662534882679013,0,115079659860907060378,0,17199382989764607232,0,188697300739061307,0,-144878641876906823,0,-14869325815352540,0,-738243210554878,0,-22002230418546,0,-418768201632,0,-5098155409,0,-37002379,0,-128803,0,1 # steer t=15176 want_r=4 k=1 base=12T94
11186279,0,35891787,0,36327126,0,4629299,0,-14366186,0,-9435692,0,-2209685,0,-145020,0,17526,0,3119,0,-59,0,-28,0,1 # steer t=15176 want_r=4 k=1 base=12T94
19931617,0,-571833248277,0,-175814949464903,0,-188222833559384,0,70518392194094,0,-24208422028706,0,1848204369774,0,-147185846049,0,-75845134,0,5332256,0,-16698,0,-250,0,1 # steer t=15176 want_r=4 k=1 base=12T94
1401299933167616,0,3922222642159616,0,558415472338944,0,-6701727733248,0,-6077971321344,0,-442042609664,0,-6858836672,0,735613472,0,51670992,0,1594616,0,27360,0,254,0,1 # steer t=15176 want_r=4 k=1 base=12T94
3578558806178327988227,0,-5048908888268797598205,0,2302778324888663278644,0,-515827195615121624476,0,65746940933845966210,0,-5038486461565402751,0,232806285032977291,0,-6199182806369471,0,84859781596421,0,-457748275827,0,187190511,0,-24448,0,1 # steer t=15176 want_r=24 k=1 base=12T94
77083981058752770712,0,-64381438225221774820,0,13966937960204130532,0,-1458411308883918579,0,88892987746604710,0,-3441632007159846,0,87864012047191,0,-1492781686479,0,16657562973,0,-117795749,0,495224,0,-1107,0,1 # steer t=15176 want_r=24 k=1 base=12T94
1084093424876946728,0,-3110633340446245016,0,3610842650465178714,0,-2147889235990553555,0,678908045016512821,0,-105204693238984811,0,6219531490670312,0,-134898194456680,0,1258045109901,0,-5113505417,0,7890339,0,-4838,0,1 # steer t=15176 want_r=24 k=1 base=12T94
154917946192557161809,0,-477254583888358743987,0,616570554132662566593,0,-430246202720540872874,0,173385138829296519153,0,-39681848592767423043,0,4639642509377232033,0,-208555842374106039,0,2728483915820463,0,-9581228419289,0,1414091334,0,-66615,0,1 # steer t=15176 want_r=24 k=1 base=12T94
4851792775864,0,-13770370456124,0,15652397850280,0,-9155951647309,0,2960869016833,0,-537689813844,0,55670369396,0,-3444953093,0,131346827,0,-3088885,0,43195,0,-325,0,1 # steer t=15176 want_r=24 k=1 base=12T94
14406432471271524598648,0,-40357865531079588467680,0,45012986291667430953546,0,-25074059313928481331755,0,7057861869987025111869,0,-849541599729717227071,0,17475305341687530792,0,-122291309343683348,0,322208675562129,0,-339673017101,0,137761555,0,-20894,0,1 # steer t=15176 want_r=24 k=1 base=12T94
185149876496971063,0,-702145786637734106,0,1047834390032205844,0,-770066465036090822,0,282227728745298347,0,-44951994020525636,0,2000299718299232,0,-36729939698188,0,323447540701,0,-1417858498,0,3010252,0,-2894,0,1 # steer t=15176 want_r=24 k=1 base=12T94
171362445110835144846784,0,-418093186935125205133760,0,404504638906312406763392,0,-194226262089656072236584,0,46646630316747248174728,0,-4707224047180646029058,0,77335651469648086711,0,-390553016076183958,0,797421018402210,0,-676074367837,0,216305170,0,-26031,0,1 # steer t=15176 want_r=24 k=1 base=12T94
9665106220413509477599,0,-37237733931488632032608,0,57650876119575789762608,0,-45868759181881197081663,0,19908505256870242457335,0,-4601154352443396619356,0,501322307848714668006,0,-18165649622430211927,0,171301288478550352,0,-403594798483099,0,17756573983,0,-238910,0,1 # steer t=15176 want_r=24 k=1 base=12T94
150056050839482085376,0,-508855927606765666304,0,682180552737722881024,0,-463102563118793807872,0,169783022328128612096,0,-32996949080454208512,0,3060324471760027456,0,-105442949653802304,0,1213447034831376,0,-4058700412512,0,789928340,0,-49668,0,1 # steer t=15176 want_r=24 k=1 base=12T94
12063525521433323100743,0,-44149926993496183660858,0,62835486547069158241996,0,-43135672711223016493102,0,14146489775509968447435,0,-1787494468706458594308,0,28754853659840632592,0,-153681175429965980,0,343827371115501,0,-332829371362,0,130296868,0,-19990,0,1 # steer t=15176 want_r=24 k=1 base=12T94
25764251512,0,-61665396624,0,61653493122,0,-34146639139,0,11745657909,0,-2668472388,0,414703545,0,-44828721,0,3371535,0,-173167,0,5796,0,-114,0,1 # steer t=15176 want_r=24 k=1 base=12T94
4998221824,0,-11567224832,0,11620368384,0,-6735289856,0,2523189504,0,-646949760,0,116913088,0,-15056288,0,1375248,0,-87088,0,3636,0,-90,0,1 # steer t=15176 want_r=24 k=1 base=12T94
15094518269996058613,0,-16518451581954959720,0,5544433024323797628,0,-936830913940975991,0,93529128214851412,0,-5884124514565234,0,237659775070023,0,-6078727579438,0,93982047054,0,-801208730,0,3142629,0,-3303,0,1 # steer t=15176 want_r=24 k=1 base=12T94
9966223853960636122867,0,-21499398124561984712926,0,18285471177658682456776,0,-7774152203080111708450,0,1698963496777756889251,0,-169506003690173228876,0,4838940506218510568,0,-41047846704462500,0,139859391706729,0,-194311747574,0,96097872,0,-17434,0,1 # steer t=15176 want_r=24 k=1 base=12T94
36594527512081963751179,0,-37870468046226630877210,0,4557951506362666836296,0,-246515055835869598238,0,7693141680810306995,0,-153317639285528708,0,2044503648090824,0,-18559249198780,0,114178697473,0,-463831042,0,1177136,0,-1670,0,1 # steer t=15176 want_r=24 k=1 base=12T94
43085015871383879,0,-94714728459060282,0,77715643504887297,0,-33231877983926158,0,8371656575469951,0,-1300959387768262,0,124611892864415,0,-7009234876530,0,203834266288,0,-2216928200,0,5685069,0,-4749,0,1 # steer t=15176 want_r=24 k=1 base=12T94
13237857438427,0,-41434797600094,0,56462127286743,0,-43836920499314,0,21290935609708,0,-6675797841436,0,1342793155034,0,-165775046070,0,11324879769,0,-334031812,0,1417963,0,-2076,0,1 # steer t=15176 want_r=24 k=1 base=12T94
983544045934981,0,-2458532938568427,0,2427289674646560,0,-1206433485341275,0,318605945722515,0,-43774211819061,0,3010946046252,0,-111880092402,0,2368239678,0,-28966147,0,199377,0,-708,0,1 # steer t=15176 want_r=24 k=1 base=12T94
7544847590735173406024,0,-18924313320367200943244,0,19084943756681804966758,0,-9725048457546923885369,0,2542687256902099431736,0,-292389933733948150222,0,6945452486023908531,0,-52158574609976383,0,159735625995571,0,-203540427105,0,97330338,0,-17467,0,1 # steer t=15176 want_r=24 k=1 base=12T94
131591891498744081,0,-448857249313452676,0,586039471766650732,0,-368034805517511981,0,117085242277547127,0,-19402509512000415,0,1643467943925614,0,-66652454632600,0,1167451374309,0,-7896865506,0,11525151,0,-5966,0,1 # steer t=15176 want_r=24 k=1 base=12T94
157983786219197,0,-337640623924530,0,299788423301652,0,-144006519507029,0,40970074459316,0,-7132770752581,0,760431405788,0,-48316689188,0,1724544137,0,-31363491,0,252756,0,-867,0,1 # steer t=15176 want_r=24 k=1 base=12T94
1116407405571764776,0,-974576393168704156,0,268661423985032444,0,-37879045966489601,0,3224178598350258,0,-178485844700560,0,6641499661053,0,-167332608938,0,2815681897,0,-30520972,0,199587,0,-701,0,1 # steer t=15176 want_r=24 k=1 base=12T94
9555182104,0,-22030142004,0,22003733544,0,-12617814677,0,4639803633,0,-1155854484,0,200530635,0,-24465807,0,2087361,0,-121673,0,4608,0,-102,0,1 # steer t=15176 want_r=24 k=1 base=12T94
68291819,0,-289584654,0,522966544,0,-529803170,0,334387091,0,-138188780,0,38233144,0,-7108964,0,877569,0,-69798,0,3384,0,-90,0,1 # steer t=15176 want_r=24 k=1 base=12T94
394085174984364527,0,411813917509185264,0,-128609211713845786,0,15824888325476872,0,-1081473621800337,0,45375851256406,0,-1182700983166,0,17398588394,0,-67885115,0,-2337314,0,45577,0,-346,0,1 # steer t=15215 want_r=20 k=1 base=12T87
3953010214275253238407,0,13953082246734316250618,0,-9717588189270405361661,0,642161512552100140862,0,-11198693398489150345,0,-227578880664284120,0,12236269531619118,0,-205047694635432,0,1667535618284,0,-6445121954,0,9439559,0,-5444,0,1 # steer t=15215 want_r=20 k=1 base=12T87
121103409025,0,-42471590900,0,-199212469950,0,86639242700,0,-10397828497,0,-1035636520,0,463461148,0,-64569288,0,5098479,0,-250468,0,7618,0,-132,0,1 # steer t=15215 want_r=20 k=1 base=12T87
671274170636367878033,0,369760533207923157144,0,-658884893956835532065,0,32390712989421879534,0,-206864016557674003,0,-18898312562051052,0,588460604685256,0,-8304763928084,0,67587415500,0,-332842458,0,971539,0,-1534,0,1 # steer t=15215 want_r=20 k=1 base=12T87
1096452838114501,0,10896798507486080,0,-5712183460137042,0,1236138403564344,0,-150251381179305,0,11486904491104,0,-579358221772,0,19491955600,0,-427877373,0,5691744,0,-36610,0,-8,0,1 # steer t=15215 want_r=20 k=1 base=12T87
8427635932229632,0,1726878344822784,0,-14383584129091584,0,4353598244798464,0,-570753590748416,0,41311547989248,0,-1770649618048,0,44469428416,0,-580203056,0,1803632,0,40628,0,-412,0,1 # steer t=15215 want_r=20 k=1 base=12T87
9594378394033353101,0,8967635856458069666,0,-7351300534055345799,0,-17924190302294404,0,210271117306064776,0,-22396086617723164,0,963230041533842,0,-20822339508790,0,235907075508,0,-1322656176,0,3117872,0,-3056,0,1 # steer t=15215 want_r=20 k=1 base=12T87
1772613930474061285549,0,-30651992726896074573306,0,10819755022018489524610,0,97100460091256523344403,0,32188854073768203128643,0,-19789698288869180864094,0,1836910485862512032680,0,-40577675148545085957,0,57870933583614790,0,-17283996784049,0,1876375283,0,-75442,0,1 # steer t=15215 want_r=20 k=1 base=12T87
369082910616146923275,0,-20456771692984287300,0,-473617264577361427575,0,29832033711746925180,0,-263952380750477202,0,-24332253946589556,0,907274858320395,0,-14534522795916,0,126779793435,0,-619031268,0,1617642,0,-2070,0,1 # steer t=15215 want_r=20 k=1 base=12T87
87294552807690880953337,0,186504215041147918950600,0,-28027997440496524131927,0,1685097376408047461972,0,-54828830027250066204,0,1064909852145369945,0,-12562957975742364,0,84387741494067,0,-229149704421,0,-664684852,0,6057588,0,-11631,0,1 # steer t=15215 want_r=20 k=1 base=12T87
748833337319849807,0,-2520620028206610854,0,-11887697385100696275,0,1023546952216298650,0,110257653696238555,0,-17146905699324814,0,853498434602238,0,-20684758732202,0,256193709044,0,-1500977376,0,3434551,0,-3200,0,1 # steer t=15215 want_r=20 k=1 base=12T87
2416652874550017,0,1090143932693976,0,-1593364574027628,0,337658786933094,0,10498017673260,0,-8300799344412,0,887277857787,0,-44976226536,0,1248045084,0,-19296522,0,159552,0,-648,0,1 # steer t=15215 want_r=20 k=1 base=12T87
5721588601,0,1343383302,0,-22571395989,0,12789963746,0,2630790397,0,-3729046554,0,1131336584,0,-162876076,0,12893362,0,-584492,0,14873,0,-194,0,1 # steer t=15215 want_r=20 k=1 base=12T87
116078464615934576575,0,770105607619837041210,0,-595820288930810055477,0,33518380414545597082,0,-117324679530247578,0,-35476485332282298,0,1183956754807410,0,-18044682117912,0,151114040676,0,-708201590,0,1771392,0,-2166,0,1 # steer t=15215 want_r=20 k=1 base=12T87
23733776193355381,0,1466731496344888530,0,21893203078482829847,0,-21419056313628827002,0,6932729605040054436,0,-926360469638153579,0,50082514060581524,0,-1040190782736527,0,6301730006255,0,-14897687868,0,15097356,0,-6583,0,1 # steer t=15215 want_r=20 k=1 base=12T87
16025810705554395136,0,64398248477024141312,0,-9102633061028547584,0,525800969352649728,0,-15138997026538496,0,161265592963968,0,3380757285696,0,-158131118528,0,2862555232,0,-29945112,0,188320,0,-662,0,1 # steer t=15215 want_r=20 k=1 base=12T87
2908220032502959973869,0,5100745482793808548757,0,-1083518079274566912872,0,89348845735096089625,0,-3941354391993900042,0,102990102004910624,0,-1621128834173799,0,14265537458063,0,-45152795988,0,-296834436,0,3049771,0,-7792,0,1 # steer t=15215 want_r=20 k=1 base=12T87
18625981386752,0,12603175747584,0,-27631379427328,0,8783279932416,0,409616296960,0,-485826390528,0,77895449792,0,-5922795264,0,246527424,0,-5717488,0,70912,0,-432,0,1 # steer t=15215 want_r=20 k=1 base=12T87
9396408321,0,-8003501460,0,-7975039842,0,7964844048,0,-2324995326,0,204777558,0,36362520,0,-12006144,0,1506924,0,-106488,0,4437,0,-102,0,1 # steer t=15215 want_r=20 k=1 base=12T87
15150730081226752,0,19622261196541952,0,-9176148052548608,0,1140770358787072,0,-51864443650560,0,-676889251584,0,189752270400,0,-10051021760,0,291893856,0,-5230992,0,57860,0,-364,0,1 # steer t=15215 want_r=20 k=1 base=12T87
2623442886240638463,0,12209036956608061872,0,-6461014886023548816,0,839584273276106892,0,-52655682817395369,0,1906637046564168,0,-42327010114830,0,572390442432,0,-4270358070,0,10100052,0,78822,0,-576,0,1 # steer t=15215 want_r=20 k=1 base=12T87
613381944642703170401,0,216312675729504568416,0,-776252477044626748921,0,46770500555876902660,0,-388207224820344371,0,-36474245630054598,0,1307443559380586,0,-20138268942016,0,167898475251,0,-776072612,0,1895332,0,-2246,0,1 # steer t=15215 want_r=20 k=1 base=12T87
71810111869823590620029,0,-250943556383972751812377,0,346129292009721717735467,0,-240331941762459963697656,0,88692169673394529737281,0,-16692088496940315158577,0,1371426324276958578167,0,-35136134827139090323,0,53253804957787587,0,-16377066795065,0,1818612669,0,-74362,0,1 # steer t=15215 want_r=24 k=2 base=12T87
66790261306340198857075,0,-92922305662766493014550,0,31782317934431976520800,0,-4653734618074406792470,0,335323874445175249474,0,-12471576823598828592,0,247126343619291203,0,-2651823354170750,0,14918719163032,0,-38860970216,0,33633804,0,-10692,0,1 # steer t=15215 want_r=24 k=2 base=12T87
244105023488,0,-414805336064,0,299803588608,0,-124463079424,0,33435423232,0,-6165307648,0,803714560,0,-74858496,0,4954816,0,-227648,0,6900,0,-124,0,1 # steer t=15215 want_r=24 k=2 base=12T87
146845938690361,0,-361641163312420,0,378330363592392,0,-218923003545960,0,76351845125708,0,-16361614633634,0,2095959903350,0,-147819274152,0,4891069004,0,-70438328,0,458649,0,-1258,0,1 # steer t=15215 want_r=24 k=2 base=12T87
17490941,0,-80143219,0,157256028,0,-173756575,0,119829980,0,-54147762,0,16406179,0,-3357123,0,460984,0,-41528,0,2337,0,-74,0,1 # steer t=15215 want_r=24 k=2 base=12T87
1178830762068297521,0,-1323899951991241206,0,420008180200034932,0,-64803291852523482,0,5800267271067662,0,-326407219586070,0,11988754673023,0,-290411022418,0,4584353502,0,-45509358,0,266068,0,-818,0,1 # steer t=15215 want_r=24 k=2 base=12T87
25309990271,0,-73391614533,0,88493096312,0,-58362797675,0,23386032610,0,-5990402539,0,1006816026,0,-112256494,0,8264919,0,-391621,0,11248,0,-172,0,1 # steer t=15215 want_r=24 k=2 base=12T87
456544576849552064,0,-949155331034721344,0,794745621659787936,0,-342053283872249264,0,79947648380370988,0,-9876011675538696,0,599523722207227,0,-18903497293933,0,321841710681,0,-2911936824,0,12669901,0,-19734,0,1 # steer t=15215 want_r=24 k=2 base=12T87
6235500854805032,0,-18269748134207208,0,21332789720234660,0,-12849387547641596,0,4345268045755416,0,-841156283284590,0,91256302891881,0,-5261638980051,0,151059513545,0,-1968606392,0,11232764,0,-23173,0,1 # steer t=15215 want_r=24 k=2 base=12T87
102865431083658125,0,-158190151249936750,0,67866892328788125,0,-13998123222057140,0,1649766087165677,0,-119937127194264,0,5566220014858,0,-166202931746,0,3144114792,0,-36161110,0,235251,0,-778,0,1 # steer t=15215 want_r=24 k=2 base=12T87
52038933811986211,0,-54134999152163628,0,19382450195140884,0,-3511008943004524,0,373739878301994,0,-25293272729004,0,1137155258256,0,-34693337628,0,720052200,0,-9988498,0,88395,0,-450,0,1 # steer t=15215 want_r=24 k=2 base=12T87
4506117144219259456,0,-6827993582562919584,0,3803757955893515184,0,-989170995068552048,0,134106132342319992,0,-9915376627755378,0,399392789623701,0,-8484906162600,0,90151966998,0,-488576900,0,1370853,0,-1884,0,1 # steer t=15215 want_r=24 k=2 base=12T87
9999910451,0,-32180311623,0,42464008694,0,-30383332178,0,13211800585,0,-3697537921,0,684860730,0,-84585709,0,6890862,0,-358324,0,11113,0,-178,0,1 # steer t=15215 want_r=24 k=2 base=12T87
575381898021734250171037,0,-584905797486175939509558,0,192834048987929556173544,0,-26395212323901612695370,0,1685474036514114796305,0,-51683648738749609416,0,813681695201826856,0,-6807275503519950,0,29678119728172,0,-60632623744,0,44159978,0,-12132,0,1 # steer t=15215 want_r=24 k=2 base=12T87
44074143229,0,-95490147357,0,86669453499,0,-43955956921,0,14044102137,0,-3010515300,0,447883467,0,-46920762,0,3454155,0,-175021,0,5814,0,-114,0,1 # steer t=15507 want_r=24 k=2 base=12T135
1911977257,0,-6307263090,0,8591161569,0,-6423034414,0,2963987910,0,-895709466,0,182461641,0,-25268922,0,2357658,0,-144034,0,5445,0,-114,0,1 # steer t=15507 want_r=24 k=2 base=12T135
242314357140700738434949,0,-580601314324847380605051,0,514471812847935157987007,0,-210961274387861728301191,0,41841086996991272378419,0,-4211219797613129544422,0,212996752956965999189,0,-5037284921648449162,0,53738982494619579,0,-211162359885373,0,65633312634,0,-2328142,0,1 # steer t=15507 want_r=24 k=2 base=12T135
2595938362858909,0,-2965083596768150,0,1108782550311809,0,-216583392310130,0,26166313690254,0,-2119384529862,0,119895373817,0,-4820272966,0,137591270,0,-2732010,0,35941,0,-282,0,1 # steer t=15507 want_r=24 k=2 base=12T135
60081652265123,0,-313615688704826,0,676604729681600,0,-773885777451566,0,499380228458371,0,-178426235113060,0,32433800845592,0,-2653492335612,0,81605447449,0,-825447938,0,2361576,0,-2614,0,1 # steer t=15507 want_r=24 k=2 base=12T135
172722553,0,-986011187,0,2403324251,0,-3259018769,0,2686532635,0,-1383413414,0,441911979,0,-84770632,0,9240491,0,-532779,0,15072,0,-200,0,1 # steer t=15507 want_r=24 k=2 base=12T135
5450700446293763425,0,-16087803064991312160,0,19055741007289791694,0,-11637101740972821991,0,3910414970974833773,0,-713477224866875692,0,64968125811861707,0,-2403071866088862,0,29550363508735,0,-94979413611,0,58904399,0,-13225,0,1 # steer t=15507 want_r=24 k=2 base=12T135
2204261821,0,-5559050460,0,5966245678,0,-3676849444,0,1465213863,0,-400421912,0,77290644,0,-10649928,0,1042043,0,-70732,0,3166,0,-84,0,1 # steer t=15507 want_r=24 k=2 base=12T135
76375867424958335407,0,-193620260576735892222,0,179581794692960508562,0,-77742528701450368436,0,17414448338992972463,0,-2085382379980171844,0,130785961393525364,0,-4025776047121992,0,56165404669237,0,-279865705402,0,217986082,0,-29456,0,1 # steer t=15507 want_r=24 k=2 base=12T135
264840121564560064781,0,-977095653451061940066,0,1411600811294017540592,0,-1011395721157372028452,0,378320974826536757203,0,-72591108298157609684,0,6556564394940338688,0,-239390091621476364,0,3414861468836947,0,-13931623325838,0,4101558272,0,-135380,0,1 # steer t=15507 want_r=24 k=2 base=12T135
41092205044971008923,0,-125462040446186923734,0,136635722075041382888,0,-61950804640457785058,0,10417662839913003891,0,-758408002494360828,0,26092735706640040,0,-433055603497188,0,3461894311089,0,-12803747726,0,19981232,0,-9434,0,1 # steer t=15507 want_r=24 k=2 base=12T135
1296043161716785081,0,-2190974690247481629,0,1392624742961841377,0,-412246705625015455,0,59085919422170873,0,-4487290768161890,0,190103768500531,0,-4550792185582,0,60733840229,0,-435352479,0,1549250,0,-2282,0,1 # steer t=15507 want_r=24 k=2 base=12T135
330401913782287841675,0,-744964401926313917560,0,702574855534457600788,0,-357606065785347287283,0,105287202144265192089,0,-17711963020535215178,0,1550063287712564397,0,-55890738232753000,0,713927055987809,0,-1126767683429,0,325602239,0,-32073,0,1 # steer t=15507 want_r=24 k=2 base=12T135
1735299752722037,0,-7179662655580716,0,12117475771913138,0,-10659983539030935,0,5164797372348273,0,-1333434493087314,0,164218904317405,0,-8724642099604,0,184691573527,0,-1371479321,0,3238951,0,-3045,0,1 # steer t=15507 want_r=24 k=2 base=12T135
13450501661,0,-63990602469,0,130038037141,0,-148004615031,0,104074565277,0,-47069863790,0,13807884863,0,-2579868344,0,291562799,0,-17833701,0,459506,0,-2888,0,1 # steer t=15507 want_r=24 k=2 base=12T135
47757544240505203647107,0,-67444067171224790925700,0,29702107469354588903364,0,-5375928161935405696239,0,479860378369313772199,0,-22441572871225690540,0,550065301514466529,0,-7072706647158826,0,46063263677157,0,-139166296849,0,161873215,0,-29799,0,1 # steer t=15507 want_r=24 k=2 base=12T135
96689564475014689,0,-153288812321936515,0,91553758871495111,0,-29056981268089613,0,5569771390351489,0,-681102444507148,0,53999102522739,0,-2738110698668,0,84705773767,0,-1445469411,0,10873610,0,-14970,0,1 # steer t=15507 want_r=24 k=2 base=12T135
67580998876231171,0,-194991137574039840,0,210080057380091451,0,-106182149094672098,0,27028776351423546,0,-3729659676931782,0,290197705620237,0,-12647330529030,0,288005012694,0,-2835834074,0,7287171,0,-5076,0,1 # steer t=15507 want_r=24 k=2 base=12T135
10803430997243563957,0,-22507542380851935045,0,16022580968709321666,0,-4945373511185923712,0,704213982420240735,0,-51768543417429382,0,2057728748265361,0,-43900188556882,0,479886804453,0,-2563960024,0,6152486,0,-5155,0,1 # steer t=15507 want_r=24 k=2 base=12T135
59800602601612436129536,0,-73010018804934835162112,0,26678188377851691663616,0,-4037329970349937406464,0,311988824501883189568,0,-13353088214782286464,0,319716720693911616,0,-4087391056700032,0,24896277430400,0,-55594183376,0,47480308,0,-12440,0,1 # steer t=15507 want_r=24 k=2 base=12T135
10834510263768838144,0,-15444937499418959872,0,7944069841282629632,0,-1930568930765604864,0,251350456162061056,0,-18543657905957888,0,784918525403136,0,-18552666697472,0,227503832400,0,-1275684128,0,3170496,0,-3080,0,1 # steer t=15507 want_r=24 k=2 base=12T135
498781,0,-2441601,0,5265068,0,-6621272,0,5416389,0,-3040800,0,1202925,0,-338220,0,67129,0,-9176,0,820,0,-43,0,1 # steer t=15507 want_r=24 k=2 base=12T135
1027545679525,0,-2834336329515,0,3180972573501,0,-1894358237333,0,659085267393,0,-140125385034,0,18575435175,0,-1539513648,0,78701967,0,-2398115,0,40698,0,-336,0,1 # steer t=15507 want_r=24 k=2 base=12T135
25937514875029,0,-55561458726254,0,49703490806405,0,-24325305345650,0,7195856571030,0,-1344918501078,0,160913305757,0,-12151220974,0,551896718,0,-13596090,0,148957,0,-678,0,1 # steer t=15507 want_r=24 k=2 base=12T135
826811805659363230793,0,-2812097620730308159901,0,3965063674438006635569,0,-2980924843514861170575,0,1270909264187966166439,0,-297611138505587330922,0,32670437873511820461,0,-929730847524251216,0,6394364956803795,0,-7310803585177,0,1573222050,0,-102720,0,1 # steer t=15507 want_r=24 k=2 base=12T135
26545969,0,197563854,0,392078982,0,159603835,0,-159762339,0,-40509387,0,44590452,0,-12001518,0,1608777,0,-121118,0,5151,0,-114,0,1 # steer t=15537 want_r=16 k=2 base=12T136
591347930418332434636,0,530466812642004137048,0,-391820413176321904388,0,90261351708063956088,0,-9629793420769983231,0,478234344236003814,0,-7900855725880327,0,-68579217811462,0,926370249520,0,524069718,0,-5402475,0,-126,0,1 # steer t=15537 want_r=16 k=2 base=12T136
56736587091614752576,0,51981292515194993984,0,-324484168620984767168,0,-636668754356480083752,0,-362609310201549109580,0,-28164538506349569040,0,16211773241380118712,0,-1217311869534276608,0,26123978814230130,0,-48038208102148,0,17446470826,0,-1213378,0,1 # steer t=15537 want_r=16 k=2 base=12T136
41742784,0,67617120,0,-34548612,0,-60639620,0,20541231,0,10530090,0,-5326203,0,686160,0,21096,0,-13550,0,1371,0,-60,0,1 # steer t=15537 want_r=16 k=2 base=12T136
12506894336,0,-2739238912,0,-9559227392,0,7257924096,0,-2024063744,0,160917760,0,35215232,0,-8291136,0,395344,0,36712,0,-3708,0,50,0,1 # steer t=15537 want_r=16 k=2 base=12T136
680397630646169124691,0,698638358102957520859,0,-155009605212792650313,0,13505745341900960315,0,-623817479500776744,0,15919971999206631,0,-184256707774889,0,-819649172043,0,51460178076,0,-550175015,0,1458811,0,5861,0,1 # steer t=15537 want_r=16 k=2 base=12T136
2657205,0,1771470,0,-5550606,0,-59049,0,3142719,0,-1056321,0,-263898,0,186138,0,-28107,0,-162,0,405,0,-36,0,1 # steer t=15537 want_r=16 k=2 base=12T136
4850953472,0,50805885312,0,118674030544,0,-75058931584,0,9698145468,0,2461141396,0,-931979962,0,124465096,0,-8289575,0,258720,0,-1540,0,-84,0,1 # steer t=15537 want_r=16 k=2 base=12T136
1146600872351504593600,0,930779301204566490240,0,-1626430395445048105536,0,-153060369773625760864,0,361628734719191134824,0,638909420853102192,0,-15626762760254621052,0,-1064921716181258856,0,26098230085765191,0,-43624040692057,0,15429186747,0,-1206879,0,1 # steer t=15537 want_r=16 k=2 base=12T136
175045883189541224512,0,1174927976527829238816,0,1876267632894905159316,0,-184676386001635082292,0,6322126860912818893,0,-65729257803838314,0,-1251661503827123,0,42850122496122,0,-485509514400,0,2497974558,0,-4792551,0,-690,0,1 # steer t=15537 want_r=16 k=2 base=12T136
1803815668151095,0,-3063347659421150,0,-1261742079917179,0,5357586880590932,0,-3725383329555140,0,900652057336978,0,-21804294515621,0,-9854282204484,0,-159032162422,0,6480207966,0,-23871437,0,-17564,0,1 # steer t=15537 want_r=16 k=2 base=12T136
725345,0,-599898055,0,2418079944,0,-2448829942,0,-1612616444,0,3903440907,0,-1613763106,0,-88510006,0,40167144,0,1335761,0,-159100,0,-560,0,1 # steer t=15537 want_r=16 k=2 base=12T136
2667147209020807049216,0,-2488503756503883792384,0,-2496608578987554537472,0,4499787764730278045696,0,-2400218384395904285952,0,551310942597174847488,0,-45937357091548675072,0,-1118874634063104,0,69926767961040,0,482777280,0,-24138688,0,-24,0,1 # steer t=15537 want_r=16 k=2 base=12T136
437230568170096,0,-3911599345936096,0,8581439962892184,0,15751286058400592,0,-81622005306315689,0,84026711352105978,0,-6019348448680453,0,-52461994859632,0,773866459430,0,895529562,0,-5150373,0,-444,0,1 # steer t=15537 want_r=16 k=2 base=12T136
11558202488515456,0,22885036162068448,0,3211985035241694,0,-639102002420408,0,-50268146081147,0,8659884536836,0,-11514967613,0,-39583382956,0,2162900876,0,-48002076,0,448813,0,-1220,0,1 # steer t=15537 want_r=16 k=2 base=12T136
155853134014292609,0,6013797122218489837,0,-9069872884027145535,0,4832399961088907721,0,-1002146191820957816,0,22823489879441873,0,12413453023047939,0,-132661943244611,0,-27023652835176,0,179749250481,0,-155170939,0,-115373,0,1 # steer t=15537 want_r=16 k=2 base=12T136
12493621999793277961,0,-276137120010626313244,0,555020606190222474764,0,6705550438004044964099,0,-22447086285339204855380,0,15699812754609556716006,0,2064756635237362146702,0,38487260197140605857,0,-1306849889510750080,0,1026402038782582,0,-95931232636,0,-4587193,0,1 # steer t=15537 want_r=16 k=2 base=12T136
239440400,0,-615844000,0,-2491362760,0,2221920320,0,6622533681,0,-176245534,0,-3906618076,0,-1003256770,0,165621858,0,-7131806,0,122860,0,-810,0,1 # steer t=15537 want_r=16 k=2 base=12T136
47834540656568766449,0,5705156177039278487650,0,-17594445391474439459185,0,19477058524596400021185,0,-8925806209484740882120,0,1134042373130329924221,0,157849730049860269576,0,331145348317312330,0,-2699550252024890,0,3557671313055,0,-1507436769,0,124902,0,1 # steer t=15537 want_r=16 k=2 base=12T136
200873231385856,0,6026027282088192,0,63152632833675232,0,244126279230195888,0,9706003148439425,0,-1269590931588423330,0,341892267925843381,0,-5863870584187908,0,33294902107148,0,-67546802922,0,52914761,0,-13080,0,1 # steer t=15537 want_r=16 k=2 base=12T136
14662262276814492342055,0,4024185994976719272010,0,-8038207628389528152271,0,2485528168946611864572,0,-236149464034646764461,0,-6883726280958146530,0,1563650746568877090,0,2255699758428101,0,-57653259966071,0,148247583515,0,-124102625,0,23505,0,1 # steer t=15537 want_r=16 k=2 base=12T136
13225896122178666496,0,7792180208584458240,0,-17620073657904637952,0,8658336340926283264,0,-1876457504887066608,0,185793323742089792,0,-6311818803337464,0,-41900162686904,0,814455992688,0,479637344,0,-5211962,0,-186,0,1 # steer t=15537 want_r=16 k=2 base=12T136
5,0,-15,0,-46,0,154,0,6,0,-311,0,198,0,134,0,-176,0,43,0,14,0,-8,0,1 # steer t=15537 want_r=16 k=2 base=12T136
136307006685181993984,0,917126335134227163136,0,1382728778917510481792,0,-2760545048070418761088,0,-8720113989842392329388,0,-4685841792391102610152,0,1917263690091516650900,0,-11407729834013943716,0,20667837245078463,0,-10860610322758,0,1961125048,0,-82458,0,1 # steer t=15537 want_r=16 k=2 base=12T136
17544380393491639902661,0,41301970337854747038148,0,22846465722256871402566,0,-1583594807181789361716,0,36087878506305387127,0,-175781841959117656,0,-6160175086127676,0,122995972742936,0,-980873375965,0,3711857620,0,-5342570,0,-804,0,1 # steer t=15537 want_r=16 k=2 base=12T136
1,0,-4,0,-64,0,102,0,308,0,-526,0,-214,0,692,0,-308,0,-42,0,60,0,-14,0,1 # steer t=15548 want_r=16 k=1 base=12T137
2814413690122149952,0,69952523790910230720,0,186935640084629911648,0,-911612428860705292216,0,-2984148639825160144311,0,-448667706990359841512,0,704146845529308425150,0,-21681245271348864556,0,200254910097641215,0,-570494936453660,0,131535900062,0,-3000780,0,1 # steer t=15548 want_r=16 k=1 base=12T137
25432507505179767437768,0,27809053982282348656624,0,-672499036608586394492,0,-368809809450865432316,0,34164960540768292985,0,-1278460800478461420,0,23673822667008854,0,-210339160316916,0,639239837139,0,1069691560,0,-2791578,0,-480,0,1 # steer t=15548 want_r=16 k=1 base=12T137
18255621888737569260208,0,48647621055664891686496,0,38239033867346067411176,0,4527168253602173379744,0,-3844115118763724877557,0,-485446369623992057806,0,143550333635693604094,0,-4565955427406533436,0,48156396097843947,0,-156052093100224,0,60314988752,0,-1830774,0,1 # steer t=15548 want_r=16 k=1 base=12T137
2080817162378208665344,0,7341318526742312216064,0,7917022954336361320032,0,991769558661089635120,0,-2655924037986442915636,0,-833324507549160839764,0,153604424656204282130,0,-4769373048695413416,0,51259236183517673,0,-176913729623000,0,59376557872,0,-2002436,0,1 # steer t=15548 want_r=16 k=1 base=12T137
602495972971,0,-1118828798448,0,-1444135194924,0,5367194085982,0,-5287363231706,0,2229661669358,0,-345770952756,0,-7576679260,0,4493452856,0,-168633198,0,-1728914,0,5270,0,1 # steer t=15548 want_r=16 k=1 base=12T137
4180392783819321169522,0,5948726235205186107900,0,78483740121351190554,0,-55647461514983316196,0,3288596817479768289,0,-88563418964021340,0,1267582883985996,0,-9268240872636,0,22764452292,0,86420432,0,-447678,0,48,0,1 # steer t=15548 want_r=16 k=1 base=12T137
31806200600972898490993,0,37345318407949404997636,0,973676822207851757324,0,-202122811509771619912,0,112278926958564840,0,266582119412994548,0,-2878603370561190,0,-96882025540124,0,1754303731736,0,-6121669720,0,8358044,0,-4844,0,1 # steer t=15548 want_r=16 k=1 base=12T137
461877558668805904,0,849519238629745824,0,-488079826412892552,0,101954892679091896,0,-11079788683801023,0,693201966566436,0,-25028814320814,0,459165583728,0,-1473616125,0,-77090552,0,713634,0,3204,0,1 # steer t=15548 want_r=16 k=1 base=12T137
152531656527667875836776,0,378310958243532450952080,0,-150968403906924553616300,0,-710289984141366029098084,0,-123549358053674406803163,0,193630266267877907659326,0,47206333737125892635248,0,-1719995789368074337302,0,16380926718850892442,0,-44164981468946814,0,4757275776116,0,-31241014,0,1 # steer t=15548 want_r=16 k=1 base=12T137
6641196615847614152704,0,928143479136427442176,0,-8440762936602548584448,0,5937751184223422640128,0,-1854391715356589871872,0,290926516557436069632,0,-20396642250082688192,0,198321415529936064,0,29283137715572736,0,-479448511582192,0,-171375889388,0,5153924,0,1 # steer t=15548 want_r=16 k=1 base=12T137
114186944512,0,4253352443904,0,-8469510563840,0,-81131429952512,0,12574145998656,0,52122857990912,0,1754737130576,0,-4303490935568,0,471040824148,0,-12489635932,0,47129342,0,-33300,0,1 # steer t=15548 want_r=16 k=1 base=12T137
484783453044736,0,15086680983994368,0,-17904709136670720,0,7800503005818880,0,-1440687375822080,0,58530903173888,0,13836307053312,0,-1285389162496,0,-11781371440,0,1743088224,0,-6217640,0,-10612,0,1 # steer t=15548 want_r=16 k=1 base=12T137
16768564865244928,0,-1541841526676736,0,-24969025196494944,0,19208136764753744,0,-4054846336170353,0,-756943070491814,0,472980434612976,0,-77125842359806,0,4946782813301,0,-94210725166,0,-438899574,0,154860,0,1 # steer t=15548 want_r=16 k=1 base=12T137
710573752575859177,0,3441318354392432012,0,188353608366881716,0,-221244643114537808,0,30043301844144736,0,-1760305257825188,0,49970531933522,0,-611834193812,0,531779488,0,41226624,0,-137644,0,-324,0,1 # steer t=15548 want_r=16 k=1 base=12T137
28774337140708,0,95590285591848,0,-3995131461864,0,-47581637045324,0,1061062162009,0,5766746101280,0,-272230637532,0,-36266950792,0,2923046714,0,-74004584,0,707212,0,-1676,0,1 # steer t=15548 want_r=16 k=1 base=12T137
352248212184522576896,0,4758266607058909925376,0,-861810375257657568768,0,-36080399602742850048,0,4719141758089471168,0,166558516362209280,0,-3157280417905248,0,-70734830052672,0,1313705059636,0,-5090668536,0,7535136,0,-4668,0,1 # steer t=15548 want_r=16 k=1 base=12T137
150465608624413,0,-66823996831938,0,-102250322772450,0,92633076359678,0,-27465941696921,0,2530987637116,0,266484800820,0,-57315969044,0,1000522331,0,183552390,0,-1811762,0,-5162,0,1 # steer t=15548 want_r=16 k=1 base=12T137
227376469536825869464016,0,402377891419240798797376,0,25386568884179647693232,0,-2095468142208836740496,0,-83432238004219524647,0,4644891368831524628,0,45957832265091098,0,-3949295656638552,0,44915102433859,0,-77079998312,0,48290802,0,-11908,0,1 # steer t=15548 want_r=16 k=1 base=12T137
188672165610496,0,5817030727091712,0,56504915711598208,0,176609691458301520,0,106213177004777505,0,-152720825298504844,0,35176603208459924,0,-1991368285033412,0,41773144331830,0,-314987611156,0,432398612,0,-98412,0,1 # steer t=15548 want_r=16 k=1 base=12T137
29518127378385065792,0,333385616000274203584,0,-1854044873000173863248,0,3494232017697314365200,0,-3155516839805096187932,0,1404104997961523428356,0,-256408270435199691554,0,4663675913387989128,0,92711837842514329,0,-891184704498200,0,-221095691348,0,5497540,0,1 # steer t=15548 want_r=16 k=1 base=12T137
131443967829265625,0,329116364789137500,0,-6635318293093750,0,-23097324295342500,0,4402716716449375,0,-354932992358280,0,14397514440492,0,-276335014440,0,1377461287,0,20265900,0,-125206,0,-180,0,1 # steer t=15548 want_r=16 k=1 base=12T137
328402336153815754270064,0,337277112462195039852224,0,-224858214577047026163864,0,48009153482144848757416,0,-4642990850490908788913,0,185618263081720071678,0,98962384928068706,0,-152097588825870124,0,541004721888127,0,11552084533976,0,-5510338888,0,-516690,0,1 # steer t=15548 want_r=16 k=1 base=12T137
27089546866505010571312,0,35562403158951149267392,0,-160518712522435304798968,0,164815028403262205208040,0,-76192258917080095354381,0,16546060016939978677542,0,-1279205742789926883432,0,-25306554280750617272,0,191037009725287729,0,1442789986222596,0,-273950260478,0,-5836602,0,1 # steer t=15548 want_r=16 k=1 base=12T137
10747904,0,-124354068480,0,54759681329152,0,-3112028732685888,0,-24551000964593967,0,33162410256119772,0,-4110691777230350,0,-428164761933378,0,25514436458175,0,-212661286398,0,-728112970,0,139386,0,1 # steer t=15548 want_r=16 k=1 base=12T137
30393651331453,0,54950610493792,0,-29395144310672,0,5510553819696,0,-400482149040,0,-14607074628,0,5490409462,0,-517512096,0,27325212,0,-893520,0,17972,0,-204,0,1 # steer t=15548 want_r=20 k=2 base=12T137
7179449218750000000,0,14033395312500000000,0,-6659263533216250000000,0,-4009770480494625000000,0,696641680761893200000,0,-40180024894675420000,0,1028839326962583536,0,-11897928899739640,0,57718452718826,0,-85770442788,0,50656906,0,-12160,0,1 # steer t=15548 want_r=20 k=2 base=12T137
101,0,-680,0,874,0,2720,0,-7380,0,3648,0,4688,0,-7104,0,4140,0,-1320,0,242,0,-24,0,1 # steer t=15548 want_r=20 k=2 base=12T137
459484750000000,0,597898750000000,0,-11647853486000000,0,-12439740547000000,0,6099880860454000,0,-948058333504000,0,66270716373744,0,-2255546859376,0,37364075186,0,-283188980,0,1015510,0,-1664,0,1 # steer t=15548 want_r=20 k=2 base=12T137
7650381710253938,0,13545783330406164,0,-4243855292768354,0,498818741244588,0,-25783420718625,0,27403305696,0,77070184216,0,-5023513080,0,171290661,0,-3559680,0,45260,0,-324,0,1 # steer t=15548 want_r=20 k=2 base=12T137
331816874744474939392,0,839988710681705414656,0,-262358622119385772032,0,33826748845971751936,0,-2439514184725133824,0,108709184740247808,0,-3086827019312384,0,55088958270336,0,-577803197056,0,2961253744,0,-3137992,0,-10924,0,1 # steer t=15548 want_r=20 k=2 base=12T137
250063640520112586219152,0,410992654470416056935200,0,-27439244535489280542640,0,776155205116926750712,0,-11979988136169201627,0,102317653771693472,0,-323054578380454,0,-2699143482972,0,38931857299,0,-225984004,0,734246,0,-1308,0,1 # steer t=15548 want_r=20 k=2 base=12T137
152517083,0,-80247336,0,-591300424,0,1125372002,0,-942634070,0,452594934,0,-133327812,0,23993804,0,-2438108,0,104590,0,1514,0,-186,0,1 # steer t=15548 want_r=20 k=2 base=12T137
37897631970699351470912,0,-51227529435959640798464,0,-246170780694597695631040,0,-25029739521557576688080,0,135628721159556541253596,0,-31489640599640583534828,0,2229390446281744740644,0,-41673288654750266302,0,277822303423071741,0,-617939306066512,0,134335071178,0,-3006598,0,1 # steer t=15548 want_r=20 k=2 base=12T137
3947692859754540634048,0,11484547014470485975360,0,-7052226236554610740928,0,249732812375616232864,0,113091704730632482088,0,-12215465828877682800,0,465755959755005616,0,-7344756410236668,0,45657073374581,0,-74151819168,0,46519932,0,-11676,0,1 # steer t=15548 want_r=20 k=2 base=12T137
535417556259238034413,0,1076804257473138567352,0,56465314345104446266,0,-11769767412798753256,0,612739585686792596,0,-17061285664688680,0,298600160613560,0,-3494136891840,0,27899413388,0,-150710608,0,528458,0,-1088,0,1 # steer t=15548 want_r=20 k=2 base=12T137
101513724952576,0,551090120163328,0,-418568340668416,0,127393586425856,0,-21366239940352,0,2195276334848,0,-142782688384,0,5763513024,0,-129804176,0,956816,0,19304,0,-376,0,1 # steer t=15548 want_r=20 k=2 base=12T137
48573020098583217,0,-13428090837116784,0,-244544120993966370,0,-23553758073881780,0,19788710497260172,0,-2594054227690204,0,144154293229244,0,-3927532388328,0,53772353760,0,-357624724,0,1165450,0,-1772,0,1 # steer t=15548 want_r=20 k=2 base=12T137
98658713799877234,0,116092660592402964,0,-33039374338437222,0,3408194409321136,0,-150056241852969,0,-216349393860,0,351084984000,0,-18567137844,0,510438609,0,-8393456,0,82476,0,-444,0,1 # steer t=15548 want_r=20 k=2 base=12T137
5045029151827236500,0,11200296466584021000,0,-2353536244596029600,0,207772585046051500,0,-10249678421929855,0,304811466478400,0,-5286007377494,0,38610813824,0,367652839,0,-11660516,0,117222,0,-552,0,1 # steer t=15548 want_r=20 k=2 base=12T137
74276526917191708293568,0,143577415613123336628800,0,45003862056965023736128,0,-15416550576178509758240,0,1394841384363647707304,0,-56251085603489208256,0,1159026884379153832,0,-12299344791137156,0,59682005769085,0,-87004854896,0,50937436,0,-12148,0,1 # steer t=15548 want_r=20 k=2 base=12T137
7837811248,0,-24588866112,0,-62566244184,0,231899407016,0,-279117804989,0,176277321766,0,-64944743718,0,14119826452,0,-1706219185,0,94502880,0,-1012508,0,-4850,0,1 # steer t=15548 want_r=20 k=2 base=12T137
16871026,0,41638188,0,-81833874,0,14510732,0,43119247,0,-37101632,0,14572992,0,-3353288,0,483197,0,-44008,0,2452,0,-76,0,1 # steer t=15548 want_r=20 k=2 base=12T137
1706905136768512,0,-19405154937218048,0,49386469791411584,0,136657815080514944,0,-678925643649525664,0,519162004180283552,0,298023516347886144,0,-44226818180029696,0,1731769582229092,0,-19383175293780,0,14273705636,0,-997994,0,1 # steer t=15548 want_r=20 k=2 base=12T137
541,0,-101616,0,140214,0,326616,0,-807481,0,639296,0,-214204,0,10640,0,14011,0,-4496,0,614,0,-40,0,1 # steer t=15548 want_r=20 k=2 base=12T137
69898696624402304,0,277732878175043712,0,92937047275049600,0,-92057338832418880,0,18953039036077232,0,-1753122433112608,0,84896022465776,0,-2264945936352,0,33758237330,0,-274773836,0,1123438,0,-1896,0,1 # steer t=15548 want_r=20 k=2 base=12T137
1188202318147008,0,2691383260340160,0,-2127010154034672,0,627549406546896,0,-99751714861572,0,9552679714908,0,-569027290842,0,20578153680,0,-401599215,0,2301048,0,46260,0,-636,0,1 # steer t=15548 want_r=20 k=2 base=12T137
116221451598628,0,218304071627880,0,-10659572586736,0,-85500047354604,0,33122817765389,0,-5393069847796,0,466499010082,0,-23136656100,0,674192351,0,-11445936,0,108826,0,-528,0,1 # steer t=15548 want_r=20 k=2 base=12T137
23235597506911276515625,0,32474219878513770900000,0,-3547096234453285706250,0,143701234557403292500,0,-2984734299652618500,0,33501538061449740,0,-153187363187868,0,-938698216992,0,19335859056,0,-137353220,0,531690,0,-1116,0,1 # steer t=15548 want_r=20 k=2 base=12T137
8889369595757753,0,20447856714034252,0,4016271353591500,0,-3693137081139028,0,732769221028287,0,-71518901001744,0,4008278234000,0,-135044051184,0,2731558167,0,-32241948,0,213908,0,-732,0,1 # steer t=15548 want_r=20 k=2 base=12T137
354443549064724918681,0,-1397531314840353805440,0,2167050093971360035580,0,-1669805478140459210112,0,667885560035571253612,0,-133974220593586940908,0,12358078259639786150,0,-432301918503679272,0,6064531445201860,0,-29943863816368,0,16874751900,0,-1034308,0,1 # steer t=15548 want_r=24 k=1 base=12T137
514465352692446721,0,-1306158372498532188,0,1387096941072966364,0,-798489245924904064,0,269195058407075172,0,-53419000612186064,0,5938406420725118,0,-333715300254820,0,8825816144908,0,-93032555264,0,191117660,0,-65544,0,1 # steer t=15548 want_r=24 k=1 base=12T137
4468297566101487616,0,-16617225488124223488,0,23914310611458086400,0,-16726908585487107712,0,5920733247108875280,0,-1044148704953722704,0,88140086685083436,0,-3251114480707452,0,52856434393353,0,-335867289484,0,439292802,0,-98544,0,1 # steer t=15548 want_r=24 k=1 base=12T137
285310904,0,-984162256,0,1489939500,0,-1302806708,0,728857591,0,-273168846,0,69836474,0,-12169834,0,1420240,0,-106834,0,4826,0,-114,0,1 # steer t=15548 want_r=24 k=1 base=12T137
468529286412214448293,0,-673959883344986849996,0,356014939647753690026,0,-86225478046928573628,0,9923110443137218628,0,-566837750308423844,0,16116185296836888,0,-226673070368300,0,1558425699916,0,-4936133356,0,7117626,0,-4532,0,1 # steer t=15548 want_r=24 k=1 base=12T137
92185486231896,0,-136939174466256,0,65607591089484,0,-16574959585404,0,2615274298539,0,-278830607094,0,20888484606,0,-1117187640,0,42566391,0,-1130976,0,19944,0,-210,0,1 # steer t=15548 want_r=24 k=1 base=12T137
394126124881,0,-764607075948,0,572407288080,0,-235975009550,0,61512224580,0,-10844260218,0,1337029242,0,-116748324,0,7187580,0,-304814,0,8460,0,-138,0,1 # steer t=15548 want_r=24 k=1 base=12T137
3832946750000000,0,-4545457150000000,0,1671479548000000,0,-318136632200000,0,37331819622000,0,-2930152579200,0,160223240528,0,-6207452400,0,170124762,0,-3229500,0,40418,0,-300,0,1 # steer t=15548 want_r=24 k=1 base=12T137
128186462546089,0,-469721433040872,0,679885770061296,0,-496767242794180,0,197040703145688,0,-43715169656712,0,5456002924446,0,-376542549144,0,13872821184,0,-248385268,0,1713336,0,-3528,0,1 # steer t=15548 want_r=24 k=1 base=12T137
96618661310967449,0,-125317558475652324,0,59825791204367884,0,-14215066991789412,0,1881139543992687,0,-146848029841968,0,6964038430688,0,-203224077936,0,3639880839,0,-39182604,0,242180,0,-780,0,1 # steer t=15548 want_r=24 k=1 base=12T137
379197916086698477886307,0,303417240596372668116804,0,-235462616372776964534276,0,56750503133711846854100,0,-6506382843320551237573,0,366209726481965822112,0,-8152383015144781108,0,-5004290007047360,0,276848217532745,0,-11787657444,0,-97553248,0,492,0,1 # steer t=15561 want_r=16 k=1 base=12T141
12794110655330643102,0,-12864963488624645292,0,-8926951219527143034,0,12421082737281589092,0,-4189779864974026755,0,405489070448484048,0,40096953425781432,0,-8946117271854720,0,372716103501036,0,4309200540,0,-143639622,0,-36,0,1 # steer t=15561 want_r=16 k=1 base=12T141
49635726871257,0,4268208870108,0,-56507751647064,0,23281206478524,0,-2191547426913,0,-59830948728,0,12100583520,0,-72431496,0,-18826425,0,271836,0,7416,0,-180,0,1 # steer t=15561 want_r=16 k=1 base=12T141
1062882,0,708588,0,-28697814,0,12675852,0,29754135,0,-18493272,0,3169692,0,97200,0,-78894,0,5940,0,198,0,-36,0,1 # steer t=15561 want_r=16 k=1 base=12T141
37011695845408,0,2583061266889648,0,-1951265912764184,0,533692360342768,0,-71662619102808,0,4858970984368,0,-108025118372,0,-6596314512,0,526035521,0,-13332900,0,89818,0,828,0,1 # steer t=15561 want_r=16 k=1 base=12T141
947287195648,0,-11259523129344,0,-15214266632704,0,23590067388672,0,-9358790677600,0,1048195051840,0,190083283136,0,-61152641880,0,5470020979,0,-115712984,0,-4546272,0,2112,0,1 # steer t=15561 want_r=16 k=1 base=12T141
266744115904311808,0,2427878977108550784,0,-2508818283110214656,0,880930630546689864,0,-126106151706150060,0,6206276635770412,0,-61354617225269,0,-1356456964439,0,10470398686,0,57367149,0,-429875,0,284,0,1 # steer t=15561 want_r=16 k=1 base=12T141
1119454117008029109,0,3603410318392060401,0,-1019461464265370031,0,81282459222073217,0,-2609559297954116,0,19088507993388,0,885064874529,0,-20856279794,0,49998494,0,2809463,0,-23970,0,-67,0,1 # steer t=15561 want_r=16 k=1 base=12T141
4251528,0,2125764,0,-8148762,0,-708588,0,4586139,0,-1185354,0,-404595,0,225504,0,-33210,0,270,0,387,0,-36,0,1 # steer t=15561 want_r=16 k=1 base=12T141
11156021163702,0,-8181431449740,0,-31548786285834,0,29397771319428,0,-5965378110459,0,-1237729990608,0,607092963336,0,-76640069376,0,3138294780,0,6113340,0,-203382,0,-36,0,1 # steer t=15561 want_r=16 k=1 base=12T141
232,0,-576,0,-1064,0,3480,0,-890,0,-2916,0,1838,0,408,0,-555,0,80,0,36,0,-12,0,1 # steer t=15561 want_r=16 k=1 base=12T141
13189554767409573836,0,5215380172626723156,0,-24403643243055801834,0,16555962933938731572,0,-4507713071834863071,0,391618799452301328,0,43196502233484360,0,-9264206135829456,0,382923492208890,0,342788529180,0,-11426283910,0,-36,0,1 # steer t=15561 want_r=16 k=1 base=12T141
27959280776,0,-104178079432,0,-62585078458,0,130535789441,0,-46883517312,0,4883027126,0,149376820,0,-43483362,0,841226,0,89575,0,-3057,0,-16,0,1 # steer t=15561 want_r=16 k=1 base=12T141
6468793349219242496,0,17268640915785814464,0,5686127837842061904,0,367577142868150383,0,-38184048257147345,0,-1886760605503109,0,161512745218733,0,-3833501128368,0,43893747713,0,-272123714,0,918830,0,-1556,0,1 # steer t=15561 want_r=16 k=1 base=12T141
103760412217117843456,0,337050058010436718592,0,-248856651516829252608,0,68892006366042868736,0,-10039672439597752032,0,850354702350057264,0,-42285327958947512,0,1136669203742120,0,-10835886608104,0,-149272773752,0,3109963796,0,111746,0,1 # steer t=15561 want_r=16 k=1 base=12T141
454665780477,0,1394031190581,0,-123088836981,0,-138195025543,0,22535619998,0,1862534266,0,-708884381,0,65101764,0,-2292300,0,-15651,0,3682,0,-105,0,1 # steer t=15561 want_r=16 k=1 base=12T141
8171729983646685824,0,-23431126999831351808,0,-19950598532308449776,0,89186941932171484528,0,-77387503710879288116,0,23625409010215833264,0,185991615048766016,0,-1289128656497671540,0,156662175287781209,0,7018049122296,0,-1440099333870,0,36,0,1 # steer t=15561 want_r=16 k=1 base=12T141
942246834377260681196,0,784501325806496621388,0,-247963396346817146730,0,14497711770657863228,0,2027301318798538653,0,-327113047233006424,0,17841576266510884,0,-411607028953744,0,2115403595822,0,47239711740,0,-363374962,0,-156,0,1 # steer t=15561 want_r=16 k=1 base=12T141
343552526077994303750144,0,541253256436971739807744,0,-105400306482077917622272,0,8310674106646309224448,0,-353859151638130018944,0,8676639278820127616,0,-113884309022738656,0,407356767842048,0,9069466594584,0,-124758878608,0,489467492,0,44832,0,1 # steer t=15561 want_r=16 k=1 base=12T141
310105414384710317392,0,739822144812953060912,0,-933286318708321842228,0,393720484401048374444,0,-76778568223084817039,0,6172988145817787400,0,96794425108435484,0,-43614147888117376,0,1798467046048886,0,-1651278382104,0,-25529122272,0,22644,0,1 # steer t=15561 want_r=16 k=1 base=12T141
3072586117028090776361,0,2535267245523165329484,0,-705783599020461563954,0,65947448649428142132,0,-2817450000493035985,0,53857601875831320,0,-262815983598684,0,-3244262324856,0,15897443623,0,53369820,0,-234738,0,-252,0,1 # steer t=15561 want_r=16 k=1 base=12T141
43334656,0,424919552,0,-758005440,0,369972928,0,71309240,0,-140475296,0,57859912,0,-10397688,0,494051,0,91304,0,-10464,0,72,0,1 # steer t=15561 want_r=16 k=1 base=12T141
16647549194747356342,0,-55925850768269900036,0,-9917639685341803978,0,200348673757706165132,0,-244617072418722593843,0,104740618134168177840,0,-7475666714486464808,0,-4277614990551500352,0,534701517589991940,0,118742981780,0,-11874298134,0,-12,0,1 # steer t=15561 want_r=16 k=1 base=12T141
21299716109936314397576,0,367757253246888024492096,0,-108003762071577491589912,0,7588778342191723933584,0,730687617663496787725,0,-145976792860414132344,0,9013836870684293719,0,-244111178840763072,0,2261447537241938,0,7816034357640,0,-65133613311,0,-144,0,1 # steer t=15561 want_r=16 k=1 base=12T141
127528452775936,0,-281644121579520,0,-392061637999104,0,1317126384773888,0,-1098305538983976,0,301007034753072,0,43820690335936,0,-35731938345952,0,4602504882210,0,-217016204,0,-15958738,0,64,0,1 # steer t=15561 want_r=16 k=1 base=12T141
26651383454240908027933,0,132068854297837273244384,0,-110944919842964992507914,0,-46401574401700600711688,0,66316099351533172335239,0,-21701255485044162531168,0,2649236273965659825924,0,-90934409821960443632,0,1157098952070496763,0,-5250301856102976,0,3557675805798,0,-4069448,0,1 # steer t=15561 want_r=20 k=1 base=12T141
80301412,0,-117907620,0,-48775938,0,187179340,0,-143785467,0,53515980,0,-10614666,0,962640,0,20934,0,-14000,0,1380,0,-60,0,1 # steer t=15561 want_r=20 k=1 base=12T141
16239791211636672,0,26456980222639296,0,-3827068738642224,0,-266837604143776,0,97269061313300,0,-9751654390388,0,544977970819,0,-19379477028,0,456560427,0,-7115046,0,70522,0,-402,0,1 # steer t=15561 want_r=20 k=1 base=12T141
1955892097592590336,0,5884972297877454848,0,-1786518548298858496,0,228521351437090816,0,-16609716212858880,0,759525640503296,0,-22664276082688,0,439921147904,0,-5298280448,0,34406400,0,-62464,0,-384,0,1 # steer t=15561 want_r=20 k=1 base=12T141
1129941531203731456,0,9675419381031305216,0,-467770026323181568,0,-99721335595241472,0,12518422407350272,0,-660685309584384,0,20359111254336,0,-402267825664,0,5252546688,0,-45077360,0,243980,0,-752,0,1 # steer t=15561 want_r=20 k=1 base=12T141
477512719138816,0,2873521629822976,0,-1744647019823104,0,446330764525568,0,-64881703956480,0,5933794066432,0,-354129313792,0,13747535872,0,-331142528,0,4300800,0,-15616,0,-192,0,1 # steer t=15561 want_r=20 k=1 base=12T141
123994986958640962,0,472715949610096932,0,-97385056575436122,0,283576744485940,0,920723462754093,0,-82870802808048,0,3679194595992,0,-99141819552,0,1723656168,0,-19490900,0,138666,0,-564,0,1 # steer t=15561 want_r=20 k=1 base=12T141
40414728596368446932,0,29013248187935771100,0,-12564417884855432922,0,2034544937571868700,0,-184530893199618687,0,10556187932873600,0,-397434724755824,0,9867185589200,0,-155802740446,0,1418182500,0,-5645230,0,-300,0,1 # steer t=15561 want_r=20 k=1 base=12T141
48014910771275132556048,0,57869643901343223153888,0,-10001699691150252672792,0,726515636812729655976,0,-30211222058682654951,0,797828678307890172,0,-13899421502539407,0,159766811832672,0,-1167445736730,0,4909693500,0,-8963721,0,-648,0,1 # steer t=15561 want_r=20 k=1 base=12T141
408375248669376512,0,808808123555905536,0,-2846760536857640960,0,-2799058620895985664,0,5212884589957971968,0,-1963616466839244800,0,177012411485215744,0,-1387342989727744,0,4662513278336,0,-8375863968,0,8437720,0,-4512,0,1 # steer t=15561 want_r=20 k=1 base=12T141
992348593,0,-2760323412,0,3339748226,0,-2322642308,0,1034617359,0,-311475752,0,65134300,0,-9559592,0,980383,0,-68740,0,3138,0,-84,0,1 # steer t=15561 want_r=24 k=2 base=12T141
199606402337495633,0,-190689333200201940,0,58963045339183234,0,-9050759197492740,0,816986710267343,0,-47377217647656,0,1852110443868,0,-49940562984,0,931632703,0,-11814660,0,97218,0,-468,0,1 # steer t=15561 want_r=24 k=2 base=12T141
1442684978670918729728,0,-3381376151892141260800,0,3083762263840981209088,0,-1388133937056270237696,0,322961813565182934528,0,-36636883126841770240,0,1604573782103337024,0,-8562086192906560,0,19896367905104,0,-24819090864,0,17392572,0,-6476,0,1 # steer t=15561 want_r=24 k=2 base=12T141
48079675310021369040388,0,-43076000212986801629736,0,11651458276433906977128,0,-1372014512274864116948,0,82105462130469275601,0,-2645527791584549800,0,46602427001676396,0,-447604995145360,0,2337745029122,0,-6368354160,0,8208788,0,-4764,0,1 # steer t=15561 want_r=24 k=2 base=12T141
13878680449415957448937,0,-26439538181104789730132,0,20699566163332042311242,0,-8698218897994247626996,0,2147594421547252650303,0,-319328206462586956264,0,27952041740389392748,0,-1319067331622386248,0,25888862658171831,0,-14494929702212,0,2375729770,0,-90692,0,1 # steer t=15561 want_r=24 k=2 base=12T141
5143491862910997989,0,-9734046427676666736,0,7209773249963504289,0,-2711722620055231452,0,569052821938250149,0,-68993923338205344,0,4851453822336856,0,-193294432833216,0,4110242366789,0,-41149340400,0,148912503,0,-24420,0,1 # steer t=15561 want_r=24 k=2 base=12T141
90070231101892,0,89056005462816,0,-136111180342976,0,-11735617150912,0,37565556454088,0,-4781437179480,0,-1447118329880,0,111474051664,0,2199641501,0,-178389172,0,2102670,0,-6908,0,1 # steer t=15587 want_r=16 k=2 base=12T145
7322475829,0,-11377251612,0,-23704350314,0,57853897372,0,-40439187433,0,11633827688,0,-1173491292,0,-21530184,0,5489683,0,22900,0,-5274,0,-20,0,1 # steer t=15587 want_r=16 k=2 base=12T145
219696688434063424,0,262601082864800640,0,-341010362368755264,0,-15163339931929984,0,19654511627399760,0,1614633350573808,0,-138960096198240,0,-7384170044016,0,504421597521,0,-5974900540,0,21010662,0,-13020,0,1 # steer t=15587 want_r=16 k=2 base=12T145
5124295315081,0,-13211159772036,0,-9206173489254,0,18138267182228,0,-2407191764085,0,-1157353158744,0,-31930715748,0,6461899272,0,81930483,0,-13568404,0,256098,0,-1164,0,1 # steer t=15587 want_r=16 k=2 base=12T145
1695322867538283904,0,12740220691280348928,0,12689893165854474048,0,2982873094010230208,0,-422893153725108552,0,-109281696223681152,0,11510719003663584,0,-421894477660608,0,7289967509748,0,-60028033792,0,192047484,0,-27408,0,1 # steer t=15587 want_r=16 k=2 base=12T145
1766495543311976417,0,17098513756012507368,0,-4342263583962049092,0,420532942694065752,0,-18230219259757859,0,197770432898588,0,11893780714424,0,-426175841204,0,2724208005,0,73830068,0,-1047528,0,1524,0,1 # steer t=15587 want_r=16 k=2 base=12T145
241911451294405945069,0,320725035671938215142,0,-177393519922790177740,0,27517058187904317096,0,-1183396477434585569,0,-38736864909583564,0,2561611434222976,0,-30017398767508,0,585139513,0,762723210,0,-1346380,0,-488,0,1 # steer t=15587 want_r=16 k=2 base=12T145
144915645855998876704,0,408396587446762803072,0,348293477298005444480,0,96624466362076025728,0,-4200853084592161200,0,-3024954114030580272,0,321546747775182460,0,-11666716609242660,0,163081744988529,0,-754726219916,0,1052838626,0,-122216,0,1 # steer t=15587 want_r=16 k=2 base=12T145
5196850454196,0,2286026916336,0,-9024381674928,0,4698421904280,0,-606173481428,0,-81814351940,0,18163066816,0,-775558604,0,-9340142,0,931864,0,-9092,0,-86,0,1 # steer t=15587 want_r=16 k=2 base=12T145
10031663594948738089,0,19134413632278681948,0,-4926118845674639622,0,366578637472254236,0,-11446007649906177,0,108585160926840,0,2451316586892,0,-72060508584,0,504364599,0,2787500,0,-44262,0,12,0,1 # steer t=15587 want_r=16 k=2 base=12T145
13967616475392418249,0,-46309785551292166115,0,27370401352778256155,0,57395969304175271062,0,-85120076540523831662,0,36508652778150025997,0,-3840619951331789187,0,29036632946676637,0,60269638652102,0,-31450908482,0,-43596557,0,-3819,0,1 # steer t=15587 want_r=16 k=2 base=12T145
26430081647091246352,0,142521737192236965152,0,278914224448139127832,0,227265708937586249608,0,52796018158898732553,0,-11072043182117503056,0,660135767392532128,0,-16821812262787176,0,185225476294650,0,-783415793488,0,1064449128,0,-122192,0,1 # steer t=15587 want_r=16 k=2 base=12T145
8852933819424089,0,-102602539456425743,0,203738745355420296,0,-7867906695849721,0,-269536257175900743,0,215715301290003003,0,-46761073432141740,0,-992907070294366,0,3635120873366,0,4402311096,0,-10994633,0,1836,0,1 # steer t=15587 want_r=16 k=2 base=12T145
38571865238157515935744,0,-117403884617834837989376,0,-577154718655455829435392,0,-386055855405241768943616,0,-78298990720297090036736,0,-72545301550455932544,0,949606009581837325760,0,-6389156004149128768,0,8383023292741408,0,-3919921906464,0,735457224,0,-50452,0,1 # steer t=15587 want_r=16 k=2 base=12T145
12637163404283977,0,-5841677923927548,0,-163168731516410466,0,149196308663152156,0,81054162936846711,0,11331774213752520,0,358330851286692,0,-14403815233416,0,157578829551,0,-785306156,0,1947342,0,-2292,0,1 # steer t=15587 want_r=16 k=2 base=12T145
43543129304392,0,92844638718624,0,-96615870860520,0,34344814174184,0,-5740769948087,0,398373333692,0,8615169116,0,-2890742476,0,116816774,0,2315428,0,-186476,0,740,0,1 # steer t=15587 want_r=16 k=2 base=12T145
974620448209,0,-31788201709644,0,-170093079113874,0,-210502362192404,0,-10383770830185,0,50548216542408,0,-13062514147500,0,1298505449592,0,-54207870777,0,931671652,0,-5390898,0,-2436,0,1 # steer t=15587 want_r=16 k=2 base=12T145
4251528,0,11337408,0,472392,0,-10235160,0,1686177,0,2711880,0,-1299078,0,177876,0,14580,0,-7236,0,882,0,-48,0,1 # steer t=15587 want_r=16 k=2 base=12T145
634689,0,1521180,0,-1220670,0,-1769364,0,1287279,0,346680,0,-482148,0,142776,0,-12753,0,-1620,0,450,0,-36,0,1 # steer t=15587 want_r=16 k=2 base=12T145
42927349392133,0,37134793235054,0,-21108136061762,0,-1319240341502,0,1977406923868,0,-322725480556,0,10781969675,0,1315399340,0,-95629838,0,1470898,0,8779,0,-274,0,1 # steer t=15587 want_r=16 k=2 base=12T145
2236844956097535256,0,6522336462158662560,0,6030829255999766736,0,1846618540965600944,0,-34059257677643274,0,-52731865118820240,0,5463869709777108,0,-223081902743256,0,4478784308802,0,-44352545224,0,175713312,0,-26256,0,1 # steer t=15587 want_r=16 k=2 base=12T145
159407522331764118578849,0,503786096073424727458560,0,-111183826808095308585318,0,89323026772108912816,0,1511817045560389824399,0,-117228565882855664352,0,1987594379632149772,0,57839379078972672,0,-1304629261471825,0,4256905675104,0,-3287339142,0,-243248,0,1 # steer t=15587 want_r=16 k=2 base=12T145
168761357600603781286737,0,341128444217591310074136,0,-799379000995466002024548,0,460825356927576926300814,0,-84433045200383098286631,0,248838330479152959288,0,45348923799692721504,0,-324716522463032460,0,119939452450423,0,401071277660,0,-130233876,0,-1882,0,1 # steer t=15587 want_r=16 k=2 base=12T145
28905276088252624,0,-33092300701186040,0,-49592893269161876,0,94258841556818454,0,-50505537197323541,0,10885168523926215,0,-833265728558929,0,10911118792863,0,76631803836,0,-229421629,0,-1033295,0,-54,0,1 # steer t=15587 want_r=16 k=2 base=12T145
6430620459940823296,0,-1535681263665409024,0,-9104600952998747392,0,530755256679524352,0,697533634647349344,0,50192414128830848,0,-4314617274202224,0,-239268189716544,0,14086012935345,0,-119116466124,0,269567974,0,-62956,0,1 # steer t=15587 want_r=16 k=2 base=12T145
4440146460704,0,-2314310407410176,0,59057209718413056,0,162310900474456832,0,-136058170599911872,0,31734446785035456,0,-3205204845058348,0,151705085939420,0,-3095296655359,0,19099404284,0,-25425078,0,-33168,0,1 # steer t=15587 want_r=20 k=2 base=12T145
13702475999524706881,0,19213037186931267120,0,-5174598980468141921,0,559172545818945826,0,-33166575474022416,0,1182705074582574,0,-25552688946491,0,307573410810,0,-1281539630,0,-13180306,0,185136,0,-776,0,1 # steer t=15587 want_r=20 k=2 base=12T145
33414317056,0,427588032000,0,-418262408448,0,172357906720,0,-39867614748,0,5647403664,0,-489264312,0,22411584,0,-12528,0,-62744,0,3684,0,-96,0,1 # steer t=15587 want_r=20 k=2 base=12T145
830468312444611,0,488001392993301,0,-1171934093295699,0,187439179747469,0,239390114605173,0,-97694096310054,0,11551495194024,0,-486632542185,0,9194437935,0,-88043377,0,439491,0,-1074,0,1 # steer t=15587 want_r=20 k=2 base=12T145
47131584851251381380993,0,123897080041766796189132,0,-39756906809499029042646,0,3747811370049657784764,0,-175191390262320066081,0,4774298090712504696,0,-80707196133491796,0,856328299535736,0,-5528539211553,0,19729455228,0,-29390742,0,-1908,0,1 # steer t=15587 want_r=20 k=2 base=12T145
1141762,0,-4649688,0,-8334300,0,40807868,0,-35451162,0,12268296,0,-1319826,0,-321732,0,127809,0,-18916,0,1476,0,-60,0,1 # steer t=15587 want_r=20 k=2 base=12T145
229,0,-1374,0,1145,0,5038,0,-11866,0,8910,0,76,0,-4415,0,3181,0,-1121,0,220,0,-23,0,1 # steer t=15587 want_r=20 k=2 base=12T145
36605424207450335405821,0,59564848016463078277296,0,8396665419642421824522,0,-12732487946636199879424,0,1758733316632787918319,0,-72136165462534050480,0,1239860395271697684,0,-9484585239005424,0,31966374287907,0,-49607349760,0,34311330,0,-9936,0,1 # steer t=15587 want_r=20 k=2 base=12T145
706195294598528229569,0,577489297619608388948,0,-280804314921538528062,0,48200741786809638684,0,-4372399339506429745,0,234490043260657000,0,-7672417649660444,0,150759624446616,0,-1667364400449,0,8952694180,0,-15454902,0,-13908,0,1 # steer t=15587 want_r=20 k=2 base=12T145
181945053184,0,26421315584,0,-125854729216,0,65895298560,0,-16550128384,0,2312992768,0,-165820544,0,871136,0,962032,0,-91528,0,4188,0,-100,0,1 # steer t=15587 want_r=20 k=2 base=12T145
3892537411528,0,1490187508126736,0,33346457235701400,0,-83249115076448992,0,39761569995748296,0,-7391445867940992,0,631067610481824,0,-25992451405984,0,495587254345,0,-3994464236,0,12404814,0,-9596,0,1 # steer t=15587 want_r=20 k=2 base=12T145
2415589703721937,0,5596587388767540,0,-8763552301750674,0,4171489877736940,0,-1020419812791081,0,149457418357896,0,-13894946998572,0,828823036536,0,-30762752121,0,646680100,0,-5873586,0,-132,0,1 # steer t=15587 want_r=20 k=2 base=12T145
549075700462,0,-210495146904,0,-1362323397108,0,758780406068,0,-174357987534,0,21387619548,0,-1423698240,0,35705340,0,1808694,0,-189466,0,7128,0,-132,0,1 # steer t=15587 want_r=20 k=2 base=12T145
1989499,0,4893942,0,-21708832,0,6322858,0,13914227,0,-13777668,0,5986840,0,-1525772,0,246673,0,-25682,0,1672,0,-62,0,1 # steer t=15587 want_r=20 k=2 base=12T145
9168112203193,0,-120118111744956,0,-5595937084021578,0,8526855769020580,0,-4330634667104061,0,920258289024840,0,-95444923350180,0,5004885602376,0,-126679990869,0,1434917956,0,-5644698,0,-2652,0,1 # steer t=15587 want_r=20 k=2 base=12T145
249352,0,-8648368,0,27644600,0,-17288640,0,-14983752,0,24200944,0,-12721344,0,3302400,0,-428631,0,21172,0,574,0,-76,0,1 # steer t=15587 want_r=20 k=2 base=12T145
41354085956,0,-3008849276256,0,-14095713972734,0,82673738051272,0,241426448841015,0,-506128241019690,0,230148904662879,0,-12381886806496,0,172625724548,0,-982546514,0,2508276,0,-2726,0,1 # steer t=15587 want_r=20 k=2 base=12T145
34650046377619884784,0,108364871589587498432,0,-69006783720304482304,0,-117669382086501303680,0,98473753263697181170,0,-21342065576460627952,0,1755157892190858784,0,-55834550959357516,0,664914363484852,0,-2162046924904,0,2022970910,0,-178336,0,1 # steer t=15587 want_r=20 k=2 base=12T145
12012535757178196864,0,-9325095432489428176128,0,-50884032970813750302912,0,-42102155488422106062400,0,26088539732171895701880,0,-4288879757174350938048,0,229932295230224362560,0,-748943621594821440,0,954777971301732,0,-583084600048,0,172608492,0,-22152,0,1 # steer t=15587 want_r=20 k=2 base=12T145
57115395690439021564841,0,49155329652433533148652,0,-15735505534653240954822,0,1902150368097586180172,0,-124064172987634174977,0,4842514223560773144,0,-116173936100206836,0,1676922964274360,0,-13524686972233,0,51799103868,0,-64414118,0,-27268,0,1 # steer t=15587 want_r=20 k=2 base=12T145
291558464,0,17503192283008,0,14358385578337344,0,-127307485700028864,0,80627861178495248,0,-18025052883051984,0,1733322737591088,0,-75095146336920,0,1347360702353,0,-9072939220,0,22562582,0,-14764,0,1 # steer t=15587 want_r=20 k=2 base=12T145
505976608,0,1891998784,0,-5254466608,0,4907901840,0,-2457213438,0,756786456,0,-151255236,0,19812004,0,-1649772,0,78980,0,-1498,0,-24,0,1 # steer t=15587 want_r=20 k=2 base=12T145
139923456,0,1598767104,0,-3253085184,0,1906904064,0,-397614080,0,-29013248,0,31951424,0,-7395008,0,930784,0,-71440,0,3344,0,-88,0,1 # steer t=15587 want_r=20 k=2 base=12T145
3283857075101728,0,15982358917503872,0,-12612215112464512,0,3907406213897664,0,-651038294548512,0,64617653948480,0,-3945432488380,0,146376834556,0,-3092177023,0,30769660,0,-36614,0,-1072,0,1 # steer t=15587 want_r=20 k=2 base=12T145
5208484,0,-26227232,0,57011720,0,-70305224,0,54442440,0,-27735384,0,9490740,0,-2192124,0,338685,0,-34084,0,2114,0,-72,0,1 # steer t=15587 want_r=24 k=2 base=12T145
9811338812180722999552,0,-31700689243195528776960,0,36552496358659353514080,0,-17470081842302778324304,0,3037553561666772397953,0,-239589061601251214520,0,9132608639968654812,0,-162431253287543592,0,1240284306376134,0,-3080483676808,0,2341829628,0,-187080,0,1 # steer t=15587 want_r=24 k=2 base=12T145
963238726069195153,0,-3313760203227813780,0,4326662208887551634,0,-2676778304407920244,0,823585870610102031,0,-134188768139248360,0,11763425474929404,0,-534160112003272,0,11378143780031,0,-88944508676,0,222554898,0,-58692,0,1 # steer t=15587 want_r=24 k=2 base=12T145
34121717090936795284992,0,-78868203616022376996864,0,74884501733576435449344,0,-37464664951192527765504,0,10443974178704766567678,0,-1546119321725098087776,0,96945526656368285796,0,-395286331474156896,0,604707657434082,0,-429505908480,0,143856108,0,-20592,0,1 # steer t=15587 want_r=24 k=2 base=12T145
59091895476403442244097,0,-151441050794421913240056,0,135758948163555907587978,0,-49627497523508757374440,0,6725037751749543983139,0,-422504189471531965320,0,13208080566579996660,0,-200904833561186088,0,1364038418959299,0,-3201009946768,0,2355901242,0,-187200,0,1 # steer t=15587 want_r=24 k=2 base=12T145
97987170546740959999,0,-190745508429812939055,0,147973008561649609589,0,-58903394932459644175,0,12903701056262208092,0,-1525034588850350451,0,85236979088169157,0,-1466975786846533,0,7858375860688,0,-17489091757,0,17417809,0,-7273,0,1 # steer t=15587 want_r=24 k=2 base=12T145
167066129819248,0,-391430964606528,0,362208384134208,0,-173479648266464,0,47699017788546,0,-7863950421648,0,786409008576,0,-47191669020,0,1643161680,0,-31251176,0,292866,0,-1080,0,1 # steer t=15587 want_r=24 k=2 base=12T145
78318351517144635233728,0,-140247234781389396693888,0,90891891046575559522112,0,-26481573820813545341568,0,3682027872102305452616,0,-257675969594887711120,0,9153814475027886824,0,-156740565627422448,0,1181031446544008,0,-3002963324768,0,2358539312,0,-185608,0,1 # steer t=15587 want_r=24 k=2 base=12T145
5121175447836307904,0,-9489914586315222400,0,6763819585077574976,0,-2337795711737539328,0,417426509198127560,0,-40895882979546160,0,2251414132390968,0,-68600289626736,0,1090451165760,0,-7945747568,0,22418360,0,-13088,0,1 # steer t=15587 want_r=24 k=2 base=12T145
56842362592132129771264,0,-104656680021517518732288,0,71870541578921484422720,0,-22616754329694169945408,0,3323624737037966767428,0,-244230008206115833152,0,9057470009829689808,0,-160192680264330024,0,1227646621891828,0,-3063881599024,0,2339199100,0,-187052,0,1 # steer t=15587 want_r=24 k=2 base=12T145
6332585227532976466,0,-9524448546083002344,0,5258828439440960516,0,-1506624267360083116,0,255243462293619414,0,-27062870210035728,0,1825235700509350,0,-76999465187532,0,1919631797793,0,-24956389180,0,126336332,0,-49420,0,1 # steer t=15587 want_r=24 k=2 base=12T145
180302624909078541862472,0,-328138711651937257780832,0,231394173432075175311272,0,-82689983065235945976536,0,16557086490782166267729,0,-1903155244079315810136,0,120557596247653475860,0,-3648575168881625400,0,34242607362067950,0,-58175150614888,0,25611497356,0,-1148176,0,1 # steer t=15587 want_r=24 k=2 base=12T145
877853911818360223949,0,-2410961072533271674958,0,2755933038305409336399,0,-1682533301187714759561,0,582187398450340930469,0,-110217703690052549681,0,9656823821122610428,0,-200031905359860260,0,540046717966785,0,-508566873761,0,178167053,0,-23299,0,1 # steer t=15587 want_r=24 k=2 base=12T145
3047827516770145781,0,-10923568139323649131,0,-8418605701667565809,0,19841413355800440019,0,4429813931630676669,0,-8119856765585137140,0,1117020036657900904,0,-19836078713215495,0,110284536674609,0,-207054441769,0,132303601,0,-29044,0,1 # steer t=15599 want_r=20 k=2 base=12T145
49935525566415916262569,0,42784000642782970745932,0,-37547351155177049106780,0,10500088293877981444668,0,-1485621506981915216251,0,117575411664575776588,0,-5191855946449940104,0,117315604959903828,0,-1084454720701339,0,2733875091616,0,-1682434016,0,-280088,0,1 # steer t=15599 want_r=20 k=2 base=12T145
23812583292296807424,0,112283847671638003200,0,-19930196090400557760,0,1380009902525238240,0,-49580070664025826,0,959281955065440,0,-7295257460604,0,-88549917120,0,2917742994,0,-34192800,0,215388,0,-720,0,1 # steer t=15599 want_r=20 k=2 base=12T145
107622187488745485661486,0,-66112109929954932537296,0,-394150498166346327365500,0,-161375880178937957859396,0,55903951897178047562782,0,-3075577751734993148932,0,60358725044154628840,0,-435619541096024260,0,1014679486121440,0,-902097073374,0,281935748,0,-29822,0,1 # steer t=15599 want_r=20 k=2 base=12T145
20203867423449058816,0,6491025735773300736,0,-11808070508265596160,0,2721479674780404608,0,-289405030282157448,0,17682454668187008,0,-670748910575088,0,16093303390080,0,-237796748964,0,1973683040,0,-7014372,0,-336,0,1 # steer t=15599 want_r=20 k=2 base=12T145
3377380054115002921,0,4876903686936140529,0,-1085045439897942959,0,98825263192201406,0,-4963366490882872,0,147507178066009,0,-2427907696911,0,10870488585,0,402327400,0,-9409948,0,94701,0,-481,0,1 # steer t=15599 want_r=20 k=2 base=12T145
10787825053745408,0,49236673114437632,0,-55182910529266560,0,-119627706806118272,0,171591731562957760,0,-65960498392989088,0,9909378554383272,0,-617355415938736,0,15195896356033,0,-114478009676,0,260038174,0,-62364,0,1 # steer t=15599 want_r=20 k=2 base=12T145
9974469227252094,0,24707629427684904,0,-86398934884998264,0,52196952474320868,0,6552220887427284,0,-8238184323880932,0,1247935723160580,0,-42436560021372,0,505613054142,0,-2417476302,0,4994838,0,-4068,0,1 # steer t=15599 want_r=20 k=2 base=12T145
48786317892326869,0,138527175787320060,0,-34470227065704490,0,3049343201533348,0,-90634436508073,0,-3985327558056,0,473212602148,0,-20491675448,0,515318323,0,-8102420,0,78502,0,-428,0,1 # steer t=15599 want_r=20 k=2 base=12T145
328509025272,0,5945688385920,0,16893225594432,0,-33319110974832,0,18254468207862,0,-4712028252624,0,652053717540,0,-49422686544,0,1986694146,0,-40807800,0,388872,0,-1296,0,1 # steer t=15599 want_r=20 k=2 base=12T145
48872133619697907301,0,-304619284995374133895,0,208010901688469955859,0,849790384511731677510,0,-526198018095544555770,0,-727781545720322844881,0,86045507703162811325,0,-734228145647644167,0,1383962902922550,0,-969345111558,0,280083343,0,-30649,0,1 # steer t=15599 want_r=20 k=2 base=12T145
1675451219354749,0,2109570776379060,0,-1127176042799382,0,-696701852368276,0,461086088211405,0,-91924851797640,0,8844229651272,0,-466756504416,0,13909802985,0,-223214260,0,1608546,0,-2388,0,1 # steer t=15599 want_r=20 k=2 base=12T145
224670748659467995792,0,-430691643063252221664,0,321511298391711663456,0,-117454982349473766400,0,21598626129903312984,0,-1842965576362861776,0,59017690506125472,0,-800550695300904,0,4878395536896,0,-12665772436,0,13904616,0,-6456,0,1 # steer t=15599 want_r=24 k=2 base=12T145
317626703507912000,0,-956889156847440000,0,1121193774017379400,0,-654436036503253200,0,202600863008236105,0,-32247719832016270,0,2297136479830664,0,-54996740385432,0,498199962336,0,-2038608914,0,3948183,0,-3384,0,1 # steer t=15599 want_r=24 k=2 base=12T145
121803128965556623304,0,-222454468286883511920,0,158692007026463382216,0,-56295947598454700240,0,10656625846252888416,0,-1114785601779717216,0,64318265600981696,0,-1960432537185096,0,28883799162337,0,-167637916692,0,322650958,0,-65260,0,1 # steer t=15599 want_r=24 k=2 base=12T145
2456152833445608848,0,-5285200577026876640,0,4720016545147691656,0,-2273116523271050328,0,641133108438151801,0,-107576768093743196,0,10431696579337732,0,-541135203219772,0,12734210112338,0,-100378886620,0,243906860,0,-61572,0,1 # steer t=15599 want_r=24 k=2 base=12T145
10437233555349853205494,0,-8413055664773351055336,0,943967391957767333112,0,-50015071628280058316,0,1587422359561584294,0,-33284306822574096,0,483104736742812,0,-4949700229116,0,35786175048,0,-178874966,0,588456,0,-1146,0,1 # steer t=15599 want_r=24 k=2 base=12T145
1051605701512,0,-1899916730304,0,1291347658440,0,-480523832104,0,113059170081,0,-18037068552,0,2020989498,0,-161259732,0,9133236,0,-359164,0,9330,0,-144,0,1 # steer t=15599 want_r=24 k=2 base=12T145
22984652644,0,-55281471712,0,57104922920,0,-33452216664,0,12370381032,0,-3042583496,0,510459876,0,-58821588,0,4609821,0,-238460,0,7666,0,-136,0,1 # steer t=15599 want_r=24 k=2 base=12T145
63277811818057828,0,-83942897526145712,0,26583632659861352,0,-4194123401676504,0,402571273802904,0,-25609650629872,0,1123452427908,0,-34450852740,0,733524813,0,-10536244,0,95986,0,-488,0,1 # steer t=15599 want_r=24 k=2 base=12T145
1174893679,0,-3533932338,0,4420124908,0,-3076942286,0,1343158331,0,-391486612,0,78826992,0,-11128572,0,1099669,0,-74522,0,3300,0,-86,0,1 # steer t=15599 want_r=24 k=2 base=12T145
15189877561,0,-38892995588,0,42428437199,0,-26076985170,0,10048842748,0,-2555272522,0,439325929,0,-51440866,0,4071886,0,-212622,0,6956,0,-128,0,1 # steer t=15599 want_r=24 k=2 base=12T145
278929138211793,0,-844592260705380,0,956567213862642,0,-512339533688628,0,140231691752463,0,-20354670017352,0,1629750514428,0,-73142993160,0,1838556927,0,-25681236,0,192306,0,-708,0,1 # steer t=15599 want_r=24 k=2 base=12T145
2028886723817402127232,0,-3690643713408072911360,0,2556688013096088434336,0,-848981350769408175392,0,143224947391671951842,0,-12801868996571078008,0,608215299240704184,0,-14803041391608004,0,169125409752404,0,-738397754088,0,1032045966,0,-111240,0,1 # steer t=15599 want_r=24 k=2 base=12T145
20519378206411,0,-70167726575002,0,96666063730768,0,-69286073722278,0,27830130724051,0,-6265842739044,0,749585676344,0,-43886476908,0,1287952353,0,-19915874,0,162808,0,-654,0,1 # steer t=15599 want_r=24 k=2 base=12T145
38157433538570773503776,0,1487313146281240583424,0,-57319768227916946416672,0,-1655738126034679772160,0,8184399937293691495112,0,-272272428413644562496,0,3632765041038464952,0,-24626702693989824,0,88743288781774,0,-161439641616,0,124562252,0,-21120,0,1 # steer t=15606 want_r=20 k=2 base=12T146
320852624152629999028,0,4183048064425338303456,0,-5593677470064805273080,0,966219852092580120064,0,-55500639217185552552,0,1251033460580761344,0,-7000744004170248,0,-118831617882144,0,1833850422153,0,-8685170168,0,14207250,0,-7728,0,1 # steer t=15606 want_r=20 k=2 base=12T146
362255123961,0,1224178516296,0,-538559829342,0,-375785579016,0,335157545151,0,-108198774864,0,18988001532,0,-1967705136,0,120300903,0,-4094712,0,68418,0,-456,0,1 # steer t=15606 want_r=20 k=2 base=12T146
8224617027128672,0,-2597154732515456,0,-12605298555836832,0,2267457785551168,0,1732407332223256,0,-355521765477696,0,26137434104328,0,-928216769264,0,17434011954,0,-173227112,0,836440,0,-1600,0,1 # steer t=15606 want_r=20 k=2 base=12T146
20439,0,58806,0,-160137,0,-10152,0,321444,0,-411966,0,271143,0,-110448,0,29388,0,-5130,0,567,0,-36,0,1 # steer t=15606 want_r=20 k=2 base=12T146
13815016125705949075529,0,20904457097026690250588,0,-3080993077608621814650,0,192039610466796202660,0,-6816477363542454641,0,152464725439559960,0,-2228298830461228,0,21217495893320,0,-125786535129,0,407425740,0,-422234,0,-812,0,1 # steer t=15606 want_r=20 k=2 base=12T146
9187149474048,0,12808214249472,0,-126267486496992,0,-130037063159808,0,253714834838700,0,-41386336096320,0,2918956773648,0,-111974138928,0,2502272484,0,-32550000,0,232344,0,-792,0,1 # steer t=15606 want_r=20 k=2 base=12T146
111661098758832128,0,390479558186369024,0,-127961594193248256,0,17410281130950656,0,-1325004953993216,0,62364111568896,0,-1869696030720,0,34706508800,0,-341815872,0,273920,0,32272,0,-320,0,1 # steer t=15606 want_r=20 k=2 base=12T146
10194454130185838624,0,7239766471534217728,0,-166635767929839611424,0,-96282584489551633408,0,359519120371852646856,0,-17403741405857856640,0,340519352490734392,0,-3403251508859264,0,18142298130942,0,-48932012960,0,56381476,0,-14080,0,1 # steer t=15606 want_r=20 k=2 base=12T146
1866354017406976,0,17582112188669952,0,2745108762699776,0,-1433180921149440,0,155381759338240,0,-5348447788032,0,-154240759040,0,18123035904,0,-574794000,0,7800480,0,-29080,0,-216,0,1 # steer t=15610 want_r=16 k=1 base=12T147
13493371825936,0,82974631835184,0,155198429416704,0,102565519887608,0,13022490655092,0,-4845061579716,0,449621140484,0,-20919157224,0,562816101,0,-9106996,0,87282,0,-456,0,1 # steer t=15610 want_r=16 k=1 base=12T147
538473730032030278484,0,37855341829200237147648,0,-11074879436515182232704,0,-192256432751382851714247,0,288610109196507584362797,0,-168804496827050315755248,0,45235614782617937120736,0,-4830897586517728686006,0,61580675570512859590,0,2279443060033896,0,2974274840,0,-277563,0,1 # steer t=15610 want_r=16 k=1 base=12T147
3378346500096,0,20069771102208,0,-1022517433837056,0,5058528372402048,0,2971561887539328,0,-30612802321507680,0,28349442684198400,0,-7605605358771288,0,231888690345320,0,170852131270,0,-2061914,0,-10814,0,1 # steer t=15610 want_r=16 k=1 base=12T147
2687994517591,0,30942446011602,0,38169903540469,0,-11370762369544,0,-1046189406627,0,692203009578,0,-97921394769,0,6472717866,0,-213411840,0,3118622,0,-8115,0,-193,0,1 # steer t=15610 want_r=16 k=1 base=12T147
90425989288669920917,0,398944736709830493144,0,520251134401693706750,0,238167378734893348040,0,25042181778216159391,0,-3532153834704509040,0,139621192826040180,0,-2540529275480464,0,22612982851003,0,-90658391656,0,136888670,0,-22712,0,1 # steer t=15610 want_r=16 k=1 base=12T147
14495514624,0,-3055533686784,0,141798924091392,0,-1969610883858432,0,1653250652110848,0,61590395318206464,0,-33551447367827456,0,2772005401254912,0,344501294517632,0,-99034443472,0,-31416416,0,5096,0,1 # steer t=15610 want_r=16 k=1 base=12T147
67712002698387730395904,0,93891759343875112028160,0,-3538998574515360719616,0,-173150091366127475968,0,13879035676763290784,0,-372533981529141568,0,4944255258678288,0,-29162383589296,0,-25027101479,0,1212773124,0,-4805698,0,2532,0,1 # steer t=15610 want_r=16 k=1 base=12T147
79361173948629014682921,0,246747551328531935867970,0,32173749912840056509089,0,-2292036492218181920835,0,59823802690355503860,0,-837596689650519876,0,6870944533003410,0,-32123276893197,0,66554024910,0,60070077,0,-487487,0,266,0,1 # steer t=15610 want_r=16 k=1 base=12T147
458771780492011187584,0,495643220795174037312,0,-622532955991037979168,0,99247358475838356656,0,59444160832955714688,0,-23824545544195797312,0,3119890882190228628,0,-152730088641466020,0,1718373991664736,0,597473934380,0,-37544610,0,-13806,0,1 # steer t=15610 want_r=16 k=1 base=12T147
11373087476032721043725,0,19226271315992676631160,0,-1055364724813109688362,0,-33314818307875468008,0,4234396266408563751,0,-146106824061889360,0,2463543546034052,0,-19548210280528,0,16950777323,0,782263768,0,-4099706,0,2616,0,1 # steer t=15610 want_r=16 k=1 base=12T147
2519486795776,0,9370537816064,0,5328439837696,0,-3167046137344,0,587736066048,0,-52061216256,0,2040534144,0,11737440,0,-4079520,0,119912,0,436,0,-76,0,1 # steer t=15610 want_r=16 k=1 base=12T147
513767203417600,0,576972067471360,0,-454754055488512,0,127770302312448,0,-19560699915712,0,1840950788096,0,-110829429248,0,4229234048,0,-94932475,0,928960,0,5458,0,-192,0,1 # steer t=15610 want_r=20 k=1 base=12T147
228621,0,-5040844,0,-317862922,0,381953284,0,-160175289,0,20496648,0,5262564,0,-2470968,0,435531,0,-42684,0,2438,0,-76,0,1 # steer t=15610 want_r=20 k=1 base=12T147
387784704,0,-36428924928,0,-2402406205952,0,164772181970304,0,403477920453632,0,-109879060352901856,0,1109744574960474208,0,-351787093844711480,0,5802007528316128,0,-4390380586042,0,969650504,0,-57132,0,1 # steer t=15610 want_r=20 k=1 base=12T147
448446,0,5560494,0,10929544,0,-33334551,0,32264027,0,-17189330,0,5810266,0,-1317556,0,203938,0,-21320,0,1442,0,-57,0,1 # steer t=15610 want_r=20 k=1 base=12T147
1186619232529,0,1072940635116,0,-932728374417,0,133995393260,0,51790001934,0,-23290325940,0,4128492278,0,-411465660,0,24733386,0,-898960,0,19089,0,-216,0,1 # steer t=15610 want_r=20 k=1 base=12T147
10859806470510880576,0,13691454063762704512,0,-35954752058912103744,0,-14330328242625733632,0,42323547161301707008,0,-22685257676583977408,0,5037938436921176836,0,-460271708772754532,0,10914979298834968,0,-5043278986248,0,786545226,0,-48002,0,1 # steer t=15610 want_r=20 k=1 base=12T147
27609493083625661022619,0,36434865714823947956907,0,-22032117492547955498352,0,1245712037467492435829,0,-31547454117171218739,0,451185662348354916,0,-3898510807304451,0,19877714058312,0,-48280091553,0,-35966899,0,553866,0,-1305,0,1 # steer t=15610 want_r=20 k=1 base=12T147
220451144920021,0,67962263281083,0,-259490930498366,0,137806486388177,0,-32071972116303,0,4033069346328,0,-294816983547,0,12625976808,0,-300001299,0,3260597,0,-1152,0,-229,0,1 # steer t=15610 want_r=20 k=1 base=12T147
676884405420000,0,685148193579600,0,-914936967637812,0,-513659501468700,0,390550181305881,0,-48430921028100,0,2740641465820,0,-87305719368,0,1689519654,0,-20250700,0,146712,0,-588,0,1 # steer t=15610 want_r=20 k=1 base=12T147
374639764577508060928,0,379544987062013617152,0,-75937780395533687040,0,6119373963086975232,0,-274377384953158368,0,7603492939236288,0,-134757693663184,0,1506361046544,0,-9736763011,0,24722280,0,82522,0,-648,0,1 # steer t=15610 want_r=20 k=1 base=12T147
11063959929504,0,49352137163856,0,28112304774276,0,-38584354983612,0,14202790943763,0,-2647520961300,0,284068740874,0,-17950995246,0,645646872,0,-12277870,0,120171,0,-564,0,1 # steer t=15610 want_r=20 k=1 base=12T147
336705212416,0,-671610445824,0,518057171968,0,-218924263936,0,58125083136,0,-10375145472,0,1288950144,0,-113027808,0,6975936,0,-296584,0,8268,0,-136,0,1 # steer t=15610 want_r=24 k=1 base=12T147
11005308073954,0,-20226315359490,0,13934115083118,0,-4743226578605,0,952406483247,0,-123986029230,0,11001158322,0,-680749020,0,29450178,0,-874580,0,17004,0,-195,0,1 # steer t=15610 want_r=24 k=1 base=12T147
579657347832369152,0,-1050537890135867392,0,669769562847721472,0,-197899906223128576,0,29446358703406848,0,-2344540375363584,0,106838519616768,0,-2875942544384,0,45340043440,0,-395365376,0,1656760,0,-2304,0,1 # steer t=15610 want_r=24 k=1 base=12T147
3016771651140827956,0,-16460580819332609376,0,37888902189084392102,0,-47650189041062125059,0,35368440549804351145,0,-15546893101483422940,0,3801068968525153768,0,-427801065056046826,0,10285578011389786,0,-4910398171116,0,783085882,0,-48107,0,1 # steer t=15610 want_r=24 k=1 base=12T147
1533083456,0,-4221098816,0,5089240384,0,-3548549344,0,1591519832,0,-482883328,0,101413728,0,-14813024,0,1488096,0,-99800,0,4216,0,-100,0,1 # steer t=15610 want_r=24 k=1 base=12T147
4053258373225215282400,0,-8544565004094216079920,0,6712360209296581632492,0,-2365418313879005969532,0,337469471266560511533,0,-9243138984422328360,0,110845350395657809,0,-706555795505706,0,2558217683958,0,-5342075064,0,6330306,0,-3942,0,1 # steer t=15610 want_r=24 k=1 base=12T147
8703197646974976,0,-25412180736049152,0,31481880005797888,0,-21494585804827648,0,8787854687738624,0,-2186585713201152,0,321146448651008,0,-25435562745728,0,857617737936,0,-3471596288,0,5475752,0,-3836,0,1 # steer t=15610 want_r=24 k=1 base=12T147
2329228898001,0,-4567697055864,0,3690269248146,0,-1626191367456,0,435947493423,0,-75099055344,0,8548423644,0,-648853440,0,32585055,0,-1053912,0,20786,0,-224,0,1 # steer t=15610 want_r=24 k=1 base=12T147
1614954131213139791,0,-7669654467799882142,0,5999982036594997305,0,4828248213970527312,0,-8959228462312537412,0,4862165095163544974,0,-1188733953346492277,0,125855449316613938,0,-4594470994506697,0,4822231926722,0,3869070320,0,275034,0,1 # steer t=15619 want_r=16 k=2 base=12T150
506338445615125,0,-1381839606587325,0,-341857069435353,0,3648748406662223,0,-4158201509099549,0,2191006439691721,0,-604519725997877,0,83804155282975,0,-4665041756541,0,20146841653,0,64364059,0,25775,0,1 # steer t=15619 want_r=16 k=2 base=12T150
1604086838201,0,154359667507451,0,133119139387309,0,-529658777085608,0,378351317024538,0,-77563133328977,0,-16845961322772,0,9079533481205,0,-1070735662935,0,14692652377,0,-10098566,0,-8056,0,1 # steer t=15619 want_r=16 k=2 base=12T150
45371833105807463,0,-734168861100178010,0,-6489391210385650457,0,19821099388327035174,0,-18036062257419068890,0,4711508850864212768,0,1105200030706431100,0,-413974168055349670,0,-47905087236743897,0,-36076650486568,0,25098247999,0,-994094,0,1 # steer t=15619 want_r=16 k=2 base=12T150
4006585707032473369792,0,75309293165126133192352,0,-139911702048153758442752,0,97584649861098720351448,0,-31855884057590662171392,0,4329209394473376019544,0,9374152220159050669,0,-36789758980022670034,0,-545790208632627872,0,937966020668556,0,-31847141411,0,-641324,0,1 # steer t=15619 want_r=16 k=2 base=12T150
4432294956175073,0,3948261355832118,0,-2788730154039482,0,619055122476801,0,-66082511317969,0,3571418170273,0,-71694549632,0,-1885790165,0,125655248,0,-1921832,0,-5667,0,233,0,1 # steer t=15619 want_r=16 k=2 base=12T150
1446781992912328032691,0,-5902410830238317944695,0,865049622738305919547,0,11862151494188545912552,0,-13927175977970673191769,0,6603280833339134657871,0,-1422461260755405405186,0,119784931665621663009,0,-2987889305954080672,0,505772661256704,0,175230084507,0,2695203,0,1 # steer t=15619 want_r=16 k=2 base=12T150
5064564540816743125,0,-70132422506874433900,0,-672263430900711958554,0,2212110998078821443833,0,-2361567697696934937231,0,1014646758479875418774,0,-112310558133125449620,0,-18323268329497098246,0,-413987016484024988,0,-568089626943,0,48694097626,0,-1495614,0,1 # steer t=15619 want_r=16 k=2 base=12T150
739845628098821,0,327017915219440,0,-904957841878122,0,499324513421824,0,-131113062241577,0,18346729178496,0,-1285076660284,0,27489541152,0,1203227267,0,-46519408,0,-195002,0,736,0,1 # steer t=15619 want_r=16 k=2 base=12T150
42625434997499648024,0,20877790271895097964,0,-29625960631017701062,0,10630843492872859813,0,-1869020036153037148,0,179776450160228042,0,-9259477826187535,0,215290921067697,0,-742670605283,0,-27519468299,0,-14433066,0,9325,0,1 # steer t=15619 want_r=16 k=2 base=12T150
73172868502961481757,0,5843734780678165786088,0,-16295959520998326597925,0,12641232796377390469143,0,-4672914140426997483930,0,954952383885253360382,0,-111163955768703809195,0,6940639909974334592,0,-182468119417292762,0,140009639018082,0,67234072302,0,1740790,0,1 # steer t=15619 want_r=16 k=2 base=12T150
229560999131799488718891,0,-240890280161931732932721,0,-323904644454335453563047,0,558308725948405102626975,0,-305238419526052291293235,0,77937152101210431715111,0,-9236008487713375686879,0,406320804015249194827,0,-5501635388668209188,0,1166253174574584,0,248566153322,0,3074708,0,1 # steer t=15619 want_r=16 k=2 base=12T150
547510162950054592,0,10158665461964229408,0,-4109753070488104308,0,677535102315338755,0,-58154030721115227,0,2678734954302435,0,-56325941594706,0,-44730799164,0,20333757375,0,-196997795,0,-607143,0,1134,0,1 # steer t=15619 want_r=16 k=2 base=12T150
2174598022045126786875,0,29003197010098751943750,0,-143613684878088728781660,0,203349530123053505558445,0,-119375099391158631716191,0,33234095597223373783034,0,-4346175045553792119106,0,228920309792301199748,0,-3913471201265761662,0,975163427192881,0,226030022108,0,2982418,0,1 # steer t=15619 want_r=16 k=2 base=12T150
541480246435501,0,-2033405890807568,0,-9513205198279546,0,-6646685811640104,0,7805635425390759,0,10046024036030528,0,1710385693680804,0,-774783999892912,0,46648769060683,0,-203464870768,0,231997494,0,-53480,0,1 # steer t=15619 want_r=16 k=2 base=12T150
10142941988249281177496,0,-2061266162693225922044,0,-77771079663726102386068,0,-116533724587689980770961,0,-59393286115578787193084,0,-7202596715793950344633,0,1135541044794840725743,0,-35610352373912571251,0,297763435270027750,0,-347797100244142,0,27311352679,0,-470153,0,1 # steer t=15619 want_r=16 k=2 base=12T150
3948780650482603,0,-233030684746406378,0,-3392130832440662128,0,-9992533971512771574,0,4685575552905050707,0,12552619106306846396,0,693046208958080376,0,-368725941326251980,0,18948450072816001,0,-44438681549618,0,6818950008,0,-239070,0,1 # steer t=15619 want_r=16 k=2 base=12T150
39950529999133209178216,0,39754856192770431916320,0,-13798538940320172706582,0,1773645351333997623803,0,-117961347244385585687,0,4350061089167866112,0,-84585047832150599,0,645440237215549,0,2215270614121,0,-39852751277,0,-19886914,0,9908,0,1 # steer t=15619 want_r=16 k=2 base=12T150
1597,0,-73271,0,179355,0,202287,0,-1297527,0,2070411,0,-1650389,0,697101,0,-132159,0,367,0,2105,0,97,0,1 # steer t=15619 want_r=16 k=2 base=12T150
98819144898097,0,2816995010501399,0,27172149063416669,0,95170661729813670,0,27380958687843279,0,-247556777079073599,0,163030630544523396,0,-35845505973672031,0,2404350931659274,0,-6313059026358,0,3602840557,0,-295779,0,1 # steer t=15619 want_r=16 k=2 base=12T150
15744335215702537208,0,49080156919539217636,0,10518839862817984512,0,-104259977249883073373,0,-118577925524836761299,0,-33289145715375803250,0,3729072791250798503,0,-115695354533678115,0,1178252245844633,0,-2611915936999,0,818434132,0,-67916,0,1 # steer t=15619 want_r=16 k=2 base=12T150
11437,0,-9484745,0,667568051,0,324448308524,0,-36327600819633,0,108415837044889,0,-50272039377272,0,-28585904646712,0,-2585969194215,0,-4753020620,0,36886676,0,-20758,0,1 # steer t=15619 want_r=16 k=2 base=12T150
4503878717485533500888,0,11857995200379992833748,0,-5288990105098005573000,0,924572420272172888189,0,-85098484463956483860,0,4415802919329430774,0,-124975449138133275,0,1598665044973529,0,-1564291738249,0,-90861457375,0,-33953306,0,13715,0,1 # steer t=15619 want_r=16 k=2 base=12T150
1314014404070839,0,-14178389421104800,0,24094446571587978,0,32315752366647959,0,-129580884476519821,0,139460548602434052,0,-64751003513471130,0,12040594838121853,0,-715890998593363,0,788040219072,0,1349397186,0,166649,0,1 # steer t=15619 want_r=16 k=2 base=12T150
11437,0,150054,0,425304,0,-212603,0,-1107657,0,524016,0,731994,0,-679923,0,217215,0,-32246,0,2364,0,-81,0,1 # steer t=15619 want_r=16 k=2 base=12T150
861704879868136,0,-28123305818793476,0,-3809614548063680,0,374567194355139741,0,-745910395549476518,0,461813784573596516,0,-56657042478541155,0,2216622598196039,0,-29371187190323,0,124068756379,0,-94000730,0,-13087,0,1 # steer t=15619 want_r=20 k=1 base=12T150
7617281998901944570693,0,149261168728371179558508,0,-122218997117875430005677,0,42007424976471252575148,0,-7952754825231393199515,0,897961980194693306749,0,-60514456485610581961,0,2252263826362783731,0,-35494694355762455,0,-13308885766533,0,19265565370,0,-927474,0,1 # steer t=15619 want_r=20 k=1 base=12T150
6071612262241,0,7199312068116,0,-6677343054840,0,1916747475899,0,-263256230223,0,16449117183,0,180824442,0,-114345621,0,9479880,0,-419398,0,10935,0,-159,0,1 # steer t=15619 want_r=20 k=1 base=12T150
1750073758713318691,0,-14622464954499073896,0,7848602706707305319,0,10948533057816576990,0,-13263266034787837915,0,5689736682259243101,0,-1168865064351416318,0,112187027752827564,0,-3879259725769114,0,-11792945299140,0,13880619352,0,-825794,0,1 # steer t=15619 want_r=20 k=1 base=12T150
9452109678972071129181,0,50606549597662954780473,0,-36973612233910740006543,0,10827649874751980380059,0,-1716145588428317688709,0,160444305803257628699,0,-8872406081551093995,0,268133776163703873,0,-3340497421651371,0,-3700997894207,0,3258869969,0,-254145,0,1 # steer t=15619 want_r=20 k=1 base=12T150
4890698580379381151,0,33247274082365715925,0,-12710634658708591720,0,1984622367720578679,0,-169478164338778225,0,8720302230877501,0,-277487074950894,0,5333343582508,0,-56645410124,0,258034569,0,-22129,0,-1506,0,1 # steer t=15619 want_r=20 k=1 base=12T150
659673087674507618752,0,-372254709513863387392,0,-653560555101997106884,0,759193835517221231643,0,-289617795696767661286,0,37402767153166976388,0,2536397154051574687,0,-828594621009558412,0,26502964755738453,0,-37343925184240,0,7317818101,0,-343779,0,1 # steer t=15619 want_r=20 k=1 base=12T150
6532278887470751,0,-488990600895616833,0,-12598876405466637326,0,14273390703733702073,0,100640310102852547307,0,-102477844726703034233,0,36085350304355050598,0,-5439414151833196029,0,302778192171420677,0,-644169915160289,0,108358398851,0,-1858155,0,1 # steer t=15619 want_r=20 k=1 base=12T150
15549416,0,-7765044,0,-39654946,0,52244325,0,-27692026,0,7139240,0,-531089,0,-215409,0,76193,0,-11799,0,1028,0,-49,0,1 # steer t=15619 want_r=20 k=1 base=12T150
18208714898894792141225,0,121412280269453785483635,0,-113314576722842027900211,0,42332602176178348073235,0,-8556779329441982371843,0,1020344718109799843391,0,-72020054548218544205,0,2785117984068932421,0,-44931261241104631,0,-38405717002119,0,25204526301,0,-994221,0,1 # steer t=15619 want_r=20 k=1 base=12T150
651247865015241542984,0,669390335852670661476,0,-368960376687887265324,0,74656067685793604397,0,-8159634148645041821,0,534713239916103434,0,-21440018684800528,0,506002436962095,0,-6210712436351,0,28035331607,0,-12140093,0,-9325,0,1 # steer t=15619 want_r=20 k=1 base=12T150
1086101509775,0,11939865338215,0,-6647766059299,0,-159944100190734,0,388152683972130,0,-362318936197573,0,152914393635490,0,-27014637590995,0,1746236182125,0,-17707538214,0,47829089,0,-25013,0,1 # steer t=15619 want_r=20 k=1 base=12T150
6512922236263525384,0,6445297346663341332,0,-99074892726709955900,0,178857440231852791675,0,-99197913241907197158,0,-14543732928972550340,0,22111699648426643869,0,-1119793443373795670,0,14250457868693905,0,-40188658685560,0,6739299595,0,-229405,0,1 # steer t=15619 want_r=20 k=1 base=12T150
6713693378132037529600,0,8120994915086452357120,0,-7496430357265334667264,0,2314274179489551987712,0,-370156923388099500032,0,34204117549562414976,0,-1844691673058846848,0,53769764483945504,0,-635081749652160,0,-912624038016,0,1360649032,0,-166592,0,1 # steer t=15619 want_r=20 k=1 base=12T150
31197791916599416,0,-105915695450963404,0,29714554912633952,0,232180392743683741,0,-232115712999942427,0,-20707615901967800,0,69944380374443355,0,-4007047093410201,0,69425313058515,0,-396059382531,0,275122222,0,-35200,0,1 # steer t=15619 want_r=20 k=1 base=12T150
26815120419176608353719,0,16108823346679722878116,0,-19301049700971838606612,0,6616799660422343794469,0,-1166312635196650301515,0,119420825493196984238,0,-7194923960294673982,0,236778060124895819,0,-3235662810103091,0,-2874943859412,0,3032338046,0,-249671,0,1 # steer t=15619 want_r=20 k=1 base=12T150
8889587910384989,0,2782501910357383,0,-5357496930323813,0,1987504105011690,0,-360462868047402,0,37783839215247,0,-2399578257150,0,90988458583,0,-1890569857,0,16422447,0,15592,0,-614,0,1 # steer t=15619 want_r=20 k=1 base=12T150
6135956784072062935159,0,2682915266852545413518,0,-3960602386855265722748,0,1417789908783202052021,0,-253292572247547119817,0,25887361928113407686,0,-1540248731448063862,0,49562551256947965,0,-649930436530423,0,-902779363800,0,1361216226,0,-166629,0,1 # steer t=15619 want_r=20 k=1 base=12T150
66186560206968213736,0,-26686334513810281972,0,-1532010859691406319710,0,3647570572609099963905,0,-1005620498017256644067,0,-2049858367043254961563,0,482737671810475508369,0,-22097327870855125555,0,239298741874076053,0,-325314920454030,0,26468695770,0,-465185,0,1 # steer t=15619 want_r=20 k=1 base=12T150
203546211609180743134123,0,149327165380914933528950,0,-452702800081030753728669,0,317955392658690590999047,0,-111573651761733343484478,0,22474926254548131687286,0,-2647010663723892444327,0,169877351437257841750,0,-4563142134694605960,0,-3741160678439516,0,418757721060,0,-3846292,0,1 # steer t=15619 want_r=20 k=1 base=12T150
168113952431758125,0,2258804485727960625,0,-11455410258673043520,0,15686794164327783510,0,-5135392186541178067,0,-3200077421377725883,0,2124341067583523378,0,-395532742088359684,0,24115571694428666,0,-44397366512776,0,14278102488,0,-597294,0,1 # steer t=15619 want_r=20 k=1 base=12T150
1633772370786625981375,0,-431499799297615512950,0,-1620045869465184777970,0,1558114741620647871475,0,-648202938814391195517,0,149389567405684829042,0,-19856558091013462440,0,1429031310198847719,0,-42923878502865245,0,-37112576195442,0,24981754492,0,-993071,0,1 # steer t=15619 want_r=20 k=1 base=12T150
17829774071300791,0,-5470066924198340,0,-23785203083010721,0,24111114053239924,0,-10247097889125597,0,2347097973576007,0,-301929809804298,0,20354881062174,0,-528882265226,0,-3137227822,0,19571212,0,-14496,0,1 # steer t=15619 want_r=20 k=1 base=12T150
103249159,0,-309419318,0,-471100500,0,1277204734,0,-1029084341,0,408452580,0,-83754032,0,6819708,0,416941,0,-116878,0,7044,0,-154,0,1 # steer t=15619 want_r=20 k=1 base=12T150
19236404793951780976531,0,57364330568227090808218,0,-34882494027726774390198,0,8140982869944925202707,0,-1009548873228187840301,0,72981333195143173950,0,-3091468398573166064,0,70820930159866371,0,-651351332191991,0,-958737497020,0,1374384972,0,-166795,0,1 # steer t=15619 want_r=20 k=1 base=12T150
335953893973,0,-960891742598,0,1174746677054,0,-803936102503,0,338913813279,0,-91309658438,0,15793005242,0,-1716347555,0,111456999,0,-3967864,0,69032,0,-497,0,1 # steer t=15619 want_r=24 k=2 base=12T150
46339937107,0,-222387886334,0,443370776552,0,-474594268482,0,294745657379,0,-107675665228,0,22753357544,0,-2722952100,0,176687497,0,-5722326,0,82992,0,-506,0,1 # steer t=15619 want_r=24 k=2 base=12T150
10678099892035293427813,0,-24119909939292520561175,0,22373434483140535678325,0,-10961047243365247279506,0,3039620987427276367204,0,-476243155182302984935,0,40048003254409335266,0,-1620499099025816103,0,25676376343667703,0,-47410233104933,0,6949540008,0,-244204,0,1 # steer t=15619 want_r=24 k=2 base=12T150
67988040977350111,0,-274907377173167109,0,473667182812370112,0,-452458096338197606,0,260685673491687309,0,-92091806378470953,0,19288224364047288,0,-2164514421434544,0,100007578560960,0,-392645226656,0,391571568,0,-72984,0,1 # steer t=15619 want_r=24 k=2 base=12T150
6407167607,0,-14308283710,0,13761955172,0,-7657831074,0,2770754507,0,-690691660,0,122104992,0,-15467236,0,1396093,0,-87702,0,3644,0,-90,0,1 # steer t=15619 want_r=24 k=2 base=12T150
17972543143572175,0,-69510513036862290,0,117111409051684748,0,-112260245537258779,0,66969796710685629,0,-25469292615946093,0,6037945725639968,0,-819538428964157,0,49960752731610,0,-258704239878,0,316247410,0,-67679,0,1 # steer t=15619 want_r=24 k=2 base=12T150
282272402942377,0,-905301824803091,0,1237387817406507,0,-943217574885779,0,439663276463623,0,-128828763094806,0,23346616455727,0,-2439292675557,0,122170128415,0,-1532776924,0,6130896,0,-6562,0,1 # steer t=15619 want_r=24 k=2 base=12T150
11768591179489623314432,0,-53668596013101388578816,0,98584026923616119857152,0,-92189497149535685688832,0,45281964589490420335360,0,-10627026947745604215680,0,878136963328410523776,0,-27877062429731251488,0,278476804356698592,0,-337323027218976,0,26706269068,0,-470346,0,1 # steer t=15619 want_r=24 k=2 base=12T150
364442401044022424,0,-743870632463762140,0,615307667596800878,0,-269004469755011393,0,67408602895803163,0,-9745010943240242,0,772432150324131,0,-30178545895623,0,555545684641,0,-4306965849,0,9376940,0,-5918,0,1 # steer t=15619 want_r=24 k=2 base=12T150
50264897199289664,0,-142245563926820656,0,166149065508519564,0,-102715267901327521,0,35768301155600859,0,-6903235922046917,0,689244659647413,0,-33866226826969,0,737913521909,0,-5572708384,0,10803046,0,-6673,0,1 # steer t=15619 want_r=24 k=2 base=12T150
3661011801793624,0,-9920860030706584,0,11426284492770170,0,-7298540118797713,0,2819607706694303,0,-671011833694812,0,95257671228249,0,-7306354302905,0,239493692417,0,-2148139567,0,6124836,0,-5686,0,1 # steer t=15619 want_r=24 k=2 base=12T150
322412777879,0,-1323888492285,0,2371149630706,0,-2421789520208,0,1545972194614,0,-634510679261,0,165316404090,0,-25795447131,0,2099184336,0,-63809356,0,702740,0,-2196,0,1 # steer t=15619 want_r=24 k=2 base=12T150
41731483720081,0,-250388902320486,0,641787806118676,0,-913707425988925,0,785679802467831,0,-414752579463120,0,130137912262050,0,-22072972293369,0,1601337078383,0,-16507159614,0,45603048,0,-24555,0,1 # steer t=15619 want_r=24 k=2 base=12T150
429919658009865355225,0,-1337852261379859488135,0,1797284256469174348269,0,-1360024726839515801096,0,633391438675095374499,0,-185740160342224847103,0,33477826977405553686,0,-3394951585040015442,0,149911228236984453,0,-266960338503518,0,50133831966,0,-1113474,0,1 # steer t=15619 want_r=24 k=2 base=12T150
4002359122216989137,0,-12195941296365426118,0,15788153358922215180,0,-11254833128051290329,0,4780212262251242795,0,-1219285421792833024,0,178327350113787164,0,-13337317537994300,0,408519248589144,0,-2038728370349,0,1464027728,0,-155602,0,1 # steer t=15619 want_r=24 k=2 base=12T150
537155008,0,-2091770304,0,3444207084,0,-3144248815,0,1758298338,0,-630281304,0,147820569,0,-22800573,0,2292219,0,-146287,0,5622,0,-117,0,1 # steer t=15619 want_r=24 k=2 base=12T150
531066079447,0,-2324702397257,0,4369060457779,0,-4624544037383,0,3032525450422,0,-1272207062563,0,338643839598,0,-54297102671,0,4619025369,0,-153039575,0,1353596,0,-3004,0,1 # steer t=15619 want_r=24 k=2 base=12T150
3104026768597,0,-5805340601088,0,4312247555294,0,-1769609584712,0,455487713207,0,-77966827424,0,9091736020,0,-722759408,0,38371219,0,-1299744,0,25902,0,-264,0,1 # steer t=15619 want_r=24 k=2 base=12T150
1378371465026275,0,-1489403718904635,0,558122904743226,0,-112210942252468,0,14188026407553,0,-1216666274643,0,73487589108,0,-3174795648,0,97866972,0,-2106952,0,30150,0,-258,0,1 # steer t=15619 want_r=24 k=2 base=12T150
13074971968811089,0,-37782982744433767,0,45503818996414929,0,-29512361716721872,0,11115426987817880,0,-2447986904922657,0,304167462001408,0,-19935648503703,0,589511184219,0,-4919646123,0,10195318,0,-6938,0,1 # steer t=15619 want_r=24 k=2 base=12T150
52434374176070839105,0,-274363287965137651090,0,604340034035639107008,0,-723032575549542515796,0,504030862629188679909,0,-202807198607792727932,0,43219897764622137994,0,-3939049835492782531,0,117226089464823725,0,-121995629018415,0,28162870360,0,-862563,0,1 # steer t=15619 want_r=24 k=2 base=12T150
18399150002472490775,0,-60261301969194344080,0,80227349339293532849,0,-56604616944623367693,0,23093454161869220838,0,-5560564951988571736,0,768148720331160012,0,-55532305979615713,0,1657159925653317,0,-4857721957463,0,3211296867,0,-288637,0,1 # steer t=15619 want_r=24 k=2 base=12T150
1375880480083267856503,0,-4546730560922206570407,0,6354325256713426621070,0,-4856625503136240852941,0,2186952186263606113923,0,-579930206655725247291,0,84910763293630325526,0,-5874239609465729411,0,146538623862701961,0,-164991136361174,0,34960512803,0,-946864,0,1 # steer t=15619 want_r=24 k=2 base=12T150
649334161375727,0,-1515501685395854,0,1508664404306352,0,-844120101115481,0,293217442457539,0,-65664395202428,0,9492161174806,0,-856835780913,0,44403360341,0,-1081511278,0,6138716,0,-10279,0,1 # steer t=15619 want_r=24 k=2 base=12T150
2516293086787,0,-13512907539870,0,30642160224048,0,-38083516819466,0,28161971423971,0,-12582254644972,0,3293793709720,0,-464571679444,0,29532956697,0,-503549782,0,2840824,0,-4418,0,1 # steer t=15619 want_r=24 k=2 base=12T150
48962009166877171,0,45225012342049181,0,-27694248176560685,0,5097573312929374,0,-327295399205798,0,-11162622613765,0,2701020579104,0,-140582731333,0,2791102918,0,-13251422,0,-121571,0,182,0,1 # steer t=15630 want_r=16 k=1 base=12T152
522014233753389185,0,-2810317645784584044,0,-23791592332460742182,0,-50787678494477954956,0,-42835306484848052817,0,-11294220724630392344,0,1176306483190456044,0,-35969326247730936,0,440979769930543,0,-2030181428732,0,2846736090,0,-502012,0,1 # steer t=15630 want_r=16 k=1 base=12T152
16731229067772160,0,1617984027416064,0,-62227457645120640,0,71238955470330752,0,-30469457489693040,0,3921326546107648,0,734903746359360,0,-227499818759168,0,14217724991744,0,168946080,0,-8447128,0,-24,0,1 # steer t=15630 want_r=16 k=1 base=12T152
617068153425271982823232,0,213093370793533668055232,0,-974341263500947915076416,0,644109157529413275121976,0,-185813162050743438417855,0,24665015247529081669512,0,-933847971006088415360,0,-80565189439296827136,0,5393161397267703318,0,-12865294504408,0,-5615058112,0,5208,0,1 # steer t=15630 want_r=16 k=1 base=12T152
66877055939129821186801,0,-122640369275811632708164,0,-136781051794797322993910,0,233402881087209861722156,0,-37143449326606178260481,0,-37010730943511011869096,0,10418647164507971290412,0,-52863411675490624424,0,14252961231382479,0,208700570373548,0,-162086623094,0,3537212,0,1 # steer t=15630 want_r=16 k=1 base=12T152
206445864539789812646,0,-1372600719451980240,0,-2102288528682166064352,0,4283950626549773588192,0,-3368622953974047415544,0,1040151648635121292792,0,-36257375809149801916,0,-22401621262652884856,0,1145849072152257091,0,5991137363732,0,-2577749134,0,-5228,0,1 # steer t=15630 want_r=16 k=1 base=12T152
137290499362941138743296,0,336769355143705024393216,0,-71146785057125850264576,0,5561801309149373431296,0,-193348972876941844224,0,2035500981201742208,0,44040737716981952,0,-1095298904132096,0,3253707606624,0,24088630368,0,8028840,0,-7612,0,1 # steer t=15630 want_r=16 k=1 base=12T152
10209831683593,0,23782696749996,0,-19215710971678,0,5131807014284,0,-480773175633,0,-37267216328,0,13573906844,0,-1398224616,0,68336775,0,-1260196,0,-15678,0,668,0,1 # steer t=15630 want_r=16 k=1 base=12T152
506740719131555475436,0,-12443117044539324154560,0,-94319388390553121574372,0,-142392729684497046280928,0,-76346046140660167490406,0,-12352735369066569219896,0,573427816662651154124,0,-6688684598328454048,0,29698242406356924,0,-48766218195140,0,25282900758,0,-1491008,0,1 # steer t=15630 want_r=16 k=1 base=12T152
1402723830925,0,20340206878704,0,54111603913122,0,-19017185013040,0,1690284716559,0,124985960784,0,-34778668836,0,2691791856,0,-92127501,0,893408,0,22962,0,-480,0,1 # steer t=15630 want_r=16 k=1 base=12T152
344631124119442448,0,2070581258140888960,0,-4534292654871206752,0,3207062804622772256,0,-947504141690575528,0,79706747212253232,0,16352523952945664,0,-3670854000694856,0,194938825666185,0,-3611374124,0,-31406506,0,268,0,1 # steer t=15630 want_r=16 k=1 base=12T152
108559951,0,3695866786,0,-4323833029,0,893341851,0,785633568,0,-482319631,0,103044329,0,-8293861,0,-76894,0,37856,0,-837,0,-39,0,1 # steer t=15630 want_r=16 k=1 base=12T152
201789440,0,-585572352,0,351528960,0,496297984,0,-785832704,0,368528384,0,-27148288,0,-26387200,0,6073936,0,-123104,0,-4120,0,56,0,1 # steer t=15630 want_r=16 k=1 base=12T152
243477002752047481525,0,-739007354370719310724,0,382675254559115728590,0,960339793051042081172,0,-1439856872402878937789,0,695898950116941399512,0,-96012988167034192780,0,-8558644245186301144,0,1069830455553286559,0,25031666940,0,-2503166650,0,-12,0,1 # steer t=15630 want_r=16 k=1 base=12T152
36376450741274060143,0,208972464365520337996,0,-61743876601424511171,0,7078892969441285502,0,-395884944277379942,0,10370213933743210,0,-63806839526183,0,-1962163944416,0,20994902272,0,142323261,0,-568902,0,-92,0,1 # steer t=15630 want_r=16 k=1 base=12T152
617260085768009312,0,6872482074162332096,0,-16892272677404855344,0,14397152714466038672,0,-5370127409436211098,0,687851389361418664,0,69915516772745508,0,-21577216126960320,0,989403574157606,0,85105242288,0,-69147928,0,-2632,0,1 # steer t=15630 want_r=16 k=1 base=12T152
17391656007082504192,0,19894369175226949632,0,-7829163189026390016,0,937508950674058240,0,-29398238809150720,0,-2336181482633216,0,204161698937408,0,-5102067354368,0,35638583904,0,15678192,0,-539332,0,-244,0,1 # steer t=15630 want_r=16 k=1 base=12T152
93217016691016903925,0,358289918056672431440,0,215612517715575440266,0,-31257719838914371912,0,1553226829515253247,0,-28681245361584400,0,-227837278023700,0,18661510354816,0,-307044518757,0,1988690976,0,-2581190,0,-10776,0,1 # steer t=15630 want_r=16 k=1 base=12T152
7319193344946224129,0,9790676288621838208,0,-2223345604474693614,0,172437080264281752,0,-4200240759723197,0,-178267966990640,0,15480665352820,0,-463642507536,0,6683590883,0,-34618352,0,-181342,0,2008,0,1 # steer t=15630 want_r=16 k=1 base=12T152
1861449278858597990,0,53453651990996341632,0,-3569327624840367508640,0,10589910010983206826496,0,-11367631435201201050168,0,5107516743851183418424,0,-747439777897196751356,0,-44491290902572917560,0,5561411191750986931,0,57023542500,0,-5702354206,0,-12,0,1 # steer t=15630 want_r=16 k=1 base=12T152
2725699,0,14010831,0,-28306020,0,74074,0,14875839,0,-4429791,0,-973281,0,443556,0,-21420,0,-7589,0,1125,0,-57,0,1 # steer t=15630 want_r=16 k=1 base=12T152
196248064000,0,3668125245440,0,11805040388096,0,-4232857061376,0,379156521728,0,34964539392,0,-9774370048,0,822844928,0,-31804560,0,384032,0,9736,0,-280,0,1 # steer t=15630 want_r=16 k=1 base=12T152
144629534733532536499,0,396944578390570853313,0,-103718922170569534584,0,10487556591868486370,0,-524193473767925344,0,12571934919970652,0,-77784415241389,0,-1957664525164,0,22330147758,0,122215197,0,-571738,0,-8,0,1 # steer t=15630 want_r=16 k=1 base=12T152
576099004311484974020,0,-441278482608192923552,0,-534580998730425672112,0,824798813630077981104,0,-414696684203733353452,0,92259068220210730664,0,-6394556583040035172,0,-634608923899828632,0,77773420094314033,0,-186450140700,0,-671011662,0,612,0,1 # steer t=15630 want_r=16 k=1 base=12T152
537357880108925,0,86651030606026536,0,268793944752127586,0,-83634553576931696,0,8779148234339103,0,-252608776686800,0,-19539642562260,0,1766647510528,0,-51137194317,0,508686408,0,305890,0,-9776,0,1 # steer t=15630 want_r=16 k=1 base=12T152
2338279,0,-4144646,0,-2577300,0,9076926,0,-6197781,0,888356,0,834224,0,-494756,0,124845,0,-17406,0,1380,0,-58,0,1 # steer t=15630 want_r=20 k=1 base=12T152
14125494009639501,0,-3234977767776375,0,-61044643747571616,0,23681998127667210,0,41855902053499516,0,-12464679494884740,0,1054620167100024,0,-33402578259696,0,359272144184,0,-1659665301,0,3459597,0,-3162,0,1 # steer t=15630 want_r=20 k=1 base=12T152
3620475426253442345,0,12058053028757907316,0,-21685861488445718450,0,285117340086972060,0,14119415163300028997,0,-8912353963057681472,0,2337434564343871384,0,-281071950078337152,0,12524786223353117,0,-4994549285340,0,721457022,0,-44676,0,1 # steer t=15630 want_r=20 k=1 base=12T152
6593938880,0,-7874201728,0,-1835456672,0,7178860160,0,-4655906056,0,1497565472,0,-273169024,0,27716272,0,-1188756,0,-34896,0,5668,0,-180,0,1 # steer t=15630 want_r=20 k=1 base=12T152
17337614570421507398383,0,71097932194994253160176,0,58841723043224402072622,0,-23564922345559068986380,0,2887334980565430258495,0,-153102946751509292856,0,3819687932550914909,0,-44847969665623716,0,220990577428797,0,-350639715608,0,163507443,0,-23259,0,1 # steer t=15630 want_r=20 k=1 base=12T152
78204318680886240352401,0,154616917318165481096574,0,-9059504780467748813112,0,170263690416944757510,0,435335145291339487,0,-74238290373278110,0,1489086631856793,0,-16106008965559,0,108343295924,0,-463059044,0,1211212,0,-1734,0,1 # steer t=15630 want_r=20 k=1 base=12T152
2237346546172,0,-6012991487248,0,-50657565328612,0,62671730138032,0,111585117586426,0,-161010067207608,0,41026495055668,0,-3619560442624,0,138205137348,0,-2303591308,0,14681014,0,-19336,0,1 # steer t=15630 want_r=20 k=1 base=12T152
10727311,0,5017749,0,-57727976,0,48050676,0,-8775970,0,-6222702,0,4274677,0,-1251078,0,215768,0,-23373,0,1570,0,-60,0,1 # steer t=15630 want_r=20 k=1 base=12T152
39670458825040640,0,-250570266285220864,0,-20266094149911456,0,601466031690408576,0,-215502430538121802,0,-335275837000462696,0,218764121155764092,0,-38597323358065496,0,2094001253520146,0,-1278142372952,0,287149524,0,-27992,0,1 # steer t=15630 want_r=20 k=1 base=12T152
2140895510528,0,847255371776,0,-1518569717760,0,653919182848,0,-148815076352,0,20894552064,0,-1895671296,0,109457920,0,-3578560,0,29248,0,2352,0,-88,0,1 # steer t=15630 want_r=20 k=1 base=12T152
2285124637578961,0,561244359942231,0,-3551267858798415,0,578631763056826,0,1401191994268296,0,-667765261199619,0,87881247192284,0,-4119273912909,0,80104295769,0,-662268064,0,2169849,0,-2589,0,1 # steer t=15630 want_r=20 k=1 base=12T152
40788071884061764001,0,-201687732043173510348,0,323970327296856618490,0,-57317967032805518828,0,-383526242301743043233,0,416837891424066290024,0,-144817020417134872308,0,1662646421088839432,0,4087019349721662911,0,-389071227442908,0,13289962682,0,-192348,0,1 # steer t=15630 want_r=20 k=1 base=12T152
254728888591,0,88479953534,0,-1801528572934,0,1021981650069,0,-250169224632,0,33541897996,0,-2575904776,0,99991291,0,-99709,0,-172181,0,7578,0,-141,0,1 # steer t=15630 want_r=20 k=1 base=12T152
1585388963339478213149,0,10334570983972071190244,0,-8206997011794000055228,0,-72957767622210478412860,0,71711601961106456345249,0,-17880813917400148176520,0,630737632858790693236,0,-6902589025957680968,0,29911192067904381,0,-48717011346668,0,25303950976,0,-1490724,0,1 # steer t=15630 want_r=20 k=1 base=12T152
2700315409973466131905,0,-10276461613294280267748,0,-3120392272342441902262,0,29138500704851051290092,0,-883961826290698960481,0,-20183713911454545668072,0,720042538221493773484,0,-7631056818134284456,0,31935818746988767,0,-50477846756980,0,25486295114,0,-1491844,0,1 # steer t=15630 want_r=20 k=1 base=12T152
1964,0,7072,0,-62788,0,143248,0,-162022,0,102472,0,-34196,0,2432,0,2724,0,-1204,0,238,0,-24,0,1 # steer t=15630 want_r=20 k=1 base=12T152
7710217,0,-28910568,0,3329658,0,77745280,0,-50146461,0,-43357680,0,39230484,0,-11880144,0,1817019,0,-152072,0,6810,0,-144,0,1 # steer t=15630 want_r=20 k=1 base=12T152
1820847568040826569668,0,4604540037007300100088,0,-1951136939975294220396,0,303807877448552841380,0,-22637510345348719191,0,804083918602419648,0,-10277565144364956,0,-39096240337080,0,732905761986,0,1552648424,0,-3525936,0,-300,0,1 # steer t=15634 want_r=16 k=2 base=12T153
221,0,1072,0,-2828,0,-9024,0,11664,0,10356,0,-14687,0,3840,0,1296,0,-960,0,224,0,-24,0,1 # steer t=15634 want_r=16 k=2 base=12T153
149596061983195016368,0,-2563614506028700853024,0,3087910264754053037144,0,14952234919764357996344,0,-11919593734831105994375,0,2973679454109201452080,0,-230519603643569082308,0,-3704149488987398432,0,231443277196322738,0,11010977564240,0,-550548878036,0,-24,0,1 # steer t=15634 want_r=16 k=2 base=12T153
12646437388,0,-20994639312,0,-36479925792,0,8584573072,0,1122315822,0,-374945544,0,6475488,0,4613400,0,-368550,0,-4832,0,1680,0,-72,0,1 # steer t=15634 want_r=16 k=2 base=12T153
258861068638720758193,0,308756551061809973246,0,-37548692771731169515,0,1158854632091259310,0,25141182013978216,0,-2131035157743480,0,32588597787801,0,348511434838,0,-12794299649,0,45719042,0,1103488,0,-7506,0,1 # steer t=15634 want_r=16 k=2 base=12T153
957433,0,44605500,0,46162506,0,-101750212,0,16845471,0,18764856,0,-5206356,0,-440424,0,302535,0,-42484,0,2730,0,-84,0,1 # steer t=15634 want_r=16 k=2 base=12T153
13109606343310975,0,33698721833442600,0,-35853027750263849,0,12921532633803203,0,-2153670073761801,0,162249731251576,0,-3609195521638,0,-83412248374,0,3831158705,0,-19854845,0,-332322,0,586,0,1 # steer t=15634 want_r=16 k=2 base=12T153
7061079809084236752577,0,6813383744998642055196,0,-2013526555451179591806,0,210125554264624287148,0,-10433418725216096913,0,243119068108611384,0,-1655269080637156,0,-21119353311432,0,198778172847,0,651394220,0,-1847934,0,-228,0,1 # steer t=15634 want_r=16 k=2 base=12T153
978979261,0,1092916692,0,-6542463666,0,439817836,0,807750441,0,-99260136,0,-23817684,0,4743792,0,-120159,0,-27668,0,2538,0,-84,0,1 # steer t=15634 want_r=16 k=2 base=12T153
23234961375,0,5342565730572,0,81647411005261,0,167364340371263,0,50898219245987,0,-46783617614189,0,8449049187226,0,-563276737856,0,13448640172,0,-143032727,0,713501,0,-1531,0,1 # steer t=15634 want_r=16 k=2 base=12T153
613777898615570549209,0,898495089347025607704,0,204627881887580165742,0,-13602435029719734184,0,-4051621405141580865,0,96689009735188656,0,20126675220652580,0,-504731417909136,0,3764944133511,0,-11043150920,0,13118094,0,-6216,0,1 # steer t=15634 want_r=16 k=2 base=12T153
30348520154311415070720,0,65026370289625612386304,0,558342085114952065024,0,-302053198816385097728,0,-785463807887834112,0,281730257885980672,0,-4299685147444736,0,24963349192192,0,-44327978080,0,-159395680,0,909016,0,-1608,0,1 # steer t=15634 want_r=16 k=2 base=12T153
35106493115646716,0,68833510949067968,0,-50917184170130632,0,10971383917507680,0,-942895456520710,0,27039679071176,0,349076878176,0,-25761278800,0,133518682,0,5175112,0,-45308,0,-136,0,1 # steer t=15634 want_r=16 k=2 base=12T153
332216496992294671334341,0,391194436705342436726735,0,8555725541332248058004,0,-2371782473263380992835,0,56748260724843589174,0,1113330864738886490,0,-58330823041089881,0,732200634640595,0,-2856736281140,0,1790563325,0,5600776,0,-6060,0,1 # steer t=15634 want_r=16 k=2 base=12T153
120466036,0,221737440,0,-363673644,0,-72984020,0,161430201,0,-16022520,0,-10111116,0,2630160,0,-209754,0,-1400,0,1128,0,-60,0,1 # steer t=15634 want_r=16 k=2 base=12T153
212576400,0,-226748160,0,-482784624,0,379488240,0,47016126,0,-50720904,0,3440880,0,1646568,0,-301320,0,14688,0,360,0,-48,0,1 # steer t=15634 want_r=16 k=2 base=12T153
7776881830288007107715,0,16023186533578692830592,0,-97529678330528634797647,0,-278757858215318144648282,0,-81270442424386490720491,0,256672600539333657601182,0,154964152330663630875312,0,-710076439365168616744,0,989075743128599005,0,-580132318764500,0,149357560736,0,-13878892,0,1 # steer t=15634 want_r=16 k=2 base=12T153
905216,0,2195456,0,-2895872,0,-4620288,0,2985984,0,1325568,0,-939968,0,122880,0,20736,0,-7680,0,896,0,-48,0,1 # steer t=15634 want_r=16 k=2 base=12T153
5837444900122371409,0,12979286963916309220,0,-3886242568465525390,0,443022439739889140,0,-24352117762168561,0,562057338991432,0,4040538432508,0,-463421433976,0,6949379199,0,12723412,0,-699470,0,-124,0,1 # steer t=15634 want_r=16 k=2 base=12T153
5768957789307336073,0,16786745411260593238,0,13149310956543550329,0,1398525363531190150,0,-1631027101199105659,0,-322055332163131058,0,31612245562109074,0,-777261497743468,0,7794689312543,0,-36614806136,0,80438288,0,-66944,0,1 # steer t=15634 want_r=16 k=2 base=12T153
76429433535248,0,-5298730178919072,0,34732329398827416,0,-53931078903295688,0,-85344255244714335,0,289250188032440680,0,-198533352184823852,0,2847394001389432,0,446627285549654,0,-146209365768,0,-5394675556,0,144,0,1 # steer t=15634 want_r=16 k=2 base=12T153
9743416348711562176,0,6749474165737904128,0,-194549889977322977408,0,398070008106763787776,0,-282126672034424410768,0,82780549654318302688,0,-8462706592080090112,0,-59724743203662656,0,3859311222121265,0,343694629276,0,-13372790234,0,-68,0,1 # steer t=15634 want_r=16 k=2 base=12T153
142011940145856784,0,115492745618458464,0,-37909129449376680,0,4286105930159992,0,-225999532004175,0,4576811813064,0,79612343604,0,-5850886824,0,92825766,0,222424,0,-17124,0,48,0,1 # steer t=15634 want_r=16 k=2 base=12T153
11276965232908682752,0,23992061009157384192,0,12839655918113250816,0,1211808393608236032,0,-62221312403118912,0,-3328772301800256,0,224339127990976,0,-4859887566960,0,52141844637,0,-304287788,0,970314,0,-1572,0,1 # steer t=15634 want_r=16 k=2 base=12T153
370746474057014857013061,0,545936302234864710277452,0,-21117196612839672836046,0,-5216140014971954946468,0,-74430613150608222787,0,5563285370674332632,0,79413981050603572,0,-1321006008955696,0,6363944047013,0,-13896846716,0,14401998,0,-6420,0,1 # steer t=15634 want_r=16 k=2 base=12T153
93533616,0,765275040,0,-1582040808,0,1225542312,0,-492173415,0,108720144,0,-11247012,0,-318816,0,247698,0,-32400,0,2124,0,-72,0,1 # steer t=15634 want_r=20 k=2 base=12T153
4281020596226233,0,7159276672447332,0,-2315493314945238,0,169013458931812,0,16874608348575,0,-3807408831480,0,300684458476,0,-13335176280,0,365785863,0,-6322668,0,66954,0,-396,0,1 # steer t=15634 want_r=20 k=2 base=12T153
14858041,0,-13554060,0,-67457494,0,132318580,0,-97944929,0,36432680,0,-6919956,0,466760,0,61831,0,-15900,0,1418,0,-60,0,1 # steer t=15634 want_r=20 k=2 base=12T153
3039837607577089,0,3025910433754428,0,-2011211260543230,0,-1079092900800820,0,761750705203695,0,-144202248827784,0,11775079854108,0,-454276961928,0,8786806767,0,-87881140,0,448770,0,-1092,0,1 # steer t=15634 want_r=20 k=2 base=12T153
77737058559371,0,17544144043186,0,-4288776263525413,0,4946694443890108,0,30226801330283113,0,-46044311590911636,0,7812202521301956,0,-225229098751044,0,2600887774751,0,-14414431594,0,38386282,0,-39776,0,1 # steer t=15634 want_r=20 k=2 base=12T153
76134962144232835760128,0,301090960669647286272000,0,-132882019014539392393216,0,23184649727960820600832,0,-2082781172806585107200,0,97880049921918357760,0,-1819160035726676032,0,-26109952608759072,0,1551373099222929,0,-16517853634580,0,21505369142,0,-330580,0,1 # steer t=15634 want_r=20 k=2 base=12T153
140057,0,-216300,0,-1412070,0,2586740,0,645663,0,-3471000,0,2578700,0,-905400,0,180135,0,-21500,0,1530,0,-60,0,1 # steer t=15634 want_r=20 k=2 base=12T153
508799372369688831089,0,1962069063671772920187,0,-501585281222410727809,0,49304493687472069546,0,-2499447628960073401,0,72627143532319382,0,-1246011893706678,0,12196187612199,0,-58001003866,0,33278772,0,699212,0,-1913,0,1 # steer t=15634 want_r=20 k=2 base=12T153
509084104584499200,0,524617494341345280,0,-32253290789292032,0,-6916960371062784,0,1081898809793280,0,-71451157828608,0,2812679101696,0,-72597305088,0,1267051056,0,-14886944,0,113176,0,-504,0,1 # steer t=15634 want_r=20 k=2 base=12T153
402527999768163190524,0,1529135737556655789024,0,-247550433606757928600,0,15408108961320365168,0,-507891039050052214,0,9772820268583048,0,-108249301964064,0,531206794192,0,2070794986,0,-47919208,0,301148,0,-880,0,1 # steer t=15634 want_r=20 k=2 base=12T153
11632727461503316824977,0,25540865797756622082172,0,-76404489470331648556258,0,66369742163897873141332,0,-27120422795788790823253,0,5415107496770934326648,0,-427984486414276529196,0,121228591725162984,0,1737177533871755,0,-158781500196,0,-818051850,0,948,0,1 # steer t=15635 want_r=16 k=1 base=12T154
730062229481036572928,0,1917764315228017322752,0,-652898290974344270752,0,84156691954577704240,0,-5272823869944656911,0,155852809958536636,0,-1293584902894984,0,-21919983171432,0,161767237340,0,745230132,0,-887236,0,-2136,0,1 # steer t=15635 want_r=16 k=1 base=12T154
91350013473797791,0,-1657547841260280,0,-87319168353750330,0,27929696307473040,0,-3698995949746151,0,253454153264144,0,-8996046055704,0,123745433024,0,1125815303,0,-37213448,0,-44594,0,1248,0,1 # steer t=15635 want_r=16 k=1 base=12T154
55898725516956324914,0,-580113816662251300048,0,589045608475002106788,0,1429136268453324108216,0,-1357608118717985994068,0,338412245048892623724,0,-19415291590874940548,0,-5195444405132696,0,254197080584379,0,-194953643416,0,-42531294,0,21436,0,1 # steer t=15635 want_r=16 k=1 base=12T154
643382996102344996,0,26539015874356757584,0,2930481082313880208,0,-50730809910732239264,0,-38299183947160356948,0,-6078026357032305440,0,804704557035957524,0,-9159178865712120,0,37304115225985,0,-62875952876,0,45694002,0,-13380,0,1 # steer t=15635 want_r=16 k=1 base=12T154
34,0,-64,0,-284,0,728,0,-36,0,-964,0,500,0,336,0,-293,0,8,0,42,0,-12,0,1 # steer t=15635 want_r=16 k=1 base=12T154
82114774837071961,0,-25037709908680028,0,-1057428587563064438,0,-1608853658205672860,0,-543088028066018849,0,262527014247967880,0,134635592359924396,0,-2291332872168536,0,13918554076455,0,-36873228204,0,40178282,0,-11660,0,1 # steer t=15635 want_r=16 k=1 base=12T154
873100023747712,0,20275392040621312,0,-17729255803032160,0,6065174401913056,0,-1015128130153774,0,79936720528648,0,-1662074609536,0,-94326600432,0,1994574602,0,27349268,0,-101168,0,-704,0,1 # steer t=15635 want_r=16 k=1 base=12T154
15174539612224,0,113646016983424,0,-66264029285424,0,14765610805104,0,-1527668428143,0,53574249288,0,2981235672,0,-295609600,0,4240450,0,237512,0,-5448,0,-48,0,1 # steer t=15635 want_r=16 k=1 base=12T154
1705308621172466,0,1180204895253080,0,-898392381331316,0,193594133279800,0,-16652113140952,0,219353943620,0,48228496212,0,-2001275012,0,-23330825,0,1468608,0,-810,0,-216,0,1 # steer t=15635 want_r=16 k=1 base=12T154
14139087711431113,0,4654598649402568,0,-13456103906264722,0,4879333265953308,0,-797020143258443,0,71088371284400,0,-3562848403116,0,88794937928,0,-319484075,0,-30481648,0,398330,0,1700,0,1 # steer t=15635 want_r=16 k=1 base=12T154
70757917546436778165884,0,-104311161890400722825552,0,-227918647627067634344880,0,-34492144280413362476296,0,16023055712257766575334,0,4380425319364245380824,0,274345432791253336396,0,-1951795587332663232,0,4608995574137252,0,-4396686601944,0,1547872488,0,-75700,0,1 # steer t=15635 want_r=16 k=1 base=12T154
1916671375786543468649,0,2890954971538734261324,0,-14236984942075588391178,0,-24082384814056473031916,0,19430168923173090773723,0,46562673264981817743672,0,18578326809834051354372,0,-62636708889343008504,0,73277764046780835,0,-34972935589428,0,6179865870,0,-151276,0,1 # steer t=15635 want_r=16 k=1 base=12T154
195136,0,3234432,0,-3951472,0,146000,0,1430145,0,-532592,0,-55976,0,71384,0,-15406,0,816,0,152,0,-24,0,1 # steer t=15635 want_r=16 k=1 base=12T154
533028251097740198524,0,-6493355158859806456896,0,-19825718792919026843972,0,-18939466857822984938008,0,-6983449023837993117719,0,-576749275758481462084,0,116236765599243197896,0,-867545869118718392,0,2075158972641496,0,-1696385995228,0,508435728,0,-54384,0,1 # steer t=15635 want_r=16 k=1 base=12T154
26101978901938312286671,0,129445817561089843533912,0,-252240569727729164962790,0,171478434233268892707632,0,-56128119052217927590815,0,8997453306982982876952,0,-569339083551952552272,0,385020536529027192,0,1965776513456399,0,-481657061616,0,-849655678,0,5800,0,1 # steer t=15635 want_r=16 k=1 base=12T154
1498795302562026775,0,-99869042594763087240,0,695142081386195046714,0,-787108199725263239384,0,-2513245095117108651735,0,3091225855637901393000,0,-591184234010334931176,0,-64898762958598968,0,2073551308282431,0,54449356240,0,-859534950,0,-144,0,1 # steer t=15635 want_r=16 k=1 base=12T154
48667151757938492,0,1151997163550859456,0,6306167005974116048,0,7340019648320479848,0,-4047823286902908098,0,-5422467968837744152,0,1928911182777781092,0,-20801980049579448,0,80707977616744,0,-136411404496,0,94275452,0,-17988,0,1 # steer t=15635 want_r=16 k=1 base=12T154
176897983190945417,0,-659611585065884188,0,708191708765460290,0,225336255294391016,0,-980846877261160179,0,687928004481245440,0,-156229541315690436,0,-1671682221132352,0,5700926974861,0,33196784452,0,8220142,0,-15200,0,1 # steer t=15635 want_r=16 k=1 base=12T154
32269249331924911,0,-262918943901572768,0,694822384206553650,0,-413242930417377296,0,-1080306302017020775,0,1832422219821637576,0,-811880034627297384,0,130514100712216,0,25609588644711,0,-1379949160,0,-95504206,0,40,0,1 # steer t=15635 want_r=16 k=1 base=12T154
19895741765423625650,0,-261254870330979507000,0,-407504201527785512732,0,1356052891672133019816,0,-995766648310541213284,0,250681654933830401196,0,-12891096647763923580,0,-4775757431121432,0,203065069421451,0,-167742263680,0,-38314266,0,20756,0,1 # steer t=15635 want_r=16 k=1 base=12T154
567101886637604,0,-90381740198320,0,-1525743717973232,0,1424452492906384,0,-515461816455140,0,85316684980336,0,-5668173785676,0,40807559728,0,3003263761,0,-32472452,0,-90570,0,788,0,1 # steer t=15635 want_r=16 k=1 base=12T154
2897494699573956104377,0,12863632197526364531748,0,-24358491760744465799022,0,16070193887071775776420,0,-5135431037876011953009,0,810336079352451227816,0,-51025650900088750212,0,44041171231076744,0,397876237503479,0,-113061305100,0,-381334222,0,1428,0,1 # steer t=15635 want_r=16 k=1 base=12T154
815104,0,17022976,0,-29763584,0,-7372800,0,15950080,0,306176,0,-2642944,0,259840,0,125040,0,-28544,0,2296,0,-80,0,1 # steer t=15635 want_r=16 k=1 base=12T154
238032527427152347042,0,1909829162005120289872,0,-1574677080563438907940,0,500583092241221800256,0,-79155659217694728976,0,6301545417945962524,0,-208083517622445620,0,499742873453212,0,11327761906127,0,-25930054760,0,-5696578,0,11496,0,1 # steer t=15635 want_r=16 k=1 base=12T154
655467227689225753897,0,-1499250148660030742436,0,1406100801667391161338,0,-691102630682184776028,0,187667035237868340691,0,-26839932927288353672,0,1654166091735882900,0,-17418344631618392,0,69944725485995,0,-123608178916,0,89066266,0,-17532,0,1 # steer t=15635 want_r=24 k=1 base=12T154
53883480748296760159,0,-199212195932636688024,0,297449103240759769782,0,-228666357414535906728,0,95107784883013316281,0,-20300785186652136760,0,1789372617630969624,0,-18438056414265352,0,72327807446231,0,-125778085184,0,90399958,0,-17520,0,1 # steer t=15635 want_r=24 k=1 base=12T154
564571353196909758736,0,-1464141196165599234592,0,1528197128372638442328,0,-809899380187582102536,0,223606635256151150721,0,-28633846217537433072,0,1094459175964324296,0,-10632209385807656,0,40313915445730,0,-65111704400,0,46191360,0,-13344,0,1 # steer t=15635 want_r=24 k=1 base=12T154
318176810608496956,0,-879900022953952576,0,1008031819580889088,0,-613890131859639240,0,211055674908924046,0,-39686374096281800,0,3515120154430604,0,-90058313193448,0,976455669360,0,-4862275288,0,10205308,0,-5860,0,1 # steer t=15635 want_r=24 k=1 base=12T154
250188259073666,0,-287675118986064,0,125595594293236,0,-29921785795544,0,4485651557660,0,-454019229396,0,32168672364,0,-1619477568,0,57794459,0,-1431424,0,23426,0,-228,0,1 # steer t=15635 want_r=24 k=1 base=12T154
1860571353616,0,-2892070516128,0,1786744875528,0,-618068131800,0,136999855745,0,-20794771632,0,2235266344,0,-172398536,0,9505154,0,-366384,0,9392,0,-144,0,1 # steer t=15635 want_r=24 k=1 base=12T154
168731110614460825,0,-564956089062024220,0,755557269729364714,0,-517212237399074052,0,192347187903718195,0,-37708252130767736,0,3375721589475764,0,-88241521229800,0,968146559643,0,-4852711132,0,10196554,0,-5860,0,1 # steer t=15635 want_r=24 k=1 base=12T154
39148942607490573652489,0,-80050314487130552109732,0,64137699658776701515034,0,-26304172269532506539524,0,5913783277544953039295,0,-705232492492381104648,0,37227819209921313228,0,-368493818165029224,0,1362153902882967,0,-2027491074516,0,1087607994,0,-64020,0,1 # steer t=15635 want_r=24 k=1 base=12T154
80181737473564689671,0,-75470418541265778480,0,12205989538802556154,0,-957838880577154800,0,45701679212794145,0,-1456330728562560,0,32409887790896,0,-512989082400,0,5768239255,0,-45116400,0,233594,0,-720,0,1 # steer t=15635 want_r=24 k=1 base=12T154
383972343762396073,0,-890468186918534268,0,846528342253441970,0,-426003409179211664,0,121349669898743061,0,-19165094127283888,0,1487512331257612,0,-40624105478024,0,466219692533,0,-2372892396,0,5238494,0,-4608,0,1 # steer t=15635 want_r=24 k=1 base=12T154
5768876032,0,-16843620352,0,20879378432,0,-14451017728,0,6191797504,0,-1724647424,0,319807744,0,-39828736,0,3317968,0,-181248,0,6200,0,-120,0,1 # steer t=15635 want_r=24 k=1 base=12T154
38477071800696006544,0,-82252609039743208288,0,62097665508084800504,0,-19771678343076164360,0,2478677865105745233,0,-97164415113377196,0,1847128549997178,0,-19978341255928,0,131405105083,0,-534511664,0,1309498,0,-1764,0,1 # steer t=15663 want_r=24 k=1 base=12T155
795172554,0,-2484706992,0,3437010356,0,-2774454944,0,1449794293,0,-513851108,0,125705464,0,-21150684,0,2388356,0,-171700,0,7108,0,-140,0,1 # steer t=15663 want_r=24 k=1 base=12T155
23269953313858759,0,-58479328681372518,0,54681167702259918,0,-23888765100818645,0,5182470108137045,0,-558846674762190,0,29725770729893,0,-846101491802,0,13437429974,0,-119098737,0,568415,0,-1302,0,1 # steer t=15663 want_r=24 k=1 base=12T155
182659093798288,0,-399823647206784,0,344967218314320,0,-153889469615072,0,38947738812228,0,-5787313731504,0,507428966424,0,-25933956768,0,758621988,0,-12431672,0,112656,0,-528,0,1 # steer t=15663 want_r=24 k=1 base=12T155
4592203223782428032503,0,-15559088634505855900064,0,19977681578590487881883,0,-11966143051360685937530,0,3297140592229857610970,0,-346816434571753310475,0,5103111986112232518,0,-26567644229185117,0,59570149321851,0,-64592267318,0,35688482,0,-9629,0,1 # steer t=15663 want_r=24 k=1 base=12T155
136658853957350445475312,0,-103154691121480689210048,0,19425696950139980718432,0,-1735401466297850261152,0,87673506537196989936,0,-2664473516719182720,0,49091171707484664,0,-531490134576816,0,3175783777134,0,-9843783016,0,14013660,0,-6708,0,1 # steer t=15663 want_r=24 k=1 base=12T155
42602264989243771614247,0,-78474797546280207594744,0,48259921796522772981618,0,-14554393986635631263632,0,2433702732773566890339,0,-231497374896097979040,0,11951409533354031012,0,-286964449928515728,0,2064805513701381,0,-1206331823848,0,270861402,0,-26976,0,1 # steer t=15663 want_r=24 k=1 base=12T155
334307105690413305929,0,-258944637925320681009,0,36678443037465686864,0,-2538796674993285560,0,107241838056411560,0,-3034560783444178,0,60143507542532,0,-850403759356,0,8570547094,0,-60303906,0,282043,0,-789,0,1 # steer t=15663 want_r=24 k=1 base=12T155
177076472194486454155625,0,-160318240302763687356800,0,21186307288922294573338,0,-1045751415327572038944,0,27617481313836272463,0,-450582759202049856,0,4862399254455148,0,-35806598380032,0,181140728391,0,-619570496,0,1368442,0,-1760,0,1 # steer t=15663 want_r=24 k=1 base=12T155
131379200,0,-419389440,0,585911296,0,-473978880,0,247478272,0,-87959424,0,21852288,0,-3829728,0,470736,0,-39648,0,2176,0,-70,0,1 # steer t=15663 want_r=24 k=1 base=12T155
31274775088631382592,0,-64960860852811567104,0,54427579343531466816,0,-23519823048544454528,0,5561520430447460880,0,-702965396206359360,0,42633555632210256,0,-975271829629824,0,8100975375414,0,-17199092480,0,15490380,0,-6396,0,1 # steer t=15663 want_r=24 k=1 base=12T155
53878011954158075,0,-205725703005519910,0,304213420205142768,0,-217183670929941386,0,75718798091964595,0,-11388954525713948,0,497369407800312,0,-9359019054452,0,88267963985,0,-448035294,0,1241112,0,-1762,0,1 # steer t=15663 want_r=24 k=1 base=12T155
182428893055943470080,0,-210952456253346502656,0,47349525037415486976,0,-4171598783125123584,0,199484253308182976,0,-5935551599308032,0,117400749440064,0,-1591372353792,0,14879283184,0,-94448640,0,388784,0,-936,0,1 # steer t=15663 want_r=24 k=1 base=12T155
150711940900557,0,-283534335951126,0,216359633437679,0,-87754846294858,0,20977034480515,0,-3102232259676,0,290038579322,0,-17171097908,0,630139335,0,-13554798,0,151423,0,-674,0,1 # steer t=15663 want_r=24 k=1 base=12T155
176978432574753637649,0,579940063123803883870,0,-654102298142009718353,0,-1636123914883827843810,0,-605062827308861092310,0,271874166207561829450,0,203704226698785830485,0,33017024240917868950,0,312485138062987630,0,209925664377950,0,32898356607,0,1300170,0,1 # steer t=16114 want_r=4 k=2 base=12T16
3966607341799,0,6669239613774,0,2872933933033,0,259040150590,0,-137699218790,0,-49390810886,0,-7509700081,0,-629361242,0,-29315000,0,-650990,0,-1817,0,138,0,1 # steer t=16114 want_r=4 k=2 base=12T16
8772690151017977409,0,207340669031114247498,0,32672729295055235817,0,2185816821856863210,0,79990775421514650,0,1686410418540618,0,18222248760561,0,9927886014,0,-2348020710,0,-28846530,0,-135063,0,-66,0,1 # steer t=16114 want_r=4 k=2 base=12T16
70602904849,0,331486770942,0,237583216437,0,68099266850,0,8116680330,0,-133137018,0,-159256839,0,-20088054,0,-1131390,0,-18250,0,1197,0,66,0,1 # steer t=16114 want_r=4 k=2 base=12T16
2676054119,0,19327927614,0,14849684073,0,2652514350,0,-1258762390,0,-759801926,0,-179230241,0,-23283562,0,-1703000,0,-59230,0,23,0,58,0,1 # steer t=16114 want_r=4 k=2 base=12T16
69867633951,0,834418271286,0,3168030781861,0,5708439121690,0,5355974490890,0,2407089541566,0,214504798871,0,-185705295214,0,-45490720500,0,-1362811990,0,-8152309,0,5426,0,1 # steer t=16114 want_r=4 k=2 base=12T16
257260238940205583641,0,4469632967071984625732,0,29479450837576258708936,0,95438712947818694403620,0,159811556720662437861455,0,128551062201756622554052,0,34713511658574637627064,0,-3220564197371455645388,0,-32978573914062227905,0,-12367580328875320,0,-686477785964,0,4865432,0,1 # steer t=16114 want_r=4 k=2 base=12T16
3566590184249688618801,0,13320317109328853469264,0,1838390561523378912744,0,113266005335329073040,0,4034646880317846135,0,90893135970718164,0,1327644876248656,0,12254594013276,0,63732865055,0,104979020,0,-542876,0,-2044,0,1 # steer t=16114 want_r=4 k=2 base=12T16
38742048900,0,77484097800,0,38742048900,0,-14348907000,0,-22603957200,0,-10050139800,0,-2272701240,0,-277501140,0,-17033490,0,-401760,0,2250,0,180,0,1 # steer t=16114 want_r=4 k=2 base=12T16
348107384290572718368016,0,553782006408482697423648,0,203097541040094125027496,0,32949570440820252233136,0,2749949518918885654912,0,120367949435303280216,0,2606879080274771562,0,24761244749542332,0,81715904425773,0,84636875052,0,-5194648,0,-7896,0,1 # steer t=16114 want_r=4 k=2 base=12T16
36216530215056,0,6571978911072,0,-176033045528784,0,-269343131765760,0,-173776962121560,0,-58743142938288,0,-10814895336096,0,-1031167935408,0,-44043439960,0,-744986560,0,-4261794,0,-1168,0,1 # steer t=16114 want_r=4 k=2 base=12T16
33236684210872835685401,0,122703332038003485044212,0,177189368929532374902976,0,129196395059332287391940,0,49443648942069379588295,0,8623317783835269762092,0,132964882752788504384,0,-106953991092029636948,0,-1441135429283988185,0,-1011834332610480,0,-111273369084,0,1861872,0,1 # steer t=16114 want_r=4 k=2 base=12T16
187167098172886825064976,0,338897095061741316906912,0,31205127131754738290064,0,1274454549573919626240,0,29661092079108130080,0,426112608693302352,0,3784190860191384,0,18704531415048,0,24263398100,0,-246130600,0,-1302996,0,-1792,0,1 # steer t=16114 want_r=4 k=2 base=12T16
142996817839,0,443917409490,0,294951230077,0,-407936408890,0,-684388345460,0,-307923675790,0,-4355859295,0,23767519910,0,2714151010,0,97626950,0,1142407,0,3990,0,1 # steer t=16114 want_r=4 k=2 base=12T16
4686946394477881,0,14265114967860486,0,13461173256713041,0,5209568749084810,0,484643830608280,0,-247972551353654,0,-81727550815699,0,-9096271264754,0,-346958889440,0,-3325350230,0,-6505379,0,8586,0,1 # steer t=16114 want_r=4 k=2 base=12T16
131805763449003902312081,0,147335549126115605178588,0,6482799969904930490962,0,92186519764867407276,0,-140136201645468273,0,-18579171718048072,0,-201289360132164,0,-381842647496,0,9813841343,0,101105772,0,457746,0,1052,0,1 # steer t=16114 want_r=4 k=2 base=12T16
24649316,0,3339236936,0,110174907036,0,1165209890760,0,2286561889420,0,-20195355342424,0,-76443889654004,0,-75411926323804,0,-19544797427930,0,-291209831240,0,-667318164,0,72656,0,1 # steer t=16114 want_r=4 k=2 base=12T16
3241700559836999243649,0,34308926670040994386464,0,96846062067879106176448,0,118854585052705969503480,0,68718018633353606712855,0,15398818505500884401164,0,-789751520411925731216,0,-567393729139215530412,0,-6628086188760517025,0,-3646464850852700,0,-301015635492,0,3241668,0,1 # steer t=16114 want_r=4 k=2 base=12T16
115667977179511089,0,-595607623234012278,0,-8279140971978044793,0,-26722006376871991950,0,-38033096797559688570,0,-25924088385991462518,0,-7890694273919156409,0,-800337169550002314,0,-25248591950125700,0,-65561225270310,0,-33844297463,0,-205674,0,1 # steer t=16114 want_r=4 k=2 base=12T16
25094958908872196332161,0,78528364393526484254748,0,87803808845500900655064,0,34938696655689754026960,0,-7710013065508987617765,0,-11388944697503555755692,0,-3622059415483750289756,0,-410530419150613238868,0,-6112496683907378165,0,-3551993649832440,0,-302964918416,0,3237852,0,1 # steer t=16114 want_r=4 k=2 base=12T16
148124332391455729,0,253910189117445426,0,67688482040286043,0,7800147624922130,0,432093210687430,0,6014734839386,0,-680425803151,0,-47377360438,0,-1437964730,0,-23068510,0,-175397,0,-318,0,1 # steer t=16114 want_r=4 k=2 base=12T16
1456414569,0,3920103360,0,1078404858,0,-4280038560,0,-4935070845,0,-2391960960,0,-608334680,0,-81761600,0,-5120345,0,-78720,0,4558,0,160,0,1 # steer t=16114 want_r=4 k=2 base=12T16
36864,0,570544128,0,1143543278592,0,225055190430720,0,10675909535178240,0,113268817446121728,0,172320353556786496,0,-405898944964143936,0,-7364115624999200,0,-9490059074640,0,-1643635508,0,307884,0,1 # steer t=16114 want_r=4 k=2 base=12T16
274308288400,0,20559735106800,0,4199769636060,0,-276150837820,0,-140445523071,0,-11218416984,0,441798738,0,138731688,0,11118663,0,479948,0,12090,0,168,0,1 # steer t=16114 want_r=4 k=2 base=12T16
527395612367849,0,895581563086588,0,-460158444762790,0,-201580704125860,0,-29334781095297,0,-2119727471688,0,-75829417396,0,-551322408,0,60068599,0,2450124,0,41722,0,332,0,1 # steer t=16114 want_r=4 k=2 base=12T16
11720993520843452416,0,255147615505299280896,0,512506774387292493376,0,-543108016886142847248,0,168507057108437129679,0,-17323706643608358656,0,-493286623903737724,0,127448567107052312,0,917069805646577,0,1766084050924,0,556395886,0,43592,0,1 # steer t=16114 want_r=8 k=2 base=12T16
50369854384541099516,0,340209037760522239968,0,980913873838240759944,0,1563632964959004361080,0,1485937176062008507760,0,839092741413845118968,0,258311093380922733184,0,31907168892961995352,0,-689571552568350800,0,513036101481460,0,-50711645836,0,-2093068,0,1 # steer t=16114 want_r=8 k=2 base=12T16
208356685924,0,4881658564488,0,10276270060132,0,8956227449960,0,3938861291620,0,865962704888,0,69050914556,0,-4161177076,0,-600595190,0,17655320,0,-57128,0,-816,0,1 # steer t=16114 want_r=8 k=2 base=12T16
1179991201,0,38192403628,0,455193704056,0,2581182310600,0,7338611649875,0,9799350294068,0,4716176458244,0,94887550868,0,-145428300325,0,2406891400,0,-6741344,0,-8372,0,1 # steer t=16114 want_r=8 k=2 base=12T16
19291685903001,0,238848093299634,0,659626009954231,0,834929177711630,0,571752154196030,0,216493906332354,0,40686504309761,0,2042464493914,0,-245582150130,0,1038961990,0,4440431,0,-14366,0,1 # steer t=16114 want_r=8 k=2 base=12T16
282931508907434398864,0,97661036651463126961616,0,-79219911487882367285572,0,22524624112776247028780,0,-2466183531967073657833,0,42789562705414405000,0,5238943434749542584,0,53451536544751340,0,134515320888313,0,145750763900,0,75368618,0,16948,0,1 # steer t=16114 want_r=8 k=2 base=12T16
229129697486103080976,0,345208985808843888864,0,103516326864075879504,0,14289808283094512160,0,1091747122496539920,0,47970308324290464,0,1122866634251016,0,8715461831496,0,-129448139580,0,-1785328560,0,10034424,0,-8724,0,1 # steer t=16114 want_r=8 k=2 base=12T16
234519022694756,0,-5690294040564224,0,-19675549739895256,0,439057577778633400,0,-1167314494645154920,0,-127583845541846184,0,1356338541343143896,0,364162593406388024,0,11969457510826800,0,24342005788140,0,9673530994,0,482404,0,1 # steer t=16114 want_r=8 k=2 base=12T16
1,0,606,0,-53429,0,-5911250,0,-111882410,0,-202848074,0,986345441,0,-202848074,0,-111882410,0,-5911250,0,-53429,0,606,0,1 # steer t=16114 want_r=8 k=2 base=12T16
1,0,8406,0,-6573209,0,-2490284630,0,-167205921410,0,-914969251514,0,3776592424241,0,-914969251514,0,-167205921410,0,-2490284630,0,-6573209,0,8406,0,1 # steer t=16114 want_r=8 k=2 base=12T16
14110019840400413226471,0,22765265180416394506008,0,4267472987045396930184,0,351401700939874075080,0,15650565457263140835,0,389216413114658928,0,4756274159113744,0,7007890858712,0,-399874417415,0,-1935905760,0,11844424,0,-9448,0,1 # steer t=16114 want_r=8 k=2 base=12T16
4194304,0,22008301617152,0,-2091933273653248,0,-8473930316472320,0,-1649013377313024,0,581651713833984,0,107512651076992,0,4936456941312,0,67365720240,0,259029344,0,-319904,0,-952,0,1 # steer t=16114 want_r=8 k=2 base=12T16
58799137365647722458769,0,268642755593552812646052,0,437704916939788861830712,0,356755257279901809523040,0,161284851303081125609035,0,40605046366926138758732,0,5153473035278614991636,0,216974146563774262196,0,-5984843081446260245,0,3539872203800120,0,-303107382848,0,-3237804,0,1 # steer t=16114 want_r=8 k=2 base=12T16
1280500705931418521856,0,2194741728498032515584,0,806182610095607457024,0,138556013311940601600,0,13395938690398302720,0,766036489946932224,0,25033899010054176,0,386702354336736,0,236508208000,0,-43367629360,0,107446224,0,-36784,0,1 # steer t=16114 want_r=8 k=2 base=12T16
23929,0,-224070,0,306873,0,1027490,0,-1434870,0,-1476630,0,903525,0,1039050,0,319410,0,43730,0,2913,0,90,0,1 # steer t=16114 want_r=8 k=2 base=12T16
1511424,0,9523200,0,14414848,0,8023040,0,596480,0,-1089280,0,-369600,0,-1600,0,16160,0,1680,0,-172,0,-20,0,1 # steer t=16114 want_r=8 k=2 base=12T16
167338201970369536,0,297844099213740168192,0,73579552231431348000,0,5289043786722608080,0,-62115991897957065,0,-23070598722984168,0,-839240885068698,0,-2212156473192,0,207856325691,0,-968382116,0,-451560,0,1620,0,1 # steer t=16114 want_r=8 k=2 base=12T16
31620213275769,0,218766674357238,0,-256833472508963,0,21101387515930,0,51916988389520,0,-11177465320682,0,-2404392537219,0,404319186514,0,63313231280,0,1102815390,0,5245517,0,5954,0,1 # steer t=16114 want_r=8 k=2 base=12T16
165660379283515584256,0,1211360965202630420736,0,221492367885855409344,0,10586833957741238464,0,-337688763464632176,0,-43300548175689216,0,-1075578717536040,0,952901114400,0,203402504592,0,-944011088,0,-514902,0,1548,0,1 # steer t=16114 want_r=8 k=2 base=12T16
11885393881,0,25510603506,0,9381204889,0,-96989870,0,-564438470,0,-72904334,0,6767741,0,1937434,0,61690,0,-12710,0,-1031,0,-6,0,1 # steer t=16114 want_r=8 k=2 base=12T16
10648581756159026824601,0,47765215157964450614796,0,-17044607196887402542046,0,-2563062824596105314964,0,1610267368305462031332,0,-183468701620556613360,0,1872986673712841830,0,431004108225623268,0,1852800160409818,0,2239743732532,0,545348080,0,41748,0,1 # steer t=16114 want_r=8 k=2 base=12T16
248098256750171449,0,2652772051008121602,0,10415231308983658117,0,19438532546516165230,0,18300474110337685810,0,8305493181642182002,0,1501984602207335081,0,41701873912696366,0,-3804060438237830,0,8295555357250,0,-2917899683,0,-234354,0,1 # steer t=16114 want_r=8 k=2 base=12T16
1949390953907814400,0,2317594240517734400,0,-11287874950601482240,0,6153524388049203200,0,-860171335444264704,0,-64738684934826496,0,12696198533254912,0,592120529132672,0,5304751869920,0,16567806368,0,17513552,0,7176,0,1 # steer t=16114 want_r=8 k=2 base=12T16
73976358809678983681,0,443858152858073902086,0,1118581815234618284881,0,1524209341640747321950,0,1198628507309369351740,0,531697660831806398206,0,116371734890850272621,0,7412945213554253386,0,-379870761211546520,0,444863339100130,0,-75785989619,0,-1618974,0,1 # steer t=16114 want_r=8 k=2 base=12T16
8211376673296,0,1536377460515616,0,-42001186169586896,0,-1165772134106734880,0,-5632153431033105080,0,-2721289887465353984,0,1744260767631863336,0,-63693765685917296,0,-1776709014028040,0,-3568433830640,0,-1258731266,0,144264,0,1 # steer t=16114 want_r=8 k=2 base=12T16
4359775976273968351504,0,16824282602676655922400,0,23527427358742095287088,0,15404338732561199692160,0,4620463285994232108480,0,301090411065388637520,0,-133235057460429558840,0,-19763517059932077720,0,477112669603444620,0,-445836320806600,0,75369801948,0,-1348920,0,1 # steer t=16114 want_r=12 k=2 base=12T16
9,0,0,0,-2142,0,0,0,11295,0,0,0,-6020,0,0,0,1015,0,0,0,-62,0,0,0,1 # steer t=16114 want_r=12 k=2 base=12T16
2923104303689861351,0,-1254857883936068194,0,-30802543098320399109,0,-42258452928176775650,0,11696067034654930580,0,60441677100918725666,0,42405454476287805551,0,8916637541865245666,0,-376639316140534750,0,440025551732670,0,-74749195299,0,-1620754,0,1 # steer t=16114 want_r=12 k=2 base=12T16
118220911504,0,1434557188320,0,1823225149224,0,13644934672,0,-465220483056,0,40860786312,0,11190277194,0,-1619900460,0,60827301,0,-352700,0,-13728,0,72,0,1 # steer t=16114 want_r=12 k=2 base=12T16
1406898014434007887279,0,5337068153039852961694,0,7778316801808169537353,0,5439699530367729423670,0,1797871810332530278250,0,170516473475140643954,0,-40973110630398453361,0,-7366151954367319042,0,161693228724163880,0,-182910050552870,0,39210305983,0,-948302,0,1 # steer t=16114 want_r=12 k=2 base=12T16
98660424190689,0,-5959175139820440,0,-23200711236437742,0,3435615648365823540,0,-25360473305013322725,0,-95458698160746674400,0,59512625703058233340,0,-2310320913070690560,0,-40644333965795425,0,-43527822359280,0,-7905124462,0,377460,0,1 # steer t=16114 want_r=12 k=2 base=12T16
29549458759680169,0,58321184437776948,0,33931985236908862,0,6155002629550180,0,-805174100270705,0,-407295991542032,0,-34576261504924,0,1995331851664,0,262845018055,0,-3541790660,0,11628142,0,-8916,0,1 # steer t=16114 want_r=12 k=2 base=12T16
9,0,-3420,0,-52362,0,8024220,0,-121875345,0,320757120,0,155365300,0,-109470800,0,-14382425,0,5472540,0,740038,0,1780,0,1 # steer t=16114 want_r=12 k=2 base=12T16
5722605884668041,0,26733249193949982,0,47560066918149141,0,37853540427163410,0,9100620143921610,0,-4790654693369658,0,-2854004077272491,0,-195749833086858,0,71179796312410,0,-376810976190,0,418210501,0,-72498,0,1 # steer t=16114 want_r=12 k=2 base=12T16
3940650140417225,0,-7443074039754900,0,-30871758903228300,0,47609729173583600,0,22099302524170475,0,-66454492253432900,0,36049897027666220,0,-5519006638499540,0,-294411799259965,0,-1104091272000,0,-703779700,0,117820,0,1 # steer t=16114 want_r=12 k=2 base=12T16
91643072549726130328836,0,95385240047877382986768,0,-71478703672353613074456,0,17219233952382316470840,0,-1868793480334985096160,0,70238554771702698288,0,3460991831558445024,0,-383711409370726008,0,8996912321472640,0,23546913349740,0,10433749974,0,471552,0,1 # steer t=16114 want_r=12 k=2 base=12T16
950260449500019715600,0,18323648470003968464800,0,-32535159036197625965480,0,18554174288117686671160,0,-3465442156130170114831,0,-57484721592915089468,0,20916835904582376136,0,436852596259340408,0,1265914501284073,0,997604423936,0,9864616,0,-20320,0,1 # steer t=16114 want_r=12 k=2 base=12T16
3418802437226247212121,0,-983019424335865183836,0,-6133897191014325205254,0,7367886308901418956900,0,-3743600690341693388385,0,985566351118635738504,0,-129137442401741911604,0,5758377585881984424,0,165434470908771815,0,184863602249300,0,39091192666,0,949364,0,1 # steer t=16114 want_r=12 k=2 base=12T16
751592230432806553641,0,-1967866738757635283046,0,1232639740043705155509,0,1108334954630458653570,0,-1986309626953252607010,0,1116780628668020785674,0,-277048711988168170379,0,23407623215345034906,0,664772193795453590,0,560021460777730,0,85471034509,0,1413226,0,1 # steer t=16114 want_r=12 k=2 base=12T16
19061384320950039289,0,200985953891799192558,0,766885565027118399157,0,1343226491578632722510,0,1070035660231103510710,0,242522752766233340198,0,-116599111213119381169,0,-48383082651478998886,0,533087758940991910,0,-327191517328390,0,58055180437,0,-3041166,0,1 # steer t=16114 want_r=12 k=2 base=12T16
11316704400,0,6867114098400,0,-602209196089200,0,-67963977853380000,0,-1297683071046829800,0,-1666184810634856800,0,22661416522980810160,0,9156820646173122480,0,-369121944493040200,0,438503560413000,0,-75622487950,0,-1618380,0,1 # steer t=16114 want_r=12 k=2 base=12T16
694325588860439933184,0,4587487160034529018368,0,5106046522869847291392,0,840219865167760333056,0,37520429033723647824,0,-1066784359793252256,0,-110647712975161176,0,-1446276932201520,0,21541483831392,0,-68223843000,0,53937162,0,-13188,0,1 # steer t=16114 want_r=12 k=2 base=12T16
5251168521,0,54572967702,0,-174725991,0,-60936796530,0,-38951279190,0,-7084729638,0,752984829,0,311984298,0,2282580,0,-3063690,0,105039,0,-642,0,1 # steer t=16114 want_r=12 k=2 base=12T16
927369,0,-5564214,0,9960633,0,1202130,0,-23136750,0,24127866,0,-4455711,0,-4825098,0,1436290,0,310990,0,16233,0,262,0,1 # steer t=16114 want_r=12 k=2 base=12T16
7809271032624614129476,0,18955807945073104259496,0,-6884365428094788362724,0,712343699237149191400,0,15563144519408480040,0,-8646566452882772904,0,695767709778114696,0,-23614516398326004,0,269944433876970,0,1246208115640,0,976938366,0,108156,0,1 # steer t=16114 want_r=12 k=2 base=12T16
17417399562533370321,0,86777058083364593658,0,-4913533540608440148351,0,6400524987259277982750,0,17967701893231824302790,0,-25915260642267842769582,0,10731254631167865081609,0,-1388874982774357271178,0,-11596379607840910330,0,-3610325627527870,0,-125602229871,0,4657262,0,1 # steer t=16114 want_r=12 k=2 base=12T16
1924219248173235009,0,5141207406454540218,0,-1571635260013594923,0,-12773314837910607030,0,-6362834126788897740,0,5985960551599961178,0,5239340830605206011,0,858147149164002234,0,-13142940356600050,0,5883517546310,0,3312036547,0,-825766,0,1 # steer t=16114 want_r=12 k=2 base=12T16
16942226055132628500444,0,42749766878098131000360,0,36169653073403613408948,0,13202835111581726876400,0,1720789641932234596400,0,-155174170197436098640,0,-57635603989458810020,0,-2892726144453448060,0,145537420768540550,0,-176580656846300,0,39082267778,0,-947260,0,1 # steer t=16114 want_r=12 k=2 base=12T16
35456005495353600,0,76847183192764800,0,23901504210595440,0,1580705452656360,0,-279772184770479,0,-44177100127308,0,-1456415945694,0,45081241416,0,1604873979,0,-45958752,0,343314,0,-996,0,1 # steer t=16114 want_r=12 k=2 base=12T16
598585311,0,-14510866032,0,11125083304,0,48403179540,0,-91148456525,0,60655803448,0,-15893792396,0,388013032,0,292517665,0,12195880,0,170644,0,852,0,1 # steer t=16114 want_r=12 k=2 base=12T16
4575846319119393281919,0,30913504517340978287724,0,-49548746894414027001642,0,21809785290068646047880,0,-426920455105031643885,0,-1713478419016974037836,0,300521046691263435584,0,-2388058106185689652,0,-551261597733288915,0,1137994860501360,0,-312271652162,0,-1832532,0,1 # steer t=16114 want_r=16 k=2 base=12T16
1076859081,0,-18383775882,0,-45032477051,0,759155888490,0,-1454941540520,0,-327282949142,0,1165455369529,0,175304819122,0,-53579333300,0,1181711110,0,-4608371,0,-7338,0,1 # steer t=16114 want_r=16 k=2 base=12T16
349540456140144,0,219805917267168,0,-910991389879728,0,384503938130880,0,146995173229320,0,-97803154900512,0,-453913893224,0,5182876532784,0,-309793536320,0,2965905360,0,-4756718,0,-9156,0,1 # steer t=16114 want_r=16 k=2 base=12T16
4518929759,0,5568142380,0,-38867828718,0,-14172731220,0,66560417975,0,-8174474740,0,-20000633180,0,2643301660,0,958521745,0,-75084080,0,1124702,0,-2800,0,1 # steer t=16114 want_r=16 k=2 base=12T16
1949390953907814400,0,-2317594240517734400,0,-11287874950601482240,0,-6153524388049203200,0,-860171335444264704,0,64738684934826496,0,12696198533254912,0,-592120529132672,0,5304751869920,0,-16567806368,0,17513552,0,-7176,0,1 # steer t=16114 want_r=16 k=2 base=12T16
92624328659067399,0,-2209588280836657650,0,-15293775951697120637,0,50846683583063336790,0,6058159929482172940,0,-60456471660470679310,0,22831084838848827895,0,1725874188599331650,0,-308230853233619750,0,416458788759230,0,-77978970467,0,-1610010,0,1 # steer t=16114 want_r=16 k=2 base=12T16
4194304,0,-22008301617152,0,-2091933273653248,0,8473930316472320,0,-1649013377313024,0,-581651713833984,0,107512651076992,0,-4936456941312,0,67365720240,0,-259029344,0,-319904,0,952,0,1 # steer t=16114 want_r=16 k=2 base=12T16
4096,0,-1241088,0,-54711296,0,3026560000,0,-28641896960,0,25964553472,0,63126108224,0,6491138368,0,-1790118560,0,47290000,0,-213716,0,-1212,0,1 # steer t=16114 want_r=16 k=2 base=12T16
337286563131689,0,356986263807386,0,-1267202764535507,0,-1044952224289610,0,1325513276412170,0,878047096117426,0,-414223521323731,0,-169884119088958,0,38857267436410,0,-251862964890,0,336091293,0,-67158,0,1 # steer t=16114 want_r=16 k=2 base=12T16
13396636,0,-25366000,0,-21127922,0,77782552,0,-63738265,0,18543680,0,964024,0,-1308468,0,70299,0,27856,0,-370,0,-48,0,1 # steer t=16114 want_r=16 k=2 base=12T16
20009498205471535561,0,48570808631332010314,0,-14050762139317929441,0,1627138907187679190,0,-99007155017565850,0,3266454738646034,0,-47915446672009,0,-190649454794,0,14246592280,0,-91508650,0,-724251,0,2126,0,1 # steer t=16114 want_r=16 k=2 base=12T16
49169746453831,0,119704582350824,0,25932471765344,0,-28415066298108,0,-5403139520378,0,2316410435684,0,184379097584,0,-67654443028,0,3521910084,0,-65783936,0,454454,0,-1172,0,1 # steer t=16114 want_r=16 k=2 base=12T16
4096,0,-98304,0,-352256,0,7321600,0,-19078400,0,810496,0,16883456,0,202624,0,-1192400,0,114400,0,-1376,0,-96,0,1 # steer t=16114 want_r=16 k=2 base=12T16
2580200311613441024,0,-30408298136131026944,0,-31742883351348103040,0,30661957444478408832,0,3448360402800724720,0,-2325210743876774272,0,181791155157941968,0,-4081870153185648,0,23284692441196,0,-38614431784,0,-2300272,0,6188,0,1 # steer t=16114 want_r=16 k=2 base=12T16
2086517170321,0,-1014193637971440,0,-1642402774143360,0,-452603904489868,0,30573038839320,0,17141981787720,0,41598721014,0,-140796216000,0,5314839840,0,-72750412,0,423240,0,-1080,0,1 # steer t=16114 want_r=16 k=2 base=12T16
16036749839205139456,0,484491019496392541184,0,-82297572647521003008,0,-140371172027761994752,0,-25247330132347886832,0,142479632941432848,0,176849197125359028,0,-4713275439518652,0,27360328483593,0,-56310993652,0,39523962,0,-10776,0,1 # steer t=16114 want_r=16 k=2 base=12T16
853593956645532219259904,0,862633485352543817192448,0,-200236626736772889146112,0,17217045102023049102080,0,-734448149553547283072,0,15743723765828704320,0,-125879574833374224,0,-676083743007504,0,10234611147396,0,39989793744,0,1504478,0,-6948,0,1 # steer t=16114 want_r=16 k=2 base=12T16
174408270011361,0,5851040310215088,0,-13976696675761606,0,10344698230080960,0,-1339005890279345,0,-1316240762589152,0,347948357597164,0,26947296142912,0,-2628877356305,0,19895423920,0,-26726726,0,-16768,0,1 # steer t=16114 want_r=16 k=2 base=12T16
1613172262404496,0,5074494812348976,0,-2110576393587324,0,279946789809268,0,-11811844006569,0,-424355860152,0,48662448774,0,-756137376,0,-37303425,0,1188520,0,-2232,0,-156,0,1 # steer t=16114 want_r=16 k=2 base=12T16
728476500800021724,0,-4892709123110064960,0,-9064114613217672048,0,59807225525631008040,0,98523392652374399100,0,-25632165607315969680,0,-40076684210878543040,0,12381892757644433760,0,-383887469315689700,0,445113400329180,0,-75760710188,0,-1618980,0,1 # steer t=16114 want_r=16 k=2 base=12T16
343421433243988597201,0,505590539860749050928,0,-125486806769161627152,0,8924135050155738380,0,-295987424890292136,0,4981409669676456,0,-34075177907466,0,-140969014848,0,3411365616,0,-9562228,0,-79416,0,264,0,1 # steer t=16114 want_r=16 k=2 base=12T16
2076055364493584,0,1602257034875616,0,-1421500497703152,0,189781688510880,0,61762335103440,0,-18848827153344,0,937683227944,0,232861260072,0,-36001833900,0,1798164560,0,-25938912,0,-6708,0,1 # steer t=16114 want_r=16 k=2 base=12T16
10488502257647881,0,185782265758720908,0,-184918011916068174,0,-350766807686114260,0,84953480467124835,0,123422209155411768,0,-7506101589149496,0,-7248740131606752,0,417686390982135,0,-1348956937060,0,954221526,0,-109212,0,1 # steer t=16114 want_r=16 k=2 base=12T16
10021660177077286336,0,-54434254530208472227520,0,-358068912581432788674464,0,578167687494952638587848,0,-119158614634992284732735,0,-4071223494091065458516,0,1020008703371035861606,0,-23896458542272086996,0,66325784961306095,0,-50124199700612,0,2603370526,0,117680,0,1 # steer t=16114 want_r=16 k=2 base=12T16
4,0,-104,0,38,0,720,0,-1109,0,52,0,878,0,-536,0,-15,0,92,0,-16,0,-4,0,1 # steer t=16114 want_r=16 k=2 base=12T16
232087775092083994226049,0,2939013892563603134310,0,-190126945692293307998067,0,124468829857314291776310,0,-37254665552717273428260,0,6109077860984952033390,0,-554568003481784200235,0,25108589129165121650,0,-400059316529869340,0,448195835698890,0,-75727079267,0,-1618990,0,1 # steer t=16114 want_r=20 k=2 base=12T16
163083950609422529,0,1085782517815781362,0,-46991366494989509703,0,-32809459045561028910,0,452875531512404136670,0,-429719899848177667838,0,128274606509658944521,0,-11518530926438873114,0,179319588569886880,0,-189635231553190,0,38951950947,0,-956594,0,1 # steer t=16114 want_r=20 k=2 base=12T16
3342143812726741441,0,39097282278082656848,0,-14069203833028238826,0,1758496600936505672,0,-112299305123081297,0,4141326619310656,0,-89996145293612,0,1054656708304,0,-3679031377,0,-51412432,0,552054,0,-1368,0,1 # steer t=16114 want_r=20 k=2 base=12T16
2037264154294662452464,0,3669740517768375030464,0,-1437363399920751279272,0,162076949479603541408,0,1047696578461742551,0,-1698461464644665204,0,154601227060787094,0,-6453086784619928,0,132397599870955,0,-1094921468596,0,670534232,0,-50160,0,1 # steer t=16114 want_r=20 k=2 base=12T16
8296651590651009,0,-3788215025418642,0,-8105373501176833,0,9005474834035370,0,-3960801373828210,0,928609284315038,0,-122259545597319,0,8651767921694,0,-281353045690,0,2837296050,0,-6174313,0,-8466,0,1 # steer t=16114 want_r=20 k=2 base=12T16
407830914198430839,0,473165554610249676,0,-6918675095064159972,0,15604585842367218840,0,-16411040380120336525,0,9194889769107624536,0,-2678610747594174236,0,333399543336310192,0,-5528823593157455,0,9386202091820,0,-2766465352,0,-238888,0,1 # steer t=16114 want_r=20 k=2 base=12T16
9092436780358320804,0,10516656185420275944,0,-22311173311594881732,0,13170067512494587200,0,-3703102687999319940,0,509968659916970064,0,-21977448634555456,0,-2144561206366052,0,223550940130210,0,-2965279456700,0,4139618388,0,-363732,0,1 # steer t=16114 want_r=20 k=2 base=12T16
29678609291536,0,53496616438704,0,-3723322573860,0,-7693528249436,0,2424117466377,0,-349966375056,0,30121385010,0,-1685821752,0,63250695,0,-1585508,0,25554,0,-240,0,1 # steer t=16114 want_r=20 k=2 base=12T16
16784201344547754396,0,-2515541712164515104,0,-45072991911719525624,0,55636991741449808040,0,-29464361289573795620,0,8177486989370497496,0,-1212281581755039464,0,88193471254440176,0,-2382842648437520,0,6597981666860,0,-3193080674,0,-197724,0,1 # steer t=16114 want_r=20 k=2 base=12T16
8239360503151467729,0,-81832315035049338942,0,-1709214858697243789863,0,2138581237397706107730,0,7290208961381585691990,0,-7603021975357434641022,0,1940852095462281058741,0,-112579301606728624126,0,1162651109621928850,0,-776737671281430,0,100029914677,0,-1489726,0,1 # steer t=16114 want_r=20 k=2 base=12T16
410346809347862609,0,772871120379363544,0,-4199720907666043262,0,2971619655228624760,0,1474348809936066055,0,-1987152438900084336,0,557031354412189524,0,-40770964444874992,0,672880572346455,0,-1671288757480,0,1024038218,0,-110792,0,1 # steer t=16114 want_r=20 k=2 base=12T16
623012973430321081081,0,-1717665701692267626534,0,245483503466385265511,0,2614490435865008514430,0,-2152820610329425922380,0,118324615877236640546,0,351994322000361896231,0,-88037098245496324954,0,944931819333160580,0,-650192327646830,0,87455543351,0,-1439154,0,1 # steer t=16114 want_r=20 k=2 base=12T16
233162521015041,0,239678741229948,0,-196616986097454,0,55630602181260,0,-8551397798865,0,813269747448,0,-50103805316,0,1994356728,0,-48120785,0,544140,0,2386,0,-132,0,1 # steer t=16114 want_r=20 k=2 base=12T16
6214380143756481,0,-773432269351674,0,-3931564704358799,0,2690824605111350,0,-815403021201160,0,136419301225386,0,-13036630842169,0,670584035806,0,-15132667890,0,59117170,0,819791,0,-4334,0,1 # steer t=16114 want_r=20 k=2 base=12T16
2458025427637476,0,-10910501348472,0,-5581129566231324,0,6177930513932520,0,-3143642226759360,0,896840022520728,0,-149263713720896,0,13955454663748,0,-637643307570,0,9405690960,0,-31696854,0,-10732,0,1 # steer t=16114 want_r=20 k=2 base=12T16
77041,0,264916,0,-324340,0,-598620,0,1406350,0,-1254944,0,650198,0,-217904,0,48936,0,-7348,0,710,0,-40,0,1 # steer t=16114 want_r=20 k=2 base=12T16
69961904368999,0,-1154996713321898,0,-2191384107714243,0,37961744965251910,0,-76257848758719400,0,16941696991391962,0,37499695936009761,0,-16881552315874154,0,458439609052610,0,-1341008036870,0,919223127,0,-107294,0,1 # steer t=16114 want_r=20 k=2 base=12T16
7467906546350001,0,12436231411497546,0,-15267524647297221,0,6511862798533170,0,-1472222059564050,0,196662472139466,0,-15857993706119,0,745024580754,0,-18336683890,0,184783850,0,-394061,0,-1846,0,1 # steer t=16114 want_r=20 k=2 base=12T16
170474003169161,0,-588236990152172,0,437516412876266,0,835439263918420,0,-1897974625703425,0,1555001056036968,0,-612928817337556,0,104389454764808,0,-3701159250345,0,21723581700,0,-23288054,0,-17372,0,1 # steer t=16114 want_r=20 k=2 base=12T16
45855822162322696448025,0,61893759046640638099500,0,-56829284441867266169750,0,18140378565714925958700,0,-3019252372165575579425,0,287817525731532613400,0,-15638933847738673940,0,440768141387703800,0,-4889978791757465,0,8807093684540,0,-2883042230,0,-234660,0,1 # steer t=16114 want_r=20 k=2 base=12T16
57251996,0,4705064712,0,-627397442676,0,3788959496080,0,125770162380800,0,-1226960212556368,0,2250460642452404,0,-567235152629452,0,21990404490230,0,-119504123460,0,163710374,0,-42472,0,1 # steer t=16114 want_r=20 k=2 base=12T16
12585144134529,0,17086152329010,0,-13020754630527,0,3605733297090,0,-533190621870,0,45436040370,0,-1996931475,0,765450,0,5282010,0,-318870,0,9513,0,-150,0,1 # steer t=16114 want_r=20 k=2 base=12T16
4782969,0,-414523980,0,10550166732,0,-85119133500,0,243544943295,0,-64966890780,0,-567752256720,0,385076661660,0,-18198016065,0,151810200,0,131112,0,-2640,0,1 # steer t=16114 want_r=20 k=2 base=12T16
132038817763822815249,0,-157729034542027884480,0,-24790075430960601432,0,135059192457023303640,0,-93529347219992643345,0,30761034115506574140,0,-5280810090758947600,0,429897872965286500,0,-11013635641718425,0,19891649412980,0,-5835560252,0,-331820,0,1 # steer t=16114 want_r=20 k=2 base=12T16
568430600173879,0,2022329268085032,0,-3809338787674738,0,2451296601622720,0,-751903873928225,0,101214730749492,0,1323885138756,0,-2047660966204,0,217508926065,0,-7335989540,0,44781202,0,-27724,0,1 # steer t=16114 want_r=20 k=2 base=12T16
526876763385936757249,0,-1400510662102086339090,0,1571313234755181234457,0,-963318149857713034390,0,348366528444914054590,0,-74559455395897300570,0,8918295028128533105,0,-515422158403195750,0,10505363418154630,0,-23046484362610,0,9928112497,0,-473550,0,1 # steer t=16114 want_r=24 k=1 base=12T16
26630570436038125727216,0,-76496302053439120110480,0,84967561811234430595476,0,-46024247748810789889988,0,12436532667745403636815,0,-1498137574187691094984,0,58211051240619128256,0,-657305654810567284,0,1585539548556385,0,-1292477907948,0,315751186,0,-30180,0,1 # steer t=16114 want_r=24 k=1 base=12T16
6131519168727833001449,0,-29155789377560578778870,0,56906267932319050297073,0,-58282517921797255920870,0,33086701913810497638270,0,-10021138734981621398110,0,1396547806380847415605,0,-62305908478273590390,0,721348771996769890,0,-586222412684270,0,89106178453,0,-1406030,0,1 # steer t=16114 want_r=24 k=1 base=12T16
17644378249,0,-35732615712,0,31143126562,0,-15726339040,0,5176859935,0,-1177790272,0,190703996,0,-22207936,0,1849975,0,-107680,0,4162,0,-96,0,1 # steer t=16114 want_r=24 k=1 base=12T16
235556648854081,0,-1362253951721008,0,3350434958535466,0,-4546608363006920,0,3688014690741975,0,-1805529489215728,0,509888891919684,0,-73529743958208,0,4065161676055,0,-38891816000,0,89673266,0,-34008,0,1 # steer t=16114 want_r=24 k=1 base=12T16
15091518321467660840444,0,-16246099132917113932640,0,2947248768732346211822,0,-173761487418589810200,0,5366093211638572551,0,-102607443909294800,0,1310294952522712,0,-11563265302580,0,71098669755,0,-300036080,0,830446,0,-1360,0,1 # steer t=16114 want_r=24 k=1 base=12T16
47969381410762517403584,0,-96369878688605723215232,0,73917892345027091666488,0,-27730148400052166921608,0,5468972542990033759297,0,-559040937165258354396,0,26652256044220014434,0,-449575273128579752,0,1553395503486483,0,-1708612907424,0,432265938,0,-36724,0,1 # steer t=16114 want_r=24 k=1 base=12T16
39203791997423855369,0,-122015533001103577062,0,161632497929162599617,0,-118335093941924522730,0,51965971616143424150,0,-13873038602673714262,0,2170183968812055601,0,-179629883183956106,0,6133271003953990,0,-18658846405910,0,10007477297,0,-457306,0,1 # steer t=16114 want_r=24 k=1 base=12T16
172848342912409,0,-528658120345434,0,697662818160113,0,-518383290040650,0,236978612495890,0,-68231460639514,0,12114237255289,0,-1231751664238,0,60394827730,0,-938585790,0,4637233,0,-5678,0,1 # steer t=16114 want_r=24 k=1 base=12T16
50175373201,0,-219926338394,0,406367279041,0,-411587133010,0,248955332730,0,-92003394554,0,20483754261,0,-2630045394,0,181702930,0,-6174250,0,96281,0,-594,0,1 # steer t=16114 want_r=24 k=1 base=12T16
12944354166441,0,-71147688583644,0,164664341086554,0,-207592322606460,0,153801318042495,0,-67198609394424,0,16408244991436,0,-1972634355096,0,94261891895,0,-1270663340,0,5434234,0,-5996,0,1 # steer t=16114 want_r=24 k=1 base=12T16
43574635729084401,0,-105439838855789934,0,105946442085306141,0,-58161096939348810,0,19278738726599610,0,-3998175188392134,0,514960233896101,0,-38946782684774,0,1495183838810,0,-19473750890,0,64558781,0,-30734,0,1 # steer t=16114 want_r=24 k=1 base=12T16
21672665894716180969,0,-62455080605812947618,0,76111937363169022897,0,-50728114030055862830,0,19919364402930625450,0,-4602538864444049618,0,584334073603744001,0,-34088701564975814,0,597047727448300,0,-1565364207590,0,997650787,0,-110214,0,1 # steer t=16114 want_r=24 k=1 base=12T16
140588112349427991952401,0,-445751018851492215742848,0,574921176396783329220556,0,-387234228155561267760880,0,145161815414802944966975,0,-29712507582389189156868,0,2988339028197816656024,0,-110964150834312915668,0,935032827400540695,0,-654798860900300,0,90019730456,0,-1428428,0,1 # steer t=16114 want_r=24 k=1 base=12T16
65743090508199191184,0,-171988309008463462272,0,181883042587669881312,0,-101543008252020765120,0,32535233188222180320,0,-6047700659855385552,0,622114643214309736,0,-31116227407996416,0,561297586160200,0,-1522408226640,0,992058052,0,-110076,0,1 # steer t=16114 want_r=24 k=1 base=12T16
106524263381281,0,-315438594888248,0,394303675288966,0,-270647631823560,0,111129959041135,0,-27878732407048,0,4184499314884,0,-352125976408,0,14611945615,0,-245730240,0,1579046,0,-3168,0,1 # steer t=16114 want_r=24 k=1 base=12T16
21662033500535261489199,0,-80672157421680363422418,0,124777805971304851690977,0,-103358647348157818708710,0,49155865993450429169860,0,-13282648461763942202498,0,1862688575902579204801,0,-105291954290761487174,0,1049544390228586870,0,-683110957474430,0,87367638727,0,-1539254,0,1 # steer t=16114 want_r=24 k=1 base=12T16
3621274469275297761,0,-13063823805333822678,0,19173384031405918149,0,-14656101068283994170,0,6199903752157816290,0,-1425487949411133438,0,164654985074946949,0,-8366507429848062,0,151575598157650,0,-525748296570,0,466270069,0,-74262,0,1 # steer t=16114 want_r=24 k=1 base=12T16
1351444657,0,-3535777188,0,4021945794,0,-2647438788,0,1127547855,0,-328132872,0,67012764,0,-9688680,0,985311,0,-68820,0,3138,0,-84,0,1 # steer t=16128 want_r=24 k=1 base=12T34
2945872232572519762,0,-2918141267603175336,0,635039653512715107,0,-68306119354609428,0,4472717422568808,0,-194952180570018,0,5903545097323,0,-126358603332,0,1908163641,0,-19898502,0,136338,0,-552,0,1 # steer t=16128 want_r=24 k=1 base=12T34
2589293825464,0,-5793335679456,0,5001002029620,0,-2170784629128,0,536331080016,0,-82215850428,0,8264235822,0,-561497400,0,26022087,0,-812112,0,16350,0,-192,0,1 # steer t=16128 want_r=24 k=1 base=12T34
257903998,0,-700662600,0,842012160,0,-595529330,0,277309494,0,-89854842,0,20824595,0,-3484602,0,418419,0,-35200,0,1971,0,-66,0,1 # steer t=16128 want_r=24 k=1 base=12T34
109883799079322512228352,0,-233461702195200501301248,0,182951841902201692649472,0,-64902972659901281660928,0,10340787961879134572928,0,-623617547421157102272,0,14517740961434954440,0,-109698948195633888,0,304891384880640,0,-255259418488,0,93111120,0,-15672,0,1 # steer t=16128 want_r=24 k=1 base=12T34
258450667170972849598761,0,-292151922362204036370822,0,107840346606191787208155,0,-16146356658057200987946,0,1068104302731075798315,0,-30837166853690748588,0,429915053677305674,0,-2996938485135612,0,10363039516899,0,-17253761150,0,14588739,0,-6090,0,1 # steer t=16128 want_r=24 k=1 base=12T34
29137110950288602311552,0,-37295221338282532742784,0,14832552061215973791225,0,-2284310983428986538996,0,157316741918536649622,0,-5048757899536531314,0,82301574509799913,0,-701723861986452,0,3078134980257,0,-6784603770,0,7758774,0,-4428,0,1 # steer t=16128 want_r=24 k=1 base=12T34
85819324959296,0,-152805876548928,0,102589670896080,0,-33579158250272,0,6102322967868,0,-683188347900,0,50211692019,0,-2504260074,0,85568475,0,-1976576,0,29541,0,-258,0,1 # steer t=16128 want_r=24 k=1 base=12T34
421828902930263651848,0,-373688157582227273856,0,54615898628665487940,0,-3834629998050173576,0,162336916049449554,0,-4552257417021792,0,88405550648799,0,-1210569887214,0,11671953669,0,-77574308,0,338205,0,-870,0,1 # steer t=16128 want_r=24 k=1 base=12T34
36470775808,0,-81218764800,0,72149667840,0,-35639516160,0,11184612864,0,-2383444224,0,356841920,0,-38045376,0,2878704,0,-151200,0,5244,0,-108,0,1 # steer t=16128 want_r=24 k=1 base=12T34
1360820712326184529793,0,-2386310013499340915328,0,1397183818595061845946,0,-335118675914091464128,0,35387763227328960015,0,-1602874361164148736,0,34706691019547756,0,-372834590823552,0,1972863355023,0,-4990346112,0,6389178,0,-4032,0,1 # steer t=16128 want_r=24 k=1 base=12T34
296032105324304033881,0,-820835607860020176648,0,968334094533603662658,0,-633153673812335898712,0,250031672865133417503,0,-60712294336688031696,0,8772032438165882076,0,-679639740047043120,0,21253580542473255,0,-37875022720936,0,5056403010,0,-182520,0,1 # steer t=16128 want_r=24 k=1 base=12T34
227882300633206663952,0,-236493847043924813232,0,36307726207976066460,0,-2658049362225509968,0,117129439307092896,0,-3417547246110900,0,69062638528272,0,-984367971504,0,9882964917,0,-68427478,0,310929,0,-834,0,1 # steer t=16128 want_r=24 k=1 base=12T34
34054750572024692736,0,-37306579873396948992,0,13254147365902221312,0,-1883665001079226368,0,128908311329120256,0,-4821237758982144,0,109428487458880,0,-1601911334400,0,15534229248,0,-99549680,0,406464,0,-960,0,1 # steer t=16128 want_r=24 k=1 base=12T34
1154932,0,-6482760,0,15879912,0,-22316144,0,19907136,0,-11788608,0,4713173,0,-1270194,0,226719,0,-25876,0,1779,0,-66,0,1 # steer t=16128 want_r=24 k=1 base=12T34
5668386963902137630976,0,-8017495000144404933120,0,3278025745295586455040,0,-493056223093258510496,0,33979447456742095032,0,-1168234699327164696,0,21149091627216231,0,-205568613574182,0,1066892649135,0,-2990628116,0,4511985,0,-3414,0,1 # steer t=16128 want_r=24 k=1 base=12T34
15981632788097978368,0,-39118297064667795456,0,39026115570404155392,0,-20254274206647123968,0,5773788958190612736,0,-876711802730838528,0,64668808313687936,0,-2254372724338560,0,33930343371792,0,-162578342608,0,115205160,0,-24504,0,1 # steer t=16128 want_r=24 k=1 base=12T34
129994675792,0,-463124231520,0,716622712224,0,-629851299200,0,344962716432,0,-121392011328,0,27248108312,0,-3730868472,0,282091080,0,-9682288,0,126756,0,-648,0,1 # steer t=16128 want_r=24 k=1 base=12T34
1346791733258457600,0,-3093657211407720960,0,2569749662719498176,0,-963683137434419712,0,171624700545637752,0,-14211368315876232,0,583940529092465,0,-12149934942390,0,126129040551,0,-631807484,0,1608399,0,-2022,0,1 # steer t=16128 want_r=24 k=1 base=12T34
164105050744,0,-388372507296,0,380185712580,0,-204412146584,0,67348814832,0,-14336785908,0,2021977626,0,-190332468,0,11876823,0,-480452,0,12018,0,-168,0,1 # steer t=16128 want_r=24 k=1 base=12T34
5619564205272637,0,-24872235965245596,0,45158993370545106,0,-43169516905643500,0,23191858834140051,0,-6940734802376328,0,1094391724472880,0,-84950018000784,0,2745607655439,0,-19442607724,0,25835358,0,-10740,0,1 # steer t=16128 want_r=24 k=1 base=12T34
1491589620019837067264,0,-1532342592071244656640,0,539514334789174829568,0,-87985939660098923520,0,7165336929723125952,0,-292288692812649024,0,6292906089048280,0,-73358668021872,0,463529616423,0,-1574893036,0,2884704,0,-2688,0,1 # steer t=16128 want_r=24 k=1 base=12T34
3264422500,0,-12915521400,0,21390772152,0,-19343395408,0,10481983452,0,-3535991964,0,752932617,0,-101084742,0,8417043,0,-420232,0,11919,0,-174,0,1 # steer t=16128 want_r=24 k=1 base=12T34
11986873183119286,0,-24809683068036960,0,20907571841695974,0,-9372338103041510,0,2437085158222698,0,-375402213335826,0,33661385272599,0,-1671896360142,0,41315293197,0,-405503276,0,1505127,0,-2202,0,1 # steer t=16128 want_r=24 k=1 base=12T34
1157631238929412,0,-5998634366015616,0,12863746163368836,0,-14672728801786184,0,9514406515035408,0,-3477473745273744,0,674750479971245,0,-64166873006838,0,2488184258163,0,-18820911700,0,25441767,0,-10686,0,1 # steer t=16128 want_r=24 k=1 base=12T34
319340096485866364,0,1236153463822540416,0,-219952211466071560,0,12996390793436840,0,-109493482900816,0,-20519295777254,0,897153554597,0,-9191048260,0,-280700693,0,8857818,0,-83285,0,136,0,1 # steer t=16260 want_r=16 k=1 base=12T160
975015637504,0,3252342801408,0,-213667464448,0,-3453344597760,0,-56463764960,0,483974640640,0,-114837589376,0,11240007808,0,-508505408,0,8915424,0,1288,0,-712,0,1 # steer t=16260 want_r=16 k=1 base=12T160
4292505962639116332417,0,10602473860399732758540,0,-3286346567272226973918,0,370169489780733301020,0,-18362031742940320017,0,268197058348997400,0,9130516888248540,0,-340399703873640,0,2602747822447,0,5197844700,0,-34642398,0,-180,0,1 # steer t=16260 want_r=16 k=1 base=12T160
8965897744223620318576,0,8997524746800994408640,0,-842001912679976016208,0,28690934020631713256,0,-369508141961318864,0,-2215915234026224,0,123873865978411,0,-1301197035048,0,964777967,0,79208248,0,-564799,0,1080,0,1 # steer t=16260 want_r=16 k=1 base=12T160
225020962570002304,0,3385989070874364672,0,-1495053940461733056,0,194918092799437760,0,-11802655785426696,0,360249639323328,0,-4363974134400,0,-41991050592,0,1839394512,0,-16297504,0,-16128,0,552,0,1 # steer t=16260 want_r=16 k=1 base=12T160
2590607200923992419,0,17565512041102415442,0,-1653884277013391904,0,2723027952803350,0,5434909076210679,0,-286440334832052,0,6628501306068,0,-66580527348,0,-90295803,0,8058322,0,-55956,0,-18,0,1 # steer t=16260 want_r=16 k=1 base=12T160
2882178543284260934209,0,6655314021203025755484,0,-1011376089219329431830,0,56606349056663053372,0,-1284021924141906945,0,-2080363276711944,0,671027103404844,0,-12182256273960,0,68222706111,0,186464620,0,-2139798,0,684,0,1 # steer t=16260 want_r=16 k=1 base=12T160
124898863989084978806784,0,330070970225989825363968,0,-25129676031507950768128,0,737928721684641592576,0,-9569789126618768056,0,17035872534851264,0,1047575197877984,0,-12659851952512,0,47967733688,0,113819264,0,-1361104,0,2688,0,1 # steer t=16260 want_r=16 k=1 base=12T160
16094707377555774377,0,44484287804474264900,0,-6658796887093247798,0,278420657715650500,0,3445709742818495,0,-547065075529400,0,11828357465196,0,61580237800,0,-5309463689,0,65312500,0,-233750,0,-300,0,1 # steer t=16260 want_r=16 k=1 base=12T160
99721332325,0,1198893504440,0,4249841425726,0,3782422934896,0,95486666711,0,-499131670704,0,95986307604,0,-7787251648,0,325829475,0,-7367368,0,87822,0,-496,0,1 # steer t=16260 want_r=16 k=1 base=12T160
34117099849733104912,0,36706539375438773952,0,-5766562870746659728,0,295204209519728168,0,-3141676621249380,0,-242942215801212,0,9192092944725,0,-79022698022,0,-1608758069,0,38305192,0,-238637,0,82,0,1 # steer t=16260 want_r=16 k=1 base=12T160
60589154243244836303649,0,50434267713792048084420,0,-10972839224856770203662,0,900194433249851643780,0,-37453394988935018613,0,792152177277043944,0,-5371984756657716,0,-96056466320280,0,1942853559067,0,-8167151676,0,-21177702,0,7044,0,1 # steer t=16260 want_r=16 k=1 base=12T160
38293553901176453714804,0,39706407952973379372424,0,-5722211790997105792620,0,283830341374794849336,0,-5113027842336177504,0,-31003641940614610,0,2220730422035093,0,-20376316300792,0,-79438746445,0,1735026910,0,-5554577,0,-372,0,1 # steer t=16260 want_r=16 k=1 base=12T160
12856423617,0,9198235500,0,-16961795806,0,7011791932,0,-829607545,0,-176055208,0,65315036,0,-7055656,0,104039,0,34652,0,-2158,0,12,0,1 # steer t=16260 want_r=16 k=1 base=12T160
110914291031532226349697,0,21581667539273545615212,0,-489119114396444131862750,0,-241764353009162117238260,0,-35780511410199730888789,0,-1043988121669062917704,0,73301175777002130572,0,-941792854109168584,0,3593828625562715,0,-4662996991060,0,1744029674,0,-84212,0,1 # steer t=16260 want_r=16 k=1 base=12T160
81365307718244305481009,0,109257239748563115648260,0,-21880026056934254576726,0,1622594931663620039844,0,-55099117024988059265,0,621413439734143496,0,11892466199102572,0,-394412974528984,0,3052353438991,0,1359043252,0,-34534230,0,756,0,1 # steer t=16260 want_r=16 k=1 base=12T160
2817462206369694033664,0,3785309101757196549632,0,-1188899634926707191680,0,137006275080269531520,0,-7517047177465886480,0,172867594803145600,0,974610997957600,0,-120143343653888,0,1667520039544,0,-873499488,0,-28892656,0,840,0,1 # steer t=16260 want_r=16 k=1 base=12T160
713968321568688318208,0,719756895960760568704,0,-69728976725732371008,0,1283291407948944288,0,66101197002733368,0,-2944902679834432,0,24005672464235,0,646820635898,0,-14996082493,0,110012268,0,-229947,0,-462,0,1 # steer t=16260 want_r=16 k=1 base=12T160
26891955273728,0,484055194927104,0,-7552190395199488,0,-88115074673648128,0,870048476324875392,0,127864680746139616,0,-11906297340929851,0,-1162252206966902,0,13588660257271,0,-43496865860,0,49053859,0,-15942,0,1 # steer t=16260 want_r=16 k=1 base=12T160
445226395623488,0,935907035012224,0,-134557875079152,0,-21326584881248,0,4372780586996,0,-81422701552,0,-25724455773,0,2025565436,0,-55073337,0,270408,0,13445,0,-228,0,1 # steer t=16260 want_r=16 k=1 base=12T160
