# IGP24 block wave: imprimitivity quotient steering of thin pairs.
659381808554416881,0,2854877551105489632,0,4784178381439508460,0,3968069220265364676,0,1711748441596502664,0,359904125740460724,0,25951388806536957,0,-836097407085564,0,7010434107640,0,-18303950546,0,18926324,0,-7528,0,1 # block t=3915 q=12T48 r=12 k=2
525578637406031822848,0,35767942101336389300224,0,85462138098988567562496,0,63142737025915657685952,0,9911453405437687135388,0,-3018732632467491901572,0,152569182242247350333,0,-1855094990518105963,0,6875719861420314,0,-5674013264083,0,-402340454,0,39565,0,1 # block t=3915 q=12T48 r=12 k=2
1250546310571,0,461099363138,0,-4507243529608,0,5017778316150,0,-2522540252749,0,640345102740,0,-70650551960,0,25528812,0,362416097,0,11967306,0,138464,0,638,0,1 # block t=3915 q=12T139 r=12 k=2
11545,0,433830,0,-1672659,0,-1027750,0,1093572,0,694818,0,-14907,0,-50670,0,-702,0,1520,0,-21,0,-18,0,1 # block t=3915 q=12T48 r=12 k=2
19019297084521869,0,18147303502200504,0,-19280200446818019,0,4995327728301156,0,-170062737010938,0,-119110120260336,0,19346453205381,0,-1032867808344,0,11639436750,0,81637524,0,-1129995,0,-1392,0,1 # block t=3915 q=12T48 r=16 k=2
413879275,0,-11840620670,0,110564468772,0,-203159706897,0,-2573117899544,0,14530505322065,0,-19616832950205,0,-9337030952653,0,-143930917285,0,-115342078,0,2197214,0,-2892,0,1 # block t=3915 q=12T139 r=16 k=2
4096,0,20480,0,-78848,0,-24576,0,197120,0,-113920,0,-3136,0,17408,0,-3872,0,-240,0,188,0,-24,0,1 # block t=3915 q=12T48 r=16 k=2
464345450021108769233,0,6380629391460835175156,0,21732616463930226230154,0,26576465612334540969676,0,8796237681209756415431,0,-1924433748128846870952,0,112473062843579842132,0,-2520044389893291592,0,22228865809834039,0,-56703743183500,0,32759164386,0,-422212,0,1 # block t=3915 q=12T48 r=16 k=2
96662172080713,0,805706270589192,0,-9685695387420785,0,-14627205711522042,0,-4126376432428431,0,1786009879684136,0,592739859903854,0,-69628959626451,0,750444769761,0,-3018356489,0,5315424,0,-3958,0,1 # block t=3915 q=12T139 r=16 k=2
3344443276981152203776,0,1323690201797035504128,0,-9061538057908896387456,0,7621252930162517646272,0,-2613256307467352498992,0,355553138327065975488,0,-345612083195979264,0,-2775199547060702992,0,9175844609676220,0,-2745710053792,0,-6799096072,0,-200028,0,1 # block t=3915 q=12T48 r=16 k=2
484735918864,0,3728537215488,0,6215284446720,0,2435062680320,0,-851388433056,0,-240139602144,0,100503467592,0,-12588013440,0,725489424,0,-19879648,0,234792,0,-888,0,1 # block t=3915 q=12T48 r=16 k=2
4066634561400911,0,11604352845737678,0,-7361882109883471,0,1376172589014718,0,-52473888269980,0,-8662993628972,0,557224107737,0,15443318964,0,-558097200,0,-2413314,0,133569,0,-746,0,1 # block t=3915 q=12T48 r=16 k=2
17641301995082525761,0,462371165483969330424,0,-2427615005066925732703,0,1626554506631828507888,0,-404135977973654297007,0,38133521358447838856,0,-81007398618331931,0,-161556545518907680,0,5048169394472681,0,39387743800,0,-984692891,0,-48,0,1 # block t=3915 q=12T48 r=16 k=2
6217119217894724096,0,430541331322307311616,0,-7043106120700943367424,0,-7173911596493631871744,0,28814303364253275506240,0,799519509699055000320,0,-64388896124607446144,0,-554842795290173056,0,48738479987765576,0,-458363860921984,0,109849454492,0,-662764,0,1 # block t=3915 q=12T48 r=16 k=2
95009285467239006208,0,115823212763268784128,0,-24592596202973111808,0,1082811188477074048,0,85628343128670156,0,-9460851419653264,0,268502568576897,0,997519642674,0,-149406708845,0,1017303673,0,17865181,0,-10156,0,1 # block t=3915 q=12T48 r=16 k=2
108655803712514205392,0,1898069780900392555344,0,8982527167491436680652,0,5799845488020857051732,0,-1134600006205164530391,0,-738575648948002522550,0,139262121315567240127,0,-2180489157204996424,0,11477669881591601,0,-21731927119108,0,13563096683,0,-231306,0,1 # block t=3915 q=12T139 r=16 k=2
882701749,0,-15253892496,0,-39222480300,0,177977301858,0,-205532996341,0,97475353752,0,-15650746646,0,-1532062710,0,513994876,0,-2633118,0,-101924,0,78,0,1 # block t=3915 q=12T48 r=16 k=2
70215603179530528528,0,242130476121184262624,0,269248161273512013200,0,65671289495360271328,0,-51111375757288054696,0,-12346121893818759496,0,6383852615587680832,0,-696150234792578616,0,23220159530927688,0,-23877958478788,0,6526430694,0,-157786,0,1 # block t=3915 q=12T48 r=16 k=2
2186551849589229025,0,634689404397381060,0,-1473108021822262127237,0,-45033361951107990586,0,4135440868047808507110,0,-1787100873796784742152,0,282199578030578266383,0,-19020487084999879774,0,461272534250843346,0,64219415206672,0,-42639538625,0,-29226,0,1 # block t=3915 q=12T48 r=16 k=2
450751375,0,1015068900,0,996408165,0,577566049,0,224879094,0,63233982,0,13392276,0,2171511,0,267120,0,24097,0,1497,0,57,0,1 # block t=3916 q=12T64 r=0 k=1
87081509645785030832128,0,60753939494059601289216,0,5971758770336374124544,0,267994466924802906112,0,7073180818377912064,0,122208897145884672,0,1456573955120896,0,12256695825664,0,72980447792,0,301850336,0,826976,0,1352,0,1 # block t=3916 q=12T64 r=0 k=1
4806153161043968256,0,9847995692327955456,0,7452331669224969216,0,2736620110022865152,0,528270522655575936,0,51668458766495616,0,2000857836621152,0,-2754110427264,0,90872804304,0,326964208,0,4937448,0,-24,0,1 # block t=3916 q=12T64 r=0 k=1
5539466422988080952272,0,2670951589631851356544,0,-553609706285032558624,0,39265013031702013312,0,-1216822100051584232,0,7675414748646176,0,546633825874496,0,-15563913431776,0,158531826044,0,-574417504,0,1268228,0,-1544,0,1 # block t=3916 q=12T64 r=0 k=1
205786864156672,0,162082326577152,0,30242879569920,0,2726131007488,0,245364203520,0,12309258240,0,744889344,0,27643392,0,1328112,0,44320,0,1812,0,48,0,1 # block t=3916 q=12T64 r=0 k=1
68889317887632311,0,231159727996411928,0,336974517110743199,0,277483167914483813,0,139852540485571126,0,43327991623996826,0,7705974819943488,0,625221273573647,0,4032987226469,0,6670093768,0,10945318,0,-5327,0,1 # block t=3916 q=12T96 r=0 k=1
230011237581760278027,0,350798451076791547533,0,197773526464042077033,0,56076344305032455868,0,8757139199923193180,0,754061962469043529,0,33865493580234112,0,818557876732449,0,18803299488848,0,-82768898492,0,78115623,0,17361,0,1 # block t=3916 q=12T96 r=0 k=1
460370515000,0,271276288800,0,194232334024,0,113774044352,0,13221745264,0,13819387952,0,-2719213816,0,44551960,0,12679394,0,-665052,0,16242,0,-200,0,1 # block t=3916 q=12T96 r=0 k=1
15818906801,0,31155624408,0,26446105514,0,13027307944,0,4195143628,0,938121888,0,150372140,0,17507024,0,1476573,0,88360,0,3574,0,88,0,1 # block t=3916 q=12T96 r=0 k=1
1562708688645720103,0,1946457186818559472,0,490555340072141140,0,50080763255678820,0,4578541655559079,0,271575356912524,0,13282160879352,0,433181713156,0,9300263182,0,111518188,0,614822,0,-1732,0,1 # block t=3916 q=12T96 r=0 k=1
7976613382424,0,6929167870560,0,-101053540432,0,48773205296,0,29036252476,0,2684600056,0,173496740,0,32259648,0,4097048,0,260288,0,8716,0,148,0,1 # block t=3916 q=12T96 r=0 k=1
16825021482734873,0,12522937065964092,0,-1682568141958806,0,-54178828825860,0,24367052432095,0,1270320670008,0,-8582055956,0,-414606312,0,72364135,0,2957580,0,36426,0,108,0,1 # block t=3916 q=12T96 r=0 k=1
1035065402467379479441,0,1848026497411717469224,0,1266414105667900229342,0,457483030152088893912,0,101688106045111781811,0,13288326622775690264,0,936428631297531056,0,50933577032888,0,3457207049503,0,101813456,0,4667706,0,32,0,1 # block t=3916 q=12T96 r=0 k=1
34085251067486518,0,43617706434053008,0,12775041453509952,0,1885556591287000,0,172375293748630,0,10666222882392,0,466163304132,0,14638479408,0,329656890,0,5210140,0,54970,0,348,0,1 # block t=3916 q=12T64 r=0 k=1
829126822592,0,818967246528,0,257618012640,0,55385522048,0,8119336848,0,1086861888,0,120380768,0,11344128,0,845580,0,48348,0,2262,0,72,0,1 # block t=3916 q=12T64 r=0 k=1
15063528700256930704,0,16914045888843348792,0,-1948451802936504568,0,-10623780493984052938,0,-5452634898386678909,0,-948217543721942194,0,-10673949688649341,0,-103062796043465,0,-635231813153,0,-1286042647,0,912120,0,605,0,1 # block t=3916 q=12T64 r=4 k=1
19995233677128081,0,-30829816609623666,0,16630542405093195,0,-4856675813568974,0,1012523979874707,0,-122855279960244,0,7510543488734,0,-229437046524,0,4884305859,0,4319006,0,-101949,0,-78,0,1 # block t=3916 q=12T64 r=4 k=1
132867810544978407424,0,-399874041005440032768,0,502074333961500862464,0,-337120224629512927232,0,127185029072999876352,0,-25515551687604372480,0,2127150743597499648,0,-183176962897152,0,11452323333648,0,-627192800,0,31359816,0,-24,0,1 # block t=3916 q=12T64 r=4 k=1
17318167736530359810059,0,-7256332118481634859220,0,-965288747763446200754,0,-34114655168572678332,0,408474009516600307,0,62380437198565768,0,1900548027532188,0,27855102360520,0,204966152477,0,697937628,0,1442110,0,1652,0,1 # block t=3916 q=12T64 r=4 k=1
194299834317348659445304,0,-95842124712845686535052,0,-6667635079619768595066,0,-175865761615357376952,0,-1984067144704561543,0,3114379148091216,0,403591727317216,0,5935530679944,0,47659021606,0,237539292,0,734530,0,1296,0,1 # block t=3916 q=12T64 r=4 k=1
2721755103069854107,0,-15489905063169887427,0,37537842723633020172,0,-50143408818713763619,0,39821869919217899187,0,-18785758520207626929,0,4880407613720300619,0,-544574329831802601,0,1780210385338347,0,-1398742934647,0,471926424,0,-40197,0,1 # block t=3916 q=12T96 r=4 k=1
4324,0,-2964,0,-15485,0,23147,0,2689,0,-32941,0,36672,0,-21687,0,7988,0,-1897,0,285,0,-25,0,1 # block t=3916 q=12T96 r=4 k=1
255269928097717423,0,-352817004678381408,0,178291281183876584,0,-45287656770280648,0,6283412148684351,0,-460196447934576,0,14386262329984,0,-39346375560,0,8371209,0,-5884640,0,31448,0,432,0,1 # block t=3916 q=12T96 r=4 k=1
826113629182131884449,0,-840402287415503757632,0,214930687884040425472,0,-2421130820042848216,0,306433319217780347,0,-1135116644996800,0,93564060577392,0,219709967696,0,-13485443285,0,-41072320,0,2053792,0,-24,0,1 # block t=3916 q=12T96 r=4 k=1
9188408838680380259,0,-5314412668525719876,0,172041092599117430,0,-29314405894693404,0,1965950824854906,0,-94448942160576,0,4652017851616,0,-152975757552,0,2811839219,0,-28678692,0,160930,0,-432,0,1 # block t=3916 q=12T96 r=4 k=1
397129589801986183099,0,-311322005051288313860,0,-22210350413568326492,0,45833621998104667500,0,-4765702679273033347,0,-1764503752084634864,0,554298668480175728,0,519690241778200,0,1312061715037,0,-931298628,0,-61372,0,-1596,0,1 # block t=3916 q=12T96 r=4 k=1
33938066275727395785875,0,-93958321817485544243175,0,104495880159405994469420,0,-58927598694610123865521,0,16997476314368399906846,0,-2034806259251557597660,0,1136671241418867933,0,-7238203431120610,0,-28639321409954,0,-139844866246,0,3140605,0,3222,0,1 # block t=3916 q=12T64 r=4 k=1
3069323936536334277068,0,-2781567336741515945044,0,1022697033310430831930,0,-592777958298735183496,0,229363439197542492333,0,-51843360138877366904,0,7013050715017390260,0,13854480367912752,0,288933196682932,0,45020851564,0,23503654,0,3824,0,1 # block t=3916 q=12T64 r=4 k=1
564567533791,0,-910815502476,0,489363059520,0,-146490239588,0,29617027155,0,-4452559200,0,518652420,0,-46852488,0,3199959,0,-158300,0,5316,0,-108,0,1 # block t=3916 q=12T64 r=4 k=1
542477322684332433,0,-443630442345019308,0,46038338314515522,0,-1706717365148604,0,2022240874239,0,1484577850920,0,-6841458404,0,-2771735640,0,130338543,0,-3004348,0,40098,0,-300,0,1 # block t=3916 q=12T64 r=4 k=1
1792370002904881,0,0,0,-2281762396926747737,0,0,0,55974526272092764404,0,0,0,-5852084219701698405,0,0,0,274103209958147,0,0,0,-407142898,0,0,0,1 # block t=3917 q=12T56 r=12 k=0
3530013225313,0,15439683247988,0,-4586844039038,0,-3055687039708,0,667598432495,0,57353581416,0,-9192488740,0,-156475416,0,19202703,0,118820,0,-11838,0,-12,0,1 # block t=3917 q=12T56 r=12 k=0
570591713,0,612887305652,0,-2987824591010355,0,-215136980801325802,0,18008564819879675066,0,5637561461843647692,0,-1674252853635719035,0,-2022748849440378,0,18386500442218,0,8046002092,0,-30988875,0,-866,0,1 # block t=3917 q=12T56 r=12 k=0
100049804243453,0,4293109392176230,0,27358724416484289,0,68075445859870712,0,78778037379164132,0,41864635492016052,0,7933669698556426,0,-177572745622606,0,1408137938636,0,-5049262788,0,8170592,0,-4988,0,1 # block t=3917 q=12T56 r=12 k=0
9140827549,0,4212354894580,0,-10517374905079602,0,-233156872713922332,0,9761092444377474004,0,1103710795044735472,0,-156629367512436139,0,-558975021484416,0,1962773263812,0,3750727912,0,-6295238,0,-1732,0,1 # block t=3917 q=12T56 r=12 k=0
10137174635449,0,0,0,-46591113725520133460,0,0,0,151103467542410095835966,0,0,0,-1577436460223477443470,0,0,0,1794445922615425,0,0,0,-300855250,0,0,0,1 # block t=3917 q=12T56 r=12 k=0
2649337231814694719213,0,38911023237044369274962,0,381010789330081388523,0,-99562400196065913872840,0,46520155286705504067373,0,403816829053436922614,0,-64147054407729934669,0,-51999018136167398,0,236997646722421,0,100628724804,0,-237433269,0,-4062,0,1 # block t=3917 q=12T56 r=12 k=0
2456844285898789741249,0,0,0,-7851650834080760131076,0,0,0,5205951897874959283727,0,0,0,-896295744065359045142,0,0,0,1300266176120945,0,0,0,-268134211,0,0,0,1 # block t=3917 q=12T56 r=12 k=0
3863359223874167221337,0,9031189364305833700374,0,5823173066624307488465,0,1721942074909939434294,0,262362996849482121008,0,19693765666178614018,0,512672535463068491,0,-6371024920727968,0,25089333432021,0,-43768579358,0,34317222,0,-10208,0,1 # block t=3917 q=12T56 r=12 k=0
102686529889185455059757,0,297172298175362684825432,0,84323129650059669274649,0,8622887695870534703140,0,387934902389637982081,0,6628556024194059840,0,-18557731502003285,0,-952000503002476,0,7745755332827,0,-23105743768,0,28012869,0,-9660,0,1 # block t=3917 q=12T56 r=12 k=0
2813629,0,979758234,0,-1593709351605,0,-36845359019406,0,980520714101411,0,697270265366094,0,-18094687517682,0,-3712942058442,0,-65985839324,0,169956030,0,1006965,0,-2598,0,1 # block t=3917 q=12T56 r=12 k=0
1489728409,0,0,0,-26436705113,0,0,0,53237460545,0,0,0,-2363606119,0,0,0,8785689,0,0,0,-9051,0,0,0,1 # block t=3917 q=12T56 r=12 k=0
3289665427320185341,0,8675158554592203808,0,8686004464460619268,0,4369641370555161518,0,1177168887891281823,0,158969186666829140,0,7398301833545141,0,-190869098478814,0,1527145961956,0,-5386012444,0,8513729,0,-5088,0,1 # block t=3917 q=12T56 r=12 k=0
2677672009611557901473,0,9953152917108757114244,0,12182643044392692185626,0,3742463586829253571626,0,-2473683363216348477528,0,-1144531611188982290374,0,163676695178193164604,0,-774196270748132552,0,1336591878458758,0,-1014838388324,0,325720965,0,-32588,0,1 # block t=3917 q=12T56 r=16 k=1
157469943467921,0,13450728390434804,0,-58352370581233680,0,93427283965724848,0,-66382872980813262,0,17120472944396816,0,1144144696084362,0,-555755885833900,0,-9117541955987,0,18038736132,0,3123366,0,-10012,0,1 # block t=3917 q=12T56 r=16 k=1
45657053098351595929,0,284800125717762015564,0,-1986672493088949626345,0,3296226057146459070584,0,-2282901624552189369308,0,705125253886967567722,0,-79911520805997948358,0,-4715147567889866,0,258817307955562,0,3412354134,0,-119380468,0,-44,0,1 # block t=3917 q=12T56 r=16 k=1
37164100960201305047189,0,64348419784081900078964,0,-13997224257891725658343,0,1136851099179755727240,0,-43990801641426306123,0,774881310538135548,0,-3161968068029183,0,-50973923936496,0,238911257877,0,767446460,0,-3467097,0,-264,0,1 # block t=3917 q=12T56 r=16 k=1
235490863145408711,0,2368985518201215220,0,2975549126433751928,0,846264876260878520,0,-167312426269980270,0,-51027292931801870,0,4675977239416164,0,-99612482556092,0,910757862939,0,-3999245598,0,7887520,0,-5046,0,1 # block t=3917 q=12T56 r=16 k=1
17994708792629407,0,31948360801894556,0,3403197676765480,0,-13136539185927468,0,-2432855841009966,0,802966203960390,0,16063178974356,0,-9559107003456,0,363710958467,0,-2485242510,0,5993368,0,-4962,0,1 # block t=3917 q=12T56 r=16 k=1
10639460788976633847961,0,32198955570281324970600,0,23072252760431152165083,0,-16440114878218608991084,0,-25468017366610636905114,0,-6488320062009937714052,0,1023276409968443901131,0,-3553568341603792020,0,4410903919303690,0,-2403325847992,0,556297567,0,-42432,0,1 # block t=3917 q=12T56 r=16 k=1
5366602081046381,0,-12699841695914226,0,3651862522481271,0,11987031894545926,0,-11355554617082070,0,3274177652069518,0,-216854949685010,0,-1162689160418,0,28878141286,0,49449298,0,-742010,0,-108,0,1 # block t=3917 q=12T56 r=16 k=1
28694113369831061573,0,5742916958642647838068,0,-3702130483840969317602,0,940997496836666582628,0,-117565249669479312195,0,7176527537029862788,0,-168502760029408650,0,-144796561899920,0,2575087990486,0,503060320,0,-7184420,0,-84,0,1 # block t=3917 q=12T56 r=16 k=1
4475112522804765184000,0,45439374505205163929600,0,-66818932936023480898560,0,37239768213304378451968,0,-10238135632773566893312,0,1399091176293561911552,0,-76208568896236954624,0,-2925802874481280,0,252848542880320,0,336669040,0,-118750292,0,16,0,1 # block t=3917 q=12T56 r=16 k=1
12760803539570146031,0,64647315527025408176,0,-462048720469358269196,0,928528897556449933252,0,-855633363079123906133,0,374095566395166609804,0,-62344997055713010954,0,-1827427368497832,0,228424950992055,0,1156689970,0,-115668953,0,-12,0,1 # block t=3917 q=12T56 r=16 k=1
1057742456568813861391,0,30607711091604645475750,0,283103426354259728603197,0,902547494550399028477098,0,485342248095425521731848,0,-771819641449734632698168,0,93180174365164496974812,0,-157192495105034286692,0,95661192065169784,0,-25408708801214,0,2830633534,0,-96332,0,1 # block t=3917 q=12T56 r=16 k=1
248565006013570501,0,1144378783972617334,0,2080995185236130009,0,1845117361704225834,0,756415962297705558,0,63876240784112718,0,-38761543278208559,0,-5237409868744466,0,918054702269422,0,-2310192143686,0,1430167345,0,-74218,0,1 # block t=3919 q=12T48 r=12 k=0
46572698690405262400,0,140304182822714252160,0,26388319314447800448,0,-10607890033824188864,0,1071543709996514352,0,-47265601319719488,0,812835346661952,0,4626078880032,0,-298854684468,0,1534559416,0,18620424,0,9060,0,1 # block t=3919 q=12T48 r=12 k=0
20463016401,0,0,0,-268173024756,0,0,0,1051649348188,0,0,0,-1186994647137,0,0,0,1263787520,0,0,0,-100428,0,0,0,1 # block t=3919 q=12T48 r=12 k=0
16384,0,114688,0,211968,0,32768,0,-136192,0,-28032,0,36480,0,1888,0,-4208,0,408,0,116,0,-22,0,1 # block t=3919 q=12T48 r=12 k=0
16153013178775265391,0,228926795001151670460,0,462606298716120027516,0,280763235297667771458,0,67490862979113483670,0,4560312750723312698,0,-517826852765562524,0,-52137546026375054,0,1907006784417891,0,-1987633091200,0,609711580,0,-45746,0,1 # block t=3919 q=12T48 r=12 k=0
23445030479917,0,133775822042510,0,298307309151337,0,320455668352862,0,151817634057334,0,2683970824510,0,-20241283757495,0,-2580553164222,0,997033704750,0,-9274610862,0,23730209,0,-9326,0,1 # block t=3919 q=12T48 r=12 k=0
51473,0,153332,0,69170,0,-119260,0,-62193,0,40168,0,14076,0,-7192,0,-833,0,548,0,-14,0,-12,0,1 # block t=3919 q=12T48 r=12 k=0
9175676159291434297,0,27426541647787582902,0,31292946577917857337,0,17466656410932724922,0,5008099244919263946,0,686585983875576480,0,29800645644373494,0,-983281674034476,0,7895673105408,0,-19825415362,0,19843860,0,-7692,0,1 # block t=3919 q=12T48 r=12 k=0
33683020197557248,0,611027796913228800,0,-36562033415342428339872,0,-53829785005809287443872,0,-16088645853119847962699,0,2760304543126956722892,0,-62276525161578503211,0,-2309398772543650980,0,5903269148401500,0,25082695078440,0,-29365547674,0,-39354,0,1 # block t=3919 q=12T139 r=12 k=0
535385628311094669312,0,-806839101451004921856,0,-2096343385740832364544,0,2290376461646199040512,0,3279150816427306409984,0,-1446728128698606369280,0,-2027684309829785910592,0,-355288607640643456992,0,-480461946031192704,0,-74327097039424,0,11311889924,0,-216316,0,1 # block t=3919 q=12T139 r=12 k=0
22784,0,185129129984,0,-794163173208576,0,19449201202651904,0,-73625925735241984,0,23098831545725056,0,-1896884375974176,0,-41133045914112,0,6673188183712,0,56969302128,0,74821200,0,16728,0,1 # block t=3919 q=12T48 r=12 k=0
448761856,0,0,0,-22190966663100517376,0,0,0,37647236616301429130752,0,0,0,-389285146878837186496,0,0,0,989365092472862752,0,0,0,-54062277276,0,0,0,1 # block t=3919 q=12T48 r=12 k=0
283451024924929,0,1273647452480344,0,1591278618937492,0,409892682808168,0,-38391816312125,0,-22107453152192,0,-885604679668,0,288360793600,0,21094235487,0,-296893592,0,1254720,0,-1960,0,1 # block t=3919 q=12T48 r=12 k=0
929735522559419200,0,4948220403407473600,0,4269030784194683104,0,-9885648892690231776,0,-9159795830387960704,0,4513340527270373488,0,3735517237582108616,0,641185134340023400,0,31972195076389240,0,-16859628734700,0,2570470082,0,-94062,0,1 # block t=3919 q=12T48 r=12 k=0
10938565747635507168400,0,20357986813423626663040,0,-16684987518609418471616,0,-28487173640274854442912,0,9350966257339232977920,0,1243913666772465910816,0,14172809713827321256,0,-874973356200083872,0,6823128084231696,0,-6759410940920,0,-11434040608,0,-117432,0,1 # block t=3919 q=12T48 r=12 k=0
5528464196944123483273,0,44142185683676322398832,0,-19093535088354804645006,0,-18909798247460815433968,0,16834282207007097539727,0,-5386735417266924149664,0,857544584235300600828,0,-67831563208779477216,0,2119691396581804359,0,3746141040560,0,-93653525310,0,-48,0,1 # block t=3919 q=12T48 r=16 k=2
32168796770563513,0,183742109422101568,0,-802016949258246781,0,1063999774973513854,0,-573392366443077074,0,37381109306059356,0,90503250835835915,0,-36032785971160278,0,4274683257379090,0,59245892,0,-433961497,0,14,0,1 # block t=3919 q=12T48 r=16 k=2
20279672667575614332164,0,33161707344630592399008,0,4944765840641501466640,0,-1148249236185194718072,0,75807215920765704960,0,-2343071464934103216,0,32970266315210024,0,-42354294541920,0,-4287424531528,0,42218173372,0,-93991928,0,7504,0,1 # block t=3919 q=12T48 r=16 k=2
861742022683693,0,434148496507156,0,-982651013479218,0,467065179236124,0,-94443662407801,0,6177983897672,0,721776360404,0,-141504431176,0,6988520875,0,-40396316,0,-205314,0,492,0,1 # block t=3919 q=12T48 r=16 k=2
79248716510464,0,-791700878770496,0,-6057994681873744,0,-11385345123621744,0,-2473863015483004,0,10789626674120304,0,6638907930681453,0,-600464625819960,0,13108524137622,0,-68962851490,0,56367436,0,-14790,0,1 # block t=3919 q=12T48 r=16 k=2
21292257896147439,0,42741681503870052,0,-16580078553370428,0,1658157372491130,0,17058471148521,0,-11899362334554,0,771870053682,0,-21834897678,0,248611599,0,803466,0,-39366,0,156,0,1 # block t=3919 q=12T48 r=16 k=2
924769425438283065877,0,3440865754477014132562,0,-5362755503404312230609,0,2702263128079898046208,0,-566720295678297233050,0,32472185855653522446,0,4153938538710941299,0,-465068879403914784,0,9387212887855802,0,593327122202,0,-582754221,0,-4012,0,1 # block t=3919 q=12T48 r=16 k=2
224570441,0,566744748,0,-70372856,0,-454694368,0,274950719,0,-49981000,0,-5748648,0,3939328,0,-690501,0,56132,0,-1824,0,-8,0,1 # block t=3919 q=12T48 r=16 k=2
65784493180113452502793,0,-551493527641092261297464,0,-392810169189706330098574,0,196557398100605760502920,0,-26822056029789894190177,0,1326918966835969376656,0,-18188454561930477924,0,-175339648238830640,0,1004718966870775,0,1291596189608,0,-3278936238,0,-13400,0,1 # block t=3919 q=12T139 r=16 k=2
252389875343392718054713,0,543689542131385803383180,0,369211467412453491568794,0,94259761267848333860028,0,4919702253636978637759,0,-769998140258810104744,0,20180483523704861484,0,-212824129806609576,0,1013779804710887,0,-1897661439844,0,445164634,0,-36500,0,1 # block t=3919 q=12T48 r=16 k=2
584041135107020,0,1409639516612791940,0,-66578216266104474756,0,670721565301099523232,0,-827112822463088236500,0,259642073171230136152,0,8579549327742263612,0,34759929186373426,0,-120150166689332,0,-138805885868,0,353071800,0,-51888,0,1 # block t=3919 q=12T48 r=16 k=2
283235968616288212741,0,135941814749444858726,0,-715887954970754766169,0,-474504926492644574848,0,386069724614236726897,0,342462720532033938966,0,41372755908006947903,0,-8826098446079284686,0,277588784557276637,0,-109295111151172,0,11873281671,0,-208066,0,1 # block t=3919 q=12T48 r=16 k=2
2930306310962483203125,0,-14201926241191475827500,0,-31805465072217051576033,0,71582845425882633297270,0,115645833223091994753738,0,13530022771586554291608,0,-1453105783185161034881,0,-102346364120632714782,0,2062709226415393702,0,-445917069634904,0,20777220715,0,-287986,0,1 # block t=3919 q=12T48 r=16 k=2
11214949722527326,0,36256858141692008,0,-34817333353545352,0,-359443272328944,0,1012161292138812,0,-108528132658036,0,4797510841072,0,-90068723976,0,-43034164,0,29481608,0,-439126,0,2020,0,1 # block t=3919 q=12T48 r=16 k=2
3405959351648711716864,0,5535661130271356344320,0,-479886231972380805120,0,-2552649904971616993792,0,60942935086583823104,0,292123826357452760832,0,-2844037375889697600,0,-8743753984331003456,0,275567430051848848,0,-109152964259368,0,11863048632,0,-208066,0,1 # block t=3919 q=12T48 r=16 k=2
233616055,0,856808586,0,1329795249,0,1162187284,0,653324778,0,258161598,0,74172417,0,15066864,0,1994427,0,152728,0,5706,0,132,0,1 # block t=3922 q=12T148 r=0 k=2
11426138907351223274215,0,8222868438027512384846,0,1318631947894835327051,0,98497068109857759054,0,4139846033658775366,0,105848457941172340,0,1730748172387680,0,19216945343822,0,150078891944,0,740448746,0,2504980,0,2786,0,1 # block t=3922 q=12T148 r=0 k=2
34174232040251,0,49183293462322,0,27190140076678,0,8337657776364,0,1629849572198,0,216729236610,0,20184687905,0,1323841706,0,60112916,0,1802992,0,32396,0,288,0,1 # block t=3922 q=12T148 r=0 k=2
44623,0,182883,0,337278,0,364534,0,250987,0,110858,0,28955,0,2894,0,-521,0,-118,0,28,0,11,0,1 # block t=3922 q=12T148 r=0 k=2
33548176,0,-54333408,0,17321376,0,4093520,0,-1158048,0,581760,0,717936,0,-395424,0,189792,0,-40720,0,6600,0,-120,0,1 # block t=3922 q=12T148 r=0 k=2
46974262146533515997793,0,19935518828133308204376,0,-5442503537506797499626,0,1978505905433724882,0,36883759113280626624,0,1356370516763107236,0,6295503454998687,0,-166075751698686,0,608273794134,0,1792277712,0,2304819,0,-2880,0,1 # block t=3922 q=12T148 r=0 k=2
11148353077248,0,14975220842496,0,7986919636992,0,2383425683456,0,455590950912,0,59623611392,0,5525039424,0,367260352,0,17443856,0,578832,0,12760,0,168,0,1 # block t=3922 q=12T148 r=0 k=2
111889629353584189,0,24439374644597090,0,-17451377321068451,0,3304786982055010,0,-334660924661874,0,21048827664508,0,-864545546345,0,23241144658,0,-390411148,0,3500214,0,-5268,0,-168,0,1 # block t=3922 q=12T148 r=0 k=2
20174569,0,56128028,0,68442885,0,47398062,0,20978514,0,7352968,0,3030288,0,1355536,0,423030,0,70224,0,4314,0,110,0,1 # block t=3922 q=12T148 r=0 k=2
7227488358035027,0,8916305360987784,0,3266312662814217,0,604330828523484,0,66669287693886,0,4680853055984,0,212262631105,0,6029755042,0,95501985,0,467728,0,-7732,0,-68,0,1 # block t=3922 q=12T148 r=0 k=2
332418888477275975,0,357701890934498550,0,130729106722643748,0,23521243593381176,0,2272106309313450,0,112743100528276,0,3150866842186,0,288826484946,0,33574234498,0,1678573546,0,30554963,0,9386,0,1 # block t=3922 q=12T148 r=0 k=2
151552,0,-454656,0,749568,0,-832000,0,656128,0,-376832,0,161216,0,-52352,0,12976,0,-2408,0,316,0,-26,0,1 # block t=3922 q=12T148 r=0 k=2
11779,0,79125,0,238874,0,425862,0,495399,0,392034,0,213319,0,78774,0,18995,0,2786,0,228,0,13,0,1 # block t=3922 q=12T148 r=0 k=2
753472798272,0,1177095048192,0,765982683216,0,285078494304,0,68675509152,0,11373869664,0,1334799729,0,112297590,0,6746085,0,283122,0,7902,0,132,0,1 # block t=3922 q=12T148 r=0 k=2
454558861747359825688,0,821151841816149437568,0,605993105498472925284,0,237669039267753528832,0,53825586765249666537,0,7130960843065254936,0,530473604534637900,0,19736500870051128,0,283188636439542,0,1558835754376,0,2375716584,0,101352,0,1 # block t=3922 q=12T52 r=0 k=2
768458768351065322041,0,666403251248636827422,0,-1688678137495391840595,0,649770545674042853256,0,-22923068407853951016,0,-16321762626195236734,0,515068973860806784,0,153032534133264846,0,5478823120779336,0,42872278192452,0,6902233345,0,291646,0,1 # block t=3922 q=12T52 r=8 k=2
25612995142656,0,16624160761019904,0,2358945765649605888,0,-112022548138390397040,0,-3468170203550961098031,0,-16988944043092106335608,0,-15804090051446603027880,0,-5029675704524176776,0,1392935709023580546,0,299151627293160,0,-1635388658856,0,-315000,0,1 # block t=3922 q=12T52 r=8 k=2
1950962968573723744,0,6674712390904722240,0,5414709714984535872,0,1901041777872829664,0,336907442639230440,0,31711445830152864,0,1583820331837776,0,37857128212176,0,251063109282,0,-2645220124,0,5964870,0,-4344,0,1 # block t=3922 q=12T52 r=8 k=2
69073731426817812696,0,588947193934393273776,0,-220872115286668145664,0,-6484516819980821778888,0,-7222463295346002361770,0,-2514803823280356695496,0,-269109016141931097156,0,1948394624382898776,0,90458241724678302,0,-16483164798456,0,-415064611836,0,108,0,1 # block t=3922 q=12T52 r=8 k=2
343796071936,0,-4594052493824,0,15063350533696,0,10959909702216,0,-67970644468175,0,22244692793950,0,31625293981563,0,7717558378132,0,665734970293,0,17039756224,0,29195651,0,14054,0,1 # block t=3922 q=12T52 r=8 k=2
4380806028554939269,0,112536421832680341780,0,280059151733784927390,0,179405286589190390188,0,-89406892119025003437,0,-135082997673282185112,0,-38252670861176758812,0,-196140626862287112,0,6061969000872927,0,4066719884212,0,-28841785242,0,-6036,0,1 # block t=3922 q=12T52 r=8 k=2
29108518513533,0,41802859956096,0,-4649757290352,0,-5340175047000,0,-298053901881,0,164537282880,0,27480792240,0,1472008464,0,13684059,0,-924480,0,-13824,0,72,0,1 # block t=3922 q=12T52 r=8 k=2
29354433263285633749,0,105785146839952039908,0,-10667363869529531970,0,-381246322906784875604,0,-492319518368531435469,0,-238064701376673556344,0,-39560733940618857468,0,50019881777120088,0,6251619682821807,0,-288513105980,0,-28851310554,0,12,0,1 # block t=3922 q=12T52 r=8 k=2
7003138122167740908589,0,754829381459654040516,0,-34851128896034429475030,0,29269334268615555066020,0,5093283317483438354061,0,-10542271704337500570936,0,2288195744773132213224,0,50463716237235656280,0,321738216960413385,0,591352955153996,0,330274554906,0,1147596,0,1 # block t=3922 q=12T52 r=8 k=2
24460553195601959843809,0,56458376219201011935444,0,33946431077453012641086,0,9192768322985874437644,0,1312167295307437040991,0,104526832950222368232,0,4658076777384639780,0,107805055675936440,0,971203583048511,0,-1198862678396,0,413640990,0,-37380,0,1 # block t=3922 q=12T52 r=8 k=2
447152320528027998,0,1206674357413418568,0,13993262394297336,0,-921262768799614968,0,-531460496545815636,0,-113971484348401680,0,-8847332014580376,0,-26239128088608,0,5285103473871,0,13025562192,0,-220482630,0,-3024,0,1 # block t=3922 q=12T52 r=8 k=2
117015106480896717,0,1923320311115291172,0,7302972652344575856,0,6244985782692887580,0,-2477727525941463177,0,-6839182766430936,0,28010694338466816,0,1300403925168408,0,15588843514971,0,-9781615884,0,-25752624,0,1164,0,1 # block t=3922 q=12T52 r=8 k=2
225436225671783028641313,0,-40202174643772623949966,0,-471993594532050443780733,0,56340265406443406244546,0,217669423037593442206364,0,15510443188892200821768,0,-3486270934773813497644,0,-165404594615766764288,0,7175351695000654872,0,62603776728149974,0,1191276364267,0,5713334,0,1 # block t=3922 q=12T52 r=8 k=2
280957523073604,0,136031380472928,0,-918037854166236,0,-425986564933040,0,329366976311754,0,48366410162616,0,-32723358239568,0,271721610216,0,482066522964,0,19302874840,0,201191826,0,28272,0,1 # block t=3922 q=12T52 r=8 k=2
22652013968985860434,0,-55287567259807873928,0,-29059668216352908032,0,160156740087247217884,0,-91824467519603563690,0,-34605039359920951268,0,26881546742362557626,0,680218444021792500,0,5081339775748001,0,10494689068280,0,5235996272,0,426676,0,1 # block t=3922 q=12T52 r=8 k=2
986027824433344333261,0,5448701539214801852498,0,708279400907097022239,0,-54357816382716230826,0,-11744376100336044969,0,-313370002243256704,0,27067655049893245,0,1433298756917578,0,5420352082011,0,-443740118840,0,262300306,0,-42258,0,1 # block t=3922 q=12T52 r=12 k=2
389148163969289728,0,1818276818609734656,0,2089388077648571136,0,989557372233555968,0,209049701749882272,0,14199253048700928,0,-984901888001520,0,-90628792798464,0,5204174532273,0,-71690632660,0,299254134,0,-34356,0,1 # block t=3922 q=12T52 r=12 k=2
824462379473248,0,2058938533583808,0,-592493362342656,0,-298592317664032,0,152081825057640,0,-25583355233280,0,1948149813408,0,-58195798128,0,-205994718,0,24841436,0,271578,0,924,0,1 # block t=3922 q=12T52 r=12 k=2
362797056,0,0,0,-16242976068129216,0,0,0,11429061466610961513,0,0,0,-253063024892660397276,0,0,0,89254983585083868,0,0,0,-415055918988,0,0,0,1 # block t=3922 q=12T52 r=12 k=2
1248194576,0,10260507200,0,17858259200,0,11186187168,0,1030325352,0,-1524787968,0,-419655064,0,40531096,0,12694505,0,-1541708,0,55038,0,-612,0,1 # block t=3922 q=12T52 r=12 k=2
662045369856,0,0,0,-11719075772736,0,0,0,57995279262180,0,0,0,-75793920384192,0,0,0,174003956820,0,0,0,-30043152,0,0,0,1 # block t=3922 q=12T52 r=12 k=2
4,0,-64,0,-356,0,1340,0,2193,0,-8964,0,4024,0,6194,0,-4506,0,-28,0,285,0,34,0,1 # block t=3922 q=12T52 r=12 k=2
31104,0,0,0,-151701984,0,0,0,24330220452,0,0,0,-961610295456,0,0,0,23672397204,0,0,0,-20581848,0,0,0,1 # block t=3922 q=12T52 r=12 k=2
190514012880896,0,717515350605824,0,-396536232902656,0,68231238131712,0,-1902562735872,0,-666513463296,0,64133289728,0,-250964480,0,-149241376,0,1500544,0,141744,0,1152,0,1 # block t=3922 q=12T52 r=12 k=2
45896565200502299070304,0,179824151139038101137408,0,282200902741185760138656,0,228938359824843441011024,0,101454531257797189640766,0,23064934157058240872856,0,1953803463648853626276,0,-47934934775657919792,0,316443372846683346,0,-588049998855880,0,330261753756,0,-1147584,0,1 # block t=3922 q=12T52 r=12 k=2
7458710493841,0,7613837877848,0,-13029778779158,0,292304131768,0,2824718649327,0,-906630625872,0,86125820044,0,3588902064,0,-1000610145,0,36841208,0,455274,0,1432,0,1 # block t=3922 q=12T52 r=12 k=2
9685754241661005625,0,21636019338414020500,0,14630121882582605450,0,3346236956264204180,0,203325768578000159,0,-19104788250594200,0,-2094730256813012,0,18709545845640,0,4095358618119,0,-23633443964,0,38303466,0,-12956,0,1 # block t=3922 q=12T52 r=12 k=2
31670712,0,-431919216,0,-415892664,0,1651362120,0,309598470,0,-789016248,0,-188003580,0,31733640,0,3461598,0,-182376,0,-13104,0,36,0,1 # block t=3922 q=12T52 r=12 k=2
16078169099886484446616,0,60080752461801074348808,0,17034315233944941210264,0,516951793079951386096,0,-298250780775016103655,0,-33260999446943604538,0,-342623043459497583,0,88118139482559486,0,2360423563162036,0,-42346857498026,0,6879020866,0,-291658,0,1 # block t=3922 q=12T52 r=12 k=2
28928028751438161226336,0,82947447735739528966528,0,-8477349953228899872,0,-4529917418717167779372,0,323172779048658345417,0,22671328610787318786,0,-1389384715371370604,0,-41492811648302218,0,654042639177565,0,7452242929538,0,-194561460,0,-113096,0,1 # block t=3922 q=12T52 r=12 k=2
101360868271131424,0,459860219112210112,0,-992083842901203184,0,744090959746594608,0,-274582779227704318,0,51987938874631752,0,-4421145355181012,0,74704780359196,0,3826750871524,0,1418184996,0,-77111018,0,53672,0,1 # block t=3922 q=12T52 r=16 k=2
94852,0,850304,0,-2940660,0,2739912,0,321777,0,-2150036,0,1415068,0,-318556,0,-26158,0,21732,0,-2600,0,68,0,1 # block t=3922 q=12T52 r=16 k=2
116394549688,0,-1810919480496,0,7761626676336,0,-6056995146872,0,-17321859749610,0,26037374761080,0,-9887958130116,0,368912820312,0,61553536182,0,-487769288,0,-24736812,0,84,0,1 # block t=3922 q=12T52 r=16 k=2
1113429563139456,0,52143837787224576,0,286703063280797760,0,-13239539413571858688,0,-129914978155701428232,0,152068415933512949184,0,2231990885997189328320,0,-47951579254205124432,0,309131925436497780,0,-580098511980096,0,327439235340,0,-1147320,0,1 # block t=3922 q=12T52 r=16 k=2
5368923905824,0,3891619193920,0,-7330515389504,0,3658215443392,0,-910212105080,0,124383415280,0,-8513483320,0,93349792,0,23999276,0,-1188560,0,-2088,0,828,0,1 # block t=3922 q=12T52 r=16 k=2
793318438554769454181,0,847300400492452885188,0,-161092932203104676424,0,-19630535919792183468,0,2470870148320180551,0,145843153191939240,0,-10764321689610000,0,-276279057160344,0,16066245572979,0,-42142237740,0,36115224,0,-10620,0,1 # block t=3922 q=12T52 r=16 k=2
130555142760779776,0,156909832789102592,0,-94931028755449856,0,5355349313348608,0,4302967017281024,0,-883492060057088,0,58198212751232,0,-269074630464,0,-103993864352,0,2655854384,0,-581656,0,-4920,0,1 # block t=3922 q=12T52 r=16 k=2
27587601241662143521,0,-50094750134000106444,0,-165643309819774579614,0,551747773667870711780,0,-589152852371613248001,0,270581913469953476136,0,-44973960384001402308,0,-52723691911079064,0,6589591882190559,0,289868898020,0,-28986889758,0,-12,0,1 # block t=3922 q=12T52 r=16 k=2
13351097470839166,0,34173081279924216,0,-11918740845618834,0,-7793938975718704,0,875265633415845,0,443162728452960,0,-11644596817572,0,-5005693418184,0,258981032196,0,-4147618792,0,21365958,0,-9048,0,1 # block t=3922 q=12T52 r=16 k=2
2979551932906477071348,0,4500594848389705558128,0,-333388288144473991596,0,-14224266184574576376,0,2540502697892155074,0,-129345590817261720,0,3552024084715728,0,-58473411040584,0,575787894984,0,-3081336984,0,6221430,0,5436,0,1 # block t=3922 q=12T52 r=16 k=2
7647198784068945486862,0,-38078514724840842508320,0,52878069821995507101648,0,28147812339626407039784,0,-137894618782317286690992,0,125398110098629037949264,0,-39144707859756651544236,0,1044264139454185793568,0,2385092982997016451,0,-6804590334969460,0,-3385413559230,0,1181364,0,1 # block t=3922 q=12T52 r=16 k=2
177804717515033512004548,0,-235640985076595929408832,0,-155386407041153566423220,0,438426021619370995843880,0,-290392207109255910013439,0,78890316810687673031132,0,-7240445125187990710580,0,-53082602377761399724,0,264700438162209698,0,-49251828994252,0,-57357153656,0,-2446284,0,1 # block t=3922 q=12T52 r=16 k=2
4580180555308865737,0,-14841211052320310868,0,4387365902798630622,0,33460018608474022388,0,-46633510176214869153,0,22031346589186421592,0,-2958045929112805500,0,-26461506349195128,0,342975200243319,0,-107658466948,0,-736799682,0,-159228,0,1 # block t=3922 q=12T52 r=16 k=2
1160728,0,-12654088,0,13438160,0,42783160,0,-26891547,0,-20403700,0,14906381,0,-420068,0,-1015443,0,138606,0,-101,0,-120,0,1 # block t=3922 q=12T52 r=16 k=2
14872,0,-5136,0,-363732,0,1339696,0,-2145159,0,1788048,0,-730620,0,68976,0,42372,0,-8528,0,-816,0,48,0,1 # block t=3922 q=12T52 r=16 k=2
378343146321043616567097,0,-927281194732358575088652,0,930216119461402161797154,0,-492249678733971627505308,0,146402256873627600165711,0,-23743680892858749805272,0,1798653317487826951260,0,-36327969456139122840,0,254464625543881527,0,-521804925527004,0,325002246210,0,-1138572,0,1 # block t=3922 q=12T52 r=24 k=2
134904635229192958494,0,-305381369315761922376,0,287798348628224478720,0,-145586723012249608512,0,42362767235582732520,0,-7013015315277976368,0,604998801378697476,0,-22096028464486200,0,302881453336251,0,-1581095250216,0,2490365790,0,-101304,0,1 # block t=3922 q=12T52 r=24 k=2
1130460791013376,0,-1825060398170112,0,1093702943416320,0,-337648963518464,0,61344165643776,0,-6979542174720,0,509279485056,0,-23743590336,0,687781656,0,-11782736,0,112500,0,-540,0,1 # block t=3922 q=12T52 r=24 k=2
16226133710902726543843,0,22072430304778454942976,0,-5842195448328335876410,0,562723499341324320538,0,-25622882137815321368,0,530243957353196398,0,-2714048848080630,0,-40353625594182,0,207239716211,0,692708884,0,-3300630,0,-270,0,1 # block t=3923 q=12T56 r=16 k=2
55604353895044377695033,0,55761623119114761294590,0,-494157444233895292097626,0,-663037420397257785980610,0,-243079437322679776097779,0,-3271140386255509071080,0,8133401518719486503838,0,-20537930163871683804,0,18749346687982613,0,-7480031393734,0,1254848007,0,-64096,0,1 # block t=3923 q=12T56 r=16 k=2
24621536663490147992989,0,69726008094838901068368,0,-91315829336301256324666,0,40064598889747046947632,0,-8140857060532878303852,0,759069853234365252644,0,-24276504230897171239,0,-24681133757227524,0,94254769789660,0,35049087476,0,-61671546,0,-1780,0,1 # block t=3923 q=12T56 r=16 k=2
56797234756217083302439,0,172130378543782946978290,0,127635113580430539493733,0,-74065947311564837128264,0,-118882859942732256751491,0,-24915613333931661378272,0,7579644806941067171836,0,-19666813702220057708,0,18229558854266553,0,-7350114882584,0,1236175960,0,-64252,0,1 # block t=3923 q=12T56 r=16 k=2
7277948748775607,0,-35819374171492394,0,44461601173097941,0,14952624605758448,0,-55614440763658952,0,31119626592554500,0,-5181484408032750,0,-2194174437752,0,274195812445,0,25330670,0,-2533023,0,-12,0,1 # block t=3923 q=12T56 r=16 k=2
1228751965201146906547,0,4490202300801344379780,0,5273322261360219770204,0,1237651098749437887492,0,-1442064426746887578192,0,-582722475588326034390,0,84603559104965395390,0,-516012610193860848,0,1044283258218394,0,-878774999716,0,296328805,0,-32588,0,1 # block t=3923 q=12T56 r=16 k=2
162241497090877,0,-7992610648746778,0,-35236532825291959,0,-50179088488295012,0,-26221683743536514,0,-2593619709812320,0,896098212435000,0,-21975183800038,0,214486873093,0,-1020857146,0,2415259,0,-2586,0,1 # block t=3923 q=12T56 r=16 k=2
39270848505263305573789,0,218621943322479416488300,0,233967226117333680018100,0,50546010571091802907752,0,-8216611168147771424726,0,-1727509077624179475956,0,162278256875634241950,0,-913966117512738220,0,1998695104864293,0,-1996967525520,0,810474958,0,-54328,0,1 # block t=3923 q=12T56 r=16 k=2
667554666837032135721757,0,210817698107008939605062,0,-435192803836736359080693,0,169351952803300485071330,0,-29628669034063064193681,0,2494297841884365778446,0,-82354823919836049576,0,-1929121087508210,0,262058495298123,0,-2911196136,0,-119569850,0,116,0,1 # block t=3923 q=12T56 r=16 k=2
5921574655086806587921,0,-1132991841133177144196,0,-12674317069197171849076,0,13893244513099406135920,0,-5947822537693894955934,0,1108619851490583857468,0,-68797733813046618758,0,-93025456816753668,0,211101236650841,0,117418595392,0,-111107134,0,-5056,0,1 # block t=3923 q=12T56 r=16 k=2
1284829,0,3760848,0,-11686325,0,-33255482,0,26580875,0,75621170,0,-14320594,0,-31882906,0,8419774,0,-698032,0,20977,0,-252,0,1 # block t=3923 q=12T56 r=16 k=2
9375757646398107703817,0,25058048332898154592538,0,16360930456520039344608,0,-964647561576074891822,0,-2827902357721060041712,0,-138917127348432927680,0,134667851889743941345,0,-674403114737640174,0,1215598343334236,0,-957310930346,0,316812326,0,-32204,0,1 # block t=3923 q=12T56 r=16 k=2
49073983187448037783,0,102377050748459741224,0,61533085905309069340,0,11168544939502784724,0,-706405459582224278,0,-207411197508380368,0,15713276460484533,0,-262610169907308,0,1890530181154,0,-6622193232,0,10633091,0,-5808,0,1 # block t=3923 q=12T56 r=16 k=2
211309008937388150273801,0,-490728783863159304792032,0,451619543287650464030264,0,-208277170078492672327250,0,49954312207265968428408,0,-5816054965705692952706,0,264558797108023297573,0,-1089001421944434950,0,1701080176855652,0,-1187244804322,0,355293632,0,-33888,0,1 # block t=3923 q=12T56 r=24 k=2
19446437214944205427301,0,-50086825367253886524230,0,-24131606719103408671917,0,144527011728974358857456,0,-65142021935675014978087,0,-70774408759504505229118,0,43940603837927907372555,0,2200970612388604614098,0,19836570896993396537,0,2816301797801352,0,102945152459,0,624222,0,1 # block t=3924 q=12T48 r=8 k=1
133552382701,0,356449160964,0,40665907230,0,-640065466372,0,-528189260313,0,142979270952,0,326972973524,0,129825725112,0,16170250635,0,-19321580,0,-1932114,0,12,0,1 # block t=3924 q=12T48 r=8 k=1
61259201534133831872,0,261805700645204733696,0,-4509405700556728423856,0,-6856134713332425395280,0,-3651001879358353894717,0,-845421837121159695410,0,-77047055903669811061,0,-1125133490777292080,0,6791712405366545,0,17886243985590,0,-29154713353,0,-36238,0,1 # block t=3924 q=12T139 r=8 k=1
291253,0,-1063647,0,1974199,0,-2002700,0,1377995,0,-761092,0,308427,0,-92169,0,21394,0,-3752,0,450,0,-32,0,1 # block t=3924 q=12T139 r=8 k=1
2634026658927616,0,6304438830602336768,0,-70522883845660239232,0,-1945804590241466475328,0,-3060837653548253573104,0,-1369813062896885528896,0,-105015499169922266752,0,-1535097085015200656,0,9010942894595468,0,-6765669003088,0,-7110178800,0,-190620,0,1 # block t=3924 q=12T48 r=8 k=1
2115772981872663761168,0,18405023453693879031424,0,25803187674358936251840,0,9589565358634249876064,0,1655131263559890608816,0,154858080327599299952,0,8107565645518592824,0,222839512943177744,0,2446971857617956,0,-2338072608816,0,638957328,0,-46388,0,1 # block t=3924 q=12T48 r=8 k=1
531441,0,-1771470,0,-4546773,0,944784,0,5051970,0,1946430,0,-35721,0,-132192,0,-19602,0,810,0,423,0,36,0,1 # block t=3924 q=12T48 r=8 k=1
128562919592243053,0,1404227114666979750,0,5525917397726838531,0,9572008272995479594,0,6187385435420962548,0,-1024858047935519406,0,-1810317790988398110,0,181553079942982935,0,-536279451603570,0,117347811361,0,198064341,0,28185,0,1 # block t=3924 q=12T139 r=8 k=1
1178507242181316032,0,-1659615877299892384,0,625604635463764832,0,-110955887904626328,0,10756530438237972,0,-590427508836408,0,18489028139711,0,-429719990230,0,14566067888,0,-385485858,0,2778723,0,-6794,0,1 # block t=3924 q=12T139 r=8 k=1
4839829179384258731972,0,19939300782110231747008,0,7397091396199408452976,0,806703664122593676488,0,35720326521572153244,0,406329097928995576,0,-20628040282408680,0,-831616815118104,0,-11602798165926,0,-55413538172,0,47631300,0,-12284,0,1 # block t=3924 q=12T48 r=8 k=1
56519036273440631988901,0,133981539551955415951908,0,108083143182888484289373,0,31862881637224946786578,0,177422984771068053086,0,-950082158731245765364,0,12075523060545636951,0,-2582725094859776,0,-147337507772528,0,-28032127680,0,289234059,0,48836,0,1 # block t=3924 q=12T48 r=8 k=1
146087372404903936,0,2000550387484377088,0,-2819595338816181248,0,-6106571642224142336,0,-3510212540514264576,0,-837382070736450560,0,-69644200589559872,0,1320140031080832,0,130413839624864,0,574520000,0,-89859220,0,-40,0,1 # block t=3924 q=12T48 r=8 k=1
377804902144730930053,0,1458237910393614664750,0,2029632969108717855919,0,1094678744167665272240,0,23673851886115915946,0,-139779947611522660366,0,-14782032562149028125,0,3649123131375466400,0,456139123592827966,0,-422609701690,0,-42260970125,0,12,0,1 # block t=3924 q=12T48 r=8 k=1
45282011626306192692781,0,468318443286965914336718,0,-841687780008854012701106,0,483449555028708699997474,0,-91234079277192018917209,0,-5160178262803678616012,0,2053111965999781547588,0,83327212079938625580,0,151284730341651307,0,99932338062782,0,27913463726,0,2796402,0,1 # block t=3924 q=12T48 r=8 k=1
390625,0,8323750,0,-18028294,0,-1078110966,0,-3985311985,0,-1362406652,0,6784009068,0,3490276636,0,342956527,0,-5811658,0,-49158,0,250,0,1 # block t=3924 q=12T48 r=8 k=1
31311667208233462237225,0,47803288991077313324650,0,-2667088801537637389475,0,15109150381925355870,0,1384551002323243546,0,-21171363277957558,0,-174113806655355,0,4742261671498,0,-4318900270,0,-330081770,0,1229893,0,3034,0,1 # block t=3924 q=12T48 r=12 k=1
193521398113,0,1211619829460,0,2846386957004,0,3130219988420,0,1626316105927,0,293867641536,0,-38160657612,0,-10536760448,0,1325482451,0,-40741460,0,365672,0,-1156,0,1 # block t=3924 q=12T48 r=12 k=1
1356429397062449130121,0,3343401014762408458746,0,710093407726120468699,0,-2000041484782870887440,0,24203494291258406570,0,283547000800941234230,0,-45643562438436734905,0,-691830351012043552,0,86478737798281670,0,18692741170,0,-1869274073,0,-12,0,1 # block t=3924 q=12T48 r=12 k=1
139264,0,81920,0,-204800,0,-59392,0,102400,0,12288,0,-21120,0,-1024,0,1984,0,32,0,-80,0,0,0,1 # block t=3924 q=12T48 r=12 k=1
40598101041196437,0,-14456557977469344,0,-3607597922926577820,0,924385107921259548,0,60901786431646645576,0,-8610157444227959568,0,-140320935430960565713,0,599627900946942528,0,1582031370105084,0,-734116119720,0,-198356632,0,14400,0,1 # block t=3924 q=12T48 r=12 k=1
155030594049581771067392,0,981207455083244775550976,0,65862221921438720826368,0,-10522215861837147076608,0,410649830771129396480,0,-6511041494139578624,0,21027154131831232,0,561827033797952,0,-5015693150256,0,-9175567680,0,161772408,0,25492,0,1 # block t=3924 q=12T139 r=12 k=1
311848140335455201,0,0,0,-23398381542555793024,0,0,0,196107515908091179332,0,0,0,-413332916898927224003,0,0,0,11690705538207914070,0,0,0,-91568589433,0,0,0,1 # block t=3924 q=12T48 r=12 k=1
95605244765363109136,0,350764587234207119296,0,439125964163040938624,0,242412369861200188992,0,55568607024719550536,0,495899995550213000,0,-1510099376743364672,0,-80685171575480504,0,14208409979240524,0,-17979549843356,0,5594922110,0,-148406,0,1 # block t=3924 q=12T48 r=12 k=1
4877049949780886800057,0,11476503033143628590628,0,6151046660187587715049,0,1295599800620078879384,0,83313724613203279410,0,-9042272495888337628,0,-1554703715753589551,0,-56683776601163444,0,455045893117434,0,-1055867499696,0,797702241,0,-78356,0,1 # block t=3924 q=12T48 r=12 k=1
11572222543769267249,0,-81254865982992944788,0,-723596452370234641974,0,4569533998022154230828,0,4107302010526428107743,0,108065174580644851864,0,-37707675790969263860,0,-628166634730691720,0,93017319427864319,0,3181418877820,0,-3167843798,0,-6436,0,1 # block t=3924 q=12T48 r=12 k=1
77382421159669,0,204008784915308,0,-319966624202458,0,161022212669796,0,-34429087323817,0,1655144365496,0,534967683204,0,-80123587000,0,1859753875,0,145823644,0,968310,0,1940,0,1 # block t=3924 q=12T48 r=12 k=1
254907518798518273,0,1667928131230608268,0,4389521108419980386,0,5958969585163774026,0,4399911498213580846,0,1666309507554664940,0,244101481902821143,0,-4600782432612508,0,25557766942468,0,-46712367498,0,34623242,0,-10118,0,1 # block t=3924 q=12T48 r=12 k=1
185416490880129475,0,478268750820381280,0,433252459620857878,0,169470588341078911,0,18921249852168627,0,-6083050450062859,0,-1951689450520196,0,-148107015361874,0,2092485670133,0,-8269511746,0,12013969,0,-6206,0,1 # block t=3924 q=12T139 r=12 k=1
14229611243556346824481,0,0,0,-247167887879799706869681,0,0,0,45155921412492752020390,0,0,0,-2013788474440414993971,0,0,0,570404804497090148,0,0,0,-10059468424,0,0,0,1 # block t=3924 q=12T48 r=12 k=1
1,0,0,0,-2002243,0,0,0,377259554,0,0,0,-218160807,0,0,0,31586250,0,0,0,-37115,0,0,0,1 # block t=3924 q=12T48 r=12 k=1
86083171043601664,0,41570208681138176,0,-113847824058371072,0,20504378978499328,0,35624720638582016,0,-23265044960498240,0,6115546670577248,0,-768584537122560,0,38196193868656,0,2135911328,0,-169130848,0,12,0,1 # block t=3924 q=12T48 r=16 k=1
260361426331476329,0,369000190363706740,0,-37002308879110736,0,-71737770169852768,0,24487996778881861,0,-3243978031632484,0,189712216798846,0,-2843978254704,0,-152638860185,0,5250646876,0,-23754378,0,3228,0,1 # block t=3924 q=12T48 r=16 k=1
40374996251297561668,0,2171089769673017555904,0,4613941593150968159760,0,2251734753393470439400,0,-183154481779530428468,0,-173817609454240690136,0,18347203849054833032,0,-597092777460246168,0,7426377286689098,0,-28519441914156,0,2928135884,0,-96508,0,1 # block t=3924 q=12T48 r=16 k=1
791385932602577591029,0,708528217739281554968,0,-113097105599945976849,0,6857548285088169342,0,-196234049995584926,0,1714414279512756,0,55721707079051,0,-1974129634686,0,26618869374,0,-160470572,0,189035,0,1350,0,1 # block t=3924 q=12T48 r=16 k=1
695109873033781,0,7370408953312246,0,13250449224019831,0,-8903020592340624,0,-3617098806481882,0,1335320984482762,0,200061404474411,0,-52829745851504,0,2553530205418,0,-9338995314,0,11953067,0,-5940,0,1 # block t=3924 q=12T48 r=16 k=1
2520577,0,-36248268,0,-403440661,0,4546983894,0,-15281229318,0,22126668834,0,-12577460759,0,1001881560,0,57643443,0,-1035120,0,-21730,0,84,0,1 # block t=3924 q=12T48 r=16 k=1
369904207631257471175,0,-1073967397724849982195,0,-137898593399709814098,0,3813851607853121461943,0,-5343726799272651989989,0,2868687827217093438382,0,-417740980087329780228,0,-79002693704504061569,0,-107163303201402560,0,-15212954244473,0,4293919478,0,-133218,0,1 # block t=3924 q=12T139 r=16 k=1
1032157707475,0,-43358159150022860,0,7360381931894796784,0,-210310020764208319430,0,-91499233617454558387,0,421272442551732624898,0,9985259201167533710,0,27608557102657282,0,-132861185880145,0,-89936696090,0,329529130,0,-50612,0,1 # block t=3924 q=12T48 r=16 k=1
14233280739288925,0,22104876644413420,0,-29717223462555689,0,-53227308108925274,0,13253135390292814,0,34426179640375616,0,-1232428879953317,0,-5772575970343830,0,992762576794326,0,-2330675334648,0,1439878655,0,-74218,0,1 # block t=3924 q=12T48 r=16 k=1
10677426193709537057,0,94399064105676605732,0,173079486922860049748,0,91797276591418112756,0,-6557983148006070569,0,-7908847188789820480,0,1592924543943453252,0,-112323624988897264,0,2791265063869859,0,-2440987149844,0,647140528,0,-46580,0,1 # block t=3924 q=12T48 r=16 k=1
23299497824351713,0,234027216409664052,0,-108153757020706398,0,20340278193156388,0,-1987719216544849,0,100766108381800,0,-1717502156964,0,-70192392728,0,3867071055,0,-54566556,0,-3294,0,756,0,1 # block t=3924 q=12T48 r=16 k=1
546031,0,937652,0,-979347,0,-1392760,0,1037434,0,476230,0,-510789,0,100240,0,14626,0,-7528,0,971,0,-52,0,1 # block t=3924 q=12T48 r=16 k=1
309560660963569,0,524918509156536,0,-33717067581510,0,-133467497121432,0,33906619210671,0,-3512270038224,0,187073214508,0,-5099887920,0,47147263,0,855960,0,-21894,0,72,0,1 # block t=3924 q=12T48 r=16 k=1
9839984695829434108,0,19982141888317871166,0,-5264782494351979803,0,567878249844383266,0,-33616968382606336,0,1180544707964940,0,-24107945323329,0,237784294810,0,104650675,0,-20302262,0,52172,0,720,0,1 # block t=3924 q=12T48 r=16 k=1
115836343627336342563275,0,327218259895539820594150,0,219973447805280900484370,0,-56356478986578218305590,0,-75592154052768063674609,0,1510812684611613273730,0,6823483944004892041656,0,-348663368731446210572,0,4453266655104768336,0,-875462624332276,0,47499561192,0,-416182,0,1 # block t=3924 q=12T48 r=16 k=1
148021605787160547328,0,-382477573154261946368,0,409919174445510518784,0,-235158484412062067712,0,77680350351669645056,0,-14793745839311265280,0,1543909327532215040,0,-79277587146054784,0,1508556049429744,0,-1286510494544,0,355942248,0,-33420,0,1 # block t=3924 q=12T48 r=24 k=2
2296589,0,-11789690,0,26173659,0,-33095756,0,26460881,0,-14058902,0,5080895,0,-1256682,0,210785,0,-23328,0,1611,0,-62,0,1 # block t=3924 q=12T48 r=24 k=2
2592038414757276011101,0,-5069999039689241899083,0,3425271272203367617674,0,-1094443073828234588074,0,180944158872938042538,0,-15520066918542682326,0,661169288824258893,0,-12668757031393326,0,100220546144304,0,-260922691267,0,133635825,0,-22596,0,1 # block t=3924 q=12T48 r=24 k=2
394130556816400,0,-1630109919737200,0,2659504278344400,0,-2152407503643360,0,890057702537184,0,-175755914069536,0,15206703414008,0,-639778457156,0,14035365552,0,-161464896,0,896460,0,-1856,0,1 # block t=3924 q=12T48 r=24 k=2
425623681477909,0,-1781001366204145,0,3095557542748916,0,-2897239328176833,0,1581141810686622,0,-506958475607007,0,90208562096748,0,-7464055011090,0,150418087939,0,-1075980079,0,3018698,0,-3096,0,1 # block t=3924 q=12T139 r=24 k=2
60930808594091990269,0,-45776455977219166590,0,7519248859931504287,0,-613089512576139072,0,30598497733669054,0,-1022743441546578,0,23906688176075,0,-397758696864,0,4703609110,0,-38702430,0,210855,0,-684,0,1 # block t=3924 q=12T48 r=24 k=2
1803918901,0,-4736625676,0,5262860038,0,-3338350244,0,1362325079,0,-379620728,0,74444228,0,-10388808,0,1026643,0,-70204,0,3158,0,-84,0,1 # block t=3924 q=12T48 r=24 k=2
44576496937805116,0,-142017592670700764,0,182535899027875924,0,-121284444147316196,0,44498876820795940,0,-9008894282214024,0,974601071117412,0,-53769907422078,0,1305725238760,0,-8133199978,0,17035774,0,-8978,0,1 # block t=3924 q=12T48 r=24 k=2
320820786905160451120793,0,-601954283283198472331548,0,432529405839111586023930,0,-153653897721041493871452,0,28775301961412239270847,0,-2840437407154762323064,0,149153151024402693164,0,-3955318658562043544,0,42217419567139463,0,-18756359493740,0,2530483706,0,-92172,0,1 # block t=3924 q=12T48 r=24 k=2
1271234149848121,0,-5210472490398682,0,8780604917559419,0,-7847146686537168,0,4006052767299386,0,-1176289398744982,0,191451711012807,0,-15818896936000,0,530060406262,0,-2808770642,0,5343591,0,-3988,0,1 # block t=3924 q=12T48 r=24 k=2
879256261822622928896,0,-2004099649138628419584,0,1779443613840946104320,0,-765596976300908189696,0,160755524159759122176,0,-14917861287804046336,0,673991891085712128,0,-15221374014902016,0,159029766872816,0,-568247980640,0,207048264,0,-25336,0,1 # block t=3924 q=12T48 r=24 k=2
76713570283589090734529,0,-154213906437705999313156,0,113759180160736664645918,0,-38653485332949679605168,0,6089723441197320771823,0,-397532182292995367568,0,12079841914253853148,0,-177160850426148192,0,1199000649268651,0,-3093258036580,0,2317045726,0,-105032,0,1 # block t=3924 q=12T48 r=24 k=2
34849616246059062921089,0,-98560505243423494878279,0,116623376501901862878687,0,-74352683060101967127305,0,27313361948148847597508,0,-5690204689523757663004,0,605318044674424848804,0,-24060773827107806779,0,45102795301489453,0,-20915543177152,0,2788621520,0,-100494,0,1 # block t=3924 q=12T139 r=24 k=2
49341037196443363968301,0,-171280349350314285614388,0,246840843688943449214043,0,-189385820471399265712846,0,81882965544796931546456,0,-19101744494148445336720,0,1963245015210531205643,0,-28032730077083366776,0,45863532442612095,0,-20196001304646,0,2442056426,0,-98216,0,1 # block t=3924 q=12T48 r=24 k=2
4034643342713,0,-15272397077064,0,24602912170221,0,-21875476952798,0,11621592906680,0,-3718442665582,0,682169136429,0,-62971178962,0,2210294920,0,-34517242,0,254702,0,-843,0,1 # block t=3924 q=12T139 r=24 k=2
53110119235254229,0,46471999296287332,0,12775867994493610,0,1853628781173316,0,168826469727403,0,10454860297186,0,457896497908,0,14411330236,0,325206451,0,5149942,0,54463,0,346,0,1 # block t=3925 q=12T56 r=0 k=1
107240590952713,0,222382619334716,0,185813724754474,0,80998059463804,0,20035978663861,0,2878062421800,0,237631804378,0,10871240708,0,270775602,0,4048464,0,45932,0,400,0,1 # block t=3925 q=12T56 r=0 k=1
1805838753579478591217,0,5818357135774058994970,0,7593155073293104196212,0,5151878932891579777890,0,1938436538244249329294,0,397835800468273775944,0,40389738667112456777,0,1569897782889541006,0,8728664764546896,0,16213839360194,0,9866003379,0,218220,0,1 # block t=3925 q=12T6 r=0 k=1
13636822496264009407,0,14105138456202820724,0,2581555513771155423,0,230846710160195610,0,12620878660806168,0,463254590167660,0,11937132072229,0,219931353604,0,2894279273,0,26644770,0,163350,0,600,0,1 # block t=3925 q=12T56 r=0 k=1
501976947411443981,0,484564395566292916,0,116031662524655039,0,14067676796599888,0,1053534971198252,0,53156951021650,0,1884147721522,0,47704384000,0,860796420,0,10828398,0,90276,0,448,0,1 # block t=3925 q=12T56 r=0 k=1
144398790574912,0,706760626559616,0,1412062736257200,0,1466366250662352,0,830077051682796,0,243574023256992,0,31879466294245,0,1756518575769,0,39741288486,0,368377182,0,1336989,0,1989,0,1 # block t=3925 q=12T6 r=0 k=1
577312231606962112,0,599488646849678784,0,143192096349326352,0,17124045381932576,0,1259161943673316,0,62213678960428,0,2155637991939,0,53293178128,0,938509603,0,11523500,0,93861,0,456,0,1 # block t=3925 q=12T6 r=0 k=1
9140827549,0,24687682250,0,28458405465,0,18426271290,0,7435432060,0,1965219242,0,348748539,0,41958512,0,3409481,0,183306,0,6218,0,120,0,1 # block t=3925 q=12T56 r=0 k=1
47771043145189,0,57058387041110,0,26437338268957,0,6835206128548,0,1135209875240,0,129707337452,0,10552925830,0,619608116,0,26158076,0,776480,0,15414,0,184,0,1 # block t=3925 q=12T56 r=0 k=1
79080091,0,114464174,0,57800829,0,8697456,0,-2927928,0,-1677656,0,-324912,0,12632,0,21594,0,4972,0,664,0,44,0,1 # block t=3925 q=12T56 r=0 k=1
27936694531851169,0,167620167191107014,0,425226935102164971,0,589616476259010560,0,480924134614646827,0,229819520006701102,0,59471159761509748,0,6612520446742585,0,110368239773263,0,609442527627,0,1096215671,0,72761,0,1 # block t=3925 q=12T6 r=0 k=1
302006302528,0,696311998704,0,624381713340,0,304172131081,0,91769827149,0,18260330382,0,2467688532,0,228171789,0,14268465,0,583477,0,14589,0,195,0,1 # block t=3925 q=12T6 r=0 k=1
7860825000283758355271,0,9054955243942042023216,0,3795657665895714707613,0,796098628064149294972,0,91970331215646769531,0,5875598795105819704,0,192994099312175804,0,2748969060866602,0,15349666668573,0,32922693574,0,29274816,0,10312,0,1 # block t=3925 q=12T56 r=0 k=1
202244989845075991919,0,147385354917981074482,0,23344824249581086273,0,1776569453622928420,0,80908609923704158,0,2430836863305202,0,50571226124625,0,744209775528,0,7756958929,0,56185472,0,269608,0,772,0,1 # block t=3925 q=12T56 r=0 k=1
120492904862172793236061,0,100843889116214659380008,0,8333677827966724836706,0,322748200561316710260,0,7521709416668614581,0,116759089699129308,0,1270012110063234,0,9932813555504,0,56369449110,0,230246772,0,652968,0,1168,0,1 # block t=3925 q=12T56 r=0 k=1
2326895637769957477,0,-1795699530053916050,0,374131641265363525,0,-39869838900271714,0,2631071238309328,0,-117108181374582,0,3666049045043,0,-82124619192,0,1314667505,0,-14728354,0,109938,0,-492,0,1 # block t=3925 q=12T56 r=8 k=1
158299435567333148083771,0,350484984597274155529825,0,17592883639043372075342,0,-9444765702278080321,0,-17046682874448615759,0,-366049823880505453,0,-241321967925648,0,91051699411757,0,1386716722575,0,8604126012,0,18795654,0,-9756,0,1 # block t=3925 q=12T6 r=8 k=1
7748852106860879031,0,35389826212583867058,0,60888585119829396876,0,50513386497711340086,0,20575613343123813195,0,3413200148182582164,0,45763849413977392,0,-3112609221863028,0,21571168806909,0,-34132138534,0,-4653756,0,6174,0,1 # block t=3925 q=12T6 r=8 k=1
13169118747575792128,0,27614930699065627584,0,14744090612526812376,0,1490168883730527293,0,-97059657775550157,0,-13164428832282378,0,120572695684050,0,20029167530253,0,203325674247,0,-2081650705,0,-13303017,0,-10923,0,1 # block t=3925 q=12T6 r=8 k=1
2778299,0,-2956746,0,398366,0,-203078,0,804730,0,-537784,0,180124,0,-53626,0,18050,0,-4498,0,627,0,-42,0,1 # block t=3925 q=12T56 r=8 k=1
4655717680857691,0,-5159718742696938,0,1768433772858193,0,-318399233452616,0,35875159576746,0,-2740376204394,0,147581300565,0,-5690790024,0,156667397,0,-3011196,0,38408,0,-292,0,1 # block t=3925 q=12T56 r=8 k=1
40049219919846285260533,0,-35397000013898396857712,0,3386461996688745804069,0,-153057976217166872526,0,4179076508588805150,0,-76053159868470436,0,965939245234802,0,-8722544214124,0,55926412302,0,-249164192,0,733322,0,-1280,0,1 # block t=3925 q=12T56 r=8 k=1
2187,0,185787837,0,-6010436590794,0,-373922983194984,0,-4646076719957919,0,-16119224376425829,0,982905790019275,0,90911505959967,0,1261974096669,0,4106533960,0,-1108038,0,-3063,0,1 # block t=3925 q=12T6 r=8 k=1
1376907625272134144,0,5987736793032703296,0,-8756881632312613408,0,-31429635240835717319,0,-16673502546438866044,0,-2761627250160477132,0,-176853558893263169,0,-3954996019979949,0,-19019729547865,0,2966197941,0,53878892,0,-21917,0,1 # block t=3925 q=12T6 r=8 k=1
352601626485457,0,-395201038516896,0,162112704378600,0,-36313040654608,0,5161285891746,0,-500198238558,0,34260205479,0,-1681830144,0,58967928,0,-1444000,0,23484,0,-228,0,1 # block t=3925 q=12T56 r=8 k=1
147258299,0,-393415050,0,471508705,0,-337278440,0,160925172,0,-54065350,0,13131845,0,-2325400,0,298135,0,-27000,0,1640,0,-60,0,1 # block t=3925 q=12T56 r=8 k=1
37144704348085836853,0,-41103739524578840172,0,7425251061101226927,0,-640057215634142880,0,32944682971196636,0,-1107682674168420,0,25304291758599,0,-397666320240,0,4278334651,0,-31081680,0,151620,0,-504,0,1 # block t=3925 q=12T56 r=8 k=1
9708990202486679,0,-12062043075639934,0,3984809966873469,0,-672542666231800,0,70280088006336,0,-4951672694850,0,245173271197,0,-8675291776,0,218959768,0,-3858494,0,45173,0,-316,0,1 # block t=3925 q=12T56 r=8 k=1
40568159258316689,0,-95502843233394238,0,94779152957858485,0,-50871983060449960,0,15411410127143734,0,-2348631717549032,0,78806343205408,0,13474494494110,0,401413395701,0,-1307847778,0,-671885,0,1422,0,1 # block t=3925 q=12T56 r=8 k=1
67913834947422466942087,0,345382886640959840549902,0,538169267019530700340153,0,344854248835632123077072,0,59202048021445104339185,0,-35017278509171250090071,0,-17849457073589927004344,0,-2377300842859760392547,0,-2744618747896575337,0,6738156186213013,0,-2483720020497,0,-2191225,0,1 # block t=3925 q=12T6 r=8 k=1
50850361792,0,-266796043680,0,280957555232,0,177668826456,0,-411663178800,0,202508559036,0,-34807913937,0,1183522062,0,57764461,0,-1182702,0,-14568,0,126,0,1 # block t=3925 q=12T6 r=16 k=1
812695158784,0,-93759683675291648,0,-391713423247682928107520,0,145438846075840937148416,0,109872228785054299950496,0,1828355123846477355104,0,-27945036154612760992,0,-323386478962538416,0,2417250594599524,0,-1520461243492,0,338817662,0,-31210,0,1 # block t=3925 q=12T6 r=16 k=1
1234701133442469837416,0,1936447332088830927164,0,-17829088322726356154070,0,28581640199658657604525,0,-19773265371757276028047,0,6543340380451940617654,0,-935474902509884642745,0,34702391462541786233,0,-113713283065011257,0,43347121052199,0,14260673232,0,455534,0,1 # block t=3925 q=12T6 r=16 k=1
555958807117690128271,0,-5654779928449875126372,0,7249758097917624609593,0,22403539213055539934122,0,-64690120546644563411287,0,62879845559060352881044,0,-27039266702728741345410,0,4326751603607465180667,0,-2722126256038520967,0,-7565225125252555,0,-2545479132555,0,2201679,0,1 # block t=3925 q=12T6 r=16 k=1
149802057,0,-493833942,0,153521550,0,1375054260,0,-2377549773,0,1571550609,0,-330721886,0,-78962877,0,29144991,0,2013397,0,-5868,0,-231,0,1 # block t=3925 q=12T6 r=16 k=1
10993582195673773095611,0,-30333737866420676153943,0,-13017247332290386629647,0,133090844705359371841416,0,-180250443007338179278784,0,96517461105042052447850,0,-14511487315517120715277,0,-2490865297672767473344,0,1889463091609612776,0,3352665401568029,0,-2594850267976,0,-1983416,0,1 # block t=3925 q=12T6 r=16 k=1
12505378404182934592,0,-24217659186286501824,0,-63300923734496509572,0,-14456365653561994225,0,2676220943715206279,0,150479134117776436,0,-7082719201325298,0,-167715600572537,0,6814668182289,0,-47104020879,0,105240041,0,-53807,0,1 # block t=3925 q=12T6 r=16 k=1
29029152069840704,0,47852391186605312,0,-11780466120674272,0,757102710978624,0,36464114457188,0,-8014598752320,0,498295886764,0,-15408064680,0,223619793,0,-368140,0,-24662,0,124,0,1 # block t=3925 q=12T6 r=16 k=1
7542592728272197,0,-170279299993505522,0,-17973193037291398664,0,104873232468267151782,0,1073559424311552995087,0,-3561990890540199898879,0,-18731789930400320075574,0,2881248501457114695781,0,-12779179166334089280,0,17626923554813053,0,-6873386108215,0,925866,0,1 # block t=3925 q=12T6 r=16 k=1
20045089327261186304,0,148405796835256632576,0,96131077293179458464,0,18549170733818114288,0,238706513834828737,0,-133212498806671344,0,5720598307778748,0,-99227906255376,0,781400193990,0,-2654992080,0,4327196,0,-3360,0,1 # block t=3925 q=12T6 r=16 k=1
1030689813681344512,0,4744535829354184704,0,-1083359444942727168,0,62042023484432384,0,3353390992294272,0,-560117849730048,0,26112424377120,0,-515013941376,0,2931620913,0,22388000,0,-128661,0,-192,0,1 # block t=3925 q=12T6 r=16 k=1
33957846389291479691264,0,71492345367800499853312,0,-4669810926924091978496,0,-79755318410646796032,0,16175773673642314448,0,-641297863385743752,0,12435638739973239,0,-123838532264612,0,460466218951,0,1627253856,0,-14399599,0,5148,0,1 # block t=3925 q=12T6 r=16 k=1
2176540665867968041472,0,11573718196705194662912,0,12432445957691344934400,0,4562010657049113787392,0,352507261336351440480,0,-61560791392037851776,0,1943061799309514928,0,-21826424404090576,0,89913274048300,0,-114115845344,0,58834796,0,-12988,0,1 # block t=3925 q=12T6 r=16 k=1
71,0,2109,0,6134,0,-6985,0,-18263,0,22321,0,1456,0,-12857,0,7931,0,-2318,0,366,0,-30,0,1 # block t=3925 q=12T6 r=16 k=1
68557627763502927713,0,366354657362301250296,0,-1054181059214826943406,0,-180738079454222799760,0,900834340513954946927,0,206128122320430517200,0,-160247276542199478148,0,-46323597262995934016,0,267176066077853839,0,-413334451730312,0,191992173522,0,-1028208,0,1 # block t=3925 q=12T6 r=16 k=1
344562722247059,0,144092408080033135,0,5122718267208177719,0,69514488325370419289,0,441940377213661317182,0,1322367780652346250899,0,1487873022886979826369,0,-39942105124927193107,0,-30553711562199202,0,23738005648627,0,-35341289,0,-885575,0,1 # block t=3926 q=12T62 r=8 k=0
21870307377770468308,0,34992237526437551488,0,15400992661545227092,0,3251268600317748428,0,384342658838652199,0,26415345600968724,0,1009894437081722,0,17742829595268,0,36741477458,0,-1155421534,0,3333333,0,-3234,0,1 # block t=3926 q=12T62 r=8 k=0
1141879958381679739,0,7236454936197586062,0,18556379832617984888,0,24493100982443881082,0,17345962706651463571,0,6048059322921598732,0,664427255705539880,0,-68952356213614604,0,-135064815192399,0,334831075910,0,10189984,0,-129102,0,1 # block t=3926 q=12T62 r=8 k=0
833254187983346272496,0,2502961733544689447456,0,1341025480696214081976,0,-2977416499883709402888,0,-4455182029599141748981,0,-2129077305374377921760,0,-322405171746538254702,0,225544292750349888,0,1958686381271250,0,-105593847642,0,-121380603,0,2042,0,1 # block t=3926 q=12T62 r=8 k=0
60092774407254907589,0,304407662713777357044,0,167200578551708231078,0,28091234197962621436,0,866433075927517879,0,-61800426720968224,0,-1358026255891628,0,19635375420992,0,332003801027,0,-595830484,0,-7260714,0,132,0,1 # block t=3926 q=12T62 r=8 k=0
171052698641130647354921,0,-105864520363367174829870,0,9016341585771253271900,0,-367378061497345396252,0,9073693531953793711,0,-149568564415314706,0,1721692817974969,0,-14095253712704,0,81955389923,0,-331224210,0,884892,0,-1404,0,1 # block t=3926 q=12T62 r=8 k=0
176461435828642816,0,-186515411946332160,0,48796121934538752,0,-6454074547038208,0,526691619608832,0,-28932265492992,0,1115853636480,0,-30735012096,0,603482544,0,-8267440,0,75180,0,-408,0,1 # block t=3926 q=12T62 r=8 k=0
278020889876887589759,0,455389627958834256160,0,69055240017550636665,0,4292879026707663719,0,125105672719308070,0,1141717964502671,0,-24923730507480,0,-604849132760,0,-320298140,0,75410581,0,203048,0,-3685,0,1 # block t=3926 q=12T62 r=8 k=0
3877820017187,0,-1203274189983,0,-1613884355288,0,-234437609468,0,1028316046109,0,-395476092250,0,49794511828,0,-1098276178,0,36824659,0,-796292,0,9319,0,-161,0,1 # block t=3926 q=12T62 r=8 k=0
4105168021,0,1272524132,0,-1143276362,0,-666493156,0,-73989017,0,24074440,0,7529064,0,653368,0,-18653,0,-6564,0,-274,0,12,0,1 # block t=3926 q=12T62 r=8 k=0
69894309688954986229,0,314881604692259540441,0,478176772711618376681,0,348280828525533349922,0,132787349199400462286,0,25162690291137936740,0,1685848651368968563,0,-48820626395565326,0,-326487744671816,0,220013306961,0,249784988,0,-152839,0,1 # block t=3926 q=12T62 r=8 k=0
4944172534426167926992,0,-18730788067747312018144,0,-117990376135726937605400,0,-201066312853220014304928,0,-157428214093650397820155,0,-59254066706881705287970,0,-8703917196011587279111,0,259272104233479194,0,28665786527510860,0,-12334865976,0,-493515010,0,48,0,1 # block t=3926 q=12T62 r=8 k=0
192919371776,0,23320330240,0,-106290479104,0,-63225069568,0,-15324041216,0,-1769037824,0,-63624192,0,9296896,0,1373888,0,32512,0,-2944,0,-144,0,1 # block t=3926 q=12T62 r=8 k=0
1504452392819268789751,0,2016845316534874963486,0,181784600576506605604,0,5499750210102285810,0,13125066589542091,0,-2632889056608692,0,-46175634402272,0,82984773956,0,8300266749,0,45903926,0,-366084,0,-3030,0,1 # block t=3926 q=12T62 r=8 k=0
461728288035824,0,-877003496561232,0,370207344463448,0,44012356860400,0,982982442036,0,60498118800,0,11708348074,0,341675986,0,3682049,0,444808,0,15480,0,-282,0,1 # block t=3926 q=12T62 r=8 k=0
3105297656085692382649,0,19085051511223071021055,0,43031691716758739007303,0,43370876858985793445745,0,19282015200103733473558,0,3595836230115493928258,0,180275545312349304131,0,-10424819268487104170,0,24424982002174287,0,-17623812367274,0,4999893803,0,-489653,0,1 # block t=3926 q=12T62 r=12 k=0
9687754238125009960000,0,15593147423374987814400,0,-2616327525518602057536,0,-472375553221742464896,0,-5030761003499045136,0,769451401699724448,0,9349579301225808,0,-29359952065904,0,-329410075844,0,1090999352,0,169212,0,-1996,0,1 # block t=3926 q=12T62 r=12 k=0
121,0,0,0,-450,0,0,0,599,0,0,0,-376,0,0,0,119,0,0,0,-18,0,0,0,1 # block t=3926 q=12T62 r=12 k=0
11106587,0,32029674,0,-67247102,0,-337337681,0,-376901471,0,-8312721,0,226256200,0,114107255,0,3936170,0,-3233558,0,101267,0,-874,0,1 # block t=3926 q=12T62 r=12 k=0
4096,0,0,0,-16384,0,0,0,18688,0,0,0,-6976,0,0,0,944,0,0,0,-52,0,0,0,1 # block t=3926 q=12T62 r=12 k=0
365766810165124271,0,300879538962575447,0,-4982092718450053819,0,-7525132961383175831,0,15481540801002322356,0,37009702122938552655,0,15512577685780231877,0,-4672698665192445269,0,-7430942696831400,0,8462441839681,0,-41835671,0,-754781,0,1 # block t=3926 q=12T62 r=12 k=0
531441,0,0,0,-944784,0,0,0,478953,0,0,0,-79461,0,0,0,4779,0,0,0,-117,0,0,0,1 # block t=3926 q=12T62 r=12 k=0
51044256581665024085831,0,214870475024709755834078,0,-77073438108108799297258,0,11057827925232321386629,0,-825758637476277201360,0,33382880769336536472,0,-650537056208448057,0,2757035857528682,0,52358680933363,0,152105432735,0,161808279,0,59154,0,1 # block t=3926 q=12T62 r=12 k=0
10764270001,0,0,0,-18108924658775589,0,0,0,177675499234388351923,0,0,0,-10351368331497106571853,0,0,0,30629831326589025,0,0,0,-507990104,0,0,0,1 # block t=3926 q=12T62 r=12 k=0
4007381530298299024,0,0,0,-1038579970132903828504,0,0,0,25941732989774500379869,0,0,0,-14124188653314060403745,0,0,0,34586501653671136,0,0,0,-535771410,0,0,0,1 # block t=3926 q=12T62 r=12 k=0
12182632953457,0,376478343510349,0,1800018387456489,0,3461825444556118,0,3153073386315419,0,1261356038239991,0,87134495907338,0,-46254009336583,0,953627803097,0,-6665662899,0,19103925,0,-19479,0,1 # block t=3926 q=12T62 r=12 k=0
1009580638814444852,0,4441080693351646992,0,7468289824262090312,0,6326155070429739844,0,2880080708187724591,0,666419813740202936,0,57897783523002625,0,-1140818998728088,0,6586175764403,0,-14120692864,0,13670139,0,-6066,0,1 # block t=3926 q=12T62 r=12 k=0
1298011228142319571,0,11716479496617473484,0,573189790847564346,0,-349877624436468094,0,5207457798794115,0,1332873220394592,0,-38079658606980,0,204063364476,0,2607991929,0,-21479452,0,-64134,0,498,0,1 # block t=3926 q=12T62 r=12 k=0
238186539389779,0,1472315400471355,0,3742457663389337,0,4959912910282764,0,3525792835518476,0,1160672735672738,0,38919085042365,0,-46549674582548,0,988347153130,0,-6881786447,0,19544904,0,-19871,0,1 # block t=3926 q=12T62 r=12 k=0
49687997512,0,19429170696,0,-69557385540,0,16691922706,0,2619866700,0,-656117910,0,-21160803,0,6796872,0,96327,0,-28046,0,-441,0,42,0,1 # block t=3926 q=12T62 r=12 k=0
693906890946225552,0,1151754151472053632,0,-157465805983272960,0,6478085594494112,0,26832796504740,0,-9414351565512,0,231162261564,0,756706104,0,-117203727,0,1690544,0,-918,0,-160,0,1 # block t=3926 q=12T62 r=16 k=0
16204224497006681,0,32269547980738353,0,-1058655947333575,0,-649565794320264,0,56408837053332,0,360131594574,0,-251410575861,0,14476086576,0,-404589026,0,6047419,0,-41466,0,7,0,1 # block t=3926 q=12T62 r=16 k=0
5764371892693,0,14626661362282,0,-2261534336959,0,-5148992527407,0,164107187995,0,501272257528,0,-18151924910,0,-14204785481,0,1413998881,0,-41282274,0,475967,0,-1999,0,1 # block t=3926 q=12T62 r=16 k=0
181034352877888,0,430930552408128,0,-7261108626681840,0,22348385826998784,0,-30771534719689017,0,20327827901187602,0,-5256815049261329,0,-460504642416,0,910996867029,0,-15341782,0,-2456911,0,14,0,1 # block t=3926 q=12T62 r=16 k=0
332055781,0,1125199896,0,-2525826052,0,1580350704,0,-336149432,0,-14828652,0,14046374,0,-1161696,0,-93940,0,13440,0,-52,0,-36,0,1 # block t=3926 q=12T62 r=16 k=0
6421349237,0,-7358054625,0,-1701480907,0,6709883637,0,-4319727673,0,1259893198,0,-159104144,0,499128,0,1445042,0,-44091,0,-3222,0,86,0,1 # block t=3926 q=12T62 r=16 k=0
117485252359680913,0,-117281268368909104,0,-116454578870427108,0,218586354635250968,0,-117884265753585851,0,26817703788770772,0,-2088733485621063,0,-31300311111984,0,1955797688235,0,78625340,0,-3931091,0,-24,0,1 # block t=3926 q=12T62 r=16 k=0
12656830431068203264,0,27543127234855797248,0,-8668840682568711936,0,765922919247419648,0,-27338286947553664,0,255499159411328,0,9575980433376,0,-303625147040,0,3103445136,0,-5430576,0,-95048,0,320,0,1 # block t=3926 q=12T63 r=16 k=0
1352137883966542761772,0,-389350965073855928472,0,-21465679409643967655072,0,63154060925882238735108,0,-77070108687266682529375,0,44360017505222567416446,0,-9925648164512220657585,0,-15462667037483756052,0,26936195393139312,0,3402901220268,0,-410319178,0,-18720,0,1 # block t=3926 q=12T62 r=16 k=0
94038988331885594896,0,1224761633247810420512,0,-3082005716454470533560,0,2844918339245713408184,0,-1266133148630270690543,0,273076181522556509940,0,-22723296279576547551,0,-7082586952466544,0,442654439554335,0,1207495100,0,-60374579,0,-24,0,1 # block t=3926 q=12T62 r=16 k=0
371509,0,1241754,0,-25382583,0,11556292,0,30441870,0,-3362418,0,-4438803,0,686736,0,71118,0,-22742,0,1941,0,-72,0,1 # block t=3926 q=12T63 r=16 k=0
3742656419150125,0,-988065175073000,0,-23090819639665560,0,32224553311814698,0,-2136270532073776,0,-19421947015043117,0,11501424547501682,0,-1825935150875959,0,-7836373712502,0,39622894041,0,1896630,0,-64450,0,1 # block t=3926 q=12T62 r=16 k=0
395033,0,497852,0,-7305053,0,3324546,0,33113943,0,-48857710,0,8567392,0,11847543,0,-237796,0,-346663,0,19994,0,-325,0,1 # block t=3926 q=12T62 r=16 k=0
9774409136871593953,0,-21503153590183695460,0,19276335742882888178,0,-9252462576267646242,0,2595626079671252645,0,-430305223571362366,0,39784929605060255,0,-1696976212729544,0,15013939774413,0,-51461391060,0,74758427,0,-38288,0,1 # block t=3926 q=12T62 r=24 k=1
1913779681947948591,0,-5230169705065975992,0,5943724091166677571,0,-3602727145905771500,0,1235003622249521280,0,-230738334422782120,0,19783435161435122,0,-388973113497346,0,2743846416694,0,-8471322376,0,11580781,0,-6114,0,1 # block t=3926 q=12T62 r=24 k=1
24107838093042272092,0,-72914496144857022608,0,91359072244622519388,0,-60829014795077945356,0,22801461138572947609,0,-4618521057651149208,0,417200923532260198,0,-6424991441003088,0,32044179957963,0,-49700030516,0,32683026,0,-9480,0,1 # block t=3926 q=12T62 r=24 k=1
45947855026448,0,-84062290895584,0,59835244671440,0,-21864829511128,0,4613606985140,0,-601289135812,0,50450327257,0,-2785671118,0,101617831,0,-2408356,0,35387,0,-290,0,1 # block t=3926 q=12T62 r=24 k=1
8299862529436,0,-17244212625560,0,14995354603148,0,-7135952646640,0,2043938300612,0,-366249731880,0,41522790372,0,-2962838208,0,130645688,0,-3447904,0,51308,0,-380,0,1 # block t=3926 q=12T62 r=24 k=1
11101745362276414273625,0,-49471469801590303687675,0,91262972104826909487780,0,-89349879951599607296364,0,49139031726736361586168,0,-14547059824917414835770,0,1903559535381656229633,0,-38883879263675616600,0,68756269572418429,0,-39019740070105,0,8761319220,0,-676543,0,1 # block t=3926 q=12T62 r=24 k=1
182061698583052157153332,0,-333278914448595266234344,0,239394823004844129743860,0,-88080502113930388324988,0,17735583176249731338983,0,-1881787707635607159498,0,86508647492720259426,0,-603966550310590774,0,1310262640225386,0,-821908301330,0,214198865,0,-24356,0,1 # block t=3926 q=12T62 r=24 k=1
10076481695736144,0,15663719530003896,0,9536558728953697,0,2952598488109699,0,497021816785696,0,44842612053244,0,2074610121501,0,55680827791,0,866977880,0,6674936,0,16104,0,82,0,1 # block t=3927 q=12T64 r=0 k=0
1676563625,0,2572442700,0,1562110270,0,535818132,0,121765311,0,19950552,0,2047268,0,52296,0,-5705,0,1500,0,446,0,36,0,1 # block t=3927 q=12T64 r=0 k=0
5045633132823396,0,4725212135687712,0,2022168014599752,0,927485554391664,0,333718233089820,0,64686253290960,0,5429068120792,0,-28211588160,0,-1656009294,0,1317808,0,158976,0,48,0,1 # block t=3927 q=12T64 r=0 k=0
2958401458632223,0,3285364443835596,0,470228923610832,0,10998910600988,0,-2306178819765,0,-197095785768,0,-3100504440,0,384293016,0,28582965,0,965084,0,18696,0,204,0,1 # block t=3927 q=12T64 r=0 k=0
96182721935250700,0,313404110741799480,0,434087571876549644,0,330460545475124312,0,148990912017958323,0,39753392503661444,0,5844334334495807,0,379444295130229,0,2768028321293,0,8627148205,0,11924154,0,-5367,0,1 # block t=3927 q=12T96 r=0 k=0
35050179578231002513,0,58629982923426137629,0,36989713746514815784,0,11909533076048038933,0,2114354367371325096,0,198307943991687452,0,7756309519450741,0,37423049940575,0,5745057179084,0,54793537563,0,133997285,0,-17040,0,1 # block t=3927 q=12T96 r=0 k=0
874091260870363825,0,1245569892194479800,0,525781140276020026,0,115945005518508288,0,14374179656726048,0,963660702897504,0,28061869806072,0,91616959440,0,1827884511,0,-4470000,0,-72916,0,72,0,1 # block t=3927 q=12T96 r=0 k=0
202407845560894745527039,0,148739891929278645415736,0,11682638912339683463736,0,421392321113125798644,0,8934834893823904919,0,123694296121896840,0,1189105992765160,0,8299968966136,0,43319056601,0,169328992,0,480456,0,932,0,1 # block t=3927 q=12T96 r=0 k=0
4461946979112859,0,8921192902311360,0,5132636577259472,0,755772081430812,0,107084985774029,0,6337939298732,0,255787673234,0,4188183980,0,-73671598,0,3714496,0,227808,0,-104,0,1 # block t=3927 q=12T96 r=0 k=0
201276468805896,0,285271629811056,0,123096002201208,0,27884061479568,0,3965260207228,0,384443120192,0,26482643904,0,1318705072,0,47397038,0,1203724,0,20550,0,212,0,1 # block t=3927 q=12T96 r=0 k=0
10893984807805808049,0,9716469106153892556,0,2194030250231591522,0,239578750267557884,0,15931098682597135,0,707179731043224,0,21724331456412,0,462321731928,0,6655540639,0,61754524,0,338850,0,940,0,1 # block t=3927 q=12T96 r=0 k=0
24424978259123971,0,31836825175624988,0,9709093033933074,0,1498803752352060,0,143381956147475,0,9264939565720,0,421148178908,0,13680169768,0,316645285,0,5108060,0,54618,0,348,0,1 # block t=3927 q=12T96 r=0 k=0
10725248987386222858,0,15900727746198474352,0,8243114095736591280,0,2115260319177063672,0,294685751576205128,0,21518454943272920,0,654563420910800,0,114073538912,0,31894978738,0,-61423028,0,420378,0,-1272,0,1 # block t=3927 q=12T96 r=0 k=0
133985916980225796168,0,137370313159201731888,0,36385080636334346552,0,1128044289152053328,0,297482549634790204,0,15758520974783808,0,748476112191392,0,-63080765264,0,23805603622,0,-3303156,0,296526,0,-28,0,1 # block t=3927 q=12T64 r=0 k=0
14393266714871922566,0,8074937625702874032,0,-653299329444120968,0,-96613818641018840,0,16232744316865386,0,-1024216345250472,0,35945869257156,0,-766794815216,0,10102844254,0,-80821380,0,379074,0,-956,0,1 # block t=3927 q=12T64 r=0 k=0
396280421398958183569,0,1608288140683762136070,0,-2908342441319613707937,0,1787582484418391929392,0,-517478215957862146888,0,70859003512649724426,0,-3562069378662677890,0,-7876296421008216,0,27629436590467,0,23552909760,0,-37846505,0,-2166,0,1 # block t=3928 q=12T56 r=16 k=1
11457129181391753,0,39879727896742612,0,20010517999979482,0,-5484056166073538,0,537366949118185,0,-27312970532420,0,761086744130,0,-9789145926,0,-27604146,0,2446122,0,-22844,0,-30,0,1 # block t=3928 q=12T56 r=16 k=1
207535097640657479915201,0,741214535055940545030354,0,874938483733744774357601,0,270746145890182877992832,0,-146079668329171046255222,0,-65549339487545939314084,0,9996398374109186896304,0,-23930021497474622262,0,20894862970391873,0,-8015870523398,0,1300165535,0,-65118,0,1 # block t=3928 q=12T56 r=16 k=1
211106812950392306513,0,101467902919955525560,0,-272946196437065998839,0,143421751575892823808,0,-33440150782394672112,0,3667950244897314624,0,-152103544649270648,0,-77947816802400,0,2432477597091,0,282634200,0,-7065151,0,-48,0,1 # block t=3928 q=12T56 r=16 k=1
19299487259047080612289,0,15274073438671534054344,0,-42865943202561440207050,0,-14163399236600212859302,0,-1301902044730053860786,0,-15706696590929254960,0,1549454755067667057,0,-15005197415746704,0,55818611218232,0,-92271066640,0,65257089,0,-14922,0,1 # block t=3928 q=12T56 r=16 k=1
680086878072206633161,0,-226964135036187702762,0,-614334192572281689893,0,551903306708865025284,0,-185350460941344552635,0,27860877510112953072,0,-1544819359787387096,0,-429556042650384,0,17889946617552,0,913533870,0,-30450733,0,-36,0,1 # block t=3928 q=12T56 r=16 k=1
776316785528031469,0,1252690402899262132,0,200846343338776043,0,-102914893170261292,0,11667987526865109,0,-606529183195592,0,16934245910357,0,-258229230556,0,1833065001,0,253896,0,-72167,0,156,0,1 # block t=3928 q=12T56 r=16 k=1
2982921745282430958349,0,284860931221770069540052,0,-724860885706530120112341,0,695523848173287131792912,0,-317376503687558753417866,0,69129325663418091902652,0,-5760159999387140970533,0,-132243663271840992,0,8265085934530038,0,23836659300,0,-1191832789,0,-24,0,1 # block t=3928 q=12T56 r=16 k=1
6108664626738689441461,0,-11286505972108349356808,0,7411038380229369079082,0,-2393893795324955433672,0,415638844192438352287,0,-37920020297991263590,0,1542288231302286828,0,-14169889266524650,0,49492354396791,0,-76619450446,0,51431175,0,-12898,0,1 # block t=3928 q=12T56 r=24 k=2
371927989024511437,0,-438034923013674826,0,196553494088569653,0,-46074978728441776,0,6297829203131208,0,-520416965855100,0,25893371655130,0,-755731048950,0,12688401660,0,-118948560,0,580672,0,-1276,0,1 # block t=3928 q=12T56 r=24 k=2
144001735342095308871823,0,-346325336886524344774474,0,336776856839391527251378,0,-167711609402283624012490,0,44314729682149602255236,0,-5697403674949932535086,0,260210927366275825451,0,-1080498099015854270,0,1695292296024000,0,-1186116166556,0,355149054,0,-33888,0,1 # block t=3928 q=12T56 r=24 k=2
6486530275962563555,0,14172217410867238508,0,-1618039270883386900136,0,6569764186073946952822,0,-3877541483108774243485,0,-7155976299744988455136,0,6146807962145548985534,0,-63625148854699601034,0,-253906048356366510,0,200506363757030,0,-5656788750,0,-359866,0,1 # block t=3929 q=12T59 r=16 k=2
25,0,-305359886,0,591880574559,0,-5243950220012,0,-58275137213631,0,-77796318705666,0,14485216128583,0,6421460497274,0,365255111521,0,-5396240128,0,17987403,0,-8254,0,1 # block t=3929 q=12T59 r=16 k=2
15380201539838197268480,0,47638329811046358024192,0,-11927149555003460472832,0,1200408002784170717184,0,-63264632149355216384,0,1822831287229641216,0,-25732594165652160,0,76447895615424,0,1633950567696,0,-7655460432,0,-9884824,0,4468,0,1 # block t=3929 q=12T59 r=16 k=2
158534045820707899292705,0,168277754207362524342444,0,-26651541758130275393224,0,1412465458310782147208,0,-37385158796230332574,0,549367414055713600,0,-4336669203200058,0,12603438450260,0,54295281701,0,-441830988,0,342290,0,2188,0,1 # block t=3929 q=12T59 r=16 k=2
39223558289469685,0,85146678550145192,0,-782813645489955063,0,936916166373359018,0,-182728437759845461,0,-60755629838710554,0,16108590897025885,0,-392405167385962,0,-907735597947,0,14060073632,0,-10080065,0,-5248,0,1 # block t=3929 q=12T59 r=16 k=2
212327694754614389402712,0,-69851742689805653703132,0,-235633305950915558775768,0,203427954498109098253453,0,-59106776149417714992667,0,5571520596773629478064,0,81025465627577521436,0,35711729148882465,0,-546787156503757,0,-418982728144,0,497367381,0,-44169,0,1 # block t=3929 q=12T59 r=16 k=2
3468250909635180267832,0,9147256581734490460704,0,-15101993982613710126456,0,8608630504195682146128,0,-2489668901046634048338,0,390147879429941887720,0,-30494207366952946095,0,722781350597776834,0,23346342814244345,0,-8927606121422,0,-9080905626,0,19494,0,1 # block t=3929 q=12T59 r=16 k=2
20792945035845835,0,117006533190359798,0,-80908705069196296,0,12613973110677090,0,-865357659842424,0,28285011863364,0,-269396834880,0,-9265815292,0,276781721,0,-1498188,0,-24926,0,194,0,1 # block t=3929 q=12T59 r=16 k=2
19427245541948886695,0,379580712321666093418,0,-447632230084740523576,0,212038081034916822394,0,-52495094659765053834,0,7172712770721665960,0,-509656180721792980,0,14120642628373456,0,62552976912475,0,-313592043032,0,-185296148,0,19454,0,1 # block t=3929 q=12T59 r=16 k=2
114801837667140178881,0,55683624517776573030,0,-79390997370838433682,0,28533486021002258422,0,-5012273103956708400,0,476997836025953320,0,-23462770202396708,0,444722839324816,0,1914853548697,0,-18821901848,0,-18091116,0,5934,0,1 # block t=3929 q=12T59 r=16 k=2
687523254265917,0,1381974002640567,0,-189813587513373,0,-191952432589774,0,-7468500634717,0,3878141605727,0,86413565951,0,-24766526911,0,994518355,0,-17115341,0,146319,0,-612,0,1 # block t=3929 q=12T59 r=16 k=2
12534104363790530767597,0,28965465107085870588004,0,-28493676873636548223676,0,-92811177170574678357008,0,-9645823151010783977212,0,75118816389968000668658,0,36445531208567589013574,0,-432313312588338086272,0,655144367051229319,0,-281073871863870,0,21029443800,0,-345274,0,1 # block t=3929 q=12T59 r=16 k=2
242972160397,0,-525629615852,0,124975834127,0,556883992084,0,-638033451019,0,298940856842,0,-65559583711,0,5164843238,0,140369155,0,-10533726,0,-85923,0,380,0,1 # block t=3929 q=12T59 r=16 k=2
545,0,13096,0,55909,0,-251934,0,266759,0,-4998,0,-171171,0,124662,0,-37119,0,4232,0,51,0,-32,0,1 # block t=3929 q=12T59 r=16 k=2
36665025421593022505,0,46627453571590907014,0,-26306132217938727660,0,-43990907372209572122,0,-2335826463338082805,0,9577064484187690122,0,2287728473970804342,0,-56544922302086896,0,288359147049308,0,-480399937444,0,223604780,0,-30938,0,1 # block t=3929 q=12T59 r=16 k=2
4445759260262001600,0,14437643889614549760,0,15668489258822013392,0,6493816279979211072,0,686055824869417279,0,-90075661110298920,0,-4117742889616938,0,227245626201680,0,7932252853949,0,-91718451728,0,-2421974962,0,232,0,1 # block t=3930 q=12T155 r=8 k=0
20208629818532549,0,45041494080967022,0,36162890272180619,0,13625588554737799,0,2421432479836786,0,140023483890155,0,-9030948848673,0,-776542945116,0,19110168195,0,323012308,0,-1058110,0,-1380,0,1 # block t=3930 q=12T53 r=8 k=0
1155947000525961893716,0,2921864585900664647536,0,-1635972286027918688808,0,220303414333753881216,0,6596757446635618679,0,-2284271944563559062,0,-16201944006379027,0,7411205127249344,0,220363812180798,0,1718253545736,0,2536819146,0,181994,0,1 # block t=3930 q=12T53 r=8 k=0
8507356607467680767,0,5255760544592075460,0,-31873660651791125826,0,13923107845030898484,0,9643854431527947855,0,-4453082183261882952,0,-1239906070894586948,0,346594859295845112,0,71496709464041649,0,48101511882996,0,8637580254,0,180036,0,1 # block t=3930 q=12T53 r=8 k=0
1016413707357771622541,0,402792140091979513021,0,-911841839516976290798,0,367705003115334180409,0,-56491889091675555367,0,2481386546609839915,0,82288260447354010,0,762314021590241,0,3151164095577,0,6708079652,0,7625060,0,4386,0,1 # block t=3930 q=12T155 r=8 k=0
1910334704749330969,0,7640580925852020876,0,11456340435261290946,0,7628504312779709980,0,1897695204727305663,0,-5656842764807400,0,-941406108714660,0,600358890456,0,74996287623,0,-16191140,0,-1619070,0,12,0,1 # block t=3930 q=12T155 r=8 k=0
49237191095104,0,125698715918592,0,106281343341120,0,35013716545280,0,2887306011936,0,-433056953376,0,-30384456312,0,1206183600,0,70381611,0,-833440,0,-41496,0,24,0,1 # block t=3930 q=12T155 r=8 k=0
23749231,0,-118421787,0,-61493942,0,168136990,0,38160245,0,-64029117,0,-13933147,0,6567205,0,2112794,0,207809,0,8765,0,158,0,1 # block t=3930 q=12T53 r=8 k=0
56373260500,0,122787316500,0,-72180410550,0,-40282763890,0,6731359911,0,4952563848,0,510670770,0,-55638450,0,-12850182,0,-703300,0,-7665,0,186,0,1 # block t=3930 q=12T53 r=8 k=0
47956882719447147427056,0,257906183443566721045680,0,508368431289760342923556,0,436884120203889284145432,0,138065423854623886629585,0,-458054659874414457600,0,-26237504008607655352,0,23208779803511128,0,548871503128062,0,-107929720048,0,-1286461916,0,592,0,1 # block t=3930 q=12T155 r=8 k=0
11095373224,0,17839256448,0,3876277296,0,-1402078352,0,-395997705,0,30227184,0,12220746,0,34272,0,-148113,0,-6800,0,534,0,48,0,1 # block t=3930 q=12T155 r=8 k=0
1,0,229272368,0,-620307367961,0,-81779630715608,0,-804010042078598,0,-79072396182067,0,23621274480767,0,1315494633589,0,4646081972,0,-379396148,0,-978415,0,1454,0,1 # block t=3930 q=12T53 r=8 k=0
5291632,0,27949584,0,29259696,0,-5781776,0,-15473880,0,-4736736,0,144240,0,210852,0,11916,0,-2876,0,-222,0,12,0,1 # block t=3930 q=12T53 r=8 k=0
37780913461,0,138490738158,0,191076215542,0,121961767219,0,33796768295,0,1638666672,0,-690133343,0,-35128238,0,4640930,0,64959,0,-6443,0,28,0,1 # block t=3930 q=12T155 r=8 k=0
96901368125468717056,0,316331023437492985856,0,120491555100698454016,0,18098265492678283776,0,1183972959631859712,0,20312964151021056,0,-980199840268672,0,-25701390688288,0,329416198112,0,2628029184,0,-4226940,0,-2788,0,1 # block t=3930 q=12T53 r=8 k=0
17414258688,0,0,0,-5776968688128,0,0,0,41914648537641,0,0,0,-2126045933460,0,0,0,5789561184,0,0,0,-3847140,0,0,0,1 # block t=3930 q=12T53 r=12 k=0
2187,0,-822275718568,0,15112258721671232,0,2506224312728222672,0,89168391504796610231,0,-427399453839422181516,0,-81633867851015458876,0,-2057424702177067212,0,2362173087437117,0,283543841300,0,-213085380,0,-7476,0,1 # block t=3930 q=12T53 r=12 k=0
4096,0,-153600,0,8192,0,736256,0,-207360,0,-577920,0,203904,0,53184,0,-12960,0,-2648,0,32,0,24,0,1 # block t=3930 q=12T53 r=12 k=0
129693114171392,0,0,0,-496658171817885696,0,0,0,21366734886445252608,0,0,0,-337477305290129408,0,0,0,1226872263909888,0,0,0,-601120896,0,0,0,1 # block t=3930 q=12T53 r=12 k=0
109567254759963483456,0,0,0,-608576076994923395856,0,0,0,630446386145798029916,0,0,0,-440365818426639192,0,0,0,35181232403782,0,0,0,-321790264,0,0,0,1 # block t=3930 q=12T155 r=12 k=0
18320044,0,522052636,0,-6717889866,0,-117044414,0,15377738223,0,730612316,0,-10178896211,0,-1242250484,0,2114846825,0,392890144,0,-21240569,0,-13906,0,1 # block t=3930 q=12T53 r=12 k=0
4692795559719024411712,0,2540113182903092726016,0,-18208047252097676053824,0,-21678806054572848082560,0,25666318632499230768,0,7781541842410633102080,0,1889435580238706439520,0,-247451459947906055040,0,6468641001901910988,0,170387501299760,0,-109229415060,0,-19704,0,1 # block t=3930 q=12T53 r=12 k=0
97264260315799821,0,-3062004268245435255,0,-61960599806646041408,0,34704936193288505454,0,2177499305766323121940,0,1397184486563999125114,0,-7433307790510073724,0,-37016884280987412,0,192847780974242,0,12662475126,0,-96922629,0,22975,0,1 # block t=3930 q=12T155 r=12 k=0
32768,0,0,0,-172032,0,0,0,235008,0,0,0,-44288,0,0,0,3168,0,0,0,-96,0,0,0,1 # block t=3930 q=12T155 r=12 k=0
27052933001909,0,58625151160015,0,37341537164987,0,5181231921905,0,-2052732605356,0,-522180360641,0,303552051,0,4120905176,0,2851804,0,-9504225,0,161151,0,-822,0,1 # block t=3930 q=12T53 r=12 k=0
34359738368,0,0,0,-969156434329600,0,0,0,266492328769709056,0,0,0,-621891289296510976,0,0,0,382376725871424,0,0,0,-46756801024,0,0,0,1 # block t=3930 q=12T53 r=12 k=0
12097700295545319975,0,68933454064776144585,0,-6573189699148444416,0,-994756437657573690,0,195951563250150242,0,-13038256210613853,0,414461995181858,0,-5649335544190,0,1814127642,0,407561645,0,1634512,0,2240,0,1 # block t=3930 q=12T53 r=12 k=0
20745405584,0,-8909410176,0,-31475040192,0,6826439808,0,2804591208,0,-340292736,0,-57114712,0,4385088,0,429377,0,-18888,0,-1186,0,24,0,1 # block t=3930 q=12T53 r=12 k=0
17414258688,0,0,0,-564445827274752,0,0,0,1911842565799665888,0,0,0,-943507704847968,0,0,0,75069148248,0,0,0,-1619136,0,0,0,1 # block t=3930 q=12T155 r=12 k=0
6366792175042898880064,0,18206984643922087268352,0,-6097270558906925163456,0,771776796154399954304,0,-48011017651531984368,0,1457683497197833536,0,-13871399257669296,0,-250644101188608,0,4417427706966,0,13203890528,0,13681308,0,6108,0,1 # block t=3930 q=12T155 r=12 k=0
238257481199898788975,0,212363243854118922425,0,-60015236746607276260,0,6169510628954623975,0,-328426828105276896,0,9967373872235701,0,-170780621639585,0,1378393288101,0,709033408,0,-81387994,0,222317,0,1381,0,1 # block t=3930 q=12T53 r=16 k=0
1550850923097272464,0,7286975126326611776,0,-1051547094618340096,0,-36048955910617613376,0,-29009851645165278704,0,-3635910443822672000,0,1018826109531466056,0,-38439660850127744,0,571633049333585,0,-3776942162412,0,9269705414,0,-192156,0,1 # block t=3930 q=12T53 r=16 k=0
697484317602725377,0,757897308382993572,0,-916355917514937054,0,106329656018808724,0,152587033094989935,0,-72878481928846008,0,14248943621892316,0,-1339134430992312,0,49888028932719,0,1533296148,0,-131378910,0,36,0,1 # block t=3930 q=12T53 r=16 k=0
942590039,0,9204497793,0,-25688318564,0,21043250768,0,-7551544244,0,1258656266,0,-68457690,0,-5833373,0,774231,0,-6043,0,-1620,0,17,0,1 # block t=3930 q=12T155 r=16 k=0
2889743918325627511405,0,3613931180947430232860,0,-18193212318696881050,0,-31023825665282846925,0,2102504622438266609,0,-60776108843336518,0,856701900477249,0,-4644953655596,0,-13874930750,0,201030111,0,-75639,0,-1818,0,1 # block t=3930 q=12T155 r=16 k=0
837366385278379236208,0,513111440773466250816,0,-450187177451256567240,0,106742579507265642592,0,-11390079436546651551,0,559061347128307416,0,-8449074972062472,0,-147481201113048,0,2244964765410,0,1002587896,0,-2984640,0,-600,0,1 # block t=3930 q=12T155 r=16 k=0
1100111972709974474169,0,4523653433854478190024,0,2600491276929278568366,0,268642953707009235426,0,-79894794943010732409,0,-7556707131803262450,0,1147470161085218133,0,-44369613508140702,0,675790552888011,0,-3685961840346,0,4575502530,0,-248772,0,1 # block t=3930 q=12T53 r=16 k=0
234914,0,-188240,0,-1981576,0,4610544,0,-3371260,0,78512,0,914992,0,-282040,0,-36949,0,23980,0,-2354,0,-12,0,1 # block t=3930 q=12T53 r=16 k=0
4604070976385275285504,0,8881823071790272956416,0,139207358425503156224,0,-74892992709628800000,0,4082429580065553152,0,-98756067768251776,0,1155645027749952,0,-4627212365888,0,-24272216864,0,217266408,0,18660,0,-1890,0,1 # block t=3930 q=12T155 r=16 k=0
280283673,0,245766260,0,-130695126,0,-68092300,0,29003615,0,4212520,0,-2814484,0,206920,0,68327,0,-15900,0,1418,0,-60,0,1 # block t=3930 q=12T155 r=16 k=0
19864951935859,0,-18600781566672072107,0,-5068639663501856948388,0,164178555193172191022719,0,-522727207086217039685921,0,-10288161448708264414435,0,1865257818593909479969,0,-9803935445979191758,0,1820298756049565,0,32428082853618,0,-3079511598,0,-124195,0,1 # block t=3930 q=12T53 r=16 k=0
70094227487335889,0,156871704234227836,0,-507043430620558126,0,-1484989458600595028,0,-1046130475134154609,0,-75346942164789640,0,81860770506354236,0,-4868106141760584,0,110345686784383,0,-1105451370484,0,4119643410,0,-128100,0,1 # block t=3930 q=12T53 r=16 k=0
48427202279684641288,0,-39615947443385961480,0,-196039241891656488264,0,343612076387801796428,0,-183172261683127390830,0,27183243384462440106,0,-396603198622321275,0,1532289611229417,0,-120596021298,0,-4172036389,0,-421839,0,2694,0,1 # block t=3930 q=12T155 r=16 k=0
24886493137,0,45293024700,0,-37512556170,0,5834782740,0,1565197863,0,-540044040,0,27050068,0,7674120,0,-1177353,0,54700,0,6,0,-60,0,1 # block t=3930 q=12T155 r=16 k=0
1008613172330057306656,0,951046145043530585856,0,-1400697140493504852672,0,532310857610221995008,0,-84424264999242173856,0,5433522047764989984,0,-98228993504130768,0,-1179017628433776,0,11628599507802,0,2382079064,0,-6895824,0,-588,0,1 # block t=3930 q=12T155 r=16 k=0
9400274317465091883073,0,-12993425491047495319028,0,6537095738178798978010,0,-1540601904742281052868,0,199695462465113127259,0,-15305293850550033416,0,704849194928727660,0,-18875465973066760,0,266819298466027,0,-1621881545204,0,3401015378,0,-129060,0,1 # block t=3930 q=12T53 r=24 k=0
33084596992,0,-121663597824,0,183399813888,0,-147350455168,0,68917559616,0,-19349673408,0,3283492992,0,-337129776,0,20943216,0,-784600,0,17244,0,-204,0,1 # block t=3930 q=12T53 r=24 k=0
380906545172325399533632,0,-673940923966121907477632,0,421902286135938640218336,0,-132282029141787081793760,0,23167989845676074796420,0,-2306183025586495909680,0,124319685967082759640,0,-3270270962470591376,0,43020160069340952,0,-273011787620664,0,665648963548,0,-1631336,0,1 # block t=3930 q=12T53 r=24 k=0
128856986435440684699171,0,-397346923755357233092836,0,478340766772037481211722,0,-285023774460559907519734,0,86929004532273222631851,0,-12304199191168033124400,0,559015655603748863172,0,-2769170238733115556,0,5299375622016033,0,-4585221870940,0,1698861570,0,-202230,0,1 # block t=3930 q=12T53 r=24 k=0
1833451225,0,-6207105405,0,8960232726,0,-7255620594,0,3648606292,0,-1191761679,0,257088592,0,-36561614,0,3371832,0,-195593,0,6794,0,-128,0,1 # block t=3930 q=12T53 r=24 k=0
1818425485761620454000,0,-2132969427043898076000,0,448228755382629718240,0,-35104754295809633008,0,1459989569285659121,0,-37138235319778824,0,616900805166316,0,-6880616813752,0,51659527206,0,-255594264,0,790572,0,-1368,0,1 # block t=3930 q=12T53 r=24 k=0
36698701824,0,-82918440960,0,78850408448,0,-42212720640,0,14253142016,0,-3209175040,0,495568384,0,-53067520,0,3927344,0,-196800,0,6368,0,-120,0,1 # block t=3930 q=12T53 r=24 k=0
1301124962690458930729,0,-2501868924641482548514,0,1748575622951835604427,0,-553057163938442240831,0,82957807582364523437,0,-5510638073918875530,0,130740459806331083,0,-1406933617553076,0,7320802941059,0,-17823743573,0,20214413,0,-9466,0,1 # block t=3930 q=12T155 r=24 k=0
23883214848,0,-62817812480,0,66638106624,0,-38449049600,0,13605962240,0,-3144808960,0,491897216,0,-52956160,0,3925952,0,-196800,0,6368,0,-120,0,1 # block t=3930 q=12T155 r=24 k=0
802335869883393682156,0,-2111696428865404613180,0,2240939620948249985914,0,-1239947273078985841278,0,386287376381761443607,0,-68572867605125844016,0,6771865548600274789,0,-348455756143044672,0,8147279722435005,0,-71197223218528,0,60592110563,0,-1610630,0,1 # block t=3930 q=12T53 r=24 k=0
2501442859236688581376,0,-11237392450667602453248,0,20185137672867323105280,0,-18242099846530440308608,0,8473686327224147733696,0,-1784754569651629080384,0,105421131201978260160,0,-1443494896733752272,0,2372528930834592,0,-1312582573384,0,307103220,0,-29940,0,1 # block t=3930 q=12T53 r=24 k=0
55982942458664228996,0,156481147366415798676,0,151719182739724968206,0,47550193315411576022,0,-13269073136866806793,0,-10874651440641133402,0,-1014312060330323162,0,481569461138129658,0,84899247009148772,0,695394794517438,0,-833229590036,0,-4846792,0,1 # block t=3931 q=12T53 r=8 k=1
276298008172180107121,0,514429405850743691460,0,-10902002567047768590,0,-130729621533687828652,0,-47222496498725107761,0,-7588404171818702328,0,-635015347346483844,0,-27183329933305272,0,-501061128689505,0,-1739923789772,0,1030581426,0,-76956,0,1 # block t=3931 q=12T53 r=8 k=1
32506686728814592,0,61242086379307008,0,25303440894117888,0,2750730998656000,0,-325240145661888,0,-85936049077248,0,-5846078338752,0,-147213653760,0,-577718208,0,21144064,0,120072,0,-816,0,1 # block t=3931 q=12T53 r=8 k=1
572131590788431971,0,508000872654962379,0,-213234480759608001,0,-18151388545343823,0,13664373522634197,0,-1316758007091933,0,-14269427177949,0,3526292995344,0,104664689622,0,968062887,0,2975706,0,3204,0,1 # block t=3931 q=12T53 r=8 k=1
151818184898383468159,0,242979505296261919770,0,90503934842938763274,0,4969675729040736754,0,-2653971092601552687,0,-368180768810244538,0,9701447889621441,0,3218528299128476,0,75614937151141,0,-1924182240318,0,-5718263634,0,291240,0,1 # block t=3931 q=12T53 r=8 k=1
3538631561050614241,0,-3726263422199967548,0,-17959300682691717754,0,34861986056629253188,0,-13997402885832097687,0,-7059543487525598184,0,4062943744825746488,0,274168644799411480,0,6105252246409337,0,54948450494396,0,169503986190,0,854908,0,1 # block t=3931 q=12T53 r=8 k=1
25,0,285,0,201,0,-1436,0,-930,0,2503,0,1171,0,-1661,0,-652,0,314,0,158,0,22,0,1 # block t=3931 q=12T155 r=8 k=1
617686059592,0,1062269142528,0,-438493881408,0,-570465068864,0,-146227478004,0,-8663756832,0,1233192660,0,156836448,0,2747475,0,-173840,0,-3642,0,48,0,1 # block t=3931 q=12T155 r=8 k=1
172106801018024337,0,1659620302553404620,0,1007838139864799196,0,-92224000255618956,0,-72058475718640202,0,5274068413412628,0,1467910861134214,0,-128900253250204,0,-5432462716400,0,403978386268,0,13072944404,0,228644,0,1 # block t=3931 q=12T155 r=8 k=1
378545744353023528337,0,476880405263892463260,0,65902732680568678842,0,2745117837208881388,0,36200090901897279,0,-298705526166888,0,-10303568012916,0,-20106317736,0,984526191,0,3723148,0,-46086,0,-132,0,1 # block t=3931 q=12T53 r=8 k=1
44297207080943616,0,33688677649836736512,0,143467893679025184768,0,200538518686508224512,0,110443276637691674112,0,18803487024853187328,0,-980406074107352160,0,-2013330589162416,0,15279317982216,0,25749706356,0,-37643328,0,-30258,0,1 # block t=3931 q=12T53 r=8 k=1
46033530951558344704,0,179735961699748071424,0,36730269794401162240,0,2474187008682716672,0,50577743127378944,0,-1527229774765312,0,-98333168928768,0,-1877971273120,0,-11705938288,0,53644104,0,570392,0,-1722,0,1 # block t=3931 q=12T53 r=8 k=1
3127645757546099161,0,2900533558999244056,0,-2266876441463157714,0,183458552676950630,0,76045481772990803,0,-7031977627695338,0,-1050397055588879,0,49734322667162,0,6695551526179,0,137241659026,0,516477246,0,83292,0,1 # block t=3931 q=12T53 r=8 k=1
172611561111332831424225,0,-59862229918097117195250,0,-176189909670897391088973,0,150837758605445283929340,0,-43161124867527884859288,0,4031905880486560173039,0,49322617288064200836,0,185068345818048939,0,286846743499137,0,211557452130,0,78952770,0,14337,0,1 # block t=3931 q=12T155 r=8 k=1
34500338232503312512,0,170591066941737690624,0,57211305974654356992,0,-501209263172039786240,0,-429193215641430008208,0,-120718552686406340544,0,-11332959909070753848,0,-15420902676065424,0,1213392083718519,0,11574033304,0,-72390174,0,-312,0,1 # block t=3931 q=12T155 r=8 k=1
28370927734159086866921,0,123081643673548091218420,0,173310193470592979480858,0,107949756600519878684644,0,33099908781002791466155,0,4757285972832819415144,0,208024226529583818028,0,-8498415388653963416,0,95811296954267379,0,-440373138409004,0,719623316306,0,-1709724,0,1 # block t=3931 q=12T53 r=12 k=1
74811145746921320062559,0,131210051352916725497242,0,41459030966747653383466,0,5518277277775706556696,0,348765729715309142491,0,8690660575819914484,0,-46449389794750852,0,-3287323896946608,0,36973697839861,0,-134310430174,0,177842474,0,-77336,0,1 # block t=3931 q=12T53 r=12 k=1
28213960561603006464,0,0,0,-70330639381956587520,0,0,0,109299921363942336,0,0,0,-44166539183040,0,0,0,4071324384,0,0,0,-114840,0,0,0,1 # block t=3931 q=12T155 r=12 k=1
19643310276608,0,0,0,-31228355280896,0,0,0,10442131279872,0,0,0,-385824344064,0,0,0,1614349440,0,0,0,-1729280,0,0,0,1 # block t=3931 q=12T53 r=12 k=1
620245958799826752097,0,2374841837452788304620,0,3163988799128826135138,0,1470326360061971117180,0,-120547956511277958225,0,-150619359332016332328,0,29030080664256367068,0,-1798896003085898664,0,33479962380485583,0,134967347801404,0,-17329165854,0,-193236,0,1 # block t=3931 q=12T53 r=12 k=1
1520137449,0,1794658068,0,-4661250822,0,2592470132,0,-454072449,0,-35594264,0,16450444,0,-103736,0,-217609,0,-1660,0,1306,0,68,0,1 # block t=3931 q=12T53 r=12 k=1
119068188217344,0,547721944258560,0,545231975436032,0,228447540990208,0,43024669897328,0,2276367875960,0,-263472019991,0,-15312173374,0,1557704735,0,-42550652,0,471591,0,-1886,0,1 # block t=3931 q=12T53 r=12 k=1
712237681,0,8687287316,0,-3214100558,0,-1074093404,0,200510671,0,39003048,0,-5018628,0,-613272,0,63135,0,4420,0,-398,0,-12,0,1 # block t=3931 q=12T53 r=12 k=1
1831095632926799,0,1530313309883762,0,-561319473043696,0,17564079392837,0,3724509426503,0,-95912007708,0,-10399301750,0,115908435,0,12805076,0,-22441,0,-6487,0,-14,0,1 # block t=3931 q=12T155 r=12 k=1
74455,0,394395,0,-1021365,0,-544865,0,502434,0,190755,0,-71283,0,-21582,0,3915,0,802,0,-102,0,-9,0,1 # block t=3931 q=12T53 r=12 k=1
35184372088832,0,0,0,-369711914429232185344,0,0,0,940525055976085263169792,0,0,0,-37506479368434683754752,0,0,0,1373710150899809792,0,0,0,-9764637535568,0,0,0,1 # block t=3931 q=12T53 r=12 k=1
140403557333670464,0,193156401313501056,0,-645254853437349792,0,-512041981071939936,0,853249373287113252,0,44426370172441392,0,-2493535476216,0,-9882337896912,0,-6942212544,0,517997576,0,-1163580,0,-1128,0,1 # block t=3931 q=12T155 r=12 k=1
596116234863614222244977,0,999246830779863991191996,0,334574400701833251607410,0,11141724742605125435052,0,-9758617274700458599473,0,-1294227708050333622024,0,3088015932995346044,0,8402798742285569976,0,360271183374803871,0,-162635069235636,0,19452570162,0,-270180,0,1 # block t=3931 q=12T53 r=12 k=1
44374614712955903409641,0,114315503884412426911960,0,87309929737813683290050,0,30400179486720479405192,0,5209458514764488176911,0,369303150731092039520,0,-3428800905702554644,0,-1221012426655390144,0,2096441692127335,0,-1210527572216,0,294987506,0,-29960,0,1 # block t=3931 q=12T53 r=12 k=1
3195912693928705,0,2503631626802760,0,-6640376458535630,0,1219704373553680,0,277466895733999,0,14707331897264,0,111111518844,0,-10396242112,0,-167960465,0,2955976,0,36850,0,-528,0,1 # block t=3931 q=12T155 r=12 k=1
889102311757541271491,0,9202685632330032314174,0,7970675548129488661803,0,1432517692795257064214,0,-336457789703044157443,0,-53145300056181825822,0,9675424833421325957,0,-492350361982499708,0,9827768738625142,0,-63090900133944,0,72196134668,0,-1318514,0,1 # block t=3931 q=12T53 r=16 k=1
109691412562334975135744,0,53754680959767095107584,0,-77240869378783073769472,0,26255014838552189515776,0,-4007214454546708497664,0,284314702628506733568,0,-6927302543783918848,0,-68742355972545792,0,1373091484916400,0,3280051713120,0,-54667526968,0,-72,0,1 # block t=3931 q=12T53 r=16 k=1
337762746702045825425,0,449370857339144254345,0,-38095583610035527814,0,880162610506502314,0,12244581813220547,0,-961914523441659,0,17843672936834,0,-107009747281,0,-812645260,0,14768462,0,-54945,0,-144,0,1 # block t=3931 q=12T155 r=16 k=1
53790477782724,0,129809529544800,0,8627724941560,0,-50923590425992,0,14824694349394,0,-743022721776,0,-255368070520,0,44692252384,0,-2956103281,0,88849380,0,-997574,0,-292,0,1 # block t=3931 q=12T155 r=16 k=1
15971284385792,0,2283400790016,0,-18708786561024,0,7683439935488,0,2614336128000,0,-2769729490944,0,837291046912,0,-114934996992,0,6155971296,0,803392,0,-637392,0,48,0,1 # block t=3931 q=12T53 r=16 k=1
28166373,0,230975301943980,0,1127978336216291670,0,47624855157029801943,0,-75537027398300257053,0,-719176961703469973886,0,11786141510683182684,0,-59900956849601307,0,121085025846138,0,-113097978135,0,52553115,0,-11748,0,1 # block t=3931 q=12T155 r=16 k=1
17869862896625323179,0,148913010764616172125,0,9909137826507443290,0,-2765861995413684499,0,170939248996410532,0,-4857130834131936,0,64327668188425,0,-163343831186,0,-4947647278,0,40042949,0,54787,0,-1038,0,1 # block t=3931 q=12T155 r=16 k=1
976778335,0,-292619208,0,-5935785000,0,-348831364,0,667759959,0,-21755664,0,-22325808,0,2386440,0,140841,0,-38920,0,2712,0,-84,0,1 # block t=3931 q=12T155 r=16 k=1
1252525079275,0,-4775210188472025,0,-77533196262479415,0,1979671158520682705,0,-8116468500602288104,0,1364963121158211565,0,589952261652464322,0,-13465327878590022,0,38829122631778,0,372958044423,0,-147864487,0,-21537,0,1 # block t=3931 q=12T53 r=16 k=1
4096,0,94208,0,-222208,0,4096,0,231168,0,-86784,0,-69184,0,40256,0,2784,0,-4944,0,928,0,-56,0,1 # block t=3931 q=12T53 r=16 k=1
110149859866259414515321,0,402924931490991050949444,0,-64824826301468079852750,0,-11294388760716972908140,0,3627946890816917675967,0,-368470875649286063160,0,18251308962587282460,0,-445829809863502584,0,4280771931102567,0,155209133300,0,-1193908974,0,-156,0,1 # block t=3931 q=12T53 r=16 k=1
402724318554745,0,24173131474931590030,0,2881695410613078383070,0,66699375453743380296450,0,404351958139090572897976,0,-43959685246843600159141,0,1351157769682979091029,0,-9177828625871656558,0,22368549273149112,0,-18955088097119,0,3142679451,0,-126777,0,1 # block t=3931 q=12T53 r=16 k=1
6687598033738896171776,0,27762319205330768462336,0,35030554712814244892032,0,6926766481706373931072,0,-12758461322021584049936,0,-4989568340181369605088,0,716090492014792913924,0,-28137728825642452358,0,366599954536908013,0,-1309229008523162,0,602229962722,0,-3864768,0,1 # block t=3931 q=12T53 r=16 k=1
3541264,0,1572608,0,-11013136,0,7988544,0,-452702,0,-1383272,0,449148,0,6864,0,-26434,0,4856,0,-276,0,-8,0,1 # block t=3931 q=12T53 r=16 k=1
2319145835823882305536,0,2509342125332975976448,0,-478614212345965789184,0,30104199136766918656,0,-757553363839833088,0,4005688875822592,0,176617976470336,0,-3729319811648,0,25694233136,0,8482816,0,-885812,0,2860,0,1 # block t=3931 q=12T53 r=16 k=1
53846542333464283687808,0,-49954647661973072939008,0,13104083002778592631488,0,-1644543907419109104592,0,118333225013594877585,0,-5270871123917689376,0,149144564667661084,0,-2652390635834888,0,28197385828544,0,-160234188880,0,376275396,0,-64776,0,1 # block t=3931 q=12T53 r=24 k=1
264005208,0,-781450464,0,1012813528,0,-761024232,0,369831855,0,-122706792,0,28569834,0,-4715088,0,548807,0,-44040,0,2318,0,-72,0,1 # block t=3931 q=12T155 r=24 k=1
165845409922124005490176,0,-274694995021274086643712,0,183086687815404381838848,0,-64009282169356329684480,0,12825487001059696781376,0,-1498333272300837878784,0,98234625614221052416,0,-3241323558746672256,0,42247995198879096,0,-41204620276000,0,7483501320,0,-180264,0,1 # block t=3931 q=12T53 r=24 k=1
4047059,0,-15919822,0,27558102,0,-27969264,0,18623817,0,-8597936,0,2827921,0,-668668,0,112927,0,-13294,0,1036,0,-48,0,1 # block t=3931 q=12T53 r=24 k=1
974114569696,0,-1879565291520,0,1462846002816,0,-620274499232,0,161840823588,0,-27687295008,0,3213817512,0,-256853664,0,14103864,0,-520976,0,12324,0,-168,0,1 # block t=3931 q=12T53 r=24 k=1
302786933282329,0,-687522171499220,0,626703100010106,0,-300954794016955,0,83736191409392,0,-13959165232989,0,1393989439516,0,-81292875653,0,2638653439,0,-43953893,0,338244,0,-1012,0,1 # block t=3931 q=12T53 r=24 k=1
8222121104622833664,0,12788543038660761600,0,6743687085801298944,0,1210621898082777600,0,29225467946287872,0,38661632750961408,0,13207176704915072,0,81367291897920,0,-345460327440,0,-1390113544,0,5273820,0,-3870,0,1 # block t=3932 q=12T63 r=0 k=2
1326758107,0,2644962966,0,2216733738,0,1038107597,0,301572990,0,55176318,0,5895060,0,290466,0,7956,0,3125,0,558,0,39,0,1 # block t=3932 q=12T62 r=0 k=2
3391899234640996646029,0,2731003061833802735332,0,316102568420571261218,0,17601738074855476196,0,596507183743571752,0,13544848538027636,0,215688840992807,0,2454280640604,0,19940197887,0,113309068,0,428745,0,972,0,1 # block t=3932 q=12T62 r=0 k=2
1516137726976,0,2701407068160,0,1740339862528,0,610769362944,0,135997798912,0,20663875584,0,2221602560,0,171422208,0,9461424,0,365280,0,9380,0,144,0,1 # block t=3932 q=12T62 r=0 k=2
12766163083,0,25508267940,0,22392225883,0,11516348192,0,3886160352,0,909983964,0,152053995,0,18309336,0,1579696,0,95384,0,3831,0,92,0,1 # block t=3932 q=12T63 r=0 k=2
226310186682009,0,919474065761778,0,1494826040595123,0,1229177028193302,0,528466600085931,0,109072106034924,0,8000155443986,0,-115317994188,0,4865222931,0,-33639934,0,326499,0,-426,0,1 # block t=3932 q=12T63 r=0 k=2
169114903,0,-233758461,0,179363369,0,-88581767,0,24486227,0,-2281214,0,-510126,0,136206,0,621,0,-3925,0,597,0,-39,0,1 # block t=3932 q=12T63 r=0 k=2
878559555584,0,-474892976128,0,357904433152,0,-156641896448,0,43298518272,0,-7511023616,0,792745984,0,-36761600,0,2615936,0,-53760,0,2864,0,-24,0,1 # block t=3932 q=12T63 r=0 k=2
21331794177,0,-36830787372,0,36415104210,0,-19284696284,0,6437168303,0,-983300952,0,175360252,0,-4975128,0,657327,0,-11900,0,1234,0,-12,0,1 # block t=3932 q=12T63 r=0 k=2
3311251456,0,8255756288,0,8591463424,0,5090973184,0,1943894528,0,508608000,0,94068288,0,12443456,0,1171952,0,76816,0,3332,0,86,0,1 # block t=3932 q=12T62 r=0 k=2
23858406818934318766693,0,41583993644929021525622,0,29597380540919201958245,0,11090617884092079237136,0,2325988539232185580284,0,262837539667482697970,0,13274022372497612892,0,121003080956856014,0,363111462642904,0,313173786556,0,112391149,0,17622,0,1 # block t=3932 q=12T62 r=0 k=2
1783215517,0,3769793343,0,1761628470,0,-774808075,0,-622086630,0,-24309525,0,64119361,0,18224712,0,2172150,0,134025,0,4617,0,93,0,1 # block t=3932 q=12T62 r=0 k=2
29908282589821,0,37925748609180,0,18480572225006,0,5005708246980,0,868836375783,0,103534579800,0,8767934420,0,534747720,0,23396731,0,717900,0,14686,0,180,0,1 # block t=3932 q=12T62 r=0 k=2
158812466077201,0,-1767092737588,0,-36774251941150,0,10321540198060,0,-492546913457,0,-194439015240,0,38084012636,0,-3106658408,0,129724543,0,-2503172,0,6626,0,316,0,1 # block t=3932 q=12T62 r=0 k=2
78788772700416,0,120585487781376,0,66669899841792,0,19248605952768,0,3368880554112,0,385720175232,0,30077886816,0,1625580576,0,60830352,0,1543536,0,25272,0,240,0,1 # block t=3932 q=12T63 r=0 k=2
1634548130531072,0,6988083675229184,0,10812074684266096,0,6180111112073272,0,-995426551320213,0,-2430911311277042,0,-728440154447906,0,-14474401427666,0,68823637964,0,470816106,0,-311974,0,-1326,0,1 # block t=3932 q=12T62 r=8 k=2
9361049180317,0,-3429060185235,0,-2221512728121,0,-627060475301,0,1108202500503,0,-213579565830,0,6526774203,0,679175892,0,-5875497,0,-310499,0,1032,0,-72,0,1 # block t=3932 q=12T62 r=8 k=2
262841467064927193,0,1177084502346668292,0,440852172029289867,0,67049376368382536,0,4784913118624713,0,117905977943680,0,-3757807441687,0,-230563729646,0,-409003205,0,99264700,0,96742,0,-1170,0,1 # block t=3932 q=12T62 r=8 k=2
11591368704,0,24252825600,0,6926770176,0,-1170632704,0,-602431488,0,-22833664,0,12838848,0,1310592,0,-58800,0,-12016,0,-196,0,28,0,1 # block t=3932 q=12T62 r=8 k=2
139965974994213271,0,-142041486733796913,0,34067291801332260,0,-4101647080243784,0,306130789183329,0,-15608562125814,0,572823514284,0,-15550369380,0,314682795,0,-4680212,0,48837,0,-321,0,1 # block t=3932 q=12T62 r=8 k=2
191342316362689371193,0,-172329987142015884928,0,25628157432338578237,0,-1848586569010656256,0,81229369533296692,0,-2389466562897920,0,49208827649904,0,-722523914240,0,7554221056,0,-55063680,0,266261,0,-768,0,1 # block t=3932 q=12T62 r=8 k=2
582202672402129,0,1446629038756630,0,1260246575700090,0,526334479938254,0,112247629874452,0,10746830247788,0,65503351939,0,-50519962608,0,-1505362289,0,9449525,0,235114,0,-1622,0,1 # block t=3932 q=12T62 r=8 k=2
305591748797,0,-475885764888,0,289642854480,0,-90415645980,0,15308000589,0,-1009879392,0,-43221648,0,8289942,0,226368,0,-23419,0,-1095,0,12,0,1 # block t=3932 q=12T62 r=8 k=2
27169901021673498832,0,-19224237164015561384,0,3252603784834250100,0,-277792346286529378,0,14667604633145977,0,-522952412367108,0,13139612041872,0,-236766802256,0,3055413926,0,-27650596,0,167036,0,-606,0,1 # block t=3932 q=12T62 r=8 k=2
304490053997824,0,-358566502056448,0,150048639499776,0,-33952214833920,0,4852723700736,0,-471929760384,0,32416207520,0,-1596578336,0,56239568,0,-1386544,0,22768,0,-224,0,1 # block t=3932 q=12T62 r=8 k=2
1224425746619,0,-77403844428,0,-410054303477,0,-323237746400,0,332788750664,0,-89802849145,0,12558587734,0,-867492616,0,31964110,0,-679220,0,8986,0,-107,0,1 # block t=3932 q=12T62 r=8 k=2
161416136456205079,0,-139414073362754110,0,37776843433527375,0,-5361452566581250,0,472675766742077,0,-27977142496102,0,1154045716159,0,-33628007916,0,688448942,0,-9645812,0,87354,0,-454,0,1 # block t=3932 q=12T62 r=8 k=2
123597172554451,0,-230439334374120,0,186163120971361,0,-85302421524062,0,24408103102107,0,-4889712955036,0,732066025717,0,-47968692385,0,1030382430,0,-10541438,0,79184,0,-377,0,1 # block t=3932 q=12T62 r=8 k=2
2083156105004068,0,13526790069281080,0,20466193159988996,0,8512198415225372,0,-3747611756611585,0,-3837616727258034,0,-835676062156980,0,-13660290702798,0,99363256754,0,406462718,0,-556861,0,-1022,0,1 # block t=3932 q=12T62 r=8 k=2
13698194106557163636092,0,35170304804582962172136,0,7209860131397251056204,0,439859082382850245808,0,2180480305867571884,0,-405170337436747960,0,-4541291960907484,0,61659347771648,0,667332011432,0,-1010258480,0,-9178844,0,132,0,1 # block t=3932 q=12T62 r=8 k=2
401528313431590549,0,2065188075500310293,0,4159490722095389846,0,3925302072287069377,0,1352058464741074477,0,-447368106578965984,0,-466194080292175415,0,-95612017973574763,0,627184064945235,0,-1205048873531,0,892212250,0,-224096,0,1 # block t=3932 q=12T62 r=12 k=1
44180407428598393987,0,170804325721899882611,0,257603647023717718095,0,195345176906705983802,0,77794706525151636986,0,14498392623748280404,0,521300417159399323,0,-120734735228359233,0,741528114208112,0,-1338879151816,0,937399145,0,-225230,0,1 # block t=3932 q=12T62 r=12 k=1
3151897486422141080276,0,248924354882364022728,0,-42944790752810743434420,0,-3281359704747274914604,0,128595175141797378148059,0,8989499505588176129318,0,-20969076253638418864250,0,-11522551644649149702,0,39687088178049646,0,2041037431710,0,-551199515,0,-9456,0,1 # block t=3932 q=12T62 r=12 k=1
4434051530076374828059,0,23800582661614537824024,0,29408477653963547235337,0,14397917481917561797642,0,3189540937858736078519,0,276800016694785214481,0,-2813426409993272368,0,-1185498980706011956,0,4954242027109411,0,-5876985644857,0,2667473537,0,-411142,0,1 # block t=3932 q=12T62 r=12 k=1
4599599241152,0,14698139007424,0,15783221578736,0,7525883206992,0,1427565595485,0,-56372680696,0,-50280751492,0,-2500064562,0,348568910,0,-10455928,0,126145,0,-614,0,1 # block t=3932 q=12T62 r=12 k=1
64595230578619835903,0,1097006783669748569022,0,4930997541836666245499,0,10098007107492529657548,0,10682778109709852338527,0,5665685179718070679224,0,1149861926715437167587,0,-32404175915503619823,0,62257423027111036,0,-36765780140480,0,8500828452,0,-675689,0,1 # block t=3932 q=12T62 r=12 k=1
61073354074945036283,0,452702307847503538537,0,1308532440089909745351,0,1867991255309768364669,0,1365954047007716496381,0,468360460447569279356,0,49259738670399448644,0,-4057066225739010828,0,11940646629126876,0,-10707603096125,0,3749819418,0,-450188,0,1 # block t=3932 q=12T62 r=12 k=1
148187583489026029,0,-18192128304213633133,0,-125038375228254073287,0,-249433445285142866014,0,-34692692379943925854,0,340039558226047292100,0,232111074352207440660,0,-5060890377683021760,0,-22470929772584581,0,4888048442215,0,4198115341,0,-987050,0,1 # block t=3932 q=12T62 r=12 k=1
531441,0,0,0,-54266031,0,0,0,488755134,0,0,0,-137337768,0,0,0,1108242,0,0,0,-2007,0,0,0,1 # block t=3932 q=12T62 r=12 k=1
829219249326634583824,0,0,0,-2251604272202778463264,0,0,0,28026716234517370816,0,0,0,-14079102789180328,0,0,0,1386235371272,0,0,0,-14749648,0,0,0,1 # block t=3932 q=12T62 r=12 k=1
600774629360197179007024,0,614767830310698769987280,0,-202151468545951372156488,0,24668301920972249146566,0,-1537520426594335308523,0,51212051911273286007,0,-801256790215927220,0,2015126151543958,0,53209586410576,0,156158262119,0,164596371,0,59340,0,1 # block t=3932 q=12T62 r=12 k=1
407241409303,0,1491909312437,0,-3379705284929,0,2564682141389,0,-931260418360,0,157473883640,0,-5493726835,0,-1460860667,0,73800142,0,8018963,0,193524,0,1503,0,1 # block t=3932 q=12T62 r=12 k=1
978000792751,0,14081826096464,0,75820977471948,0,189274064746160,0,220461227405743,0,99520050088982,0,4045693657575,0,-4640119736880,0,146680044627,0,-1534851810,0,5671183,0,-4700,0,1 # block t=3932 q=12T62 r=12 k=1
48661496395120741376,0,174345008150752910592,0,214344806714945574176,0,122652569170527714120,0,35158417012006230353,0,4780833750538830282,0,214346623683912404,0,-5134435396878626,0,29557760392302,0,-47833943018,0,32097759,0,-9420,0,1 # block t=3932 q=12T62 r=12 k=1
17750312981096,0,91425009036776,0,6436670594564,0,-15604520160954,0,106264362566,0,358095426188,0,13013250325,0,-1474740282,0,-73958833,0,425278,0,31761,0,-374,0,1 # block t=3932 q=12T62 r=12 k=1
4805388902232938809809,0,10877461842508306214940,0,-1899246811892717251854,0,94686997308136865100,0,-1859254363593245169,0,7153241083748280,0,276472014336252,0,-4406863481352,0,23512930047,0,-10255572,0,-285390,0,444,0,1 # block t=3932 q=12T63 r=16 k=2
3078331179381,0,-29626598301768,0,-89611966516593,0,101924086637716,0,177367921606494,0,-184219956904304,0,31435925819028,0,985809882484,0,-102976313674,0,-70159632,0,3833335,0,-4112,0,1 # block t=3932 q=12T62 r=16 k=2
6359863820713942280617,0,2806122819051753677052,0,-6952784661383158344486,0,1755359647331302221668,0,124917354952901116223,0,-10311569610393016144,0,-693793559717196692,0,-4297476531899696,0,157385037687127,0,-598764196332,0,437874570,0,-55540,0,1 # block t=3932 q=12T62 r=16 k=2
9355996945452029728,0,61194900414298525488,0,-10161627618292510440,0,643029091873541428,0,-18779037937488468,0,189581757340068,0,2840922969117,0,-89044027542,0,571141143,0,4173748,0,-57897,0,42,0,1 # block t=3932 q=12T62 r=16 k=2
5337485632,0,14988337280,0,-22590625968,0,11574398472,0,-2810337901,0,288096830,0,9258956,0,-5056880,0,395572,0,-434,0,-1079,0,18,0,1 # block t=3932 q=12T62 r=16 k=2
12826625413828,0,26031220751520,0,-33729324908564,0,5308965013716,0,-78104351985,0,-38403419388,0,2920058442,0,-33638676,0,-4170062,0,163758,0,-429,0,-72,0,1 # block t=3932 q=12T62 r=16 k=2
571181079723343,0,147545537964155964,0,881313602182582643,0,-1169719385773289927,0,-7459159149871829875,0,931035007798352151,0,7152745392685471365,0,-634228836771028859,0,3036775173503036,0,-4189261145798,0,2205947697,0,-392628,0,1 # block t=3932 q=12T62 r=16 k=2
153257492851,0,8159647099647,0,-184478750980358,0,813465066703625,0,4298272524481432,0,-40347847248775243,0,80843013599265739,0,-4310375245751490,0,-13474338154168,0,57003335321,0,4474409,0,-65953,0,1 # block t=3932 q=12T62 r=16 k=2
48624639221727427184,0,-20830207517274025456,0,-69326874563940855648,0,30618821692830536976,0,-1792103292207190328,0,-294386736327677112,0,444813914830672,0,93178382037564,0,-699625110648,0,-81154396,0,9039390,0,-10290,0,1 # block t=3932 q=12T63 r=16 k=2
4567650393034251556067,0,5558645930957911568857,0,-2240055123939517689140,0,338440748747721477411,0,-26682588109059790246,0,1176400637136391037,0,-27684584832758019,0,271757756566188,0,168580546384,0,-5545752264,0,-2657562,0,16383,0,1 # block t=3932 q=12T62 r=16 k=2
6356425781448546648391,0,660552687908566407538854,0,-161708986605522727104669,0,16702441551714048301654,0,-939873891199910163099,0,30896224186069655272,0,-585449734868952160,0,5738538781607161,0,-19558439000759,0,-33124648498,0,72732012,0,84463,0,1 # block t=3932 q=12T62 r=16 k=2
4431457558379097228544,0,-12762049106563289043200,0,-174589378960618573104,0,39699187824069337910248,0,-56920896869838749228651,0,32683472094106490380452,0,-6975946586299309710864,0,19344806724744085044,0,19662989180189634,0,-4591235907716,0,-260416232,0,28356,0,1 # block t=3932 q=12T62 r=16 k=2
8257805780913682701677,0,4338401730971763058667,0,-3295909625723251537860,0,756215240529759357166,0,-87485875053968009548,0,5611965031230172292,0,-193295270640946125,0,2922771886365487,0,-4899582508626,0,-42959851555,0,-3603076,0,64507,0,1 # block t=3932 q=12T62 r=16 k=2
109574131665437548,0,-1364848566032505976,0,3476276543198890032,0,-1894940523768214116,0,-3099579178210682551,0,4155159841790147786,0,-1396898785645468819,0,14787135135435226,0,31821369950779,0,-43836200432,0,-7919231,0,6180,0,1 # block t=3932 q=12T62 r=16 k=2
2697328634289173146048,0,5833796009176444272896,0,-1480600653404270189056,0,141244527667412543360,0,-7037384548455439120,0,201972639128677856,0,-3329175598062416,0,27039664709728,0,-11516068668,0,-1373008376,0,6300496,0,5808,0,1 # block t=3932 q=12T62 r=16 k=2
11342985450570906364489,0,11990277326598375563612,0,-6565675346074512489766,0,1237249073084171208604,0,-114463382799075135425,0,5414050708008024952,0,-112350870327779764,0,226460052102232,0,14207613322199,0,-29195822164,0,-40761222,0,-9332,0,1 # block t=3933 q=12T86 r=16 k=1
6382365729670147151497,0,77272573171164716527004,0,-7766953334371319534742,0,-1786579333014738857764,0,113042872570279074047,0,14320094287117045496,0,-424071583117179604,0,-37670526657258792,0,189337133818967,0,-251989610004,0,124494730,0,-21044,0,1 # block t=3933 q=12T86 r=16 k=1
9838071808,0,13756268544,0,-904730624,0,-2659377152,0,351818496,0,125563904,0,-34524928,0,2325760,0,170032,0,-37568,0,2536,0,-80,0,1 # block t=3933 q=12T86 r=16 k=1
46864797062286029107712,0,171207227642907534871040,0,119242820104956791743488,0,26782261659079690144768,0,912651978540657722180,0,-184341716483035457232,0,5116179959692078976,0,-47318786336986280,0,120273219539188,0,-122694147608,0,58394948,0,-12764,0,1 # block t=3933 q=12T86 r=16 k=1
2742103366500352,0,2740501182021632,0,-2669038135443456,0,-633794369503232,0,126618803990528,0,23732045082624,0,-1956028606976,0,-236803456512,0,10109202816,0,-126992832,0,659488,0,-1408,0,1 # block t=3933 q=12T86 r=16 k=1
25853729905509128347873,0,354855218586378437808744,0,405007578791471365513938,0,98050179410438044405904,0,-17745875721037834697133,0,-5061752890792523363832,0,325935202426985141572,0,-5069053596216626840,0,7118059106560531,0,-3038245257024,0,542914882,0,-41160,0,1 # block t=3933 q=12T86 r=16 k=1
22087364265849294848,0,-14065199848892293120,0,-17856701605447772160,0,21041407030651371520,0,-7554546996948398336,0,955403253995929600,0,-5285382549112832,0,-1762825658497792,0,9119599735152,0,37468592096,0,-42883544,0,9008,0,1 # block t=3933 q=12T86 r=16 k=1
4725671564881,0,4471864022068,0,-20799801662270,0,12223525922660,0,-2730330874545,0,225664804456,0,2576578652,0,-1049520280,0,14249151,0,1236836,0,-1406,0,-204,0,1 # block t=3933 q=12T86 r=16 k=1
27230171875,0,211485314375,0,-67220463725,0,-2554026340,0,3089014796,0,-299672900,0,-24643941,0,6215450,0,-338044,0,-8435,0,1694,0,-70,0,1 # block t=3933 q=12T86 r=16 k=1
173831329,0,492253548,0,-554988246,0,86179136,0,62366175,0,-23287752,0,1292496,0,518688,0,-80721,0,284,0,678,0,-48,0,1 # block t=3933 q=12T86 r=16 k=1
3305435892855556,0,4089884099997648,0,-1677263013225728,0,-136890243776916,0,126463983612402,0,-17980860824088,0,787062247367,0,10102054218,0,-963155655,0,9574452,0,69673,0,-642,0,1 # block t=3933 q=12T86 r=16 k=1
41333114191425626781,0,46573621343801655336,0,-10211776139244568860,0,789660339279311970,0,-26685896759398044,0,280970451371790,0,4622689930779,0,-105899579820,0,21737646,0,9303390,0,-30735,0,-234,0,1 # block t=3933 q=12T86 r=16 k=1
158910861291399679519,0,512638459353958424124,0,43455616827447377586,0,-6306408594995992826,0,250004610827752077,0,-4433302917601569,0,29614050270960,0,155122739613,0,-3554211897,0,15181573,0,42186,0,-483,0,1 # block t=3933 q=12T86 r=16 k=1
48052186632894076554049,0,55471564881087323948088,0,-60013241897034481776421,0,19669252502152374311664,0,-2973672480761457154482,0,213601952229677472918,0,-5977059007077764401,0,6045413142840012,0,471052947074104,0,-458556930882,0,-2003312818,0,15032,0,1 # block t=3933 q=12T86 r=16 k=1
10034032400253025,0,9180609395030660,0,-5799238459437502,0,1123738168955380,0,-92611056336721,0,2336871291656,0,100373073052,0,-5548872440,0,-9543217,0,2847860,0,-1470,0,-252,0,1 # block t=3933 q=12T86 r=16 k=1
962251880218135138425856,0,-864186396568995890514432,0,218097894718201597358592,0,-20748888195018389402880,0,863978937382878135008,0,-16731582228873404888,0,159317309284172703,0,-839440254834656,0,2632958807091,0,-5051032416,0,5821389,0,-3704,0,1 # block t=3933 q=12T86 r=24 k=2
17298904952296885240888,0,-29302494699978562487184,0,16911841083707414314836,0,-4298816707212261479032,0,515196774229159058110,0,-29252287800896032820,0,850718502827614619,0,-12722336277690214,0,87514300789153,0,-186828399264,0,105276777,0,-20414,0,1 # block t=3933 q=12T86 r=24 k=2
940331989538570364896,0,-2215095673146911770336,0,2070503751237622323544,0,-978562886971907505488,0,246303267540440038284,0,-32020215067054445864,0,1968194289718023740,0,-46018286244736088,0,329537011889708,0,-664198050812,0,308240684,0,-44532,0,1 # block t=3933 q=12T86 r=24 k=2
3798729568545409,0,-13108754560480788,0,16839060985781314,0,-9868072689284740,0,2685804853513967,0,-373252065542184,0,27519646539676,0,-1055207607720,0,19644796527,0,-177027012,0,771138,0,-1492,0,1 # block t=3933 q=12T86 r=24 k=2
110896033,0,-307555160,0,384006716,0,-285889240,0,141524212,0,-49125170,0,12270439,0,-2223680,0,290342,0,-26650,0,1633,0,-60,0,1 # block t=3933 q=12T86 r=24 k=2
229476393424815511433,0,-922928499686348889244,0,1441248408804072093114,0,-1083179014933145605844,0,390276140698011598191,0,-58289892663441190312,0,3467776633407044940,0,-71754973560525112,0,443488814137351,0,-792938504764,0,341185274,0,-46196,0,1 # block t=3933 q=12T86 r=24 k=2
59292624614835429726016,0,-178289265227971022724800,0,212270063812986695539696,0,-127208770340558352288544,0,40021661216083009317916,0,-6172784512135937043564,0,370739452337625900417,0,-5275544272027750712,0,24585441378209715,0,-39275809534948,0,19582550439,0,-278232,0,1 # block t=3933 q=12T86 r=24 k=2
950659743744,0,-1519073722368,0,1011739062272,0,-380658765824,0,91532913152,0,-14976286208,0,1722415168,0,-141069632,0,8200016,0,-330976,0,8828,0,-140,0,1 # block t=3933 q=12T86 r=24 k=2
86796663999386417663296,0,-87074904289530026621632,0,23422141567378915887792,0,-3001747859130988443424,0,218771027213181700012,0,-9704649879720787948,0,265462999708703605,0,-4332695506113080,0,38353779268412,0,-148709383416,0,183411343,0,-30700,0,1 # block t=3933 q=12T86 r=24 k=2
20746324975000000,0,-23393078317000000,0,7860337185040000,0,-1347673691268800,0,140806013093576,0,-9727209822970,0,462683219513,0,-15411258954,0,359010064,0,-5730911,0,59726,0,-366,0,1 # block t=3933 q=12T86 r=24 k=2
26341176928661380313344,0,-41524463589764294145792,0,24359046214283805746752,0,-6563387043540339755136,0,821458248438776622192,0,-45036855744977905584,0,1213938486171771164,0,-16573244315358000,0,105632119616832,0,-233937011892,0,129838510,0,-23640,0,1 # block t=3933 q=12T86 r=24 k=2
3620590191424,0,-12964059867008,0,-25190585606864,0,11329045371792,0,9368646945100,0,-1374803161552,0,-593484675875,0,-10960977363,0,2081518000,0,-45956737,0,332889,0,-976,0,1 # block t=3934 q=12T86 r=16 k=1
241486608762136327,0,132315202312906736,0,-474326030961056675,0,316531369960172980,0,-94076864192690598,0,13291428454235532,0,-706007810631345,0,-6507787006674,0,486793117674,0,87716128,0,-23805240,0,42,0,1 # block t=3934 q=12T86 r=16 k=1
2254270869291666588472,0,7131242425144583142048,0,-1908607565132275712136,0,-1070413039733692946720,0,-62514369655727829966,0,6689481686513775072,0,295027639820917440,0,-18063062104552380,0,78307296399036,0,-108332425904,0,61376070,0,-13920,0,1 # block t=3934 q=12T86 r=16 k=1
44426900149353664,0,92375806019658304,0,-21185018830564848,0,-113252080106648096,0,-54007944890163068,0,-575355859983068,0,2250463982422399,0,-156349279011400,0,3218926685051,0,-25177064898,0,64997434,0,-15800,0,1 # block t=3934 q=12T86 r=16 k=1
47631947803410203545600,0,82519730873245970544640,0,3307868047106960825344,0,-154139808051635034112,0,-6073412317935790848,0,65834517696092800,0,1409973643133312,0,-28534640902496,0,211901156176,0,-829425760,0,1814300,0,-2098,0,1 # block t=3934 q=12T86 r=16 k=1
1258350733204006441,0,6089132195265531768,0,7519690665452661682,0,2984616646275683032,0,34027453084485555,0,-111218200936791928,0,9121096440971588,0,-238028183916632,0,1727563437067,0,-5067555440,0,6959170,0,-4400,0,1 # block t=3934 q=12T86 r=16 k=1
7829824,0,13897472,0,-5746048,0,-13523600,0,3814564,0,3882644,0,-1480439,0,-184504,0,159314,0,-28334,0,2209,0,-78,0,1 # block t=3934 q=12T86 r=16 k=1
6633897445414351117003,0,8037060791251077309480,0,-10450464621290701727348,0,4072959330837655888280,0,-737702953445270986664,0,63569551063578780670,0,-2032837435809322289,0,-7378687737474320,0,183793164513608,0,44935250550,0,-898703911,0,-60,0,1 # block t=3934 q=12T86 r=16 k=1
32262594511102063681,0,85663896707388331348,0,-17395470468690804506,0,1458296001258060768,0,-66253852098858613,0,1728610919217944,0,-23931354580544,0,90761437592,0,1803540947,0,-19326524,0,-22854,0,632,0,1 # block t=3934 q=12T86 r=16 k=1
74694680210978275249,0,132798267022268988768,0,2281121182540298826,0,-378694332802536288,0,1501811334979823,0,359204421899456,0,-7901865944436,0,259102784,0,2038120575,0,-31101984,0,215562,0,-736,0,1 # block t=3934 q=12T86 r=16 k=1
24024147041851636604,0,47692625449884473736,0,-12998650405662341108,0,63136297216276116,0,269162329854705138,0,-30843930179783584,0,1307656274530847,0,-17262278215206,0,-87430635295,0,2258727732,0,622181,0,-3754,0,1 # block t=3934 q=12T86 r=16 k=1
145969341884093169664,0,260904642574074740736,0,61108523290768736256,0,1598676541092713472,0,-517541602878822720,0,-19767250648990712,0,1080415394000145,0,-16912403511758,0,131280259030,0,-571760172,0,1417699,0,-1862,0,1 # block t=3934 q=12T86 r=16 k=1
5706740297405176,0,-6465698092442944,0,2591126537344472,0,-525864151626800,0,63763385181298,0,-5030793371312,0,270094046924,0,-10063507132,0,260215320,0,-4574548,0,52026,0,-344,0,1 # block t=3934 q=12T86 r=24 k=2
109158263404266420598750,0,-85875505470015901473000,0,8759178351273891983364,0,-413631810979839164840,0,11491325354844945774,0,-207044540379181512,0,2531712159097737,0,-21375590332770,0,124154799435,0,-483690932,0,1195611,0,-1674,0,1 # block t=3934 q=12T86 r=24 k=2
2633342703769,0,-5203901306220,0,3727681104828,0,-1380678255248,0,309877951653,0,-45745143084,0,4639235640,0,-329621256,0,16420599,0,-562712,0,12648,0,-168,0,1 # block t=3934 q=12T86 r=24 k=2
34898918229748918336,0,-32618755015054995328,0,6071898984090202912,0,-538254068542425504,0,28438196746442788,0,-987682402775488,0,23665809312856,0,-399558110768,0,4758415512,0,-39211984,0,213116,0,-688,0,1 # block t=3934 q=12T86 r=24 k=2
79748634027275807186,0,-176524629454523418692,0,149796354250037171794,0,-65693496638356578172,0,16386953010465430536,0,-2355409247122608132,0,183978380105639709,0,-6451889187088842,0,46513636004471,0,-111952362820,0,87574533,0,-17286,0,1 # block t=3934 q=12T86 r=24 k=2
1867734609224859904,0,-5450648851316139264,0,5768472576474439872,0,-2688754572889831840,0,546427457067235968,0,-44951156743329576,0,1769684660719017,0,-35837181873990,0,374458650399,0,-1889896444,0,4076055,0,-3606,0,1 # block t=3934 q=12T86 r=24 k=2
23433204965732870489,0,-56032748578660013608,0,47017921361581912834,0,-16551962214019461752,0,2270451501189501727,0,-112472283818722032,0,2476954779461660,0,-28345602844624,0,185131955623,0,-716279016,0,1620674,0,-1976,0,1 # block t=3934 q=12T86 r=24 k=2
2175130381200631491771,0,-1662412416289707706614,0,229987968658596069327,0,-14634906552335772912,0,545376448884329518,0,-13226821516355452,0,219976154792767,0,-2568236473606,0,21103470182,0,-119848146,0,448706,0,-998,0,1 # block t=3934 q=12T86 r=24 k=2
93699103498337891051968,0,-324534320727276382327360,0,421274368367918434068144,0,-247411018031271831570816,0,60772782089094678397268,0,-3886128534100927150532,0,85856634357893337309,0,-624689544396200194,0,1882908271572411,0,-2256115367920,0,675087043,0,-56490,0,1 # block t=3934 q=12T86 r=24 k=2
83394183232797134423300,0,-170035693868028975130760,0,134037129132395302555644,0,-50411736330997287477476,0,8900420436004131798760,0,-611514600165949566016,0,15604161030598022545,0,-109716406186216970,0,312795135313299,0,-397131650420,0,215806739,0,-38070,0,1 # block t=3934 q=12T86 r=24 k=2
39708237527002572390400,0,-31224964392673427456000,0,3479695876148600094720,0,-177394057582915338240,0,5252285594707045376,0,-100072939171545600,0,1291690746355776,0,-11562144968960,0,71974318816,0,-306042320,0,848036,0,-1380,0,1 # block t=3934 q=12T86 r=24 k=2
820052304774160182784,0,-797645160573171479040,0,146649852406061451648,0,-11348805649740015488,0,487741818251872548,0,-13149171421246512,0,236101350675768,0,-2900883638880,0,24485910120,0,-139425704,0,510324,0,-1080,0,1 # block t=3934 q=12T86 r=24 k=2
881010692,0,-2688950240,0,3583766520,0,-2744162180,0,1337778964,0,-435331540,0,96561205,0,-14661710,0,1508691,0,-102356,0,4331,0,-102,0,1 # block t=3934 q=12T86 r=24 k=2
898647593562157363146304,0,-736832316960742509667392,0,67343840098130255943024,0,-2726983518345311040256,0,62724912970111584300,0,-912195854673397236,0,8857315977016065,0,-58914064945386,0,269616144105,0,-834757786,0,1669326,0,-1944,0,1 # block t=3934 q=12T86 r=24 k=2
22238649200432062861,0,-85542049261743032732,0,130850602091302668305,0,-100918021295772443958,0,41027070325110323666,0,-8362951423007782596,0,724020199564599899,0,-16311126149978574,0,139858866960064,0,-463421945604,0,531306932,0,-45208,0,1 # block t=3934 q=12T86 r=24 k=2
21464825687922352037425,0,-28923454308039682333040,0,12070166181666742850398,0,-1902969136816958034728,0,146849609629112402871,0,-6065872804242058552,0,133887565319537552,0,-1450958794629016,0,6325027416555,0,-12700198600,0,12400426,0,-5728,0,1 # block t=3935 q=12T86 r=24 k=2
45449382712,0,-96151931136,0,87390750408,0,-45179091968,0,14836336002,0,-3270645144,0,497883444,0,-52897644,0,3904704,0,-195860,0,6354,0,-120,0,1 # block t=3935 q=12T86 r=24 k=2
447029418479545135000,0,-1127812813427722534000,0,1116101235045391305300,0,-553142336699298821680,0,144767667195901822284,0,-19193922358655110476,0,1110774774487116893,0,-21486450120520356,0,165113814630021,0,-506442615648,0,541547414,0,-45606,0,1 # block t=3935 q=12T86 r=24 k=2
689195793617105710400,0,-2176650194571100704320,0,2726844059198279631344,0,-1736648183329866032192,0,594676450134602384924,0,-105379921493395408980,0,8298215103392391537,0,-190673568861300902,0,1641234793840973,0,-4973887565166,0,4910572234,0,-139128,0,1 # block t=3935 q=12T86 r=24 k=2
3211760452,0,-7160254088,0,7045984548,0,-4068699844,0,1542122594,0,-405557828,0,76093729,0,-10286558,0,996209,0,-67512,0,3043,0,-82,0,1 # block t=3935 q=12T86 r=24 k=2
195569442604677952,0,-405968430808933184,0,343113345356966672,0,-151900986090617440,0,37792771597064620,0,-5281299999110660,0,393855481873219,0,-14342608762172,0,256671115199,0,-2169296194,0,7454860,0,-5148,0,1 # block t=3935 q=12T86 r=24 k=2
22715725,0,-85868075,0,140668825,0,-132227635,0,79637861,0,-32492717,0,9245144,0,-1855413,0,261589,0,-25348,0,1607,0,-60,0,1 # block t=3935 q=12T86 r=24 k=2
1657119859689865792,0,-5997125785649166272,0,8735367704346494576,0,-6544305358354907232,0,2660876857240116412,0,-564470851965420508,0,54534972045356297,0,-2008675850965452,0,26740221021858,0,-138146601358,0,219644365,0,-30554,0,1 # block t=3935 q=12T86 r=24 k=2
7055639612672185195967,0,-6270254486840025612682,0,1300036748043704971396,0,-130474856960737845214,0,7672777000645224699,0,-284308729823060068,0,6768072462718976,0,-101420794256572,0,893621581893,0,-3985220658,0,6666364,0,-3398,0,1 # block t=3936 q=12T186 r=8 k=2
187406492392683649319273,0,312954070570157528111756,0,-432125686594449534274228,0,128566818812475712593948,0,-3657278156109176765732,0,-2788662892430339530074,0,232922782439908088487,0,4517071662689339724,0,23341068384951014,0,38363045546562,0,19596952897,0,278172,0,1 # block t=3936 q=12T86 r=8 k=2
155702405483665485824,0,-142235280711140884480,0,24803785950189556736,0,-2062880955511716864,0,100851794088924928,0,-3137728243547776,0,63665017348800,0,-830018683520,0,6527772848,0,-26447112,0,38236,0,-124,0,1 # block t=3936 q=12T186 r=8 k=2
2588171659960062719749,0,-2649418977101807437915,0,313051554309473553339,0,-17108722430502757549,0,547487471865822568,0,-11197540255549869,0,151039832501765,0,-1342129422562,0,7706169987,0,-29237796,0,98666,0,-405,0,1 # block t=3936 q=12T186 r=8 k=2
5874345780387647488,0,14640042562398142464,0,11705512727071916544,0,2270020204275014272,0,-1244654891360165872,0,-595474733658957720,0,-71004726658677927,0,-479674971200708,0,28488462811196,0,33871809796,0,-513379191,0,-440,0,1 # block t=3936 q=12T86 r=8 k=2
19069496554163569,0,99244371692801200,0,-81222922304222198,0,16546256526134224,0,707301016716655,0,-373969809514528,0,-3264139298548,0,2182760985248,0,54166522431,0,462326896,0,1613258,0,2192,0,1 # block t=3936 q=12T86 r=8 k=2
332150625,0,1040738625,0,704159325,0,-166222935,0,-119876031,0,-6561,0,4627692,0,253935,0,-63099,0,-5724,0,207,0,36,0,1 # block t=3936 q=12T86 r=8 k=2
96415921262069533,0,-103335418319636989,0,30100588475979404,0,-4463379138275031,0,406596130420389,0,-24716915618445,0,1042456657392,0,-30927743143,0,641861355,0,-9079241,0,82838,0,-436,0,1 # block t=3936 q=12T186 r=8 k=2
83083600762508800,0,268147044102896640,0,257725021437065088,0,93662590812986496,0,6926633981278688,0,-2715369215329856,0,-427214087746552,0,-9628399684504,0,17746528684,0,1103319044,0,2234620,0,-15170,0,1 # block t=3936 q=12T86 r=8 k=2
363304304118083344,0,2686742855625580320,0,530830552615058544,0,32822093585399648,0,212733221378448,0,-53883104471952,0,-1908895733640,0,-2237501416,0,955026716,0,14945096,0,1412,0,-896,0,1 # block t=3936 q=12T86 r=8 k=2
51887634647,0,-101298687790,0,76972069145,0,-32513681299,0,8850135413,0,-1680325101,0,232185690,0,-23679372,0,1766411,0,-94077,0,3455,0,-82,0,1 # block t=3936 q=12T186 r=8 k=2
386143717873,0,-1339597130724,0,1739709335103,0,-1053362022709,0,322284417732,0,-62583103404,0,8084330457,0,-718357302,0,40406004,0,-1066462,0,4815,0,57,0,1 # block t=3936 q=12T186 r=8 k=2
4232690234585334073,0,15619368212511971852,0,20882157506800066922,0,11227681689367237228,0,1079677178302267807,0,-694404212525707688,0,-40459528252961428,0,1430523881260024,0,10787681334407,0,-34160698084,0,-41983542,0,-9188,0,1 # block t=3936 q=12T86 r=8 k=2
65992059730986590251,0,-62695123015565837430,0,10399087036751604464,0,-828212766477212682,0,39550309769916243,0,-1240972114958844,0,26709378154680,0,-401686157364,0,4238889985,0,-31275822,0,159960,0,-546,0,1 # block t=3936 q=12T186 r=8 k=2
3085491385381466216704,0,47236718135433763694080,0,2685635609702541508160,0,48396965820494510528,0,6332060808432580,0,-9709050732714016,0,-91203451958896,0,252538249528,0,7024159956,0,17110432,0,-127764,0,-364,0,1 # block t=3936 q=12T86 r=8 k=2
415323003218195000,0,891853930396104800,0,-597564768127499732,0,110975962459198168,0,-8831389760429050,0,305425836404992,0,-2339435527019,0,-94870497578,0,1484535937,0,5161372,0,-144111,0,246,0,1 # block t=3936 q=12T86 r=16 k=1
4085931972699294775,0,2535199962134956940,0,-16439183400985639319,0,-25856251088752843292,0,-12062899604933599522,0,-565066039296255122,0,514781399049251567,0,-14862482610984264,0,137222007987682,0,-466756707718,0,534304400,0,-45360,0,1 # block t=3936 q=12T86 r=16 k=1
81604378624,0,219580203008,0,-88164270080,0,-16940793856,0,5489950720,0,109998080,0,-113961152,0,7198816,0,488992,0,-83720,0,4392,0,-106,0,1 # block t=3936 q=12T86 r=16 k=1
379301043943526400,0,843664403536128000,0,451875615723626240,0,75998776755482880,0,-768191579085264,0,-636799021562456,0,38364969543913,0,-966361077870,0,12933507751,0,-99118160,0,436467,0,-1027,0,1 # block t=3936 q=12T86 r=16 k=1
6199126062515854666382,0,63446239203619590008028,0,-15078021671699461057186,0,-20882458090683921760328,0,-4024475094999947203526,0,-95739173263317778996,0,17592793348328097767,0,-228611826087498478,0,961935451685127,0,-1491707000500,0,714802571,0,-51262,0,1 # block t=3936 q=12T86 r=16 k=1
828572681564581146775,0,1064642557499434085430,0,-179311957695002275316,0,8526462358824923322,0,-87143055622840581,0,-2540516995969188,0,64515557324672,0,-407976712428,0,-1375712787,0,23771086,0,-44300,0,-302,0,1 # block t=3936 q=12T86 r=16 k=1
82415224497760107095000,0,76707751771778727966000,0,-62100043142502029572700,0,-59791689222395982639120,0,-10036014705457944340524,0,1310547342025414914620,0,292341027595647546629,0,-4847373146195889604,0,24030810701316137,0,-38599596006584,0,19617935368,0,-278184,0,1 # block t=3936 q=12T86 r=16 k=1
4977554455602805146113,0,11868495298772715411220,0,-15346992069753488781180,0,3037140087563467115196,0,1043987014884416467461,0,-297926917840153623156,0,19653882200504341656,0,-405554986412679116,0,902631248748397,0,-426058630840,0,-3366616,0,18472,0,1 # block t=3936 q=12T86 r=16 k=1
4914495748,0,13806545248,0,-2524267048,0,-2655099524,0,1103187248,0,-141078256,0,-2354207,0,2332482,0,-202161,0,136,0,935,0,-54,0,1 # block t=3936 q=12T86 r=16 k=1
315021907044475113577950,0,392849595989414046704520,0,30078691570707496312248,0,-8638489591102804045104,0,566464672684650619476,0,-17633021966343290700,0,289800138554143236,0,-2426158412772552,0,8760634427142,0,-10475628696,0,-915282,0,4920,0,1 # block t=3936 q=12T86 r=16 k=1
2875346488297612474304,0,28837791112937233820096,0,2549850375834995046608,0,-45643014358381577440,0,-6944320542856974636,0,-11625935307642276,0,3122142532892147,0,-43289218422576,0,276957609951,0,-984572924,0,2004537,0,-2192,0,1 # block t=3936 q=12T86 r=16 k=1
1545559347456,0,21892871444736,0,55183030685248,0,42007090576416,0,-255556014768,0,-6052982938000,0,1267569803689,0,-102518868866,0,3818755375,0,-64074572,0,435383,0,-1186,0,1 # block t=3936 q=12T86 r=16 k=1
4886291247996733340984,0,13851007252709838289920,0,9000057303141566633288,0,1846896943562655629024,0,12599832740388694418,0,-17954513767122290552,0,725980710186074260,0,-9279304473795988,0,32404518191372,0,-45644143348,0,30099422,0,-9144,0,1 # block t=3936 q=12T86 r=16 k=1
712,0,12592,0,40988,0,-107464,0,68394,0,4092,0,-21751,0,8502,0,-331,0,-612,0,183,0,-22,0,1 # block t=3936 q=12T86 r=16 k=1
1415210356770349479317,0,234723685499554914756,0,-2272390715765244081594,0,1708718962867476022092,0,-543577826654087798377,0,79954481083744674216,0,-4363469471355356476,0,-11203930384396392,0,466275917291699,0,61612818900,0,-2053760234,0,-36,0,1 # block t=3936 q=12T86 r=16 k=1
263874647532396881202832,0,-298068236595962669469504,0,119838494205057004583976,0,-22962318010936122797376,0,2313205796865652777516,0,-124342472040541340784,0,3405748147887692910,0,-41814674733110512,0,162024129538408,0,-238794140528,0,128789448,0,-20580,0,1 # block t=3936 q=12T86 r=24 k=1
22307553093136383125,0,-32982092354658044900,0,17202603608088277408,0,-4434086350881135974,0,653599098625370648,0,-58663191724726702,0,3246996938828175,0,-107324623824216,0,1928081269954,0,-15233974746,0,38473601,0,-15350,0,1 # block t=3936 q=12T86 r=24 k=1
13679230736690403904,0,-12019110151794365504,0,2643289580510320304,0,-280839463056299904,0,17518481107694508,0,-701743072083188,0,18909896087941,0,-350260011338,0,4469444955,0,-38589448,0,215123,0,-698,0,1 # block t=3936 q=12T86 r=24 k=1
9708690061357898042944,0,-15686496273236715253376,0,9725228462976788684672,0,-2986752607669969003408,0,485900054030579698996,0,-41458286950262943596,0,1697669629945540321,0,-27173412422404046,0,186859405921757,0,-533218456678,0,545537446,0,-45708,0,1 # block t=3936 q=12T86 r=24 k=1
6536936901939073024,0,-5524013976784689152,0,1452504657954307840,0,-194360526069078784,0,15656045940930160,0,-818403398788824,0,28688527592449,0,-678464550946,0,10638272893,0,-105628470,0,604758,0,-1624,0,1 # block t=3936 q=12T86 r=24 k=1
46305650519,0,-102876116697,0,95099343015,0,-48908552685,0,15785855461,0,-3403523487,0,506639886,0,-52792205,0,3841271,0,-191160,0,6199,0,-118,0,1 # block t=3936 q=12T86 r=24 k=1
351282060080192,0,-899936857726784,0,954637158897200,0,-542555009735616,0,178885520964108,0,-34790964893348,0,3928721138765,0,-249346317086,0,8534239379,0,-147498600,0,1088931,0,-1942,0,1 # block t=3936 q=12T86 r=24 k=1
34186662266908058063825,0,-60743490180072519319080,0,40670856197530754696888,0,-12651892268865668501320,0,1851154502518995439217,0,-125499048980074123740,0,3675714786244580840,0,-45036422838149928,0,187630580891975,0,-266940366404,0,142764780,0,-23088,0,1 # block t=3936 q=12T86 r=24 k=1
105840386,0,-346670272,0,486067632,0,-390843412,0,202443358,0,-71593164,0,17807673,0,-3150510,0,394639,0,-34216,0,1953,0,-66,0,1 # block t=3936 q=12T86 r=24 k=1
348407575,0,-1822328680,0,4055189368,0,-5012833352,0,3777482085,0,-1797722560,0,543889400,0,-103162316,0,11814429,0,-759632,0,23992,0,-276,0,1 # block t=3936 q=12T86 r=24 k=1
61122140544035223501304,0,-133137285786202827485888,0,93266568367037853033880,0,-23548474978693977679760,0,2425344689604364826386,0,-102339384489911607616,0,1913369811092074492,0,-15511688002054812,0,45227373143168,0,-57159309908,0,34642602,0,-9776,0,1 # block t=3936 q=12T86 r=24 k=1
89062680238245316447337,0,-145143887148268813932400,0,76329810498392351263024,0,-16092232208554283813700,0,1506656693778312903025,0,-63000597871803346108,0,1218936636850851988,0,-10460385303952452,0,32867499889417,0,-44937439020,0,29502896,0,-9024,0,1 # block t=3936 q=12T86 r=24 k=1
5490957021142087919,0,-4435276591970464813,0,1020007872566912182,0,-115742305213652917,0,7780178387900780,0,-338237138169938,0,9957946750089,0,-202771597502,0,2860727024,0,-27448225,0,170805,0,-621,0,1 # block t=3936 q=12T86 r=24 k=1
180608123781912442267,0,-181617385818501421902,0,24114084181201868176,0,-1470370023472500242,0,51465419630575731,0,-1112535057461036,0,14919780868280,0,-117220272004,0,491441905,0,-2391718,0,38072,0,-330,0,1 # block t=3937 q=12T186 r=8 k=0
647339,0,-2180150,0,3246808,0,-2939298,0,1877011,0,-902844,0,331784,0,-93924,0,20225,0,-3182,0,352,0,-26,0,1 # block t=3937 q=12T186 r=8 k=0
213020837133065073055000,0,442390948093183246578800,0,306376528792574119410052,0,83063108091931789075912,0,896210287536253920684,0,-4155524409231754062120,0,-811017838308929237217,0,-49495672410239372910,0,-45921645842578236,0,402237328396234,0,-132882418911,0,-417264,0,1 # block t=3937 q=12T86 r=8 k=0
29225931092160581,0,19587154337108527,0,-52080786414017021,0,25992736790126748,0,-4367437320951615,0,45221982016757,0,27307566767842,0,940466290005,0,13964980661,0,110037836,0,479167,0,1087,0,1 # block t=3937 q=12T86 r=8 k=0
7642182330590882401,0,-6459031633814765655,0,1324685294498721585,0,-135332147648802605,0,8412247584856953,0,-347128970169645,0,9912893523504,0,-199062823338,0,2801564802,0,-26993723,0,169059,0,-618,0,1 # block t=3937 q=12T186 r=8 k=0
420478609,0,-1053596245,0,688656404,0,60103329,0,-71304786,0,-43911168,0,-1990884,0,1618928,0,71643,0,-18935,0,-271,0,38,0,1 # block t=3937 q=12T186 r=8 k=0
43009485643523484952675,0,152558351534305762509220,0,169199656099412633568322,0,12606218138258250076072,0,-97236676909139194736528,0,-60226504052977539892470,0,-10032388338734642710505,0,2298136717424527824,0,287262334064662524,0,-1585204467730,0,-158520446729,0,12,0,1 # block t=3937 q=12T86 r=8 k=0
15223413259662883633,0,94524130557282175204,0,16335251575566369666,0,-5776216667223743052,0,-1830361716880423921,0,-172056063344925496,0,-5585282552136996,0,-23075275674744,0,989566717983,0,-3041391788,0,453186,0,3524,0,1 # block t=3937 q=12T86 r=8 k=0
1765910485559647177,0,-1981158727265160663,0,488681290082228822,0,-59021934583242724,0,4282980171604961,0,-203361244406374,0,6562216250937,0,-145577788855,0,2203621314,0,-22218894,0,143259,0,-550,0,1 # block t=3937 q=12T186 r=8 k=0
199897819104109005348800,0,428220389019402125633280,0,163830703303992144230592,0,17152415925230564424720,0,-1186492763983610591980,0,-292905432370347720804,0,-12042694694555479357,0,14596869352748202,0,678423157067450,0,-29254620984,0,-2133752339,0,-30,0,1 # block t=3937 q=12T86 r=8 k=0
30695815921,0,108578771040,0,36141310058,0,-9487507584,0,-3755435537,0,-62048960,0,86517836,0,9872768,0,125247,0,-35488,0,-1750,0,0,0,1 # block t=3937 q=12T86 r=8 k=0
24961711,0,-66228813,0,73725639,0,-47296183,0,21000762,0,-7194627,0,1896711,0,-389232,0,62199,0,-7288,0,594,0,-33,0,1 # block t=3937 q=12T186 r=8 k=0
551330547589492289,0,2348221502239534172,0,3420653185326582434,0,1867767317492615468,0,223088972221128175,0,-17337834979298376,0,-2019979663832868,0,87371780774456,0,1161073754799,0,3009532396,0,189858,0,-3428,0,1 # block t=3937 q=12T86 r=8 k=0
687563611265635552,0,474016969767900320,0,-243982840517061896,0,-1713059151883392,0,10405243514165316,0,-994224275716632,0,-27897053346628,0,3456044037952,0,114263451712,0,1006776908,0,3054208,0,3436,0,1 # block t=3937 q=12T86 r=8 k=0
3689662384515512475324,0,14995786121018285806728,0,12924040060700589271428,0,3979235445664948110612,0,338858192204395319718,0,-20401420618887448932,0,33066141963323283,0,3903298425516258,0,9561257421885,0,-62114008464,0,1942569,0,10902,0,1 # block t=3937 q=12T86 r=8 k=0
771889572339528241600,0,-194853583317324490240,0,-9403358382500986964096,0,-17108547370143025585584,0,-10260901292366412206556,0,-1065609599633311789376,0,513072488712191386157,0,-7101768435769630898,0,30523521245242571,0,-44112203900284,0,20266747459,0,-282690,0,1 # block t=3937 q=12T86 r=16 k=0
64825608450620851600,0,623041355575467982400,0,-87083099904673999712,0,4520251082146983752,0,-103132163873041304,0,453832829499232,0,28048296918017,0,-634545270398,0,5384220735,0,-10601068,0,-99721,0,322,0,1 # block t=3937 q=12T86 r=16 k=0
863527065664,0,1716713645760,0,-56359706160,0,-361610631760,0,71449667676,0,832285620,0,-888864609,0,48307725,0,1397511,0,-222820,0,8667,0,-150,0,1 # block t=3937 q=12T86 r=16 k=0
5154204603203610382336,0,12470542735903809060864,0,7700163241423525562368,0,1528123722893149712384,0,8711027989628302080,0,-14235929719909366784,0,583750172222181632,0,-7616901885332224,0,27641014993072,0,-40540443520,0,27836680,0,-8800,0,1 # block t=3937 q=12T86 r=16 k=0
903161093311753,0,1435625621292592,0,-1755162088645294,0,700582720018608,0,-135840128520993,0,13161195460736,0,-476817492324,0,-12320886720,0,1081796535,0,-6177968,0,-145294,0,-240,0,1 # block t=3937 q=12T86 r=16 k=0
28573696,0,16842752,0,-31113216,0,-6045696,0,8591360,0,-197376,0,-861120,0,154784,0,14320,0,-7216,0,884,0,-48,0,1 # block t=3937 q=12T86 r=16 k=0
2805957184,0,6740828928,0,1417141536,0,-1285786400,0,-130186656,0,116317530,0,-7815891,0,-3254418,0,746109,0,-70760,0,3555,0,-93,0,1 # block t=3937 q=12T86 r=16 k=0
24361392536499433796,0,37392750595783431984,0,-6142811640304163520,0,-7116555030336765728,0,-562113618555618848,0,147070025309446904,0,8873005005088220,0,-1206731932945912,0,11622306778440,0,-31337847936,0,31441236,0,-10612,0,1 # block t=3937 q=12T86 r=16 k=0
42678231152494218304,0,130971400634361053568,0,-206161222483443159904,0,47966270580916760928,0,-4555239879706460092,0,204655054282960272,0,-3868441474898808,0,3101206683216,0,502858084996,0,1477320616,0,-346144,0,-2336,0,1 # block t=3937 q=12T86 r=16 k=0
490047646658259443,0,1887292230632170228,0,-3778470348807171031,0,2513117322982844634,0,-779248020222114792,0,112067550913336046,0,-5333096493342107,0,-109146733094808,0,2028490661564,0,6427663242,0,-52385046,0,-1710,0,1 # block t=3937 q=12T86 r=16 k=0
4096,0,-522240,0,14448896,0,42089344,0,-2038437312,0,2307287184,0,171450593,0,-286829126,0,-3054278,0,2311320,0,-55099,0,-210,0,1 # block t=3937 q=12T86 r=16 k=0
116561806400,0,-61511648960,0,-255276888464,0,298164223840,0,-89060012676,0,-16657869932,0,12707307913,0,-1377879488,0,-241272316,0,54564260,0,-2728037,0,-24,0,1 # block t=3937 q=12T86 r=16 k=0
30643179984930739081,0,53625899116659914416,0,131397016660284092,0,-206324825429902844,0,5647918327408137,0,70079531677996,0,-5561851326412,0,98117691604,0,-564007279,0,-4215412,0,83396,0,-480,0,1 # block t=3937 q=12T86 r=16 k=0
2916352,0,25788416,0,41971712,0,-55021568,0,17508864,0,523776,0,-1392064,0,272064,0,-5296,0,-4896,0,732,0,-44,0,1 # block t=3937 q=12T86 r=16 k=0
4838967871,0,-13636542174,0,16228273756,0,-10763976498,0,4429831195,0,-1194589900,0,217657616,0,-27185092,0,2326245,0,-133878,0,4948,0,-106,0,1 # block t=3937 q=12T86 r=24 k=1
10415934511,0,-29191038682,0,32921358556,0,-20053214310,0,7489781339,0,-1834876484,0,305915632,0,-35297612,0,2818229,0,-152770,0,5364,0,-110,0,1 # block t=3937 q=12T86 r=24 k=1
220136679666,0,-407332520388,0,322931068434,0,-145841897088,0,41961006720,0,-8129201472,0,1090125459,0,-102155742,0,6649857,0,-293652,0,8361,0,-138,0,1 # block t=3937 q=12T86 r=24 k=1
49379859017646057,0,-156342956973202296,0,185192232639305554,0,-101408688146331528,0,25970679095421855,0,-2952778684572464,0,166606828448284,0,-4918793318032,0,75656121367,0,-566022616,0,1820402,0,-2408,0,1 # block t=3937 q=12T86 r=24 k=1
1696669696,0,-4709179392,0,5600118784,0,-3793682432,0,1637253120,0,-475783168,0,95703744,0,-13452608,0,1313552,0,-87008,0,3716,0,-92,0,1 # block t=3937 q=12T86 r=24 k=1
628567006489,0,-1553761192744,0,1516153140610,0,-771419286520,0,228076034591,0,-41675291504,0,4908507804,0,-382365520,0,19873511,0,-681320,0,14786,0,-184,0,1 # block t=3937 q=12T86 r=24 k=1
404605872635729980571761,0,-650763601220179482625960,0,379457634246330579297368,0,-101018932480963284610864,0,13732087698224934201069,0,-1003129632552943609452,0,38356655086241420360,0,-654830300174573076,0,2556377500033845,0,-2395674287924,0,734831300,0,-55604,0,1 # block t=3937 q=12T86 r=24 k=1
143565128704,0,-505374546432,0,717141680832,0,-530667213376,0,223069706064,0,-55309835808,0,8295835920,0,-761440752,0,42612840,0,-1423336,0,27048,0,-264,0,1 # block t=3937 q=12T86 r=24 k=1
149425211532807396,0,-291494780272852200,0,229102427770379260,0,-93033489932195028,0,20852697538243006,0,-2568780680404240,0,166057270789701,0,-5241352928450,0,83060654885,0,-642636988,0,2137367,0,-2702,0,1 # block t=3937 q=12T86 r=24 k=1
776403125441,0,3934765388436,0,7054794908130,0,5364447342692,0,1344824317423,0,-198923574104,0,-78110003620,0,-2137675800,0,241809967,0,2598852,0,-72990,0,180,0,1 # block t=3938 q=12T86 r=8 k=0
40000,0,4168000,0,11414800,0,-11623760,0,-2141764,0,2049404,0,398787,0,-79775,0,-22729,0,-220,0,347,0,34,0,1 # block t=3938 q=12T86 r=8 k=0
4871764440709,0,-8206249489331,0,5425082341786,0,-1976426017866,0,451558983644,0,-68675579093,0,7131435427,0,-507188344,0,24325056,0,-761091,0,14811,0,-170,0,1 # block t=3938 q=12T186 r=8 k=0
12883860525013,0,-26419421020111,0,19677717042690,0,-6316370438937,0,858275276214,0,-78981387360,0,7266373647,0,-431619044,0,21110490,0,-1306389,0,27587,0,372,0,1 # block t=3938 q=12T186 r=8 k=0
4157838335116166526773,0,148009871028167966705130,0,347190329320366869365989,0,260775588614550002050104,0,49682411180890619136648,0,-9305812861478126855498,0,-1550069877380052726823,0,385254667334190448,0,48155411312674442,0,-474034699700,0,-47403469926,0,12,0,1 # block t=3938 q=12T86 r=8 k=0
1224885920390476571648,0,-123350506527625093120,0,-941880083004917151744,0,496183222590359078592,0,-50331616993794132160,0,-14636903527964805824,0,2452561019682140881,0,31987080575573282,0,135743124386595,0,234867288008,0,164885039,0,34934,0,1 # block t=3938 q=12T86 r=8 k=0
139314069504,0,-359894679552,0,-896108728320,0,-134597707776,0,23722476480,0,4218110640,0,-127460547,0,-37930599,0,-858438,0,93285,0,5922,0,129,0,1 # block t=3938 q=12T86 r=8 k=0
1538166361,0,-3551828949,0,3576779673,0,-2131452941,0,844627122,0,-234956331,0,47039199,0,-6826518,0,712791,0,-52256,0,2556,0,-75,0,1 # block t=3938 q=12T186 r=8 k=0
4393404720366766400,0,887968621948185920,0,-36829271866350416336,0,41802329674247426208,0,-13286447350316708532,0,-681978631035516780,0,608620516438579645,0,16765563088040052,0,148333000213230,0,485196976606,0,539849769,0,45558,0,1 # block t=3938 q=12T86 r=8 k=0
261166802729473,0,-352426076527306,0,151572583948499,0,-33647707156922,0,4540504828468,0,-400816594789,0,23972713520,0,-989119397,0,28737540,0,-619112,0,10721,0,-143,0,1 # block t=3938 q=12T186 r=8 k=0
158844157924192127609,0,-199196446170493191865,0,53934309166504877966,0,-7000176836242860295,0,530998044254097627,0,-25400490367138889,0,784491804385882,0,-15437682364709,0,183091260573,0,-1147449307,0,2732186,0,-1088,0,1 # block t=3938 q=12T186 r=8 k=0
9146839213243636363633,0,11085073330855702345952,0,1273221686480865561258,0,-264256898609153012416,0,-49800373793039196817,0,-1927182826810428608,0,26881754524920396,0,1659330870093056,0,10318392678719,0,18808335072,0,4477674,0,-6464,0,1 # block t=3938 q=12T86 r=8 k=0
84103878728546,0,2903485527246208,0,-111329247797369616,0,-171967861798444832,0,-93216301451716754,0,-20660958101327560,0,-1413488318251225,0,30770706510066,0,39476530287,0,-1493818028,0,-3090647,0,4738,0,1 # block t=3938 q=12T86 r=8 k=0
1483507926213003712,0,6098572619254606656,0,9499854103252593496,0,6708549367499255440,0,1856474910611287676,0,-6138975730521192,0,-39840262056362716,0,-976557327699184,0,9806721348332,0,30980517012,0,-39910272,0,9128,0,1 # block t=3938 q=12T86 r=8 k=0
21617084623,0,-49922414009,0,46640528799,0,-22929395211,0,6711551624,0,-1342688435,0,203080507,0,-21645008,0,1345075,0,-28716,0,-1262,0,39,0,1 # block t=3938 q=12T186 r=8 k=0
5449182291217899723193,0,-36776115152599047302660,0,-46993048757388493387108,0,19054367670248717165256,0,-2683938792045430411561,0,177081576638896199640,0,-5397459989969476356,0,50151574319297924,0,425311907294421,0,438250633556,0,74444476,0,-26588,0,1 # block t=3938 q=12T86 r=16 k=0
78422429744510255071903,0,199100704281916886803904,0,132785953005794839222756,0,12712084853265482893300,0,-1788581793117507905965,0,-132349192524550792608,0,9913403673362873260,0,-86333656171867936,0,273866966154641,0,-370359884240,0,209650736,0,-37860,0,1 # block t=3938 q=12T86 r=16 k=0
9664064,0,30583872,0,5777040,0,-21243600,0,-3134564,0,5283372,0,-425589,0,-446815,0,147671,0,-20940,0,1579,0,-62,0,1 # block t=3938 q=12T86 r=16 k=0
34213853300997487616,0,50892570730084573184,0,-108884331227057510144,0,22062312070416611840,0,-1731622346821075696,0,61865274804915520,0,-840633711464544,0,-3159083508480,0,114430945496,0,364060848,0,-450040,0,-1184,0,1 # block t=3938 q=12T86 r=16 k=0
86573056,0,1042022400,0,1013039104,0,-345083904,0,-305531904,0,98815488,0,18314048,0,-11632704,0,1978032,0,-160128,0,6604,0,-132,0,1 # block t=3938 q=12T86 r=16 k=0
18969657625,0,30731260475,0,-1508240405,0,-13137473680,0,-536061791,0,1091794553,0,-47847230,0,-24938159,0,3905617,0,-253124,0,8487,0,-145,0,1 # block t=3938 q=12T86 r=16 k=0
219029539933873000000,0,1344640463957537064000,0,-227165399579979907408,0,15984812721029897120,0,-597915688501169396,0,11966786074485604,0,-86558358919995,0,-1328515342804,0,35463017197,0,-287351344,0,549244,0,2492,0,1 # block t=3938 q=12T86 r=16 k=0
13206303815221277056544,0,-111847248274770241484224,0,-589076857522275534715088,0,174599406834216593607600,0,-15870464198902400896984,0,463341565360602362264,0,-3244353257450675762,0,-20448357314996032,0,8391512027428,0,62148976128,0,-33305424,0,-15132,0,1 # block t=3938 q=12T86 r=16 k=0
574584550349824,0,2290883729960960,0,-1129978839422464,0,212960172551168,0,-19133837305280,0,649478916864,0,22373707872,0,-2644835296,0,72691216,0,-59312,0,-19404,0,12,0,1 # block t=3938 q=12T86 r=16 k=0
25457644685272767756967,0,57691315756895270134880,0,5929873830360302345482,0,-2290341861787287266060,0,200149981586234504643,0,-8201056091155604320,0,173968205642094764,0,-1811207235267152,0,7445417510601,0,-9557322776,0,-805190,0,4788,0,1 # block t=3938 q=12T86 r=16 k=0
18566822213663197731328,0,78858296944732592586752,0,-102610990294422286279168,0,47510863013305875021952,0,-10560697193501258752616,0,1135367708025612267560,0,-46614850767349751255,0,-74143359148902880,0,2314763762589551,0,184684228840,0,-4617105017,0,-48,0,1 # block t=3938 q=12T86 r=16 k=0
17402534836869501577,0,32342841555496530404,0,-18554068470667070790,0,-3147760215289795900,0,2191796964128011071,0,-180250950157908856,0,5482127177600908,0,-67340294478616,0,253032806295,0,8126484,0,-1062822,0,468,0,1 # block t=3938 q=12T86 r=16 k=0
176481320416196814121,0,224725400799327014677,0,-10441091993361099353,0,-129212539740785517,0,13173919044034620,0,-128026775437026,0,-4103982821401,0,93669010518,0,-252158626,0,-10636355,0,130798,0,-601,0,1 # block t=3938 q=12T86 r=16 k=0
1412621865057913,0,2553499689534360,0,854351604151734,0,-353057124673156,0,-56040126694443,0,14155984978044,0,535395137178,0,-154375380040,0,7149626225,0,-121123420,0,808304,0,-2012,0,1 # block t=3938 q=12T86 r=16 k=0
4988890513408,0,-465907492192256,0,-51761221585895424,0,-808009703599670272,0,3283388882800106176,0,2721388469117042192,0,215184346263760909,0,-29995265928300826,0,617532061631397,0,-3099066931546,0,4533629946,0,-133980,0,1 # block t=3938 q=12T86 r=16 k=0
106858091524,0,-381012829344,0,530500370424,0,-368788464256,0,139778257068,0,-31342246344,0,4375642668,0,-389731608,0,22222368,0,-798136,0,17280,0,-204,0,1 # block t=3938 q=12T86 r=24 k=0
2256965632,0,-5613568000,0,6127599616,0,-3883008000,0,1592288512,0,-445617664,0,87382528,0,-12113792,0,1179984,0,-78880,0,3440,0,-88,0,1 # block t=3938 q=12T86 r=24 k=0
2533026888199,0,-5208888062758,0,4241424203220,0,-1799498684394,0,449548207595,0,-71141722780,0,7445691648,0,-526609716,0,25255117,0,-808030,0,16492,0,-194,0,1 # block t=3938 q=12T86 r=24 k=0
269359260020961786360248,0,-843761168581456734257024,0,919562696505618489123168,0,-387340749206146616497120,0,44295125487217401645300,0,-2164316450612158468096,0,49632920548728335264,0,-481743699382471912,0,1128725350210786,0,-870807562424,0,266976596,0,-30236,0,1 # block t=3938 q=12T86 r=24 k=0
27837130650381889,0,-68558964741928628,0,68860897752081442,0,-36151133992516188,0,10584856208523807,0,-1720054532423448,0,148516402724636,0,-6286050336328,0,118616124319,0,-934502324,0,2836930,0,-3292,0,1 # block t=3938 q=12T86 r=24 k=0
8581941702574483932100,0,4735932298779136362160,0,-5841982853275414869968,0,1489699842632948582060,0,-94418339400779715856,0,-7508348739992822152,0,512231484831912457,0,25339764399013590,0,130503688175451,0,219767242796,0,126818007,0,20554,0,1 # block t=3939 q=12T86 r=8 k=0
16384,0,376832,0,462848,0,-591872,0,-425472,0,210432,0,123968,0,-13248,0,-10480,0,-576,0,204,0,28,0,1 # block t=3939 q=12T86 r=8 k=0
1298621395367341,0,-1844108223583641,0,690147801220522,0,-129419029296725,0,14670301089582,0,-1090099262658,0,55205025517,0,-1946435994,0,48981913,0,-929690,0,14300,0,-167,0,1 # block t=3939 q=12T186 r=8 k=0
17397835856024,0,49191319030048,0,2924497606168,0,-122345639988416,0,-155928699365370,0,-74504432784374,0,-11833574130785,0,249927398104,0,31062155849,0,-59589550,0,-5958911,0,12,0,1 # block t=3939 q=12T86 r=8 k=0
239112175951706875,0,5002594482780045875,0,28144346696756845425,0,24081787640597906405,0,4513665694074216674,0,-287680400763801554,0,-6959771807663245,0,-10706276192660,0,132760489226,0,149029563,0,-837868,0,-141,0,1 # block t=3939 q=12T86 r=8 k=0
192303549174045270249467,0,-149445351034025481370067,0,23773948359612796661057,0,-1798795160376822616165,0,79159099049263782517,0,-2183803991224597717,0,38533566898129301,0,-426392721677093,0,2768475649802,0,-9106187079,0,11088525,0,-3876,0,1 # block t=3939 q=12T186 r=8 k=0
72067709856426822258211,0,245818388813377035528490,0,171292556623338746279351,0,40396487206513906113974,0,1495591034804953444916,0,-493342729111771403318,0,-36353091405417830923,0,-74207560661809684,0,1290333236093888,0,804663096832,0,-2717385508,0,-15158,0,1 # block t=3939 q=12T86 r=8 k=0
2850376679605670976,0,20870532782867971008,0,9343326936437440560,0,1215926090121445632,0,36099728154025740,0,-261352561235508,0,-14477570819091,0,37991298942,0,1693039563,0,-3345624,0,-70821,0,78,0,1 # block t=3939 q=12T86 r=8 k=0
2371049976146605177,0,-2789092739661739872,0,896886082846023991,0,-142806846191417117,0,13470245020870301,0,-811067261966010,0,32043525446241,0,-826807517176,0,13421462445,0,-125996006,0,580993,0,-1071,0,1 # block t=3939 q=12T186 r=8 k=0
111642759887662249,0,-147908263649813202,0,53702226115782093,0,1575522165614737,0,-2714710734072612,0,-26428589734545,0,17564677265310,0,-764611576299,0,60104020761,0,-945176075,0,3212583,0,-2970,0,1 # block t=3939 q=12T186 r=8 k=0
799823192893775,0,2251939888532130,0,1159412716363579,0,21098172873816,0,-96223730025084,0,-18606018788118,0,-760032502163,0,38602186848,0,1506650868,0,-11305800,0,-376464,0,36,0,1 # block t=3939 q=12T86 r=8 k=0
2125764,0,32595048,0,26690148,0,-22753548,0,-10904382,0,3595428,0,1412073,0,-100602,0,-53055,0,-1944,0,459,0,42,0,1 # block t=3939 q=12T86 r=8 k=0
40268268231850485551,0,-41714248107886986098,0,6180718814882263581,0,-433326303548917928,0,18185307308550776,0,-505236141268842,0,9861059733392,0,-142070111023,0,1589425025,0,-14258854,0,98721,0,-455,0,1 # block t=3939 q=12T186 r=8 k=0
35532410176986314173,0,-26262147969282062076,0,4685744870885658753,0,-417419249766423691,0,22661179954454232,0,-817052160678696,0,20373791054757,0,-356749964298,0,4371560604,0,-36678538,0,201165,0,-657,0,1 # block t=3939 q=12T186 r=8 k=0
1932562415582226059264,0,753251038617014894592,0,-1302504349533413353472,0,319200894359277670400,0,-4804678941097251072,0,-4464434855925587968,0,135863122608440320,0,21022648502627328,0,123390864923824,0,190752743552,0,107426664,0,19792,0,1 # block t=3939 q=12T86 r=8 k=0
222500,0,37000,0,-1097100,0,-618980,0,1260616,0,794240,0,-395207,0,-118034,0,84819,0,-16976,0,1559,0,-66,0,1 # block t=3939 q=12T86 r=16 k=0
1046225737,0,13950679044,0,14565365382,0,-5179380728,0,-6362955153,0,1258476624,0,677528448,0,-201388536,0,20292183,0,-950468,0,21882,0,-240,0,1 # block t=3939 q=12T86 r=16 k=0
1290806439589,0,689371227443,0,-1489384729573,0,175726701396,0,257626592049,0,-75964073107,0,1760977030,0,763036301,0,-6456867,0,-1022912,0,29003,0,-289,0,1 # block t=3939 q=12T86 r=16 k=0
108727986124101293202793,0,402291837659387625469120,0,398912583480129623226344,0,142871962796108096002836,0,14372800362286008603857,0,-790243010286992049196,0,12037518810694306564,0,-70206393308225972,0,142575461056265,0,-128903211580,0,57478376,0,-12312,0,1 # block t=3939 q=12T86 r=16 k=0
6330611087179776,0,44836600718819328,0,56507423421693952,0,21507630375124992,0,-65422339780608,0,-774781816064000,0,81124467436096,0,-3280603803712,0,61100086000,0,-512596576,0,1741532,0,-2372,0,1 # block t=3939 q=12T86 r=16 k=0
140218578076610372,0,537905021208113936,0,182803026795274616,0,-265466786991992992,0,-137780977479233868,0,7910237332131288,0,6939508212603332,0,-719514811581392,0,7927736077540,0,-24113204104,0,26965588,0,-9908,0,1 # block t=3939 q=12T86 r=16 k=0
6307217014561224553404,0,10456021513446834767064,0,760744620995407396292,0,-244922158236872703716,0,17852363612976821638,0,-644433304016155516,0,13151421927058747,0,-152888553546794,0,924659706605,0,-2081143232,0,-1277519,0,3154,0,1 # block t=3939 q=12T86 r=16 k=0
19159056475,0,137214527010,0,-6456050638,0,-86076981126,0,11057690204,0,15353448016,0,-3286038301,0,-600763778,0,205026668,0,-17067214,0,448599,0,-1300,0,1 # block t=3939 q=12T86 r=16 k=0
96282050306333894913175,0,33390481156155410169700,0,-83802200557095640440266,0,36568464594188151754336,0,-6925117032794469199157,0,617558901093778070232,0,-23171166730703321660,0,263717014563341456,0,1286896294904577,0,982412931244,0,129294134,0,-33800,0,1 # block t=3939 q=12T86 r=16 k=0
34999125435265144,0,19519961411635536,0,-30372449416327592,0,11405717160345384,0,-1932478129961240,0,143204468024944,0,228133155302,0,-750347972964,0,46891965378,0,-1072713880,0,6387996,0,5216,0,1 # block t=3939 q=12T86 r=16 k=0
146355014087302303186,0,-1797267309347612903472,0,-13871474096903530008704,0,5555000442603925924924,0,-691429216120945689250,0,28428674202426964900,0,-279706626442375135,0,-2719016053609770,0,1609354169615,0,18516493392,0,-14770631,0,-10094,0,1 # block t=3939 q=12T86 r=16 k=0
29378726619019255075,0,3734163320214214910,0,-21936464353197347223,0,11048633404765645810,0,-2361479659589166414,0,233112922017576150,0,-8198637482794085,0,-78727189480452,0,2509295237298,0,1853549528,0,-53630540,0,-26,0,1 # block t=3939 q=12T86 r=16 k=0
793308782080000,0,57506290775705600,0,-68985071152100608,0,31493447760720128,0,-6792665978602608,0,657527221333352,0,-13698316722959,0,-1448541926368,0,42271548095,0,249609960,0,-6239545,0,-48,0,1 # block t=3939 q=12T86 r=16 k=0
50085736493209,0,33877361905872,0,-65854817597376,0,843310973056,0,13564298007189,0,-2854187231724,0,222705685680,0,-7222903956,0,58647429,0,1287316,0,-19308,0,-36,0,1 # block t=3939 q=12T86 r=16 k=0
3982705509060726624256,0,11344248918967839713280,0,153428344205284587264,0,-14619693528178006784,0,22808931132504816,0,6407303150959272,0,-89940743783319,0,-40256400654,0,10795826007,0,-107409476,0,491103,0,-1110,0,1 # block t=3939 q=12T86 r=16 k=0
49184502273,0,-97574305872,0,82482476378,0,-39943216816,0,12461052431,0,-2654397856,0,397482412,0,-42276832,0,3176207,0,-164624,0,5594,0,-112,0,1 # block t=3939 q=12T86 r=24 k=1
462118822971664591,0,-857570664354364050,0,617584560618230328,0,-227377423117725746,0,46848109765690251,0,-5519908863217476,0,363781636589256,0,-12744554807412,0,230590679589,0,-2017933034,0,7238784,0,-5082,0,1 # block t=3939 q=12T86 r=24 k=1
7269149481970492351931,0,-12198773427124200353794,0,5858302738100097840272,0,-938641121367972929246,0,50847888290459393907,0,-1236278401654116532,0,15759852419845112,0,-116928983399836,0,532540240081,0,-1509302570,0,2593144,0,-2470,0,1 # block t=3939 q=12T86 r=24 k=1
209368184263251399677839,0,-670212100634982035924412,0,757474728256913164584616,0,-344415129107063199526228,0,50463077078727295598075,0,-2728440206378800964820,0,50047279820052480976,0,-367960363084030776,0,1031291520224079,0,-1037473844568,0,387391392,0,-38668,0,1 # block t=3939 q=12T86 r=24 k=1
39988188934605502091264,0,-30335664429242044073984,0,3601076890598171331584,0,-194872673045229828096,0,6049711470505354496,0,-118998836064162688,0,1560603845648000,0,-13978212059360,0,85841213904,0,-355381120,0,947196,0,-1466,0,1 # block t=3939 q=12T86 r=24 k=1
74306764461532348576656,0,-180150799551278807348160,0,150414460021668168556384,0,-50773402053440367922600,0,6724990049962322320496,0,-299312752738462382272,0,5766495308564761737,0,-52036646119711678,0,217008269621951,0,-359251687524,0,169006967,0,-26582,0,1 # block t=3939 q=12T86 r=24 k=1
10249987577899,0,-20157494084818,0,14781640048480,0,-5524082072014,0,1204645215955,0,-165832003540,0,15102365848,0,-932618876,0,39277057,0,-1111610,0,20232,0,-214,0,1 # block t=3939 q=12T86 r=24 k=1
1307429890560000,0,-1873846794240000,0,923850609868800,0,-222723317174400,0,31270876117056,0,-2798894247732,0,167553941013,0,-6861849795,0,192845691,0,-3656880,0,44703,0,-318,0,1 # block t=3939 q=12T86 r=24 k=1
42123764474133380581769,0,-71622200803657061149500,0,47226284428856591704574,0,-15282027518903869315120,0,2546663230775911013023,0,-211815239941533256272,0,7941155634761480112,0,-120667581869382904,0,606399713493383,0,-948875317188,0,377543666,0,-47896,0,1 # block t=3939 q=12T86 r=24 k=1
1438973256928264279479,0,-1416672230453265374964,0,426065761927687878252,0,-60278386129534597932,0,4665589726176813591,0,-208779840303322248,0,5417104601929968,0,-78470618023944,0,593398948221,0,-2290636044,0,4294260,0,-3492,0,1 # block t=3939 q=12T86 r=24 k=1
2447229803565683579473,0,6786744336738584527852,0,7732748567958886402066,0,4628826900796387443708,0,1537562245717989807631,0,272442147764943948376,0,22060488779405537340,0,543752089127655384,0,2982808463178111,0,3931779059132,0,1043307986,0,84012,0,1 # block t=3940 q=12T86 r=0 k=0
192512,0,-788480,0,1489920,0,-1686016,0,1285888,0,-703104,0,284608,0,-86400,0,19616,0,-3264,0,380,0,-28,0,1 # block t=3940 q=12T186 r=0 k=0
333461964259,0,543194665140,0,367848446457,0,142792127320,0,36081330183,0,6318048420,0,791007207,0,71620560,0,4666257,0,213700,0,6537,0,120,0,1 # block t=3940 q=12T186 r=0 k=0
49313,0,96520,0,91114,0,86680,0,99439,0,91888,0,58860,0,26192,0,8207,0,1800,0,266,0,24,0,1 # block t=3940 q=12T186 r=0 k=0
775921291,0,-2906706318,0,4662390696,0,-4569750266,0,3443857395,0,-2180433804,0,1061671624,0,-350979828,0,71726401,0,-8086982,0,393680,0,206,0,1 # block t=3940 q=12T186 r=0 k=0
1249280,0,2396160,0,2510848,0,2536960,0,2388480,0,1643904,0,767424,0,243008,0,52448,0,7632,0,720,0,40,0,1 # block t=3940 q=12T186 r=0 k=0
699762144339887,0,1567495395993204,0,1362701552055941,0,594193298334499,0,135448095427346,0,16125430025790,0,1079786472576,0,44905174109,0,1271042883,0,23085319,0,217485,0,767,0,1 # block t=3940 q=12T186 r=0 k=0
5785769,0,17954701,0,8067497,0,-13433657,0,-3253938,0,4241555,0,-411379,0,-222094,0,42513,0,8118,0,-176,0,-27,0,1 # block t=3940 q=12T186 r=0 k=0
8,0,-20,0,18,0,-38,0,201,0,-524,0,788,0,-766,0,504,0,-226,0,67,0,-12,0,1 # block t=3940 q=12T186 r=0 k=0
671845063477507354184,0,468583602786432933040,0,65671379588596653628,0,4510522054878438792,0,188206070518792130,0,5223259662809140,0,100628967943345,0,1368201872710,0,13087157389,0,86004072,0,368157,0,918,0,1 # block t=3940 q=12T86 r=0 k=0
1307429890560000,0,1873846794240000,0,923850609868800,0,222723317174400,0,31270876117056,0,2798894247732,0,167553941013,0,6861849795,0,192845691,0,3656880,0,44703,0,318,0,1 # block t=3940 q=12T86 r=0 k=0
36653,0,259420,0,786264,0,1338283,0,1413567,0,972734,0,451356,0,146029,0,32610,0,4126,0,132,0,-10,0,1 # block t=3940 q=12T186 r=0 k=0
57167872,0,110071808,0,79601664,0,26096640,0,3877632,0,494080,0,165632,0,41696,0,10032,0,1536,0,24,0,-20,0,1 # block t=3940 q=12T186 r=0 k=0
43815906118122701,0,8164540398393816,0,-5338310112565850,0,911285797099264,0,-83001867469977,0,4652586827600,0,-165186018204,0,3472563232,0,-27444629,0,-578408,0,19286,0,-224,0,1 # block t=3940 q=12T186 r=0 k=0
189781,0,849617,0,1735431,0,2138626,0,1770690,0,1037511,0,441062,0,137049,0,30888,0,4924,0,527,0,34,0,1 # block t=3940 q=12T186 r=0 k=0
11045893049,0,50577518964,0,21465361034,0,781151156,0,-980438497,0,-151151576,0,6244908,0,2790088,0,135303,0,-9244,0,-790,0,4,0,1 # block t=3940 q=12T86 r=8 k=0
171975829939,0,-417142465557,0,411898008325,0,-212309178645,0,63334488115,0,-12140524737,0,1627410557,0,-155432784,0,10067096,0,-395205,0,5292,0,42,0,1 # block t=3940 q=12T186 r=8 k=0
14169631844191168,0,24648289972757440,0,5593253463909872,0,241918428681584,0,-34275562123160,0,-3658793011232,0,-70174064447,0,5431563646,0,312619325,0,5446682,0,9442,0,-396,0,1 # block t=3940 q=12T86 r=8 k=0
3210082,0,631452,0,-20099826,0,-22498204,0,115146,0,5807592,0,256875,0,-342486,0,-35829,0,4832,0,969,0,54,0,1 # block t=3940 q=12T86 r=8 k=0
17067597287711,0,-32915346829788,0,26477120245695,0,-11632985267033,0,3087202857817,0,-521647165730,0,57870514337,0,-4184746036,0,185622094,0,-4206413,0,22515,0,247,0,1 # block t=3940 q=12T186 r=8 k=0
54902462284987,0,-79030316489272,0,39992886217449,0,-10830753141721,0,1834398828500,0,-209328746959,0,16704334285,0,-946036036,0,37908586,0,-1051160,0,19180,0,-207,0,1 # block t=3940 q=12T186 r=8 k=0
6159104747053436908736,0,-2589347407404286622144,0,-12272530604042493339664,0,11410973577616656850912,0,-1538412205317660799564,0,-1208367692861550126636,0,304266330384122678109,0,4903122090937516876,0,24158260944429431,0,38613359480508,0,19623939226,0,278184,0,1 # block t=3940 q=12T86 r=8 k=0
10962281911,0,-42472561313,0,67497964663,0,-57187825545,0,28472039828,0,-8875256598,0,1846901215,0,-262641126,0,24544227,0,-1392593,0,37585,0,-314,0,1 # block t=3940 q=12T186 r=8 k=0
2423657152931988899,0,6097436287846614620,0,-5938431284553015906,0,-31998865992068178680,0,-36757910507739881856,0,-17245884098029147950,0,-2866787190471560253,0,3225685210439664,0,403149836410824,0,-20271631290,0,-2027163085,0,12,0,1 # block t=3940 q=12T86 r=8 k=0
68397412,0,401387256,0,416689332,0,114274732,0,-18318366,0,-11405484,0,-497919,0,310554,0,30609,0,-2576,0,-333,0,6,0,1 # block t=3940 q=12T86 r=8 k=0
182227568156242676237,0,-147136846146571834413,0,27549890826228658049,0,-2546776533182220612,0,142072465965448268,0,-5201518771977840,0,129532473312733,0,-2207573121388,0,25218247705,0,-182550099,0,743931,0,-1341,0,1 # block t=3940 q=12T186 r=8 k=0
10031776148329597999,0,-10387364619200955683,0,3304850651100537149,0,-531172214795560561,0,50649397987164899,0,-3055942287056717,0,118719314846477,0,-2916794142396,0,42741835252,0,-330263556,0,1061905,0,-1216,0,1 # block t=3940 q=12T186 r=8 k=0
516897261140340660175,0,1750720374092712263680,0,1510008196624556130997,0,-718079346906486505918,0,-1546302551711294163180,0,-592500330373756095750,0,-43612099576025810015,0,223524528334588068,0,2198098747730676,0,-1452517998926,0,-4613691246,0,5102,0,1 # block t=3940 q=12T86 r=8 k=0
614432768,0,1134034944,0,465707008,0,-71753728,0,-84487680,0,-13950976,0,2028544,0,876416,0,82624,0,-1408,0,-536,0,-8,0,1 # block t=3940 q=12T86 r=8 k=0
49136553251477453975431,0,-50058859777188713850345,0,4839399715358784702366,0,-213741016740773293934,0,5477745758592769628,0,-88466104832108462,0,915599968526583,0,-5818091543733,0,19033103549,0,-5360007,0,-125916,0,2,0,1 # block t=3940 q=12T186 r=8 k=0
7092121727657582656,0,10214882911362272640,0,44883392642052192,0,-50424794257333856,0,1340299614044964,0,38915862314064,0,-2528680226080,0,48176732024,0,-294096748,0,-3069704,0,64476,0,-420,0,1 # block t=3940 q=12T86 r=16 k=0
45169488128705998754969,0,778830412286808425032844,0,-226400853990836558287962,0,25270222305088642057896,0,-1304254529778733456225,0,25626997215483118400,0,215075944831326160,0,-12280671747732888,0,53778315665271,0,93394991236,0,-90666582,0,15536,0,1 # block t=3940 q=12T86 r=16 k=0
12784736580625,0,77177713702500,0,-409133448297375,0,481800140965770,0,-244429133731858,0,60949749370120,0,-7082050281009,0,226666307666,0,14583495172,0,-408164824,0,-5153460,0,1672,0,1 # block t=3940 q=12T86 r=16 k=0
152122703323878705675200,0,141510432689388454630080,0,-160240759575235262254672,0,52809559781059866117984,0,-8028918123706831783612,0,578414690745045932700,0,-15450939879111480399,0,-43983749214353424,0,913631867666539,0,149791145760,0,-2496517512,0,-72,0,1 # block t=3940 q=12T86 r=16 k=0
52404239745228627480064,0,146120228578696108705792,0,-180201456461179266019968,0,75598440884820940918784,0,-14965748464102703079360,0,1408933633808631183360,0,-49328660340521397224,0,-96381409577399640,0,2358375532736976,0,256137077812,0,-4620958838,0,-82,0,1 # block t=3940 q=12T86 r=16 k=0
1601968834,0,2972085444,0,113737038,0,-1347193008,0,42310142,0,174324340,0,-23790299,0,-5583078,0,1609625,0,-151928,0,6725,0,-138,0,1 # block t=3940 q=12T86 r=16 k=0
120761005928764178426321,0,588612632498343722734488,0,645889150764227102526242,0,199362147971736600453688,0,-9155756222039539850529,0,-7017811711231969180176,0,375129410562269943444,0,-5205655412988371216,0,7196077513321823,0,-3052934175144,0,543765626,0,-41160,0,1 # block t=3940 q=12T86 r=16 k=0
17397835856024,0,-49191319030048,0,2924497606168,0,122345639988416,0,-155928699365370,0,74504432784374,0,-11833574130785,0,-249927398104,0,31062155849,0,59589550,0,-5958911,0,-12,0,1 # block t=3940 q=12T86 r=16 k=0
716889938902279,0,1770154564475064,0,721335575091820,0,-124159551899656,0,-74045017283689,0,5047907079720,0,2013765414032,0,-210271786352,0,6681398493,0,-89729288,0,528452,0,-1248,0,1 # block t=3940 q=12T86 r=16 k=0
544195584,0,-3718669824,0,-5003576064,0,241864704,0,474596496,0,-44334864,0,-12950685,0,2113857,0,21384,0,-25083,0,2124,0,-75,0,1 # block t=3940 q=12T86 r=16 k=0
1386383422771819,0,1684030357973874,0,-1915351937996172,0,488075542194082,0,-54477164398869,0,2777860384524,0,-21034508376,0,-4566023748,0,217184553,0,-3493310,0,-348,0,354,0,1 # block t=3940 q=12T86 r=16 k=0
1793089,0,-814116,0,-66390252,0,28397192,0,9245997,0,-5445396,0,14424,0,283032,0,-30825,0,-3208,0,768,0,-48,0,1 # block t=3940 q=12T86 r=16 k=0
1593965939292745033,0,-4589416501951222098,0,-44434450657879139607,0,159825182175752540184,0,-181305715873546176788,0,84780800069529668546,0,-14106090095802722715,0,-10304058545305936,0,1287887894991518,0,39807723820,0,-3980772338,0,-12,0,1 # block t=3940 q=12T86 r=16 k=0
43375928440672656,0,-86342368873591968,0,68972327147379760,0,-28322912629061384,0,6396361645179304,0,-801331686046968,0,55688306955145,0,-2111630876750,0,41828185015,0,-390853788,0,1471351,0,-2198,0,1 # block t=3940 q=12T86 r=24 k=0
299627016276492679737848,0,-418072065003954317572768,0,190305193240684260802616,0,-35292749605458005955568,0,2955169887405056916098,0,-113139796017634321144,0,2017677231928107228,0,-15953058678301276,0,45890489523480,0,-57524457884,0,34690914,0,-9768,0,1 # block t=3940 q=12T86 r=24 k=0
5702792046454811200,0,-13910673549396588480,0,13618893820453808688,0,-6841737262465525408,0,1868148917208382156,0,-270640243477699484,0,19074715781748829,0,-588048110550488,0,7786472854177,0,-43815991090,0,85624924,0,-18634,0,1 # block t=3940 q=12T86 r=24 k=0
567420001822196845441472,0,-620045399237286087922304,0,225293225193745310873920,0,-38743814130359134588960,0,3502293807820503499680,0,-168416950268086529184,0,4086656695138006548,0,-44866021441865760,0,168649073371784,0,-246515195428,0,132515088,0,-20904,0,1 # block t=3940 q=12T86 r=24 k=0
30527036911238683792,0,-61515455950075182912,0,47919151941482007024,0,-17896648596946674152,0,3202860182122044828,0,-241993853128120212,0,8050426799709237,0,-117769371771078,0,851519354859,0,-3173918816,0,5882067,0,-4638,0,1 # block t=3940 q=12T86 r=24 k=0
12719667089,0,-35174916129,0,39538416775,0,-24097592388,0,8968266245,0,-2174812275,0,356690302,0,-40292267,0,3139237,0,-165740,0,5663,0,-113,0,1 # block t=3940 q=12T86 r=24 k=0
10294649269,0,-26949636484,0,29414981254,0,-17768233788,0,6657968887,0,-1645371848,0,277530084,0,-32457496,0,2630323,0,-144884,0,5174,0,-108,0,1 # block t=3940 q=12T86 r=24 k=0
1660163692313577728,0,-1630726939055496704,0,457861341373576768,0,-59982090622121024,0,4528953331817604,0,-218180879458384,0,7059880785696,0,-156912002264,0,2397279028,0,-24653448,0,162172,0,-612,0,1 # block t=3940 q=12T86 r=24 k=0
3721744384000000,0,-5330388992000000,0,2009864519680000,0,-382257295360000,0,44442527078400,0,-3440772806400,0,184985400000,0,-7027281920,0,188397184,0,-3491576,0,42600,0,-308,0,1 # block t=3940 q=12T86 r=24 k=0
389785235142817219,0,45772137794389557,0,-1260115330846342339,0,786695435809336783,0,84764647263464677,0,-50895649085284303,0,4099378154196213,0,-98923578011586,0,413871048793,0,643160990,0,-1959699,0,-355,0,1 # block t=3945 q=12T87 r=16 k=1
2269236704930861056,0,-589212768288784384,0,-10809054657123135488,0,14187147373853373440,0,-6454983165713757952,0,1002502465293807104,0,-1933841162245056,0,-358325022878528,0,-1162938353600,0,11178162672,0,-8717908,0,-3988,0,1 # block t=3945 q=12T87 r=16 k=1
2340026291,0,-7464021717,0,10114544391,0,-7594397693,0,3466648525,0,-1002327010,0,189427206,0,-24523665,0,2214868,0,-124081,0,5538,0,-173,0,1 # block t=3945 q=12T87 r=16 k=1
93659845260901420768013,0,103945817419856752150137,0,-4767790703025605402994,0,-5531532406629542290,0,2665719085037679654,0,-26460492507379200,0,-332661508401801,0,6221660473812,0,-15912337356,0,-179989204,0,1081425,0,-1914,0,1 # block t=3945 q=12T89 r=16 k=1
880531426979,0,-3033389940329,0,4339027550645,0,-3366228660067,0,1554607168290,0,-442654566697,0,78223877798,0,-8487179078,0,550290934,0,-20091400,0,362223,0,-2240,0,1 # block t=3945 q=12T87 r=16 k=1
93640676086713881,0,-213613862034819822,0,-788314403959535584,0,-413332422549564078,0,193914012502646640,0,123018474785917785,0,-8377833360891659,0,-5656970557619635,0,38186106246958,0,-63274885706,0,41087983,0,-10893,0,1 # block t=3945 q=12T87 r=16 k=1
9705257759,0,-29345204778,0,36054878503,0,-23249600464,0,8579751153,0,-1921443516,0,299235601,0,-42059398,0,5559247,0,-535826,0,28885,0,-548,0,1 # block t=3945 q=12T87 r=16 k=1
33498817718469508327,0,92193999263029905735,0,-20310887530585410725,0,1200994399623917759,0,26080860756694723,0,-4887913272919739,0,118389373606405,0,2319979986688,0,-108808796323,0,647202688,0,1735389,0,-12617,0,1 # block t=3945 q=12T87 r=16 k=1
76264694899,0,-327761821866,0,560605272080,0,-479736166302,0,209837099363,0,-41789221124,0,2718898680,0,-151871132,0,14401385,0,-1358834,0,78008,0,-1062,0,1 # block t=3945 q=12T87 r=16 k=1
19010921698777905224957,0,58482193720001060417254,0,55847084352293905490029,0,12137627352122838068750,0,-7293592883990216571846,0,-2655190243258038010945,0,73943537992821025866,0,-654733078276046575,0,2468376054226371,0,-4143242337074,0,2891087204,0,-667771,0,1 # block t=3945 q=12T87 r=16 k=1
374218093334528,0,45390571061248,0,-2841487429251072,0,-4319528941369344,0,-2148202827770880,0,-239429389262592,0,46863621551488,0,-2174418575488,0,42300858752,0,-367383264,0,1379524,0,-2076,0,1 # block t=3945 q=12T87 r=16 k=1
112873257381653663075,0,250092592645115113400,0,-73377923007758772900,0,7844106003236649770,0,-394348251623219966,0,9432017737586626,0,-89956453874400,0,-104784870034,0,6388014875,0,-17198220,0,-128012,0,338,0,1 # block t=3945 q=12T87 r=16 k=1
60796345469621,0,-186366101024329,0,235985597301474,0,-158614745029542,0,60534864921569,0,-13087402445491,0,1557885774340,0,-106159886459,0,4226386696,0,-95736152,0,1108519,0,-4746,0,1 # block t=3945 q=12T87 r=16 k=1
199603342249,0,208126168810,0,-670000060123,0,-76950891488,0,38308035025,0,1327653380,0,-716738130,0,24174834,0,3523728,0,-329266,0,11267,0,-174,0,1 # block t=3945 q=12T87 r=16 k=1
10120237,0,10162677,0,-12036330,0,-6967561,0,5572494,0,908550,0,-993063,0,119241,0,31482,0,-10036,0,1095,0,-54,0,1 # block t=3945 q=12T87 r=16 k=1
219455327956756926464,0,-390559155411702243328,0,258547078965546125312,0,-77064605326713034752,0,9888997692560051968,0,-462769399799544832,0,9181348068292352,0,-89876250722048,0,483491611632,0,-1501954144,0,2682376,0,-2552,0,1 # block t=3945 q=12T89 r=24 k=2
199183545712,0,-573965591488,0,661269609776,0,-402742817840,0,144111636182,0,-31856240880,0,4458427452,0,-399289248,0,22859891,0,-822224,0,17762,0,-208,0,1 # block t=3945 q=12T89 r=24 k=2
82111587772433661952,0,-179893388931948625920,0,148524367413374246912,0,-58240202405565618176,0,11328293659648213504,0,-1027995211940483840,0,37606772285577536,0,-646268917093408,0,5688340089360,0,-25746073936,0,54675052,0,-40800,0,1 # block t=3945 q=12T87 r=24 k=2
146448318464,0,280976424960,0,225524318208,0,95216271360,0,22688096256,0,3247534080,0,327820480,0,18846176,0,1459536,0,-4208,0,1884,0,-36,0,1 # block t=3947 q=12T87 r=0 k=0
29541911994705307,0,-7127471974691845,0,-8538899060691429,0,70946720000541,0,1018137341408413,0,182104100186379,0,29531630580026,0,-1314977022695,0,62591087395,0,-1077039054,0,13600911,0,-4718,0,1 # block t=3947 q=12T87 r=0 k=0
26764212691,0,48627087877,0,36957080707,0,17446396154,0,6813377055,0,2306512055,0,581731875,0,99166638,0,11191189,0,815175,0,33569,0,563,0,1 # block t=3947 q=12T87 r=0 k=0
211234036861,0,889494697299,0,1542609305118,0,1366583733732,0,656112328803,0,169992860865,0,23117216949,0,1775152623,0,80805525,0,1993326,0,13464,0,-255,0,1 # block t=3947 q=12T87 r=0 k=0
187820942476744321984,0,163976520545974678496,0,33858076658626090784,0,3077373911316919568,0,153474793108855672,0,4584783174474984,0,83758146545177,0,897389008569,0,4699321294,0,1064101,0,-82354,0,-47,0,1 # block t=3947 q=12T87 r=0 k=0
67489500457,0,207796466904,0,266610822870,0,184756285904,0,74563072218,0,17601330096,0,2371917444,0,196371504,0,13029075,0,126680,0,6510,0,24,0,1 # block t=3947 q=12T187 r=0 k=0
119283600241,0,220786757760,0,165010526688,0,71182950880,0,20302562772,0,4043545740,0,573019629,0,57854880,0,4116186,0,201100,0,6411,0,120,0,1 # block t=3947 q=12T187 r=0 k=0
1677895771,0,2842171983,0,2657542749,0,1662881279,0,712570986,0,212174352,0,44621457,0,6685308,0,710604,0,52463,0,2565,0,75,0,1 # block t=3947 q=12T187 r=0 k=0
4830175936,0,-13628714656,0,13926961728,0,-6537633064,0,1632468764,0,-260069564,0,45937907,0,-8214000,0,1050987,0,-14934,0,4146,0,-126,0,1 # block t=3947 q=12T187 r=0 k=0
871109661719580608,0,1259535138220877856,0,724959028647564672,0,225757054734831464,0,42001994105881212,0,3966896695521864,0,63595156895551,0,1639627369013,0,38849708267,0,151020090,0,1058838,0,469,0,1 # block t=3947 q=12T187 r=0 k=0
103544,0,-782600,0,2489172,0,-4288480,0,4358312,0,-2745120,0,1168623,0,-338089,0,67272,0,-8980,0,774,0,-40,0,1 # block t=3947 q=12T87 r=0 k=0
612854767,0,122834229,0,187589829,0,41226458,0,17464230,0,3678066,0,634803,0,68814,0,3978,0,-643,0,-24,0,-12,0,1 # block t=3947 q=12T87 r=0 k=0
7043343756555069,0,25016552183616876,0,35253845978390838,0,24493824577156209,0,8364227663219166,0,1157040192015543,0,16483754076122,0,-765565312812,0,-4543269867,0,-19382039,0,3410520,0,-1407,0,1 # block t=3947 q=12T87 r=0 k=0
17034099675255602227,0,22818869367442508764,0,12030044809465205393,0,3462483306698053767,0,621398444986487033,0,70690188410775487,0,4906529673136077,0,174294211471885,0,1793835702643,0,7131630404,0,10265517,0,3673,0,1 # block t=3947 q=12T87 r=0 k=0
191275015513,0,480523277246,0,502926276260,0,287142198498,0,99033942508,0,21735639224,0,3118886407,0,295039616,0,18223760,0,712718,0,16594,0,204,0,1 # block t=3947 q=12T187 r=0 k=0
59316666248696735213,0,40745858390368595621,0,-40065629736758191068,0,4474655894283623058,0,-25288258886017315,0,-16406020900620400,0,746848285625072,0,-8553152377893,0,-51947970064,0,797430320,0,-1077663,0,-2263,0,1 # block t=3947 q=12T187 r=16 k=0
804719026347359267,0,1653736970024117615,0,-575192663854484351,0,35769496222512624,0,4663793626055534,0,-736005694084752,0,36935838372576,0,-651575711566,0,-4535922117,0,213342181,0,-370422,0,-715,0,1 # block t=3947 q=12T187 r=16 k=0
13025,0,70500,0,-70750,0,-474620,0,-239057,0,304968,0,46172,0,-106072,0,40911,0,-7724,0,802,0,-44,0,1 # block t=3947 q=12T87 r=16 k=0
171625,0,-37534,0,-392531,0,274501,0,159596,0,-256847,0,114552,0,-18461,0,-1567,0,888,0,-66,0,-8,0,1 # block t=3947 q=12T187 r=16 k=0
867517569547,0,-124180315021,0,-2787373047193,0,2296060454287,0,-678682017798,0,71042358660,0,4183438743,0,-1533326570,0,105231562,0,-32031,0,-200734,0,3275,0,1 # block t=3947 q=12T87 r=16 k=0
255594481825373556403,0,404186672304156762225,0,-131293515492368513814,0,3066739087348835770,0,224943379418108250,0,-11170681814679597,0,163757707122129,0,-224002551141,0,-14877769131,0,114883117,0,-147087,0,-696,0,1 # block t=3947 q=12T187 r=16 k=0
510566924259757,0,699331780238126,0,-276788135009555,0,-69030701607740,0,6785151930597,0,897583880520,0,-90258036954,0,-1188385154,0,329497392,0,-11009130,0,128375,0,-610,0,1 # block t=3947 q=12T87 r=16 k=0
17377218240497821,0,-16765990794150694,0,5741539167552928,0,-1070099717091314,0,125776937150887,0,-9964376589759,0,548985777273,0,-21241487397,0,571803208,0,-10346611,0,116236,0,-670,0,1 # block t=3947 q=12T87 r=16 k=0
36992957681021,0,-44841384281821,0,18261492611140,0,-3806483053104,0,917912539290,0,-273439705163,0,46398047819,0,-3566316841,0,133357438,0,-6719508,0,192246,0,-1469,0,1 # block t=3947 q=12T87 r=16 k=0
6569951393873144857,0,-76042356425390683363,0,168133369644022392975,0,99210062411616234582,0,-483540570719968826017,0,224656996773048869402,0,60137331946740103631,0,2954818507503120405,0,-13648346542365242,0,-3154641474908,0,5455068106,0,-150932,0,1 # block t=3947 q=12T187 r=16 k=0
1338607285172291,0,-1886578914605257,0,950622734356575,0,-233161509482711,0,31619270222800,0,-2679569516888,0,177320126172,0,-10385410297,0,435606315,0,-12428008,0,225806,0,-1630,0,1 # block t=3947 q=12T87 r=16 k=0
201574997882295555295667,0,552561107556345233112576,0,493223344809366638475183,0,140611486522431286644598,0,-10416150269971144754709,0,-6803814102083931408918,0,160084169386318208727,0,-1223211740413047016,0,3999069272228119,0,-5772679496676,0,3304997109,0,-452580,0,1 # block t=3947 q=12T187 r=16 k=0
28947640271057,0,115239313168932,0,-46475277208666,0,-4746507942726,0,1469396831518,0,40396050906,0,-14241074521,0,232732530,0,42291294,0,-2246422,0,42814,0,-348,0,1 # block t=3947 q=12T87 r=16 k=0
47135691564912102267025,0,251602082968610900644500,0,232101101652817668209262,0,-22244736212097064734424,0,-87317081460898456461813,0,-22567066437420538686882,0,392759205643830247728,0,-2140983329469091866,0,4591096162631811,0,-3504136504006,0,832828047,0,-57582,0,1 # block t=3947 q=12T87 r=16 k=0
414765841,0,-1930654341,0,3633942459,0,-3510938270,0,1820618037,0,-486638649,0,67441417,0,-10178514,0,1894811,0,-274693,0,22439,0,-537,0,1 # block t=3947 q=12T87 r=16 k=0
53637800833,0,-233515796313,0,422114157142,0,-409358477120,0,230162951311,0,-76224738079,0,14774906056,0,-1696279837,0,115707434,0,-4561114,0,95325,0,-838,0,1 # block t=3947 q=12T87 r=24 k=0
385387500831762207368539,0,-898792059097420270281809,0,854859524102761888405138,0,-431549715698624862166853,0,125928212127265091215058,0,-21441828886960022556272,0,1998821689670510642489,0,-81960887800473455554,0,393992317703103786,0,-469442803274771,0,95843182973,0,-634757,0,1 # block t=3947 q=12T187 r=24 k=0
750154066783137433,0,-1592313917314991360,0,1357326821725014520,0,-589890318625668412,0,136766978242121548,0,-16154414436745458,0,871481782518036,0,-22578273566416,0,277591508964,0,-1482323376,0,3460739,0,-3370,0,1 # block t=3947 q=12T87 r=24 k=0
187561352858591057921,0,-274508535008095927774,0,157271437684265417105,0,-45863896141856997511,0,7423580436352573867,0,-675290009261273051,0,32863771309432629,0,-741421110224671,0,5249929015019,0,-13082483224,0,13883959,0,-6269,0,1 # block t=3947 q=12T87 r=24 k=0
7819032673600,0,-33920171615840,0,60633903599760,0,-57714687296912,0,31610931813180,0,-10080489465652,0,1817813797885,0,-174096513888,0,7916209087,0,-153693277,0,1041626,0,-1885,0,1 # block t=3947 q=12T187 r=24 k=0
1887316372633859,0,-2390818071700554,0,1057183224096120,0,-245582169430454,0,34893187914051,0,-3258763259652,0,207050411208,0,-9046088524,0,269246905,0,-5285394,0,63936,0,-414,0,1 # block t=3947 q=12T187 r=24 k=0
4525898234537740321,0,-3697154430360576465,0,812177792722560522,0,-90238535278640113,0,6118608054984075,0,-274846869704853,0,8497379863932,0,-183167984241,0,2734678539,0,-27517558,0,176322,0,-642,0,1 # block t=3947 q=12T187 r=24 k=0
79777763714106205138975,0,-54934045031105847947000,0,7315459099696713918625,0,-447941906825376639960,0,15589968038314944417,0,-337500401415081678,0,4733164003003206,0,-43477705088522,0,258213434128,0,-954454368,0,2049761,0,-2284,0,1 # block t=3947 q=12T87 r=24 k=0
7110282717927383,0,-12012487710019582,0,7963688090651687,0,-2668234957011504,0,490063782352071,0,-51021112086534,0,3093203907157,0,-110656487980,0,2326747355,0,-28279882,0,193729,0,-692,0,1 # block t=3947 q=12T187 r=24 k=0
16977452651129830651973,0,-24553481415995188877832,0,12633183781802346709351,0,-2875264708857666641508,0,325325413268080922551,0,-19270444082226442670,0,611411484131704100,0,-10172068033911852,0,80537371209122,0,-231462649040,0,118548227,0,-20174,0,1 # block t=3947 q=12T87 r=24 k=0
7038951321670723198528,0,-35351868336773252020224,0,66776844586089417974208,0,-56839538046415592973856,0,18885034840580083451772,0,-300639471086886780996,0,14883132033285958905,0,-87082822508328108,0,129360496073346,0,136450037366,0,75518646,0,10053,0,1 # block t=3948 q=12T87 r=0 k=1
49050757303470089,0,53834873787351852,0,19431523815920526,0,3712129202471036,0,441790799302441,0,35253255929460,0,1949632598270,0,75311567808,0,2002322334,0,35075464,0,367464,0,1804,0,1 # block t=3948 q=12T87 r=0 k=1
23536123063937112061,0,19380419445873903546,0,3383665435463416989,0,293125281121761829,0,15581911073591061,0,556644233849942,0,13962924321612,0,250433782487,0,3208512294,0,28762201,0,171771,0,615,0,1 # block t=3948 q=12T87 r=0 k=1
16603722842631827456,0,17874948683162753024,0,3315333654421163008,0,297776073026426880,0,16230955930982400,0,589889851828352,0,14952196722112,0,269285669216,0,3443036320,0,30613376,0,180216,0,632,0,1 # block t=3948 q=12T187 r=0 k=1
77450561,0,190680240,0,208765206,0,137661408,0,62074942,0,20471072,0,5109772,0,974816,0,140479,0,14800,0,1074,0,48,0,1 # block t=3948 q=12T187 r=0 k=1
15272466276534879089,0,9635196168420157660,0,788066212701869168,0,14164328202354126,0,-547896968232856,0,-19855435622610,0,59031832699,0,8346827972,0,43938686,0,-1447286,0,-12931,0,90,0,1 # block t=3948 q=12T187 r=0 k=1
2683238145497,0,10335834619110,0,15293616459233,0,10753711876838,0,3572422169470,0,491360209718,0,32793575697,0,355499042,0,6003258,0,-1532182,0,50404,0,313,0,1 # block t=3948 q=12T187 r=0 k=1
487726493696,0,-857250893824,0,625365025792,0,-251915941888,0,63239561216,0,-10524230912,0,1202271680,0,-96615232,0,5644464,0,-245584,0,7312,0,-116,0,1 # block t=3948 q=12T187 r=0 k=1
2876169935371,0,4923399048551,0,2104929174167,0,192248475915,0,214007114317,0,29712187283,0,-13454868990,0,283915972,0,82626295,0,3210864,0,51977,0,376,0,1 # block t=3948 q=12T187 r=0 k=1
980953,0,-477784,0,2683058,0,-1159096,0,1831647,0,-452816,0,26300,0,11312,0,1511,0,-344,0,-14,0,8,0,1 # block t=3948 q=12T87 r=0 k=1
1540958981647,0,-217536809913,0,136731123213,0,11195906062,0,2460947022,0,885566430,0,74034339,0,10843686,0,2295234,0,166399,0,1872,0,-120,0,1 # block t=3948 q=12T87 r=0 k=1
6091,0,-6870,0,528,0,6230,0,-4813,0,740,0,1816,0,-340,0,257,0,210,0,216,0,30,0,1 # block t=3948 q=12T87 r=0 k=1
2101543232619641,0,2788625121300480,0,1380680191207816,0,357583272205788,0,54511479900878,0,5080788673960,0,285693436070,0,9041937060,0,139022801,0,1125316,0,21494,0,24,0,1 # block t=3948 q=12T187 r=0 k=1
2094767478277321,0,12388700413624,0,-568090917095134,0,155086430841608,0,-7034972531553,0,-1412320534992,0,48252509052,0,7932151056,0,292693687,0,5425560,0,58178,0,360,0,1 # block t=3948 q=12T187 r=0 k=1
18473,0,98098,0,251909,0,396578,0,416654,0,305158,0,159529,0,60050,0,16186,0,3054,0,384,0,29,0,1 # block t=3948 q=12T187 r=0 k=1
178978434418702265381,0,118549177170850497454,0,-105666561344257352765,0,14458874537538359480,0,2037015014960040489,0,-508875053213815024,0,29489315823435489,0,-557033577721676,0,1863727897819,0,1613694610,0,-4149295,0,-364,0,1 # block t=3948 q=12T87 r=16 k=0
24526415667991,0,-66825301180922,0,75974391655221,0,-46643827542455,0,16739327114717,0,-3566686174563,0,444368733913,0,-32043377212,0,1416828396,0,-37759911,0,533516,0,-2371,0,1 # block t=3948 q=12T87 r=16 k=0
15246402826245652395328,0,83039720151425373834304,0,157918358423035270474768,0,120583593608655413517352,0,23496751184286504690312,0,-6802221388293096249294,0,158421184083255867259,0,-1155090141546612381,0,3605218146952487,0,-5059052698908,0,2832254143,0,-418544,0,1 # block t=3948 q=12T187 r=16 k=0
4339114182929,0,-6202903762253,0,3647789497156,0,-1217207257996,0,261629462942,0,-38534319707,0,4007514063,0,-297085079,0,15572953,0,-561213,0,13111,0,-176,0,1 # block t=3948 q=12T87 r=16 k=0
283297823600261,0,4686780828543478,0,15473567004234588,0,11587563604202382,0,-10587248564021687,0,-10817511168084752,0,1011164188411740,0,-33892144921430,0,540861237496,0,-4329015084,0,16144126,0,-21200,0,1 # block t=3948 q=12T87 r=16 k=0
10405,0,-24976,0,-53426,0,71880,0,33015,0,-49248,0,84,0,10896,0,-2557,0,-336,0,190,0,-24,0,1 # block t=3948 q=12T187 r=16 k=0
220935435489,0,-546723648837,0,556911786150,0,-299903710221,0,91298014299,0,-15721997454,0,1529996040,0,-100714509,0,6186132,0,-387639,0,18720,0,-360,0,1 # block t=3948 q=12T87 r=16 k=0
4283660829430217,0,-23455247912942932,0,-62805885266751758,0,-73779875563022,0,31414766021320098,0,6863321381007408,0,-897564155125197,0,30350391875136,0,-296430388110,0,-134076366,0,4109442,0,-5244,0,1 # block t=3948 q=12T87 r=16 k=0
1481877295797529,0,-4035583897886174,0,4476266552306956,0,-2572823867963365,0,803210335822808,0,-130100571526271,0,9913963264257,0,-462693580693,0,13762955019,0,-248601442,0,2461370,0,-10274,0,1 # block t=3948 q=12T87 r=16 k=0
678727804577758812073,0,4226189896423368167158,0,-110099813749827453199,0,-12419713535794698383,0,838141774222833896,0,-22937205088128929,0,341278771113874,0,-2804995027510,0,10125318025,0,14267839,0,-211250,0,248,0,1 # block t=3948 q=12T187 r=16 k=0
176486882455022502193,0,1332172042803048719498,0,954207359621335788869,0,124519322945903474240,0,-6479683094200485884,0,-695167147719822188,0,42291105445862186,0,-830664649624226,0,7097115565800,0,-25108634132,0,25963604,0,-9504,0,1 # block t=3948 q=12T87 r=16 k=0
18049517538793861,0,-29599054655234586,0,15984998136813779,0,-4347371268464541,0,687839537469867,0,-67180860397182,0,4146581009362,0,-163466732331,0,4144806074,0,-65522879,0,594501,0,-2365,0,1 # block t=3948 q=12T87 r=16 k=0
5148187729689986851,0,-51491745427928883389,0,-549454999148579193485,0,-1358736750874590264913,0,-1259740247266199898661,0,-342970355481631402717,0,49343444302139316828,0,-1560272517405803863,0,8789011526581181,0,-9512328800118,0,3051773205,0,-109480,0,1 # block t=3948 q=12T187 r=16 k=0
86365589887489457,0,665538749662355244,0,-183110217781311622,0,19092221149073072,0,-934884249652754,0,18918641623362,0,108080685314,0,-11084839922,0,128191386,0,1013558,0,-24761,0,26,0,1 # block t=3948 q=12T87 r=16 k=0
159306677556271874749,0,1106178403127092853629,0,-427776983728914940653,0,42849746739442055517,0,-1821441123888069265,0,32935564013389227,0,9287804533104,0,-10140279147071,0,155984550279,0,-770838776,0,-1577783,0,18930,0,1 # block t=3948 q=12T87 r=16 k=0
194018471464145263918471,0,-316352953112401483135148,0,187842813759977154518615,0,-52279194715440437443130,0,7120181197610735107135,0,-442554149324893564568,0,10889582900000052875,0,-108071715182041916,0,379768228270321,0,-319898674988,0,111170679,0,-17314,0,1 # block t=3948 q=12T187 r=24 k=1
9042349,0,-34430930,0,57291642,0,-55402825,0,34836909,0,-15063971,0,4609048,0,-1008452,0,157021,0,-17008,0,1219,0,-52,0,1 # block t=3948 q=12T187 r=24 k=1
491811307,0,-1263720503,0,1432953775,0,-955779694,0,419864444,0,-128448523,0,28138008,0,-4456466,0,507295,0,-40532,0,2160,0,-69,0,1 # block t=3948 q=12T187 r=24 k=1
5021146570370761,0,-5732755922242050,0,2144927230441779,0,-413526718666724,0,48527332903467,0,-3761699339970,0,201065981406,0,-7555420548,0,199740825,0,-3645122,0,43788,0,-312,0,1 # block t=3948 q=12T87 r=24 k=1
1508776879,0,-5613611067,0,8745822825,0,-7492360180,0,3904296039,0,-1296109368,0,279760191,0,-39442329,0,3598470,0,-207016,0,7128,0,-132,0,1 # block t=3948 q=12T187 r=24 k=1
846933233,0,-2775275464,0,3934537818,0,-3173081080,0,1612366863,0,-541278192,0,122681420,0,-18875792,0,1952031,0,-131656,0,5434,0,-120,0,1 # block t=3948 q=12T87 r=24 k=1
3565684025196271868357,0,-12147228493179281143112,0,15689640571976167784821,0,-9421990371133266831815,0,2547373882458241148114,0,-239486078623063829088,0,6074086059592715346,0,-62908667877917197,0,305129253593964,0,-696801919535,0,670131769,0,-174974,0,1 # block t=3948 q=12T187 r=24 k=1
279816752100204454031,0,-621017201382031475921,0,552981066654401930808,0,-249764165107096459850,0,59192750797607426414,0,-6782145234754029017,0,298223621795842029,0,-5846069716552081,0,54032357705505,0,-227258834647,0,385426169,0,-152578,0,1 # block t=3948 q=12T187 r=24 k=1
8800546707193862770375,0,-31414818097834587914780,0,47695350936963496831695,0,-39935310001566033685186,0,19924850759356658104897,0,-5930091621536169815942,0,978345538999632916292,0,-70335501923051518719,0,329823617214234053,0,-233691411321033,0,45675032195,0,-436533,0,1 # block t=3948 q=12T187 r=24 k=1
1257902049781074112,0,-3114363543229810112,0,3177885817474837552,0,-1714360078518222264,0,520570396542442176,0,-87471308784881994,0,7509650788867251,0,-293059346110476,0,3988166203598,0,-17827752015,0,28140910,0,-10014,0,1 # block t=3948 q=12T187 r=24 k=1
80927611712295578720503,0,-239719280979443875985155,0,283647985364926789550962,0,-168261006694387113415733,0,50622769366737207622751,0,-6518189855018029981819,0,137009212204170087060,0,-1131928019169686263,0,4184953700392313,0,-6587650365606,0,3983788074,0,-492016,0,1 # block t=3948 q=12T187 r=24 k=1
410533768068744481039,0,-1800841194968021203660,0,3173283957596465806053,0,-2842132360768492707962,0,1339035570817645720575,0,-304530613520190587004,0,25382446113055520736,0,-735623243234703411,0,4055167262827067,0,-5263758195313,0,2065715229,0,-89975,0,1 # block t=3948 q=12T187 r=24 k=1
4110063329,0,-10426992624,0,11363088554,0,-7054466464,0,2789676495,0,-743703584,0,137661132,0,-17894272,0,1626095,0,-100976,0,4074,0,-96,0,1 # block t=3948 q=12T187 r=24 k=1
59560825,0,-258884620,0,481240234,0,-502908236,0,327084287,0,-138671864,0,39090636,0,-7349336,0,911207,0,-72444,0,3498,0,-92,0,1 # block t=3948 q=12T187 r=24 k=1
77363655487104955476479,0,-192693873936811421618471,0,159868545637904130786490,0,-51595657221162993454911,0,7558535355585121180429,0,-516876291047134740239,0,15857221820016098376,0,-186727937999177308,0,475058128331232,0,-389936177058,0,133854982,0,-19473,0,1 # block t=3948 q=12T87 r=24 k=1
21789081,0,323683884135,0,1164171440031489,0,22206886705824435,0,-79933703345811369,0,8806103726516595,0,4620922763958837,0,257343670605150,0,1296886363317,0,-1005860160,0,-3512007,0,255,0,1 # block t=3949 q=12T87 r=8 k=1
1994327669939141889431,0,4100880292408685272952,0,345119091731690529288,0,-1060268648099747252570,0,-363162422400099693173,0,-33076571710808232356,0,-22644132534242075,0,3837649806844266,0,-6989716582814,0,-42935591050,0,-20881377,0,6166,0,1 # block t=3949 q=12T87 r=8 k=1
442436980061,0,-136387341708,0,-3275582988875,0,6205126879116,0,-4225003991825,0,965918550948,0,18613161682,0,4317367387,0,438967455,0,23321793,0,709726,0,5300,0,1 # block t=3949 q=12T87 r=8 k=1
34481,0,-206886,0,565177,0,-929430,0,1022977,0,-791074,0,438127,0,-173482,0,48021,0,-8838,0,981,0,-54,0,1 # block t=3949 q=12T87 r=8 k=1
227082493219723,0,-340902040108485,0,194453877463070,0,-57571477621248,0,9968003518504,0,-1058280789402,0,69096800548,0,-2653841223,0,51723643,0,-198489,0,-8088,0,39,0,1 # block t=3949 q=12T87 r=8 k=1
1262679110122049,0,1997951684880087,0,824993193479115,0,120358224366909,0,4621307403618,0,-314304960702,0,-25414341794,0,-146798565,0,21269415,0,225020,0,-7464,0,-48,0,1 # block t=3949 q=12T89 r=8 k=1
45495682449865893306013,0,204143872844812928581368,0,342181638226258777253814,0,254954068451826293388856,0,72453311983981283011335,0,1026505121653829355120,0,-6220738650247137660,0,-34533767183594832,0,67078421763579,0,79893820312,0,-70800858,0,-4584,0,1 # block t=3949 q=12T89 r=8 k=1
405733,0,996708,0,100456,0,-1089768,0,-52495,0,240684,0,8568,0,-21864,0,3046,0,-648,0,86,0,0,0,1 # block t=3949 q=12T89 r=8 k=1
432779172294073290449,0,-393011408284262146088,0,53734485814409402984,0,-3550919843539325008,0,143183664261879361,0,-3876667151457544,0,73740207597084,0,-1003767736416,0,9765816180,0,-66476456,0,301156,0,-816,0,1 # block t=3949 q=12T89 r=8 k=1
125552396701,0,-338561749824,0,389793315852,0,-250966242872,0,99661454853,0,-25468543788,0,4237298726,0,-447379896,0,27556818,0,-923896,0,18360,0,-192,0,1 # block t=3949 q=12T89 r=8 k=1
51062293572247,0,-56580357124932,0,24091654231344,0,-5755234143128,0,894894259419,0,-97552013436,0,7747095858,0,-455112072,0,19698264,0,-612860,0,12990,0,-168,0,1 # block t=3949 q=12T89 r=8 k=1
37101679,0,-66812134,0,-207064100,0,664220630,0,-619911461,0,186342660,0,6341104,0,-542484,0,354293,0,-29118,0,2804,0,222,0,1 # block t=3949 q=12T87 r=8 k=1
881582444501681,0,-1729279285387459,0,1413457192439133,0,-663461769786055,0,221803197766293,0,-63477773455205,0,15940330810771,0,-3078904931338,0,399521530067,0,-30478453708,0,1036568349,0,-203909,0,1 # block t=3949 q=12T87 r=8 k=1
5261648661949,0,-9338965635879,0,5678993950584,0,-1698575527589,0,310078003338,0,-38398250619,0,3405863202,0,-221968944,0,10675845,0,-372935,0,9054,0,-138,0,1 # block t=3949 q=12T87 r=8 k=1
1091101714331,0,-1773945912580,0,1114962054422,0,-390984417036,0,88177712265,0,-13708293696,0,1521444256,0,-122237664,0,7086012,0,-289900,0,7962,0,-132,0,1 # block t=3949 q=12T89 r=8 k=1
3390604515845441,0,3177855673711273,0,-3114472747339176,0,806441038049083,0,-90983172691493,0,4341549870041,0,-5037438770,0,-6468561080,0,145452446,0,1121340,0,-27624,0,-41,0,1 # block t=3949 q=12T87 r=16 k=1
253161805723,0,-1179563204325,0,1201525126487,0,2081752747019,0,-5025311574481,0,3131305466051,0,-432787332949,0,11223927176,0,670995657,0,-20446754,0,-280735,0,3629,0,1 # block t=3949 q=12T87 r=16 k=1
3076006778875486048256,0,2188593848575216701440,0,-10029642113601922702336,0,-15331730356262953926656,0,-7582673920955563789824,0,-1185490418269565494272,0,33176456854430836480,0,-277120080218840128,0,900661017650832,0,-1035795967504,0,369864316,0,-38380,0,1 # block t=3949 q=12T87 r=16 k=1
102400,0,286720,0,-249856,0,-564224,0,479232,0,113664,0,-204096,0,57472,0,1664,0,-3312,0,576,0,-40,0,1 # block t=3949 q=12T87 r=16 k=1
3691924911584753044979,0,6427243345045366762780,0,831313616683159830223,0,-234178004260289333466,0,-29809855619659680556,0,2821396674396703143,0,247044999532346400,0,-11906053531113821,0,62362915866091,0,-117816084608,0,87581766,0,-19113,0,1 # block t=3949 q=12T87 r=16 k=1
3828287958012669723529,0,-31582288912763125826145,0,-297642934511982664074787,0,-710148830616408978149019,0,-666900533703085572632799,0,-215705454583745737207681,0,3295017744309146507597,0,-16189995656670964788,0,34953292421884975,0,-34724692993588,0,14014202595,0,-1526191,0,1 # block t=3949 q=12T87 r=16 k=1
19793715850725513841,0,29437434002066237688,0,-32143801071777597684,0,11092612385365644658,0,-1755443210319234357,0,123458683616776776,0,-1959412000912939,0,-102267600629774,0,-132329870776,0,6233533366,0,-8700225,0,-2686,0,1 # block t=3949 q=12T87 r=16 k=1
3250639899570176,0,-3446815002578944,0,1264529046971392,0,-248552351655424,0,30641839919104,0,-2550198528768,0,148447502336,0,-6118050912,0,177335776,0,-3516504,0,44964,0,-328,0,1 # block t=3949 q=12T87 r=16 k=1
188094679333710475264,0,117717985941045235712,0,-83190490717098898432,0,17822298720736022528,0,-1862468073548123392,0,102315212691292416,0,-2672940928291904,0,15448220093184,0,397686078224,0,-146022752,0,-1837332,0,32,0,1 # block t=3949 q=12T87 r=16 k=1
29952136176838693,0,114004502259999936,0,-282700985867375877,0,217099050578830462,0,-72890045537280372,0,10111143520165887,0,-331591423990233,0,688470246072,0,72603766098,0,-396998909,0,-3278118,0,10737,0,1 # block t=3949 q=12T87 r=16 k=1
906177498291001,0,-1156043897679922,0,443158778371461,0,-89640674863734,0,11450928726148,0,-1001047437536,0,62199498269,0,-2783543336,0,89213563,0,-1996060,0,29522,0,-258,0,1 # block t=3949 q=12T87 r=16 k=1
6696000512,0,428187648,0,-43542275328,0,56550437504,0,-26872096976,0,4575966144,0,178407024,0,-115436256,0,5807982,0,233760,0,-11512,0,-24,0,1 # block t=3949 q=12T89 r=16 k=1
57491834407714193631677,0,82452953184621302956166,0,-14255802581913248523973,0,803071638975934083866,0,-11114602424282608242,0,-524449681551306203,0,18819265014722551,0,-87054897684944,0,-2992915726482,0,26986854575,0,-30931282,0,-97847,0,1 # block t=3949 q=12T87 r=16 k=1
15008373584443715503,0,81069351696532852434,0,141469676761479268401,0,85723349702998346230,0,-2502945421554819199,0,-12184642063608703878,0,572660764921039742,0,-9080637147288254,0,57936363212997,0,-131218364480,0,92860050,0,-19220,0,1 # block t=3949 q=12T87 r=16 k=1
184687224987649,0,-804802937832864,0,1401828393084207,0,-1233947426629585,0,569863621214136,0,-129942017789058,0,12968749064544,0,-675029714283,0,19743106176,0,-321562555,0,2610387,0,-7314,0,1 # block t=3949 q=12T87 r=16 k=1
1332425701720064,0,4975275871698944,0,7300741474840576,0,5263961630563328,0,1902727299199104,0,322343343959616,0,27213428219979,0,1045136088095,0,18458105877,0,133763106,0,401031,0,582,0,1 # block t=3951 q=12T87 r=0 k=0
4132824880192913408,0,883665900781977600,0,-222495632998998016,0,-68406321730625536,0,5188936105790976,0,1634115689124352,0,77833941931200,0,-989464050176,0,73008790400,0,-425270720,0,10443636,0,-4592,0,1 # block t=3951 q=12T87 r=0 k=0
5344320451,0,19416535408,0,29848459499,0,25216635551,0,12745664616,0,3958804631,0,764427404,0,96555156,0,8797889,0,504939,0,21130,0,336,0,1 # block t=3951 q=12T87 r=0 k=0
553726997124352039,0,1105989180207992541,0,768109127566154631,0,241727133184467946,0,40505164051132065,0,4728348588662649,0,303730648462523,0,-6419561694117,0,94704266625,0,-499753775,0,1924320,0,3021,0,1 # block t=3951 q=12T87 r=0 k=0
1642339,0,7808808,0,15623864,0,15668304,0,9073820,0,3359736,0,877212,0,184680,0,34491,0,5268,0,562,0,36,0,1 # block t=3951 q=12T89 r=0 k=0
3502375503867904,0,3607675565080576,0,1211096647540736,0,216326209814528,0,24363654631424,0,1873714078720,0,102449000192,0,4051624192,0,115785968,0,2342560,0,31944,0,264,0,1 # block t=3951 q=12T89 r=0 k=0
1522599494160384,0,2396423138770944,0,1377542119993344,0,413638715990016,0,73493845039872,0,8056326905856,0,539195562496,0,20564754432,0,374187264,0,2247680,0,30912,0,96,0,1 # block t=3951 q=12T89 r=0 k=0
41345339456,0,195080096384,0,716831273024,0,1288979800064,0,941808508832,0,117377708384,0,-107904602800,0,12971794992,0,22809925524,0,308572784,0,1472756,0,2248,0,1 # block t=3951 q=12T89 r=0 k=0
17584526934808,0,-68837487162984,0,107190817249124,0,-83185806739496,0,32958888170396,0,-6207514798660,0,531483095585,0,-17836393267,0,176475606,0,2978333,0,66381,0,482,0,1 # block t=3951 q=12T87 r=0 k=0
192585619006047736,0,-73677377587159248,0,31507355427310224,0,-6946846067986384,0,1092821927752422,0,-114391785027114,0,8766370449537,0,-403079083209,0,10430934840,0,-138618325,0,693807,0,900,0,1 # block t=3951 q=12T87 r=0 k=0
8722206664249,0,40002716440024,0,74266530912266,0,71077638194320,0,36926756501951,0,10097949008688,0,1358394783564,0,99678750112,0,4191536871,0,99174840,0,1178058,0,4880,0,1 # block t=3951 q=12T87 r=0 k=0
11812479491321,0,20146620798171,0,10318701892116,0,2051745120401,0,100924271007,0,-12559542624,0,-553905543,0,90058494,0,-784299,0,-277531,0,36312,0,333,0,1 # block t=3951 q=12T87 r=0 k=0
46742860069963,0,60872930459813,0,30599130625143,0,8524842093381,0,1507483875713,0,180400721329,0,15069420407,0,888115540,0,36713695,0,1039376,0,19155,0,207,0,1 # block t=3951 q=12T87 r=0 k=0
184760892213787,0,235788708600164,0,106188441602938,0,25761660275776,0,3930986035106,0,405943342828,0,29411588934,0,1515664972,0,55329409,0,1398028,0,23230,0,228,0,1 # block t=3951 q=12T89 r=0 k=0
8167720064345251339,0,8317122477389454260,0,1599905967553719400,0,150782031123121460,0,8678546397227609,0,334778210835428,0,9050879041638,0,174715389636,0,2406673980,0,23180384,0,148702,0,572,0,1 # block t=3951 q=12T89 r=0 k=0
8214931760195831662699,0,33664954218608681317000,0,33445709270833892208702,0,-25557097883722504944682,0,-57910671148122712734143,0,-23871836324480226368494,0,494485483574009441226,0,-3277771577004760540,0,9505797940636200,0,-12661129460166,0,6877979858,0,-1039408,0,1 # block t=3951 q=12T87 r=16 k=0
30211214145601,0,-61745250729113,0,-338262155604800,0,-157153520120875,0,-12622189173178,0,2587514834618,0,111010905363,0,-26860289117,0,1412829576,0,-33827760,0,384397,0,-1706,0,1 # block t=3951 q=12T87 r=16 k=0
202180769302514421037,0,270679154813859826368,0,-32844212433013288710,0,1251007281231708776,0,-3317203384142841,0,-1008223188233904,0,27121668943308,0,-214691541120,0,-1520615925,0,33204656,0,-134406,0,-168,0,1 # block t=3951 q=12T89 r=16 k=0
353342417,0,6481686228,0,-2354463430,0,-3724385280,0,492920362,0,459643530,0,-67374346,0,-14077818,0,3291042,0,-246830,0,8755,0,-150,0,1 # block t=3951 q=12T87 r=16 k=0
15529896771250709,0,-9606367119540136,0,-21839844343520591,0,29966564429444200,0,-14888137908013236,0,3467791320548319,0,-356237550530355,0,9962317135104,0,290574967614,0,438611175,0,-1407612,0,-951,0,1 # block t=3951 q=12T87 r=16 k=0
797720051563765399,0,8850747718288477407,0,-10987184541343181343,0,-8300739373020935070,0,-379344268966671444,0,60173387576089188,0,958278643954059,0,-133823387841486,0,2599266724515,0,-14654883666,0,20113437,0,-8760,0,1 # block t=3951 q=12T89 r=16 k=0
8450368,0,46886272,0,-53816160,0,-67829984,0,8483924,0,11714080,0,-2247440,0,-524288,0,219628,0,-30256,0,2080,0,-72,0,1 # block t=3951 q=12T89 r=16 k=0
2775001111,0,-8878497609,0,12682725653,0,-10667003365,0,5859332900,0,-2200928873,0,574322322,0,-103369286,0,12426275,0,-929767,0,37247,0,-540,0,1 # block t=3951 q=12T87 r=16 k=0
7962607,0,32535786,0,8962050,0,-60356417,0,-8083332,0,24730119,0,-4491714,0,-1118655,0,421560,0,-51071,0,3000,0,-87,0,1 # block t=3951 q=12T89 r=16 k=0
1086528363943331269375,0,956336813980662039750,0,-184533687475302233750,0,8750822988379290430,0,117869008773192429,0,-15273628402076422,0,85647414153080,0,7863547590894,0,-54910473981,0,-1091051148,0,3707581,0,-3610,0,1 # block t=3951 q=12T87 r=16 k=0
4180291415358592154741,0,-9181066322348537050837,0,-59488152878268586183054,0,-84293999346008618973933,0,-47628755930136733590442,0,-9184759165742488342094,0,240628166393813711071,0,-1900746760940523985,0,6443546472308662,0,-9902541440616,0,6102902445,0,-1019118,0,1 # block t=3951 q=12T87 r=16 k=0
138340884440575564258624,0,339619738076157238601952,0,-294477207975701546186688,0,70231477241053177908720,0,-3631602746430767657696,0,-727024215958091802356,0,95032177089921345519,0,-2968617646211792469,0,4720795492626724,0,272852588210,0,-277679548,0,598,0,1 # block t=3951 q=12T87 r=16 k=0
9762132332736512,0,13450143941640192,0,-6459680590956544,0,1090704051421184,0,-84830579311872,0,2391476880128,0,71016292736,0,-6193049792,0,102857680,0,1190288,0,-36812,0,28,0,1 # block t=3951 q=12T87 r=16 k=0
61596274968677961,0,97441367819971194,0,7111824244910523,0,-14727289077379188,0,-2258207295537942,0,124569524280015,0,14024569488858,0,-1104971459049,0,28435277613,0,-329557746,0,1722996,0,-3435,0,1 # block t=3951 q=12T89 r=16 k=0
97182936282335561171,0,-86276249165644776060,0,14094082936723035408,0,-1112289489592594250,0,52990606067420904,0,-1675037773835427,0,36779337738063,0,-571997509446,0,6300965451,0,-48194744,0,243867,0,-735,0,1 # block t=3951 q=12T89 r=24 k=0
3576148137917629,0,-7448878358047488,0,5746047524956513,0,-2188152318672106,0,465688985773498,0,-58428842300224,0,4381944732839,0,-194104522510,0,4906804765,0,-65795620,0,411444,0,-1112,0,1 # block t=3951 q=12T87 r=24 k=0
7760723647588359319,0,-8949961182805961547,0,1879716598864771863,0,-190111045340291836,0,11547481986077040,0,-461975997282831,0,12717500626365,0,-245156737977,0,3303513432,0,-30454546,0,182748,0,-642,0,1 # block t=3951 q=12T89 r=24 k=0
451239230761881157594513,0,-399449022355393658160636,0,47671001393500446192426,0,-2125247207044326797628,0,50672290525126262783,0,-747706441039289784,0,7326263220267820,0,-49269600587736,0,229301656367,0,-727840908,0,1506666,0,-1836,0,1 # block t=3951 q=12T89 r=24 k=0
3890244071407211078131,0,-5273698962997738580493,0,2621823822313661427042,0,-601724784622936469863,0,64511150381380310643,0,-2933054381561751027,0,62643224176582722,0,-660050656814448,0,3650547462318,0,-10741806886,0,15769344,0,-9273,0,1 # block t=3951 q=12T89 r=24 k=0
496608354274862257,0,-1570580296090105488,0,1925934647412753274,0,-1125675996267581600,0,305773325715183631,0,-31495919008201536,0,1515728601300236,0,-31120048929760,0,285770744415,0,-1054127408,0,1591386,0,-1152,0,1 # block t=3953 q=12T87 r=0 k=1
130022184365412088,0,3678220647703728,0,8753783747313264,0,1585089343600448,0,373157261998182,0,38654756784882,0,4200721028547,0,255474332505,0,8061886170,0,124542425,0,713871,0,-924,0,1 # block t=3953 q=12T87 r=0 k=1
148683563542571141,0,198549504310232376,0,65944742506244343,0,10577767714892203,0,990279544095023,0,59051749760080,0,2383305168334,0,69668647957,0,1579569180,0,27590509,0,324219,0,1965,0,1 # block t=3953 q=12T87 r=0 k=1
15343261710986161,0,16635081776357598,0,5229916029350499,0,850566478393760,0,85960330437087,0,5866973044182,0,281766200271,0,9684363474,0,237840282,0,4087130,0,46785,0,321,0,1 # block t=3953 q=12T87 r=0 k=1
57434796556295151401,0,154295069680261968648,0,135287374306454694423,0,37692643118273095922,0,-81245260266359037,0,732871523864771232,0,81086792276710413,0,1440814671213684,0,12789902130069,0,47665643426,0,81660495,0,17454,0,1 # block t=3953 q=12T87 r=0 k=1
27328592402544784849,0,31082786548474835577,0,8024515643740886343,0,916293510080329496,0,57339174555847449,0,2138970014450775,0,48570245396574,0,649730301111,0,4489129809,0,7621352,0,-69537,0,-135,0,1 # block t=3953 q=12T87 r=0 k=1
1428533075611,0,2942069470854,0,2452858463856,0,1083401507111,0,282447527886,0,46493651475,0,5055906552,0,372681585,0,18754182,0,635549,0,13890,0,177,0,1 # block t=3953 q=12T89 r=0 k=1
25577886613,0,45174698280,0,34590484008,0,15559650280,0,4642232682,0,976080964,0,149198252,0,16783432,0,1384807,0,82092,0,3336,0,84,0,1 # block t=3953 q=12T89 r=0 k=1
1526837248,0,3472367616,0,3471869952,0,2043316224,0,795138816,0,216870912,0,42706944,0,6139392,0,641120,0,47520,0,2376,0,72,0,1 # block t=3953 q=12T89 r=0 k=1
15679387826191,0,39304740696684,0,38982777851190,0,19057610784416,0,4643134406064,0,559358475192,0,84169420008,0,21055261248,0,1506361275,0,16094300,0,30288,0,24,0,1 # block t=3953 q=12T89 r=0 k=1
18552033343,0,41836600296,0,38850879828,0,19414407240,0,5721874038,0,1030654080,0,117347240,0,9207288,0,522633,0,17820,0,990,0,36,0,1 # block t=3953 q=12T89 r=0 k=1
2331541843,0,-8959863855,0,16483973310,0,-15617714225,0,8832749427,0,-2340991989,0,410451378,0,-46494819,0,3561057,0,-179180,0,5712,0,-108,0,1 # block t=3953 q=12T87 r=0 k=1
352916706172420084750829,0,257518036673905124447415,0,43716981943849787499942,0,3338295970895548720662,0,133657935698183381850,0,2859251712890509572,0,31232364769099717,0,207755980802880,0,2153354220948,0,14134617224,0,32247549,0,4212,0,1 # block t=3953 q=12T87 r=0 k=1
15799078912,0,38423048192,0,36376809472,0,18266731520,0,5678719232,0,1186854400,0,174706944,0,18573376,0,1438336,0,80512,0,3160,0,80,0,1 # block t=3953 q=12T87 r=0 k=1
65748206694554267643,0,72230880827308478742,0,26820373109228892792,0,4232348202091712946,0,327125771354713203,0,13384320749132412,0,315960572451976,0,4551965715204,0,41032097745,0,230249038,0,771264,0,1386,0,1 # block t=3953 q=12T89 r=0 k=1
86084762709544031789,0,172862020887226067125,0,39148335851044613117,0,780960430037110894,0,-564534601842306359,0,-64780886072615543,0,-2641942873555755,0,-27860524201325,0,415667316791,0,208373467,0,-1873195,0,-68,0,1 # block t=3953 q=12T87 r=8 k=0
371697440908243463,0,2222518813818789843,0,4560619152275047667,0,3788315594418181089,0,1262346550622647001,0,97040903685656947,0,-13274479210787831,0,209392177709078,0,1111292781381,0,-19311356622,0,-46976647,0,98373,0,1 # block t=3953 q=12T87 r=8 k=0
537555479,0,1053129418,0,-10293882122,0,19468088930,0,-15267420165,0,4825721095,0,-329366845,0,1743169,0,4500540,0,-94799,0,27492,0,718,0,1 # block t=3953 q=12T87 r=8 k=0
10135594279,0,-42612486019,0,110772305350,0,-190234097197,0,220251974699,0,-175113903460,0,96029312141,0,-35784627430,0,8664042291,0,-1231034061,0,78578260,0,-61973,0,1 # block t=3953 q=12T87 r=8 k=0
205739810866087829,0,-243922940898984672,0,74896646591980698,0,-11240583251800784,0,992395558022136,0,-55957523231271,0,2108468762379,0,-54540204807,0,966202302,0,-10990706,0,69411,0,-105,0,1 # block t=3953 q=12T87 r=8 k=0
