# IGP24 class field sweep: deg6.
8464,0,-84640,0,57132,0,1150552,0,-1289931,0,-3472954,0,2493635,0,-477068,0,161,0,8096,0,-629,0,-2,0,1 # cft deg6 r=16
1053424,2632952,73036,-3129050,-295701,121369,-564227,932422,551434,-259366,-113070,81893,29434,-6606,-6911,-6089,3704,1420,739,178,32,-31,-8,-2,1 # cft deg6 r=0
108749,-1906,200061,-356348,573643,-450308,687681,-991772,996227,-813034,774377,-620379,311486,-73188,-16879,23378,-7974,858,322,-400,155,25,-14,2,1 # cft deg6 r=0
-571,736,739,1298,-9201,6000,8952,6526,-20479,-5994,22883,18264,-12015,-18916,7686,15914,2509,-6374,-1719,1212,332,-110,-29,4,1 # cft deg6 r=4
1,-3,-112,-539,-740,1231,4489,2569,-5547,-6854,5495,12011,-777,-13681,-9714,1324,5331,3227,597,-402,-286,-30,28,10,1 # cft deg6 r=8
142061,1259423,2473940,1095547,-2195168,-4566247,-3120250,332231,2345022,1795728,120216,-639478,-348820,18758,93482,39768,-3114,-10459,-2700,1054,552,-41,-38,0,1 # cft deg6 r=4
4877,-24096,97185,-239107,491370,-751842,945502,-932700,751622,-496223,309164,-200950,142809,-89945,47068,-17023,4037,-113,-81,50,-31,6,1,-2,1 # cft deg6 r=0
487,3399,5374,-1989,17821,-23744,26729,51045,94634,78888,48224,4647,4069,1888,5393,2144,1425,-108,79,-202,-80,16,9,4,1 # cft deg6 r=0
25492,82176,-160578,68944,59403,-65037,-44750,47585,39859,-60304,4897,36215,-25300,-5508,14259,-3171,-2884,1752,-2,-293,131,25,-19,0,1 # cft deg6 r=4
17959,-70557,-17782,325747,-126959,-584015,266142,608163,-259564,-411720,132990,169479,-34666,-17495,25976,-1476,-10806,853,3255,292,-490,-126,18,10,1 # cft deg6 r=8
752,2104,4064,5704,6053,1104,2279,13346,14248,-1196,-17425,-13126,9285,16674,-3574,-10512,1600,3738,-630,-772,151,86,-19,-4,1 # cft deg6 r=4
123203,100235,147849,34372,-113115,-218384,-82982,105766,137733,35177,-49973,-52330,-2662,20091,9872,-3346,-3908,-266,852,236,-94,-53,4,6,1 # cft deg6 r=0
106373,-193976,250871,-89388,-107473,270142,-103819,-26256,123896,-188398,141247,88302,-156322,18382,61193,-25302,-9280,9028,-295,-1638,305,170,-28,-6,1 # cft deg6 r=0
-1789,4803,-11724,20460,-35632,47911,-45180,35511,-1729,-35501,69654,-72171,44023,-21457,-1805,8056,-4669,1019,851,-648,25,82,-14,-4,1 # cft deg6 r=4
-24169,108871,-957,109925,-217303,-672823,339453,947084,-147741,-630956,7131,234138,651,-71228,-193,22496,1477,-5490,-954,760,247,-59,-26,2,1 # cft deg6 r=4
256,0,6528,0,-8528,0,7592,0,-1515,0,-232,0,1872,0,-1193,0,740,0,-165,0,44,0,-8,0,1 # cft deg6 r=0
457,6075,95616,69780,-34792,-179738,72733,239759,304054,305650,359269,330435,262771,153343,60484,9832,-6382,-6386,-2776,-652,17,80,33,8,1 # cft deg6 r=0
124609,0,-825300,0,2003862,0,-2405454,0,1900499,0,-1189410,0,592729,0,-214574,0,52587,0,-8346,0,814,0,-44,0,1 # cft deg6 r=20
1,0,-110,0,2951,0,-19084,0,42435,0,-25606,0,4747,0,-17522,0,17982,0,-5466,0,724,0,-44,0,1 # cft deg6 r=20
160000,0,-1868800,0,5319008,0,-5963164,0,2655673,0,-78436,0,-261684,0,56524,0,638,0,-1212,0,156,0,-16,0,1 # cft deg6 r=16
16,0,-3552,0,40620,0,-119528,0,66725,0,66834,0,-95701,0,46544,0,-10987,0,1148,0,11,0,-14,0,1 # cft deg6 r=16
289,0,-5160,0,19584,0,-16866,0,9510,0,-19622,0,18027,0,-8230,0,4551,0,-2048,0,407,0,-34,0,1 # cft deg6 r=16
29584,0,-528704,0,153564,0,1084464,0,-859911,0,-117084,0,336754,0,-141848,0,28583,0,-3576,0,362,0,-28,0,1 # cft deg6 r=16
16,0,-448,0,204,0,10728,0,-24627,0,-6510,0,44657,0,-18556,0,-1862,0,2090,0,-328,0,8,0,1 # cft deg6 r=16
5329,0,-35172,0,28582,0,33278,0,-134109,0,120942,0,-60531,0,30822,0,-11993,0,2078,0,-54,0,-16,0,1 # cft deg6 r=12
1,0,-156,0,544,0,1074,0,-5558,0,7838,0,-6601,0,3426,0,-1257,0,860,0,-193,0,-6,0,1 # cft deg6 r=12
169744,0,-335904,0,104156,0,119852,0,-19271,0,-63132,0,29740,0,-5798,0,2142,0,-1016,0,241,0,-26,0,1 # cft deg6 r=12
625,0,-124650,0,-889701,0,1952856,0,-1637457,0,769210,0,-224865,0,37606,0,-666,0,-1298,0,296,0,-28,0,1 # cft deg6 r=12
361,0,-3900,0,7692,0,29958,0,-97418,0,108438,0,-62913,0,20934,0,-3753,0,192,0,67,0,-18,0,1 # cft deg6 r=12
5776,0,-85840,0,165400,0,761004,0,-830103,0,-97476,0,149112,0,30646,0,-11714,0,-2108,0,33,0,22,0,1 # cft deg6 r=12
1,0,-48,0,272,0,-704,0,336,0,3588,0,-6002,0,288,0,-2904,0,1568,0,-160,0,-12,0,1 # cft deg6 r=12
12769,0,-53324,0,30186,0,58018,0,579,0,-68674,0,4729,0,8206,0,951,0,-1570,0,358,0,-32,0,1 # cft deg6 r=12
620944,0,1167408,0,-5500020,0,4353000,0,-717231,0,-157000,0,-36276,0,20150,0,3858,0,-904,0,-103,0,10,0,1 # cft deg6 r=12
1,0,-24,0,106,0,840,0,-5041,0,-816,0,5772,0,-816,0,-5041,0,840,0,106,0,-24,0,1 # cft deg6 r=12
310249,0,-688376,0,-672924,0,80270,0,267766,0,3278,0,-44493,0,6114,0,2719,0,-428,0,23,0,-10,0,1 # cft deg6 r=8
113569,0,215614,0,-402833,0,-152800,0,-14843,0,105872,0,34533,0,-7908,0,-6273,0,-654,0,102,0,20,0,1 # cft deg6 r=8
361,0,-5184,0,18160,0,-11326,0,75754,0,-15162,0,3655,0,-12510,0,3227,0,-388,0,95,0,-6,0,1 # cft deg6 r=8
361,0,484,0,2586,0,-36398,0,36071,0,-14590,0,25501,0,-6266,0,4187,0,-1290,0,230,0,-28,0,1 # cft deg6 r=8
289,0,-2834,0,-45569,0,53892,0,267685,0,124164,0,42285,0,-4992,0,-2553,0,-1054,0,-82,0,16,0,1 # cft deg6 r=8
1,0,0,0,-7496,0,0,0,23928,0,0,0,-7714,0,0,0,-920,0,0,0,-8,0,0,0,1 # cft deg6 r=8
289,0,2834,0,-45569,0,-53892,0,267685,0,-124164,0,42285,0,4992,0,-2553,0,1054,0,-82,0,-16,0,1 # cft deg6 r=8
11881,0,-56412,0,59540,0,-3702,0,-27046,0,22914,0,6555,0,-8538,0,3967,0,-1056,0,163,0,-18,0,1 # cft deg6 r=8
1,0,-112742,0,144471,0,-279248,0,-136361,0,-38482,0,74591,0,-8938,0,-1278,0,-98,0,72,0,-16,0,1 # cft deg6 r=8
390625,0,0,0,-347688,0,0,0,-19032,0,0,0,-7874,0,0,0,8216,0,0,0,-520,0,0,0,1 # cft deg6 r=8
10000,0,-76400,0,-30888,0,140196,0,11985,0,-34080,0,-49070,0,52576,0,-18493,0,2676,0,-70,0,-16,0,1 # cft deg6 r=8
16,0,-400,0,188,0,2224,0,-14279,0,17548,0,-6584,0,6734,0,-1550,0,176,0,37,0,-14,0,1 # cft deg6 r=8
3481,0,-258162,0,2442293,0,-2670532,0,-382896,0,420454,0,314228,0,84066,0,13168,0,1472,0,213,0,22,0,1 # cft deg6 r=8
16,0,448,0,204,0,-10728,0,-24627,0,6510,0,44657,0,18556,0,-1862,0,-2090,0,-328,0,-8,0,1 # cft deg6 r=8
10000,0,-70800,0,188408,0,-258660,0,219753,0,-140996,0,84722,0,-33816,0,7179,0,-1084,0,146,0,-12,0,1 # cft deg6 r=8
361,0,-33874,0,332937,0,-750376,0,-10312,0,-313214,0,139120,0,-9442,0,9176,0,96,0,173,0,10,0,1 # cft deg6 r=8
4096,0,-622592,0,1736704,0,-2179072,0,1644032,0,-841984,0,312000,0,-86272,0,17968,0,-2800,0,316,0,-24,0,1 # cft deg6 r=8
83521,0,-405092,0,-94792,0,807118,0,-375854,0,-207722,0,177143,0,-23262,0,-8121,0,2292,0,-105,0,-14,0,1 # cft deg6 r=16
1,0,-206,0,5733,0,-39810,0,36538,0,8138,0,-3411,0,14770,0,-4726,0,-2746,0,-363,0,-6,0,1 # cft deg6 r=12
1,0,-404,0,5134,0,-14350,0,-1053,0,-11886,0,3261,0,2598,0,1211,0,250,0,-130,0,-16,0,1 # cft deg6 r=12
190096,0,-1023904,0,2457676,0,-3498844,0,3215761,0,-1945068,0,792374,0,-223832,0,44731,0,-6308,0,606,0,-36,0,1 # cft deg6 r=12
289,0,39086,0,-269469,0,594042,0,-482837,0,120184,0,27450,0,-20328,0,2779,0,986,0,-133,0,-18,0,1 # cft deg6 r=12
1,0,-52,0,422,0,1362,0,-5409,0,-16114,0,-11619,0,2634,0,783,0,-294,0,190,0,-28,0,1 # cft deg6 r=12
150544,0,-1080720,0,2219304,0,-2209804,0,432329,0,436982,0,-136127,0,-25472,0,6898,0,742,0,-132,0,-8,0,1 # cft deg6 r=12
16,0,-656,0,8476,0,-32392,0,-23367,0,-9192,0,2648,0,4526,0,1210,0,-300,0,-171,0,-10,0,1 # cft deg6 r=12
14641,0,-77440,0,216812,0,-507950,0,794986,0,-720206,0,379863,0,-123622,0,27091,0,-4152,0,439,0,-30,0,1 # cft deg6 r=12
4624,0,-520016,0,-721636,0,2092664,0,-808643,0,-273630,0,240941,0,-50004,0,1762,0,206,0,92,0,-20,0,1 # cft deg6 r=12
16,0,-3728,0,488,0,37108,0,-56919,0,14354,0,7019,0,-1456,0,781,0,-324,0,107,0,-22,0,1 # cft deg6 r=12
14641,0,215138,0,-190837,0,-927300,0,1571507,0,-1060798,0,428843,0,-118138,0,22762,0,-3150,0,288,0,-20,0,1 # cft deg6 r=8
10609,0,530,0,-150555,0,131412,0,-9196,0,-25578,0,10284,0,-7506,0,3092,0,496,0,-75,0,-10,0,1 # cft deg6 r=8
361,0,-52670,0,148715,0,-31364,0,79283,0,-21890,0,-2749,0,-10242,0,6874,0,-1578,0,188,0,-16,0,1 # cft deg6 r=8
73984,0,-899072,0,2642176,0,-3428480,0,2772064,0,-1602192,0,576836,0,-130084,0,19709,0,-2118,0,215,0,-18,0,1 # cft deg6 r=8
1042441,0,898948,0,-1842312,0,-468282,0,1089338,0,-325094,0,-36509,0,26170,0,-2669,0,300,0,-53,0,-6,0,1 # cft deg6 r=8
1,0,0,0,-4088,0,0,0,111256,0,0,0,-103554,0,0,0,8456,0,0,0,-376,0,0,0,1 # cft deg6 r=8
1042441,0,-898948,0,-1842312,0,468282,0,1089338,0,325094,0,-36509,0,-26170,0,-2669,0,-300,0,-53,0,6,0,1 # cft deg6 r=8
249001,0,-1209418,0,2083335,0,-1892324,0,1159967,0,-561778,0,224791,0,-72198,0,17658,0,-3122,0,376,0,-28,0,1 # cft deg6 r=8
729,0,-92502,0,380277,0,-114706,0,315922,0,-632718,0,259949,0,-4382,0,-1486,0,94,0,117,0,-6,0,1 # cft deg6 r=8
256,0,0,0,-45600,0,0,0,526833,0,0,0,-26198,0,0,0,-3701,0,0,0,-54,0,0,0,1 # cft deg6 r=8
1471369,0,-7021640,0,8321734,0,-3890110,0,579567,0,174560,0,-115843,0,30524,0,-4275,0,200,0,55,0,-14,0,1 # cft deg6 r=8
256,0,-13312,0,-79360,0,27200,0,18208,0,-2192,0,2148,0,72,0,-263,0,-116,0,58,0,-12,0,1 # cft deg6 r=8
552049,0,-2341534,0,5115259,0,-5600976,0,2432805,0,-241236,0,-35031,0,-11876,0,4423,0,22,0,-42,0,-8,0,1 # cft deg6 r=8
83521,0,405092,0,-94792,0,-807118,0,-375854,0,207722,0,177143,0,23262,0,-8121,0,-2292,0,-105,0,14,0,1 # cft deg6 r=8
289,0,-15358,0,207373,0,-107124,0,23568,0,-82798,0,27904,0,-3922,0,2840,0,-820,0,105,0,-10,0,1 # cft deg6 r=8
289,0,-1846,0,3343,0,-83332,0,422409,0,-236844,0,146793,0,-60024,0,11355,0,-894,0,98,0,-20,0,1 # cft deg6 r=8
11881,0,-143264,0,145530,0,187466,0,-89289,0,-61812,0,59293,0,-24776,0,7069,0,-1504,0,227,0,-22,0,1 # cft deg6 r=8
227,362,-3685,-748,23714,-20866,-53149,98516,8891,-148864,109707,54134,-120726,47426,28942,-32434,5442,5878,-2966,-146,419,-52,-28,4,1 # cft deg6 r=16
256,0,-22912,0,300784,0,-420216,0,-5447,0,53848,0,34244,0,4030,0,-2194,0,-400,0,81,0,-18,0,1 # cft deg6 r=12
65536,0,-180224,0,-28672,0,109568,0,33280,0,-8384,0,-23504,0,624,0,1153,0,870,0,-101,0,-10,0,1 # cft deg6 r=12
16,0,-2624,0,18408,0,67472,0,-185255,0,-148360,0,41220,0,-1448,0,1022,0,488,0,-84,0,-8,0,1 # cft deg6 r=12
6896,20640,-66944,-96192,259636,96888,-466744,40344,486403,-188422,-308300,198592,127899,-115990,-38688,43486,9897,-10638,-2222,1580,349,-126,-30,4,1 # cft deg6 r=12
361,0,-94830,0,20579,0,325538,0,-155821,0,-110932,0,-23926,0,10748,0,2523,0,34,0,-133,0,2,0,1 # cft deg6 r=12
-25,470,-3002,6898,624,-17566,624,37578,-2847,-54210,-3694,47338,17821,-30056,-20338,13682,9657,-4808,-2584,996,385,-102,-30,4,1 # cft deg6 r=12
1,0,4,0,-206,0,-1356,0,2991,0,16712,0,-40388,0,16712,0,2991,0,-1356,0,-206,0,4,0,1 # cft deg6 r=12
1409,4670,-12971,-37306,7216,71646,41659,-33750,-32917,10882,-2343,-33052,-20182,13228,20018,6370,-3538,-3452,-644,382,209,8,-16,-4,1 # cft deg6 r=12
10201,0,137490,0,95015,0,-16420,0,-104873,0,11462,0,5103,0,3574,0,-102,0,-90,0,-36,0,0,0,1 # cft deg6 r=8
256,0,-78336,0,230400,0,14080,0,-169888,0,-30288,0,63668,0,23276,0,-3643,0,1058,0,-97,0,-14,0,1 # cft deg6 r=8
256,0,-2048,0,5696,0,-11136,0,-3424,0,5440,0,38496,0,-2732,0,3649,0,-1858,0,411,0,-38,0,1 # cft deg6 r=8
1,0,-1166,0,-30017,0,856,0,106223,0,46278,0,-75641,0,-74214,0,-26598,0,-4394,0,-264,0,8,0,1 # cft deg6 r=8
473344,0,-2145280,0,332608,0,668416,0,162784,0,-85504,0,-44480,0,-5480,0,953,0,218,0,-1,0,2,0,1 # cft deg6 r=8
11881,0,142610,0,244971,0,-135048,0,-88113,0,198970,0,-64733,0,-22002,0,9162,0,406,0,-208,0,-4,0,1 # cft deg6 r=8
16,0,-208,-704,-2180,-768,1908,6968,8053,-4744,-6613,2192,4617,-1004,-4671,1606,2738,-1136,-841,340,179,-58,-20,4,1 # cft deg6 r=8
241,-59996,-161929,-31118,320243,184630,-676999,-1268622,-792667,147800,531968,262014,-61050,-109834,-22311,22154,11629,-1864,-2625,-232,323,64,-24,-4,1 # cft deg6 r=8
256,0,18432,0,44352,0,-77440,0,-126048,0,-69600,0,25536,0,2288,0,3393,0,-300,0,-122,0,4,0,1 # cft deg6 r=8
4096,0,58112,0,-364336,0,488044,0,-777319,0,482252,0,-55192,0,-1586,0,-6166,0,2164,0,-191,0,-6,0,1 # cft deg6 r=8
625,0,-21150,0,157527,0,62618,0,251843,0,-312456,0,83354,0,5664,0,-4493,0,902,0,103,0,-26,0,1 # cft deg6 r=8
51529,0,40070,0,-746555,0,498080,0,208900,0,-166806,0,-10840,0,16186,0,-1508,0,-632,0,57,0,-18,0,1 # cft deg6 r=8
256,0,-448,0,48,0,-1516,0,-1351,0,3028,0,-3140,0,9236,0,-8674,0,2508,0,-196,0,-8,0,1 # cft deg6 r=12
-256,-3072,-8192,12672,42240,8128,32352,94304,-202464,-513696,-82144,483000,265992,-152548,-108482,17318,8813,-1928,1589,278,-236,14,0,-4,1 # cft deg6 r=12
-4225,-52910,-236211,-457232,-309106,216786,479544,209362,-145330,-167022,46223,141950,45376,-38824,-27692,3946,5706,-1648,-919,632,178,-88,-22,4,1 # cft deg6 r=12
120409,0,-1404386,0,4002977,0,-4587218,0,2422714,0,-679554,0,126049,0,-14654,0,-3654,0,1970,0,-255,0,2,0,1 # cft deg6 r=12
1336336,0,-360672,0,1905148,0,-1555468,0,529441,0,96804,0,-166878,0,73780,0,-17785,0,2112,0,-30,0,-16,0,1 # cft deg6 r=8
534361,0,-3060386,0,8154739,0,-8354196,0,3777787,0,-1229226,0,123379,0,53046,0,-3094,0,-1482,0,-152,0,12,0,1 # cft deg6 r=8
5329,0,-62078,0,170073,0,-534362,0,556802,0,-6726,0,-207463,0,82858,0,-16558,0,1734,0,-23,0,-14,0,1 # cft deg6 r=8
3481,0,-1071272,0,601382,0,2008834,0,96879,0,-272654,0,-57195,0,1406,0,-733,0,-26,0,66,0,4,0,1 # cft deg6 r=8
729,0,-16848,0,44730,0,130754,0,35743,0,11406,0,-4147,0,3554,0,-1257,0,-98,0,42,0,-8,0,1 # cft deg6 r=8
241,-3460,11001,-22968,27680,-12716,-8519,16430,8673,-7326,-27049,29384,1442,1664,-8496,-784,2330,332,-176,-230,27,58,-12,-4,1 # cft deg6 r=8
4096,0,64512,0,-677440,0,1673088,0,-1230199,0,537052,0,-155620,0,27370,0,-2802,0,-140,0,85,0,-14,0,1 # cft deg6 r=8
92416,0,-546560,0,1189504,0,-1424000,0,1063664,0,-511680,0,148696,0,-16284,0,-5319,0,2326,0,-285,0,2,0,1 # cft deg6 r=8
256,0,-3776,0,-2752,0,15512,0,4937,0,-2726,0,2043,0,-696,0,-495,0,-72,0,-65,0,-10,0,1 # cft deg6 r=8
16,0,8096,0,-97044,0,308948,0,-169535,0,-91868,0,58644,0,714,0,-730,0,732,0,21,0,-2,0,1 # cft deg6 r=8
29584,0,-120576,0,-405636,0,-51980,0,254641,0,17348,0,-7544,0,254,0,-734,0,-12,0,-19,0,-2,0,1 # cft deg6 r=8
4912,17520,1360,-48688,-26248,89668,69210,-74418,-80741,-936,55595,32156,-16431,-17734,2017,6836,-8,-2778,-263,754,129,-98,-22,4,1 # cft deg6 r=8
237169,0,-1527048,0,329254,0,1763070,0,946135,0,99302,0,-130199,0,-63394,0,-13253,0,-1490,0,42,0,20,0,1 # cft deg6 r=8
1849,0,-956,0,-1268,0,-121030,0,-124110,0,298210,0,34531,0,-47194,0,9735,0,-752,0,83,0,-18,0,1 # cft deg6 r=8
1,0,84,0,-3112,0,8080,0,-6832,0,5656,0,-3762,0,2948,0,-1912,0,672,0,-88,0,-8,0,1 # cft deg6 r=8
16,0,-3328,0,-149956,0,-235280,0,-20251,0,154118,0,72545,0,-25352,0,-13450,0,-898,0,152,0,24,0,1 # cft deg6 r=8
1,0,-215438,0,-363059,0,999766,0,244554,0,-315574,0,-134251,0,1226,0,-1878,0,550,0,205,0,18,0,1 # cft deg6 r=8
1,0,1062,0,-2279,0,10494,0,28114,0,-104954,0,43913,0,2626,0,-238,0,-150,0,-71,0,2,0,1 # cft deg6 r=8
625,0,-950,0,-100867,0,60030,0,32458,0,-20958,0,-2187,0,3362,0,-918,0,14,0,125,0,-22,0,1 # cft deg6 r=8
-16,-416,-3536,-13696,-29272,-32608,-14492,-832,-24053,-53742,-33198,2316,17,-6438,-750,1610,1639,-398,-700,260,153,-58,-18,4,1 # cft deg6 r=8
1849,0,-219738,0,83555,0,561268,0,542271,0,393362,0,111199,0,3694,0,-98,0,-1854,0,-88,0,8,0,1 # cft deg6 r=8
729,0,-59292,0,-151182,0,-91346,0,108279,0,232422,0,166781,0,58238,0,6791,0,-478,0,-142,0,-8,0,1 # cft deg6 r=8
729,0,-111780,0,-308484,0,511622,0,970102,0,290418,0,-59761,0,-15902,0,1643,0,-236,0,-45,0,-6,0,1 # cft deg6 r=8
289,0,5198,0,-2279,0,-66702,0,132738,0,-91130,0,17337,0,3918,0,-30,0,362,0,-39,0,-10,0,1 # cft deg6 r=8
256,0,-4352,0,-29376,0,-13952,0,-46880,0,-64368,0,-82512,0,50748,0,7113,0,634,0,151,0,18,0,1 # cft deg6 r=4
256,0,49152,0,235840,0,-655424,0,-1440,0,318176,0,-142960,0,4116,0,10121,0,-686,0,-141,0,10,0,1 # cft deg6 r=4
1,0,654,0,56025,0,-143204,0,-98788,0,12718,0,-11680,0,4538,0,52,0,388,0,37,0,10,0,1 # cft deg6 r=4
2209,0,12484,0,-11592,0,-8054,0,-9278,0,-8850,0,5763,0,-3158,0,-1229,0,220,0,11,0,-6,0,1 # cft deg6 r=4
667489,0,341644,0,93924,0,226280,0,-23076,0,34804,0,-27874,0,12420,0,-8324,0,1912,0,-140,0,-4,0,1 # cft deg6 r=4
190096,0,88560,0,-775156,0,-1690744,0,-1423231,0,-528212,0,-33610,0,50340,0,16971,0,1524,0,46,0,16,0,1 # cft deg6 r=4
625,0,-3550,0,-129081,0,-350276,0,111877,0,47180,0,-10799,0,-10612,0,-1193,0,810,0,10,0,0,0,1 # cft deg6 r=4
361,0,-56310,0,-612139,0,-1024478,0,-283806,0,80122,0,-47523,0,-14418,0,5074,0,438,0,-123,0,-2,0,1 # cft deg6 r=4
16,0,69872,0,350952,0,378324,0,-48151,0,-192042,0,-45571,0,8136,0,4138,0,82,0,-88,0,4,0,1 # cft deg6 r=4
729,0,-5832,0,-6516,0,-39776,0,-39516,0,-60552,0,-55546,0,-24432,0,-4116,0,-192,0,-108,0,0,0,1 # cft deg6 r=4
256,0,-3840,0,-17920,0,66816,0,-134752,0,147680,0,-98284,0,31848,0,-4163,0,106,0,91,0,-14,0,1 # cft deg6 r=4
16,0,1200,0,20456,0,-57020,0,-94559,0,35754,0,-47335,0,11120,0,1542,0,-734,0,184,0,-16,0,1 # cft deg6 r=4
531441,0,-1692738,0,1906011,0,-999490,0,212315,0,-8940,0,2130,0,-92,0,-1493,0,462,0,-37,0,-2,0,1 # cft deg6 r=4
256,0,618240,0,-983104,0,-3419328,0,-2834480,0,-964384,0,-23076,0,97352,0,36981,0,6706,0,675,0,38,0,1 # cft deg6 r=4
4096,0,-56064,0,25072,0,-5988,0,-225127,0,-121924,0,-15884,0,2322,0,1726,0,-8,0,-115,0,2,0,1 # cft deg6 r=4
2209,0,203492,0,226030,0,-98,0,-96429,0,-44462,0,-2543,0,1782,0,-29,0,-166,0,14,0,12,0,1 # cft deg6 r=4
2209,0,6416,0,13206,0,-382,0,-224581,0,-393510,0,-297039,0,-124246,0,-30045,0,-3882,0,-170,0,12,0,1 # cft deg6 r=4
289,0,13850,0,-7549,0,-35980,0,-38365,0,-23522,0,-8525,0,-2610,0,-1118,0,-314,0,-24,0,-12,0,1 # cft deg6 r=4
7088,117424,440736,904728,1101160,813692,386028,286222,267315,140888,21903,18756,4651,2242,-2375,-3044,862,86,-329,-6,63,6,-2,4,1 # cft deg6 r=4
73984,0,612352,0,-74816,0,-1005696,0,668048,0,-173968,0,-56148,0,-17768,0,5049,0,1396,0,386,0,12,0,1 # cft deg6 r=4
180625,0,1104200,0,2015702,0,1178922,0,-59345,0,-379126,0,-198355,0,-49634,0,-6989,0,-602,0,-6,0,0,0,1 # cft deg6 r=4
16,0,816,0,-59172,0,-355448,0,-549203,0,-170902,0,159,0,-7756,0,7565,0,-2276,0,271,0,-14,0,1 # cft deg6 r=4
187489,0,260396,0,49062,0,33774,0,-94533,0,-36324,0,-23671,0,-7104,0,-519,0,-328,0,107,0,-14,0,1 # cft deg6 r=4
729,0,5832,0,-6516,0,39776,0,-39516,0,60552,0,-55546,0,24432,0,-4116,0,192,0,-108,0,0,0,1 # cft deg6 r=4
1142761,0,1321278,0,4059055,0,1035400,0,-1546555,0,-153080,0,143245,0,7012,0,-7649,0,34,0,118,0,-4,0,1 # cft deg6 r=4
259081,0,386822,0,-551015,0,79880,0,73988,0,-44858,0,-5624,0,4866,0,-1644,0,40,0,-59,0,-6,0,1 # cft deg6 r=4
361,0,10858,0,88595,0,229552,0,340783,0,236174,0,55087,0,-22326,0,-17506,0,-4278,0,-408,0,-4,0,1 # cft deg6 r=4
3481,0,128510,0,1261923,0,1646896,0,877071,0,270146,0,70403,0,-2590,0,-3854,0,294,0,-76,0,-16,0,1 # cft deg6 r=4
1,0,-12,0,-19678,0,-233166,0,-216893,0,37886,0,-39947,0,4258,0,-1329,0,230,0,22,0,4,0,1 # cft deg6 r=4
28561,0,84162,0,-231589,0,-268850,0,-88917,0,37272,0,65578,0,-22056,0,6123,0,-250,0,83,0,-6,0,1 # cft deg6 r=4
120409,0,76120,0,-322970,0,356038,0,-199561,0,83676,0,-33319,0,5736,0,-1187,0,-52,0,67,0,-14,0,1 # cft deg6 r=4
565504,0,8058880,0,850624,0,-751360,0,631568,0,92896,0,-59156,0,29392,0,-3859,0,166,0,99,0,-22,0,1 # cft deg6 r=4
361,0,1926,0,-636115,0,-371900,0,112576,0,-41414,0,-18160,0,8494,0,-784,0,-176,0,105,0,-18,0,1 # cft deg6 r=4
63001,0,42728,0,633852,0,-247158,0,-552910,0,-128662,0,-21749,0,14366,0,5395,0,480,0,139,0,6,0,1 # cft deg6 r=4
16,0,352,0,2716,0,11048,0,23181,0,16362,0,-14315,0,-29132,0,-18858,0,-6002,0,-620,0,-8,0,1 # cft deg6 r=4
94249,0,-92650,0,-384399,0,67438,0,86090,0,1190,0,-8063,0,1938,0,-870,0,154,0,1,0,2,0,1 # cft deg6 r=4
4,64,144,-2416,-16289,-34786,-12293,60382,86189,-13206,-83391,-26740,31921,32776,-5607,-20176,2334,6698,-1360,-1116,326,82,-31,-2,1 # cft deg6 r=16
37249,0,-298780,0,787074,0,-938998,0,635471,0,-359148,0,175729,0,-55304,0,10909,0,-1724,0,199,0,-22,0,1 # cft deg6 r=12
65536,0,-278528,0,454656,0,-330752,0,33536,0,92416,0,-23856,0,-14400,0,1473,0,846,0,-61,0,-14,0,1 # cft deg6 r=12
20624,-203616,-1365316,-1810776,2203265,8127324,8623342,3593036,-536723,-729200,361312,330656,-96046,-83352,29364,13896,-11454,-5648,20,24,-147,28,46,12,1 # cft deg6 r=12
1843,14942,21342,-79408,-317042,-470964,-283113,167080,393242,160064,-149087,-173596,7255,96284,31264,-26910,-16241,3834,4525,282,-573,-142,17,10,1 # cft deg6 r=12
39601,0,-236090,0,155503,0,220030,0,-74781,0,15812,0,-34782,0,100,0,3427,0,150,0,-137,0,-2,0,1 # cft deg6 r=12
5483,11512,-32144,-51430,48074,102230,-11096,-118152,-24639,82330,36477,-49686,-30127,24138,20884,-6794,-9745,128,2598,456,-354,-112,17,10,1 # cft deg6 r=12
1,0,-4,0,-206,0,1356,0,2991,0,-16712,0,-40388,0,-16712,0,2991,0,1356,0,-206,0,-4,0,1 # cft deg6 r=12
1648,8160,12112,-3488,-25336,-11216,37584,65896,27795,-54466,-81533,-25380,10142,-3600,463,18450,15096,2916,-1448,-1042,-342,-32,27,10,1 # cft deg6 r=12
1,0,498,0,-10937,0,46840,0,27743,0,31230,0,5063,0,5686,0,-1550,0,-270,0,28,0,-4,0,1 # cft deg6 r=8
186624,0,-5971968,0,10545408,0,-6876032,0,1605728,0,192144,0,-166156,0,32124,0,-3139,0,98,0,79,0,-18,0,1 # cft deg6 r=8
929296,0,-249088,0,2582136,0,-2681336,0,1182273,0,-357334,0,104969,0,-30612,0,7862,0,-1638,0,252,0,-24,0,1 # cft deg6 r=8
1,0,20,0,-46,0,-1276,0,1071,0,18664,0,-32772,0,18664,0,1071,0,-1276,0,-46,0,20,0,1 # cft deg6 r=8
160000,0,-691200,0,397888,0,562048,0,432992,0,-120096,0,-24240,0,-2776,0,1553,0,-34,0,-5,0,-2,0,1 # cft deg6 r=8
16,0,2624,0,18408,0,-67472,0,-185255,0,148360,0,41220,0,1448,0,1022,0,-488,0,-84,0,8,0,1 # cft deg6 r=8
-157,6736,2503,-32152,-79716,-82492,-15579,78342,145249,162190,128847,56746,-18819,-54442,-41009,-9824,7427,6998,1667,-614,-450,-56,27,10,1 # cft deg6 r=8
-304,1792,24848,133152,389768,708256,905256,991336,1164849,1422536,1510929,1293272,877343,461156,178370,42154,-2253,-8110,-4540,-1552,-293,28,37,10,1 # cft deg6 r=8
256,0,-18432,0,44352,0,77440,0,-126048,0,69600,0,25536,0,-2288,0,3393,0,300,0,-122,0,-4,0,1 # cft deg6 r=8
289,0,-115478,0,1292259,0,599570,0,-277381,0,-255644,0,-34670,0,12260,0,3771,0,434,0,51,0,10,0,1 # cft deg6 r=8
-36767,-356846,-1452876,-2913846,-1857467,3906822,8926892,4696068,-4865041,-7090348,-1284572,2635308,1657690,-47092,-409916,-167872,6855,32314,9880,-1094,-1207,-178,32,12,1 # cft deg6 r=8
100489,0,163258,0,-1205039,0,1548450,0,-713734,0,110586,0,-9391,0,1438,0,618,0,-74,0,-31,0,-2,0,1 # cft deg6 r=8
3136,0,10368,0,20224,0,20544,0,14448,0,8352,0,3200,0,848,0,236,0,48,0,20,0,8,0,1 # cft deg6 r=0
196,0,2008,0,4532,0,-568,0,23744,0,21696,0,13176,0,3348,0,836,0,92,0,32,0,4,0,1 # cft deg6 r=0
5056,18688,53376,98176,149376,187136,209280,212288,192944,167616,136928,104384,76736,51840,32720,19168,9844,4768,2064,744,260,80,20,4,1 # cft deg6 r=0
2752,5632,-10112,-26496,19328,34176,18944,-17088,-37584,-32704,-800,14912,17696,11776,6448,3744,2580,1520,720,312,124,40,12,4,1 # cft deg6 r=0
2176,3840,4736,17920,56384,124416,206144,261760,265920,224384,153568,72768,5344,-30912,-35648,-23344,-9264,-816,1880,1656,828,288,72,12,1 # cft deg6 r=0
1,0,-4,0,2,0,-12,0,47,0,-8,0,28,0,8,0,47,0,12,0,2,0,4,0,1 # cft deg6 r=0
4,0,16,0,60,0,136,0,232,0,296,0,284,0,204,0,124,0,52,0,20,0,4,0,1 # cft deg6 r=0
64,0,1152,2944,8768,33152,77184,128832,183728,218496,199680,136960,69696,21888,-2400,-8768,-6676,-3104,-680,296,380,200,64,12,1 # cft deg6 r=0
68,0,136,0,388,0,352,0,320,0,84,0,104,0,112,0,144,0,88,0,36,0,8,0,1 # cft deg6 r=0
68,0,-136,0,388,0,-352,0,320,0,-84,0,104,0,-112,0,144,0,-88,0,36,0,-8,0,1 # cft deg6 r=0
4369,0,-43690,0,141153,0,-66334,0,154746,0,-86246,0,57709,0,-22954,0,6990,0,-1398,0,201,0,-18,0,1 # cft deg6 r=0
281,0,1686,0,4701,0,8050,0,9234,0,7182,0,3509,0,654,0,-302,0,-142,0,13,0,6,0,1 # cft deg6 r=0
21723392,-93062144,195588096,-287204608,336699392,-322424064,248491008,-151399680,69393536,-18851648,-1434624,2926208,405856,-1212224,220736,288528,-154432,400,19328,-4400,-568,324,-16,-8,1 # cft deg6 r=0
1244,-16936,107144,-262616,677596,-634312,1008624,-759024,790228,-510068,409940,-232012,146896,-74504,39836,-17496,8448,-2912,1448,-304,204,-18,20,0,1 # cft deg6 r=0
34952,-136832,176392,-107264,30776,35928,424,2288,73988,-99336,-45352,45688,39092,-10768,-13924,-6944,3306,3360,714,-492,-300,-34,22,8,1 # cft deg6 r=0
8,176,936,-1056,-4112,2696,8496,-6800,-18812,3728,34856,35944,14644,-1408,-4124,-1016,1158,1000,66,-312,-174,-14,20,8,1 # cft deg6 r=0
5729,0,34374,0,81661,0,93210,0,44770,0,-2066,0,-6179,0,2062,0,1586,0,-38,0,-19,0,6,0,1 # cft deg6 r=0
5801,0,0,0,-17150,0,-28684,0,19811,0,72212,0,87312,0,58252,0,24835,0,6284,0,830,0,48,0,1 # cft deg6 r=0
2704,-9568,28544,-53984,95728,-111296,130080,-98256,69480,-39200,-112,3184,-14248,9400,3528,528,-472,-636,-160,-104,50,24,20,4,1 # cft deg6 r=0
5953,0,-35718,0,69393,0,-63322,0,84438,0,-21522,0,8173,0,966,0,622,0,70,0,57,0,2,0,1 # cft deg6 r=0
5341,0,-12208,0,13626,0,-8468,0,6355,0,-7452,0,6980,0,-5268,0,2919,0,-912,0,118,0,-4,0,1 # cft deg6 r=0
5341,0,12208,0,11430,0,1824,0,-2429,0,-3420,0,-792,0,-968,0,223,0,208,0,78,0,12,0,1 # cft deg6 r=0
6137,0,-36822,0,93461,0,-129770,0,106454,0,-52238,0,15689,0,-4226,0,1974,0,-830,0,193,0,-22,0,1 # cft deg6 r=0
9248,26560,-45920,-29184,179360,-367808,509696,-325120,-150864,346576,-128864,-83312,95744,-18728,-25352,15768,1504,-3600,832,260,-170,32,6,-4,1 # cft deg6 r=0
4788801,0,2128356,0,1652670,0,764536,0,296583,0,107308,0,30436,0,7196,0,1735,0,400,0,78,0,12,0,1 # cft deg6 r=0
53,0,0,0,-358,0,-272,0,599,0,1004,0,584,0,176,0,59,0,36,0,10,0,0,0,1 # cft deg6 r=0
53,0,0,0,-358,0,272,0,599,0,-1004,0,584,0,-176,0,59,0,-36,0,10,0,0,0,1 # cft deg6 r=0
212,0,-1272,0,3364,0,-3872,0,3344,0,-2444,0,1908,0,-1152,0,308,0,-44,0,16,0,4,0,1 # cft deg6 r=0
212,0,1272,0,3364,0,3872,0,3344,0,2444,0,1908,0,1152,0,308,0,44,0,16,0,-4,0,1 # cft deg6 r=0
6817,0,0,0,-21990,0,-20800,0,18543,0,59804,0,60260,0,30468,0,7647,0,676,0,-46,0,-4,0,1 # cft deg6 r=0
213124,1138784,3091080,5742368,8316500,10019552,10386304,9502280,7860376,5974408,4198544,2736280,1660872,941464,499208,247024,113260,47504,18008,6044,1760,432,84,12,1 # cft deg6 r=0
205904,1503488,4967264,9417824,10691072,6704608,1814624,1359808,3917664,4258288,1343936,-1465376,-1920920,-888448,-1224,229976,132604,30592,-2904,-3952,-980,-4,52,12,1 # cft deg6 r=0
169,-650,638,508,-1134,-18,1164,-752,-549,964,-120,-320,-300,220,500,56,11,-34,98,164,138,78,32,8,1 # cft deg6 r=0
361,-1178,-2296,4168,10754,4766,558,7696,16227,19388,22700,25424,26340,24068,19472,13784,8835,5030,2572,1144,458,150,42,8,1 # cft deg6 r=0
6125,0,17500,0,17550,0,16500,0,38775,0,-3280,0,7748,0,864,0,-261,0,-60,0,-2,0,-4,0,1 # cft deg6 r=0
6125,0,-17500,0,16350,0,-22300,0,14295,0,16720,0,13332,0,4576,0,2235,0,348,0,62,0,12,0,1 # cft deg6 r=0
1024,0,-2048,0,35840,0,-58880,0,11008,0,18304,0,-5248,0,-384,0,768,0,-96,0,-12,0,4,0,1 # cft deg6 r=0
3028,7152,6648,-17904,-23972,-10640,-17504,-27160,11096,48128,51440,53296,58712,49728,30616,14888,6828,3640,2324,1452,736,276,72,12,1 # cft deg6 r=0
1873,9740,37136,140152,387494,680132,745716,476936,81223,-163992,-150244,-18736,56700,43880,10796,-6376,-5721,-1892,244,408,114,-12,-16,0,1 # cft deg6 r=0
4429,11616,4056,-7032,2054,-2416,-14688,-3560,34151,4960,-58576,40976,14436,-38208,28672,-13456,4203,-448,-200,-24,118,-80,32,-8,1 # cft deg6 r=0
22813,-23048,38448,-30900,-55110,147608,-120344,2788,78651,-78728,48252,-32024,35424,-38080,27684,-10536,-1233,4304,-2804,892,2,-136,60,-12,1 # cft deg6 r=0
12544,0,-45056,0,72192,0,-71424,0,45824,0,-13376,0,-3488,0,3136,0,-32,0,-288,0,4,0,12,0,1 # cft deg6 r=0
68,-512,1128,-464,17036,35024,80624,143272,108400,28912,28712,64768,62232,33992,12368,2936,-536,-1592,-1116,-204,216,180,64,12,1 # cft deg6 r=0
853,-1760,4496,-8644,8810,13296,-30672,-2300,55715,-26216,-18692,4808,22440,-20352,8116,-3080,2751,-2584,1452,-404,106,-96,52,-12,1 # cft deg6 r=0
45497,-52804,874552,7089180,22088438,39357684,47255528,41251956,27471455,14064440,5030432,782520,-317548,-265656,-90272,-5240,13319,7436,1640,44,-106,-60,-8,4,1 # cft deg6 r=0
54241,-148852,107360,132968,-247722,39604,176364,-102872,-46193,78968,1068,-19888,23300,15048,-84,3448,2479,-1172,-684,360,202,-28,-24,0,1 # cft deg6 r=0
7492,0,-22476,0,16588,0,6320,0,-6336,0,-6936,0,3477,0,2902,0,755,0,8,0,7,0,-10,0,1 # cft deg6 r=0
7649,0,-45894,0,121813,0,-188370,0,187374,0,-124110,0,54121,0,-14298,0,1566,0,226,0,-79,0,2,0,1 # cft deg6 r=0
7649,0,45894,0,117261,0,165610,0,141042,0,75342,0,26813,0,7470,0,1858,0,362,0,61,0,6,0,1 # cft deg6 r=0
121,0,726,0,1661,0,1650,0,526,0,190,0,785,0,634,0,86,0,30,0,49,0,-2,0,1 # cft deg6 r=0
299209,225364,644346,605116,306361,123980,-75946,-248602,-76750,109878,90336,3536,-35615,-19282,6122,7852,-112,-1946,-152,330,41,-44,-6,4,1 # cft deg6 r=0
125072,0,125072,0,-185232,0,-300168,0,-27936,0,168096,0,121425,0,39890,0,11311,0,3404,0,607,0,42,0,1 # cft deg6 r=0
31268,0,-93804,0,59804,0,23236,0,6924,0,-15796,0,-6587,0,-1118,0,1835,0,640,0,139,0,14,0,1 # cft deg6 r=0
7897,0,47382,0,75085,0,10354,0,23922,0,1910,0,-11047,0,3238,0,722,0,-698,0,185,0,-22,0,1 # cft deg6 r=0
7897,0,47382,0,62485,0,-20094,0,25050,0,9854,0,-1339,0,1910,0,2586,0,874,0,149,0,14,0,1 # cft deg6 r=0
8,96,792,3840,13000,28344,51352,76800,85524,73720,46312,6760,-19468,-14240,812,3728,154,-552,382,380,16,-58,-10,4,1 # cft deg6 r=0
29416,-92752,412488,-35488,517920,-189880,43296,-285136,93108,13920,198312,38168,14492,-38352,-17164,-8192,3054,2992,1322,0,-134,-46,4,4,1 # cft deg6 r=0
144,0,-512,0,6912,0,-13472,0,76256,0,-90384,0,59192,0,-24832,0,7264,0,-1496,0,216,0,-20,0,1 # cft deg6 r=0
4096,0,0,0,5120,0,0,0,512,0,0,0,-960,0,0,0,160,0,0,0,-12,0,0,0,1 # cft deg6 r=0
26896,0,30528,0,-17120,0,-20096,0,11920,0,7648,0,24,0,-1344,0,-392,0,112,0,84,0,16,0,1 # cft deg6 r=0
73441,0,30396,0,-47662,0,-24628,0,18151,0,27864,0,18132,0,5448,0,1799,0,524,0,90,0,12,0,1 # cft deg6 r=0
26896,0,-30528,0,-17120,0,20096,0,11920,0,-7648,0,24,0,1344,0,-392,0,-112,0,84,0,-16,0,1 # cft deg6 r=0
81,0,-284,0,486,0,-764,0,1071,0,-1344,0,2020,0,-1888,0,1663,0,-452,0,70,0,-4,0,1 # cft deg6 r=0
144,0,512,0,6912,0,13472,0,76256,0,90384,0,59192,0,24832,0,7264,0,1496,0,216,0,20,0,1 # cft deg6 r=0
95749,0,212313,0,212457,0,130091,0,58025,0,19786,0,3723,0,-728,0,-697,0,-155,0,6,0,8,0,1 # cft deg6 r=0
729,-8262,29538,-32940,10377,7776,-25554,46476,3634,5606,21266,-10868,-1215,3336,582,2484,1546,1138,642,308,177,60,22,4,1 # cft deg6 r=0
4497,17280,347866,75988,-51343,-162092,-398018,-60504,367686,403344,325982,268332,163549,88820,41506,18360,8186,2296,1226,228,169,12,18,0,1 # cft deg6 r=0
122877,0,477855,0,791274,0,702338,0,361915,0,96138,0,19,0,-8978,0,-2693,0,-178,0,66,0,15,0,1 # cft deg6 r=0
361,0,3249,0,9177,0,4199,0,-1655,0,-5602,0,-3093,0,-144,0,843,0,509,0,122,0,16,0,1 # cft deg6 r=0
1272145552,-1281579360,142656832,961507600,-243567712,7099576,296417376,-15146544,35265952,27921436,6156136,3389038,2419531,234182,383712,21464,41211,2912,2512,638,105,6,24,-4,1 # cft deg6 r=0
6697,40176,122082,229192,247645,83364,-158178,-226832,-41854,77784,21342,18488,-13855,-16812,24042,-22264,18122,-10968,5278,-2168,741,-204,46,-8,1 # cft deg6 r=0
1212737,3545028,8998246,14953640,22429625,24516072,20841030,15140956,10835414,7448476,4594778,2392136,1235693,626144,340718,142828,58658,16268,5762,616,137,-96,-2,-4,1 # cft deg6 r=0
32979,204708,658904,1381372,2136796,2745424,3088880,2999956,2478731,1695416,886048,302520,18232,-68192,-60960,-27032,-3999,3108,2632,780,-84,-112,-16,4,1 # cft deg6 r=0
2349,0,-4524,0,6314,0,-3896,0,1667,0,180,0,-504,0,108,0,47,0,-40,0,14,0,-4,0,1 # cft deg6 r=0
261,0,-1218,0,3889,0,-5914,0,3154,0,1362,0,-1703,0,-126,0,574,0,-258,0,69,0,-10,0,1 # cft deg6 r=0
16749,0,-61413,0,56266,0,22902,0,-45689,0,33450,0,7327,0,-8850,0,4691,0,-266,0,50,0,-1,0,1 # cft deg6 r=0
2166784,0,0,0,-162816,0,0,0,-23040,0,0,0,-192,0,0,0,608,0,0,0,4,0,0,0,1 # cft deg6 r=0
59,-240,894,-1280,1676,72,274,184,1771,-2056,-708,208,1152,504,140,-688,-471,328,342,-32,-108,-16,18,8,1 # cft deg6 r=0
31329,187974,642996,1430700,2368099,3042840,3299640,3183560,2936006,2662706,2321620,1867372,1334487,834080,454268,217488,92982,36222,13016,4236,1235,292,60,8,1 # cft deg6 r=0
166293,0,-363381,0,348958,0,-169690,0,92015,0,-67630,0,42647,0,-18754,0,5567,0,-1122,0,134,0,-9,0,1 # cft deg6 r=0
19269,0,-51384,0,43282,0,-198975,0,224927,0,380264,0,24247,0,-37006,0,7073,0,2443,0,109,0,-3,0,1 # cft deg6 r=0
333,0,1110,0,1121,0,378,0,2466,0,458,0,997,0,446,0,398,0,78,0,49,0,6,0,1 # cft deg6 r=0
333,0,-1110,0,673,0,-450,0,1026,0,1842,0,1861,0,1474,0,882,0,358,0,93,0,14,0,1 # cft deg6 r=0
1017,0,226,0,4049,0,-1890,0,3126,0,-2082,0,2413,0,-1750,0,982,0,-378,0,93,0,-14,0,1 # cft deg6 r=0
29,0,58,0,69,0,62,0,306,0,730,0,961,0,702,0,362,0,118,0,29,0,6,0,1 # cft deg6 r=0
20921,-86664,48928,221696,-404395,169852,626464,-1033380,720946,-215628,-126272,103308,79205,-195636,207692,-146388,80526,-35728,13352,-4232,1189,-272,56,-8,1 # cft deg6 r=0
29,0,-58,0,69,0,-62,0,306,0,-730,0,961,0,-702,0,362,0,-118,0,29,0,-6,0,1 # cft deg6 r=0
2693,-27632,129282,-367028,709697,-992580,1042550,-865940,661462,-614716,713758,-793456,729013,-540060,327578,-167128,73818,-28944,10282,-3360,1021,-288,70,-12,1 # cft deg6 r=0
1413,0,5181,0,5561,0,363,0,-471,0,-1202,0,-1121,0,1548,0,287,0,-627,0,134,0,12,0,1 # cft deg6 r=0
122384,0,-489536,0,726640,0,-589736,0,449108,0,-443336,0,352161,0,-102033,0,35786,0,-7617,0,826,0,-45,0,1 # cft deg6 r=0
1013,0,-7091,0,23512,0,-21725,0,22853,0,-422,0,5611,0,2227,0,1077,0,-10,0,51,0,-9,0,1 # cft deg6 r=0
11664,0,-40500,0,210321,0,17638,0,53291,0,3368,0,8093,0,606,0,789,0,60,0,43,0,2,0,1 # cft deg6 r=0
65536,0,0,0,-39936,0,0,0,9472,0,0,0,-384,0,0,0,-144,0,0,0,8,0,0,0,1 # cft deg6 r=0
4,0,360,0,8157,0,-22230,0,33425,0,-34614,0,27374,0,-13102,0,3843,0,-764,0,126,0,-16,0,1 # cft deg6 r=0
4096,0,0,0,6144,0,0,0,-1280,0,0,0,-4800,0,0,0,2640,0,0,0,-100,0,0,0,1 # cft deg6 r=0
106276,0,-83176,0,-12759,0,49396,0,-19178,0,-4384,0,5651,0,-1254,0,-154,0,114,0,5,0,-6,0,1 # cft deg6 r=0
1,0,-5,0,83,0,-264,0,560,0,-868,0,988,0,-830,0,522,0,-234,0,75,0,-13,0,1 # cft deg6 r=0
10201,19594,1757,-17370,22274,6502,-41573,56082,-83620,50026,35073,-153322,241516,-259318,218493,-148634,85140,-40562,16543,-5574,1610,-374,73,-10,1 # cft deg6 r=0
1,0,-13,0,75,0,-234,0,522,0,-830,0,988,0,-868,0,560,0,-264,0,83,0,-5,0,1 # cft deg6 r=0
1037,0,-3111,0,5445,0,-3168,0,4676,0,-1559,0,505,0,-93,0,114,0,-55,0,24,0,-4,0,1 # cft deg6 r=0
271424,0,-479233,0,609962,0,-744129,0,661177,0,-408580,0,191407,0,-70540,0,19818,0,-3647,0,336,0,-12,0,1 # cft deg6 r=0
11737,0,14938,0,52857,0,-31899,0,37302,0,-22586,0,5551,0,617,0,-796,0,186,0,4,0,-8,0,1 # cft deg6 r=0
6662,16898,1043,-30226,-25089,-9322,18374,12776,11391,6155,-16159,19223,-10295,-2362,16352,-19934,16804,-10883,5732,-2428,858,-239,54,-8,1 # cft deg6 r=0
187792,0,418264,0,628317,0,563212,0,343702,0,86402,0,18441,0,9527,0,2107,0,137,0,74,0,8,0,1 # cft deg6 r=0
125,-350,915,-2186,3934,-6531,10035,-12147,14294,-16105,16055,-15654,15003,-12510,10030,-7790,5222,-3179,1864,-901,389,-139,37,-8,1 # cft deg6 r=0
7024,-4528,205808,-911304,2313749,-4134901,5862591,-6613032,5983939,-4262040,2339843,-921630,228933,-17027,-4232,-1210,2637,-918,397,-48,11,22,-1,0,1 # cft deg6 r=0
1,0,0,0,-4,0,51,0,-26,0,-255,0,722,0,-255,0,-26,0,51,0,-4,0,0,0,1 # cft deg6 r=0
76868,-341896,789363,-1308762,1803708,-2105508,2097306,-1811404,1369041,-919232,548018,-288924,138300,-60536,24208,-7424,338,1384,-1117,454,-96,-4,14,-4,1 # cft deg6 r=0
79088,-4244,51439,-154858,180906,-13856,-131681,159770,-17535,-83852,88875,-25694,-16901,22816,-7745,-2414,4395,-2504,713,38,-113,36,0,-4,1 # cft deg6 r=0
279808,0,279808,0,35680,0,-145712,0,-72179,0,-16740,0,4064,0,6275,0,3110,0,834,0,140,0,15,0,1 # cft deg6 r=0
4372,0,-7651,0,19095,0,-30633,0,33487,0,-20462,0,11611,0,-5494,0,1583,0,-337,0,72,0,-6,0,1 # cft deg6 r=0
253016,484008,943788,902960,1114879,723771,487539,-5439,-132047,-286352,-196716,-131284,-42526,-2162,16396,13244,10295,4486,2342,756,313,75,26,4,1 # cft deg6 r=0
256,512,928,-16416,67372,-131876,147608,-121608,118331,-114601,101387,-50953,41741,-21235,14502,-1837,1934,191,513,72,98,29,12,2,1 # cft deg6 r=0
29504,50944,92224,23424,-7772,44272,87116,17924,4085,30768,28888,16681,10918,10546,8883,7187,4430,2452,1175,508,210,57,22,2,1 # cft deg6 r=0
1657,12079,29219,28630,43193,131254,183864,149997,134394,108149,71500,39455,26821,14565,10295,5277,3184,1252,575,223,142,29,19,2,1 # cft deg6 r=0
1213,0,-4852,0,8879,0,-13166,0,17418,0,-15617,0,14256,0,-3911,0,2163,0,-465,0,120,0,-18,0,1 # cft deg6 r=0
2504,0,2504,0,22593,0,40258,0,39281,0,21033,0,10018,0,3427,0,895,0,202,0,51,0,10,0,1 # cft deg6 r=0
2564,0,-16666,0,51371,0,-72569,0,58204,0,-32204,0,14340,0,-5270,0,1506,0,-347,0,73,0,-12,0,1 # cft deg6 r=0
84496,0,-47529,0,174991,0,427145,0,75958,0,-11099,0,43446,0,-5264,0,2964,0,-361,0,92,0,-8,0,1 # cft deg6 r=0
340544,0,-1346213,0,2660641,0,-3021528,0,2105582,0,-882336,0,336360,0,-31383,0,-3393,0,-745,0,306,0,-8,0,1 # cft deg6 r=0
644809,0,847311,0,-1332250,0,-370329,0,2102862,0,-1023395,0,-36583,0,89229,0,2613,0,-1706,0,-6,0,20,0,1 # cft deg6 r=0
968,5280,11996,19748,32643,44650,55157,70398,61875,37487,26052,11229,4669,860,1025,1049,1428,1178,941,567,296,117,37,8,1 # cft deg6 r=0
43328,0,8124,0,126854,0,78305,0,132349,0,91822,0,40655,0,9769,0,1976,0,280,0,37,0,4,0,1 # cft deg6 r=0
2708,0,16248,0,43237,0,67245,0,68067,0,47526,0,23881,0,9003,0,2649,0,614,0,107,0,13,0,1 # cft deg6 r=0
178,0,534,0,1217,0,745,0,1408,0,452,0,443,0,364,0,61,0,2,0,13,0,-5,0,1 # cft deg6 r=0
89,-178,3546,-3684,34292,-5892,6504,-36942,25843,2728,28242,-8032,5605,-8714,1574,-3016,1173,-650,475,-88,119,-18,17,-2,1 # cft deg6 r=0
436,1228,4380,4048,3485,13479,8938,5601,17220,8026,5985,12613,2666,4904,4906,-419,3645,-883,1359,-278,272,-38,27,-2,1 # cft deg6 r=0
17,-561,7170,41390,90377,124690,172975,295469,487010,624231,553064,305493,80483,-2716,19907,61668,73237,55697,30640,12710,4013,951,162,18,1 # cft deg6 r=0
79384,-15520,305052,-380740,388997,-618992,944029,-1004266,645571,38092,-533722,660806,-481988,213610,-19871,-63325,71130,-48874,25649,-10826,3615,-907,160,-18,1 # cft deg6 r=0
223,2217,7833,10748,5216,7786,28379,59402,61724,7547,-22185,-14966,4559,1418,1230,-1274,1213,-509,334,-186,81,-18,16,0,1 # cft deg6 r=0
1552,0,-3880,0,9320,0,-11526,0,12543,0,-8629,0,5075,0,-1531,0,339,0,57,0,18,0,10,0,1 # cft deg6 r=0
2,4,17,-78,249,-1001,2245,-2340,306,2090,-1728,-1831,5803,-7501,6655,-4675,2873,-1681,1001,-584,298,-123,38,-8,1 # cft deg6 r=0
43552,-139872,181556,-86468,45048,142516,-32573,194879,13134,63004,74318,-60882,91505,-76560,60380,-39990,23849,-12203,5659,-2213,756,-213,49,-8,1 # cft deg6 r=0
395888,-546704,908016,-397136,1015624,-615720,1015240,-248472,579335,46295,246023,83231,117652,64979,48610,25679,14887,6814,3319,1034,435,77,32,2,1 # cft deg6 r=0
13381,49274,83257,124549,140971,51233,-38517,-72943,-154828,-171937,-70776,-20162,11926,43526,40260,23187,15140,7901,2939,1239,377,99,29,2,1 # cft deg6 r=0
64,-848,3244,1198,-14849,3178,13714,8490,10504,-48874,39706,36008,-64501,32312,10430,-20636,13518,-4444,950,2,23,-22,20,-4,1 # cft deg6 r=0
3179,-24174,82476,-171266,265260,-378196,532060,-657958,651797,-519828,355792,-218082,114291,-46956,16124,-6126,1425,828,-968,498,-114,-2,14,-4,1 # cft deg6 r=0
16,0,112,0,568,0,1080,0,2897,0,2639,0,2796,0,2551,0,2019,0,928,0,218,0,24,0,1 # cft deg6 r=0
128729,-131999,443685,-1681789,2654061,-3366096,3592576,-2833002,2117712,-1094652,572830,-293619,67751,-51968,10974,-6008,4962,-429,1465,-22,240,0,22,0,1 # cft deg6 r=0
922,0,1844,0,9,0,-2822,0,-368,0,3445,0,-222,0,-2519,0,1414,0,-244,0,26,0,-5,0,1 # cft deg6 r=0
3844,0,11532,0,21297,0,30008,0,39360,0,34125,0,19852,0,8133,0,2605,0,622,0,111,0,14,0,1 # cft deg6 r=0
3512,-12128,29132,-36164,32977,-12176,12409,2584,1201,11911,5878,9729,1901,4061,215,1233,693,-256,503,-302,202,-71,26,-4,1 # cft deg6 r=0
1378432,-6241664,11159808,-10443136,6598712,-4791064,4189156,-1793968,1155301,-345785,426799,-80274,154092,21773,44313,2404,7447,-293,705,-180,140,14,20,0,1 # cft deg6 r=0
3481,0,13924,0,73986,0,169389,0,78521,0,15509,0,-6359,0,-1499,0,-345,0,35,0,-29,0,10,0,1 # cft deg6 r=0
488,0,976,0,1110,0,1154,0,-3,0,-925,0,-584,0,-266,0,108,0,235,0,55,0,-10,0,1 # cft deg6 r=0
17452,-6048,-78088,-9368,504811,-844392,764279,-351074,46619,145154,-142315,117969,-48198,22840,5551,-3618,6177,-1909,1869,-274,299,-22,28,0,1 # cft deg6 r=0
115372,-173644,411160,-444664,302087,59117,-156243,75503,95914,-74245,-926,15751,-8789,10298,-8732,3759,-223,-697,658,-399,166,-53,19,-6,1 # cft deg6 r=0
64,32,0,-9312,61476,-197776,395924,-510988,453625,-321590,264896,-282903,262121,-158560,45939,8297,-10904,1211,1783,-552,-177,107,-4,-6,1 # cft deg6 r=0
68121,0,628227,0,2340706,0,3664208,0,3252935,0,1786922,0,665740,0,176601,0,34006,0,4706,0,461,0,29,0,1 # cft deg6 r=0
8,0,40,0,132,0,-468,0,-212,0,544,0,625,0,-785,0,136,0,77,0,-15,0,-2,0,1 # cft deg6 r=0
440896,0,1526400,0,2006544,0,-684944,0,-515160,0,113300,0,27425,0,-5544,0,982,0,-214,0,-11,0,-2,0,1 # cft deg6 r=0
22201,0,167316,0,424250,0,-167280,0,126473,0,19852,0,5802,0,-12332,0,3858,0,-76,0,68,0,-8,0,1 # cft deg6 r=0
1846881,0,-3632526,0,4478911,0,-2973664,0,1506057,0,-595306,0,184723,0,-47166,0,9877,0,-1684,0,231,0,-22,0,1 # cft deg6 r=0
6561,0,15714,0,56043,0,47336,0,1725,0,-6938,0,23,0,2518,0,1349,0,104,0,107,0,-22,0,1 # cft deg6 r=0
961,0,-11532,0,39556,0,-23994,0,-3768,0,10098,0,12287,0,2520,0,246,0,414,0,253,0,30,0,1 # cft deg6 r=0
331776,0,0,0,-81920,0,0,0,54784,0,0,0,-2944,0,0,0,1424,0,0,0,40,0,0,0,1 # cft deg6 r=0
81,0,2970,0,61471,0,-121372,0,3137,0,49254,0,19663,0,8502,0,3745,0,1068,0,167,0,10,0,1 # cft deg6 r=0
1821,-7152,32203,-85202,144071,-214974,256842,-248060,217337,-166858,134651,-74818,25657,-10616,8279,3092,-4489,-372,1089,-258,-10,42,-13,-2,1 # cft deg6 r=0
853,2755,46680,167074,-53271,-440204,261799,-179818,427475,-239271,191321,-214041,56391,-18657,20486,-4319,6377,165,403,102,138,4,3,2,1 # cft deg6 r=0
269888,0,134944,0,1026820,0,1058315,0,-1436015,0,-449352,0,714525,0,-220531,0,30701,0,-787,0,-182,0,16,0,1 # cft deg6 r=0
37953,0,206633,0,289363,0,112481,0,357374,0,93788,0,30697,0,8512,0,3824,0,-166,0,216,0,7,0,1 # cft deg6 r=0
1129417753,-7172498190,14759544461,-9022876992,1054381331,429633916,-417988043,-84606740,203395352,-935044,-8816261,12214180,-1109982,-870184,-82676,48168,54067,-3348,-2387,630,163,32,-4,0,1 # cft deg6 r=0
4051,-32006,128631,-302994,447721,-344294,-27397,351272,-187885,-143012,338880,-345320,246416,-88922,-25231,37546,-10516,-844,536,-90,180,-70,5,-2,1 # cft deg6 r=0
20551,8048,-186836,107320,469227,-705748,365762,-142736,-6392,167816,-93008,-4952,6967,-15692,8190,2896,-1100,88,264,-104,23,28,-6,0,1 # cft deg6 r=0
87,-228,1396,-1225,5732,1541,11948,11835,10282,12655,6413,8678,14147,13220,11933,9947,6362,3211,1402,594,269,110,35,8,1 # cft deg6 r=0
287424,777024,857376,-21264,-890204,-426952,726181,1136964,576399,-96894,-256230,-43392,141201,144428,62043,4804,-7893,-3402,9,492,204,42,10,4,1 # cft deg6 r=0
1728,7488,-8448,-34560,104272,-160208,194480,-242448,263108,-247908,216360,-138136,74059,-31955,1839,1259,-2279,1581,336,110,89,-28,19,-2,1 # cft deg6 r=0
8901952,7089600,7919104,-7505024,-5198608,-4161392,6776496,2021040,-677796,-2005100,475288,337728,17193,-103489,27863,6967,-5973,-73,1772,-544,-133,68,11,-8,1 # cft deg6 r=0
32287,109408,151752,133112,173016,178488,351,-167818,-188555,-191768,-152833,-38366,42348,48648,38815,28174,14062,5240,2566,1244,361,92,37,10,1 # cft deg6 r=0
52809,121812,326887,-1095353,1329324,-1882123,1869816,-2474984,3201337,-1799539,889532,273181,-347814,148281,20405,-36575,12776,4246,-227,136,-23,25,25,4,1 # cft deg6 r=0
81,0,-342,0,765,0,-1062,0,1062,0,-768,0,399,0,-198,0,96,0,-34,0,12,0,-4,0,1 # cft deg6 r=0
576,5440,21824,44992,39536,-16144,-50496,-7600,36632,-15384,33220,-28056,15473,911,-5591,134,976,688,189,-116,7,-12,-7,0,1 # cft deg6 r=0
9,0,-63,0,153,0,18,0,-606,0,567,0,714,0,-1359,0,761,0,-109,0,-28,0,6,0,1 # cft deg6 r=0
5184,0,9216,0,-21312,0,-11808,0,41148,0,-27300,0,8865,0,-2721,0,870,0,-211,0,40,0,12,0,1 # cft deg6 r=0
9,0,-9,0,36,0,-144,0,240,0,-270,0,267,0,-234,0,176,0,-81,0,31,0,-5,0,1 # cft deg6 r=0
42849,0,-42849,0,99360,0,-61686,0,20272,0,-6076,0,9497,0,-19312,0,15550,0,-3695,0,299,0,-11,0,1 # cft deg6 r=0
31,744,93341,337404,652707,848414,991070,1392096,1522204,806464,31688,-124258,-24270,6538,1882,1246,2583,1932,37,-266,34,14,-13,0,1 # cft deg6 r=0
4793,0,28758,0,84913,0,136987,0,142926,0,91408,0,38756,0,9463,0,2983,0,-203,0,96,0,-17,0,1 # cft deg6 r=0
142129,0,-53911,0,255749,0,111124,0,52038,0,-5660,0,874,0,2057,0,1872,0,416,0,68,0,4,0,1 # cft deg6 r=0
45081,0,190342,0,496609,0,122420,0,-23854,0,-17100,0,132,0,-12422,0,1317,0,1770,0,87,0,-26,0,1 # cft deg6 r=0
160119,-183546,205587,-474222,356227,-336240,452547,-226742,188740,-174514,59440,-46238,30691,-7180,5764,-3274,1034,-580,255,-134,53,-6,3,-2,1 # cft deg6 r=0
367,32249,775444,-2208347,3401445,-3306442,3373880,-2735134,1683210,-821732,694378,-447143,216614,-114592,82054,-31421,12711,-5883,2374,-429,284,-45,18,0,1 # cft deg6 r=0
200875,1300950,3678385,5870092,5651682,3135144,562725,-699546,-779544,-241958,222612,267244,107083,-9042,-40038,-23776,-1548,5528,2727,-72,-437,-94,21,10,1 # cft deg6 r=0
9081,-14883,550195,-244156,-239273,168573,-202036,-181332,-138165,361098,278574,-24824,54863,16225,12084,2018,-4431,-912,657,312,95,-32,-19,0,1 # cft deg6 r=0
73447,83369,796153,-439005,643464,-563552,298953,199101,370466,-393015,-86945,293344,24459,-143597,35550,36453,-15440,-4523,3782,-56,-415,92,15,-8,1 # cft deg6 r=0
3631,-1972,1928,-170996,753064,-1634080,2252887,-2192398,1631919,-990998,521066,-249376,122268,-63688,34757,-16946,7674,-3022,1165,-394,157,-50,20,-4,1 # cft deg6 r=0
414207,1168722,1540377,974718,440352,-44904,375013,2877,311187,-112685,87047,-10469,88054,8231,22561,3129,3345,1599,760,-77,38,29,2,-2,1 # cft deg6 r=0
15669,0,-36561,0,400538,0,224902,0,-56663,0,-96606,0,-6197,0,9902,0,3008,0,141,0,305,0,34,0,1 # cft deg6 r=0
15669,0,67899,0,13562,0,-279090,0,224517,0,-85578,0,30099,0,15934,0,-1464,0,-583,0,689,0,-26,0,1 # cft deg6 r=0
5321,0,-58531,0,430573,0,-1402711,0,2011463,0,751809,0,3274501,0,731400,0,96335,0,8692,0,703,0,41,0,1 # cft deg6 r=0
5329,0,-5329,0,44530,0,-3358,0,195357,0,99771,0,240536,0,79227,0,30333,0,5238,0,554,0,35,0,1 # cft deg6 r=0
2782863,-2146014,-728325,4036950,1233135,-3826338,-789293,2223806,-247628,-341454,-115574,71260,118325,-87786,18248,-13460,14786,-3676,325,-756,319,-20,5,-6,1 # cft deg6 r=0
64,-1184,8288,-26296,28876,39692,-128263,78654,74089,-121080,50010,5992,-16947,6674,8957,-8276,-2667,4468,-333,-922,216,76,-26,-2,1 # cft deg6 r=0
43,-181,701,-551,812,-3658,8866,-12616,-82723,41984,198891,31596,34128,-1552,21516,2504,5369,-517,580,-148,116,6,18,2,1 # cft deg6 r=0
190863,-502578,1565982,-2222838,3001125,-2326908,2892835,-3717200,5525632,-6081120,5663772,-4283370,2826888,-1625088,832427,-378568,154418,-57366,20115,-6714,2067,-534,106,-14,1 # cft deg6 r=0
1728,-6048,18144,-41688,66852,-79776,70339,-56372,80824,-128368,133333,-92670,50920,-23224,7710,-2364,762,-10,62,-240,253,-142,48,-10,1 # cft deg6 r=0
151,607,171,139,2505,-941,5711,-4699,7792,-5467,7744,-4087,3054,-3733,778,-623,764,-39,85,-142,29,0,5,-4,1 # cft deg6 r=0
10333,89797,346489,748565,852748,187503,-601649,-372819,206185,52175,-104134,66094,51861,-30936,-6643,4316,-3347,915,1219,-464,-97,74,-6,-4,1 # cft deg6 r=0
11637,67409,235101,621459,1282747,2141284,2874779,2923251,2153194,1175827,523189,177518,-4110,-59479,-40058,-13455,-2293,53,46,-118,-56,22,25,8,1 # cft deg6 r=0
263,-766,12057,-50832,103029,-124420,89874,-25018,-12150,-5468,45165,-62244,47407,-23222,9043,-3366,348,710,-510,110,132,-138,58,-12,1 # cft deg6 r=0
14163,-140370,477917,-548334,-266079,850796,52597,-860922,336706,173050,-21086,-107644,29561,23670,-9476,-6516,4304,800,-1116,16,186,-20,-19,2,1 # cft deg6 r=0
1544379,697442,1231175,33331,-494674,181959,75062,-158214,426807,-92893,247340,-63419,102926,-32023,30287,-10433,7374,-2592,1411,-422,193,-51,21,-4,1 # cft deg6 r=0
64731,161695,191098,272867,281685,43776,-125804,-65486,44646,46920,-20182,-16195,7162,-1138,906,-1489,79,-395,524,1,120,-13,12,-2,1 # cft deg6 r=0
37341,191118,174332,-800435,-1829479,-1436205,2289616,7904274,12030888,11976734,8555403,4399913,1519839,259847,-26328,-6313,21236,15895,4857,178,-340,-92,5,6,1 # cft deg6 r=0
5689,0,102402,0,430791,0,-871632,0,348645,0,296562,0,95715,0,92154,0,40161,0,5772,0,579,0,30,0,1 # cft deg6 r=0
45363,150798,210820,-107232,-358276,-250552,277088,178828,161421,-20782,-305772,-69436,208045,39876,-72064,-12252,14470,2142,-1314,-450,59,70,-4,-6,1 # cft deg6 r=0
2752,-16992,52256,-101752,134756,-112052,34889,42912,-62576,22497,33328,-48807,28021,-1691,-10988,8982,-1614,-1987,1298,-76,-192,64,4,-6,1 # cft deg6 r=0
6057,78,40264,-49084,152744,19880,832351,348462,629661,745302,257388,240968,168390,-12546,-22815,-1358,-10350,-6240,1587,1602,73,-140,-22,4,1 # cft deg6 r=0
376128,-800640,2196672,-768384,-977392,1510240,2233280,710320,270016,255296,176136,59760,35467,17320,6940,-2968,2153,-42,205,110,-92,-30,37,-10,1 # cft deg6 r=0
1892327,-9879591,22474484,-24167630,13514008,-4416785,42725,3480173,1354075,1651415,1578179,969831,412290,-10116,-107624,-55198,-16774,1076,4693,1519,-208,-179,-14,6,1 # cft deg6 r=0
379,3363,16469,18203,1246,-65104,-75229,-28237,105822,46603,51481,-115332,45325,100537,3298,-6321,6458,5587,2648,182,-361,-104,3,6,1 # cft deg6 r=0
32933952,0,-39236128,0,62941764,0,-48547429,0,31924296,0,-14176354,0,4104239,0,-715141,0,105299,0,-10589,0,824,0,-41,0,1 # cft deg6 r=0
4631337,0,-16536859,0,26279051,0,-17470083,0,-4406554,0,11963948,0,4841545,0,456664,0,1184,0,-838,0,-40,0,3,0,1 # cft deg6 r=0
325125,0,312375,0,347900,0,-567750,0,650240,0,-301760,0,51669,0,-8908,0,10910,0,1745,0,539,0,41,0,1 # cft deg6 r=0
2926125,0,1740375,0,1179300,0,-319975,0,998045,0,40480,0,114949,0,-232,0,3174,0,265,0,36,0,8,0,1 # cft deg6 r=0
325125,0,484500,0,-240650,0,-385050,0,148665,0,-6410,0,-14541,0,17356,0,4558,0,-459,0,-106,0,3,0,1 # cft deg6 r=0
2926125,0,2167500,0,2014550,0,415175,0,320005,0,152000,0,23044,0,1577,0,1500,0,379,0,37,0,6,0,1 # cft deg6 r=0
325125,0,777750,0,592375,0,589900,0,897385,0,438590,0,-11409,0,-35334,0,2345,0,1064,0,-93,0,-10,0,1 # cft deg6 r=0
547641,0,973584,0,374150,0,85859,0,643459,0,-53541,0,114964,0,28747,0,8024,0,654,0,101,0,5,0,1 # cft deg6 r=0
6761,0,-60849,0,163288,0,-32562,0,227804,0,28652,0,41509,0,-2212,0,-546,0,445,0,175,0,17,0,1 # cft deg6 r=0
305001,-531945,584667,-850413,959182,-1558274,2052619,-2391139,2548062,-2149365,1793611,-1185132,796525,-432899,242350,-113261,53388,-21515,8560,-2802,891,-226,53,-8,1 # cft deg6 r=0
1993,-817,19257,-13089,20703,-25867,-6907,9460,56773,48024,31733,2753,8127,-7577,5788,1140,-1570,-354,1403,-1230,637,-228,58,-10,1 # cft deg6 r=0
8067,954,298087,146264,-18755,-4567280,9875582,-10886784,8199754,-3698122,562759,101510,175900,-67526,-171265,153520,-26399,-22760,12245,-720,-976,250,8,-10,1 # cft deg6 r=0
1984,-2976,9920,-8680,18516,-11832,27247,-19143,33090,-13899,14515,4242,1106,2901,2543,694,-460,1328,-333,34,94,-52,25,-6,1 # cft deg6 r=0
4093,14675,45821,81393,179735,257498,237399,174675,95790,51253,49591,39970,8204,-4969,6046,4785,-1885,-421,460,-162,-24,34,-9,-2,1 # cft deg6 r=0
181,-2426,7560,3184,28775,-31342,31278,31170,-42794,12928,66104,-75080,57859,-15738,-328,1912,562,-374,510,-86,148,-20,7,2,1 # cft deg6 r=0
151,-306,-283,861,-707,-470,3880,753,-885,1429,-2711,1529,2941,-1770,682,-175,-26,607,-247,-192,93,42,-9,-4,1 # cft deg6 r=0
83521,313854,829234,1669859,2813397,3988205,4920038,5277410,4977832,4110450,2990521,1904535,1076495,546449,256626,109565,42018,14475,4681,1366,300,78,19,0,1 # cft deg6 r=0
68121,0,-295191,0,2791395,0,3431193,0,-1599926,0,-1900974,0,977571,0,-120552,0,17204,0,1689,0,450,0,27,0,1 # cft deg6 r=0
947403,-3020616,5002581,-5761890,5849503,-5865563,4936886,-3242977,2588023,-2980017,2779109,-1708333,716653,-237147,83059,-39681,19734,-7307,2786,-1550,564,-57,-9,-2,1 # cft deg6 r=0
2421,21345,89335,180213,170447,61303,11529,24929,19139,16824,15033,1156,97,1102,-41,1099,51,81,218,-16,45,-11,11,0,1 # cft deg6 r=0
613089,0,-3542292,0,5022162,0,4181220,0,10146195,0,-2634525,0,548370,0,164601,0,-8793,0,-2599,0,96,0,27,0,1 # cft deg6 r=0
1846557,0,-1413414,0,-1397649,0,833095,0,758305,0,-537048,0,30825,0,38156,0,-3061,0,-1146,0,90,0,16,0,1 # cft deg6 r=0
1846557,0,5463681,0,5848549,0,2246413,0,-646459,0,-937199,0,-258197,0,55218,0,52024,0,12121,0,1265,0,58,0,1 # cft deg6 r=0
205173,0,1003068,0,1792248,0,1389974,0,467730,0,-23230,0,41795,0,64654,0,27911,0,5551,0,553,0,21,0,1 # cft deg6 r=0
205173,0,-265965,0,250798,0,99134,0,-308849,0,54201,0,70580,0,-13319,0,16130,0,-288,0,-239,0,2,0,1 # cft deg6 r=0
121,0,-484,0,561,0,-198,0,862,0,-1664,0,290,0,503,0,406,0,185,0,59,0,11,0,1 # cft deg6 r=0
125,0,875,0,1475,0,275,0,2870,0,-1260,0,2149,0,444,0,-280,0,-134,0,12,0,9,0,1 # cft deg6 r=0
125,0,-875,0,1475,0,-275,0,2870,0,1260,0,2149,0,-444,0,-280,0,134,0,12,0,-9,0,1 # cft deg6 r=0
1125,0,6125,0,20025,0,38975,0,46385,0,36680,0,21316,0,9867,0,3672,0,1024,0,192,0,21,0,1 # cft deg6 r=0
1125,0,-6125,0,20025,0,-38975,0,46385,0,-36680,0,21316,0,-9867,0,3672,0,-1024,0,192,0,-21,0,1 # cft deg6 r=0
1006009,0,-2885749,0,-336064,0,3641244,0,4327766,0,1828655,0,179411,0,-26105,0,11474,0,2308,0,256,0,23,0,1 # cft deg6 r=0
108621,0,-506898,0,1083861,0,-1342899,0,1061136,0,-553314,0,188795,0,-39375,0,3621,0,325,0,-103,0,5,0,1 # cft deg6 r=0
108621,0,36207,0,-39042,0,238221,0,289152,0,-3903,0,-39152,0,-4402,0,7421,0,-285,0,158,0,-4,0,1 # cft deg6 r=0
8,0,-200,0,1740,0,1156,0,3096,0,712,0,1441,0,-159,0,401,0,-3,0,105,0,5,0,1 # cft deg6 r=0
46656,0,57024,0,12240,0,65440,0,25640,0,-4256,0,16577,0,-27406,0,15013,0,-3910,0,510,0,-32,0,1 # cft deg6 r=0
390625,0,-1031250,0,1174375,0,-685500,0,277125,0,-65510,0,24671,0,3490,0,-3675,0,-292,0,131,0,22,0,1 # cft deg6 r=0
24649,0,-670652,0,4894420,0,270590,0,2233420,0,-1724838,0,789419,0,-267048,0,60746,0,-8842,0,801,0,-42,0,1 # cft deg6 r=0
7166329,0,-8443498,0,5779791,0,-2150952,0,411077,0,-14266,0,895,0,-1918,0,-443,0,336,0,-29,0,-6,0,1 # cft deg6 r=0
1,0,-40,0,1096,0,-172,0,16378,0,-14536,0,45670,0,3500,0,-2939,0,332,0,58,0,-16,0,1 # cft deg6 r=0
4096,0,0,0,11264,0,0,0,183552,0,0,0,-12096,0,0,0,1552,0,0,0,-36,0,0,0,1 # cft deg6 r=0
4489,0,-72198,0,416551,0,-1081904,0,1443757,0,-1059522,0,468823,0,-136802,0,27957,0,-3904,0,399,0,-26,0,1 # cft deg6 r=0
388129,0,697760,0,269318,0,-186305,0,-117421,0,25643,0,16392,0,-2385,0,1276,0,1550,0,349,0,29,0,1 # cft deg6 r=0
582169,0,480690,0,514423,0,106624,0,41645,0,-1970,0,3679,0,11190,0,1885,0,-200,0,63,0,18,0,1 # cft deg6 r=0
7447,23387,2786,-10093,74827,92667,48386,34470,43937,14050,-409,13495,24569,16908,4798,585,2401,3460,2311,896,235,67,27,8,1 # cft deg6 r=0
545579,2065048,3368765,3437112,1261493,-1479552,-529623,2378526,2721321,136454,-516041,86330,196198,-13198,-32263,8162,2591,-1438,804,-114,113,14,6,0,1 # cft deg6 r=0
64,768,3456,7872,9488,4320,20704,20160,2204,-52880,152160,-198844,172931,-132278,99792,-69252,41281,-20886,9092,-3478,1178,-338,76,-12,1 # cft deg6 r=0
3491,53096,295870,486130,219482,149200,607980,444574,-561594,-1045538,-436110,349426,472638,128260,-101462,-81792,-9675,10398,4028,-110,-244,50,52,12,1 # cft deg6 r=0
404275,-3572950,11653713,-16873290,15199810,-6364056,298103,-1253243,1673513,124299,499148,-945177,842345,-347531,354,50029,-11733,-8440,6693,-1600,-60,117,-17,-4,1 # cft deg6 r=0
6113,0,12226,0,12343,0,-7292,0,-15951,0,-9214,0,10387,0,7010,0,4785,0,764,0,175,0,-30,0,1 # cft deg6 r=0
23,-230,-1150,9361,29948,-19865,58721,111909,-53910,-79430,-12633,15265,12759,-1549,11039,-1032,-3455,4135,-798,-364,410,-144,38,-6,1 # cft deg6 r=0
6697,0,-66970,0,182565,0,-66069,0,-44258,0,37945,0,20606,0,4508,0,2456,0,1167,0,257,0,26,0,1 # cft deg6 r=0
6737,0,26948,0,60946,0,81394,0,69853,0,38896,0,14439,0,2610,0,-416,0,338,0,477,0,-10,0,1 # cft deg6 r=0
16425241,0,33856109,0,15946773,0,-5033186,0,836532,0,1700960,0,-65099,0,-165568,0,6927,0,1252,0,635,0,-50,0,1 # cft deg6 r=0
19159,-158746,397532,72588,-313469,-739110,814298,-281146,451383,-252154,132404,-128796,78888,-45780,25621,-13524,6463,-3282,1629,-412,298,-20,28,0,1 # cft deg6 r=0
417237103,1602196926,2405177646,2414656268,2464513205,1798477906,1254855816,758025410,400970989,197957094,82443782,33632094,11328271,3709478,1094656,288096,109241,26170,9114,1884,879,28,50,0,1 # cft deg6 r=0
180625,0,433500,0,680850,0,495975,0,109471,0,-91121,0,-36944,0,10891,0,6208,0,978,0,209,0,13,0,1 # cft deg6 r=0
559775851,-856847424,1596772537,-1040110646,-1591855557,1405165396,453555246,-517715654,12781162,41422846,888402,8327180,-7586527,145044,1043450,-206464,52823,-64716,25978,-3654,11,-54,56,-12,1 # cft deg6 r=0
7225,0,-72250,0,226865,0,-256785,0,316946,0,-224107,0,122078,0,-44940,0,13596,0,-2905,0,493,0,-38,0,1 # cft deg6 r=0
845041,-3133606,8197548,-14353552,20863008,-23828730,24640794,-21374606,17552736,-12298276,8344143,-4904405,2800417,-1394258,678880,-285335,118263,-41426,14467,-4056,1171,-239,55,-6,1 # cft deg6 r=0
480673,-1424365,3153292,-4083033,4978132,-5295106,4681017,-4225526,3165089,-2204255,1469986,-759307,450788,-176242,91834,-27425,12983,-2972,1587,-298,191,-29,19,-2,1 # cft deg6 r=0
107200,-325920,520412,-216635,-117081,370493,182587,-993301,1217848,-861480,269382,66736,-154659,99251,-31384,1043,7160,-3078,1151,46,-44,39,3,-2,1 # cft deg6 r=0
1207801,0,1861706,0,1096053,0,504875,0,329998,0,149156,0,49256,0,17763,0,5227,0,841,0,212,0,23,0,1 # cft deg6 r=0
68525,23870,339621,452770,293738,378886,288170,113562,51016,15364,9117,-19126,173,6168,-6149,2368,735,-582,255,-110,119,-86,34,-8,1 # cft deg6 r=0
2199727,5400285,8799283,9015750,6549255,822675,-4265597,-6622749,-4008156,-1098272,968429,585437,468745,66001,118803,2626,25241,-52,3517,-392,372,-26,26,-4,1 # cft deg6 r=0
497216,0,2237472,0,3758372,0,2879623,0,1349629,0,391504,0,73249,0,18461,0,7349,0,2385,0,442,0,24,0,1 # cft deg6 r=0
7769,0,-139842,0,989299,0,-1325196,0,575625,0,326562,0,-196317,0,7514,0,27269,0,-6320,0,143,0,42,0,1 # cft deg6 r=0
7769,0,-62152,0,419778,0,-881009,0,674095,0,-339165,0,386320,0,-120241,0,24452,0,-2902,0,269,0,-15,0,1 # cft deg6 r=0
9208,-48684,171866,-297897,299382,-133875,142792,-17591,9494,90696,105667,119623,96487,51547,30295,10442,3894,1375,297,218,81,32,16,2,1 # cft deg6 r=0
29947,-37088,-14063,54360,71118,-147332,109280,-26276,-10030,73458,-51978,22818,11765,-1486,6608,1186,3958,1148,1314,332,239,38,22,2,1 # cft deg6 r=0
7921,0,-39605,0,76184,0,-40762,0,57120,0,25692,0,46689,0,252,0,1246,0,-591,0,227,0,-27,0,1 # cft deg6 r=0
2294273,-6863775,16600204,-22854893,31421614,-29073991,30052331,-21278586,18549418,-11971200,8964381,-5280072,3409358,-1677337,909076,-340127,157610,-43574,17895,-3502,1290,-171,53,-4,1 # cft deg6 r=0
8,0,40,0,128,0,256,0,354,0,326,0,155,0,-11,0,-75,0,-50,0,40,0,-9,0,1 # cft deg6 r=0
40000,0,552896,0,2782752,0,-5199344,0,4488100,0,-2403376,0,956373,0,-230374,0,39611,0,-4548,0,395,0,-22,0,1 # cft deg6 r=0
17884441,0,-5539252,0,14716708,0,3102974,0,-799036,0,-682558,0,400443,0,-73464,0,11938,0,-1642,0,129,0,-10,0,1 # cft deg6 r=0
316969,0,-618004,0,15414306,0,-1259960,0,28335261,0,-831300,0,-1663738,0,271996,0,12066,0,-7548,0,896,0,-48,0,1 # cft deg6 r=0
2401,0,-84868,0,3263598,0,-3104796,0,1467709,0,48036,0,225210,0,-130800,0,33206,0,-4992,0,484,0,-28,0,1 # cft deg6 r=0
729,0,9720,0,48348,0,91402,0,37348,0,-118154,0,12851,0,12720,0,2162,0,398,0,65,0,10,0,1 # cft deg6 r=0
2560000,0,0,0,-1147904,0,0,0,219392,0,0,0,-22336,0,0,0,1360,0,0,0,-52,0,0,0,1 # cft deg6 r=0
11485321,0,-8252268,0,28249466,0,-8216536,0,-446187,0,371540,0,48582,0,-12812,0,602,0,-372,0,112,0,-16,0,1 # cft deg6 r=0
595625,0,-8329220,0,64232142,0,-40915845,0,27567077,0,-5509360,0,1017764,0,-91603,0,7796,0,-5005,0,633,0,-18,0,1 # cft deg6 r=0
17368425,0,21228075,0,11028744,0,6709682,0,2644152,0,801142,0,756379,0,2620,0,16282,0,-6,0,197,0,2,0,1 # cft deg6 r=0
4985,0,-9970,0,21563,0,12536,0,14373,0,7106,0,118691,0,-7270,0,997,0,1080,0,75,0,-2,0,1 # cft deg6 r=0
4985,0,-14955,0,119559,0,390457,0,424682,0,203372,0,20381,0,-20972,0,-6254,0,945,0,611,0,5,0,1 # cft deg6 r=0
41641,-198936,344257,-385310,601706,-438920,294237,-449410,58737,219408,-61865,-21258,18674,-6008,6482,1076,-3086,-312,585,250,-9,-12,16,8,1 # cft deg6 r=0
172225,0,144108,0,72304,0,298210,0,161792,0,15798,0,133311,0,-3748,0,9326,0,2,0,193,0,-2,0,1 # cft deg6 r=0
374495,-1155220,807086,1131344,2504001,-1376496,-2480553,-50366,1305582,291986,-222273,-76274,-111194,2106,91842,-13140,-28405,8100,4519,-1958,-278,206,-6,-8,1 # cft deg6 r=0
289247,-917868,1414882,-1033844,883748,-510850,81155,164142,304037,-281014,459772,-226280,99952,16046,2331,-21222,35516,-27796,15973,-7022,2451,-658,128,-16,1 # cft deg6 r=0
495841861,-407424093,850278538,-321013437,707018465,-398473503,204816896,-118935174,58391294,-22872060,12897415,-4584952,2017107,-831989,319991,-103432,43591,-13170,4118,-868,372,-56,16,-2,1 # cft deg6 r=0
101,1568,9672,27725,50528,33553,-13577,23456,77737,30480,-454,21100,25358,14849,6170,4957,4368,1807,886,284,84,31,7,2,1 # cft deg6 r=0
168425,0,-154951,0,174289,0,-64242,0,38820,0,1491,0,2028,0,567,0,127,0,-229,0,2,0,8,0,1 # cft deg6 r=0
253265,0,-1588040,0,8000658,0,-15316520,0,19128447,0,-3632494,0,-1133684,0,203014,0,31023,0,-2610,0,-305,0,10,0,1 # cft deg6 r=0
253265,0,896695,0,1432936,0,1051910,0,466572,0,-4676,0,-135611,0,-60,0,18726,0,-5187,0,599,0,-31,0,1 # cft deg6 r=0
34225,0,-41070,0,-19647,0,-24938,0,-51002,0,50540,0,212923,0,29570,0,-2456,0,-246,0,128,0,-17,0,1 # cft deg6 r=0
3845521,-22855455,60341450,-81547112,41055839,36686718,-71930151,39018691,10094064,-28317189,18447703,-4228405,-1937190,1804439,-413125,-174488,163708,-52839,4389,2842,-1142,147,17,-8,1 # cft deg6 r=0
2514861,-26822907,265349793,-876076783,1381346730,-1072351691,167412218,412142966,-314428398,-18966930,159755460,-105317867,24659497,6615744,-6282279,1452982,195732,-190983,37462,2410,-2245,282,32,-12,1 # cft deg6 r=0
806725,0,322690,0,4979477,0,1385980,0,2432342,0,305601,0,340400,0,3473,0,14167,0,162,0,158,0,-1,0,1 # cft deg6 r=0
806725,0,3226900,0,3108404,0,-803022,0,-646438,0,521134,0,132135,0,-84226,0,5427,0,1643,0,-123,0,-11,0,1 # cft deg6 r=0
19197337255,34675659660,13703010965,-7410542260,-5063786018,697336608,1722060517,378466010,-343024578,24057808,36807263,-17440318,4847788,-4351320,2363431,-491788,16426,14542,-1609,760,-662,130,10,-8,1 # cft deg6 r=0
2088025,0,7983625,0,17601545,0,22773455,0,18077679,0,7112672,0,1723973,0,242859,0,53313,0,6414,0,875,0,25,0,1 # cft deg6 r=0
180625,0,-3359625,0,26275710,0,-32258350,0,43247299,0,-49678188,0,34049335,0,-13610509,0,3452240,0,-521279,0,37736,0,-224,0,1 # cft deg6 r=0
360988099,630979007,-213335505,1787399280,2594176378,-2501829024,1249929694,-491789386,86648284,-82862306,9208320,19235665,1957528,-1905583,-1012025,392881,170304,-44403,-16016,3329,1080,-109,-32,4,1 # cft deg6 r=0
863821,0,-587979,0,1635581,0,-3354703,0,4087291,0,-2881874,0,1296376,0,-362925,0,62154,0,-6738,0,580,0,-33,0,1 # cft deg6 r=0
863821,0,-522648,0,-546734,0,-617921,0,259221,0,349392,0,824912,0,304089,0,63448,0,6419,0,513,0,26,0,1 # cft deg6 r=0
863821,0,2961672,0,6721910,0,8590970,0,7496059,0,4741356,0,2141893,0,652916,0,126605,0,13927,0,603,0,-26,0,1 # cft deg6 r=0
863821,0,-3948896,0,6218720,0,-4457647,0,3548286,0,-1657612,0,603713,0,-115320,0,19053,0,-123,0,-4,0,-17,0,1 # cft deg6 r=0
6241,12008,1263553,2242116,6095832,7897200,10688202,10895508,10445717,8017814,5383327,2941528,1429170,698496,429111,284368,163606,74422,27120,8412,2379,606,122,16,1 # cft deg6 r=0
462400,0,-842880,0,549776,0,147408,0,-340456,0,213672,0,17305,0,-70642,0,30569,0,-6226,0,686,0,-40,0,1 # cft deg6 r=0
937,-5076,9884,-4495,-12188,18178,-159,-14371,6650,1660,-57,10,-545,256,229,215,-128,139,98,-42,21,3,1,4,1 # cft deg6 r=0
38165,-671501,4040480,-8915485,13889363,-16184693,16099138,-13627566,10419058,-7042304,4428909,-2518966,1357203,-664787,311061,-131594,53393,-19190,6688,-1958,580,-128,32,-4,1 # cft deg6 r=0
3136,0,-16912,0,27624,0,-909,0,-3861,0,5037,0,-236,0,-331,0,344,0,-93,0,32,0,-8,0,1 # cft deg6 r=0
208399,846152,3065212,6494220,8087757,6069470,2520165,-600322,-991428,-56132,366415,206438,-28452,-21406,5020,6560,1103,-1578,315,30,84,-74,34,-8,1 # cft deg6 r=0
366025,0,-805739,0,678089,0,-201650,0,-73248,0,80527,0,-23352,0,-1153,0,2903,0,-1001,0,186,0,-20,0,1 # cft deg6 r=0
39551,29100,426433,817638,489723,362298,509300,-20780,253204,-43664,151910,-75828,41373,-4520,1586,2172,1156,-1044,1381,-762,432,-154,46,-8,1 # cft deg6 r=0
1585081,-662234,1963044,-1432015,2693340,-2794328,2450611,-1535255,504048,122638,-290779,218198,-63869,-6526,24435,-16245,6380,-2321,304,-84,61,-9,-1,0,1 # cft deg6 r=0
1,-5,6,5,-19,26,-2,-6,-12,-62,-53,-3,367,142,-171,-110,171,5,-77,20,29,-1,-7,0,1 # cft deg6 r=0
121,0,-1573,0,3190,0,23793,0,45241,0,40814,0,14722,0,-1447,0,-1642,0,-3,0,102,0,16,0,1 # cft deg6 r=0
3025,0,847,0,16643,0,3553,0,7330,0,8332,0,3797,0,1224,0,-12,0,3,0,63,0,13,0,1 # cft deg6 r=0
194225,0,-31076,0,1582930,0,-1400827,0,1232917,0,-265325,0,-13995,0,129727,0,63565,0,14469,0,1578,0,68,0,1 # cft deg6 r=0
4950625,0,-4554575,0,4789713,0,-2757398,0,1413036,0,-497693,0,147644,0,-30749,0,5615,0,-793,0,122,0,-12,0,1 # cft deg6 r=0
2512225,0,-10714600,0,20781470,0,-19612985,0,9333601,0,-1154080,0,556640,0,-8187,0,-2512,0,775,0,177,0,22,0,1 # cft deg6 r=0
38759,-375732,1497888,-3603094,6541354,-8996422,10250533,-9751526,8198664,-6160448,4269251,-2719986,1607689,-876472,439555,-200542,83655,-32054,11338,-3638,1052,-260,54,-8,1 # cft deg6 r=0
2512225,0,-1640475,0,3227595,0,-2768135,0,3833026,0,-1133690,0,765715,0,-236388,0,58148,0,-1655,0,-198,0,23,0,1 # cft deg6 r=0
1710187,-2200412,3379684,-2926237,3132169,-2269651,3149677,-1449465,2082275,-562569,998029,-329568,332934,-141147,82651,-31974,20110,-7320,2048,-746,305,-59,3,-4,1 # cft deg6 r=0
3637,28166,31071,-115746,113619,200582,-335562,-201712,373026,146260,-263640,-67820,141767,-2724,-48748,21200,4872,-9402,2461,1278,-634,-66,82,-16,1 # cft deg6 r=0
2226240,0,6493200,0,8211916,0,6373971,0,3292930,0,816201,0,228275,0,-28823,0,1088,0,404,0,-35,0,5,0,1 # cft deg6 r=0
1525,-13875,53093,-126381,268164,-510182,682083,-744768,876129,-592166,300345,-168886,95761,-44897,921,4638,1656,-674,249,-452,116,20,3,-6,1 # cft deg6 r=0
16008001,0,-12423105,0,6367056,0,-2138101,0,450927,0,165453,0,-121099,0,18441,0,3747,0,-1850,0,315,0,-27,0,1 # cft deg6 r=0
16008001,0,-19564890,0,12476583,0,-5197966,0,1399857,0,-190830,0,31388,0,-9000,0,3642,0,-464,0,105,0,-6,0,1 # cft deg6 r=0
16621929,0,-10127268,0,-2483460,0,4163076,0,-1016388,0,-336879,0,231714,0,-42984,0,522,0,828,0,-87,0,-3,0,1 # cft deg6 r=0
16621929,0,11448216,0,6322860,0,3941460,0,1582740,0,475146,0,114102,0,14148,0,1872,0,288,0,57,0,-6,0,1 # cft deg6 r=0
18225,0,-21006,0,-14279,0,-2494,0,10866,0,9212,0,5947,0,2234,0,476,0,86,0,12,0,0,0,1 # cft deg6 r=0
81,0,900,0,6430,0,3924,0,-27,0,-9612,0,498,0,880,0,678,0,168,0,60,0,12,0,1 # cft deg6 r=0
225,0,-12,0,8002,0,2084,0,-3153,0,-12568,0,14236,0,-5656,0,1103,0,-220,0,66,0,-12,0,1 # cft deg6 r=0
81,0,486,0,7929,0,-8298,0,7882,0,-3888,0,12499,0,-2094,0,372,0,-138,0,4,0,12,0,1 # cft deg6 r=0
576,0,3648,0,11296,0,20224,0,15012,0,-5552,0,-6947,0,-1862,0,1835,0,220,0,-45,0,-6,0,1 # cft deg6 r=0
42025,0,-123754,0,155249,0,-89158,0,37062,0,-2692,0,3991,0,1610,0,720,0,290,0,56,0,8,0,1 # cft deg6 r=0
1600,0,13952,0,153808,0,-358416,0,407976,0,-281944,0,131401,0,-43366,0,10503,0,-1884,0,247,0,-22,0,1 # cft deg6 r=0
1600,0,13248,0,48400,0,88848,0,74984,0,15468,0,-10751,0,-3594,0,311,0,96,0,79,0,-18,0,1 # cft deg6 r=0
1600,0,-29888,0,130832,0,89680,0,58008,0,20236,0,7777,0,2086,0,711,0,64,0,47,0,-2,0,1 # cft deg6 r=0
625,0,5118,0,15371,0,31816,0,122145,0,102070,0,42971,0,12238,0,2493,0,328,0,59,0,6,0,1 # cft deg6 r=0
42025,0,123754,0,155249,0,89158,0,37062,0,2692,0,3991,0,-1610,0,720,0,-290,0,56,0,-8,0,1 # cft deg6 r=0
103041,0,-274992,0,367480,0,-324356,0,202590,0,-87724,0,24062,0,-2484,0,-751,0,224,0,6,0,4,0,1 # cft deg6 r=0
331776,0,0,0,18432,0,0,0,-21248,0,0,0,1920,0,0,0,1376,0,0,0,48,0,0,0,1 # cft deg6 r=0
1600,0,-28096,0,160464,0,-213664,0,161160,0,-81800,0,33321,0,-10394,0,2631,0,-532,0,87,0,-10,0,1 # cft deg6 r=0
1600,0,5632,0,8400,0,464,0,-10760,0,-8520,0,4777,0,6198,0,1143,0,-260,0,-41,0,6,0,1 # cft deg6 r=0
2560000,0,0,0,-214016,0,0,0,22784,0,0,0,-1856,0,0,0,1232,0,0,0,-20,0,0,0,1 # cft deg6 r=0
4096,0,0,0,-1024,0,0,0,-768,0,0,0,448,0,0,0,336,0,0,0,-4,0,0,0,1 # cft deg6 r=0
21025,0,19452,0,24178,0,26272,0,21509,0,17940,0,13598,0,7276,0,2650,0,684,0,128,0,16,0,1 # cft deg6 r=0
748225,0,400052,0,-281374,0,23332,0,82287,0,-75928,0,33756,0,-11032,0,2735,0,-540,0,98,0,-12,0,1 # cft deg6 r=0
1600,0,28096,0,160464,0,213664,0,161160,0,81800,0,33321,0,10394,0,2631,0,532,0,87,0,10,0,1 # cft deg6 r=0
1600,0,-9536,0,31136,0,-63760,0,88500,0,-82148,0,48465,0,-15404,0,1514,0,294,0,-43,0,6,0,1 # cft deg6 r=0
1,0,-70,0,3203,0,-8992,0,11153,0,-7866,0,2671,0,1150,0,-783,0,76,0,163,0,22,0,1 # cft deg6 r=0
1,0,4,0,-62,0,-396,0,3567,0,-15992,0,62620,0,-15992,0,3567,0,-396,0,-62,0,4,0,1 # cft deg6 r=0
53824,0,238720,0,466256,0,502160,0,383448,0,201376,0,87729,0,28144,0,8246,0,1542,0,221,0,18,0,1 # cft deg6 r=0
1,0,-16,0,122,0,-208,0,783,0,224,0,2284,0,224,0,783,0,-208,0,122,0,-16,0,1 # cft deg6 r=0
1600,0,-5632,0,8400,0,-464,0,-10760,0,8520,0,4777,0,-6198,0,1143,0,260,0,-41,0,-6,0,1 # cft deg6 r=0
33856,0,39616,0,76496,0,82304,0,35928,0,-6152,0,-4647,0,2122,0,1079,0,36,0,-25,0,-6,0,1 # cft deg6 r=0
1600,0,30784,0,590800,0,-380160,0,291960,0,-78368,0,5281,0,-4676,0,1326,0,210,0,-71,0,-2,0,1 # cft deg6 r=0
32157,-153198,280098,-232482,85033,-85624,242660,-357272,306858,-141866,10474,11486,15761,-19812,3402,4776,-1771,-1274,952,-34,-126,14,20,-8,1 # cft deg6 r=0
81,216,-27,1752,4663,-1898,2717,9820,-25006,-5200,35785,-19092,-10258,15084,-2228,-6660,5649,-1424,-677,670,-205,-4,24,-8,1 # cft deg6 r=0
9025,-48830,151376,-262068,217664,63904,-374126,366748,-27791,-258916,238069,-50036,-74463,78904,-29867,-7834,16120,-8612,1435,754,-484,84,14,-8,1 # cft deg6 r=0
9675,-17190,60702,-106974,131293,-192538,295178,-341312,329184,-327722,316258,-252214,152471,-62904,15162,-2292,947,-74,-542,368,-42,-52,32,-8,1 # cft deg6 r=0
25,0,-77,-32,2163,-2970,4835,-1968,-200,2732,587,-4320,4520,-1564,-1208,992,549,-560,257,14,-71,4,20,-8,1 # cft deg6 r=0
73233,-102726,304320,-411630,503611,-501314,411510,-248144,138830,-106502,80832,-24470,-20213,17328,822,-4236,421,82,570,-176,-130,52,12,-8,1 # cft deg6 r=0
1459,-9118,42422,-112864,261996,-408472,558430,-549156,476467,-351492,277235,-211636,146683,-90152,48835,-24878,11894,-5324,2165,-750,242,-84,30,-8,1 # cft deg6 r=0
225,2430,12168,37587,79573,121395,139201,128994,109795,93291,68382,28137,-6950,-15012,-4901,1995,1684,645,477,138,-101,-60,1,6,1 # cft deg6 r=0
16519,80602,261658,252791,-122435,-351661,-247254,-304706,231026,113076,113493,61277,-50731,-5505,9054,-13131,-554,5619,-263,-1104,92,116,-13,-6,1 # cft deg6 r=0
17214201,0,9447273,0,267651,0,415746,0,445797,0,441423,0,375825,0,133296,0,28579,0,3251,0,245,0,13,0,1 # cft deg6 r=0
17214201,0,-1792368,0,-3503790,0,1588626,0,975537,0,-413775,0,36813,0,4185,0,11872,0,2105,0,308,0,28,0,1 # cft deg6 r=0
1636969,-1469313,2631786,-1763132,2368126,29852,-1296116,3263049,1062738,-523046,1630403,683994,879041,701945,343602,168318,109183,66930,33848,12566,3656,782,129,14,1 # cft deg6 r=0
2659,21100,135091,538530,1560833,3074698,3746631,2397548,8547,-1347210,-1052493,-187086,230815,168905,18779,-30396,-15278,324,2819,977,0,-79,-16,2,1 # cft deg6 r=0
1381,-4571,10278,-15127,11704,-12596,13684,-12830,12347,9108,5991,-8078,-13582,-7878,1216,5762,4286,1369,-188,-362,-126,6,22,8,1 # cft deg6 r=0
12251359,42081728,95823241,153054968,193185053,196496884,164457836,114378634,66211762,31313582,11876115,3166336,117601,-313740,-75793,16588,3582,1846,4146,1416,-202,-148,0,8,1 # cft deg6 r=0
18844281,0,-25577172,0,12405420,0,-3203988,0,851080,0,-344455,0,200990,0,-85264,0,25054,0,-4796,0,557,0,-35,0,1 # cft deg6 r=0
18844281,0,18701028,0,9905004,0,1617804,0,-1071632,0,-464542,0,39002,0,64184,0,19912,0,3796,0,485,0,34,0,1 # cft deg6 r=0
576,-2592,2016,6864,2164,-8818,-9489,-136,12073,9437,-3601,-5944,-2320,-143,727,463,695,41,-70,-124,-8,2,9,2,1 # cft deg6 r=0
3301,13134,5602,6966,52485,-191133,-483740,195807,987084,386145,-658227,-741477,-56293,390633,224358,-48345,-78435,-11997,9722,3501,-234,-261,-22,6,1 # cft deg6 r=0
1568872881,0,1196706717,0,574478973,0,129193380,0,17277138,0,-156168,0,-103626,0,35613,0,17244,0,2088,0,132,0,0,0,1 # cft deg6 r=0
1339153,-120198,3878617,-828057,27631,-1883706,2378933,-605235,171967,-373032,239170,-24672,-42835,8094,4597,-2895,3199,-2811,1202,-18,-161,42,7,-6,1 # cft deg6 r=0
1,4,29,-51,-56,-181,709,414,-771,-2484,2663,2399,-2998,-2066,2737,1286,-1943,-349,921,-108,-202,67,11,-8,1 # cft deg6 r=0
112339,-49983,-220130,-217272,-314737,-694330,2375483,6737610,5311103,-1103921,-4393287,-2216163,668273,1106176,257549,-181800,-108756,932,14846,3048,-648,-293,-11,8,1 # cft deg6 r=0
8425,-24040,43192,-83002,222185,-527560,818529,-823180,583660,-368284,227927,-93298,50572,-35852,25202,-12248,6976,-3824,1509,-260,29,-38,28,-8,1 # cft deg6 r=0
3333069,-1277532,-2691063,3778920,1485531,-3167001,1135989,1873065,-1140728,-454065,779186,106533,-245659,15009,83754,11076,-11395,-4080,-537,-114,5,30,17,6,1 # cft deg6 r=0
2383,15093,53242,159988,355901,530050,628872,729797,735697,531639,285860,165823,113401,50807,836,-13341,-8366,-2351,342,632,179,-37,-23,0,1 # cft deg6 r=0
20079361,0,25967395,0,18955032,0,9046668,0,3067320,0,735851,0,141821,0,25639,0,4473,0,303,0,-45,0,-10,0,1 # cft deg6 r=0
20079361,0,-24618614,0,11386623,0,-2615061,0,991353,0,-756529,0,343265,0,-85193,0,11088,0,-432,0,-48,0,-1,0,1 # cft deg6 r=0
21025,-20300,-88407,43072,80389,312377,712897,501210,440675,261178,203457,114144,62709,28659,12651,4043,1499,111,184,253,94,-13,-6,2,1 # cft deg6 r=0
453825,-818325,806319,-979065,1521177,-1125615,804519,-843948,425734,-334395,194768,-70148,52379,-11913,12035,-2298,3787,72,1042,164,183,32,19,2,1 # cft deg6 r=0
20985561,0,-54793341,0,54437022,0,-25501419,0,6571656,0,-1249353,0,297846,0,-78600,0,15931,0,-2419,0,281,0,-23,0,1 # cft deg6 r=0
20985561,0,31911246,0,26030241,0,7105050,0,2851542,0,228384,0,96003,0,-6726,0,2404,0,-310,0,68,0,-5,0,1 # cft deg6 r=0
225,0,-576,0,1134,0,-450,0,900,0,-1920,0,900,0,-402,0,349,0,-70,0,32,0,-8,0,1 # cft deg6 r=0
9,0,-81,0,729,0,-3186,0,8658,0,-16203,0,19728,0,-14253,0,5443,0,-911,0,132,0,-2,0,1 # cft deg6 r=0
225,0,-333,0,2034,0,-2196,0,-2268,0,2088,0,2274,0,303,0,-311,0,-115,0,2,0,7,0,1 # cft deg6 r=0
9,0,-54,0,144,0,-216,0,333,0,-360,0,432,0,-396,0,316,0,-106,0,30,0,2,0,1 # cft deg6 r=0
5184,0,-15552,0,25920,0,-31320,0,28584,0,-19152,0,9333,0,-3489,0,1144,0,-355,0,89,0,-14,0,1 # cft deg6 r=0
5184,0,0,0,0,0,-216,0,720,0,1368,0,1629,0,1092,0,532,0,170,0,44,0,7,0,1 # cft deg6 r=0
211264,-49280,201408,-925184,3891360,-7292352,7985536,-4877648,1639524,-7528,-446384,312288,-67081,-14198,26022,-16448,9015,-3828,1810,-824,315,-112,31,-6,1 # cft deg6 r=0
8091619,-12470849,9492301,5777975,-11495186,9819002,-960177,-2231247,3488094,-1757453,1091849,-330138,234241,-43097,15690,8427,878,609,140,-28,23,-14,-9,2,1 # cft deg6 r=0
21986721,0,24012369,0,14311431,0,3862944,0,4269483,0,207576,0,191433,0,23997,0,-1037,0,-535,0,-91,0,1,0,1 # cft deg6 r=0
21986721,0,-62879490,0,78794559,0,-56134242,0,25502499,0,-7639218,0,1573860,0,-231159,0,27373,0,-2857,0,254,0,-20,0,1 # cft deg6 r=0
2711125,0,3248635,0,2552760,0,1253768,0,444792,0,59710,0,17732,0,14051,0,7075,0,-31,0,-48,0,3,0,1 # cft deg6 r=0
976005,0,2616825,0,5577991,0,4956277,0,3126154,0,1077332,0,288849,0,70164,0,14180,0,2198,0,264,0,23,0,1 # cft deg6 r=0
2711125,0,7977780,0,12259800,0,11339206,0,7252504,0,3089101,0,682349,0,76691,0,20436,0,1816,0,-123,0,-7,0,1 # cft deg6 r=0
976005,0,-4144485,0,8988094,0,-11541854,0,8534867,0,-3717835,0,1176588,0,-283711,0,52074,0,-7036,0,661,0,-38,0,1 # cft deg6 r=0
92425,89940,307144,398153,486951,361501,151405,-35118,-38373,-23891,47706,72565,37382,-5130,-15767,-11107,-4386,-575,661,618,363,160,51,10,1 # cft deg6 r=0
2752,3584,12864,-9088,-118768,-10304,114288,-75968,339988,-138048,260924,-109064,106207,-44332,30553,-11700,8444,-2802,2193,-652,392,-86,34,-4,1 # cft deg6 r=0
42025,0,-272750,0,380919,0,167032,0,173625,0,114206,0,29379,0,-58,0,-1635,0,-236,0,27,0,10,0,1 # cft deg6 r=0
19147,-17902,-22360,4518,55412,-61970,69697,-59904,34739,-27754,27918,-9360,22604,2848,10203,2532,3920,88,1147,-102,176,-14,17,-2,1 # cft deg6 r=0
573,5109,17157,561,-22091,-15286,-7325,-14777,-354,52167,35749,-8494,11588,3915,-18798,-887,7429,71,-830,-156,-70,28,13,2,1 # cft deg6 r=0
5625,0,2250,0,20250,0,38730,0,50269,0,36459,0,18051,0,6117,0,1580,0,345,0,60,0,6,0,1 # cft deg6 r=0
58015,84670,82314,60014,69003,31410,49093,-9334,50296,24468,83153,63556,66470,43338,27486,17078,8633,5184,2313,1060,390,108,34,4,1 # cft deg6 r=0
1600,0,-320,0,118304,0,-150880,0,74004,0,-896,0,7377,0,-8720,0,1478,0,798,0,185,0,18,0,1 # cft deg6 r=0
3139,-6554,-7572,18098,-9028,-13110,37265,6616,2391,39390,18490,16820,25380,13780,10627,8124,3612,1712,671,138,44,-2,9,2,1 # cft deg6 r=0
13479,67530,181548,295692,312976,337252,289123,107182,111653,27158,-31400,14880,-6446,-3842,11923,-994,-584,-378,245,38,-26,12,5,-2,1 # cft deg6 r=0
5625,0,30375,0,61200,0,65985,0,51079,0,23391,0,9372,0,2190,0,572,0,48,0,0,0,3,0,1 # cft deg6 r=0
23088025,0,19364150,0,-4533037,0,-9638675,0,313977,0,1228444,0,88102,0,-66271,0,648,0,1349,0,-73,0,-11,0,1 # cft deg6 r=0
23088025,0,33216965,0,25911443,0,14667061,0,7350078,0,3552214,0,1449895,0,412316,0,77328,0,9737,0,830,0,43,0,1 # cft deg6 r=0
101467,206524,240799,440915,467987,407078,495227,278585,270557,156584,85036,61760,21407,14894,6671,2039,1975,413,340,142,35,32,5,2,1 # cft deg6 r=0
113569,356883,1262560,2207514,3454242,3555346,3972150,3260381,2546834,1183814,309311,124928,69823,25637,12530,3754,4727,1452,-678,-86,158,24,-3,2,1 # cft deg6 r=0
2025,-10125,193320,54405,1997694,5188482,4242318,-1459974,-5143301,-3172404,643907,1937866,912660,-143166,-328818,-118484,14784,25227,6856,-618,-784,-152,10,8,1 # cft deg6 r=0
15523,5719,39735,-18252,67795,-15105,55734,14174,-7996,-14579,6516,1977,526,-6051,-39,2204,419,-404,-21,-90,13,36,-6,-4,1 # cft deg6 r=0
25,25,-330,-1005,9259,-16146,-7119,43652,-10711,-92237,137214,-74367,7882,-5553,20535,-13600,1880,148,1029,-666,55,48,-6,-4,1 # cft deg6 r=0
729,-3159,8424,-16740,25875,-26406,17145,-9828,13189,-15381,14495,-14653,13335,-4122,-5241,6764,-2376,-948,1558,-960,440,-151,43,-8,1 # cft deg6 r=0
25090081,0,10538936,0,1421512,0,-1300776,0,-635144,0,73726,0,148582,0,68368,0,19216,0,3552,0,425,0,30,0,1 # cft deg6 r=0
3135625,0,-541836,0,3887062,0,-1975941,0,346943,0,193019,0,55240,0,-47981,0,13892,0,-1118,0,137,0,-19,0,1 # cft deg6 r=0
125425,0,-110374,0,199253,0,-138229,0,175050,0,-101875,0,58074,0,-32660,0,11164,0,-2289,0,309,0,-26,0,1 # cft deg6 r=0
5017,0,-35119,0,67417,0,-20686,0,-171464,0,676455,0,1125580,0,149215,0,16187,0,1299,0,162,0,16,0,1 # cft deg6 r=0
2653993,0,10069119,0,18213826,0,14381425,0,2865224,0,-785845,0,-34382,0,-75832,0,16935,0,809,0,293,0,9,0,1 # cft deg6 r=0
198799,1629531,5544929,11034618,17375625,20397215,20358147,17660955,13672416,9279476,5720769,3320929,1775533,825119,308247,94794,27309,8690,2805,584,170,64,0,0,1 # cft deg6 r=0
10159425,0,9436977,0,1939837,0,2113061,0,3014539,0,1227217,0,261501,0,127584,0,36791,0,-1544,0,-93,0,1,0,1 # cft deg6 r=0
5017,0,-40136,0,148290,0,-184965,0,78203,0,12067,0,17080,0,4983,0,1804,0,266,0,73,0,5,0,1 # cft deg6 r=0
45153,0,15051,0,130846,0,85696,0,131295,0,76106,0,33676,0,5069,0,1422,0,-254,0,17,0,-11,0,1 # cft deg6 r=0
406377,0,-1760967,0,751455,0,3472077,0,2424598,0,242808,0,193285,0,16716,0,8468,0,402,0,152,0,3,0,1 # cft deg6 r=0
61099,233558,64512,-284807,659183,-128895,138935,-55752,208937,-103811,39294,-15251,23846,-20136,7867,-2163,1530,-1103,557,-122,-15,18,-5,-2,1 # cft deg6 r=0
26293,-198995,710622,-1642903,2820899,-3847878,4338509,-4157876,3458277,-2532685,1648086,-953377,490328,-225961,94569,-37168,15248,-6468,2579,-910,291,-76,22,-4,1 # cft deg6 r=0
4219297,0,3893192,0,13082828,0,-21621162,0,12559050,0,-3243559,0,555975,0,-163854,0,20481,0,1708,0,103,0,5,0,1 # cft deg6 r=0
45153,0,75255,0,97636,0,-117712,0,-149036,0,-34709,0,53817,0,37623,0,9893,0,751,0,-117,0,-14,0,1 # cft deg6 r=0
1525,1070,-2548,2612,13757,12345,5832,14997,33232,39383,41071,40919,34589,22873,12584,4445,-81,-1177,-730,-333,-72,9,18,6,1 # cft deg6 r=0
4761,-19044,111159,-386055,1028361,-1923363,3016194,-3507642,3674875,-2855648,1958114,-1358418,751450,-199504,132492,-35309,-7318,-4060,799,-132,164,79,39,8,1 # cft deg6 r=0
4096,7168,2304,-61568,133584,52448,28651,-38733,131696,21956,-40181,39766,12431,-6498,2822,984,1552,-674,-156,384,-102,-27,29,-8,1 # cft deg6 r=0
9351,16146,-13983,-15537,14125,15493,24256,-28639,1107,-21453,17380,-18517,17071,-6958,5268,-2827,1396,-517,313,-87,69,-19,4,-2,1 # cft deg6 r=0
82575,-570465,938811,-135888,859066,936852,565534,1177119,432956,369792,254779,27702,91885,8853,-8744,6774,-2985,-48,468,-78,9,0,11,-6,1 # cft deg6 r=0
1476225,-3739770,6187023,-5445630,3885408,-1220616,-580608,1101390,-911816,404100,-22978,-125818,148383,-108162,65970,-36784,18210,-8274,3352,-1188,401,-124,34,-8,1 # cft deg6 r=0
84159,-245754,459189,-773604,1292202,-1038762,875565,-672384,417931,-114090,35768,-41764,46824,-34950,34125,-27544,14760,-3888,-101,420,-46,-58,34,-8,1 # cft deg6 r=0
452575,-1127360,1730788,-2255506,2288175,-1654646,1101289,-475984,12828,174156,-208157,147528,-74722,27960,-1040,-7548,5220,-2398,1093,-266,-51,20,16,-8,1 # cft deg6 r=0
26347689,0,-4881483,0,3731391,0,812793,0,662254,0,164756,0,56797,0,21380,0,7546,0,1985,0,331,0,29,0,1 # cft deg6 r=0
26347689,0,-10455921,0,24951492,0,468387,0,873571,0,520981,0,-22391,0,7273,0,4819,0,-722,0,175,0,-11,0,1 # cft deg6 r=0
26347689,0,56375739,0,40596876,0,10651791,0,2526847,0,988957,0,262993,0,58981,0,17539,0,4114,0,547,0,37,0,1 # cft deg6 r=0
26347689,0,48368259,0,36823842,0,14713890,0,3060139,0,189032,0,-43205,0,-2413,0,2728,0,521,0,4,0,-4,0,1 # cft deg6 r=0
163,-1239,4279,-12381,35875,-80097,127088,-147930,134956,-106869,81340,-59568,39371,-23112,12745,-7323,4357,-2337,1085,-480,214,-84,25,-6,1 # cft deg6 r=0
101875,-224250,-302825,392745,725146,66882,-602548,-414516,256771,568020,397195,157341,78956,93090,84937,46239,15022,2688,119,-129,-83,-15,10,6,1 # cft deg6 r=0
26718561,0,50165145,0,45941607,0,27742269,0,12441358,0,3846957,0,666168,0,38478,0,-5668,0,-1332,0,-51,0,6,0,1 # cft deg6 r=0
26718561,0,-50242680,0,32341968,0,-2591931,0,-6704864,0,3129333,0,-281283,0,-169935,0,64913,0,-10734,0,978,0,-48,0,1 # cft deg6 r=0
129825,0,-67509,0,314586,0,-393723,0,817956,0,816591,0,473406,0,239745,0,80710,0,14315,0,1256,0,52,0,1 # cft deg6 r=0
7462057,29135034,43516486,35624529,28882451,22007823,10448715,3040662,2770138,3271383,1545923,244194,97492,98799,9701,-11298,8287,5760,-3072,-2958,-442,249,115,18,1 # cft deg6 r=0
129825,0,420633,0,804897,0,500643,0,464067,0,285660,0,179205,0,25203,0,9349,0,1442,0,215,0,13,0,1 # cft deg6 r=0
4367313,0,-986670,0,-4284657,0,14676210,0,53758215,0,51994890,0,21436716,0,1472850,0,158611,0,23072,0,1094,0,-20,0,1 # cft deg6 r=0
28611801,0,-37533933,0,13665708,0,652371,0,-786533,0,-91164,0,143860,0,-50133,0,10680,0,-1881,0,268,0,-24,0,1 # cft deg6 r=0
28611801,0,-18213345,0,14724810,0,-9864519,0,4292644,0,-1168101,0,253138,0,-47076,0,8871,0,-1467,0,169,0,-15,0,1 # cft deg6 r=0
28955161,0,-1286059,0,1824575,0,-4676486,0,2905119,0,-448463,0,94105,0,-48055,0,9459,0,-1057,0,116,0,7,0,1 # cft deg6 r=0
28955161,0,-5563954,0,13802681,0,-7180100,0,3671562,0,-1593692,0,394084,0,-89302,0,17757,0,-2038,0,143,0,-2,0,1 # cft deg6 r=0
28998225,0,5056515,0,6717852,0,-3038424,0,346384,0,-35517,0,88525,0,18651,0,5121,0,1647,0,271,0,18,0,1 # cft deg6 r=0
28998225,0,52358355,0,38503818,0,15065901,0,3829840,0,858995,0,210106,0,34412,0,3211,0,533,0,133,0,17,0,1 # cft deg6 r=0
28998225,0,-2035530,0,12413493,0,1574094,0,1157854,0,236228,0,-22205,0,11402,0,-656,0,-346,0,76,0,-13,0,1 # cft deg6 r=0
75499,-67407,173664,113079,494122,678462,455088,282246,278915,214002,127185,38850,-6944,-2646,4452,750,890,537,-528,-90,160,12,-18,0,1 # cft deg6 r=0
114651,198711,453000,697113,1269472,1560724,1213274,494052,87065,149908,237543,103916,-38514,-45098,-60,10738,836,-2727,-616,416,166,-28,-18,0,1 # cft deg6 r=0
64375,-72000,-394150,252920,1046563,-466106,-111875,-232636,409836,39928,-18201,-60778,1432,596,-1062,-1440,1054,1258,723,488,95,52,16,0,1 # cft deg6 r=0
15625,-28125,133125,100625,-458400,-62270,602487,-171978,-495927,330234,265215,-262316,-52575,131547,-9997,-35544,11042,6028,-2729,-406,394,6,-25,2,1 # cft deg6 r=0
1345005,0,2690010,0,3776949,0,3786426,0,3009312,0,1412559,0,461943,0,105435,0,18207,0,2340,0,243,0,18,0,1 # cft deg6 r=0
16605,0,-49815,0,83511,0,80433,0,1710,0,-157590,0,-10233,0,38133,0,20835,0,-2874,0,855,0,-3,0,1 # cft deg6 r=0
16605,0,116235,0,235224,0,-99279,0,-789201,0,-413181,0,670752,0,417024,0,64746,0,2943,0,861,0,54,0,1 # cft deg6 r=0
138625,0,-177440,0,181430,0,-96056,0,63535,0,-29530,0,13492,0,-1554,0,1775,0,-82,0,71,0,-18,0,1 # cft deg6 r=0
242577,-16920,829845,4201971,7978189,9598669,7926636,4534566,2766981,1918956,1035406,361198,80178,46428,32410,4985,-6396,-4266,-463,482,174,-17,-19,0,1 # cft deg6 r=0
138625,0,-554500,0,539638,0,642866,0,2298625,0,1458357,0,1272277,0,193429,0,45836,0,6561,0,564,0,28,0,1 # cft deg6 r=0
138625,0,-83175,0,197007,0,-912142,0,2428031,0,-3464155,0,2670177,0,-1135615,0,265191,0,-33089,0,2232,0,-61,0,1 # cft deg6 r=0
1422175,-2873610,2194169,-651944,210563,-1115498,1999385,-1756064,909870,-264506,50221,-52578,51040,-19876,-1414,4124,-217,-1266,613,-56,-23,-22,24,-8,1 # cft deg6 r=0
379,2964,9579,22078,49072,82604,92221,56076,-33207,-38624,55412,9348,-24526,3356,7947,-2976,-1106,630,299,-202,-40,50,-6,-4,1 # cft deg6 r=0
1525,-9305,10826,18570,-33487,4924,79906,21910,-44618,-9583,28405,32164,36921,25216,6994,2759,1753,1468,688,-341,20,69,-10,-2,1 # cft deg6 r=0
1975,625,11417,-2500,28162,-13810,34784,-23755,14988,-912,-5637,9118,-2433,4341,-52,-1930,1021,-238,-36,206,-89,4,17,-6,1 # cft deg6 r=0
1579975,-6871530,14969534,-22801898,28161815,-29908658,27933842,-23296100,17555928,-12007682,7482454,-4260390,2225707,-1072864,478394,-198052,76127,-27138,9028,-2780,808,-208,48,-8,1 # cft deg6 r=0
8821,-36960,74430,-103250,126688,-143716,139993,-112836,72279,-33014,5024,9612,-10822,3584,3927,-6882,5542,-2796,809,26,-157,68,-6,-4,1 # cft deg6 r=0
1987,-23869,121348,-342190,569815,-505926,41567,548370,-717497,72355,642145,-438167,-136081,234023,-49058,-32521,18349,-3465,347,210,-182,46,-5,-2,1 # cft deg6 r=0
709,1442,1602,2052,4549,10804,14883,11344,6954,4278,7339,15032,12282,2916,2902,5250,2524,1224,1757,814,19,30,22,-4,1 # cft deg6 r=0
26953,303187,953205,54985,-1519033,-9584,1059379,-378640,-208286,151767,136287,-194185,126782,-55868,27502,-17162,11943,-6433,2368,-809,259,-51,14,-6,1 # cft deg6 r=0
587200,-1307840,2707696,-3608544,4236772,-3715442,2604037,-1525957,752389,-425747,198797,-109418,87187,-62026,45453,-17980,-1237,4071,-1178,139,157,-77,-12,6,1 # cft deg6 r=0
1075,-2410,-2799,8606,37852,68830,67672,19154,-53110,-98910,-88700,-36616,16657,40440,34006,15424,1350,-3510,-2784,-998,-69,110,56,12,1 # cft deg6 r=0
9925,13510,130202,-280252,1022235,-1397079,2026351,-1474531,1112818,-225429,43424,164274,-12779,18173,33920,-8214,9221,825,581,-184,395,-149,51,-8,1 # cft deg6 r=0
331675,-1001835,1517122,-747885,-1058590,2833796,-2608634,711030,1283635,-1762770,976087,-41706,-270094,117194,47122,-57456,10892,6593,-3112,-268,404,-36,-22,4,1 # cft deg6 r=0
32959081,0,-436316,0,22450638,0,69309,0,4584933,0,548495,0,495353,0,68779,0,23565,0,2757,0,414,0,32,0,1 # cft deg6 r=0
33005025,0,33625485,0,24506973,0,12911295,0,4871227,0,1257840,0,184697,0,24195,0,10305,0,-990,0,275,0,-15,0,1 # cft deg6 r=0
33005025,0,41295060,0,32452308,0,23343813,0,10232968,0,2252445,0,213257,0,-7383,0,2001,0,402,0,-10,0,0,0,1 # cft deg6 r=0
33930625,0,-76278375,0,78935625,0,-44435870,0,18059796,0,-6303432,0,1905425,0,-452556,0,78807,0,-9724,0,819,0,-42,0,1 # cft deg6 r=0
34257609,0,-33239187,0,18386793,0,-1483395,0,-276161,0,102164,0,50474,0,-5005,0,676,0,157,0,38,0,-5,0,1 # cft deg6 r=0
34351321,0,-11335174,0,-5474539,0,82387,0,2075868,0,1451788,0,613138,0,177125,0,36714,0,5399,0,545,0,34,0,1 # cft deg6 r=0
35343025,0,29873625,0,13190513,0,2981718,0,429040,0,50432,0,13093,0,4736,0,103,0,24,0,43,0,-14,0,1 # cft deg6 r=0
35343025,0,-1343570,0,-7952823,0,531996,0,863856,0,-497416,0,107450,0,6358,0,2160,0,276,0,-108,0,-4,0,1 # cft deg6 r=0
35343025,0,-39653150,0,23003873,0,-6156961,0,-83868,0,677672,0,-215702,0,19633,0,5526,0,-1937,0,281,0,-22,0,1 # cft deg6 r=0
35343025,0,-48404190,0,25175633,0,-5269014,0,-183680,0,277970,0,-30089,0,-6784,0,2281,0,-318,0,-2,0,4,0,1 # cft deg6 r=0
35343025,0,-26205560,0,16280078,0,-4254619,0,963177,0,4379,0,18937,0,-8729,0,5613,0,-1043,0,194,0,-16,0,1 # cft deg6 r=0
30025,0,240200,0,915058,0,1271617,0,802689,0,51279,0,170205,0,96839,0,25209,0,4101,0,458,0,32,0,1 # cft deg6 r=0
30025,0,-126105,0,223182,0,-222676,0,259531,0,-301546,0,163220,0,-23111,0,4290,0,1490,0,321,0,25,0,1 # cft deg6 r=0
1461645,0,3410505,0,2964471,0,1199880,0,477991,0,418216,0,272573,0,103009,0,24295,0,3821,0,413,0,29,0,1 # cft deg6 r=0
1461645,0,3085695,0,4680654,0,3183753,0,2135182,0,1203100,0,192731,0,-77918,0,-15719,0,11354,0,3806,0,-28,0,1 # cft deg6 r=0
36397089,0,36198,0,-13095711,0,2290518,0,1170982,0,-380948,0,29267,0,-9782,0,6616,0,-1846,0,284,0,-25,0,1 # cft deg6 r=0
36397089,0,19347831,0,16206570,0,9096177,0,4660348,0,1838851,0,575222,0,141052,0,26827,0,3893,0,413,0,29,0,1 # cft deg6 r=0
37075921,0,43700753,0,39657881,0,27409342,0,12746220,0,3993604,0,918397,0,179396,0,32427,0,4916,0,527,0,34,0,1 # cft deg6 r=0
37075921,0,-52401934,0,31401197,0,-8585582,0,1782432,0,-33518,0,-106145,0,34976,0,-4407,0,-154,0,146,0,-20,0,1 # cft deg6 r=0
46153,287604,1055204,278730,-1447091,88772,1044863,398772,798116,367540,146451,174312,105482,77366,55646,32516,17778,9144,4077,1664,607,178,44,8,1 # cft deg6 r=0
163,1324,10667,68753,289888,827948,1702601,2644712,3225633,3194259,2650092,1888423,1176855,643221,308642,128675,46885,14915,4269,1100,250,52,17,6,1 # cft deg6 r=0
38254225,0,74498325,0,54250653,0,14540392,0,306942,0,-129000,0,103274,0,20925,0,2076,0,752,0,96,0,0,0,1 # cft deg6 r=0
38254225,0,-46127730,0,52469373,0,-37842092,0,19249152,0,-6989628,0,1913138,0,-402354,0,65364,0,-7888,0,672,0,-36,0,1 # cft deg6 r=0
39501225,0,-33543045,0,11211048,0,-1891806,0,795160,0,-402790,0,95155,0,-6100,0,82,0,-418,0,181,0,-22,0,1 # cft deg6 r=0
39501225,0,76174200,0,71396208,0,42822555,0,18304756,0,5861867,0,1441768,0,275756,0,40987,0,4607,0,376,0,23,0,1 # cft deg6 r=0
40819321,0,51405894,0,19089809,0,-3138834,0,-2171024,0,-276458,0,11227,0,13552,0,6169,0,1554,0,226,0,20,0,1 # cft deg6 r=0
40819321,0,-73620447,0,60950537,0,-30106410,0,11955004,0,-3945920,0,1067905,0,-230864,0,39883,0,-5388,0,535,0,-34,0,1 # cft deg6 r=0
6775,11475,-31255,-3285,65509,-93375,203027,-272959,109651,50034,2825,-50534,12495,5522,1487,-303,-1279,61,66,116,-1,-17,-3,0,1 # cft deg6 r=0
25,-95,1287,-18966,128507,-466980,955647,-964793,50783,830933,-524308,-250475,284047,91249,-112985,-23474,31897,2000,-4968,-264,599,0,-36,0,1 # cft deg6 r=0
42367081,0,67888870,0,56555733,0,23859024,0,8595156,0,2308868,0,525962,0,96670,0,15180,0,1956,0,216,0,20,0,1 # cft deg6 r=0
4730625,0,19607625,0,18091845,0,-12303450,0,7347624,0,-1851357,0,258828,0,-33945,0,8047,0,-977,0,50,0,-4,0,1 # cft deg6 r=0
4730625,0,18987750,0,33152355,0,29325060,0,17984049,0,5871498,0,1068507,0,119130,0,10117,0,872,0,167,0,10,0,1 # cft deg6 r=0
42575625,0,-71350875,0,56791125,0,-27876420,0,10787706,0,-3812004,0,1114362,0,-223095,0,25780,0,-760,0,-208,0,16,0,1 # cft deg6 r=0
12110400,0,30693600,0,42694740,0,36303435,0,20833521,0,8432934,0,2442852,0,509979,0,77329,0,8579,0,689,0,37,0,1 # cft deg6 r=0
42575625,0,-14974875,0,9341325,0,-2167020,0,-901134,0,-216792,0,149670,0,-12639,0,4324,0,-520,0,356,0,-20,0,1 # cft deg6 r=0
4730625,0,2838375,0,2119320,0,-832590,0,219936,0,936120,0,-18183,0,-49764,0,47758,0,-9511,0,899,0,-23,0,1 # cft deg6 r=0
96179,300382,307402,-23906,-89615,522906,1169608,974196,212044,-233762,-158462,25602,69793,26526,1404,-2420,-2316,-1054,-162,118,153,94,36,8,1 # cft deg6 r=0
648025,0,-732550,0,4413185,0,2236850,0,2036146,0,710402,0,179361,0,8806,0,-2966,0,-962,0,9,0,14,0,1 # cft deg6 r=0
6289,3461,7804,59205,134241,213421,333930,468006,532235,496645,401366,293256,199012,124822,71352,37608,18424,8381,3463,1220,383,102,28,6,1 # cft deg6 r=0
174032,1525120,6286176,15674848,26795296,33887136,33378928,26648096,17944928,10637616,5783472,2953648,1407224,605568,224840,67848,15624,3128,1364,1048,608,244,68,12,1 # cft deg6 r=0
15625,0,-6700,0,8406,0,-9428,0,-4209,0,-2416,0,2324,0,480,0,839,0,156,0,6,0,-12,0,1 # cft deg6 r=0
625,0,-30750,0,393525,0,-361430,0,182046,0,-65214,0,53193,0,-8374,0,3914,0,-406,0,113,0,-6,0,1 # cft deg6 r=0
256,0,0,0,82432,0,0,0,139264,0,0,0,63456,0,0,0,1184,0,0,0,32,0,0,0,1 # cft deg6 r=0
1,0,-8,0,105,0,-410,0,826,0,-620,0,557,0,-494,0,390,0,-24,0,29,0,-10,0,1 # cft deg6 r=0
853,6116,23298,59056,113499,180952,254586,316124,328318,267592,180754,128472,94551,56460,30118,18176,10182,4328,1858,892,319,80,26,8,1 # cft deg6 r=0
1,0,8,0,105,0,410,0,826,0,620,0,557,0,494,0,390,0,24,0,29,0,10,0,1 # cft deg6 r=0
4333,41160,193662,595056,1325515,2259388,3054446,3376140,3146698,2550788,1846366,1216296,737143,411928,212566,101600,44702,18052,6658,2204,675,180,42,8,1 # cft deg6 r=0
688,4256,28288,81408,119344,102128,3360,-114800,-126208,-64960,24632,53536,31120,6256,-2344,-3824,-2940,-1132,12,248,160,76,30,8,1 # cft deg6 r=0
114453,0,-495963,0,1036881,0,-1560465,0,1660149,0,-1113786,0,584183,0,-49112,0,-17789,0,929,0,410,0,32,0,1 # cft deg6 r=0
114453,0,-381510,0,754677,0,-1096038,0,1159830,0,-812586,0,353969,0,-80194,0,6050,0,2254,0,-143,0,-14,0,1 # cft deg6 r=0
15618825,0,43385625,0,57252375,0,41324300,0,17514905,0,4639375,0,851490,0,101375,0,-183,0,-1880,0,-117,0,5,0,1 # cft deg6 r=0
91639,-194670,16367,195110,873121,-1142600,-226031,180148,-149969,-162850,249224,109106,145373,52264,49778,19652,9639,3724,1623,420,144,42,12,0,1 # cft deg6 r=0
69392,0,-138784,0,-97248,0,91080,0,155388,0,114116,0,50885,0,14307,0,2510,0,291,0,54,0,11,0,1 # cft deg6 r=0
4385,0,4385,0,1575,0,-860,0,-995,0,-5,0,7910,0,2875,0,-5091,0,-2940,0,2503,0,-95,0,1 # cft deg6 r=0
71824,0,143648,0,-30016,0,-206360,0,151132,0,154116,0,-48615,0,-89585,0,74510,0,-19257,0,1610,0,67,0,1 # cft deg6 r=0
855625,0,-1549375,0,2423375,0,-195500,0,469225,0,-496925,0,162550,0,-22125,0,-1335,0,180,0,255,0,-15,0,1 # cft deg6 r=0
17975,108025,493310,1288365,2281469,3040151,3026410,2272436,1370321,820105,639558,524832,367712,214152,101036,37332,10958,3043,1203,388,99,2,8,-2,1 # cft deg6 r=0
49,161,276,1409,809,-1995,6664,1828,13041,-553,4622,2092,204,1650,394,280,612,-351,513,-304,195,-78,28,-6,1 # cft deg6 r=0
24025,0,-110515,0,136183,0,109120,0,-77375,0,-20905,0,62050,0,-23645,0,5585,0,20,0,155,0,5,0,1 # cft deg6 r=0
384400,0,-768800,0,-120032,0,299336,0,406636,0,264724,0,120157,0,39551,0,10814,0,2431,0,398,0,31,0,1 # cft deg6 r=0
3125,-17500,57000,-121750,212100,-298710,359133,-372320,340939,-275724,196910,-136388,97971,-65616,35746,-15586,5223,-1274,259,-90,75,-22,11,-2,1 # cft deg6 r=0
5,200,2285,-27840,82662,-38310,-39522,42088,-20039,-5010,-740,11628,-4859,-602,3300,-2760,1181,-562,468,-160,98,-12,13,-2,1 # cft deg6 r=0
126025,0,252050,0,-234655,0,-286130,0,752474,0,35594,0,-77343,0,54162,0,31338,0,2934,0,369,0,26,0,1 # cft deg6 r=0
11842075,12269110,23076711,12199278,4497857,-2733752,-412869,286400,53749,-477498,-484736,-176780,5021,40488,22816,6800,5799,5652,4169,2180,806,238,52,8,1 # cft deg6 r=0
97109,0,-25555,0,-27883,0,17803,0,114265,0,97590,0,22059,0,-2196,0,355,0,161,0,274,0,4,0,1 # cft deg6 r=0
97109,0,-311771,0,298405,0,431771,0,53389,0,6642,0,40683,0,-32,0,2931,0,101,0,142,0,4,0,1 # cft deg6 r=0
5329,0,10658,0,4745,0,31682,0,209790,0,401250,0,368405,0,177754,0,41518,0,3210,0,121,0,-38,0,1 # cft deg6 r=0
438800,0,87760,0,235584,0,-280552,0,338068,0,-182792,0,70353,0,-510,0,6227,0,-3468,0,567,0,-38,0,1 # cft deg6 r=0
438800,0,-877600,0,911168,0,-892792,0,606588,0,-133428,0,-15803,0,15163,0,-1862,0,-213,0,142,0,-17,0,1 # cft deg6 r=0
5513,0,-33078,0,129637,0,-312966,0,596466,0,-731870,0,625909,0,-318682,0,93594,0,-11978,0,1565,0,-66,0,1 # cft deg6 r=0
2612,41264,309880,682832,599568,-214592,-615868,-436944,-197232,-339456,650140,-495628,647871,-394050,302213,-158172,82250,-34428,13061,-4046,1142,-238,51,-6,1 # cft deg6 r=0
5072,8928,10720,17248,-11008,-48912,18160,16528,-22656,7328,16968,-10240,-5224,6728,-1080,-2240,1592,-28,-336,128,40,-36,-6,4,1 # cft deg6 r=0
5,20,160,600,1762,2056,5200,-100,2975,-3768,528,-608,644,832,-144,56,107,-44,192,-72,58,-24,16,-4,1 # cft deg6 r=0
7489,-4426,41406,-41692,155183,-55176,213270,66808,134994,14934,135230,52448,72339,22304,29510,7548,7034,1934,1070,408,95,40,14,0,1 # cft deg6 r=0
1037264,2942368,4504336,1934752,2615584,-4898992,742352,-1034160,2610848,927360,1492616,653824,520992,233512,113900,51496,17884,8444,2068,860,196,52,18,0,1 # cft deg6 r=0
2342800,0,-6934688,0,6632496,0,-1750264,0,3439584,0,387768,0,674437,0,41194,0,69031,0,-10828,0,563,0,50,0,1 # cft deg6 r=0
93712,0,374848,0,337968,0,-221992,0,-134508,0,159144,0,155017,0,46795,0,6838,0,263,0,-10,0,-1,0,1 # cft deg6 r=0
2860925,0,8901994,0,5299681,0,-4392558,0,4228602,0,-1046426,0,221641,0,-30534,0,4198,0,-734,0,13,0,-2,0,1 # cft deg6 r=0
114437,0,307173,0,448393,0,119671,0,60305,0,-255702,0,258335,0,-127376,0,33875,0,-5123,0,494,0,-28,0,1 # cft deg6 r=0
153625,0,-491600,0,3608434,0,-8859728,0,9626431,0,-5487920,0,1878268,0,-419984,0,64519,0,-7040,0,562,0,-32,0,1 # cft deg6 r=0
2218345,0,2169185,0,-11423129,0,-15027944,0,10345041,0,27528735,0,24648846,0,14778435,0,4363833,0,190488,0,1575,0,13,0,1 # cft deg6 r=0
142301,0,-346472,0,789146,0,-1001203,0,1030467,0,-704644,0,319059,0,-102686,0,23593,0,-3673,0,393,0,-27,0,1 # cft deg6 r=0
142301,0,-624887,0,903433,0,397227,0,-692047,0,46514,0,195839,0,10656,0,8227,0,-643,0,1106,0,48,0,1 # cft deg6 r=0
900560,3952640,8948384,13893632,17475328,19439872,19622464,17843968,14601024,10964704,7650320,4902864,2860728,1536512,764360,345920,140576,51984,17632,5392,1472,360,76,12,1 # cft deg6 r=0
621,4212,10494,-93236,226561,-363696,519822,-685824,787014,-792564,728086,-609080,452361,-294660,167834,-83448,36606,-14536,5394,-1972,741,-260,70,-12,1 # cft deg6 r=0
25,0,75,0,335,0,780,0,821,0,173,0,-414,0,-351,0,-11,0,112,0,59,0,11,0,1 # cft deg6 r=0
68161,-234042,491888,1081682,870023,-81342,-76560,-230508,-136402,-180850,13568,14534,38755,7446,5016,-956,1630,138,200,66,55,14,8,0,1 # cft deg6 r=0
8340641,1427856,-14393242,3571728,11429253,-6283560,-2933982,4497444,-624862,-1280160,822958,68912,-138267,82544,-17562,-13940,11794,-2936,-358,520,-187,16,14,-4,1 # cft deg6 r=0
5738125,-8347500,15346250,17880500,-13129275,21068900,-18202150,1036500,15631630,-25418660,27342810,-23059940,16493161,-9928628,5234102,-2347756,931462,-313188,93286,-23044,5013,-852,126,-12,1 # cft deg6 r=0
25,0,-50,0,225,0,10,0,686,0,-50,0,793,0,130,0,234,0,90,0,37,0,10,0,1 # cft deg6 r=0
784,-1568,2912,-5376,9648,-15312,26048,-39968,55736,-66768,71728,-68080,60120,-50448,40168,-27336,16228,-8052,3908,-1260,530,-108,38,-4,1 # cft deg6 r=0
625,0,-1750,0,5625,0,-6410,0,4566,0,-562,0,-727,0,326,0,190,0,-34,0,13,0,-2,0,1 # cft deg6 r=0
45325,0,135975,0,204330,0,217070,0,188615,0,126210,0,64155,0,24290,0,6815,0,1390,0,202,0,19,0,1 # cft deg6 r=0
45325,0,0,0,-45570,0,-177135,0,168315,0,233940,0,203735,0,27090,0,13785,0,2555,0,357,0,21,0,1 # cft deg6 r=0
2220925,0,0,0,19067370,0,-8412075,0,-763385,0,921060,0,210035,0,-271530,0,80445,0,-9345,0,53,0,45,0,1 # cft deg6 r=0
866761,0,136857,0,1552075,0,990584,0,422625,0,256711,0,128870,0,48363,0,12985,0,2408,0,315,0,21,0,1 # cft deg6 r=0
28944400,0,31096400,0,27568160,0,17714440,0,7933316,0,2250992,0,724421,0,106026,0,26539,0,2508,0,379,0,34,0,1 # cft deg6 r=0
3725,33075,232550,1375475,5290031,13355687,24356358,34365242,39198133,37225019,30061496,21002902,12882490,7014608,3411238,1481766,572990,196251,59321,15752,3657,726,118,14,1 # cft deg6 r=0
1809025,0,5655725,0,8526135,0,7932540,0,4940661,0,2122119,0,623094,0,119863,0,13509,0,636,0,71,0,-3,0,1 # cft deg6 r=0
4231,-57373,183390,213877,1638417,-4691963,6936458,-6352610,2446703,1208607,-2463390,1758104,-480704,-285942,353080,-135114,-3362,23345,-7013,-1214,1667,-576,120,-14,1 # cft deg6 r=0
34225,0,280645,0,874791,0,1351240,0,1161233,0,575115,0,275526,0,61895,0,12177,0,1640,0,239,0,25,0,1 # cft deg6 r=0
1998226625,-11699364480,30511059066,-48357460800,53587348973,-44445949560,27917576182,-12467842640,3243733082,-96251440,-229660710,91892240,-30873187,3348200,5592986,-2671600,44306,229120,-38034,-8160,2405,120,-70,0,1 # cft deg6 r=0
547600,0,657120,0,4400336,0,2484920,0,147744,0,315500,0,79917,0,-87590,0,32111,0,-5280,0,723,0,-30,0,1 # cft deg6 r=0
109840,0,-219680,0,282672,0,-323896,0,324912,0,-203208,0,55021,0,9406,0,-6977,0,-1132,0,1139,0,14,0,1 # cft deg6 r=0
4290625,0,-3089250,0,3216125,0,-1488950,0,903350,0,-208370,0,115145,0,-8318,0,6078,0,838,0,133,0,18,0,1 # cft deg6 r=0
8439025,0,-14515123,0,-20598193,0,35531636,0,33211817,0,-13689305,0,-1361258,0,903983,0,186761,0,10092,0,-105,0,-35,0,1 # cft deg6 r=0
34625,0,207750,0,561925,0,905250,0,964850,0,713150,0,371365,0,134870,0,32690,0,4730,0,293,0,-2,0,1 # cft deg6 r=0
1918225,0,-7084275,0,10474175,0,-7103480,0,1823161,0,127487,0,-91614,0,2811,0,-1511,0,-412,0,219,0,29,0,1 # cft deg6 r=0
1229,-23996,249928,15666,-7587,74702,283328,61652,-98214,287312,44176,-237274,367649,-297446,193004,-101180,54490,-27776,13020,-4838,1501,-346,68,-8,1 # cft deg6 r=0
554000,0,1662000,0,18479600,0,-51730200,0,61252700,0,-36230500,0,14296065,0,-4167230,0,955635,0,-92320,0,3071,0,-22,0,1 # cft deg6 r=0
30691600,0,1772800,0,10010000,0,1737480,0,1456916,0,520008,0,145641,0,42639,0,11634,0,827,0,-146,0,-9,0,1 # cft deg6 r=0
50839,142028,131470,57992,147117,-355068,176904,-403868,216860,-126764,138198,4876,46489,10224,15816,4764,4804,1848,942,560,245,88,32,8,1 # cft deg6 r=0
9623,18954,21940,24140,16211,122264,523402,1052044,1371164,1411026,1329248,1172752,912519,595412,326274,154232,65000,24422,8156,2384,639,148,30,4,1 # cft deg6 r=0
97115,-284940,902270,-1593160,2655136,-2950320,2989106,-2122436,1472755,-819896,569036,-341504,213432,-85312,26148,-792,-1359,1188,-426,296,-88,16,10,-4,1 # cft deg6 r=0
80,-640,3680,-11680,22832,-33808,36176,-20128,-2032,16864,-19024,10464,-2768,-896,1504,-744,488,-276,184,-64,44,-12,16,-4,1 # cft deg6 r=0
9623,32754,55066,23636,78525,84180,12456,72004,31304,-1442,32130,-8512,7029,1700,368,1488,156,442,186,72,65,24,8,4,1 # cft deg6 r=0
167693,0,-371841,0,342330,0,-59822,0,-54729,0,9154,0,44723,0,-15238,0,11859,0,-354,0,498,0,11,0,1 # cft deg6 r=0
4192325,0,18752452,0,26673918,0,13273633,0,3385967,0,-281984,0,-2381,0,-4858,0,5553,0,679,0,221,0,9,0,1 # cft deg6 r=0
7417,0,-89004,0,362090,0,274932,0,1175583,0,575752,0,427692,0,356520,0,41927,0,-25564,0,2826,0,-28,0,1 # cft deg6 r=0
25,225,1140,2345,2681,187,5486,-1416,9445,-7609,8944,-6510,7660,-8972,10048,-9408,7614,-5311,3227,-1658,701,-232,58,-10,1 # cft deg6 r=0
2265025,0,5372850,0,5614665,0,3688230,0,1771546,0,638890,0,191793,0,47810,0,8794,0,1230,0,137,0,10,0,1 # cft deg6 r=0
169691,-1191743,4395114,-11389079,22883961,-37015801,48677518,-52161948,46115239,-34345063,22097782,-12602340,6560278,-3180850,1447838,-616184,241300,-86111,27649,-7908,1991,-426,76,-10,1 # cft deg6 r=0
364729,190640,397859,738006,1558507,826754,842221,930628,1155791,481080,-339974,-505832,-199055,21698,53696,34232,22953,13636,5587,1654,502,192,62,12,1 # cft deg6 r=0
1270129,0,607453,0,-47677,0,-225008,0,-24647,0,73647,0,5194,0,-9849,0,1617,0,-28,0,7,0,-7,0,1 # cft deg6 r=0
40195600,0,36772000,0,33596400,0,17567960,0,9272976,0,2899432,0,999881,0,168806,0,38159,0,1468,0,439,0,14,0,1 # cft deg6 r=0
25826491,-73049779,86680618,-70445503,56224091,-37723627,21382402,-9437724,3357455,-787363,456878,-119314,142064,-16788,29514,11002,5984,5069,2051,838,377,108,24,6,1 # cft deg6 r=0
2512225,0,-9850775,0,17265875,0,-17724900,0,11749861,0,-5241889,0,1600314,0,-338273,0,51149,0,-5896,0,511,0,-27,0,1 # cft deg6 r=0
3125,1875,25750,79625,24875,-49275,-2800,15350,-9909,-54319,-15178,11586,-4672,6016,9446,2118,1588,1201,199,180,173,62,18,6,1 # cft deg6 r=0
7985,0,-223580,0,3932530,0,5258260,0,7595855,0,4727880,0,2848380,0,734280,0,189279,0,27924,0,1586,0,-92,0,1 # cft deg6 r=0
625,0,-1250,0,37625,0,32750,0,32350,0,12350,0,5025,0,650,0,490,0,90,0,25,0,-10,0,1 # cft deg6 r=0
625,0,-2500,0,-3250,0,14500,0,35475,0,34700,0,18600,0,4700,0,-485,0,-440,0,10,0,0,0,1 # cft deg6 r=0
17885,-161700,710206,-1993516,4009817,-6220676,7881566,-8521268,8101094,-6894008,5295874,-3676200,2296329,-1284556,643550,-290368,118990,-44780,15674,-5104,1513,-392,82,-12,1 # cft deg6 r=0
55984,190624,632304,538400,563312,31264,114752,12528,106832,45024,288,1856,-2608,1672,3116,-488,1728,-1240,564,-180,140,-36,12,-4,1 # cft deg6 r=0
13231,-32748,167150,-225606,222853,-14104,54874,145442,20152,-3506,6780,12118,37319,-2430,5142,-10436,2982,-2062,1634,-384,195,-80,12,-4,1 # cft deg6 r=0
15625,0,37500,0,53750,0,22000,0,-525,0,-20500,0,-3400,0,900,0,3155,0,-600,0,130,0,-20,0,1 # cft deg6 r=0
142016,994560,3523520,8118656,13375360,16496512,15694848,11953856,7898288,5214240,3751328,2674784,1637296,793456,294448,85712,23892,8840,3676,1176,252,36,8,4,1 # cft deg6 r=0
16589329,0,16039474,0,3965763,0,788328,0,671785,0,179474,0,41095,0,15682,0,2009,0,-56,0,-9,0,-6,0,1 # cft deg6 r=0
16589329,0,8602176,0,10706620,0,-315342,0,1478732,0,-692658,0,123027,0,-41196,0,4082,0,-282,0,97,0,6,0,1 # cft deg6 r=0
3571,-46464,266818,-887184,1872658,-2552780,2095500,-658408,-539634,663514,-125130,-259888,260618,-119652,30004,-3992,1030,-992,622,-366,269,-162,60,-12,1 # cft deg6 r=0
9309167,-18987136,32540366,-28311056,22315574,-11854572,10056428,-8107224,7025446,-4298214,2393090,-1153512,642090,-345116,172676,-67640,24530,-10056,5630,-2942,1237,-378,84,-12,1 # cft deg6 r=0
51776,438016,1679872,3566208,4328512,2657792,283456,334784,3600880,7810432,10046272,9267904,6651872,3931392,1994688,887008,348828,122544,38480,10664,2596,544,92,12,1 # cft deg6 r=0
625,0,4256,0,45574,0,154048,0,241999,0,210784,0,105460,0,22752,0,-4129,0,-1920,0,422,0,-32,0,1 # cft deg6 r=0
765425,3856120,9243764,13075320,10680564,2562196,-5100152,-7034104,-3901154,-75412,1511480,1119116,296122,-99036,-116100,-42472,-5347,824,316,300,366,212,68,12,1 # cft deg6 r=0
395641,0,1279944,0,2567982,0,2421064,0,1615711,0,825648,0,279940,0,42160,0,6215,0,776,0,110,0,8,0,1 # cft deg6 r=0
13402921,0,-20089680,0,9500250,0,-550076,0,-770307,0,184792,0,12730,0,-11988,0,302,0,412,0,16,0,4,0,1 # cft deg6 r=0
1247689,0,-1405408,0,788878,0,97152,0,-262593,0,109856,0,27780,0,-34016,0,13207,0,-2752,0,398,0,-32,0,1 # cft deg6 r=0
4096,0,0,0,122880,0,0,0,75264,0,0,0,93824,0,0,0,592,0,0,0,24,0,0,0,1 # cft deg6 r=0
172225,0,-554492,0,317556,0,472584,0,-30538,0,-38184,0,20454,0,-2444,0,2857,0,524,0,126,0,20,0,1 # cft deg6 r=0
440681,-276276,1393164,-180668,1260054,72464,389060,-379676,-144043,-359548,46184,122388,324102,300068,265636,172672,102234,49148,20984,7328,2192,512,96,12,1 # cft deg6 r=0
14641,0,3388,0,81846,0,9568,0,155173,0,-61308,0,140706,0,-29780,0,3062,0,-332,0,76,0,-8,0,1 # cft deg6 r=0
625,-1880,4692,4824,-32100,42492,105352,-102040,397862,226644,415688,485644,353730,238444,134044,62872,29117,12984,5564,2348,870,268,68,12,1 # cft deg6 r=0
3690241,0,-3159108,0,615214,0,-66800,0,317829,0,-177572,0,44858,0,-13388,0,3662,0,-572,0,100,0,-16,0,1 # cft deg6 r=0
15209,118212,407148,833196,1177418,1258808,1124636,1034788,1176173,1439924,1532192,1298276,912390,630284,476012,334112,176454,59108,7960,-2256,-1160,-112,40,12,1 # cft deg6 r=0
172225,0,554492,0,317556,0,-472584,0,-30538,0,38184,0,20454,0,2444,0,2857,0,-524,0,126,0,-20,0,1 # cft deg6 r=0
82921,283504,973868,-721416,-1193524,-1874412,-162992,1058248,1946550,1913852,1715376,1420044,1096914,717980,380220,149144,37045,1648,-2492,-660,222,204,68,12,1 # cft deg6 r=0
1,0,12,0,-66,0,-2896,0,25437,0,-74980,0,109922,0,34260,0,-2466,0,-204,0,172,0,-16,0,1 # cft deg6 r=0
1,0,-12,0,-66,0,2896,0,25437,0,74980,0,109922,0,-34260,0,-2466,0,204,0,172,0,16,0,1 # cft deg6 r=0
1299325,5822788,13026812,18524228,17826062,10750700,1821324,-3733636,-4171097,-1763160,317624,828648,432724,48984,-54216,-26952,-2885,-172,-1460,-876,-66,124,60,12,1 # cft deg6 r=0
1225,0,-11972,0,64324,0,-124304,0,145142,0,-98744,0,45870,0,-10332,0,1969,0,604,0,246,0,28,0,1 # cft deg6 r=0
818021,3664872,8352820,12116296,18308208,24575116,29537468,29371016,24722626,17630060,10940072,5930012,2793466,1084140,303808,28536,-25847,-16736,-4464,124,638,292,76,12,1 # cft deg6 r=0
1247689,0,1405408,0,788878,0,-97152,0,-262593,0,-109856,0,27780,0,34016,0,13207,0,2752,0,398,0,32,0,1 # cft deg6 r=0
4096,0,0,0,98304,0,0,0,830976,0,0,0,156032,0,0,0,2000,0,0,0,88,0,0,0,1 # cft deg6 r=0
14161,0,27352,0,-14828,0,-33352,0,28670,0,-42028,0,27186,0,-3080,0,6325,0,2740,0,474,0,36,0,1 # cft deg6 r=0
9834496,0,0,0,1312768,0,0,0,545024,0,0,0,6016,0,0,0,1504,0,0,0,16,0,0,0,1 # cft deg6 r=0
14161,0,5820,0,-53960,0,-72860,0,27254,0,122780,0,97766,0,24512,0,-3355,0,-1124,0,262,0,-24,0,1 # cft deg6 r=0
1739761,0,2334784,0,1247564,0,357112,0,209630,0,147596,0,60202,0,17712,0,2893,0,-268,0,-6,0,-12,0,1 # cft deg6 r=0
14641,0,-3388,0,81846,0,-9568,0,155173,0,61308,0,140706,0,29780,0,3062,0,332,0,76,0,8,0,1 # cft deg6 r=0
3478225,0,-1726572,0,2522598,0,-192512,0,236717,0,-11460,0,5882,0,3636,0,262,0,-164,0,4,0,8,0,1 # cft deg6 r=0
1784,-1792,19920,-16720,81512,-96592,233372,-258720,391222,-354300,384984,-272288,226481,-122604,80856,-33472,18378,-5780,2844,-600,325,-28,26,0,1 # cft deg6 r=0
1557009,-4569480,12051132,-8299984,12002920,-12716992,7589140,-5383936,4782950,-1730064,982424,-899712,121454,-122584,94824,7936,16477,-1496,1112,-96,218,8,12,0,1 # cft deg6 r=0
5542337,2723120,5503916,3931424,-2416784,4973352,4541652,-1935680,1694806,1953736,-290132,259072,341122,31368,31080,29408,4069,2160,1508,-48,266,-24,24,0,1 # cft deg6 r=0
1,0,-6,0,22,0,-50,0,85,0,-76,0,30,0,38,0,-30,0,4,0,8,0,-4,0,1 # cft deg6 r=0
6607,-6424,36960,-39280,32485,-5828,29400,-42560,23959,-2588,-6294,2536,1833,-1004,908,-224,23,4,198,-8,51,-8,10,0,1 # cft deg6 r=0
1787,7080,43786,68248,-58786,-189392,-61300,106512,79548,12756,19678,22720,6965,-1536,690,712,-960,-164,40,-80,21,8,-6,0,1 # cft deg6 r=0
45576,117216,216528,337904,373040,331728,278564,230400,159230,84348,64060,36736,3081,9836,9580,-2240,-370,1764,-64,-248,109,28,-14,0,1 # cft deg6 r=0
3907633,-13797624,20038348,-12257392,-600472,2449216,4026492,-4556160,451086,780144,84808,-179520,-88322,30296,20528,28096,7541,2744,448,0,98,-8,12,0,1 # cft deg6 r=0
1,0,6,0,22,0,50,0,85,0,76,0,30,0,-38,0,-30,0,-4,0,8,0,4,0,1 # cft deg6 r=0
223,-680,-1652,6896,9197,-37916,-6896,66768,54911,34316,17442,-7784,-2667,-2372,-2888,-32,-385,-148,70,40,27,8,2,0,1 # cft deg6 r=0
230233,2094192,7134908,6154656,2857792,-4840808,10544860,-6677312,4115454,-2052488,1377956,-905440,534490,-273608,121008,-34400,6501,688,740,-368,170,24,0,0,1 # cft deg6 r=0
23031,-82008,187062,-276520,317510,-308944,272428,-236464,184600,-128116,83066,-51920,37601,-20656,10442,-6808,2880,-1212,816,-128,153,-8,18,0,1 # cft deg6 r=0
16785409,0,-50212832,0,67150228,0,-51386676,0,24460638,0,-7105928,0,1150810,0,-47444,0,-6739,0,460,0,294,0,-32,0,1 # cft deg6 r=0
4097,0,0,0,-908,0,-5900,0,-1262,0,1308,0,3890,0,980,0,-23,0,-176,0,98,0,20,0,1 # cft deg6 r=0
171413929,-685353004,1236455173,-1402619718,1211582577,-939942810,729587924,-531545904,326306646,-174051482,92632639,-49342206,22829174,-8923902,3348513,-1229152,354705,-61306,3391,396,96,-112,48,-8,1 # cft deg6 r=0
4097,0,-24582,0,67283,0,-111080,0,124205,0,-100742,0,61583,0,-28286,0,9309,0,-2048,0,283,0,-22,0,1 # cft deg6 r=0
17247409,0,45400596,0,62763604,0,42399308,0,18747166,0,5500216,0,1274898,0,266464,0,35901,0,2048,0,-58,0,-20,0,1 # cft deg6 r=0
776263,-2936642,5831673,-14716030,29480961,-40133104,50864183,-50489244,46830821,-36663000,26720675,-17091996,10142888,-5389048,2640014,-1167170,470715,-170766,55488,-15900,3947,-818,136,-16,1 # cft deg6 r=0
5044031,-33970880,100103983,-182188304,244818761,-260186278,226579113,-164836990,101561363,-53431652,24486659,-10052458,3959126,-1574830,649080,-252702,88317,-25344,6430,-1524,475,-150,44,-8,1 # cft deg6 r=0
18809569,0,47221256,0,72479828,0,64077720,0,33581270,0,11189532,0,2590610,0,431480,0,43285,0,572,0,-298,0,-12,0,1 # cft deg6 r=0
1200691801,0,1756957770,0,1302268809,0,654355850,0,150109598,0,1311960,0,656255,0,-338894,0,-12504,0,2714,0,24,0,8,0,1 # cft deg6 r=0
2737625,0,-4144900,0,2139410,0,-197200,0,292017,0,-33916,0,16458,0,-548,0,1674,0,-164,0,20,0,-8,0,1 # cft deg6 r=0
565625,0,678750,0,928975,0,1001260,0,802677,0,638382,0,115671,0,-34554,0,37213,0,3812,0,3239,0,102,0,1 # cft deg6 r=0
1600,-6080,16944,-37728,68952,-108116,149411,-182138,196603,-190048,163922,-125894,87339,-54872,31073,-16274,7919,-3322,1221,-484,182,-42,8,-4,1 # cft deg6 r=0
3704,-30424,108852,-196488,244482,-197678,95787,1386,-57650,60472,-26495,-2522,12968,-7526,656,2200,-1080,-184,230,-116,-13,24,-2,0,1 # cft deg6 r=0
22137025,0,25199980,0,24832882,0,15553720,0,6812293,0,1732780,0,186142,0,-23204,0,-11222,0,-1244,0,64,0,16,0,1 # cft deg6 r=0
117625,0,-470500,0,669578,0,-618060,0,545219,0,-219366,0,117444,0,-30922,0,9387,0,-422,0,91,0,-2,0,1 # cft deg6 r=0
23013721,21973778,-88709871,-97038438,87345124,146505364,29554923,-75370420,-65401004,3821746,30304059,8590558,-5846906,-2961712,332533,361074,38292,-3168,-2269,-1736,-306,46,28,8,1 # cft deg6 r=0
117625,0,0,0,-215958,0,-256076,0,50799,0,226550,0,181976,0,76086,0,16387,0,1894,0,295,0,18,0,1 # cft deg6 r=0
115363,-960066,4718649,28363582,55083923,64155050,75616421,81559176,52719942,11110636,-7261647,-3559378,1641138,957784,-384112,-172748,94882,36936,-6824,-2126,619,60,-36,0,1 # cft deg6 r=0
4509,-14166,3489,29462,50088,-455692,1231444,-2117310,2695400,-2692270,2165248,-1420510,771525,-359586,155210,-67962,30256,-12268,4056,-1064,261,-86,32,-8,1 # cft deg6 r=0
166871,-605360,1217508,-1630676,1655804,-1161252,596284,-200918,135627,-161162,193041,-133484,77173,-38972,25781,-13086,5210,-382,153,-292,258,-80,34,-4,1 # cft deg6 r=0
22819729,0,4729230,0,-6762637,0,-2047964,0,584097,0,430186,0,184827,0,61250,0,11573,0,1512,0,223,0,22,0,1 # cft deg6 r=0
39592,-195664,663392,-1507612,2715534,-3824948,4459973,-4302430,3565814,-2561914,1655173,-973524,534896,-272990,129412,-56218,22542,-8400,2958,-964,293,-76,20,-4,1 # cft deg6 r=0
104824,-730464,2111464,-3525572,3741454,-2053572,-175307,1390562,-1160458,286662,387861,-501172,231512,8034,-45184,30662,-11902,1848,454,-420,305,-76,32,-4,1 # cft deg6 r=0
6807265,-10341988,13319304,2841300,-12836046,10653688,3151988,-6987836,2507853,2152496,-1528492,-198888,449410,-11080,-120992,-1580,31094,92,-5092,8,532,-4,-32,0,1 # cft deg6 r=0
100597,-362320,959084,-1849756,2991928,-4035700,4709028,-4764336,4210354,-3248500,2177888,-1263068,623930,-258844,87896,-23500,4861,-520,-64,16,-14,-4,4,0,1 # cft deg6 r=0
449,2580,8160,16872,22674,5980,-7428,32100,2017,-38724,22384,-18300,19026,5256,-7932,1264,562,-968,12,132,28,12,4,0,1 # cft deg6 r=0
78400,-94080,-310912,-79744,370112,683712,1109312,1368832,1273904,892928,577920,403392,287136,177280,81600,23648,3116,568,1192,872,316,84,28,8,1 # cft deg6 r=0
5929,0,-12474,0,7059,0,9132,0,-12159,0,2586,0,4455,0,-2642,0,949,0,-172,0,39,0,-10,0,1 # cft deg6 r=0
101,1232,5326,10790,15228,17108,12710,-3286,-10812,-15042,4056,13680,-979,588,12204,1546,3258,2050,398,274,139,-24,26,-4,1 # cft deg6 r=0
5929,0,12474,0,7059,0,-9132,0,-12159,0,-2586,0,4455,0,2642,0,949,0,172,0,39,0,10,0,1 # cft deg6 r=0
27,-144,468,-1760,5830,-13322,21368,-25344,21112,-8134,-4390,4498,6969,-19008,24256,-21728,15684,-9662,5146,-2342,905,-290,72,-12,1 # cft deg6 r=0
6513125,21180380,25951916,13975956,2423686,-6783216,-10035604,-4330396,1838057,2387412,2503380,653948,-26278,-182764,-54464,29568,47818,29180,13064,4680,1480,392,84,12,1 # cft deg6 r=0
242009,443568,4931072,1136936,17289490,11336424,1655976,-7645632,5357023,8037152,-5135552,-2103728,3250748,429904,-915376,2304,191463,4080,-20480,-184,1426,8,-56,0,1 # cft deg6 r=0
476396801,354300576,-64896060,1734188,30029862,-118767324,-96104948,-22909036,7668817,19339288,14813900,4585712,-265838,-1170492,-774872,-286852,-55986,6708,11664,6400,2304,604,124,16,1 # cft deg6 r=0
18175325,22689240,99452456,-171218880,23649452,-86866520,100662692,70147260,47403122,31579544,10423256,3484108,634838,-1781608,204132,-1548,31509,29872,924,-1648,282,32,-8,4,1 # cft deg6 r=0
5929,0,28336,0,62102,0,69820,0,50389,0,22712,0,7978,0,2388,0,1038,0,100,0,-12,0,-4,0,1 # cft deg6 r=0
162913,-124180,592808,-330280,838964,-435974,697866,-396264,374086,-197494,161570,-99806,70887,-54336,43514,-32104,21264,-12730,6750,-3014,1117,-334,76,-12,1 # cft deg6 r=0
5929,0,-28336,0,62102,0,-69820,0,50389,0,-22712,0,7978,0,-2388,0,1038,0,-100,0,-12,0,4,0,1 # cft deg6 r=0
729,-17010,143694,393016,-1734987,1061764,7562954,-18675630,26824001,-27203916,21494150,-14521608,8501297,-4499272,2168526,-946742,377733,-133404,44024,-12472,3085,-682,128,-16,1 # cft deg6 r=0
6817,-52048,79472,162604,-133034,234748,1131456,1259064,1079637,1167880,1064528,778612,555390,364012,214424,122572,63190,29172,12024,4148,1284,300,64,8,1 # cft deg6 r=0
9234697,50953240,144117068,286320164,457803604,603939344,645728772,549824888,372162210,203778568,94747520,40787812,17527398,7296424,2617768,710116,119897,2344,-5200,-1664,-242,24,28,8,1 # cft deg6 r=0
276853,431472,2614036,1834508,7928412,2827468,12716440,1541756,8680418,-1180932,2772036,-1509268,543038,-590516,148004,-111072,45693,-11128,8216,-636,782,-20,40,0,1 # cft deg6 r=0
14235529,0,0,0,-2921478,0,0,0,159149,0,0,0,6718,0,0,0,-754,0,0,0,0,0,0,0,1 # cft deg6 r=0
268083,257256,863418,363358,770845,56840,711292,-178038,410083,-85574,20704,106954,15427,-39962,21736,12042,-6151,-408,1630,-62,-87,48,10,-4,1 # cft deg6 r=0
233512,462128,998280,1753464,1386052,813744,125560,-584272,1101374,-598192,949162,-588070,332647,-167174,73842,-25162,14524,-5320,2716,-1082,377,-108,30,-4,1 # cft deg6 r=0
317033,534428,421744,-233276,-531366,-169196,150536,142164,218177,400928,396636,233672,115798,71548,38332,8196,-2502,-304,1824,1296,424,96,28,8,1 # cft deg6 r=0
29622592,72058624,110312704,120920832,112464896,94704384,74322432,49487872,24705184,6708736,-977504,-1846016,-687952,9056,131008,70592,26004,6992,1208,-128,-84,-16,0,0,1 # cft deg6 r=0
75570649,-264229080,382390052,-298514336,132729052,-19968516,-21035456,22598356,-14799794,6646188,858744,-3886904,2379738,-230388,-467676,264860,-35067,-21288,10484,-1180,-362,100,12,-8,1 # cft deg6 r=0
5929,0,0,0,-2064,0,0,0,-482,0,0,0,294,0,0,0,-3,0,0,0,-10,0,0,0,1 # cft deg6 r=0
5929,0,-2002,0,9523,0,-808,0,13849,0,2206,0,4487,0,386,0,-35,0,40,0,7,0,-2,0,1 # cft deg6 r=0
41413,-113306,242146,-392798,490767,-530466,477140,-324368,159329,-39818,-21688,25770,85,-13226,7830,-2536,2427,-1504,-486,908,-299,-42,50,-12,1 # cft deg6 r=0
5929,0,2002,0,9523,0,808,0,13849,0,-2206,0,4487,0,-386,0,-35,0,-40,0,7,0,2,0,1 # cft deg6 r=0
3617,-4542,11932,-20390,2983,25226,-94216,187932,-67533,-329774,602072,-449026,108221,64054,-40312,-15536,24311,-9640,478,788,-119,-110,58,-12,1 # cft deg6 r=0
24930049,0,3355296,0,-1361538,0,5740444,0,-740275,0,-326832,0,523418,0,-185700,0,37870,0,-5084,0,460,0,-28,0,1 # cft deg6 r=0
25492401,0,-9633492,0,25175124,0,-1852524,0,6290478,0,-318948,0,596482,0,-65608,0,23781,0,-2412,0,334,0,-24,0,1 # cft deg6 r=0
25492401,0,27264600,0,340524,0,-7339572,0,2083374,0,-209904,0,225202,0,-32076,0,6629,0,-1652,0,-42,0,16,0,1 # cft deg6 r=0
15533,5096,-7349,13056,30420,-46308,35603,-45132,33361,-10360,29296,-21002,34330,-20182,14881,-5444,2866,-1120,793,-440,256,-110,38,-8,1 # cft deg6 r=0
200,-2280,13892,-53408,137748,-241558,270257,-130638,-127595,302210,-248368,49004,98981,-110404,49267,-402,-13155,8702,-2757,72,402,-226,68,-12,1 # cft deg6 r=0
200,-1200,3524,-7616,13816,-19950,22849,-24720,33499,-54304,79700,-93162,88109,-72718,55095,-38116,24065,-14024,7323,-3250,1190,-350,78,-12,1 # cft deg6 r=0
12721,-61578,174918,-262942,267464,-90984,-83006,57516,510059,-1170632,1529208,-1375508,937297,-519648,256656,-113912,44020,-15130,4750,-1456,355,-68,26,0,1 # cft deg6 r=0
25897921,0,-87225460,0,132690606,0,-119794612,0,70514701,0,-27217460,0,6757322,0,-1028032,0,104166,0,-9320,0,804,0,-44,0,1 # cft deg6 r=0
257539,-283818,834109,-140086,863158,95414,822564,159008,522482,178800,252458,99514,101629,42946,29784,12790,6334,1878,1522,-124,317,-60,32,-4,1 # cft deg6 r=0
496849,-2317858,6513651,-12631048,20656184,-27985684,32854573,-32842730,28476096,-21370066,14160319,-8318008,4429184,-2132000,945675,-381344,142228,-47986,15037,-4220,1116,-254,54,-8,1 # cft deg6 r=0
9369,90036,387066,970910,1556072,1660100,1250558,806758,580669,408278,218851,101084,57957,33730,14185,4622,2142,1296,413,22,50,32,-2,0,1 # cft deg6 r=0
26306641,0,-25952740,0,29087364,0,-28552568,0,18381926,0,-7381884,0,2037146,0,-349012,0,40277,0,-4280,0,294,0,-8,0,1 # cft deg6 r=0
26306641,0,49546140,0,50895044,0,31017892,0,11760686,0,2912156,0,405426,0,23128,0,3157,0,-780,0,14,0,-8,0,1 # cft deg6 r=0
49597,-97036,-64998,198086,44216,-187340,30058,-72658,180805,-79954,34491,-68540,34569,-6494,12189,-6474,38,-896,649,54,26,-40,-2,0,1 # cft deg6 r=0
1767448,280904,4771976,823840,5775530,1593226,4606843,2197404,3165819,2048838,1911526,1260124,902559,537000,316389,164432,82037,37026,15579,5710,1804,454,90,12,1 # cft deg6 r=0
27050401,0,38383380,0,25195532,0,3528264,0,-877298,0,-833016,0,-165022,0,18444,0,17021,0,4404,0,614,0,36,0,1 # cft deg6 r=0
45426176,-133549824,213205248,-214679488,151175688,-73544736,24693371,-5845764,3023022,-3255622,2701325,-1450582,510384,-55700,-50024,40154,-13402,1272,1888,-1344,611,-190,48,-8,1 # cft deg6 r=0
307,-1674,5915,-14482,27568,-42796,57359,-70396,75375,-72626,66720,-55400,44056,-33554,22713,-14044,7870,-3858,1831,-950,500,-218,66,-12,1 # cft deg6 r=0
28569025,0,-21786220,0,5990772,0,-7949396,0,10338830,0,-6006532,0,1835362,0,-301800,0,25509,0,-1052,0,94,0,-16,0,1 # cft deg6 r=0
2707,-15786,104067,-75474,210108,-251124,239823,-144812,101827,20814,-39556,50816,-28368,16878,-11951,6532,-746,-2554,2935,-1910,876,-298,74,-12,1 # cft deg6 r=0
4928,-41856,386944,812160,105280,-2352896,-1622144,5734848,16950720,22341056,21046560,13841888,6498160,2142128,343776,-43584,-40572,-9960,1856,1664,496,116,16,4,1 # cft deg6 r=0
10277053,32284900,41977028,31148556,-2524848,30109452,96956980,52922144,29398882,10858260,7651960,-4337184,-1555894,230768,310280,-109044,51853,-6884,-264,908,-2,-32,20,-4,1 # cft deg6 r=0
19369,-63668,167828,-381636,632060,-831716,1005876,-842984,576542,-463240,219976,-101344,94798,-34528,37632,-34260,12297,-3320,408,396,-90,12,4,-4,1 # cft deg6 r=0
99553,-761920,5041744,-17046552,42523796,-45214052,36417680,-21185668,10121802,-1010536,-1457148,1341852,-435058,91060,64040,-43716,7945,5836,-1388,-304,214,56,4,4,1 # cft deg6 r=0
10399,34790,-85926,-153868,778462,-1263256,1017270,-271086,-199496,110334,160950,-258726,186785,-86586,28212,-7786,3320,-2348,1620,-910,417,-150,42,-8,1 # cft deg6 r=0
7225,0,-6120,0,26598,0,-36864,0,30245,0,-12492,0,4730,0,-2140,0,1230,0,-368,0,60,0,-4,0,1 # cft deg6 r=0
7225,0,6120,0,26598,0,36864,0,30245,0,12492,0,4730,0,2140,0,1230,0,368,0,60,0,4,0,1 # cft deg6 r=0
324019,-619638,-1275934,4623094,16706431,19962518,9166826,-3355666,-6293203,-2686868,324072,615116,31467,-141580,-23870,36178,18687,1110,-1352,-174,223,146,46,8,1 # cft deg6 r=0
6113,4504,93192,393468,783670,880620,524152,86072,-55827,33856,88840,36228,-21354,-27868,-10440,-148,406,-468,-152,196,236,124,40,8,1 # cft deg6 r=0
3584221,6274152,25684860,66913804,130063426,162946772,187185224,154101400,126668877,77778176,48568808,23583640,11554770,4412836,1720872,499232,159550,33748,9988,1620,600,92,36,4,1 # cft deg6 r=0
11225,138180,329560,-1785852,6551026,-491652,4681612,2406212,314289,291752,166896,33704,112418,65852,29636,10612,4142,1896,1612,936,444,152,44,8,1 # cft deg6 r=0
176704,1474688,5768448,12974080,16885504,8882496,-9484480,-23385088,-20796512,-6279872,6491488,10224224,7505344,3689888,1361552,423536,123556,29616,1776,-2456,-1120,-188,8,8,1 # cft deg6 r=0
1452025,-224130,3989422,-700358,5208561,-1139452,4252720,-1061200,2471997,-653288,1093994,-287116,391471,-108012,117116,-32570,26275,-7038,4646,-1256,647,-120,44,-4,1 # cft deg6 r=0
7225,0,-43350,0,115367,0,-179460,0,182281,0,-129214,0,67283,0,-26482,0,7745,0,-1608,0,235,0,-22,0,1 # cft deg6 r=0
7225,0,43350,0,115367,0,179460,0,182281,0,129214,0,67283,0,26482,0,7745,0,1608,0,235,0,22,0,1 # cft deg6 r=0
1849,1032,4480,-1982,39320,275212,449338,393018,571058,962498,1021794,724704,392763,162920,49492,13606,2996,1114,730,106,141,-32,14,-4,1 # cft deg6 r=0
19267633,-23935948,-30860744,40105528,40775968,-18123316,-29743388,-5520004,8660098,6157832,905284,-1376892,-1043074,-271488,82012,104684,50909,17216,6184,2664,1142,364,84,12,1 # cft deg6 r=0
7225,0,0,0,8666,0,0,0,5135,0,0,0,1740,0,0,0,311,0,0,0,26,0,0,0,1 # cft deg6 r=0
51085888,77774464,18452608,-42965760,-42882816,-7338304,13340864,7505792,-1933088,-3234816,-660320,732192,586528,132800,-43488,-37744,-6028,3472,2440,808,256,100,36,8,1 # cft deg6 r=0
38165,31964,112592,1771380,6077342,10870628,16050836,23715332,30784221,30426720,21520668,10211048,2553506,-337620,-590928,-235212,-30858,10520,4972,216,-328,-64,16,8,1 # cft deg6 r=0
163507,964574,2687944,-10585902,12771734,-10857238,16944118,-6469908,10060478,-3306046,3621950,-1216828,933129,-304570,182350,-53208,27198,-6788,2978,-658,249,-36,20,0,1 # cft deg6 r=0
7225,0,24990,0,32407,0,28672,0,31489,0,22370,0,9435,0,1142,0,-303,0,-164,0,-13,0,2,0,1 # cft deg6 r=0
7225,0,-24990,0,32407,0,-28672,0,31489,0,-22370,0,9435,0,-1142,0,-303,0,164,0,-13,0,-2,0,1 # cft deg6 r=0
11069,28440,23128,24602,59292,100388,224182,237674,221626,185002,85610,20456,-10713,-14376,-7608,-3178,400,130,546,-54,69,-40,6,-4,1 # cft deg6 r=0
260257,2444728,6728780,3790132,-5945286,-13588560,6332444,4375280,-2646679,-1459896,1890480,14816,-333454,257272,35260,-14096,18718,4552,1040,948,340,120,24,4,1 # cft deg6 r=0
7225,0,68680,0,67766,0,-440600,0,812029,0,-702836,0,344290,0,-84236,0,9818,0,-456,0,40,0,-12,0,1 # cft deg6 r=0
4706917,7280404,1641824,4066432,20993526,23382280,2896604,-13058252,-9283511,36612,2959048,1705628,481174,102492,25116,-4112,-6134,-3468,-2100,-556,44,64,28,8,1 # cft deg6 r=0
194263552,365148160,548247552,541524992,482266880,455993856,323684096,193120512,149347712,108606080,51045568,17299648,7315552,3470496,1088032,258720,97928,36688,7672,1280,412,124,32,8,1 # cft deg6 r=0
2194811,-5382914,9236078,-10596116,10906190,-9674576,8323070,-6327302,4555408,-2933642,1783770,-965438,514717,-266122,140044,-63554,28700,-13532,7412,-3294,1197,-302,66,-8,1 # cft deg6 r=0
40339969,158742714,307435274,371851104,318476012,212727522,128174132,76071082,43602236,21116848,8864428,3839588,1860925,625222,154840,74946,34086,1622,982,1132,35,0,32,-4,1 # cft deg6 r=0
29604481,0,-30143140,0,12667126,0,-3811872,0,5396637,0,1223920,0,803122,0,157576,0,37278,0,3996,0,484,0,20,0,1 # cft deg6 r=0
27425,0,-54850,0,126301,0,-141188,0,137030,0,-83360,0,40600,0,-16242,0,5557,0,-1182,0,135,0,2,0,1 # cft deg6 r=0
17140625,0,27425000,0,7531700,0,-10504190,0,-7997864,0,-987488,0,942087,0,476684,0,102360,0,12298,0,940,0,44,0,1 # cft deg6 r=0
27425,0,0,0,-72806,0,-46332,0,42583,0,60822,0,27600,0,5078,0,2323,0,1142,0,263,0,26,0,1 # cft deg6 r=0
27425,0,-109700,0,138546,0,-78020,0,35355,0,11898,0,2572,0,7022,0,2403,0,306,0,75,0,14,0,1 # cft deg6 r=0
17140625,0,-20294500,0,28049356,0,44675878,0,21913120,0,1951552,0,129223,0,-26292,0,17728,0,-2690,0,260,0,-24,0,1 # cft deg6 r=0
27425,0,54850,0,37409,0,-12360,0,-7460,0,9432,0,5222,0,-2114,0,800,0,-248,0,260,0,-28,0,1 # cft deg6 r=0
1478923,-4902312,7387074,-7798940,8369607,-10008286,10989160,-9898676,7339399,-4736106,2806330,-1523510,730383,-299482,92076,-6178,-14019,7718,8,-2228,1475,-534,120,-16,1 # cft deg6 r=0
107873,221090,119113,37048,127927,-72014,131970,112072,93326,-6364,1365,-3412,14318,-940,4105,-310,251,-800,53,90,56,-20,-6,0,1 # cft deg6 r=0
5545,0,-22180,0,66008,0,-91324,0,104900,0,-64558,0,71066,0,9408,0,19936,0,2244,0,1769,0,82,0,1 # cft deg6 r=0
83561571,601737156,1958817633,3781214410,4781225641,4143574000,2537663543,1189468882,555381772,333991040,199201485,83405170,17247668,-2083318,-2179600,-289060,167893,72658,7735,-1800,-659,-2,36,8,1 # cft deg6 r=0
5545,0,44360,0,153512,0,302210,0,383008,0,338464,0,218035,0,105936,0,40224,0,10634,0,1944,0,-56,0,1 # cft deg6 r=0
30747025,0,14128660,0,32059298,0,6227492,0,223695,0,-138200,0,690204,0,-95000,0,17407,0,-3388,0,226,0,-12,0,1 # cft deg6 r=0
57571,-234068,1223744,-4237918,10125658,-16986200,20263838,-17315754,10514371,-4427168,1251060,-250362,65964,-47346,46372,-33526,14075,-3012,386,-100,-47,56,-8,-4,1 # cft deg6 r=0
30924721,0,-1757276,0,24872004,0,8984776,0,2827726,0,1621316,0,86778,0,-33324,0,6957,0,1536,0,222,0,0,0,1 # cft deg6 r=0
14537,15506,101945,-181660,467136,-872170,1520363,-2255154,2752450,-2862742,2546633,-1996810,1414182,-913900,549047,-303052,152878,-69194,27611,-9564,2804,-674,126,-16,1 # cft deg6 r=0
32455809,0,-21124476,0,34388388,0,-26058024,0,12191886,0,-4532940,0,1378762,0,-314172,0,49981,0,-5376,0,366,0,-16,0,1 # cft deg6 r=0
32455809,0,-34045272,0,13908996,0,6044112,0,-5542146,0,92796,0,613282,0,-70000,0,-12371,0,1652,0,158,0,-28,0,1 # cft deg6 r=0
33097009,0,30433370,0,17561739,0,6267744,0,1625641,0,276238,0,19699,0,-2818,0,-1243,0,-100,0,15,0,6,0,1 # cft deg6 r=0
4790632,7609448,11338888,18912520,20521286,8942166,-4170139,-6067940,8073,3466772,1593536,-619838,-530479,-35532,142831,18232,-21201,-3066,3833,432,-224,-74,14,8,1 # cft deg6 r=0
223,-2742,17220,-64616,185302,-469026,993490,-1726762,2607936,-3372288,3436876,-2618220,1477627,-618138,197786,-58622,23064,-10342,3516,-576,-9,24,8,-4,1 # cft deg6 r=0
34492129,0,-47571300,0,21079652,0,-1718604,0,3212942,0,448364,0,-134878,0,42216,0,20197,0,3988,0,574,0,40,0,1 # cft deg6 r=0
134597,-4053648,34785774,-65538046,85456604,-94044302,90521414,-77735606,58695374,-39493988,23917452,-13279274,6853757,-3288444,1461830,-592762,218820,-72692,21986,-5952,1455,-302,56,-8,1 # cft deg6 r=0
5312088,-15375816,28907100,-40128856,46665566,-44239170,34174949,-20593394,9218745,-2350190,-211906,396402,93087,-335790,272959,-120636,27139,1502,-2563,190,458,-258,74,-12,1 # cft deg6 r=0
25698343,45884036,80556361,57015072,-683464,-34437020,-24608985,-5647680,5211795,5033774,2188696,421276,-76836,-90526,9263,9802,-894,-2972,-205,118,82,-28,-2,0,1 # cft deg6 r=0
45063,-39312,140073,-117160,213544,-161486,213903,-148676,152011,-92826,80572,-41160,31814,-13154,10899,-3260,3364,-848,855,-210,152,-36,20,-4,1 # cft deg6 r=0
10201,0,12379,0,11012,0,21227,0,25930,0,16225,0,6310,0,2225,0,830,0,241,0,48,0,8,0,1 # cft deg6 r=0
37368769,0,27863054,0,19701565,0,7762634,0,2351962,0,487104,0,87395,0,18838,0,4196,0,870,0,128,0,12,0,1 # cft deg6 r=0
37368769,0,-15881574,0,-11590681,0,6046880,0,2046801,0,-2179470,0,692551,0,-98190,0,1017,0,1528,0,-133,0,-6,0,1 # cft deg6 r=0
531359,343616,1949502,1553474,3376618,2500032,3427637,2144166,2194731,1090458,903019,301096,231781,29936,44395,-4792,10155,-2390,2163,-682,320,-88,28,-4,1 # cft deg6 r=0
13994569,-19698026,39610013,-36368014,41203414,-27898962,23182553,-12640676,8825153,-4217610,2629186,-1114918,610672,-226694,119695,-48908,29336,-13800,7099,-2708,976,-250,58,-8,1 # cft deg6 r=0
37466641,0,91104964,0,96866006,0,52651020,0,13868741,0,388936,0,-652542,0,-118724,0,4102,0,1976,0,84,0,-8,0,1 # cft deg6 r=0
38850289,0,-53616266,0,19656007,0,-4186920,0,4924285,0,-1561494,0,18555,0,52382,0,3129,0,-772,0,-13,0,14,0,1 # cft deg6 r=0
